{
  "type": "FeatureCollection",
  "features": [
    {
      "type": "Feature",
      "properties": {
        "poi_id": "SNT_415_P0001",
        "route_id": "SNT_415",
        "source_post_id": 415,
        "name": "瀬戸内海国立公園",
        "kind": "tourism_spot",
        "content_id": "SNT_415_S001"
      },
      "geometry": {
        "type": "Point",
        "coordinates": [
          134.6401897,
          34.236164
        ]
      },
      "tippecanoe": {
        "minzoom": 10
      }
    },
    {
      "type": "Feature",
      "properties": {
        "poi_id": "SNT_415_P0002",
        "route_id": "SNT_415",
        "source_post_id": 415,
        "name": "名勝「鳴門」碑",
        "kind": "kml_poi",
        "content_id": null
      },
      "geometry": {
        "type": "Point",
        "coordinates": [
          134.6423405,
          34.2369451
        ]
      },
      "tippecanoe": {
        "minzoom": 10
      }
    },
    {
      "type": "Feature",
      "properties": {
        "poi_id": "SNT_415_P0003",
        "route_id": "SNT_415",
        "source_post_id": 415,
        "name": "鳴門の渦潮",
        "kind": "tourism_spot",
        "content_id": "SNT_415_S003"
      },
      "geometry": {
        "type": "Point",
        "coordinates": [
          134.6572762,
          34.2380131
        ]
      },
      "tippecanoe": {
        "minzoom": 10
      }
    },
    {
      "type": "Feature",
      "properties": {
        "poi_id": "SNT_415_P0004",
        "route_id": "SNT_415",
        "source_post_id": 415,
        "name": "大鳴門橋",
        "kind": "tourism_spot",
        "content_id": "SNT_415_S004"
      },
      "geometry": {
        "type": "Point",
        "coordinates": [
          134.655301,
          34.239989
        ]
      },
      "tippecanoe": {
        "minzoom": 10
      }
    },
    {
      "type": "Feature",
      "properties": {
        "poi_id": "SNT_415_P0005",
        "route_id": "SNT_415",
        "source_post_id": 415,
        "name": "飛島のイブキ群落",
        "kind": "kml_poi",
        "content_id": null
      },
      "geometry": {
        "type": "Point",
        "coordinates": [
          134.6464295,
          34.2331657
        ]
      },
      "tippecanoe": {
        "minzoom": 10
      }
    },
    {
      "type": "Feature",
      "properties": {
        "poi_id": "SNT_415_P0006",
        "route_id": "SNT_415",
        "source_post_id": 415,
        "name": "大鳴門橋遊歩道 渦の道",
        "kind": "tourism_spot",
        "content_id": "SNT_415_S006"
      },
      "geometry": {
        "type": "Point",
        "coordinates": [
          134.6419817,
          34.23617
        ]
      },
      "tippecanoe": {
        "minzoom": 10
      }
    },
    {
      "type": "Feature",
      "properties": {
        "poi_id": "SNT_415_P0007",
        "route_id": "SNT_415",
        "source_post_id": 415,
        "name": "大鳴門橋架橋記念館 エディ",
        "kind": "tourism_spot",
        "content_id": "SNT_415_S007"
      },
      "geometry": {
        "type": "Point",
        "coordinates": [
          134.6401672,
          34.2348747
        ]
      },
      "tippecanoe": {
        "minzoom": 10
      }
    },
    {
      "type": "Feature",
      "properties": {
        "poi_id": "SNT_415_P0008",
        "route_id": "SNT_415",
        "source_post_id": 415,
        "name": "ウチノ海",
        "kind": "tourism_spot",
        "content_id": "SNT_415_S008"
      },
      "geometry": {
        "type": "Point",
        "coordinates": [
          134.6075006,
          34.2214031
        ]
      },
      "tippecanoe": {
        "minzoom": 10
      }
    },
    {
      "type": "Feature",
      "properties": {
        "poi_id": "SNT_415_P0009",
        "route_id": "SNT_415",
        "source_post_id": 415,
        "name": "鳴門スカイライン",
        "kind": "tourism_spot",
        "content_id": "SNT_415_S009"
      },
      "geometry": {
        "type": "Point",
        "coordinates": [
          134.6003341,
          34.2295226
        ]
      },
      "tippecanoe": {
        "minzoom": 10
      }
    },
    {
      "type": "Feature",
      "properties": {
        "poi_id": "SNT_3161_P0001",
        "route_id": "SNT_3161",
        "source_post_id": 3161,
        "name": "撮影ポイント",
        "kind": "kml_poi",
        "content_id": null
      },
      "geometry": {
        "type": "Point",
        "coordinates": [
          134.499836,
          34.183492
        ]
      },
      "tippecanoe": {
        "minzoom": 10
      }
    },
    {
      "type": "Feature",
      "properties": {
        "poi_id": "SNT_3161_P0002",
        "route_id": "SNT_3161",
        "source_post_id": 3161,
        "name": "霊山寺",
        "kind": "tourism_spot",
        "content_id": "SNT_3161_S001"
      },
      "geometry": {
        "type": "Point",
        "coordinates": [
          134.5022589,
          34.1593309
        ]
      },
      "tippecanoe": {
        "minzoom": 10
      }
    },
    {
      "type": "Feature",
      "properties": {
        "poi_id": "SNT_3161_P0003",
        "route_id": "SNT_3161",
        "source_post_id": 3161,
        "name": "大麻比古神社",
        "kind": "tourism_spot",
        "content_id": "SNT_3161_S002"
      },
      "geometry": {
        "type": "Point",
        "coordinates": [
          134.5025864,
          34.1707752
        ]
      },
      "tippecanoe": {
        "minzoom": 10
      }
    },
    {
      "type": "Feature",
      "properties": {
        "poi_id": "SNT_3161_P0004",
        "route_id": "SNT_3161",
        "source_post_id": 3161,
        "name": "ドイツ橋",
        "kind": "tourism_spot",
        "content_id": "SNT_3161_S003"
      },
      "geometry": {
        "type": "Point",
        "coordinates": [
          134.5019488,
          34.171663
        ]
      },
      "tippecanoe": {
        "minzoom": 10
      }
    },
    {
      "type": "Feature",
      "properties": {
        "poi_id": "SNT_3161_P0005",
        "route_id": "SNT_3161",
        "source_post_id": 3161,
        "name": "ドイツ館",
        "kind": "tourism_spot",
        "content_id": "SNT_3161_S004"
      },
      "geometry": {
        "type": "Point",
        "coordinates": [
          134.4990392,
          34.164767
        ]
      },
      "tippecanoe": {
        "minzoom": 10
      }
    },
    {
      "type": "Feature",
      "properties": {
        "poi_id": "SNT_1079_P0001",
        "route_id": "SNT_1079",
        "source_post_id": 1079,
        "name": "阿波神社",
        "kind": "tourism_spot",
        "content_id": "SNT_1079_S003"
      },
      "geometry": {
        "type": "Point",
        "coordinates": [
          134.534744,
          34.159155
        ]
      },
      "tippecanoe": {
        "minzoom": 10
      }
    },
    {
      "type": "Feature",
      "properties": {
        "poi_id": "SNT_1079_P0002",
        "route_id": "SNT_1079",
        "source_post_id": 1079,
        "name": "極楽寺",
        "kind": "tourism_spot",
        "content_id": "SNT_1079_S007"
      },
      "geometry": {
        "type": "Point",
        "coordinates": [
          134.4903833,
          34.1556766
        ]
      },
      "tippecanoe": {
        "minzoom": 10
      }
    },
    {
      "type": "Feature",
      "properties": {
        "poi_id": "SNT_1079_P0003",
        "route_id": "SNT_1079",
        "source_post_id": 1079,
        "name": "金泉寺",
        "kind": "tourism_spot",
        "content_id": "SNT_1079_S008"
      },
      "geometry": {
        "type": "Point",
        "coordinates": [
          134.4685011,
          34.1473761
        ]
      },
      "tippecanoe": {
        "minzoom": 10
      }
    },
    {
      "type": "Feature",
      "properties": {
        "poi_id": "SNT_1079_P0004",
        "route_id": "SNT_1079",
        "source_post_id": 1079,
        "name": "大谷焼",
        "kind": "tourism_spot",
        "content_id": "SNT_1079_S001"
      },
      "geometry": {
        "type": "Point",
        "coordinates": [
          134.5400053,
          34.1618897
        ]
      },
      "tippecanoe": {
        "minzoom": 10
      }
    },
    {
      "type": "Feature",
      "properties": {
        "poi_id": "SNT_1079_P0005",
        "route_id": "SNT_1079",
        "source_post_id": 1079,
        "name": "土御門天皇火葬塚",
        "kind": "kml_poi",
        "content_id": null
      },
      "geometry": {
        "type": "Point",
        "coordinates": [
          134.5345097,
          34.1577178
        ]
      },
      "tippecanoe": {
        "minzoom": 10
      }
    },
    {
      "type": "Feature",
      "properties": {
        "poi_id": "SNT_1079_P0006",
        "route_id": "SNT_1079",
        "source_post_id": 1079,
        "name": "東林院",
        "kind": "tourism_spot",
        "content_id": "SNT_1079_S002"
      },
      "geometry": {
        "type": "Point",
        "coordinates": [
          134.536102,
          34.161391
        ]
      },
      "tippecanoe": {
        "minzoom": 10
      }
    },
    {
      "type": "Feature",
      "properties": {
        "poi_id": "SNT_1079_P0007",
        "route_id": "SNT_1079",
        "source_post_id": 1079,
        "name": "霊山寺",
        "kind": "tourism_spot",
        "content_id": "SNT_1079_S006"
      },
      "geometry": {
        "type": "Point",
        "coordinates": [
          134.5025055,
          34.1593679
        ]
      },
      "tippecanoe": {
        "minzoom": 10
      }
    },
    {
      "type": "Feature",
      "properties": {
        "poi_id": "SNT_1101_P0001",
        "route_id": "SNT_1101",
        "source_post_id": 1101,
        "name": "蔵佐谷の瓦経塚",
        "kind": "tourism_spot",
        "content_id": "SNT_1101_S002"
      },
      "geometry": {
        "type": "Point",
        "coordinates": [
          134.4507747,
          34.1549099
        ]
      },
      "tippecanoe": {
        "minzoom": 10
      }
    },
    {
      "type": "Feature",
      "properties": {
        "poi_id": "SNT_1101_P0002",
        "route_id": "SNT_1101",
        "source_post_id": 1101,
        "name": "大坂峠展望台",
        "kind": "tourism_spot",
        "content_id": "SNT_1101_S005"
      },
      "geometry": {
        "type": "Point",
        "coordinates": [
          134.4389473,
          34.1911173
        ]
      },
      "tippecanoe": {
        "minzoom": 10
      }
    },
    {
      "type": "Feature",
      "properties": {
        "poi_id": "SNT_1101_P0003",
        "route_id": "SNT_1101",
        "source_post_id": 1101,
        "name": "大坂口御番所跡",
        "kind": "tourism_spot",
        "content_id": "SNT_1101_S004"
      },
      "geometry": {
        "type": "Point",
        "coordinates": [
          134.4525218,
          34.1888405
        ]
      },
      "tippecanoe": {
        "minzoom": 10
      }
    },
    {
      "type": "Feature",
      "properties": {
        "poi_id": "SNT_1101_P0004",
        "route_id": "SNT_1101",
        "source_post_id": 1101,
        "name": "板野町歴史文化公園",
        "kind": "tourism_spot",
        "content_id": "SNT_1101_S003"
      },
      "geometry": {
        "type": "Point",
        "coordinates": [
          134.4528763,
          34.145961
        ]
      },
      "tippecanoe": {
        "minzoom": 10
      }
    },
    {
      "type": "Feature",
      "properties": {
        "poi_id": "SNT_1101_P0005",
        "route_id": "SNT_1101",
        "source_post_id": 1101,
        "name": "四国のみち最終地点",
        "kind": "tourism_spot",
        "content_id": "SNT_1101_S001"
      },
      "geometry": {
        "type": "Point",
        "coordinates": [
          134.4503876,
          34.1418045
        ]
      },
      "tippecanoe": {
        "minzoom": 10
      }
    },
    {
      "type": "Feature",
      "properties": {
        "poi_id": "SNT_4892_P0001",
        "route_id": "SNT_4892",
        "source_post_id": 4892,
        "name": "愛染院",
        "kind": "tourism_spot",
        "content_id": "SNT_4892_S001"
      },
      "geometry": {
        "type": "Point",
        "coordinates": [
          134.4392916,
          34.1397353
        ]
      },
      "tippecanoe": {
        "minzoom": 10
      }
    },
    {
      "type": "Feature",
      "properties": {
        "poi_id": "SNT_4892_P0002",
        "route_id": "SNT_4892",
        "source_post_id": 4892,
        "name": "大日寺",
        "kind": "tourism_spot",
        "content_id": "SNT_4892_S002"
      },
      "geometry": {
        "type": "Point",
        "coordinates": [
          134.4308804,
          34.1514489
        ]
      },
      "tippecanoe": {
        "minzoom": 10
      }
    },
    {
      "type": "Feature",
      "properties": {
        "poi_id": "SNT_4892_P0003",
        "route_id": "SNT_4892",
        "source_post_id": 4892,
        "name": "技の館",
        "kind": "tourism_spot",
        "content_id": "SNT_4892_S004"
      },
      "geometry": {
        "type": "Point",
        "coordinates": [
          134.3972559,
          34.1321266
        ]
      },
      "tippecanoe": {
        "minzoom": 10
      }
    },
    {
      "type": "Feature",
      "properties": {
        "poi_id": "SNT_4892_P0004",
        "route_id": "SNT_4892",
        "source_post_id": 4892,
        "name": "五百羅漢・地蔵寺",
        "kind": "tourism_spot",
        "content_id": "SNT_4892_S003"
      },
      "geometry": {
        "type": "Point",
        "coordinates": [
          134.431415,
          34.1383013
        ]
      },
      "tippecanoe": {
        "minzoom": 10
      }
    },
    {
      "type": "Feature",
      "properties": {
        "poi_id": "SNT_2063_P0001",
        "route_id": "SNT_2063",
        "source_post_id": 2063,
        "name": "宮川ぶどう園",
        "kind": "kml_poi",
        "content_id": null
      },
      "geometry": {
        "type": "Point",
        "coordinates": [
          134.3513508,
          34.1308028
        ]
      },
      "tippecanoe": {
        "minzoom": 10
      }
    },
    {
      "type": "Feature",
      "properties": {
        "poi_id": "SNT_2063_P0002",
        "route_id": "SNT_2063",
        "source_post_id": 2063,
        "name": "安楽寺(第6番札所)",
        "kind": "kml_poi",
        "content_id": null
      },
      "geometry": {
        "type": "Point",
        "coordinates": [
          134.3883122,
          34.1180403
        ]
      },
      "tippecanoe": {
        "minzoom": 10
      }
    },
    {
      "type": "Feature",
      "properties": {
        "poi_id": "SNT_2063_P0003",
        "route_id": "SNT_2063",
        "source_post_id": 2063,
        "name": "宮川内ダム",
        "kind": "kml_poi",
        "content_id": null
      },
      "geometry": {
        "type": "Point",
        "coordinates": [
          134.3548763,
          34.1476265
        ]
      },
      "tippecanoe": {
        "minzoom": 10
      }
    },
    {
      "type": "Feature",
      "properties": {
        "poi_id": "SNT_2063_P0004",
        "route_id": "SNT_2063",
        "source_post_id": 2063,
        "name": "御所たらいうどん",
        "kind": "tourism_spot",
        "content_id": "SNT_2063_S007"
      },
      "geometry": {
        "type": "Point",
        "coordinates": [
          134.355127,
          34.154008
        ]
      },
      "tippecanoe": {
        "minzoom": 10
      }
    },
    {
      "type": "Feature",
      "properties": {
        "poi_id": "SNT_2063_P0005",
        "route_id": "SNT_2063",
        "source_post_id": 2063,
        "name": "奥宮川内谷県立自然公園",
        "kind": "tourism_spot",
        "content_id": "SNT_2063_S004"
      },
      "geometry": {
        "type": "Point",
        "coordinates": [
          134.3531166,
          34.1502759
        ]
      },
      "tippecanoe": {
        "minzoom": 10
      }
    },
    {
      "type": "Feature",
      "properties": {
        "poi_id": "SNT_2063_P0006",
        "route_id": "SNT_2063",
        "source_post_id": 2063,
        "name": "十楽寺(第7番札所)",
        "kind": "kml_poi",
        "content_id": null
      },
      "geometry": {
        "type": "Point",
        "coordinates": [
          134.3780175,
          34.120721
        ]
      },
      "tippecanoe": {
        "minzoom": 10
      }
    },
    {
      "type": "Feature",
      "properties": {
        "poi_id": "SNT_2063_P0007",
        "route_id": "SNT_2063",
        "source_post_id": 2063,
        "name": "道の駅 どなり",
        "kind": "tourism_spot",
        "content_id": "SNT_2063_S006"
      },
      "geometry": {
        "type": "Point",
        "coordinates": [
          134.3524358,
          34.1509438
        ]
      },
      "tippecanoe": {
        "minzoom": 10
      }
    },
    {
      "type": "Feature",
      "properties": {
        "poi_id": "SNT_5602_P0001",
        "route_id": "SNT_5602",
        "source_post_id": 5602,
        "name": "おもてなし公園",
        "kind": "tourism_spot",
        "content_id": "SNT_5602_S001"
      },
      "geometry": {
        "type": "Point",
        "coordinates": [
          134.3479453,
          34.1176703
        ]
      },
      "tippecanoe": {
        "minzoom": 10
      }
    },
    {
      "type": "Feature",
      "properties": {
        "poi_id": "SNT_5602_P0002",
        "route_id": "SNT_5602",
        "source_post_id": 5602,
        "name": "熊谷寺",
        "kind": "tourism_spot",
        "content_id": "SNT_5602_S002"
      },
      "geometry": {
        "type": "Point",
        "coordinates": [
          134.340022901503,
          34.1209192507296
        ]
      },
      "tippecanoe": {
        "minzoom": 10
      }
    },
    {
      "type": "Feature",
      "properties": {
        "poi_id": "SNT_5602_P0003",
        "route_id": "SNT_5602",
        "source_post_id": 5602,
        "name": "法輪寺",
        "kind": "tourism_spot",
        "content_id": "SNT_5602_S003"
      },
      "geometry": {
        "type": "Point",
        "coordinates": [
          134.333828826447,
          34.1042471024119
        ]
      },
      "tippecanoe": {
        "minzoom": 10
      }
    },
    {
      "type": "Feature",
      "properties": {
        "poi_id": "SNT_5602_P0004",
        "route_id": "SNT_5602",
        "source_post_id": 5602,
        "name": "切幡寺",
        "kind": "tourism_spot",
        "content_id": "SNT_5602_S004"
      },
      "geometry": {
        "type": "Point",
        "coordinates": [
          134.3041058,
          34.1076288
        ]
      },
      "tippecanoe": {
        "minzoom": 10
      }
    },
    {
      "type": "Feature",
      "properties": {
        "poi_id": "SNT_442_P0001",
        "route_id": "SNT_442",
        "source_post_id": 442,
        "name": "切幡寺",
        "kind": "tourism_spot",
        "content_id": "SNT_442_S001"
      },
      "geometry": {
        "type": "Point",
        "coordinates": [
          134.3040917,
          34.1076083
        ]
      },
      "tippecanoe": {
        "minzoom": 10
      }
    },
    {
      "type": "Feature",
      "properties": {
        "poi_id": "SNT_442_P0002",
        "route_id": "SNT_442",
        "source_post_id": 442,
        "name": "善入寺島（粟島）",
        "kind": "tourism_spot",
        "content_id": "SNT_442_S002"
      },
      "geometry": {
        "type": "Point",
        "coordinates": [
          134.3201372,
          34.0784806
        ]
      },
      "tippecanoe": {
        "minzoom": 10
      }
    },
    {
      "type": "Feature",
      "properties": {
        "poi_id": "SNT_442_P0003",
        "route_id": "SNT_442",
        "source_post_id": 442,
        "name": "川島城(阿波九城)跡",
        "kind": "kml_poi",
        "content_id": null
      },
      "geometry": {
        "type": "Point",
        "coordinates": [
          134.3203061,
          34.0660254
        ]
      },
      "tippecanoe": {
        "minzoom": 10
      }
    },
    {
      "type": "Feature",
      "properties": {
        "poi_id": "SNT_442_P0004",
        "route_id": "SNT_442",
        "source_post_id": 442,
        "name": "四国霊場第１１番札所 金剛山 一乗院 藤井寺",
        "kind": "kml_poi",
        "content_id": null
      },
      "geometry": {
        "type": "Point",
        "coordinates": [
          134.3485025,
          34.0516613
        ]
      },
      "tippecanoe": {
        "minzoom": 10
      }
    },
    {
      "type": "Feature",
      "properties": {
        "poi_id": "SNT_3805_P0001",
        "route_id": "SNT_3805",
        "source_post_id": 3805,
        "name": "柳水庵",
        "kind": "tourism_spot",
        "content_id": "SNT_3805_S001"
      },
      "geometry": {
        "type": "Point",
        "coordinates": [
          134.330591,
          34.016184
        ]
      },
      "tippecanoe": {
        "minzoom": 10
      }
    },
    {
      "type": "Feature",
      "properties": {
        "poi_id": "SNT_3805_P0002",
        "route_id": "SNT_3805",
        "source_post_id": 3805,
        "name": "一本杉",
        "kind": "kml_poi",
        "content_id": null
      },
      "geometry": {
        "type": "Point",
        "coordinates": [
          134.3252396,
          34.0028568
        ]
      },
      "tippecanoe": {
        "minzoom": 10
      }
    },
    {
      "type": "Feature",
      "properties": {
        "poi_id": "SNT_3805_P0003",
        "route_id": "SNT_3805",
        "source_post_id": 3805,
        "name": "焼山寺",
        "kind": "tourism_spot",
        "content_id": "SNT_3805_S003"
      },
      "geometry": {
        "type": "Point",
        "coordinates": [
          134.3104158,
          33.9848153
        ]
      },
      "tippecanoe": {
        "minzoom": 10
      }
    },
    {
      "type": "Feature",
      "properties": {
        "poi_id": "SNT_3805_P0004",
        "route_id": "SNT_3805",
        "source_post_id": 3805,
        "name": "衛門三郎杖杉庵",
        "kind": "tourism_spot",
        "content_id": "SNT_3805_S004"
      },
      "geometry": {
        "type": "Point",
        "coordinates": [
          134.3198219,
          33.9839919
        ]
      },
      "tippecanoe": {
        "minzoom": 10
      }
    },
    {
      "type": "Feature",
      "properties": {
        "poi_id": "SNT_5608_P0001",
        "route_id": "SNT_5608",
        "source_post_id": 5608,
        "name": "雨乞の滝",
        "kind": "tourism_spot",
        "content_id": "SNT_5608_S001"
      },
      "geometry": {
        "type": "Point",
        "coordinates": [
          134.335491925776,
          33.9503432313306
        ]
      },
      "tippecanoe": {
        "minzoom": 10
      }
    },
    {
      "type": "Feature",
      "properties": {
        "poi_id": "SNT_5608_P0002",
        "route_id": "SNT_5608",
        "source_post_id": 5608,
        "name": "悲願寺",
        "kind": "tourism_spot",
        "content_id": "SNT_5608_S002"
      },
      "geometry": {
        "type": "Point",
        "coordinates": [
          134.328044133775,
          33.9473677553232
        ]
      },
      "tippecanoe": {
        "minzoom": 10
      }
    },
    {
      "type": "Feature",
      "properties": {
        "poi_id": "SNT_5608_P0003",
        "route_id": "SNT_5608",
        "source_post_id": 5608,
        "name": "柴小屋休憩所",
        "kind": "tourism_spot",
        "content_id": "SNT_5608_S003"
      },
      "geometry": {
        "type": "Point",
        "coordinates": [
          134.336688952315,
          33.9300346070497
        ]
      },
      "tippecanoe": {
        "minzoom": 10
      }
    },
    {
      "type": "Feature",
      "properties": {
        "poi_id": "SNT_5608_P0004",
        "route_id": "SNT_5608",
        "source_post_id": 5608,
        "name": "大川原高原",
        "kind": "tourism_spot",
        "content_id": "SNT_5608_S004"
      },
      "geometry": {
        "type": "Point",
        "coordinates": [
          134.414655412992,
          33.9546645381563
        ]
      },
      "tippecanoe": {
        "minzoom": 10
      }
    },
    {
      "type": "Feature",
      "properties": {
        "poi_id": "SNT_4949_P0001",
        "route_id": "SNT_4949",
        "source_post_id": 4949,
        "name": "天岩戸別神社",
        "kind": "kml_poi",
        "content_id": null
      },
      "geometry": {
        "type": "Point",
        "coordinates": [
          134.4206846,
          33.9741859
        ]
      },
      "tippecanoe": {
        "minzoom": 10
      }
    },
    {
      "type": "Feature",
      "properties": {
        "poi_id": "SNT_4949_P0002",
        "route_id": "SNT_4949",
        "source_post_id": 4949,
        "name": "徳円寺",
        "kind": "tourism_spot",
        "content_id": "SNT_4949_S002"
      },
      "geometry": {
        "type": "Point",
        "coordinates": [
          134.4568662,
          33.9571028
        ]
      },
      "tippecanoe": {
        "minzoom": 10
      }
    },
    {
      "type": "Feature",
      "properties": {
        "poi_id": "SNT_4949_P0003",
        "route_id": "SNT_4949",
        "source_post_id": 4949,
        "name": "嵯峨峡",
        "kind": "kml_poi",
        "content_id": null
      },
      "geometry": {
        "type": "Point",
        "coordinates": [
          134.4578281,
          33.9735041
        ]
      },
      "tippecanoe": {
        "minzoom": 10
      }
    },
    {
      "type": "Feature",
      "properties": {
        "poi_id": "SNT_4949_P0004",
        "route_id": "SNT_4949",
        "source_post_id": 4949,
        "name": "嵯峨天一神社",
        "kind": "kml_poi",
        "content_id": null
      },
      "geometry": {
        "type": "Point",
        "coordinates": [
          134.4582004,
          33.9832655
        ]
      },
      "tippecanoe": {
        "minzoom": 10
      }
    },
    {
      "type": "Feature",
      "properties": {
        "poi_id": "SNT_1496_P0001",
        "route_id": "SNT_1496",
        "source_post_id": 1496,
        "name": "犬飼の農村舞台",
        "kind": "tourism_spot",
        "content_id": "SNT_1496_S006"
      },
      "geometry": {
        "type": "Point",
        "coordinates": [
          134.4999364,
          33.9855993
        ]
      },
      "tippecanoe": {
        "minzoom": 10
      }
    },
    {
      "type": "Feature",
      "properties": {
        "poi_id": "SNT_1496_P0002",
        "route_id": "SNT_1496",
        "source_post_id": 1496,
        "name": "杖立権現越",
        "kind": "tourism_spot",
        "content_id": "SNT_1496_S003"
      },
      "geometry": {
        "type": "Point",
        "coordinates": [
          134.4628271,
          33.9512835
        ]
      },
      "tippecanoe": {
        "minzoom": 10
      }
    },
    {
      "type": "Feature",
      "properties": {
        "poi_id": "SNT_1496_P0003",
        "route_id": "SNT_1496",
        "source_post_id": 1496,
        "name": "徳円寺（とくえんじ）のシャクナゲ",
        "kind": "kml_poi",
        "content_id": null
      },
      "geometry": {
        "type": "Point",
        "coordinates": [
          134.4568331,
          33.9571699
        ]
      },
      "tippecanoe": {
        "minzoom": 10
      }
    },
    {
      "type": "Feature",
      "properties": {
        "poi_id": "SNT_1496_P0004",
        "route_id": "SNT_1496",
        "source_post_id": 1496,
        "name": "婆羅尾峠（ばらおとうげ）",
        "kind": "kml_poi",
        "content_id": null
      },
      "geometry": {
        "type": "Point",
        "coordinates": [
          134.4964997,
          33.9694456
        ]
      },
      "tippecanoe": {
        "minzoom": 10
      }
    },
    {
      "type": "Feature",
      "properties": {
        "poi_id": "SNT_1496_P0005",
        "route_id": "SNT_1496",
        "source_post_id": 1496,
        "name": "八多五滝",
        "kind": "tourism_spot",
        "content_id": "SNT_1496_S005"
      },
      "geometry": {
        "type": "Point",
        "coordinates": [
          134.500678,
          33.9740763
        ]
      },
      "tippecanoe": {
        "minzoom": 10
      }
    },
    {
      "type": "Feature",
      "properties": {
        "poi_id": "SNT_1496_P0006",
        "route_id": "SNT_1496",
        "source_post_id": 1496,
        "name": "嵯峨峡",
        "kind": "tourism_spot",
        "content_id": "SNT_1496_S001"
      },
      "geometry": {
        "type": "Point",
        "coordinates": [
          134.4588145,
          33.9785069
        ]
      },
      "tippecanoe": {
        "minzoom": 10
      }
    },
    {
      "type": "Feature",
      "properties": {
        "poi_id": "SNT_3166_P0001",
        "route_id": "SNT_3166",
        "source_post_id": 3166,
        "name": "撮影ポイント",
        "kind": "kml_poi",
        "content_id": null
      },
      "geometry": {
        "type": "Point",
        "coordinates": [
          134.5096292,
          33.9622937
        ]
      },
      "tippecanoe": {
        "minzoom": 10
      }
    },
    {
      "type": "Feature",
      "properties": {
        "poi_id": "SNT_3166_P0002",
        "route_id": "SNT_3166",
        "source_post_id": 3166,
        "name": "中津峰山",
        "kind": "tourism_spot",
        "content_id": "SNT_3166_S001"
      },
      "geometry": {
        "type": "Point",
        "coordinates": [
          134.5095102,
          33.9623441
        ]
      },
      "tippecanoe": {
        "minzoom": 10
      }
    },
    {
      "type": "Feature",
      "properties": {
        "poi_id": "SNT_3166_P0003",
        "route_id": "SNT_3166",
        "source_post_id": 3166,
        "name": "中津峰森林公園",
        "kind": "tourism_spot",
        "content_id": "SNT_3166_S002"
      },
      "geometry": {
        "type": "Point",
        "coordinates": [
          134.5045034,
          33.9655823
        ]
      },
      "tippecanoe": {
        "minzoom": 10
      }
    },
    {
      "type": "Feature",
      "properties": {
        "poi_id": "SNT_3166_P0004",
        "route_id": "SNT_3166",
        "source_post_id": 3166,
        "name": "中津峰山如意輪寺",
        "kind": "tourism_spot",
        "content_id": "SNT_3166_S003"
      },
      "geometry": {
        "type": "Point",
        "coordinates": [
          134.5161627,
          33.970878
        ]
      },
      "tippecanoe": {
        "minzoom": 10
      }
    },
    {
      "type": "Feature",
      "properties": {
        "poi_id": "SNT_3166_P0005",
        "route_id": "SNT_3166",
        "source_post_id": 3166,
        "name": "犬飼の農村舞台",
        "kind": "tourism_spot",
        "content_id": "SNT_3166_S004"
      },
      "geometry": {
        "type": "Point",
        "coordinates": [
          134.500154,
          33.9858436
        ]
      },
      "tippecanoe": {
        "minzoom": 10
      }
    },
    {
      "type": "Feature",
      "properties": {
        "poi_id": "SNT_3166_P0006",
        "route_id": "SNT_3166",
        "source_post_id": 3166,
        "name": "星の岩屋",
        "kind": "tourism_spot",
        "content_id": "SNT_3166_S005"
      },
      "geometry": {
        "type": "Point",
        "coordinates": [
          134.5147886,
          33.9487555
        ]
      },
      "tippecanoe": {
        "minzoom": 10
      }
    },
    {
      "type": "Feature",
      "properties": {
        "poi_id": "SNT_3166_P0007",
        "route_id": "SNT_3166",
        "source_post_id": 3166,
        "name": "八多五滝",
        "kind": "tourism_spot",
        "content_id": "SNT_3166_S006"
      },
      "geometry": {
        "type": "Point",
        "coordinates": [
          134.5006771,
          33.9740705
        ]
      },
      "tippecanoe": {
        "minzoom": 10
      }
    },
    {
      "type": "Feature",
      "properties": {
        "poi_id": "SNT_1123_P0001",
        "route_id": "SNT_1123",
        "source_post_id": 1123,
        "name": "生名",
        "kind": "tourism_spot",
        "content_id": "SNT_1123_S001"
      },
      "geometry": {
        "type": "Point",
        "coordinates": [
          134.5195802,
          33.9225414
        ]
      },
      "tippecanoe": {
        "minzoom": 10
      }
    },
    {
      "type": "Feature",
      "properties": {
        "poi_id": "SNT_1123_P0002",
        "route_id": "SNT_1123",
        "source_post_id": 1123,
        "name": "水呑大師",
        "kind": "kml_poi",
        "content_id": null
      },
      "geometry": {
        "type": "Point",
        "coordinates": [
          134.5157856,
          33.9198061
        ]
      },
      "tippecanoe": {
        "minzoom": 10
      }
    },
    {
      "type": "Feature",
      "properties": {
        "poi_id": "SNT_1123_P0003",
        "route_id": "SNT_1123",
        "source_post_id": 1123,
        "name": "鶴林寺",
        "kind": "kml_poi",
        "content_id": null
      },
      "geometry": {
        "type": "Point",
        "coordinates": [
          134.5057091,
          33.9138587
        ]
      },
      "tippecanoe": {
        "minzoom": 10
      }
    },
    {
      "type": "Feature",
      "properties": {
        "poi_id": "SNT_1123_P0004",
        "route_id": "SNT_1123",
        "source_post_id": 1123,
        "name": "鶴林寺の丁石",
        "kind": "tourism_spot",
        "content_id": "SNT_1123_S004"
      },
      "geometry": {
        "type": "Point",
        "coordinates": [
          134.5057091,
          33.9138587
        ]
      },
      "tippecanoe": {
        "minzoom": 10
      }
    },
    {
      "type": "Feature",
      "properties": {
        "poi_id": "SNT_1123_P0005",
        "route_id": "SNT_1123",
        "source_post_id": 1123,
        "name": "鶴林寺三重塔",
        "kind": "tourism_spot",
        "content_id": "SNT_1123_S005"
      },
      "geometry": {
        "type": "Point",
        "coordinates": [
          134.5057091,
          33.9138587
        ]
      },
      "tippecanoe": {
        "minzoom": 10
      }
    },
    {
      "type": "Feature",
      "properties": {
        "poi_id": "SNT_1123_P0006",
        "route_id": "SNT_1123",
        "source_post_id": 1123,
        "name": "大井休憩所",
        "kind": "tourism_spot",
        "content_id": "SNT_1123_S006"
      },
      "geometry": {
        "type": "Point",
        "coordinates": [
          134.5183545,
          33.9080957
        ]
      },
      "tippecanoe": {
        "minzoom": 10
      }
    },
    {
      "type": "Feature",
      "properties": {
        "poi_id": "SNT_3801_P0001",
        "route_id": "SNT_3801",
        "source_post_id": 3801,
        "name": "水井橋",
        "kind": "tourism_spot",
        "content_id": "SNT_3801_S001"
      },
      "geometry": {
        "type": "Point",
        "coordinates": [
          134.5192093,
          33.9057045
        ]
      },
      "tippecanoe": {
        "minzoom": 10
      }
    },
    {
      "type": "Feature",
      "properties": {
        "poi_id": "SNT_3801_P0002",
        "route_id": "SNT_3801",
        "source_post_id": 3801,
        "name": "若杉山採掘場",
        "kind": "kml_poi",
        "content_id": null
      },
      "geometry": {
        "type": "Point",
        "coordinates": [
          134.5219479,
          33.8953288
        ]
      },
      "tippecanoe": {
        "minzoom": 10
      }
    },
    {
      "type": "Feature",
      "properties": {
        "poi_id": "SNT_3801_P0003",
        "route_id": "SNT_3801",
        "source_post_id": 3801,
        "name": "太龍寺",
        "kind": "tourism_spot",
        "content_id": "SNT_3801_S003"
      },
      "geometry": {
        "type": "Point",
        "coordinates": [
          134.5212352,
          33.8819149
        ]
      },
      "tippecanoe": {
        "minzoom": 10
      }
    },
    {
      "type": "Feature",
      "properties": {
        "poi_id": "SNT_3801_P0004",
        "route_id": "SNT_3801",
        "source_post_id": 3801,
        "name": "お松大権現",
        "kind": "tourism_spot",
        "content_id": "SNT_3801_S004"
      },
      "geometry": {
        "type": "Point",
        "coordinates": [
          134.5518581,
          33.9146341
        ]
      },
      "tippecanoe": {
        "minzoom": 10
      }
    },
    {
      "type": "Feature",
      "properties": {
        "poi_id": "SNT_458_P0001",
        "route_id": "SNT_458",
        "source_post_id": 458,
        "name": "道の駅 わじき",
        "kind": "tourism_spot",
        "content_id": "SNT_458_S001"
      },
      "geometry": {
        "type": "Point",
        "coordinates": [
          134.5547036,
          33.8689975
        ]
      },
      "tippecanoe": {
        "minzoom": 10
      }
    },
    {
      "type": "Feature",
      "properties": {
        "poi_id": "SNT_458_P0002",
        "route_id": "SNT_458",
        "source_post_id": 458,
        "name": "音坊山",
        "kind": "tourism_spot",
        "content_id": "SNT_458_S002"
      },
      "geometry": {
        "type": "Point",
        "coordinates": [
          134.5588798,
          33.8540553
        ]
      },
      "tippecanoe": {
        "minzoom": 10
      }
    },
    {
      "type": "Feature",
      "properties": {
        "poi_id": "SNT_458_P0003",
        "route_id": "SNT_458",
        "source_post_id": 458,
        "name": "八坂神社",
        "kind": "tourism_spot",
        "content_id": "SNT_458_S003"
      },
      "geometry": {
        "type": "Point",
        "coordinates": [
          134.5896762,
          33.85422
        ]
      },
      "tippecanoe": {
        "minzoom": 10
      }
    },
    {
      "type": "Feature",
      "properties": {
        "poi_id": "SNT_458_P0004",
        "route_id": "SNT_458",
        "source_post_id": 458,
        "name": "轟神社(阿南市新野町)",
        "kind": "kml_poi",
        "content_id": null
      },
      "geometry": {
        "type": "Point",
        "coordinates": [
          134.5784621,
          33.8475682
        ]
      },
      "tippecanoe": {
        "minzoom": 10
      }
    },
    {
      "type": "Feature",
      "properties": {
        "poi_id": "SNT_458_P0005",
        "route_id": "SNT_458",
        "source_post_id": 458,
        "name": "平等寺",
        "kind": "tourism_spot",
        "content_id": "SNT_458_S005"
      },
      "geometry": {
        "type": "Point",
        "coordinates": [
          134.582752,
          33.851948
        ]
      },
      "tippecanoe": {
        "minzoom": 10
      }
    },
    {
      "type": "Feature",
      "properties": {
        "poi_id": "SNT_458_P0006",
        "route_id": "SNT_458",
        "source_post_id": 458,
        "name": "月夜御水大師",
        "kind": "tourism_spot",
        "content_id": "SNT_458_S006"
      },
      "geometry": {
        "type": "Point",
        "coordinates": [
          134.5893008,
          33.8261865
        ]
      },
      "tippecanoe": {
        "minzoom": 10
      }
    },
    {
      "type": "Feature",
      "properties": {
        "poi_id": "SNT_1501_P0001",
        "route_id": "SNT_1501",
        "source_post_id": 1501,
        "name": "お水大師",
        "kind": "tourism_spot",
        "content_id": "SNT_1501_S006"
      },
      "geometry": {
        "type": "Point",
        "coordinates": [
          134.6459633,
          33.7903692
        ]
      },
      "tippecanoe": {
        "minzoom": 10
      }
    },
    {
      "type": "Feature",
      "properties": {
        "poi_id": "SNT_1501_P0002",
        "route_id": "SNT_1501",
        "source_post_id": 1501,
        "name": "明神山",
        "kind": "tourism_spot",
        "content_id": "SNT_1501_S001"
      },
      "geometry": {
        "type": "Point",
        "coordinates": [
          134.650992,
          33.8053414
        ]
      },
      "tippecanoe": {
        "minzoom": 10
      }
    },
    {
      "type": "Feature",
      "properties": {
        "poi_id": "SNT_1501_P0003",
        "route_id": "SNT_1501",
        "source_post_id": 1501,
        "name": "室戸阿南海岸国定公園",
        "kind": "tourism_spot",
        "content_id": "SNT_1501_S002"
      },
      "geometry": {
        "type": "Point",
        "coordinates": [
          134.7468625,
          33.8353759
        ]
      },
      "tippecanoe": {
        "minzoom": 10
      }
    },
    {
      "type": "Feature",
      "properties": {
        "poi_id": "SNT_1501_P0004",
        "route_id": "SNT_1501",
        "source_post_id": 1501,
        "name": "橘湾",
        "kind": "tourism_spot",
        "content_id": "SNT_1501_S003"
      },
      "geometry": {
        "type": "Point",
        "coordinates": [
          134.6703128,
          33.8616083
        ]
      },
      "tippecanoe": {
        "minzoom": 10
      }
    },
    {
      "type": "Feature",
      "properties": {
        "poi_id": "SNT_1501_P0005",
        "route_id": "SNT_1501",
        "source_post_id": 1501,
        "name": "蒲生田岬灯台",
        "kind": "kml_poi",
        "content_id": null
      },
      "geometry": {
        "type": "Point",
        "coordinates": [
          134.7494224,
          33.8342095
        ]
      },
      "tippecanoe": {
        "minzoom": 10
      }
    },
    {
      "type": "Feature",
      "properties": {
        "poi_id": "SNT_1501_P0006",
        "route_id": "SNT_1501",
        "source_post_id": 1501,
        "name": "阿波水軍",
        "kind": "tourism_spot",
        "content_id": "SNT_1501_S005"
      },
      "geometry": {
        "type": "Point",
        "coordinates": [
          134.7128231,
          33.8439936
        ]
      },
      "tippecanoe": {
        "minzoom": 10
      }
    },
    {
      "type": "Feature",
      "properties": {
        "poi_id": "SNT_4890_P0001",
        "route_id": "SNT_4890",
        "source_post_id": 4890,
        "name": "鹿の首岬",
        "kind": "tourism_spot",
        "content_id": "SNT_4890_S001"
      },
      "geometry": {
        "type": "Point",
        "coordinates": [
          134.6412148,
          33.7822576
        ]
      },
      "tippecanoe": {
        "minzoom": 10
      }
    },
    {
      "type": "Feature",
      "properties": {
        "poi_id": "SNT_4890_P0002",
        "route_id": "SNT_4890",
        "source_post_id": 4890,
        "name": "潮吹岩",
        "kind": "tourism_spot",
        "content_id": "SNT_4890_S002"
      },
      "geometry": {
        "type": "Point",
        "coordinates": [
          134.6152891,
          33.7838349
        ]
      },
      "tippecanoe": {
        "minzoom": 10
      }
    },
    {
      "type": "Feature",
      "properties": {
        "poi_id": "SNT_4890_P0003",
        "route_id": "SNT_4890",
        "source_post_id": 4890,
        "name": "海と山の眺め",
        "kind": "tourism_spot",
        "content_id": "SNT_4890_S003"
      },
      "geometry": {
        "type": "Point",
        "coordinates": [
          134.6126808,
          33.7842885
        ]
      },
      "tippecanoe": {
        "minzoom": 10
      }
    },
    {
      "type": "Feature",
      "properties": {
        "poi_id": "SNT_4890_P0004",
        "route_id": "SNT_4890",
        "source_post_id": 4890,
        "name": "由岐漁港",
        "kind": "tourism_spot",
        "content_id": "SNT_4890_S004"
      },
      "geometry": {
        "type": "Point",
        "coordinates": [
          134.6087647,
          33.7793108
        ]
      },
      "tippecanoe": {
        "minzoom": 10
      }
    },
    {
      "type": "Feature",
      "properties": {
        "poi_id": "SNT_3170_P0001",
        "route_id": "SNT_3170",
        "source_post_id": 3170,
        "name": "阿瀬比ノ鼻休憩所",
        "kind": "kml_poi",
        "content_id": null
      },
      "geometry": {
        "type": "Point",
        "coordinates": [
          134.563937,
          33.73555
        ]
      },
      "tippecanoe": {
        "minzoom": 10
      }
    },
    {
      "type": "Feature",
      "properties": {
        "poi_id": "SNT_3170_P0002",
        "route_id": "SNT_3170",
        "source_post_id": 3170,
        "name": "田井ノ浜",
        "kind": "tourism_spot",
        "content_id": "SNT_3170_S001"
      },
      "geometry": {
        "type": "Point",
        "coordinates": [
          134.5844602,
          33.772414
        ]
      },
      "tippecanoe": {
        "minzoom": 10
      }
    },
    {
      "type": "Feature",
      "properties": {
        "poi_id": "SNT_3170_P0003",
        "route_id": "SNT_3170",
        "source_post_id": 3170,
        "name": "恵比寿洞",
        "kind": "tourism_spot",
        "content_id": "SNT_3170_S002"
      },
      "geometry": {
        "type": "Point",
        "coordinates": [
          134.5505342,
          33.735695
        ]
      },
      "tippecanoe": {
        "minzoom": 10
      }
    },
    {
      "type": "Feature",
      "properties": {
        "poi_id": "SNT_3170_P0004",
        "route_id": "SNT_3170",
        "source_post_id": 3170,
        "name": "大浜海岸と日和佐のウミガメ",
        "kind": "tourism_spot",
        "content_id": "SNT_3170_S003"
      },
      "geometry": {
        "type": "Point",
        "coordinates": [
          134.5410847,
          33.7332627
        ]
      },
      "tippecanoe": {
        "minzoom": 10
      }
    },
    {
      "type": "Feature",
      "properties": {
        "poi_id": "SNT_3170_P0005",
        "route_id": "SNT_3170",
        "source_post_id": 3170,
        "name": "日和佐ウミガメ博物館カレッタ",
        "kind": "tourism_spot",
        "content_id": "SNT_3170_S004"
      },
      "geometry": {
        "type": "Point",
        "coordinates": [
          134.5409793,
          33.7346266
        ]
      },
      "tippecanoe": {
        "minzoom": 10
      }
    },
    {
      "type": "Feature",
      "properties": {
        "poi_id": "SNT_3170_P0006",
        "route_id": "SNT_3170",
        "source_post_id": 3170,
        "name": "薬王寺",
        "kind": "tourism_spot",
        "content_id": "SNT_3170_S005"
      },
      "geometry": {
        "type": "Point",
        "coordinates": [
          134.5274484,
          33.7321552
        ]
      },
      "tippecanoe": {
        "minzoom": 10
      }
    },
    {
      "type": "Feature",
      "properties": {
        "poi_id": "SNT_3174_P0001",
        "route_id": "SNT_3174",
        "source_post_id": 3174,
        "name": "撮影ポイント",
        "kind": "kml_poi",
        "content_id": null
      },
      "geometry": {
        "type": "Point",
        "coordinates": [
          134.5326505,
          33.7146372
        ]
      },
      "tippecanoe": {
        "minzoom": 10
      }
    },
    {
      "type": "Feature",
      "properties": {
        "poi_id": "SNT_3174_P0002",
        "route_id": "SNT_3174",
        "source_post_id": 3174,
        "name": "日和佐城",
        "kind": "tourism_spot",
        "content_id": "SNT_3174_S001"
      },
      "geometry": {
        "type": "Point",
        "coordinates": [
          134.5361901,
          33.7295567
        ]
      },
      "tippecanoe": {
        "minzoom": 10
      }
    },
    {
      "type": "Feature",
      "properties": {
        "poi_id": "SNT_3174_P0003",
        "route_id": "SNT_3174",
        "source_post_id": 3174,
        "name": "千羽海崖",
        "kind": "tourism_spot",
        "content_id": "SNT_3174_S002"
      },
      "geometry": {
        "type": "Point",
        "coordinates": [
          134.526468,
          33.710279
        ]
      },
      "tippecanoe": {
        "minzoom": 10
      }
    },
    {
      "type": "Feature",
      "properties": {
        "poi_id": "SNT_3174_P0004",
        "route_id": "SNT_3174",
        "source_post_id": 3174,
        "name": "道の駅日和佐",
        "kind": "tourism_spot",
        "content_id": "SNT_3174_S003"
      },
      "geometry": {
        "type": "Point",
        "coordinates": [
          134.5302676,
          33.7302723
        ]
      },
      "tippecanoe": {
        "minzoom": 10
      }
    },
    {
      "type": "Feature",
      "properties": {
        "poi_id": "SNT_3174_P0005",
        "route_id": "SNT_3174",
        "source_post_id": 3174,
        "name": "うみがめマリンクルーズ",
        "kind": "tourism_spot",
        "content_id": "SNT_3174_S004"
      },
      "geometry": {
        "type": "Point",
        "coordinates": [
          134.5367959,
          33.7319225
        ]
      },
      "tippecanoe": {
        "minzoom": 10
      }
    },
    {
      "type": "Feature",
      "properties": {
        "poi_id": "SNT_3174_P0006",
        "route_id": "SNT_3174",
        "source_post_id": 3174,
        "name": "通行止め",
        "kind": "kml_poi",
        "content_id": null
      },
      "geometry": {
        "type": "Point",
        "coordinates": [
          134.5362926,
          33.7162292
        ]
      },
      "tippecanoe": {
        "minzoom": 10
      }
    },
    {
      "type": "Feature",
      "properties": {
        "poi_id": "SNT_5611_P0001",
        "route_id": "SNT_5611",
        "source_post_id": 5611,
        "name": "牟岐大島",
        "kind": "tourism_spot",
        "content_id": "SNT_5611_S001"
      },
      "geometry": {
        "type": "Point",
        "coordinates": [
          134.491220851621,
          33.634947330828
        ]
      },
      "tippecanoe": {
        "minzoom": 10
      }
    },
    {
      "type": "Feature",
      "properties": {
        "poi_id": "SNT_5611_P0002",
        "route_id": "SNT_5611",
        "source_post_id": 5611,
        "name": "松ヶ磯",
        "kind": "tourism_spot",
        "content_id": "SNT_5611_S002"
      },
      "geometry": {
        "type": "Point",
        "coordinates": [
          134.445091258587,
          33.6661843581263
        ]
      },
      "tippecanoe": {
        "minzoom": 10
      }
    },
    {
      "type": "Feature",
      "properties": {
        "poi_id": "SNT_5611_P0003",
        "route_id": "SNT_5611",
        "source_post_id": 5611,
        "name": "モラスコむぎ",
        "kind": "tourism_spot",
        "content_id": "SNT_5611_S003"
      },
      "geometry": {
        "type": "Point",
        "coordinates": [
          134.443405490206,
          33.6668518290052
        ]
      },
      "tippecanoe": {
        "minzoom": 10
      }
    },
    {
      "type": "Feature",
      "properties": {
        "poi_id": "SNT_5611_P0004",
        "route_id": "SNT_5611",
        "source_post_id": 5611,
        "name": "牟岐漁港",
        "kind": "tourism_spot",
        "content_id": "SNT_5611_S004"
      },
      "geometry": {
        "type": "Point",
        "coordinates": [
          134.421604424753,
          33.6676014783449
        ]
      },
      "tippecanoe": {
        "minzoom": 10
      }
    },
    {
      "type": "Feature",
      "properties": {
        "poi_id": "SNT_479_P0001",
        "route_id": "SNT_479",
        "source_post_id": 479,
        "name": "室戸阿南海岸国定公園",
        "kind": "tourism_spot",
        "content_id": "SNT_479_S001"
      },
      "geometry": {
        "type": "Point",
        "coordinates": [
          134.7468625,
          33.8353759
        ]
      },
      "tippecanoe": {
        "minzoom": 10
      }
    },
    {
      "type": "Feature",
      "properties": {
        "poi_id": "SNT_479_P0002",
        "route_id": "SNT_479",
        "source_post_id": 479,
        "name": "大島",
        "kind": "kml_poi",
        "content_id": null
      },
      "geometry": {
        "type": "Point",
        "coordinates": [
          134.4916356,
          33.6349647
        ]
      },
      "tippecanoe": {
        "minzoom": 10
      }
    },
    {
      "type": "Feature",
      "properties": {
        "poi_id": "SNT_479_P0003",
        "route_id": "SNT_479",
        "source_post_id": 479,
        "name": "津島",
        "kind": "kml_poi",
        "content_id": null
      },
      "geometry": {
        "type": "Point",
        "coordinates": [
          134.448577,
          33.6381264
        ]
      },
      "tippecanoe": {
        "minzoom": 10
      }
    },
    {
      "type": "Feature",
      "properties": {
        "poi_id": "SNT_479_P0004",
        "route_id": "SNT_479",
        "source_post_id": 479,
        "name": "出羽島",
        "kind": "kml_poi",
        "content_id": null
      },
      "geometry": {
        "type": "Point",
        "coordinates": [
          134.4240167,
          33.6338334
        ]
      },
      "tippecanoe": {
        "minzoom": 10
      }
    },
    {
      "type": "Feature",
      "properties": {
        "poi_id": "SNT_479_P0005",
        "route_id": "SNT_479",
        "source_post_id": 479,
        "name": "出羽島のシラタマモ",
        "kind": "tourism_spot",
        "content_id": "SNT_479_S003"
      },
      "geometry": {
        "type": "Point",
        "coordinates": [
          134.4223565,
          33.6311659
        ]
      },
      "tippecanoe": {
        "minzoom": 10
      }
    },
    {
      "type": "Feature",
      "properties": {
        "poi_id": "SNT_479_P0006",
        "route_id": "SNT_479",
        "source_post_id": 479,
        "name": "八坂八浜",
        "kind": "tourism_spot",
        "content_id": "SNT_479_S004"
      },
      "geometry": {
        "type": "Point",
        "coordinates": [
          134.3872506,
          33.6469842
        ]
      },
      "tippecanoe": {
        "minzoom": 10
      }
    },
    {
      "type": "Feature",
      "properties": {
        "poi_id": "SNT_479_P0007",
        "route_id": "SNT_479",
        "source_post_id": 479,
        "name": "鯖大師",
        "kind": "kml_poi",
        "content_id": null
      },
      "geometry": {
        "type": "Point",
        "coordinates": [
          134.3852341,
          33.6477486
        ]
      },
      "tippecanoe": {
        "minzoom": 10
      }
    },
    {
      "type": "Feature",
      "properties": {
        "poi_id": "SNT_1504_P0001",
        "route_id": "SNT_1504",
        "source_post_id": 1504,
        "name": "まぜのおか",
        "kind": "tourism_spot",
        "content_id": "SNT_1504_S005"
      },
      "geometry": {
        "type": "Point",
        "coordinates": [
          134.3686637,
          33.6228149
        ]
      },
      "tippecanoe": {
        "minzoom": 10
      }
    },
    {
      "type": "Feature",
      "properties": {
        "poi_id": "SNT_1504_P0002",
        "route_id": "SNT_1504",
        "source_post_id": 1504,
        "name": "阿波海南文化村",
        "kind": "kml_poi",
        "content_id": null
      },
      "geometry": {
        "type": "Point",
        "coordinates": [
          134.357256,
          33.6135349
        ]
      },
      "tippecanoe": {
        "minzoom": 10
      }
    },
    {
      "type": "Feature",
      "properties": {
        "poi_id": "SNT_1504_P0003",
        "route_id": "SNT_1504",
        "source_post_id": 1504,
        "name": "漁火の森",
        "kind": "tourism_spot",
        "content_id": "SNT_1504_S007"
      },
      "geometry": {
        "type": "Point",
        "coordinates": [
          134.3531615,
          33.5871363
        ]
      },
      "tippecanoe": {
        "minzoom": 10
      }
    },
    {
      "type": "Feature",
      "properties": {
        "poi_id": "SNT_1504_P0004",
        "route_id": "SNT_1504",
        "source_post_id": 1504,
        "name": "母川の大ウナギ（国指定の天然記念物）",
        "kind": "tourism_spot",
        "content_id": "SNT_1504_S008"
      },
      "geometry": {
        "type": "Point",
        "coordinates": [
          134.3373237,
          33.5983078
        ]
      },
      "tippecanoe": {
        "minzoom": 10
      }
    },
    {
      "type": "Feature",
      "properties": {
        "poi_id": "SNT_1504_P0005",
        "route_id": "SNT_1504",
        "source_post_id": 1504,
        "name": "蛇王運動公園",
        "kind": "tourism_spot",
        "content_id": "SNT_1504_S004"
      },
      "geometry": {
        "type": "Point",
        "coordinates": [
          134.3718414,
          33.6203423
        ]
      },
      "tippecanoe": {
        "minzoom": 10
      }
    },
    {
      "type": "Feature",
      "properties": {
        "poi_id": "SNT_1504_P0006",
        "route_id": "SNT_1504",
        "source_post_id": 1504,
        "name": "大里松原",
        "kind": "kml_poi",
        "content_id": null
      },
      "geometry": {
        "type": "Point",
        "coordinates": [
          134.367396,
          33.6087178
        ]
      },
      "tippecanoe": {
        "minzoom": 10
      }
    },
    {
      "type": "Feature",
      "properties": {
        "poi_id": "SNT_1504_P0007",
        "route_id": "SNT_1504",
        "source_post_id": 1504,
        "name": "大里古墳",
        "kind": "tourism_spot",
        "content_id": "SNT_1504_S002"
      },
      "geometry": {
        "type": "Point",
        "coordinates": [
          134.3586124,
          33.6024658
        ]
      },
      "tippecanoe": {
        "minzoom": 10
      }
    },
    {
      "type": "Feature",
      "properties": {
        "poi_id": "SNT_1504_P0008",
        "route_id": "SNT_1504",
        "source_post_id": 1504,
        "name": "南阿波ピクニック公園",
        "kind": "tourism_spot",
        "content_id": "SNT_1504_S003"
      },
      "geometry": {
        "type": "Point",
        "coordinates": [
          134.3728114,
          33.6201635
        ]
      },
      "tippecanoe": {
        "minzoom": 10
      }
    },
    {
      "type": "Feature",
      "properties": {
        "poi_id": "SNT_3797_P0001",
        "route_id": "SNT_3797",
        "source_post_id": 3797,
        "name": "道の駅宍喰温泉",
        "kind": "tourism_spot",
        "content_id": "SNT_3797_S001"
      },
      "geometry": {
        "type": "Point",
        "coordinates": [
          134.3074545,
          33.5691995
        ]
      },
      "tippecanoe": {
        "minzoom": 10
      }
    },
    {
      "type": "Feature",
      "properties": {
        "poi_id": "SNT_3797_P0002",
        "route_id": "SNT_3797",
        "source_post_id": 3797,
        "name": "鈴ヶ嶺",
        "kind": "tourism_spot",
        "content_id": "SNT_3797_S002"
      },
      "geometry": {
        "type": "Point",
        "coordinates": [
          134.2971166,
          33.5814029
        ]
      },
      "tippecanoe": {
        "minzoom": 10
      }
    },
    {
      "type": "Feature",
      "properties": {
        "poi_id": "SNT_3797_P0003",
        "route_id": "SNT_3797",
        "source_post_id": 3797,
        "name": "化石連痕",
        "kind": "kml_poi",
        "content_id": null
      },
      "geometry": {
        "type": "Point",
        "coordinates": [
          134.3105435,
          33.5607986
        ]
      },
      "tippecanoe": {
        "minzoom": 10
      }
    },
    {
      "type": "Feature",
      "properties": {
        "poi_id": "SNT_3797_P0004",
        "route_id": "SNT_3797",
        "source_post_id": 3797,
        "name": "竹ヶ島",
        "kind": "tourism_spot",
        "content_id": "SNT_3797_S004"
      },
      "geometry": {
        "type": "Point",
        "coordinates": [
          134.3171963,
          33.548358
        ]
      },
      "tippecanoe": {
        "minzoom": 10
      }
    },
    {
      "type": "Feature",
      "properties": {
        "poi_id": "SNT_767_P0001",
        "route_id": "SNT_767",
        "source_post_id": 767,
        "name": "01境目",
        "kind": "kml_poi",
        "content_id": null
      },
      "geometry": {
        "type": "Point",
        "coordinates": [
          133.6804765,
          34.0105341
        ]
      },
      "tippecanoe": {
        "minzoom": 10
      }
    },
    {
      "type": "Feature",
      "properties": {
        "poi_id": "SNT_767_P0002",
        "route_id": "SNT_767",
        "source_post_id": 767,
        "name": "02ベンチ、指導標",
        "kind": "kml_poi",
        "content_id": null
      },
      "geometry": {
        "type": "Point",
        "coordinates": [
          133.6815172,
          34.0129087
        ]
      },
      "tippecanoe": {
        "minzoom": 10
      }
    },
    {
      "type": "Feature",
      "properties": {
        "poi_id": "SNT_767_P0003",
        "route_id": "SNT_767",
        "source_post_id": 767,
        "name": "03指導標",
        "kind": "kml_poi",
        "content_id": null
      },
      "geometry": {
        "type": "Point",
        "coordinates": [
          133.684811,
          34.0131843
        ]
      },
      "tippecanoe": {
        "minzoom": 10
      }
    },
    {
      "type": "Feature",
      "properties": {
        "poi_id": "SNT_767_P0004",
        "route_id": "SNT_767",
        "source_post_id": 767,
        "name": "04解説板",
        "kind": "kml_poi",
        "content_id": null
      },
      "geometry": {
        "type": "Point",
        "coordinates": [
          133.6863399,
          34.0131818
        ]
      },
      "tippecanoe": {
        "minzoom": 10
      }
    },
    {
      "type": "Feature",
      "properties": {
        "poi_id": "SNT_767_P0005",
        "route_id": "SNT_767",
        "source_post_id": 767,
        "name": "05撮影スポット（旧曼荼峠）",
        "kind": "kml_poi",
        "content_id": null
      },
      "geometry": {
        "type": "Point",
        "coordinates": [
          133.6936073,
          34.01504
        ]
      },
      "tippecanoe": {
        "minzoom": 10
      }
    },
    {
      "type": "Feature",
      "properties": {
        "poi_id": "SNT_767_P0006",
        "route_id": "SNT_767",
        "source_post_id": 767,
        "name": "06解説板",
        "kind": "kml_poi",
        "content_id": null
      },
      "geometry": {
        "type": "Point",
        "coordinates": [
          133.7145728,
          34.0182711
        ]
      },
      "tippecanoe": {
        "minzoom": 10
      }
    },
    {
      "type": "Feature",
      "properties": {
        "poi_id": "SNT_767_P0007",
        "route_id": "SNT_767",
        "source_post_id": 767,
        "name": "07案内板",
        "kind": "kml_poi",
        "content_id": null
      },
      "geometry": {
        "type": "Point",
        "coordinates": [
          133.7242197,
          34.0282667
        ]
      },
      "tippecanoe": {
        "minzoom": 10
      }
    },
    {
      "type": "Feature",
      "properties": {
        "poi_id": "SNT_767_P0008",
        "route_id": "SNT_767",
        "source_post_id": 767,
        "name": "08解説板",
        "kind": "kml_poi",
        "content_id": null
      },
      "geometry": {
        "type": "Point",
        "coordinates": [
          133.7233507,
          34.0301429
        ]
      },
      "tippecanoe": {
        "minzoom": 10
      }
    },
    {
      "type": "Feature",
      "properties": {
        "poi_id": "SNT_767_P0009",
        "route_id": "SNT_767",
        "source_post_id": 767,
        "name": "09解説板",
        "kind": "kml_poi",
        "content_id": null
      },
      "geometry": {
        "type": "Point",
        "coordinates": [
          133.7228249,
          34.0324368
        ]
      },
      "tippecanoe": {
        "minzoom": 10
      }
    },
    {
      "type": "Feature",
      "properties": {
        "poi_id": "SNT_767_P0010",
        "route_id": "SNT_767",
        "source_post_id": 767,
        "name": "豊稔池ダム",
        "kind": "tourism_spot",
        "content_id": "SNT_767_S001"
      },
      "geometry": {
        "type": "Point",
        "coordinates": [
          133.6845095,
          34.0418324
        ]
      },
      "tippecanoe": {
        "minzoom": 10
      }
    },
    {
      "type": "Feature",
      "properties": {
        "poi_id": "SNT_767_P0011",
        "route_id": "SNT_767",
        "source_post_id": 767,
        "name": "トイレ",
        "kind": "kml_poi",
        "content_id": null
      },
      "geometry": {
        "type": "Point",
        "coordinates": [
          133.7238169,
          34.0353836
        ]
      },
      "tippecanoe": {
        "minzoom": 10
      }
    },
    {
      "type": "Feature",
      "properties": {
        "poi_id": "SNT_182_P0001",
        "route_id": "SNT_182",
        "source_post_id": 182,
        "name": "01雲辺寺門",
        "kind": "kml_poi",
        "content_id": null
      },
      "geometry": {
        "type": "Point",
        "coordinates": [
          133.7244789,
          34.0359574
        ]
      },
      "tippecanoe": {
        "minzoom": 10
      }
    },
    {
      "type": "Feature",
      "properties": {
        "poi_id": "SNT_182_P0002",
        "route_id": "SNT_182",
        "source_post_id": 182,
        "name": "02雲辺寺本堂",
        "kind": "kml_poi",
        "content_id": null
      },
      "geometry": {
        "type": "Point",
        "coordinates": [
          133.7238029,
          34.0352017
        ]
      },
      "tippecanoe": {
        "minzoom": 10
      }
    },
    {
      "type": "Feature",
      "properties": {
        "poi_id": "SNT_182_P0003",
        "route_id": "SNT_182",
        "source_post_id": 182,
        "name": "03入口",
        "kind": "kml_poi",
        "content_id": null
      },
      "geometry": {
        "type": "Point",
        "coordinates": [
          133.7271396,
          34.0398095
        ]
      },
      "tippecanoe": {
        "minzoom": 10
      }
    },
    {
      "type": "Feature",
      "properties": {
        "poi_id": "SNT_182_P0004",
        "route_id": "SNT_182",
        "source_post_id": 182,
        "name": "04指導標",
        "kind": "kml_poi",
        "content_id": null
      },
      "geometry": {
        "type": "Point",
        "coordinates": [
          133.7277941,
          34.0422633
        ]
      },
      "tippecanoe": {
        "minzoom": 10
      }
    },
    {
      "type": "Feature",
      "properties": {
        "poi_id": "SNT_182_P0005",
        "route_id": "SNT_182",
        "source_post_id": 182,
        "name": "06指導標",
        "kind": "kml_poi",
        "content_id": null
      },
      "geometry": {
        "type": "Point",
        "coordinates": [
          133.7288884,
          34.0438013
        ]
      },
      "tippecanoe": {
        "minzoom": 10
      }
    },
    {
      "type": "Feature",
      "properties": {
        "poi_id": "SNT_182_P0006",
        "route_id": "SNT_182",
        "source_post_id": 182,
        "name": "07指導標",
        "kind": "kml_poi",
        "content_id": null
      },
      "geometry": {
        "type": "Point",
        "coordinates": [
          133.7270836,
          34.046061
        ]
      },
      "tippecanoe": {
        "minzoom": 10
      }
    },
    {
      "type": "Feature",
      "properties": {
        "poi_id": "SNT_182_P0007",
        "route_id": "SNT_182",
        "source_post_id": 182,
        "name": "08ベンチ",
        "kind": "kml_poi",
        "content_id": null
      },
      "geometry": {
        "type": "Point",
        "coordinates": [
          133.7263601,
          34.0479322
        ]
      },
      "tippecanoe": {
        "minzoom": 10
      }
    },
    {
      "type": "Feature",
      "properties": {
        "poi_id": "SNT_182_P0008",
        "route_id": "SNT_182",
        "source_post_id": 182,
        "name": "09ベンチ",
        "kind": "kml_poi",
        "content_id": null
      },
      "geometry": {
        "type": "Point",
        "coordinates": [
          133.7255125,
          34.0504213
        ]
      },
      "tippecanoe": {
        "minzoom": 10
      }
    },
    {
      "type": "Feature",
      "properties": {
        "poi_id": "SNT_182_P0009",
        "route_id": "SNT_182",
        "source_post_id": 182,
        "name": "10 解説板",
        "kind": "kml_poi",
        "content_id": null
      },
      "geometry": {
        "type": "Point",
        "coordinates": [
          133.7247615,
          34.0520569
        ]
      },
      "tippecanoe": {
        "minzoom": 10
      }
    },
    {
      "type": "Feature",
      "properties": {
        "poi_id": "SNT_182_P0010",
        "route_id": "SNT_182",
        "source_post_id": 182,
        "name": "11指導標",
        "kind": "kml_poi",
        "content_id": null
      },
      "geometry": {
        "type": "Point",
        "coordinates": [
          133.7243967,
          34.0541103
        ]
      },
      "tippecanoe": {
        "minzoom": 10
      }
    },
    {
      "type": "Feature",
      "properties": {
        "poi_id": "SNT_182_P0011",
        "route_id": "SNT_182",
        "source_post_id": 182,
        "name": "12解説板",
        "kind": "kml_poi",
        "content_id": null
      },
      "geometry": {
        "type": "Point",
        "coordinates": [
          133.7242358,
          34.0550258
        ]
      },
      "tippecanoe": {
        "minzoom": 10
      }
    },
    {
      "type": "Feature",
      "properties": {
        "poi_id": "SNT_182_P0012",
        "route_id": "SNT_182",
        "source_post_id": 182,
        "name": "13みち",
        "kind": "kml_poi",
        "content_id": null
      },
      "geometry": {
        "type": "Point",
        "coordinates": [
          133.7231093,
          34.0573013
        ]
      },
      "tippecanoe": {
        "minzoom": 10
      }
    },
    {
      "type": "Feature",
      "properties": {
        "poi_id": "SNT_182_P0013",
        "route_id": "SNT_182",
        "source_post_id": 182,
        "name": "14解説板、風景",
        "kind": "kml_poi",
        "content_id": null
      },
      "geometry": {
        "type": "Point",
        "coordinates": [
          133.7221222,
          34.0583235
        ]
      },
      "tippecanoe": {
        "minzoom": 10
      }
    },
    {
      "type": "Feature",
      "properties": {
        "poi_id": "SNT_182_P0014",
        "route_id": "SNT_182",
        "source_post_id": 182,
        "name": "15解説板",
        "kind": "kml_poi",
        "content_id": null
      },
      "geometry": {
        "type": "Point",
        "coordinates": [
          133.7222295,
          34.0589457
        ]
      },
      "tippecanoe": {
        "minzoom": 10
      }
    },
    {
      "type": "Feature",
      "properties": {
        "poi_id": "SNT_182_P0015",
        "route_id": "SNT_182",
        "source_post_id": 182,
        "name": "16一升水",
        "kind": "kml_poi",
        "content_id": null
      },
      "geometry": {
        "type": "Point",
        "coordinates": [
          133.7227552,
          34.0600034
        ]
      },
      "tippecanoe": {
        "minzoom": 10
      }
    },
    {
      "type": "Feature",
      "properties": {
        "poi_id": "SNT_182_P0016",
        "route_id": "SNT_182",
        "source_post_id": 182,
        "name": "17登山口",
        "kind": "kml_poi",
        "content_id": null
      },
      "geometry": {
        "type": "Point",
        "coordinates": [
          133.7252138,
          34.0664647
        ]
      },
      "tippecanoe": {
        "minzoom": 10
      }
    },
    {
      "type": "Feature",
      "properties": {
        "poi_id": "SNT_182_P0017",
        "route_id": "SNT_182",
        "source_post_id": 182,
        "name": "18指導標",
        "kind": "kml_poi",
        "content_id": null
      },
      "geometry": {
        "type": "Point",
        "coordinates": [
          133.7251018,
          34.0673327
        ]
      },
      "tippecanoe": {
        "minzoom": 10
      }
    },
    {
      "type": "Feature",
      "properties": {
        "poi_id": "SNT_182_P0018",
        "route_id": "SNT_182",
        "source_post_id": 182,
        "name": "19案内板",
        "kind": "kml_poi",
        "content_id": null
      },
      "geometry": {
        "type": "Point",
        "coordinates": [
          133.7253378,
          34.0678659
        ]
      },
      "tippecanoe": {
        "minzoom": 10
      }
    },
    {
      "type": "Feature",
      "properties": {
        "poi_id": "SNT_182_P0019",
        "route_id": "SNT_182",
        "source_post_id": 182,
        "name": "20粟井ダム",
        "kind": "kml_poi",
        "content_id": null
      },
      "geometry": {
        "type": "Point",
        "coordinates": [
          133.7273441,
          34.0668616
        ]
      },
      "tippecanoe": {
        "minzoom": 10
      }
    },
    {
      "type": "Feature",
      "properties": {
        "poi_id": "SNT_182_P0020",
        "route_id": "SNT_182",
        "source_post_id": 182,
        "name": "21逆瀬池入口",
        "kind": "kml_poi",
        "content_id": null
      },
      "geometry": {
        "type": "Point",
        "coordinates": [
          133.7358424,
          34.0727683
        ]
      },
      "tippecanoe": {
        "minzoom": 10
      }
    },
    {
      "type": "Feature",
      "properties": {
        "poi_id": "SNT_182_P0021",
        "route_id": "SNT_182",
        "source_post_id": 182,
        "name": "22案内板、逆瀬池",
        "kind": "kml_poi",
        "content_id": null
      },
      "geometry": {
        "type": "Point",
        "coordinates": [
          133.7403129,
          34.0826387
        ]
      },
      "tippecanoe": {
        "minzoom": 10
      }
    },
    {
      "type": "Feature",
      "properties": {
        "poi_id": "SNT_182_P0022",
        "route_id": "SNT_182",
        "source_post_id": 182,
        "name": "23粟井ダム",
        "kind": "kml_poi",
        "content_id": null
      },
      "geometry": {
        "type": "Point",
        "coordinates": [
          133.7277726,
          34.0655921
        ]
      },
      "tippecanoe": {
        "minzoom": 10
      }
    },
    {
      "type": "Feature",
      "properties": {
        "poi_id": "SNT_182_P0023",
        "route_id": "SNT_182",
        "source_post_id": 182,
        "name": "萩原寺",
        "kind": "tourism_spot",
        "content_id": "SNT_182_S002"
      },
      "geometry": {
        "type": "Point",
        "coordinates": [
          133.6884573,
          34.0711138
        ]
      },
      "tippecanoe": {
        "minzoom": 10
      }
    },
    {
      "type": "Feature",
      "properties": {
        "poi_id": "SNT_182_P0024",
        "route_id": "SNT_182",
        "source_post_id": 182,
        "name": "粟井神社",
        "kind": "tourism_spot",
        "content_id": "SNT_182_S003"
      },
      "geometry": {
        "type": "Point",
        "coordinates": [
          133.70465,
          34.091126
        ]
      },
      "tippecanoe": {
        "minzoom": 10
      }
    },
    {
      "type": "Feature",
      "properties": {
        "poi_id": "SNT_182_P0025",
        "route_id": "SNT_182",
        "source_post_id": 182,
        "name": "大興寺",
        "kind": "kml_poi",
        "content_id": null
      },
      "geometry": {
        "type": "Point",
        "coordinates": [
          133.7191712,
          34.1021718
        ]
      },
      "tippecanoe": {
        "minzoom": 10
      }
    },
    {
      "type": "Feature",
      "properties": {
        "poi_id": "SNT_182_P0026",
        "route_id": "SNT_182",
        "source_post_id": 182,
        "name": "05みち",
        "kind": "kml_poi",
        "content_id": null
      },
      "geometry": {
        "type": "Point",
        "coordinates": [
          133.7279979,
          34.0424677
        ]
      },
      "tippecanoe": {
        "minzoom": 10
      }
    },
    {
      "type": "Feature",
      "properties": {
        "poi_id": "SNT_1511_P0001",
        "route_id": "SNT_1511",
        "source_post_id": 1511,
        "name": "001案内板（県道5号）",
        "kind": "kml_poi",
        "content_id": null
      },
      "geometry": {
        "type": "Point",
        "coordinates": [
          133.8121398,
          34.0769276
        ]
      },
      "tippecanoe": {
        "minzoom": 10
      }
    },
    {
      "type": "Feature",
      "properties": {
        "poi_id": "SNT_1511_P0002",
        "route_id": "SNT_1511",
        "source_post_id": 1511,
        "name": "002指導標",
        "kind": "kml_poi",
        "content_id": null
      },
      "geometry": {
        "type": "Point",
        "coordinates": [
          133.8121505,
          34.0771278
        ]
      },
      "tippecanoe": {
        "minzoom": 10
      }
    },
    {
      "type": "Feature",
      "properties": {
        "poi_id": "SNT_1511_P0003",
        "route_id": "SNT_1511",
        "source_post_id": 1511,
        "name": "003指導標",
        "kind": "kml_poi",
        "content_id": null
      },
      "geometry": {
        "type": "Point",
        "coordinates": [
          133.8062768,
          34.0733865
        ]
      },
      "tippecanoe": {
        "minzoom": 10
      }
    },
    {
      "type": "Feature",
      "properties": {
        "poi_id": "SNT_1511_P0004",
        "route_id": "SNT_1511",
        "source_post_id": 1511,
        "name": "004案内板（分岐）",
        "kind": "kml_poi",
        "content_id": null
      },
      "geometry": {
        "type": "Point",
        "coordinates": [
          133.8040885,
          34.0715366
        ]
      },
      "tippecanoe": {
        "minzoom": 10
      }
    },
    {
      "type": "Feature",
      "properties": {
        "poi_id": "SNT_1511_P0005",
        "route_id": "SNT_1511",
        "source_post_id": 1511,
        "name": "005指導標",
        "kind": "kml_poi",
        "content_id": null
      },
      "geometry": {
        "type": "Point",
        "coordinates": [
          133.800721,
          34.070531
        ]
      },
      "tippecanoe": {
        "minzoom": 10
      }
    },
    {
      "type": "Feature",
      "properties": {
        "poi_id": "SNT_1511_P0006",
        "route_id": "SNT_1511",
        "source_post_id": 1511,
        "name": "006指導標",
        "kind": "kml_poi",
        "content_id": null
      },
      "geometry": {
        "type": "Point",
        "coordinates": [
          133.8020561,
          34.0715664
        ]
      },
      "tippecanoe": {
        "minzoom": 10
      }
    },
    {
      "type": "Feature",
      "properties": {
        "poi_id": "SNT_1511_P0007",
        "route_id": "SNT_1511",
        "source_post_id": 1511,
        "name": "007指導標",
        "kind": "kml_poi",
        "content_id": null
      },
      "geometry": {
        "type": "Point",
        "coordinates": [
          133.8005634,
          34.0733504
        ]
      },
      "tippecanoe": {
        "minzoom": 10
      }
    },
    {
      "type": "Feature",
      "properties": {
        "poi_id": "SNT_1511_P0008",
        "route_id": "SNT_1511",
        "source_post_id": 1511,
        "name": "008指導標",
        "kind": "kml_poi",
        "content_id": null
      },
      "geometry": {
        "type": "Point",
        "coordinates": [
          133.7998117,
          34.0757221
        ]
      },
      "tippecanoe": {
        "minzoom": 10
      }
    },
    {
      "type": "Feature",
      "properties": {
        "poi_id": "SNT_1511_P0009",
        "route_id": "SNT_1511",
        "source_post_id": 1511,
        "name": "009指導標",
        "kind": "kml_poi",
        "content_id": null
      },
      "geometry": {
        "type": "Point",
        "coordinates": [
          133.8013637,
          34.0761672
        ]
      },
      "tippecanoe": {
        "minzoom": 10
      }
    },
    {
      "type": "Feature",
      "properties": {
        "poi_id": "SNT_1511_P0010",
        "route_id": "SNT_1511",
        "source_post_id": 1511,
        "name": "010指導標",
        "kind": "kml_poi",
        "content_id": null
      },
      "geometry": {
        "type": "Point",
        "coordinates": [
          133.7992826,
          34.0767385
        ]
      },
      "tippecanoe": {
        "minzoom": 10
      }
    },
    {
      "type": "Feature",
      "properties": {
        "poi_id": "SNT_1511_P0011",
        "route_id": "SNT_1511",
        "source_post_id": 1511,
        "name": "011指導標",
        "kind": "kml_poi",
        "content_id": null
      },
      "geometry": {
        "type": "Point",
        "coordinates": [
          133.7971369,
          34.0775472
        ]
      },
      "tippecanoe": {
        "minzoom": 10
      }
    },
    {
      "type": "Feature",
      "properties": {
        "poi_id": "SNT_1511_P0012",
        "route_id": "SNT_1511",
        "source_post_id": 1511,
        "name": "012案内板（若狭峰）",
        "kind": "kml_poi",
        "content_id": null
      },
      "geometry": {
        "type": "Point",
        "coordinates": [
          133.7922167,
          34.0783397
        ]
      },
      "tippecanoe": {
        "minzoom": 10
      }
    },
    {
      "type": "Feature",
      "properties": {
        "poi_id": "SNT_1511_P0013",
        "route_id": "SNT_1511",
        "source_post_id": 1511,
        "name": "013解説板（野鳥）",
        "kind": "kml_poi",
        "content_id": null
      },
      "geometry": {
        "type": "Point",
        "coordinates": [
          133.7918724,
          34.078074
        ]
      },
      "tippecanoe": {
        "minzoom": 10
      }
    },
    {
      "type": "Feature",
      "properties": {
        "poi_id": "SNT_1511_P0014",
        "route_id": "SNT_1511",
        "source_post_id": 1511,
        "name": "014指導標",
        "kind": "kml_poi",
        "content_id": null
      },
      "geometry": {
        "type": "Point",
        "coordinates": [
          133.7899841,
          34.0783736
        ]
      },
      "tippecanoe": {
        "minzoom": 10
      }
    },
    {
      "type": "Feature",
      "properties": {
        "poi_id": "SNT_1511_P0015",
        "route_id": "SNT_1511",
        "source_post_id": 1511,
        "name": "015指導標",
        "kind": "kml_poi",
        "content_id": null
      },
      "geometry": {
        "type": "Point",
        "coordinates": [
          133.7863095,
          34.0784714
        ]
      },
      "tippecanoe": {
        "minzoom": 10
      }
    },
    {
      "type": "Feature",
      "properties": {
        "poi_id": "SNT_1511_P0016",
        "route_id": "SNT_1511",
        "source_post_id": 1511,
        "name": "016解説板（中蓮寺越えの道）",
        "kind": "kml_poi",
        "content_id": null
      },
      "geometry": {
        "type": "Point",
        "coordinates": [
          133.7852862,
          34.0780281
        ]
      },
      "tippecanoe": {
        "minzoom": 10
      }
    },
    {
      "type": "Feature",
      "properties": {
        "poi_id": "SNT_1511_P0017",
        "route_id": "SNT_1511",
        "source_post_id": 1511,
        "name": "017指導標",
        "kind": "kml_poi",
        "content_id": null
      },
      "geometry": {
        "type": "Point",
        "coordinates": [
          133.7855933,
          34.0795727
        ]
      },
      "tippecanoe": {
        "minzoom": 10
      }
    },
    {
      "type": "Feature",
      "properties": {
        "poi_id": "SNT_1511_P0018",
        "route_id": "SNT_1511",
        "source_post_id": 1511,
        "name": "018指導標",
        "kind": "kml_poi",
        "content_id": null
      },
      "geometry": {
        "type": "Point",
        "coordinates": [
          133.781627,
          34.0803025
        ]
      },
      "tippecanoe": {
        "minzoom": 10
      }
    },
    {
      "type": "Feature",
      "properties": {
        "poi_id": "SNT_1511_P0019",
        "route_id": "SNT_1511",
        "source_post_id": 1511,
        "name": "019休憩所",
        "kind": "kml_poi",
        "content_id": null
      },
      "geometry": {
        "type": "Point",
        "coordinates": [
          133.7785659,
          34.0797679
        ]
      },
      "tippecanoe": {
        "minzoom": 10
      }
    },
    {
      "type": "Feature",
      "properties": {
        "poi_id": "SNT_1511_P0020",
        "route_id": "SNT_1511",
        "source_post_id": 1511,
        "name": "020指導標",
        "kind": "kml_poi",
        "content_id": null
      },
      "geometry": {
        "type": "Point",
        "coordinates": [
          133.7781646,
          34.0805241
        ]
      },
      "tippecanoe": {
        "minzoom": 10
      }
    },
    {
      "type": "Feature",
      "properties": {
        "poi_id": "SNT_1511_P0021",
        "route_id": "SNT_1511",
        "source_post_id": 1511,
        "name": "021ベンチ",
        "kind": "kml_poi",
        "content_id": null
      },
      "geometry": {
        "type": "Point",
        "coordinates": [
          133.7773227,
          34.0804263
        ]
      },
      "tippecanoe": {
        "minzoom": 10
      }
    },
    {
      "type": "Feature",
      "properties": {
        "poi_id": "SNT_1511_P0022",
        "route_id": "SNT_1511",
        "source_post_id": 1511,
        "name": "022指導標",
        "kind": "kml_poi",
        "content_id": null
      },
      "geometry": {
        "type": "Point",
        "coordinates": [
          133.776166,
          34.0806152
        ]
      },
      "tippecanoe": {
        "minzoom": 10
      }
    },
    {
      "type": "Feature",
      "properties": {
        "poi_id": "SNT_1511_P0023",
        "route_id": "SNT_1511",
        "source_post_id": 1511,
        "name": "023もみじ橋",
        "kind": "kml_poi",
        "content_id": null
      },
      "geometry": {
        "type": "Point",
        "coordinates": [
          133.77283,
          34.07873382
        ]
      },
      "tippecanoe": {
        "minzoom": 10
      }
    },
    {
      "type": "Feature",
      "properties": {
        "poi_id": "SNT_1511_P0024",
        "route_id": "SNT_1511",
        "source_post_id": 1511,
        "name": "024指導標",
        "kind": "kml_poi",
        "content_id": null
      },
      "geometry": {
        "type": "Point",
        "coordinates": [
          133.7721296,
          34.0787968
        ]
      },
      "tippecanoe": {
        "minzoom": 10
      }
    },
    {
      "type": "Feature",
      "properties": {
        "poi_id": "SNT_1511_P0025",
        "route_id": "SNT_1511",
        "source_post_id": 1511,
        "name": "025指導標",
        "kind": "kml_poi",
        "content_id": null
      },
      "geometry": {
        "type": "Point",
        "coordinates": [
          133.7708311,
          34.0787254
        ]
      },
      "tippecanoe": {
        "minzoom": 10
      }
    },
    {
      "type": "Feature",
      "properties": {
        "poi_id": "SNT_1511_P0026",
        "route_id": "SNT_1511",
        "source_post_id": 1511,
        "name": "026指導標",
        "kind": "kml_poi",
        "content_id": null
      },
      "geometry": {
        "type": "Point",
        "coordinates": [
          133.7682582,
          34.0791359
        ]
      },
      "tippecanoe": {
        "minzoom": 10
      }
    },
    {
      "type": "Feature",
      "properties": {
        "poi_id": "SNT_1511_P0027",
        "route_id": "SNT_1511",
        "source_post_id": 1511,
        "name": "027解説板、ベンチ",
        "kind": "kml_poi",
        "content_id": null
      },
      "geometry": {
        "type": "Point",
        "coordinates": [
          133.7674636,
          34.078608
        ]
      },
      "tippecanoe": {
        "minzoom": 10
      }
    },
    {
      "type": "Feature",
      "properties": {
        "poi_id": "SNT_1511_P0028",
        "route_id": "SNT_1511",
        "source_post_id": 1511,
        "name": "028指導標",
        "kind": "kml_poi",
        "content_id": null
      },
      "geometry": {
        "type": "Point",
        "coordinates": [
          133.7652447,
          34.0794877
        ]
      },
      "tippecanoe": {
        "minzoom": 10
      }
    },
    {
      "type": "Feature",
      "properties": {
        "poi_id": "SNT_1511_P0029",
        "route_id": "SNT_1511",
        "source_post_id": 1511,
        "name": "029指導標",
        "kind": "kml_poi",
        "content_id": null
      },
      "geometry": {
        "type": "Point",
        "coordinates": [
          133.764253,
          34.081208
        ]
      },
      "tippecanoe": {
        "minzoom": 10
      }
    },
    {
      "type": "Feature",
      "properties": {
        "poi_id": "SNT_1511_P0030",
        "route_id": "SNT_1511",
        "source_post_id": 1511,
        "name": "030案内板、解説板",
        "kind": "kml_poi",
        "content_id": null
      },
      "geometry": {
        "type": "Point",
        "coordinates": [
          133.7624355,
          34.0825118
        ]
      },
      "tippecanoe": {
        "minzoom": 10
      }
    },
    {
      "type": "Feature",
      "properties": {
        "poi_id": "SNT_1511_P0031",
        "route_id": "SNT_1511",
        "source_post_id": 1511,
        "name": "031指導標",
        "kind": "kml_poi",
        "content_id": null
      },
      "geometry": {
        "type": "Point",
        "coordinates": [
          133.7586582,
          34.0840563
        ]
      },
      "tippecanoe": {
        "minzoom": 10
      }
    },
    {
      "type": "Feature",
      "properties": {
        "poi_id": "SNT_1511_P0032",
        "route_id": "SNT_1511",
        "source_post_id": 1511,
        "name": "032指導標",
        "kind": "kml_poi",
        "content_id": null
      },
      "geometry": {
        "type": "Point",
        "coordinates": [
          133.7577691,
          34.0825768
        ]
      },
      "tippecanoe": {
        "minzoom": 10
      }
    },
    {
      "type": "Feature",
      "properties": {
        "poi_id": "SNT_1511_P0033",
        "route_id": "SNT_1511",
        "source_post_id": 1511,
        "name": "033指導標",
        "kind": "kml_poi",
        "content_id": null
      },
      "geometry": {
        "type": "Point",
        "coordinates": [
          133.7564786,
          34.0797091
        ]
      },
      "tippecanoe": {
        "minzoom": 10
      }
    },
    {
      "type": "Feature",
      "properties": {
        "poi_id": "SNT_1511_P0034",
        "route_id": "SNT_1511",
        "source_post_id": 1511,
        "name": "034指導標",
        "kind": "kml_poi",
        "content_id": null
      },
      "geometry": {
        "type": "Point",
        "coordinates": [
          133.7538977,
          34.0779559
        ]
      },
      "tippecanoe": {
        "minzoom": 10
      }
    },
    {
      "type": "Feature",
      "properties": {
        "poi_id": "SNT_1511_P0035",
        "route_id": "SNT_1511",
        "source_post_id": 1511,
        "name": "035指導標",
        "kind": "kml_poi",
        "content_id": null
      },
      "geometry": {
        "type": "Point",
        "coordinates": [
          133.752922,
          34.0768935
        ]
      },
      "tippecanoe": {
        "minzoom": 10
      }
    },
    {
      "type": "Feature",
      "properties": {
        "poi_id": "SNT_1511_P0036",
        "route_id": "SNT_1511",
        "source_post_id": 1511,
        "name": "036指導標",
        "kind": "kml_poi",
        "content_id": null
      },
      "geometry": {
        "type": "Point",
        "coordinates": [
          133.7512617,
          34.0771606
        ]
      },
      "tippecanoe": {
        "minzoom": 10
      }
    },
    {
      "type": "Feature",
      "properties": {
        "poi_id": "SNT_1511_P0037",
        "route_id": "SNT_1511",
        "source_post_id": 1511,
        "name": "037石柱",
        "kind": "kml_poi",
        "content_id": null
      },
      "geometry": {
        "type": "Point",
        "coordinates": [
          133.7490901,
          34.0753164
        ]
      },
      "tippecanoe": {
        "minzoom": 10
      }
    },
    {
      "type": "Feature",
      "properties": {
        "poi_id": "SNT_1511_P0038",
        "route_id": "SNT_1511",
        "source_post_id": 1511,
        "name": "038指導標",
        "kind": "kml_poi",
        "content_id": null
      },
      "geometry": {
        "type": "Point",
        "coordinates": [
          133.7489564,
          34.0748867
        ]
      },
      "tippecanoe": {
        "minzoom": 10
      }
    },
    {
      "type": "Feature",
      "properties": {
        "poi_id": "SNT_1511_P0039",
        "route_id": "SNT_1511",
        "source_post_id": 1511,
        "name": "039指導標",
        "kind": "kml_poi",
        "content_id": null
      },
      "geometry": {
        "type": "Point",
        "coordinates": [
          133.7476946,
          34.0771448
        ]
      },
      "tippecanoe": {
        "minzoom": 10
      }
    },
    {
      "type": "Feature",
      "properties": {
        "poi_id": "SNT_1511_P0040",
        "route_id": "SNT_1511",
        "source_post_id": 1511,
        "name": "040指導標",
        "kind": "kml_poi",
        "content_id": null
      },
      "geometry": {
        "type": "Point",
        "coordinates": [
          133.7467455,
          34.0779565
        ]
      },
      "tippecanoe": {
        "minzoom": 10
      }
    },
    {
      "type": "Feature",
      "properties": {
        "poi_id": "SNT_1511_P0041",
        "route_id": "SNT_1511",
        "source_post_id": 1511,
        "name": "041指導標",
        "kind": "kml_poi",
        "content_id": null
      },
      "geometry": {
        "type": "Point",
        "coordinates": [
          133.7450094,
          34.0794061
        ]
      },
      "tippecanoe": {
        "minzoom": 10
      }
    },
    {
      "type": "Feature",
      "properties": {
        "poi_id": "SNT_1511_P0042",
        "route_id": "SNT_1511",
        "source_post_id": 1511,
        "name": "042解説板（かくれ里）",
        "kind": "kml_poi",
        "content_id": null
      },
      "geometry": {
        "type": "Point",
        "coordinates": [
          133.7450094,
          34.0794061
        ]
      },
      "tippecanoe": {
        "minzoom": 10
      }
    },
    {
      "type": "Feature",
      "properties": {
        "poi_id": "SNT_1511_P0043",
        "route_id": "SNT_1511",
        "source_post_id": 1511,
        "name": "043指導標",
        "kind": "kml_poi",
        "content_id": null
      },
      "geometry": {
        "type": "Point",
        "coordinates": [
          133.7436397,
          34.0803682
        ]
      },
      "tippecanoe": {
        "minzoom": 10
      }
    },
    {
      "type": "Feature",
      "properties": {
        "poi_id": "SNT_1511_P0044",
        "route_id": "SNT_1511",
        "source_post_id": 1511,
        "name": "044指導標、石柱",
        "kind": "kml_poi",
        "content_id": null
      },
      "geometry": {
        "type": "Point",
        "coordinates": [
          133.741639,
          34.0820953
        ]
      },
      "tippecanoe": {
        "minzoom": 10
      }
    },
    {
      "type": "Feature",
      "properties": {
        "poi_id": "SNT_1511_P0045",
        "route_id": "SNT_1511",
        "source_post_id": 1511,
        "name": "045指導標",
        "kind": "kml_poi",
        "content_id": null
      },
      "geometry": {
        "type": "Point",
        "coordinates": [
          133.7410643,
          34.0832096
        ]
      },
      "tippecanoe": {
        "minzoom": 10
      }
    },
    {
      "type": "Feature",
      "properties": {
        "poi_id": "SNT_1511_P0046",
        "route_id": "SNT_1511",
        "source_post_id": 1511,
        "name": "046案内板（逆瀬池）",
        "kind": "kml_poi",
        "content_id": null
      },
      "geometry": {
        "type": "Point",
        "coordinates": [
          133.7401674,
          34.0827012
        ]
      },
      "tippecanoe": {
        "minzoom": 10
      }
    },
    {
      "type": "Feature",
      "properties": {
        "poi_id": "SNT_1511_P0047",
        "route_id": "SNT_1511",
        "source_post_id": 1511,
        "name": "047案内板",
        "kind": "kml_poi",
        "content_id": null
      },
      "geometry": {
        "type": "Point",
        "coordinates": [
          133.7410566,
          34.0833021
        ]
      },
      "tippecanoe": {
        "minzoom": 10
      }
    },
    {
      "type": "Feature",
      "properties": {
        "poi_id": "SNT_1514_P0001",
        "route_id": "SNT_1514",
        "source_post_id": 1514,
        "name": "01案内板（猪ノ鼻峠）",
        "kind": "kml_poi",
        "content_id": null
      },
      "geometry": {
        "type": "Point",
        "coordinates": [
          133.8115944,
          34.0758607
        ]
      },
      "tippecanoe": {
        "minzoom": 10
      }
    },
    {
      "type": "Feature",
      "properties": {
        "poi_id": "SNT_1514_P0002",
        "route_id": "SNT_1514",
        "source_post_id": 1514,
        "name": "02案内板（中蓮寺峰分岐）",
        "kind": "kml_poi",
        "content_id": null
      },
      "geometry": {
        "type": "Point",
        "coordinates": [
          133.8040835,
          34.0714714
        ]
      },
      "tippecanoe": {
        "minzoom": 10
      }
    },
    {
      "type": "Feature",
      "properties": {
        "poi_id": "SNT_1514_P0003",
        "route_id": "SNT_1514",
        "source_post_id": 1514,
        "name": "03指導標",
        "kind": "kml_poi",
        "content_id": null
      },
      "geometry": {
        "type": "Point",
        "coordinates": [
          133.8098197,
          34.0735532
        ]
      },
      "tippecanoe": {
        "minzoom": 10
      }
    },
    {
      "type": "Feature",
      "properties": {
        "poi_id": "SNT_1514_P0004",
        "route_id": "SNT_1514",
        "source_post_id": 1514,
        "name": "04指導標",
        "kind": "kml_poi",
        "content_id": null
      },
      "geometry": {
        "type": "Point",
        "coordinates": [
          133.8118126,
          34.0734465
        ]
      },
      "tippecanoe": {
        "minzoom": 10
      }
    },
    {
      "type": "Feature",
      "properties": {
        "poi_id": "SNT_1514_P0005",
        "route_id": "SNT_1514",
        "source_post_id": 1514,
        "name": "05指導標",
        "kind": "kml_poi",
        "content_id": null
      },
      "geometry": {
        "type": "Point",
        "coordinates": [
          133.8140596,
          34.074977
        ]
      },
      "tippecanoe": {
        "minzoom": 10
      }
    },
    {
      "type": "Feature",
      "properties": {
        "poi_id": "SNT_1514_P0006",
        "route_id": "SNT_1514",
        "source_post_id": 1514,
        "name": "06ベンチ",
        "kind": "kml_poi",
        "content_id": null
      },
      "geometry": {
        "type": "Point",
        "coordinates": [
          133.8179035,
          34.0722462
        ]
      },
      "tippecanoe": {
        "minzoom": 10
      }
    },
    {
      "type": "Feature",
      "properties": {
        "poi_id": "SNT_1514_P0007",
        "route_id": "SNT_1514",
        "source_post_id": 1514,
        "name": "07指導標",
        "kind": "kml_poi",
        "content_id": null
      },
      "geometry": {
        "type": "Point",
        "coordinates": [
          133.8191008,
          34.073128
        ]
      },
      "tippecanoe": {
        "minzoom": 10
      }
    },
    {
      "type": "Feature",
      "properties": {
        "poi_id": "SNT_1514_P0008",
        "route_id": "SNT_1514",
        "source_post_id": 1514,
        "name": "08解説版",
        "kind": "kml_poi",
        "content_id": null
      },
      "geometry": {
        "type": "Point",
        "coordinates": [
          133.818894,
          34.0786138
        ]
      },
      "tippecanoe": {
        "minzoom": 10
      }
    },
    {
      "type": "Feature",
      "properties": {
        "poi_id": "SNT_1514_P0009",
        "route_id": "SNT_1514",
        "source_post_id": 1514,
        "name": "09指導標",
        "kind": "kml_poi",
        "content_id": null
      },
      "geometry": {
        "type": "Point",
        "coordinates": [
          133.818724,
          34.0793222
        ]
      },
      "tippecanoe": {
        "minzoom": 10
      }
    },
    {
      "type": "Feature",
      "properties": {
        "poi_id": "SNT_1514_P0010",
        "route_id": "SNT_1514",
        "source_post_id": 1514,
        "name": "10二軒茶屋",
        "kind": "kml_poi",
        "content_id": null
      },
      "geometry": {
        "type": "Point",
        "coordinates": [
          133.8194401,
          34.08015
        ]
      },
      "tippecanoe": {
        "minzoom": 10
      }
    },
    {
      "type": "Feature",
      "properties": {
        "poi_id": "SNT_1514_P0011",
        "route_id": "SNT_1514",
        "source_post_id": 1514,
        "name": "11指導標",
        "kind": "kml_poi",
        "content_id": null
      },
      "geometry": {
        "type": "Point",
        "coordinates": [
          133.8225049,
          34.0871479
        ]
      },
      "tippecanoe": {
        "minzoom": 10
      }
    },
    {
      "type": "Feature",
      "properties": {
        "poi_id": "SNT_1514_P0012",
        "route_id": "SNT_1514",
        "source_post_id": 1514,
        "name": "12石柱",
        "kind": "kml_poi",
        "content_id": null
      },
      "geometry": {
        "type": "Point",
        "coordinates": [
          133.8219228,
          34.0890052
        ]
      },
      "tippecanoe": {
        "minzoom": 10
      }
    },
    {
      "type": "Feature",
      "properties": {
        "poi_id": "SNT_1514_P0013",
        "route_id": "SNT_1514",
        "source_post_id": 1514,
        "name": "13分岐",
        "kind": "kml_poi",
        "content_id": null
      },
      "geometry": {
        "type": "Point",
        "coordinates": [
          133.8217495,
          34.0897852
        ]
      },
      "tippecanoe": {
        "minzoom": 10
      }
    },
    {
      "type": "Feature",
      "properties": {
        "poi_id": "SNT_1514_P0014",
        "route_id": "SNT_1514",
        "source_post_id": 1514,
        "name": "14指導標",
        "kind": "kml_poi",
        "content_id": null
      },
      "geometry": {
        "type": "Point",
        "coordinates": [
          133.8214307,
          34.0911385
        ]
      },
      "tippecanoe": {
        "minzoom": 10
      }
    },
    {
      "type": "Feature",
      "properties": {
        "poi_id": "SNT_1514_P0015",
        "route_id": "SNT_1514",
        "source_post_id": 1514,
        "name": "15解説版、ベンチ",
        "kind": "kml_poi",
        "content_id": null
      },
      "geometry": {
        "type": "Point",
        "coordinates": [
          133.8222326,
          34.0923341
        ]
      },
      "tippecanoe": {
        "minzoom": 10
      }
    },
    {
      "type": "Feature",
      "properties": {
        "poi_id": "SNT_1514_P0016",
        "route_id": "SNT_1514",
        "source_post_id": 1514,
        "name": "16石仏",
        "kind": "kml_poi",
        "content_id": null
      },
      "geometry": {
        "type": "Point",
        "coordinates": [
          133.8219419,
          34.0922619
        ]
      },
      "tippecanoe": {
        "minzoom": 10
      }
    },
    {
      "type": "Feature",
      "properties": {
        "poi_id": "SNT_1514_P0017",
        "route_id": "SNT_1514",
        "source_post_id": 1514,
        "name": "17解説、指導標（薬師さん）",
        "kind": "kml_poi",
        "content_id": null
      },
      "geometry": {
        "type": "Point",
        "coordinates": [
          133.8221994,
          34.0927009
        ]
      },
      "tippecanoe": {
        "minzoom": 10
      }
    },
    {
      "type": "Feature",
      "properties": {
        "poi_id": "SNT_1514_P0018",
        "route_id": "SNT_1514",
        "source_post_id": 1514,
        "name": "18休憩所",
        "kind": "kml_poi",
        "content_id": null
      },
      "geometry": {
        "type": "Point",
        "coordinates": [
          133.8203906,
          34.0995472
        ]
      },
      "tippecanoe": {
        "minzoom": 10
      }
    },
    {
      "type": "Feature",
      "properties": {
        "poi_id": "SNT_1514_P0019",
        "route_id": "SNT_1514",
        "source_post_id": 1514,
        "name": "19指導標",
        "kind": "kml_poi",
        "content_id": null
      },
      "geometry": {
        "type": "Point",
        "coordinates": [
          133.8163465,
          34.104369
        ]
      },
      "tippecanoe": {
        "minzoom": 10
      }
    },
    {
      "type": "Feature",
      "properties": {
        "poi_id": "SNT_1514_P0020",
        "route_id": "SNT_1514",
        "source_post_id": 1514,
        "name": "20指導標",
        "kind": "kml_poi",
        "content_id": null
      },
      "geometry": {
        "type": "Point",
        "coordinates": [
          133.8152485,
          34.1072286
        ]
      },
      "tippecanoe": {
        "minzoom": 10
      }
    },
    {
      "type": "Feature",
      "properties": {
        "poi_id": "SNT_1514_P0021",
        "route_id": "SNT_1514",
        "source_post_id": 1514,
        "name": "21林道",
        "kind": "kml_poi",
        "content_id": null
      },
      "geometry": {
        "type": "Point",
        "coordinates": [
          133.8141347,
          34.1073605
        ]
      },
      "tippecanoe": {
        "minzoom": 10
      }
    },
    {
      "type": "Feature",
      "properties": {
        "poi_id": "SNT_1514_P0022",
        "route_id": "SNT_1514",
        "source_post_id": 1514,
        "name": "22入口",
        "kind": "kml_poi",
        "content_id": null
      },
      "geometry": {
        "type": "Point",
        "coordinates": [
          133.8160126,
          34.1120116
        ]
      },
      "tippecanoe": {
        "minzoom": 10
      }
    },
    {
      "type": "Feature",
      "properties": {
        "poi_id": "SNT_1514_P0023",
        "route_id": "SNT_1514",
        "source_post_id": 1514,
        "name": "23解説版",
        "kind": "kml_poi",
        "content_id": null
      },
      "geometry": {
        "type": "Point",
        "coordinates": [
          133.8162922,
          34.1123986
        ]
      },
      "tippecanoe": {
        "minzoom": 10
      }
    },
    {
      "type": "Feature",
      "properties": {
        "poi_id": "SNT_258_P0001",
        "route_id": "SNT_258",
        "source_post_id": 258,
        "name": "01 さぬきさいだ駅（讃岐財田駅）",
        "kind": "kml_poi",
        "content_id": null
      },
      "geometry": {
        "type": "Point",
        "coordinates": [
          133.8143151,
          34.1174686
        ]
      },
      "tippecanoe": {
        "minzoom": 10
      }
    },
    {
      "type": "Feature",
      "properties": {
        "poi_id": "SNT_258_P0002",
        "route_id": "SNT_258",
        "source_post_id": 258,
        "name": "02 指導標",
        "kind": "kml_poi",
        "content_id": null
      },
      "geometry": {
        "type": "Point",
        "coordinates": [
          133.820688,
          34.1214217
        ]
      },
      "tippecanoe": {
        "minzoom": 10
      }
    },
    {
      "type": "Feature",
      "properties": {
        "poi_id": "SNT_258_P0003",
        "route_id": "SNT_258",
        "source_post_id": 258,
        "name": "03 鷲尾神社",
        "kind": "kml_poi",
        "content_id": null
      },
      "geometry": {
        "type": "Point",
        "coordinates": [
          133.8260229,
          34.1349685
        ]
      },
      "tippecanoe": {
        "minzoom": 10
      }
    },
    {
      "type": "Feature",
      "properties": {
        "poi_id": "SNT_258_P0004",
        "route_id": "SNT_258",
        "source_post_id": 258,
        "name": "04 指導標",
        "kind": "kml_poi",
        "content_id": null
      },
      "geometry": {
        "type": "Point",
        "coordinates": [
          133.8476362,
          34.1427033
        ]
      },
      "tippecanoe": {
        "minzoom": 10
      }
    },
    {
      "type": "Feature",
      "properties": {
        "poi_id": "SNT_258_P0005",
        "route_id": "SNT_258",
        "source_post_id": 258,
        "name": "05 休憩所",
        "kind": "kml_poi",
        "content_id": null
      },
      "geometry": {
        "type": "Point",
        "coordinates": [
          133.8316861,
          34.1385633
        ]
      },
      "tippecanoe": {
        "minzoom": 10
      }
    },
    {
      "type": "Feature",
      "properties": {
        "poi_id": "SNT_258_P0006",
        "route_id": "SNT_258",
        "source_post_id": 258,
        "name": "06 塩入駅",
        "kind": "kml_poi",
        "content_id": null
      },
      "geometry": {
        "type": "Point",
        "coordinates": [
          133.8501497,
          34.1558999
        ]
      },
      "tippecanoe": {
        "minzoom": 10
      }
    },
    {
      "type": "Feature",
      "properties": {
        "poi_id": "SNT_290_P0001",
        "route_id": "SNT_290",
        "source_post_id": 290,
        "name": "01 長炭橋案内板",
        "kind": "kml_poi",
        "content_id": null
      },
      "geometry": {
        "type": "Point",
        "coordinates": [
          133.8802082,
          34.1810244
        ]
      },
      "tippecanoe": {
        "minzoom": 10
      }
    },
    {
      "type": "Feature",
      "properties": {
        "poi_id": "SNT_290_P0002",
        "route_id": "SNT_290",
        "source_post_id": 290,
        "name": "02 指導標",
        "kind": "kml_poi",
        "content_id": null
      },
      "geometry": {
        "type": "Point",
        "coordinates": [
          133.871888,
          34.1661978
        ]
      },
      "tippecanoe": {
        "minzoom": 10
      }
    },
    {
      "type": "Feature",
      "properties": {
        "poi_id": "SNT_290_P0003",
        "route_id": "SNT_290",
        "source_post_id": 290,
        "name": "03 解説板",
        "kind": "kml_poi",
        "content_id": null
      },
      "geometry": {
        "type": "Point",
        "coordinates": [
          133.8690965,
          34.1666463
        ]
      },
      "tippecanoe": {
        "minzoom": 10
      }
    },
    {
      "type": "Feature",
      "properties": {
        "poi_id": "SNT_290_P0004",
        "route_id": "SNT_290",
        "source_post_id": 290,
        "name": "かりん亭",
        "kind": "kml_poi",
        "content_id": null
      },
      "geometry": {
        "type": "Point",
        "coordinates": [
          133.8662732,
          34.1659439
        ]
      },
      "tippecanoe": {
        "minzoom": 10
      }
    },
    {
      "type": "Feature",
      "properties": {
        "poi_id": "SNT_290_P0005",
        "route_id": "SNT_290",
        "source_post_id": 290,
        "name": "05 神野神社",
        "kind": "kml_poi",
        "content_id": null
      },
      "geometry": {
        "type": "Point",
        "coordinates": [
          133.8660053,
          34.1657767
        ]
      },
      "tippecanoe": {
        "minzoom": 10
      }
    },
    {
      "type": "Feature",
      "properties": {
        "poi_id": "SNT_290_P0006",
        "route_id": "SNT_290",
        "source_post_id": 290,
        "name": "06 まんのう池撮影スポット",
        "kind": "kml_poi",
        "content_id": null
      },
      "geometry": {
        "type": "Point",
        "coordinates": [
          133.8652553,
          34.1644526
        ]
      },
      "tippecanoe": {
        "minzoom": 10
      }
    },
    {
      "type": "Feature",
      "properties": {
        "poi_id": "SNT_290_P0007",
        "route_id": "SNT_290",
        "source_post_id": 290,
        "name": "07 ミニ88カ所",
        "kind": "kml_poi",
        "content_id": null
      },
      "geometry": {
        "type": "Point",
        "coordinates": [
          133.8627581,
          34.1634772
        ]
      },
      "tippecanoe": {
        "minzoom": 10
      }
    },
    {
      "type": "Feature",
      "properties": {
        "poi_id": "SNT_290_P0008",
        "route_id": "SNT_290",
        "source_post_id": 290,
        "name": "08 満濃池森林公園入口",
        "kind": "kml_poi",
        "content_id": null
      },
      "geometry": {
        "type": "Point",
        "coordinates": [
          133.8624537,
          34.1604088
        ]
      },
      "tippecanoe": {
        "minzoom": 10
      }
    },
    {
      "type": "Feature",
      "properties": {
        "poi_id": "SNT_290_P0009",
        "route_id": "SNT_290",
        "source_post_id": 290,
        "name": "09 休憩所",
        "kind": "kml_poi",
        "content_id": null
      },
      "geometry": {
        "type": "Point",
        "coordinates": [
          133.8634428,
          34.1585767
        ]
      },
      "tippecanoe": {
        "minzoom": 10
      }
    },
    {
      "type": "Feature",
      "properties": {
        "poi_id": "SNT_290_P0010",
        "route_id": "SNT_290",
        "source_post_id": 290,
        "name": "10 案内板",
        "kind": "kml_poi",
        "content_id": null
      },
      "geometry": {
        "type": "Point",
        "coordinates": [
          133.8647939,
          34.156381
        ]
      },
      "tippecanoe": {
        "minzoom": 10
      }
    },
    {
      "type": "Feature",
      "properties": {
        "poi_id": "SNT_290_P0011",
        "route_id": "SNT_290",
        "source_post_id": 290,
        "name": "11 指導標",
        "kind": "kml_poi",
        "content_id": null
      },
      "geometry": {
        "type": "Point",
        "coordinates": [
          133.8636034,
          34.1573712
        ]
      },
      "tippecanoe": {
        "minzoom": 10
      }
    },
    {
      "type": "Feature",
      "properties": {
        "poi_id": "SNT_290_P0012",
        "route_id": "SNT_290",
        "source_post_id": 290,
        "name": "12 指導標",
        "kind": "kml_poi",
        "content_id": null
      },
      "geometry": {
        "type": "Point",
        "coordinates": [
          133.8626009,
          34.1581319
        ]
      },
      "tippecanoe": {
        "minzoom": 10
      }
    },
    {
      "type": "Feature",
      "properties": {
        "poi_id": "SNT_290_P0013",
        "route_id": "SNT_290",
        "source_post_id": 290,
        "name": "13 指導標",
        "kind": "kml_poi",
        "content_id": null
      },
      "geometry": {
        "type": "Point",
        "coordinates": [
          133.8595291,
          34.1591634
        ]
      },
      "tippecanoe": {
        "minzoom": 10
      }
    },
    {
      "type": "Feature",
      "properties": {
        "poi_id": "SNT_290_P0014",
        "route_id": "SNT_290",
        "source_post_id": 290,
        "name": "14 指導標",
        "kind": "kml_poi",
        "content_id": null
      },
      "geometry": {
        "type": "Point",
        "coordinates": [
          133.8541969,
          34.1557434
        ]
      },
      "tippecanoe": {
        "minzoom": 10
      }
    },
    {
      "type": "Feature",
      "properties": {
        "poi_id": "SNT_290_P0015",
        "route_id": "SNT_290",
        "source_post_id": 290,
        "name": "15 塩入駅",
        "kind": "kml_poi",
        "content_id": null
      },
      "geometry": {
        "type": "Point",
        "coordinates": [
          133.8501497,
          34.1558999
        ]
      },
      "tippecanoe": {
        "minzoom": 10
      }
    },
    {
      "type": "Feature",
      "properties": {
        "poi_id": "SNT_290_P0016",
        "route_id": "SNT_290",
        "source_post_id": 290,
        "name": "白鳥神社",
        "kind": "kml_poi",
        "content_id": null
      },
      "geometry": {
        "type": "Point",
        "coordinates": [
          133.8554283,
          34.1537347
        ]
      },
      "tippecanoe": {
        "minzoom": 10
      }
    },
    {
      "type": "Feature",
      "properties": {
        "poi_id": "SNT_5543_P0001",
        "route_id": "SNT_5543",
        "source_post_id": 5543,
        "name": "土器川",
        "kind": "tourism_spot",
        "content_id": "SNT_5543_S001"
      },
      "geometry": {
        "type": "Point",
        "coordinates": [
          133.881233,
          34.182023
        ]
      },
      "tippecanoe": {
        "minzoom": 10
      }
    },
    {
      "type": "Feature",
      "properties": {
        "poi_id": "SNT_5543_P0002",
        "route_id": "SNT_5543",
        "source_post_id": 5543,
        "name": "金剛院",
        "kind": "kml_poi",
        "content_id": null
      },
      "geometry": {
        "type": "Point",
        "coordinates": [
          133.893117,
          34.198775
        ]
      },
      "tippecanoe": {
        "minzoom": 10
      }
    },
    {
      "type": "Feature",
      "properties": {
        "poi_id": "SNT_5543_P0003",
        "route_id": "SNT_5543",
        "source_post_id": 5543,
        "name": "西行法師の石像",
        "kind": "tourism_spot",
        "content_id": "SNT_5543_S003"
      },
      "geometry": {
        "type": "Point",
        "coordinates": [
          133.91177,
          34.2061
        ]
      },
      "tippecanoe": {
        "minzoom": 10
      }
    },
    {
      "type": "Feature",
      "properties": {
        "poi_id": "SNT_5543_P0004",
        "route_id": "SNT_5543",
        "source_post_id": 5543,
        "name": "大桑池",
        "kind": "tourism_spot",
        "content_id": "SNT_5543_S004"
      },
      "geometry": {
        "type": "Point",
        "coordinates": [
          133.932317,
          34.200494
        ]
      },
      "tippecanoe": {
        "minzoom": 10
      }
    },
    {
      "type": "Feature",
      "properties": {
        "poi_id": "SNT_5543_P0005",
        "route_id": "SNT_5543",
        "source_post_id": 5543,
        "name": "香川の保存木「大将軍神社のアベマキ」",
        "kind": "tourism_spot",
        "content_id": "SNT_5543_S005"
      },
      "geometry": {
        "type": "Point",
        "coordinates": [
          133.942619,
          34.201067
        ]
      },
      "tippecanoe": {
        "minzoom": 10
      }
    },
    {
      "type": "Feature",
      "properties": {
        "poi_id": "SNT_5543_P0006",
        "route_id": "SNT_5543",
        "source_post_id": 5543,
        "name": "椎尾八幡神社",
        "kind": "kml_poi",
        "content_id": null
      },
      "geometry": {
        "type": "Point",
        "coordinates": [
          133.948567,
          34.200537
        ]
      },
      "tippecanoe": {
        "minzoom": 10
      }
    },
    {
      "type": "Feature",
      "properties": {
        "poi_id": "SNT_5543_P0007",
        "route_id": "SNT_5543",
        "source_post_id": 5543,
        "name": "案内板",
        "kind": "kml_poi",
        "content_id": null
      },
      "geometry": {
        "type": "Point",
        "coordinates": [
          133.88023,
          34.181078
        ]
      },
      "tippecanoe": {
        "minzoom": 10
      }
    },
    {
      "type": "Feature",
      "properties": {
        "poi_id": "SNT_5543_P0008",
        "route_id": "SNT_5543",
        "source_post_id": 5543,
        "name": "指導標",
        "kind": "kml_poi",
        "content_id": null
      },
      "geometry": {
        "type": "Point",
        "coordinates": [
          133.886014,
          34.184863
        ]
      },
      "tippecanoe": {
        "minzoom": 10
      }
    },
    {
      "type": "Feature",
      "properties": {
        "poi_id": "SNT_5543_P0009",
        "route_id": "SNT_5543",
        "source_post_id": 5543,
        "name": "指導標",
        "kind": "kml_poi",
        "content_id": null
      },
      "geometry": {
        "type": "Point",
        "coordinates": [
          133.890359,
          34.187881
        ]
      },
      "tippecanoe": {
        "minzoom": 10
      }
    },
    {
      "type": "Feature",
      "properties": {
        "poi_id": "SNT_5543_P0010",
        "route_id": "SNT_5543",
        "source_post_id": 5543,
        "name": "大水島神社",
        "kind": "kml_poi",
        "content_id": null
      },
      "geometry": {
        "type": "Point",
        "coordinates": [
          133.892367,
          34.197216
        ]
      },
      "tippecanoe": {
        "minzoom": 10
      }
    },
    {
      "type": "Feature",
      "properties": {
        "poi_id": "SNT_5543_P0011",
        "route_id": "SNT_5543",
        "source_post_id": 5543,
        "name": "指導標",
        "kind": "kml_poi",
        "content_id": null
      },
      "geometry": {
        "type": "Point",
        "coordinates": [
          133.896544,
          34.196953
        ]
      },
      "tippecanoe": {
        "minzoom": 10
      }
    },
    {
      "type": "Feature",
      "properties": {
        "poi_id": "SNT_5543_P0012",
        "route_id": "SNT_5543",
        "source_post_id": 5543,
        "name": "指導標",
        "kind": "kml_poi",
        "content_id": null
      },
      "geometry": {
        "type": "Point",
        "coordinates": [
          133.906214,
          34.199636
        ]
      },
      "tippecanoe": {
        "minzoom": 10
      }
    },
    {
      "type": "Feature",
      "properties": {
        "poi_id": "SNT_5543_P0013",
        "route_id": "SNT_5543",
        "source_post_id": 5543,
        "name": "案内板",
        "kind": "kml_poi",
        "content_id": null
      },
      "geometry": {
        "type": "Point",
        "coordinates": [
          133.919641,
          34.207459
        ]
      },
      "tippecanoe": {
        "minzoom": 10
      }
    },
    {
      "type": "Feature",
      "properties": {
        "poi_id": "SNT_5543_P0014",
        "route_id": "SNT_5543",
        "source_post_id": 5543,
        "name": "指導標",
        "kind": "kml_poi",
        "content_id": null
      },
      "geometry": {
        "type": "Point",
        "coordinates": [
          133.939483,
          34.202429
        ]
      },
      "tippecanoe": {
        "minzoom": 10
      }
    },
    {
      "type": "Feature",
      "properties": {
        "poi_id": "SNT_5543_P0015",
        "route_id": "SNT_5543",
        "source_post_id": 5543,
        "name": "指導標(椎野八幡神社前)",
        "kind": "kml_poi",
        "content_id": null
      },
      "geometry": {
        "type": "Point",
        "coordinates": [
          133.948597,
          34.201076
        ]
      },
      "tippecanoe": {
        "minzoom": 10
      }
    },
    {
      "type": "Feature",
      "properties": {
        "poi_id": "SNT_5717_P0001",
        "route_id": "SNT_5717",
        "source_post_id": 5717,
        "name": "椎尾八幡神社の森",
        "kind": "tourism_spot",
        "content_id": "SNT_5717_S001"
      },
      "geometry": {
        "type": "Point",
        "coordinates": [
          133.948567,
          34.200537
        ]
      },
      "tippecanoe": {
        "minzoom": 10
      }
    },
    {
      "type": "Feature",
      "properties": {
        "poi_id": "SNT_5717_P0002",
        "route_id": "SNT_5717",
        "source_post_id": 5717,
        "name": "高山航空公園",
        "kind": "tourism_spot",
        "content_id": "SNT_5717_S002"
      },
      "geometry": {
        "type": "Point",
        "coordinates": [
          133.967374,
          34.202281
        ]
      },
      "tippecanoe": {
        "minzoom": 10
      }
    },
    {
      "type": "Feature",
      "properties": {
        "poi_id": "SNT_5717_P0003",
        "route_id": "SNT_5717",
        "source_post_id": 5717,
        "name": "長柄ダム",
        "kind": "tourism_spot",
        "content_id": "SNT_5717_S003"
      },
      "geometry": {
        "type": "Point",
        "coordinates": [
          133.976781,
          34.196045
        ]
      },
      "tippecanoe": {
        "minzoom": 10
      }
    },
    {
      "type": "Feature",
      "properties": {
        "poi_id": "SNT_5717_P0004",
        "route_id": "SNT_5717",
        "source_post_id": 5717,
        "name": "馬渕大師堂",
        "kind": "tourism_spot",
        "content_id": "SNT_5717_S004"
      },
      "geometry": {
        "type": "Point",
        "coordinates": [
          133.977437,
          34.199066
        ]
      },
      "tippecanoe": {
        "minzoom": 10
      }
    },
    {
      "type": "Feature",
      "properties": {
        "poi_id": "SNT_5717_P0005",
        "route_id": "SNT_5717",
        "source_post_id": 5717,
        "name": "西ノ宮神社の森",
        "kind": "tourism_spot",
        "content_id": "SNT_5717_S005"
      },
      "geometry": {
        "type": "Point",
        "coordinates": [
          133.985052,
          34.206177
        ]
      },
      "tippecanoe": {
        "minzoom": 10
      }
    },
    {
      "type": "Feature",
      "properties": {
        "poi_id": "SNT_5717_P0006",
        "route_id": "SNT_5717",
        "source_post_id": 5717,
        "name": "指導標",
        "kind": "kml_poi",
        "content_id": null
      },
      "geometry": {
        "type": "Point",
        "coordinates": [
          133.954404,
          34.195913
        ]
      },
      "tippecanoe": {
        "minzoom": 10
      }
    },
    {
      "type": "Feature",
      "properties": {
        "poi_id": "SNT_5717_P0007",
        "route_id": "SNT_5717",
        "source_post_id": 5717,
        "name": "指導標",
        "kind": "kml_poi",
        "content_id": null
      },
      "geometry": {
        "type": "Point",
        "coordinates": [
          133.960241,
          34.197508
        ]
      },
      "tippecanoe": {
        "minzoom": 10
      }
    },
    {
      "type": "Feature",
      "properties": {
        "poi_id": "SNT_5717_P0008",
        "route_id": "SNT_5717",
        "source_post_id": 5717,
        "name": "指導標",
        "kind": "kml_poi",
        "content_id": null
      },
      "geometry": {
        "type": "Point",
        "coordinates": [
          133.963086,
          34.194783
        ]
      },
      "tippecanoe": {
        "minzoom": 10
      }
    },
    {
      "type": "Feature",
      "properties": {
        "poi_id": "SNT_5717_P0009",
        "route_id": "SNT_5717",
        "source_post_id": 5717,
        "name": "迂回案内",
        "kind": "kml_poi",
        "content_id": null
      },
      "geometry": {
        "type": "Point",
        "coordinates": [
          133.969857,
          34.20167
        ]
      },
      "tippecanoe": {
        "minzoom": 10
      }
    },
    {
      "type": "Feature",
      "properties": {
        "poi_id": "SNT_5717_P0010",
        "route_id": "SNT_5717",
        "source_post_id": 5717,
        "name": "迂回案内",
        "kind": "kml_poi",
        "content_id": null
      },
      "geometry": {
        "type": "Point",
        "coordinates": [
          133.977181,
          34.201101
        ]
      },
      "tippecanoe": {
        "minzoom": 10
      }
    },
    {
      "type": "Feature",
      "properties": {
        "poi_id": "SNT_5717_P0011",
        "route_id": "SNT_5717",
        "source_post_id": 5717,
        "name": "案内板",
        "kind": "kml_poi",
        "content_id": null
      },
      "geometry": {
        "type": "Point",
        "coordinates": [
          133.987627,
          34.206677
        ]
      },
      "tippecanoe": {
        "minzoom": 10
      }
    },
    {
      "type": "Feature",
      "properties": {
        "poi_id": "SNT_2826_P0001",
        "route_id": "SNT_2826",
        "source_post_id": 2826,
        "name": "案内板",
        "kind": "kml_poi",
        "content_id": null
      },
      "geometry": {
        "type": "Point",
        "coordinates": [
          133.9877101,
          34.2065995
        ]
      },
      "tippecanoe": {
        "minzoom": 10
      }
    },
    {
      "type": "Feature",
      "properties": {
        "poi_id": "SNT_2826_P0002",
        "route_id": "SNT_2826",
        "source_post_id": 2826,
        "name": "赤い橋渡る",
        "kind": "kml_poi",
        "content_id": null
      },
      "geometry": {
        "type": "Point",
        "coordinates": [
          133.9858819,
          34.2090088
        ]
      },
      "tippecanoe": {
        "minzoom": 10
      }
    },
    {
      "type": "Feature",
      "properties": {
        "poi_id": "SNT_2826_P0003",
        "route_id": "SNT_2826",
        "source_post_id": 2826,
        "name": "県道横切る",
        "kind": "kml_poi",
        "content_id": null
      },
      "geometry": {
        "type": "Point",
        "coordinates": [
          133.9804679,
          34.21364
        ]
      },
      "tippecanoe": {
        "minzoom": 10
      }
    },
    {
      "type": "Feature",
      "properties": {
        "poi_id": "SNT_2826_P0004",
        "route_id": "SNT_2826",
        "source_post_id": 2826,
        "name": "池横のみち",
        "kind": "kml_poi",
        "content_id": null
      },
      "geometry": {
        "type": "Point",
        "coordinates": [
          133.9848137,
          34.2147305
        ]
      },
      "tippecanoe": {
        "minzoom": 10
      }
    },
    {
      "type": "Feature",
      "properties": {
        "poi_id": "SNT_2826_P0005",
        "route_id": "SNT_2826",
        "source_post_id": 2826,
        "name": "首切り地蔵",
        "kind": "kml_poi",
        "content_id": null
      },
      "geometry": {
        "type": "Point",
        "coordinates": [
          133.9862871,
          34.2157025
        ]
      },
      "tippecanoe": {
        "minzoom": 10
      }
    },
    {
      "type": "Feature",
      "properties": {
        "poi_id": "SNT_2826_P0006",
        "route_id": "SNT_2826",
        "source_post_id": 2826,
        "name": "指導標",
        "kind": "kml_poi",
        "content_id": null
      },
      "geometry": {
        "type": "Point",
        "coordinates": [
          133.986886,
          34.219041
        ]
      },
      "tippecanoe": {
        "minzoom": 10
      }
    },
    {
      "type": "Feature",
      "properties": {
        "poi_id": "SNT_2826_P0007",
        "route_id": "SNT_2826",
        "source_post_id": 2826,
        "name": "池前からの景色",
        "kind": "kml_poi",
        "content_id": null
      },
      "geometry": {
        "type": "Point",
        "coordinates": [
          133.987525,
          34.21946
        ]
      },
      "tippecanoe": {
        "minzoom": 10
      }
    },
    {
      "type": "Feature",
      "properties": {
        "poi_id": "SNT_2826_P0008",
        "route_id": "SNT_2826",
        "source_post_id": 2826,
        "name": "指導標",
        "kind": "kml_poi",
        "content_id": null
      },
      "geometry": {
        "type": "Point",
        "coordinates": [
          133.989829,
          34.219779
        ]
      },
      "tippecanoe": {
        "minzoom": 10
      }
    },
    {
      "type": "Feature",
      "properties": {
        "poi_id": "SNT_2826_P0009",
        "route_id": "SNT_2826",
        "source_post_id": 2826,
        "name": "指導標",
        "kind": "kml_poi",
        "content_id": null
      },
      "geometry": {
        "type": "Point",
        "coordinates": [
          133.9897002,
          34.2219391
        ]
      },
      "tippecanoe": {
        "minzoom": 10
      }
    },
    {
      "type": "Feature",
      "properties": {
        "poi_id": "SNT_2826_P0010",
        "route_id": "SNT_2826",
        "source_post_id": 2826,
        "name": "指導標",
        "kind": "kml_poi",
        "content_id": null
      },
      "geometry": {
        "type": "Point",
        "coordinates": [
          133.9984099,
          34.2212036
        ]
      },
      "tippecanoe": {
        "minzoom": 10
      }
    },
    {
      "type": "Feature",
      "properties": {
        "poi_id": "SNT_2826_P0011",
        "route_id": "SNT_2826",
        "source_post_id": 2826,
        "name": "「音谷池」の地名板",
        "kind": "kml_poi",
        "content_id": null
      },
      "geometry": {
        "type": "Point",
        "coordinates": [
          134.0057492,
          34.2311033
        ]
      },
      "tippecanoe": {
        "minzoom": 10
      }
    },
    {
      "type": "Feature",
      "properties": {
        "poi_id": "SNT_2826_P0012",
        "route_id": "SNT_2826",
        "source_post_id": 2826,
        "name": "夫婦池",
        "kind": "kml_poi",
        "content_id": null
      },
      "geometry": {
        "type": "Point",
        "coordinates": [
          134.0114911,
          34.2303111
        ]
      },
      "tippecanoe": {
        "minzoom": 10
      }
    },
    {
      "type": "Feature",
      "properties": {
        "poi_id": "SNT_2826_P0013",
        "route_id": "SNT_2826",
        "source_post_id": 2826,
        "name": "天福寺",
        "kind": "tourism_spot",
        "content_id": "SNT_2826_S004"
      },
      "geometry": {
        "type": "Point",
        "coordinates": [
          134.018244,
          34.2298756
        ]
      },
      "tippecanoe": {
        "minzoom": 10
      }
    },
    {
      "type": "Feature",
      "properties": {
        "poi_id": "SNT_2826_P0014",
        "route_id": "SNT_2826",
        "source_post_id": 2826,
        "name": "岡集会所横の土のみち",
        "kind": "kml_poi",
        "content_id": null
      },
      "geometry": {
        "type": "Point",
        "coordinates": [
          134.0216043,
          34.2319385
        ]
      },
      "tippecanoe": {
        "minzoom": 10
      }
    },
    {
      "type": "Feature",
      "properties": {
        "poi_id": "SNT_2826_P0015",
        "route_id": "SNT_2826",
        "source_post_id": 2826,
        "name": "ブロッコリー畑越しに",
        "kind": "kml_poi",
        "content_id": null
      },
      "geometry": {
        "type": "Point",
        "coordinates": [
          134.0218356,
          34.2331037
        ]
      },
      "tippecanoe": {
        "minzoom": 10
      }
    },
    {
      "type": "Feature",
      "properties": {
        "poi_id": "SNT_2826_P0016",
        "route_id": "SNT_2826",
        "source_post_id": 2826,
        "name": "竜満池",
        "kind": "tourism_spot",
        "content_id": "SNT_2826_S007"
      },
      "geometry": {
        "type": "Point",
        "coordinates": [
          134.0333661,
          34.2431784
        ]
      },
      "tippecanoe": {
        "minzoom": 10
      }
    },
    {
      "type": "Feature",
      "properties": {
        "poi_id": "SNT_2826_P0017",
        "route_id": "SNT_2826",
        "source_post_id": 2826,
        "name": "川東八幡神社",
        "kind": "kml_poi",
        "content_id": null
      },
      "geometry": {
        "type": "Point",
        "coordinates": [
          134.0356551,
          34.2450578
        ]
      },
      "tippecanoe": {
        "minzoom": 10
      }
    },
    {
      "type": "Feature",
      "properties": {
        "poi_id": "SNT_2826_P0018",
        "route_id": "SNT_2826",
        "source_post_id": 2826,
        "name": "油山休憩所",
        "kind": "kml_poi",
        "content_id": null
      },
      "geometry": {
        "type": "Point",
        "coordinates": [
          134.0381778,
          34.2464824
        ]
      },
      "tippecanoe": {
        "minzoom": 10
      }
    },
    {
      "type": "Feature",
      "properties": {
        "poi_id": "SNT_2826_P0019",
        "route_id": "SNT_2826",
        "source_post_id": 2826,
        "name": "香南台地",
        "kind": "tourism_spot",
        "content_id": "SNT_2826_S002"
      },
      "geometry": {
        "type": "Point",
        "coordinates": [
          133.9945981,
          34.2242608
        ]
      },
      "tippecanoe": {
        "minzoom": 10
      }
    },
    {
      "type": "Feature",
      "properties": {
        "poi_id": "SNT_2826_P0020",
        "route_id": "SNT_2826",
        "source_post_id": 2826,
        "name": "大谷池",
        "kind": "tourism_spot",
        "content_id": "SNT_2826_S003"
      },
      "geometry": {
        "type": "Point",
        "coordinates": [
          133.9940375,
          34.2252136
        ]
      },
      "tippecanoe": {
        "minzoom": 10
      }
    },
    {
      "type": "Feature",
      "properties": {
        "poi_id": "SNT_2826_P0021",
        "route_id": "SNT_2826",
        "source_post_id": 2826,
        "name": "冠纓神社（かんえいじんじゃ）の叢",
        "kind": "kml_poi",
        "content_id": null
      },
      "geometry": {
        "type": "Point",
        "coordinates": [
          134.0116084,
          34.238673
        ]
      },
      "tippecanoe": {
        "minzoom": 10
      }
    },
    {
      "type": "Feature",
      "properties": {
        "poi_id": "SNT_2826_P0022",
        "route_id": "SNT_2826",
        "source_post_id": 2826,
        "name": "大坪窯跡",
        "kind": "tourism_spot",
        "content_id": "SNT_2826_S006"
      },
      "geometry": {
        "type": "Point",
        "coordinates": [
          134.0040805,
          34.2362266
        ]
      },
      "tippecanoe": {
        "minzoom": 10
      }
    },
    {
      "type": "Feature",
      "properties": {
        "poi_id": "SNT_2831_P0001",
        "route_id": "SNT_2831",
        "source_post_id": 2831,
        "name": "川東八幡神社",
        "kind": "tourism_spot",
        "content_id": "SNT_2831_S001"
      },
      "geometry": {
        "type": "Point",
        "coordinates": [
          134.0360778,
          34.2456405
        ]
      },
      "tippecanoe": {
        "minzoom": 10
      }
    },
    {
      "type": "Feature",
      "properties": {
        "poi_id": "SNT_2831_P0002",
        "route_id": "SNT_2831",
        "source_post_id": 2831,
        "name": "藤尾神社",
        "kind": "tourism_spot",
        "content_id": "SNT_2831_S002"
      },
      "geometry": {
        "type": "Point",
        "coordinates": [
          134.0758655,
          34.2230872
        ]
      },
      "tippecanoe": {
        "minzoom": 10
      }
    },
    {
      "type": "Feature",
      "properties": {
        "poi_id": "SNT_2831_P0003",
        "route_id": "SNT_2831",
        "source_post_id": 2831,
        "name": "ドングリランド",
        "kind": "tourism_spot",
        "content_id": "SNT_2831_S003"
      },
      "geometry": {
        "type": "Point",
        "coordinates": [
          134.0746981,
          34.2190406
        ]
      },
      "tippecanoe": {
        "minzoom": 10
      }
    },
    {
      "type": "Feature",
      "properties": {
        "poi_id": "SNT_2831_P0004",
        "route_id": "SNT_2831",
        "source_post_id": 2831,
        "name": "松尾池",
        "kind": "tourism_spot",
        "content_id": "SNT_2831_S004"
      },
      "geometry": {
        "type": "Point",
        "coordinates": [
          134.084969,
          34.2342063
        ]
      },
      "tippecanoe": {
        "minzoom": 10
      }
    },
    {
      "type": "Feature",
      "properties": {
        "poi_id": "SNT_2831_P0005",
        "route_id": "SNT_2831",
        "source_post_id": 2831,
        "name": "公渕森林公園",
        "kind": "tourism_spot",
        "content_id": "SNT_2831_S005"
      },
      "geometry": {
        "type": "Point",
        "coordinates": [
          134.1081009,
          34.2396655
        ]
      },
      "tippecanoe": {
        "minzoom": 10
      }
    },
    {
      "type": "Feature",
      "properties": {
        "poi_id": "SNT_2831_P0006",
        "route_id": "SNT_2831",
        "source_post_id": 2831,
        "name": "嶽山",
        "kind": "tourism_spot",
        "content_id": "SNT_2831_S006"
      },
      "geometry": {
        "type": "Point",
        "coordinates": [
          134.1378712,
          34.2398634
        ]
      },
      "tippecanoe": {
        "minzoom": 10
      }
    },
    {
      "type": "Feature",
      "properties": {
        "poi_id": "SNT_2831_P0007",
        "route_id": "SNT_2831",
        "source_post_id": 2831,
        "name": "諏訪神社",
        "kind": "tourism_spot",
        "content_id": "SNT_2831_S007"
      },
      "geometry": {
        "type": "Point",
        "coordinates": [
          134.1512546,
          34.2448561
        ]
      },
      "tippecanoe": {
        "minzoom": 10
      }
    },
    {
      "type": "Feature",
      "properties": {
        "poi_id": "SNT_2831_P0008",
        "route_id": "SNT_2831",
        "source_post_id": 2831,
        "name": "【スタート】竜満池",
        "kind": "kml_poi",
        "content_id": null
      },
      "geometry": {
        "type": "Point",
        "coordinates": [
          134.0355956,
          34.2448891
        ]
      },
      "tippecanoe": {
        "minzoom": 10
      }
    },
    {
      "type": "Feature",
      "properties": {
        "poi_id": "SNT_2831_P0009",
        "route_id": "SNT_2831",
        "source_post_id": 2831,
        "name": "（みちの状況）新池横",
        "kind": "kml_poi",
        "content_id": null
      },
      "geometry": {
        "type": "Point",
        "coordinates": [
          134.0415252,
          34.2369621
        ]
      },
      "tippecanoe": {
        "minzoom": 10
      }
    },
    {
      "type": "Feature",
      "properties": {
        "poi_id": "SNT_2831_P0010",
        "route_id": "SNT_2831",
        "source_post_id": 2831,
        "name": "（みちの状況）分岐",
        "kind": "kml_poi",
        "content_id": null
      },
      "geometry": {
        "type": "Point",
        "coordinates": [
          134.0487531,
          34.2317274
        ]
      },
      "tippecanoe": {
        "minzoom": 10
      }
    },
    {
      "type": "Feature",
      "properties": {
        "poi_id": "SNT_2831_P0011",
        "route_id": "SNT_2831",
        "source_post_id": 2831,
        "name": "（みちの状況）自然歩道2　竹林",
        "kind": "kml_poi",
        "content_id": null
      },
      "geometry": {
        "type": "Point",
        "coordinates": [
          134.065607,
          34.222279
        ]
      },
      "tippecanoe": {
        "minzoom": 10
      }
    },
    {
      "type": "Feature",
      "properties": {
        "poi_id": "SNT_2831_P0012",
        "route_id": "SNT_2831",
        "source_post_id": 2831,
        "name": "神内上池休憩所",
        "kind": "kml_poi",
        "content_id": null
      },
      "geometry": {
        "type": "Point",
        "coordinates": [
          134.061949,
          34.222659
        ]
      },
      "tippecanoe": {
        "minzoom": 10
      }
    },
    {
      "type": "Feature",
      "properties": {
        "poi_id": "SNT_2831_P0013",
        "route_id": "SNT_2831",
        "source_post_id": 2831,
        "name": "藤尾神社休憩所",
        "kind": "kml_poi",
        "content_id": null
      },
      "geometry": {
        "type": "Point",
        "coordinates": [
          134.075232,
          34.221057
        ]
      },
      "tippecanoe": {
        "minzoom": 10
      }
    },
    {
      "type": "Feature",
      "properties": {
        "poi_id": "SNT_2831_P0014",
        "route_id": "SNT_2831",
        "source_post_id": 2831,
        "name": "藤尾神社藤尾会館北からの景色",
        "kind": "kml_poi",
        "content_id": null
      },
      "geometry": {
        "type": "Point",
        "coordinates": [
          134.0760644,
          34.2234356
        ]
      },
      "tippecanoe": {
        "minzoom": 10
      }
    },
    {
      "type": "Feature",
      "properties": {
        "poi_id": "SNT_2831_P0015",
        "route_id": "SNT_2831",
        "source_post_id": 2831,
        "name": "（指導標）加茂神社大グスへの分岐",
        "kind": "kml_poi",
        "content_id": null
      },
      "geometry": {
        "type": "Point",
        "coordinates": [
          134.0792387,
          34.2274863
        ]
      },
      "tippecanoe": {
        "minzoom": 10
      }
    },
    {
      "type": "Feature",
      "properties": {
        "poi_id": "SNT_2831_P0016",
        "route_id": "SNT_2831",
        "source_post_id": 2831,
        "name": "松尾池休けい所への入口",
        "kind": "kml_poi",
        "content_id": null
      },
      "geometry": {
        "type": "Point",
        "coordinates": [
          134.083014,
          34.234996
        ]
      },
      "tippecanoe": {
        "minzoom": 10
      }
    },
    {
      "type": "Feature",
      "properties": {
        "poi_id": "SNT_2831_P0017",
        "route_id": "SNT_2831",
        "source_post_id": 2831,
        "name": "松尾池休けい所（第１広場）",
        "kind": "kml_poi",
        "content_id": null
      },
      "geometry": {
        "type": "Point",
        "coordinates": [
          134.0844963,
          34.2349018
        ]
      },
      "tippecanoe": {
        "minzoom": 10
      }
    },
    {
      "type": "Feature",
      "properties": {
        "poi_id": "SNT_2831_P0018",
        "route_id": "SNT_2831",
        "source_post_id": 2831,
        "name": "（風景）松尾池周辺の茶畑",
        "kind": "kml_poi",
        "content_id": null
      },
      "geometry": {
        "type": "Point",
        "coordinates": [
          134.087537,
          34.237013
        ]
      },
      "tippecanoe": {
        "minzoom": 10
      }
    },
    {
      "type": "Feature",
      "properties": {
        "poi_id": "SNT_2831_P0019",
        "route_id": "SNT_2831",
        "source_post_id": 2831,
        "name": "（指導標）惣天満池へのみち",
        "kind": "kml_poi",
        "content_id": null
      },
      "geometry": {
        "type": "Point",
        "coordinates": [
          134.089392,
          34.235453
        ]
      },
      "tippecanoe": {
        "minzoom": 10
      }
    },
    {
      "type": "Feature",
      "properties": {
        "poi_id": "SNT_2831_P0020",
        "route_id": "SNT_2831",
        "source_post_id": 2831,
        "name": "（みちの状況）水路横",
        "kind": "kml_poi",
        "content_id": null
      },
      "geometry": {
        "type": "Point",
        "coordinates": [
          134.090417,
          34.233499
        ]
      },
      "tippecanoe": {
        "minzoom": 10
      }
    },
    {
      "type": "Feature",
      "properties": {
        "poi_id": "SNT_2831_P0021",
        "route_id": "SNT_2831",
        "source_post_id": 2831,
        "name": "（指導標）アカマツのある尾根みち",
        "kind": "kml_poi",
        "content_id": null
      },
      "geometry": {
        "type": "Point",
        "coordinates": [
          134.1002651,
          34.23147
        ]
      },
      "tippecanoe": {
        "minzoom": 10
      }
    },
    {
      "type": "Feature",
      "properties": {
        "poi_id": "SNT_2831_P0022",
        "route_id": "SNT_2831",
        "source_post_id": 2831,
        "name": "（地名板）城池",
        "kind": "kml_poi",
        "content_id": null
      },
      "geometry": {
        "type": "Point",
        "coordinates": [
          134.1075604,
          34.2369121
        ]
      },
      "tippecanoe": {
        "minzoom": 10
      }
    },
    {
      "type": "Feature",
      "properties": {
        "poi_id": "SNT_2831_P0023",
        "route_id": "SNT_2831",
        "source_post_id": 2831,
        "name": "公渕森林公園芝生広場",
        "kind": "kml_poi",
        "content_id": null
      },
      "geometry": {
        "type": "Point",
        "coordinates": [
          134.1078481,
          34.2385664
        ]
      },
      "tippecanoe": {
        "minzoom": 10
      }
    },
    {
      "type": "Feature",
      "properties": {
        "poi_id": "SNT_2831_P0024",
        "route_id": "SNT_2831",
        "source_post_id": 2831,
        "name": "分岐（墓）嶽山望む",
        "kind": "kml_poi",
        "content_id": null
      },
      "geometry": {
        "type": "Point",
        "coordinates": [
          134.1283203,
          34.241806
        ]
      },
      "tippecanoe": {
        "minzoom": 10
      }
    },
    {
      "type": "Feature",
      "properties": {
        "poi_id": "SNT_2831_P0025",
        "route_id": "SNT_2831",
        "source_post_id": 2831,
        "name": "（地名板）山大寺池",
        "kind": "kml_poi",
        "content_id": null
      },
      "geometry": {
        "type": "Point",
        "coordinates": [
          134.1448379,
          34.2419216
        ]
      },
      "tippecanoe": {
        "minzoom": 10
      }
    },
    {
      "type": "Feature",
      "properties": {
        "poi_id": "SNT_2831_P0026",
        "route_id": "SNT_2831",
        "source_post_id": 2831,
        "name": "（みちの状況）大谷池の堤　分岐",
        "kind": "kml_poi",
        "content_id": null
      },
      "geometry": {
        "type": "Point",
        "coordinates": [
          134.1483931,
          34.243372
        ]
      },
      "tippecanoe": {
        "minzoom": 10
      }
    },
    {
      "type": "Feature",
      "properties": {
        "poi_id": "SNT_2831_P0027",
        "route_id": "SNT_2831",
        "source_post_id": 2831,
        "name": "【ゴール】諏訪神社休憩所",
        "kind": "kml_poi",
        "content_id": null
      },
      "geometry": {
        "type": "Point",
        "coordinates": [
          134.151217,
          34.245481
        ]
      },
      "tippecanoe": {
        "minzoom": 10
      }
    },
    {
      "type": "Feature",
      "properties": {
        "poi_id": "SNT_4248_P0001",
        "route_id": "SNT_4248",
        "source_post_id": 4248,
        "name": "諏訪神社休けい所",
        "kind": "kml_poi",
        "content_id": null
      },
      "geometry": {
        "type": "Point",
        "coordinates": [
          134.1511935,
          34.24552
        ]
      },
      "tippecanoe": {
        "minzoom": 10
      }
    },
    {
      "type": "Feature",
      "properties": {
        "poi_id": "SNT_4248_P0002",
        "route_id": "SNT_4248",
        "source_post_id": 4248,
        "name": "諏訪神社",
        "kind": "tourism_spot",
        "content_id": "SNT_4248_S001"
      },
      "geometry": {
        "type": "Point",
        "coordinates": [
          134.1513237,
          34.2444627
        ]
      },
      "tippecanoe": {
        "minzoom": 10
      }
    },
    {
      "type": "Feature",
      "properties": {
        "poi_id": "SNT_4248_P0003",
        "route_id": "SNT_4248",
        "source_post_id": 4248,
        "name": "三宝荒神の大フジ",
        "kind": "kml_poi",
        "content_id": null
      },
      "geometry": {
        "type": "Point",
        "coordinates": [
          134.1567268,
          34.2484397
        ]
      },
      "tippecanoe": {
        "minzoom": 10
      }
    },
    {
      "type": "Feature",
      "properties": {
        "poi_id": "SNT_4248_P0004",
        "route_id": "SNT_4248",
        "source_post_id": 4248,
        "name": "みちの様子",
        "kind": "kml_poi",
        "content_id": null
      },
      "geometry": {
        "type": "Point",
        "coordinates": [
          134.1593813,
          34.247051
        ]
      },
      "tippecanoe": {
        "minzoom": 10
      }
    },
    {
      "type": "Feature",
      "properties": {
        "poi_id": "SNT_4248_P0005",
        "route_id": "SNT_4248",
        "source_post_id": 4248,
        "name": "静薬師（石塔）",
        "kind": "kml_poi",
        "content_id": null
      },
      "geometry": {
        "type": "Point",
        "coordinates": [
          134.1623213,
          34.24579
        ]
      },
      "tippecanoe": {
        "minzoom": 10
      }
    },
    {
      "type": "Feature",
      "properties": {
        "poi_id": "SNT_4248_P0006",
        "route_id": "SNT_4248",
        "source_post_id": 4248,
        "name": "鍛治池からの眺め",
        "kind": "kml_poi",
        "content_id": null
      },
      "geometry": {
        "type": "Point",
        "coordinates": [
          134.1623457,
          34.24605
        ]
      },
      "tippecanoe": {
        "minzoom": 10
      }
    },
    {
      "type": "Feature",
      "properties": {
        "poi_id": "SNT_4248_P0007",
        "route_id": "SNT_4248",
        "source_post_id": 4248,
        "name": "みちの様子",
        "kind": "kml_poi",
        "content_id": null
      },
      "geometry": {
        "type": "Point",
        "coordinates": [
          134.1625174,
          34.2457022
        ]
      },
      "tippecanoe": {
        "minzoom": 10
      }
    },
    {
      "type": "Feature",
      "properties": {
        "poi_id": "SNT_4248_P0008",
        "route_id": "SNT_4248",
        "source_post_id": 4248,
        "name": "みちの様子",
        "kind": "kml_poi",
        "content_id": null
      },
      "geometry": {
        "type": "Point",
        "coordinates": [
          134.1634024,
          34.2435183
        ]
      },
      "tippecanoe": {
        "minzoom": 10
      }
    },
    {
      "type": "Feature",
      "properties": {
        "poi_id": "SNT_4248_P0009",
        "route_id": "SNT_4248",
        "source_post_id": 4248,
        "name": "みちの様子",
        "kind": "kml_poi",
        "content_id": null
      },
      "geometry": {
        "type": "Point",
        "coordinates": [
          134.1645565,
          34.2445276
        ]
      },
      "tippecanoe": {
        "minzoom": 10
      }
    },
    {
      "type": "Feature",
      "properties": {
        "poi_id": "SNT_4248_P0010",
        "route_id": "SNT_4248",
        "source_post_id": 4248,
        "name": "みちの様子",
        "kind": "kml_poi",
        "content_id": null
      },
      "geometry": {
        "type": "Point",
        "coordinates": [
          134.1655496,
          34.2429247
        ]
      },
      "tippecanoe": {
        "minzoom": 10
      }
    },
    {
      "type": "Feature",
      "properties": {
        "poi_id": "SNT_4248_P0011",
        "route_id": "SNT_4248",
        "source_post_id": 4248,
        "name": "展望所",
        "kind": "kml_poi",
        "content_id": null
      },
      "geometry": {
        "type": "Point",
        "coordinates": [
          134.1683447,
          34.2416687
        ]
      },
      "tippecanoe": {
        "minzoom": 10
      }
    },
    {
      "type": "Feature",
      "properties": {
        "poi_id": "SNT_4248_P0012",
        "route_id": "SNT_4248",
        "source_post_id": 4248,
        "name": "急坂",
        "kind": "kml_poi",
        "content_id": null
      },
      "geometry": {
        "type": "Point",
        "coordinates": [
          134.1707449,
          34.2405666
        ]
      },
      "tippecanoe": {
        "minzoom": 10
      }
    },
    {
      "type": "Feature",
      "properties": {
        "poi_id": "SNT_4248_P0013",
        "route_id": "SNT_4248",
        "source_post_id": 4248,
        "name": "展望",
        "kind": "kml_poi",
        "content_id": null
      },
      "geometry": {
        "type": "Point",
        "coordinates": [
          134.1704953,
          34.23664
        ]
      },
      "tippecanoe": {
        "minzoom": 10
      }
    },
    {
      "type": "Feature",
      "properties": {
        "poi_id": "SNT_4248_P0014",
        "route_id": "SNT_4248",
        "source_post_id": 4248,
        "name": "大石神社古墳",
        "kind": "kml_poi",
        "content_id": null
      },
      "geometry": {
        "type": "Point",
        "coordinates": [
          134.1720849,
          34.2352134
        ]
      },
      "tippecanoe": {
        "minzoom": 10
      }
    },
    {
      "type": "Feature",
      "properties": {
        "poi_id": "SNT_4248_P0015",
        "route_id": "SNT_4248",
        "source_post_id": 4248,
        "name": "大石神社",
        "kind": "kml_poi",
        "content_id": null
      },
      "geometry": {
        "type": "Point",
        "coordinates": [
          134.1720749,
          34.2350973
        ]
      },
      "tippecanoe": {
        "minzoom": 10
      }
    },
    {
      "type": "Feature",
      "properties": {
        "poi_id": "SNT_4248_P0016",
        "route_id": "SNT_4248",
        "source_post_id": 4248,
        "name": "分岐（奥へ）",
        "kind": "kml_poi",
        "content_id": null
      },
      "geometry": {
        "type": "Point",
        "coordinates": [
          134.1728962,
          34.2351219
        ]
      },
      "tippecanoe": {
        "minzoom": 10
      }
    },
    {
      "type": "Feature",
      "properties": {
        "poi_id": "SNT_4248_P0017",
        "route_id": "SNT_4248",
        "source_post_id": 4248,
        "name": "分岐（左へ）",
        "kind": "kml_poi",
        "content_id": null
      },
      "geometry": {
        "type": "Point",
        "coordinates": [
          134.1721899,
          34.2292937
        ]
      },
      "tippecanoe": {
        "minzoom": 10
      }
    },
    {
      "type": "Feature",
      "properties": {
        "poi_id": "SNT_4248_P0018",
        "route_id": "SNT_4248",
        "source_post_id": 4248,
        "name": "公衆便所",
        "kind": "kml_poi",
        "content_id": null
      },
      "geometry": {
        "type": "Point",
        "coordinates": [
          134.1715432,
          34.2260734
        ]
      },
      "tippecanoe": {
        "minzoom": 10
      }
    },
    {
      "type": "Feature",
      "properties": {
        "poi_id": "SNT_4248_P0019",
        "route_id": "SNT_4248",
        "source_post_id": 4248,
        "name": "みちの様子（階段登り口）",
        "kind": "kml_poi",
        "content_id": null
      },
      "geometry": {
        "type": "Point",
        "coordinates": [
          134.1717707,
          34.2250069
        ]
      },
      "tippecanoe": {
        "minzoom": 10
      }
    },
    {
      "type": "Feature",
      "properties": {
        "poi_id": "SNT_4248_P0020",
        "route_id": "SNT_4248",
        "source_post_id": 4248,
        "name": "前山ダム休けい所",
        "kind": "kml_poi",
        "content_id": null
      },
      "geometry": {
        "type": "Point",
        "coordinates": [
          134.1715478,
          34.2245596
        ]
      },
      "tippecanoe": {
        "minzoom": 10
      }
    },
    {
      "type": "Feature",
      "properties": {
        "poi_id": "SNT_4248_P0021",
        "route_id": "SNT_4248",
        "source_post_id": 4248,
        "name": "鍛治池",
        "kind": "tourism_spot",
        "content_id": "SNT_4248_S002"
      },
      "geometry": {
        "type": "Point",
        "coordinates": [
          134.1629037,
          34.2460854
        ]
      },
      "tippecanoe": {
        "minzoom": 10
      }
    },
    {
      "type": "Feature",
      "properties": {
        "poi_id": "SNT_4248_P0022",
        "route_id": "SNT_4248",
        "source_post_id": 4248,
        "name": "静薬師",
        "kind": "tourism_spot",
        "content_id": "SNT_4248_S003"
      },
      "geometry": {
        "type": "Point",
        "coordinates": [
          134.1623767,
          34.2457144
        ]
      },
      "tippecanoe": {
        "minzoom": 10
      }
    },
    {
      "type": "Feature",
      "properties": {
        "poi_id": "SNT_4248_P0023",
        "route_id": "SNT_4248",
        "source_post_id": 4248,
        "name": "から風呂（「塚原のから風呂」）",
        "kind": "tourism_spot",
        "content_id": "SNT_4248_S004"
      },
      "geometry": {
        "type": "Point",
        "coordinates": [
          134.1663455,
          34.2477555
        ]
      },
      "tippecanoe": {
        "minzoom": 10
      }
    },
    {
      "type": "Feature",
      "properties": {
        "poi_id": "SNT_4248_P0024",
        "route_id": "SNT_4248",
        "source_post_id": 4248,
        "name": "丸井古墳",
        "kind": "tourism_spot",
        "content_id": "SNT_4248_S006"
      },
      "geometry": {
        "type": "Point",
        "coordinates": [
          134.1687404,
          34.2394415
        ]
      },
      "tippecanoe": {
        "minzoom": 10
      }
    },
    {
      "type": "Feature",
      "properties": {
        "poi_id": "SNT_4248_P0025",
        "route_id": "SNT_4248",
        "source_post_id": 4248,
        "name": "前山ダム",
        "kind": "tourism_spot",
        "content_id": "SNT_4248_S007"
      },
      "geometry": {
        "type": "Point",
        "coordinates": [
          134.1725287,
          34.2246549
        ]
      },
      "tippecanoe": {
        "minzoom": 10
      }
    },
    {
      "type": "Feature",
      "properties": {
        "poi_id": "SNT_315_P0001",
        "route_id": "SNT_315",
        "source_post_id": 315,
        "name": "01 大窪寺",
        "kind": "kml_poi",
        "content_id": null
      },
      "geometry": {
        "type": "Point",
        "coordinates": [
          134.2052605,
          34.1902296
        ]
      },
      "tippecanoe": {
        "minzoom": 10
      }
    },
    {
      "type": "Feature",
      "properties": {
        "poi_id": "SNT_315_P0002",
        "route_id": "SNT_315",
        "source_post_id": 315,
        "name": "02 案内板",
        "kind": "kml_poi",
        "content_id": null
      },
      "geometry": {
        "type": "Point",
        "coordinates": [
          134.2068715,
          34.1904475
        ]
      },
      "tippecanoe": {
        "minzoom": 10
      }
    },
    {
      "type": "Feature",
      "properties": {
        "poi_id": "SNT_315_P0003",
        "route_id": "SNT_315",
        "source_post_id": 315,
        "name": "03 休憩所",
        "kind": "kml_poi",
        "content_id": null
      },
      "geometry": {
        "type": "Point",
        "coordinates": [
          134.2057245,
          34.1928952
        ]
      },
      "tippecanoe": {
        "minzoom": 10
      }
    },
    {
      "type": "Feature",
      "properties": {
        "poi_id": "SNT_315_P0004",
        "route_id": "SNT_315",
        "source_post_id": 315,
        "name": "04 指導標",
        "kind": "kml_poi",
        "content_id": null
      },
      "geometry": {
        "type": "Point",
        "coordinates": [
          134.2039284,
          34.1951546
        ]
      },
      "tippecanoe": {
        "minzoom": 10
      }
    },
    {
      "type": "Feature",
      "properties": {
        "poi_id": "SNT_315_P0005",
        "route_id": "SNT_315",
        "source_post_id": 315,
        "name": "05 解説板",
        "kind": "kml_poi",
        "content_id": null
      },
      "geometry": {
        "type": "Point",
        "coordinates": [
          134.2028891,
          34.1970999
        ]
      },
      "tippecanoe": {
        "minzoom": 10
      }
    },
    {
      "type": "Feature",
      "properties": {
        "poi_id": "SNT_315_P0006",
        "route_id": "SNT_315",
        "source_post_id": 315,
        "name": "06 案内板",
        "kind": "kml_poi",
        "content_id": null
      },
      "geometry": {
        "type": "Point",
        "coordinates": [
          134.2022105,
          34.1972835
        ]
      },
      "tippecanoe": {
        "minzoom": 10
      }
    },
    {
      "type": "Feature",
      "properties": {
        "poi_id": "SNT_315_P0007",
        "route_id": "SNT_315",
        "source_post_id": 315,
        "name": "07 女体山山頂",
        "kind": "kml_poi",
        "content_id": null
      },
      "geometry": {
        "type": "Point",
        "coordinates": [
          134.2013367,
          34.1975275
        ]
      },
      "tippecanoe": {
        "minzoom": 10
      }
    },
    {
      "type": "Feature",
      "properties": {
        "poi_id": "SNT_315_P0008",
        "route_id": "SNT_315",
        "source_post_id": 315,
        "name": "08 休憩所",
        "kind": "kml_poi",
        "content_id": null
      },
      "geometry": {
        "type": "Point",
        "coordinates": [
          134.1933075,
          34.2179072
        ]
      },
      "tippecanoe": {
        "minzoom": 10
      }
    },
    {
      "type": "Feature",
      "properties": {
        "poi_id": "SNT_315_P0009",
        "route_id": "SNT_315",
        "source_post_id": 315,
        "name": "09 解説板",
        "kind": "kml_poi",
        "content_id": null
      },
      "geometry": {
        "type": "Point",
        "coordinates": [
          134.1907209,
          34.2196303
        ]
      },
      "tippecanoe": {
        "minzoom": 10
      }
    },
    {
      "type": "Feature",
      "properties": {
        "poi_id": "SNT_315_P0010",
        "route_id": "SNT_315",
        "source_post_id": 315,
        "name": "10 来栖神社",
        "kind": "kml_poi",
        "content_id": null
      },
      "geometry": {
        "type": "Point",
        "coordinates": [
          134.1872374,
          34.2208576
        ]
      },
      "tippecanoe": {
        "minzoom": 10
      }
    },
    {
      "type": "Feature",
      "properties": {
        "poi_id": "SNT_315_P0011",
        "route_id": "SNT_315",
        "source_post_id": 315,
        "name": "11 蛍の里",
        "kind": "kml_poi",
        "content_id": null
      },
      "geometry": {
        "type": "Point",
        "coordinates": [
          134.1842625,
          34.2217458
        ]
      },
      "tippecanoe": {
        "minzoom": 10
      }
    },
    {
      "type": "Feature",
      "properties": {
        "poi_id": "SNT_315_P0012",
        "route_id": "SNT_315",
        "source_post_id": 315,
        "name": "12 ミニ88ヶ所",
        "kind": "kml_poi",
        "content_id": null
      },
      "geometry": {
        "type": "Point",
        "coordinates": [
          134.178842,
          34.223293
        ]
      },
      "tippecanoe": {
        "minzoom": 10
      }
    },
    {
      "type": "Feature",
      "properties": {
        "poi_id": "SNT_315_P0013",
        "route_id": "SNT_315",
        "source_post_id": 315,
        "name": "13 前山ダム",
        "kind": "kml_poi",
        "content_id": null
      },
      "geometry": {
        "type": "Point",
        "coordinates": [
          134.173375,
          34.2249855
        ]
      },
      "tippecanoe": {
        "minzoom": 10
      }
    },
    {
      "type": "Feature",
      "properties": {
        "poi_id": "SNT_2850_P0001",
        "route_id": "SNT_2850",
        "source_post_id": 2850,
        "name": "大窪寺",
        "kind": "tourism_spot",
        "content_id": "SNT_2850_S001"
      },
      "geometry": {
        "type": "Point",
        "coordinates": [
          134.206888,
          34.191297
        ]
      },
      "tippecanoe": {
        "minzoom": 10
      }
    },
    {
      "type": "Feature",
      "properties": {
        "poi_id": "SNT_2850_P0002",
        "route_id": "SNT_2850",
        "source_post_id": 2850,
        "name": "みぞおちの滝",
        "kind": "tourism_spot",
        "content_id": "SNT_2850_S002"
      },
      "geometry": {
        "type": "Point",
        "coordinates": [
          134.232989,
          34.191346
        ]
      },
      "tippecanoe": {
        "minzoom": 10
      }
    },
    {
      "type": "Feature",
      "properties": {
        "poi_id": "SNT_2850_P0003",
        "route_id": "SNT_2850",
        "source_post_id": 2850,
        "name": "境目の大いちょう",
        "kind": "tourism_spot",
        "content_id": "SNT_2850_S003"
      },
      "geometry": {
        "type": "Point",
        "coordinates": [
          134.253959,
          34.180271
        ]
      },
      "tippecanoe": {
        "minzoom": 10
      }
    },
    {
      "type": "Feature",
      "properties": {
        "poi_id": "SNT_2850_P0004",
        "route_id": "SNT_2850",
        "source_post_id": 2850,
        "name": "三宝寺",
        "kind": "tourism_spot",
        "content_id": "SNT_2850_S004"
      },
      "geometry": {
        "type": "Point",
        "coordinates": [
          134.29494,
          34.20251
        ]
      },
      "tippecanoe": {
        "minzoom": 10
      }
    },
    {
      "type": "Feature",
      "properties": {
        "poi_id": "SNT_2850_P0005",
        "route_id": "SNT_2850",
        "source_post_id": 2850,
        "name": "指導標",
        "kind": "kml_poi",
        "content_id": null
      },
      "geometry": {
        "type": "Point",
        "coordinates": [
          134.29754,
          34.199238
        ]
      },
      "tippecanoe": {
        "minzoom": 10
      }
    },
    {
      "type": "Feature",
      "properties": {
        "poi_id": "SNT_2850_P0006",
        "route_id": "SNT_2850",
        "source_post_id": 2850,
        "name": "指導標",
        "kind": "kml_poi",
        "content_id": null
      },
      "geometry": {
        "type": "Point",
        "coordinates": [
          134.270196,
          34.186456
        ]
      },
      "tippecanoe": {
        "minzoom": 10
      }
    },
    {
      "type": "Feature",
      "properties": {
        "poi_id": "SNT_2850_P0007",
        "route_id": "SNT_2850",
        "source_post_id": 2850,
        "name": "指導標",
        "kind": "kml_poi",
        "content_id": null
      },
      "geometry": {
        "type": "Point",
        "coordinates": [
          134.268584,
          34.185882
        ]
      },
      "tippecanoe": {
        "minzoom": 10
      }
    },
    {
      "type": "Feature",
      "properties": {
        "poi_id": "SNT_2850_P0008",
        "route_id": "SNT_2850",
        "source_post_id": 2850,
        "name": "ヒノキ林内",
        "kind": "kml_poi",
        "content_id": null
      },
      "geometry": {
        "type": "Point",
        "coordinates": [
          134.266174,
          34.185399
        ]
      },
      "tippecanoe": {
        "minzoom": 10
      }
    },
    {
      "type": "Feature",
      "properties": {
        "poi_id": "SNT_2850_P0009",
        "route_id": "SNT_2850",
        "source_post_id": 2850,
        "name": "中尾休憩所",
        "kind": "kml_poi",
        "content_id": null
      },
      "geometry": {
        "type": "Point",
        "coordinates": [
          134.264924,
          34.186815
        ]
      },
      "tippecanoe": {
        "minzoom": 10
      }
    },
    {
      "type": "Feature",
      "properties": {
        "poi_id": "SNT_2850_P0010",
        "route_id": "SNT_2850",
        "source_post_id": 2850,
        "name": "指導標",
        "kind": "kml_poi",
        "content_id": null
      },
      "geometry": {
        "type": "Point",
        "coordinates": [
          134.253555,
          34.180499
        ]
      },
      "tippecanoe": {
        "minzoom": 10
      }
    },
    {
      "type": "Feature",
      "properties": {
        "poi_id": "SNT_2850_P0011",
        "route_id": "SNT_2850",
        "source_post_id": 2850,
        "name": "指導標",
        "kind": "kml_poi",
        "content_id": null
      },
      "geometry": {
        "type": "Point",
        "coordinates": [
          134.251293,
          34.18058
        ]
      },
      "tippecanoe": {
        "minzoom": 10
      }
    },
    {
      "type": "Feature",
      "properties": {
        "poi_id": "SNT_2850_P0012",
        "route_id": "SNT_2850",
        "source_post_id": 2850,
        "name": "指導標",
        "kind": "kml_poi",
        "content_id": null
      },
      "geometry": {
        "type": "Point",
        "coordinates": [
          134.249493,
          34.179989
        ]
      },
      "tippecanoe": {
        "minzoom": 10
      }
    },
    {
      "type": "Feature",
      "properties": {
        "poi_id": "SNT_2850_P0013",
        "route_id": "SNT_2850",
        "source_post_id": 2850,
        "name": "指導標",
        "kind": "kml_poi",
        "content_id": null
      },
      "geometry": {
        "type": "Point",
        "coordinates": [
          134.247527,
          34.1801
        ]
      },
      "tippecanoe": {
        "minzoom": 10
      }
    },
    {
      "type": "Feature",
      "properties": {
        "poi_id": "SNT_2850_P0014",
        "route_id": "SNT_2850",
        "source_post_id": 2850,
        "name": "木橋渡る",
        "kind": "kml_poi",
        "content_id": null
      },
      "geometry": {
        "type": "Point",
        "coordinates": [
          134.245702,
          34.181019
        ]
      },
      "tippecanoe": {
        "minzoom": 10
      }
    },
    {
      "type": "Feature",
      "properties": {
        "poi_id": "SNT_2850_P0015",
        "route_id": "SNT_2850",
        "source_post_id": 2850,
        "name": "あかの渕",
        "kind": "kml_poi",
        "content_id": null
      },
      "geometry": {
        "type": "Point",
        "coordinates": [
          134.234254,
          34.189729
        ]
      },
      "tippecanoe": {
        "minzoom": 10
      }
    },
    {
      "type": "Feature",
      "properties": {
        "poi_id": "SNT_2850_P0016",
        "route_id": "SNT_2850",
        "source_post_id": 2850,
        "name": "風景",
        "kind": "kml_poi",
        "content_id": null
      },
      "geometry": {
        "type": "Point",
        "coordinates": [
          134.221295,
          34.187701
        ]
      },
      "tippecanoe": {
        "minzoom": 10
      }
    },
    {
      "type": "Feature",
      "properties": {
        "poi_id": "SNT_2850_P0017",
        "route_id": "SNT_2850",
        "source_post_id": 2850,
        "name": "指導標",
        "kind": "kml_poi",
        "content_id": null
      },
      "geometry": {
        "type": "Point",
        "coordinates": [
          134.220134,
          34.188246
        ]
      },
      "tippecanoe": {
        "minzoom": 10
      }
    },
    {
      "type": "Feature",
      "properties": {
        "poi_id": "SNT_2850_P0018",
        "route_id": "SNT_2850",
        "source_post_id": 2850,
        "name": "沢渡る",
        "kind": "kml_poi",
        "content_id": null
      },
      "geometry": {
        "type": "Point",
        "coordinates": [
          134.217437,
          34.188526
        ]
      },
      "tippecanoe": {
        "minzoom": 10
      }
    },
    {
      "type": "Feature",
      "properties": {
        "poi_id": "SNT_2850_P0019",
        "route_id": "SNT_2850",
        "source_post_id": 2850,
        "name": "旧白鳥温泉",
        "kind": "kml_poi",
        "content_id": null
      },
      "geometry": {
        "type": "Point",
        "coordinates": [
          134.284382,
          34.191612
        ]
      },
      "tippecanoe": {
        "minzoom": 10
      }
    },
    {
      "type": "Feature",
      "properties": {
        "poi_id": "SNT_4253_P0001",
        "route_id": "SNT_4253",
        "source_post_id": 4253,
        "name": "三宝寺",
        "kind": "tourism_spot",
        "content_id": "SNT_4253_S001"
      },
      "geometry": {
        "type": "Point",
        "coordinates": [
          134.2949213,
          34.2024601
        ]
      },
      "tippecanoe": {
        "minzoom": 10
      }
    },
    {
      "type": "Feature",
      "properties": {
        "poi_id": "SNT_4253_P0002",
        "route_id": "SNT_4253",
        "source_post_id": 4253,
        "name": "沈下橋",
        "kind": "kml_poi",
        "content_id": null
      },
      "geometry": {
        "type": "Point",
        "coordinates": [
          134.3115173,
          34.2331905
        ]
      },
      "tippecanoe": {
        "minzoom": 10
      }
    },
    {
      "type": "Feature",
      "properties": {
        "poi_id": "SNT_4253_P0003",
        "route_id": "SNT_4253",
        "source_post_id": 4253,
        "name": "みちの様子",
        "kind": "kml_poi",
        "content_id": null
      },
      "geometry": {
        "type": "Point",
        "coordinates": [
          134.3073512,
          34.2302366
        ]
      },
      "tippecanoe": {
        "minzoom": 10
      }
    },
    {
      "type": "Feature",
      "properties": {
        "poi_id": "SNT_4253_P0004",
        "route_id": "SNT_4253",
        "source_post_id": 4253,
        "name": "虎丸山を望む",
        "kind": "kml_poi",
        "content_id": null
      },
      "geometry": {
        "type": "Point",
        "coordinates": [
          134.3001969,
          34.2267976
        ]
      },
      "tippecanoe": {
        "minzoom": 10
      }
    },
    {
      "type": "Feature",
      "properties": {
        "poi_id": "SNT_4253_P0005",
        "route_id": "SNT_4253",
        "source_post_id": 4253,
        "name": "水主神社",
        "kind": "tourism_spot",
        "content_id": "SNT_4253_S004"
      },
      "geometry": {
        "type": "Point",
        "coordinates": [
          134.2989951,
          34.224113
        ]
      },
      "tippecanoe": {
        "minzoom": 10
      }
    },
    {
      "type": "Feature",
      "properties": {
        "poi_id": "SNT_4253_P0006",
        "route_id": "SNT_4253",
        "source_post_id": 4253,
        "name": "みちの様子",
        "kind": "kml_poi",
        "content_id": null
      },
      "geometry": {
        "type": "Point",
        "coordinates": [
          134.297307,
          34.223307
        ]
      },
      "tippecanoe": {
        "minzoom": 10
      }
    },
    {
      "type": "Feature",
      "properties": {
        "poi_id": "SNT_4253_P0007",
        "route_id": "SNT_4253",
        "source_post_id": 4253,
        "name": "みちの様子（ダム堤体を渡る）",
        "kind": "kml_poi",
        "content_id": null
      },
      "geometry": {
        "type": "Point",
        "coordinates": [
          134.2967932,
          34.2224604
        ]
      },
      "tippecanoe": {
        "minzoom": 10
      }
    },
    {
      "type": "Feature",
      "properties": {
        "poi_id": "SNT_4253_P0008",
        "route_id": "SNT_4253",
        "source_post_id": 4253,
        "name": "大内ダム",
        "kind": "tourism_spot",
        "content_id": "SNT_4253_S003"
      },
      "geometry": {
        "type": "Point",
        "coordinates": [
          134.2969391,
          34.2220962
        ]
      },
      "tippecanoe": {
        "minzoom": 10
      }
    },
    {
      "type": "Feature",
      "properties": {
        "poi_id": "SNT_4253_P0009",
        "route_id": "SNT_4253",
        "source_post_id": 4253,
        "name": "那智山を望む",
        "kind": "kml_poi",
        "content_id": null
      },
      "geometry": {
        "type": "Point",
        "coordinates": [
          134.2973244,
          34.2218898
        ]
      },
      "tippecanoe": {
        "minzoom": 10
      }
    },
    {
      "type": "Feature",
      "properties": {
        "poi_id": "SNT_4253_P0010",
        "route_id": "SNT_4253",
        "source_post_id": 4253,
        "name": "みちの様子",
        "kind": "kml_poi",
        "content_id": null
      },
      "geometry": {
        "type": "Point",
        "coordinates": [
          134.2984507,
          34.2186528
        ]
      },
      "tippecanoe": {
        "minzoom": 10
      }
    },
    {
      "type": "Feature",
      "properties": {
        "poi_id": "SNT_4253_P0011",
        "route_id": "SNT_4253",
        "source_post_id": 4253,
        "name": "分岐（左：橋を渡らない）",
        "kind": "kml_poi",
        "content_id": null
      },
      "geometry": {
        "type": "Point",
        "coordinates": [
          134.2992664,
          34.2168912
        ]
      },
      "tippecanoe": {
        "minzoom": 10
      }
    },
    {
      "type": "Feature",
      "properties": {
        "poi_id": "SNT_4253_P0012",
        "route_id": "SNT_4253",
        "source_post_id": 4253,
        "name": "みちの様子",
        "kind": "kml_poi",
        "content_id": null
      },
      "geometry": {
        "type": "Point",
        "coordinates": [
          134.3012368,
          34.2150253
        ]
      },
      "tippecanoe": {
        "minzoom": 10
      }
    },
    {
      "type": "Feature",
      "properties": {
        "poi_id": "SNT_4253_P0013",
        "route_id": "SNT_4253",
        "source_post_id": 4253,
        "name": "みちの様子",
        "kind": "kml_poi",
        "content_id": null
      },
      "geometry": {
        "type": "Point",
        "coordinates": [
          134.3014275,
          34.2145101
        ]
      },
      "tippecanoe": {
        "minzoom": 10
      }
    },
    {
      "type": "Feature",
      "properties": {
        "poi_id": "SNT_4253_P0014",
        "route_id": "SNT_4253",
        "source_post_id": 4253,
        "name": "みちの様子（小川を渡る）",
        "kind": "kml_poi",
        "content_id": null
      },
      "geometry": {
        "type": "Point",
        "coordinates": [
          134.3026084,
          34.2141859
        ]
      },
      "tippecanoe": {
        "minzoom": 10
      }
    },
    {
      "type": "Feature",
      "properties": {
        "poi_id": "SNT_4253_P0015",
        "route_id": "SNT_4253",
        "source_post_id": 4253,
        "name": "星越峠",
        "kind": "tourism_spot",
        "content_id": "SNT_4253_S002"
      },
      "geometry": {
        "type": "Point",
        "coordinates": [
          134.3018543,
          34.2139085
        ]
      },
      "tippecanoe": {
        "minzoom": 10
      }
    },
    {
      "type": "Feature",
      "properties": {
        "poi_id": "SNT_4253_P0016",
        "route_id": "SNT_4253",
        "source_post_id": 4253,
        "name": "みちの様子",
        "kind": "kml_poi",
        "content_id": null
      },
      "geometry": {
        "type": "Point",
        "coordinates": [
          134.2981064,
          34.2088552
        ]
      },
      "tippecanoe": {
        "minzoom": 10
      }
    },
    {
      "type": "Feature",
      "properties": {
        "poi_id": "SNT_4253_P0017",
        "route_id": "SNT_4253",
        "source_post_id": 4253,
        "name": "イノシシゲート①（県道に合流）",
        "kind": "kml_poi",
        "content_id": null
      },
      "geometry": {
        "type": "Point",
        "coordinates": [
          134.2979723,
          34.2075059
        ]
      },
      "tippecanoe": {
        "minzoom": 10
      }
    },
    {
      "type": "Feature",
      "properties": {
        "poi_id": "SNT_4253_P0018",
        "route_id": "SNT_4253",
        "source_post_id": 4253,
        "name": "分岐（左下へ）",
        "kind": "kml_poi",
        "content_id": null
      },
      "geometry": {
        "type": "Point",
        "coordinates": [
          134.2974181,
          34.2059607
        ]
      },
      "tippecanoe": {
        "minzoom": 10
      }
    },
    {
      "type": "Feature",
      "properties": {
        "poi_id": "SNT_4253_P0019",
        "route_id": "SNT_4253",
        "source_post_id": 4253,
        "name": "イノシシゲート②",
        "kind": "kml_poi",
        "content_id": null
      },
      "geometry": {
        "type": "Point",
        "coordinates": [
          134.2974079,
          34.2036476
        ]
      },
      "tippecanoe": {
        "minzoom": 10
      }
    },
    {
      "type": "Feature",
      "properties": {
        "poi_id": "SNT_4253_P0020",
        "route_id": "SNT_4253",
        "source_post_id": 4253,
        "name": "石風呂",
        "kind": "tourism_spot",
        "content_id": "SNT_4253_S005"
      },
      "geometry": {
        "type": "Point",
        "coordinates": [
          134.3107099,
          34.2289666
        ]
      },
      "tippecanoe": {
        "minzoom": 10
      }
    },
    {
      "type": "Feature",
      "properties": {
        "poi_id": "SNT_4256_P0001",
        "route_id": "SNT_4256",
        "source_post_id": 4256,
        "name": "JR讃岐相生駅",
        "kind": "kml_poi",
        "content_id": null
      },
      "geometry": {
        "type": "Point",
        "coordinates": [
          134.4246031,
          34.2120189
        ]
      },
      "tippecanoe": {
        "minzoom": 10
      }
    },
    {
      "type": "Feature",
      "properties": {
        "poi_id": "SNT_4256_P0002",
        "route_id": "SNT_4256",
        "source_post_id": 4256,
        "name": "分岐",
        "kind": "kml_poi",
        "content_id": null
      },
      "geometry": {
        "type": "Point",
        "coordinates": [
          134.4191933,
          34.2079452
        ]
      },
      "tippecanoe": {
        "minzoom": 10
      }
    },
    {
      "type": "Feature",
      "properties": {
        "poi_id": "SNT_4256_P0003",
        "route_id": "SNT_4256",
        "source_post_id": 4256,
        "name": "保田池",
        "kind": "kml_poi",
        "content_id": null
      },
      "geometry": {
        "type": "Point",
        "coordinates": [
          134.4161339,
          34.2066148
        ]
      },
      "tippecanoe": {
        "minzoom": 10
      }
    },
    {
      "type": "Feature",
      "properties": {
        "poi_id": "SNT_4256_P0004",
        "route_id": "SNT_4256",
        "source_post_id": 4256,
        "name": "【写真２枚】分岐",
        "kind": "kml_poi",
        "content_id": null
      },
      "geometry": {
        "type": "Point",
        "coordinates": [
          134.4155915,
          34.2067915
        ]
      },
      "tippecanoe": {
        "minzoom": 10
      }
    },
    {
      "type": "Feature",
      "properties": {
        "poi_id": "SNT_4256_P0005",
        "route_id": "SNT_4256",
        "source_post_id": 4256,
        "name": "みちの様子",
        "kind": "kml_poi",
        "content_id": null
      },
      "geometry": {
        "type": "Point",
        "coordinates": [
          134.4153469,
          34.2068665
        ]
      },
      "tippecanoe": {
        "minzoom": 10
      }
    },
    {
      "type": "Feature",
      "properties": {
        "poi_id": "SNT_4256_P0006",
        "route_id": "SNT_4256",
        "source_post_id": 4256,
        "name": "下内池（しもうちいけ）",
        "kind": "kml_poi",
        "content_id": null
      },
      "geometry": {
        "type": "Point",
        "coordinates": [
          134.4142771,
          34.2062294
        ]
      },
      "tippecanoe": {
        "minzoom": 10
      }
    },
    {
      "type": "Feature",
      "properties": {
        "poi_id": "SNT_4256_P0007",
        "route_id": "SNT_4256",
        "source_post_id": 4256,
        "name": "地蔵堂",
        "kind": "kml_poi",
        "content_id": null
      },
      "geometry": {
        "type": "Point",
        "coordinates": [
          134.4048865,
          34.2039603
        ]
      },
      "tippecanoe": {
        "minzoom": 10
      }
    },
    {
      "type": "Feature",
      "properties": {
        "poi_id": "SNT_4256_P0008",
        "route_id": "SNT_4256",
        "source_post_id": 4256,
        "name": "糖業感謝碑",
        "kind": "tourism_spot",
        "content_id": "SNT_4256_S005"
      },
      "geometry": {
        "type": "Point",
        "coordinates": [
          134.4048851,
          34.2040452
        ]
      },
      "tippecanoe": {
        "minzoom": 10
      }
    },
    {
      "type": "Feature",
      "properties": {
        "poi_id": "SNT_4256_P0009",
        "route_id": "SNT_4256",
        "source_post_id": 4256,
        "name": "さとうきび畑",
        "kind": "kml_poi",
        "content_id": null
      },
      "geometry": {
        "type": "Point",
        "coordinates": [
          134.4036726,
          34.2047461
        ]
      },
      "tippecanoe": {
        "minzoom": 10
      }
    },
    {
      "type": "Feature",
      "properties": {
        "poi_id": "SNT_4256_P0010",
        "route_id": "SNT_4256",
        "source_post_id": 4256,
        "name": "石引池",
        "kind": "tourism_spot",
        "content_id": "SNT_4256_S004"
      },
      "geometry": {
        "type": "Point",
        "coordinates": [
          134.3988124,
          34.2089108
        ]
      },
      "tippecanoe": {
        "minzoom": 10
      }
    },
    {
      "type": "Feature",
      "properties": {
        "poi_id": "SNT_4256_P0011",
        "route_id": "SNT_4256",
        "source_post_id": 4256,
        "name": "川沿いの道",
        "kind": "kml_poi",
        "content_id": null
      },
      "geometry": {
        "type": "Point",
        "coordinates": [
          134.3754736,
          34.2151758
        ]
      },
      "tippecanoe": {
        "minzoom": 10
      }
    },
    {
      "type": "Feature",
      "properties": {
        "poi_id": "SNT_4256_P0012",
        "route_id": "SNT_4256",
        "source_post_id": 4256,
        "name": "みちの様子",
        "kind": "kml_poi",
        "content_id": null
      },
      "geometry": {
        "type": "Point",
        "coordinates": [
          134.3469912,
          34.2106017
        ]
      },
      "tippecanoe": {
        "minzoom": 10
      }
    },
    {
      "type": "Feature",
      "properties": {
        "poi_id": "SNT_4256_P0013",
        "route_id": "SNT_4256",
        "source_post_id": 4256,
        "name": "虎丸山を望む",
        "kind": "kml_poi",
        "content_id": null
      },
      "geometry": {
        "type": "Point",
        "coordinates": [
          134.3453256,
          34.212381
        ]
      },
      "tippecanoe": {
        "minzoom": 10
      }
    },
    {
      "type": "Feature",
      "properties": {
        "poi_id": "SNT_4256_P0014",
        "route_id": "SNT_4256",
        "source_post_id": 4256,
        "name": "みちの様子",
        "kind": "kml_poi",
        "content_id": null
      },
      "geometry": {
        "type": "Point",
        "coordinates": [
          134.345207,
          34.219302
        ]
      },
      "tippecanoe": {
        "minzoom": 10
      }
    },
    {
      "type": "Feature",
      "properties": {
        "poi_id": "SNT_4256_P0015",
        "route_id": "SNT_4256",
        "source_post_id": 4256,
        "name": "イノシシゲート①",
        "kind": "kml_poi",
        "content_id": null
      },
      "geometry": {
        "type": "Point",
        "coordinates": [
          134.3443659,
          34.2205455
        ]
      },
      "tippecanoe": {
        "minzoom": 10
      }
    },
    {
      "type": "Feature",
      "properties": {
        "poi_id": "SNT_4256_P0016",
        "route_id": "SNT_4256",
        "source_post_id": 4256,
        "name": "イノシシゲート②",
        "kind": "kml_poi",
        "content_id": null
      },
      "geometry": {
        "type": "Point",
        "coordinates": [
          134.3444169,
          34.2213594
        ]
      },
      "tippecanoe": {
        "minzoom": 10
      }
    },
    {
      "type": "Feature",
      "properties": {
        "poi_id": "SNT_4256_P0017",
        "route_id": "SNT_4256",
        "source_post_id": 4256,
        "name": "みちの様子",
        "kind": "kml_poi",
        "content_id": null
      },
      "geometry": {
        "type": "Point",
        "coordinates": [
          134.3446819,
          34.2219266
        ]
      },
      "tippecanoe": {
        "minzoom": 10
      }
    },
    {
      "type": "Feature",
      "properties": {
        "poi_id": "SNT_4256_P0018",
        "route_id": "SNT_4256",
        "source_post_id": 4256,
        "name": "みちの様子",
        "kind": "kml_poi",
        "content_id": null
      },
      "geometry": {
        "type": "Point",
        "coordinates": [
          134.345717,
          34.2244272
        ]
      },
      "tippecanoe": {
        "minzoom": 10
      }
    },
    {
      "type": "Feature",
      "properties": {
        "poi_id": "SNT_4256_P0019",
        "route_id": "SNT_4256",
        "source_post_id": 4256,
        "name": "みちの様子",
        "kind": "kml_poi",
        "content_id": null
      },
      "geometry": {
        "type": "Point",
        "coordinates": [
          134.3452918,
          34.2252629
        ]
      },
      "tippecanoe": {
        "minzoom": 10
      }
    },
    {
      "type": "Feature",
      "properties": {
        "poi_id": "SNT_4256_P0020",
        "route_id": "SNT_4256",
        "source_post_id": 4256,
        "name": "梨木神社",
        "kind": "kml_poi",
        "content_id": null
      },
      "geometry": {
        "type": "Point",
        "coordinates": [
          134.3449455,
          34.2318092
        ]
      },
      "tippecanoe": {
        "minzoom": 10
      }
    },
    {
      "type": "Feature",
      "properties": {
        "poi_id": "SNT_4256_P0021",
        "route_id": "SNT_4256",
        "source_post_id": 4256,
        "name": "原間池周辺",
        "kind": "tourism_spot",
        "content_id": "SNT_4256_S002"
      },
      "geometry": {
        "type": "Point",
        "coordinates": [
          134.3346502,
          34.2344674
        ]
      },
      "tippecanoe": {
        "minzoom": 10
      }
    },
    {
      "type": "Feature",
      "properties": {
        "poi_id": "SNT_4256_P0022",
        "route_id": "SNT_4256",
        "source_post_id": 4256,
        "name": "原間池休けい所",
        "kind": "kml_poi",
        "content_id": null
      },
      "geometry": {
        "type": "Point",
        "coordinates": [
          134.3344634,
          34.2343702
        ]
      },
      "tippecanoe": {
        "minzoom": 10
      }
    },
    {
      "type": "Feature",
      "properties": {
        "poi_id": "SNT_4256_P0023",
        "route_id": "SNT_4256",
        "source_post_id": 4256,
        "name": "與田寺",
        "kind": "tourism_spot",
        "content_id": "SNT_4256_S001"
      },
      "geometry": {
        "type": "Point",
        "coordinates": [
          134.3222585,
          34.2418977
        ]
      },
      "tippecanoe": {
        "minzoom": 10
      }
    },
    {
      "type": "Feature",
      "properties": {
        "poi_id": "SNT_4256_P0024",
        "route_id": "SNT_4256",
        "source_post_id": 4256,
        "name": "常観寺",
        "kind": "tourism_spot",
        "content_id": "SNT_4256_S003"
      },
      "geometry": {
        "type": "Point",
        "coordinates": [
          134.3817026,
          34.2168583
        ]
      },
      "tippecanoe": {
        "minzoom": 10
      }
    },
    {
      "type": "Feature",
      "properties": {
        "poi_id": "SNT_2843_P0001",
        "route_id": "SNT_2843",
        "source_post_id": 2843,
        "name": "瀬戸内海国立公園大坂峠園地",
        "kind": "tourism_spot",
        "content_id": "SNT_2843_S004"
      },
      "geometry": {
        "type": "Point",
        "coordinates": [
          134.4394086,
          34.2023932
        ]
      },
      "tippecanoe": {
        "minzoom": 10
      }
    },
    {
      "type": "Feature",
      "properties": {
        "poi_id": "SNT_2843_P0002",
        "route_id": "SNT_2843",
        "source_post_id": 2843,
        "name": "指導標",
        "kind": "kml_poi",
        "content_id": null
      },
      "geometry": {
        "type": "Point",
        "coordinates": [
          134.4394052,
          34.1971728
        ]
      },
      "tippecanoe": {
        "minzoom": 10
      }
    },
    {
      "type": "Feature",
      "properties": {
        "poi_id": "SNT_2843_P0003",
        "route_id": "SNT_2843",
        "source_post_id": 2843,
        "name": "指導標",
        "kind": "kml_poi",
        "content_id": null
      },
      "geometry": {
        "type": "Point",
        "coordinates": [
          134.4369322,
          34.1979756
        ]
      },
      "tippecanoe": {
        "minzoom": 10
      }
    },
    {
      "type": "Feature",
      "properties": {
        "poi_id": "SNT_2843_P0004",
        "route_id": "SNT_2843",
        "source_post_id": 2843,
        "name": "指導標",
        "kind": "kml_poi",
        "content_id": null
      },
      "geometry": {
        "type": "Point",
        "coordinates": [
          134.4345592,
          34.198314
        ]
      },
      "tippecanoe": {
        "minzoom": 10
      }
    },
    {
      "type": "Feature",
      "properties": {
        "poi_id": "SNT_2843_P0005",
        "route_id": "SNT_2843",
        "source_post_id": 2843,
        "name": "指導標",
        "kind": "kml_poi",
        "content_id": null
      },
      "geometry": {
        "type": "Point",
        "coordinates": [
          134.4345341,
          34.1991368
        ]
      },
      "tippecanoe": {
        "minzoom": 10
      }
    },
    {
      "type": "Feature",
      "properties": {
        "poi_id": "SNT_2843_P0006",
        "route_id": "SNT_2843",
        "source_post_id": 2843,
        "name": "展望休憩所",
        "kind": "kml_poi",
        "content_id": null
      },
      "geometry": {
        "type": "Point",
        "coordinates": [
          134.4340768,
          34.1998435
        ]
      },
      "tippecanoe": {
        "minzoom": 10
      }
    },
    {
      "type": "Feature",
      "properties": {
        "poi_id": "SNT_2843_P0007",
        "route_id": "SNT_2843",
        "source_post_id": 2843,
        "name": "みちの状況",
        "kind": "kml_poi",
        "content_id": null
      },
      "geometry": {
        "type": "Point",
        "coordinates": [
          134.433066,
          34.200256
        ]
      },
      "tippecanoe": {
        "minzoom": 10
      }
    },
    {
      "type": "Feature",
      "properties": {
        "poi_id": "SNT_2843_P0008",
        "route_id": "SNT_2843",
        "source_post_id": 2843,
        "name": "指導標",
        "kind": "kml_poi",
        "content_id": null
      },
      "geometry": {
        "type": "Point",
        "coordinates": [
          134.43249,
          34.201452
        ]
      },
      "tippecanoe": {
        "minzoom": 10
      }
    },
    {
      "type": "Feature",
      "properties": {
        "poi_id": "SNT_2843_P0009",
        "route_id": "SNT_2843",
        "source_post_id": 2843,
        "name": "案内板",
        "kind": "kml_poi",
        "content_id": null
      },
      "geometry": {
        "type": "Point",
        "coordinates": [
          134.4325497,
          34.2017404
        ]
      },
      "tippecanoe": {
        "minzoom": 10
      }
    },
    {
      "type": "Feature",
      "properties": {
        "poi_id": "SNT_2843_P0010",
        "route_id": "SNT_2843",
        "source_post_id": 2843,
        "name": "指導標",
        "kind": "kml_poi",
        "content_id": null
      },
      "geometry": {
        "type": "Point",
        "coordinates": [
          134.4326364,
          34.2018391
        ]
      },
      "tippecanoe": {
        "minzoom": 10
      }
    },
    {
      "type": "Feature",
      "properties": {
        "poi_id": "SNT_2843_P0011",
        "route_id": "SNT_2843",
        "source_post_id": 2843,
        "name": "指導標",
        "kind": "kml_poi",
        "content_id": null
      },
      "geometry": {
        "type": "Point",
        "coordinates": [
          134.4315236,
          34.2057612
        ]
      },
      "tippecanoe": {
        "minzoom": 10
      }
    },
    {
      "type": "Feature",
      "properties": {
        "poi_id": "SNT_2843_P0012",
        "route_id": "SNT_2843",
        "source_post_id": 2843,
        "name": "指導標",
        "kind": "kml_poi",
        "content_id": null
      },
      "geometry": {
        "type": "Point",
        "coordinates": [
          134.4304951,
          34.2059616
        ]
      },
      "tippecanoe": {
        "minzoom": 10
      }
    },
    {
      "type": "Feature",
      "properties": {
        "poi_id": "SNT_2843_P0013",
        "route_id": "SNT_2843",
        "source_post_id": 2843,
        "name": "指導標",
        "kind": "kml_poi",
        "content_id": null
      },
      "geometry": {
        "type": "Point",
        "coordinates": [
          134.4304906,
          34.2061041
        ]
      },
      "tippecanoe": {
        "minzoom": 10
      }
    },
    {
      "type": "Feature",
      "properties": {
        "poi_id": "SNT_2843_P0014",
        "route_id": "SNT_2843",
        "source_post_id": 2843,
        "name": "みち（線路沿い）",
        "kind": "kml_poi",
        "content_id": null
      },
      "geometry": {
        "type": "Point",
        "coordinates": [
          134.4297936,
          34.20645
        ]
      },
      "tippecanoe": {
        "minzoom": 10
      }
    },
    {
      "type": "Feature",
      "properties": {
        "poi_id": "SNT_2843_P0015",
        "route_id": "SNT_2843",
        "source_post_id": 2843,
        "name": "池",
        "kind": "kml_poi",
        "content_id": null
      },
      "geometry": {
        "type": "Point",
        "coordinates": [
          134.4283522,
          34.2067647
        ]
      },
      "tippecanoe": {
        "minzoom": 10
      }
    },
    {
      "type": "Feature",
      "properties": {
        "poi_id": "SNT_2843_P0016",
        "route_id": "SNT_2843",
        "source_post_id": 2843,
        "name": "小坂神社",
        "kind": "tourism_spot",
        "content_id": "SNT_2843_S002"
      },
      "geometry": {
        "type": "Point",
        "coordinates": [
          134.4263781,
          34.2070908
        ]
      },
      "tippecanoe": {
        "minzoom": 10
      }
    },
    {
      "type": "Feature",
      "properties": {
        "poi_id": "SNT_2843_P0017",
        "route_id": "SNT_2843",
        "source_post_id": 2843,
        "name": "指導標",
        "kind": "kml_poi",
        "content_id": null
      },
      "geometry": {
        "type": "Point",
        "coordinates": [
          134.4263977,
          34.2068584
        ]
      },
      "tippecanoe": {
        "minzoom": 10
      }
    },
    {
      "type": "Feature",
      "properties": {
        "poi_id": "SNT_2843_P0018",
        "route_id": "SNT_2843",
        "source_post_id": 2843,
        "name": "国道11号線の標識",
        "kind": "kml_poi",
        "content_id": null
      },
      "geometry": {
        "type": "Point",
        "coordinates": [
          134.4254214,
          34.2125255
        ]
      },
      "tippecanoe": {
        "minzoom": 10
      }
    },
    {
      "type": "Feature",
      "properties": {
        "poi_id": "SNT_2843_P0019",
        "route_id": "SNT_2843",
        "source_post_id": 2843,
        "name": "JR讃岐相生駅",
        "kind": "tourism_spot",
        "content_id": "SNT_2843_S001"
      },
      "geometry": {
        "type": "Point",
        "coordinates": [
          134.424687,
          34.2121534
        ]
      },
      "tippecanoe": {
        "minzoom": 10
      }
    },
    {
      "type": "Feature",
      "properties": {
        "poi_id": "SNT_5739_P0001",
        "route_id": "SNT_5739",
        "source_post_id": 5739,
        "name": "金刀比羅宮",
        "kind": "tourism_spot",
        "content_id": "SNT_5739_S001"
      },
      "geometry": {
        "type": "Point",
        "coordinates": [
          133.814169,
          34.184312
        ]
      },
      "tippecanoe": {
        "minzoom": 10
      }
    },
    {
      "type": "Feature",
      "properties": {
        "poi_id": "SNT_5739_P0002",
        "route_id": "SNT_5739",
        "source_post_id": 5739,
        "name": "加茂神社",
        "kind": "tourism_spot",
        "content_id": "SNT_5739_S002"
      },
      "geometry": {
        "type": "Point",
        "coordinates": [
          133.808569,
          34.169047
        ]
      },
      "tippecanoe": {
        "minzoom": 10
      }
    },
    {
      "type": "Feature",
      "properties": {
        "poi_id": "SNT_5739_P0003",
        "route_id": "SNT_5739",
        "source_post_id": 5739,
        "name": "道の駅　もみのきパーク",
        "kind": "kml_poi",
        "content_id": null
      },
      "geometry": {
        "type": "Point",
        "coordinates": [
          133.821904,
          34.155109
        ]
      },
      "tippecanoe": {
        "minzoom": 10
      }
    },
    {
      "type": "Feature",
      "properties": {
        "poi_id": "SNT_5739_P0004",
        "route_id": "SNT_5739",
        "source_post_id": 5739,
        "name": "木熊野神社社叢",
        "kind": "tourism_spot",
        "content_id": "SNT_5739_S004"
      },
      "geometry": {
        "type": "Point",
        "coordinates": [
          133.816734,
          34.121632
        ]
      },
      "tippecanoe": {
        "minzoom": 10
      }
    },
    {
      "type": "Feature",
      "properties": {
        "poi_id": "SNT_5739_P0005",
        "route_id": "SNT_5739",
        "source_post_id": 5739,
        "name": "香川の保存木「財田駅前のタブノキ」",
        "kind": "tourism_spot",
        "content_id": "SNT_5739_S005"
      },
      "geometry": {
        "type": "Point",
        "coordinates": [
          133.814105,
          34.117518
        ]
      },
      "tippecanoe": {
        "minzoom": 10
      }
    },
    {
      "type": "Feature",
      "properties": {
        "poi_id": "SNT_5739_P0006",
        "route_id": "SNT_5739",
        "source_post_id": 5739,
        "name": "指導標",
        "kind": "kml_poi",
        "content_id": null
      },
      "geometry": {
        "type": "Point",
        "coordinates": [
          133.808383,
          34.173492
        ]
      },
      "tippecanoe": {
        "minzoom": 10
      }
    },
    {
      "type": "Feature",
      "properties": {
        "poi_id": "SNT_5739_P0007",
        "route_id": "SNT_5739",
        "source_post_id": 5739,
        "name": "指導標",
        "kind": "kml_poi",
        "content_id": null
      },
      "geometry": {
        "type": "Point",
        "coordinates": [
          133.806957,
          34.171269
        ]
      },
      "tippecanoe": {
        "minzoom": 10
      }
    },
    {
      "type": "Feature",
      "properties": {
        "poi_id": "SNT_5739_P0008",
        "route_id": "SNT_5739",
        "source_post_id": 5739,
        "name": "指導標",
        "kind": "kml_poi",
        "content_id": null
      },
      "geometry": {
        "type": "Point",
        "coordinates": [
          133.809862,
          34.161783
        ]
      },
      "tippecanoe": {
        "minzoom": 10
      }
    },
    {
      "type": "Feature",
      "properties": {
        "poi_id": "SNT_5739_P0009",
        "route_id": "SNT_5739",
        "source_post_id": 5739,
        "name": "竜王展望休憩所",
        "kind": "kml_poi",
        "content_id": null
      },
      "geometry": {
        "type": "Point",
        "coordinates": [
          133.8188993,
          34.1579431
        ]
      },
      "tippecanoe": {
        "minzoom": 10
      }
    },
    {
      "type": "Feature",
      "properties": {
        "poi_id": "SNT_5739_P0010",
        "route_id": "SNT_5739",
        "source_post_id": 5739,
        "name": "指導標",
        "kind": "kml_poi",
        "content_id": null
      },
      "geometry": {
        "type": "Point",
        "coordinates": [
          133.814788,
          34.146481
        ]
      },
      "tippecanoe": {
        "minzoom": 10
      }
    },
    {
      "type": "Feature",
      "properties": {
        "poi_id": "SNT_5739_P0011",
        "route_id": "SNT_5739",
        "source_post_id": 5739,
        "name": "案内板",
        "kind": "kml_poi",
        "content_id": null
      },
      "geometry": {
        "type": "Point",
        "coordinates": [
          133.81565,
          34.134609
        ]
      },
      "tippecanoe": {
        "minzoom": 10
      }
    },
    {
      "type": "Feature",
      "properties": {
        "poi_id": "SNT_5739_P0012",
        "route_id": "SNT_5739",
        "source_post_id": 5739,
        "name": "指導標",
        "kind": "kml_poi",
        "content_id": null
      },
      "geometry": {
        "type": "Point",
        "coordinates": [
          133.814876,
          34.122056
        ]
      },
      "tippecanoe": {
        "minzoom": 10
      }
    },
    {
      "type": "Feature",
      "properties": {
        "poi_id": "SNT_5739_P0013",
        "route_id": "SNT_5739",
        "source_post_id": 5739,
        "name": "指導標",
        "kind": "kml_poi",
        "content_id": null
      },
      "geometry": {
        "type": "Point",
        "coordinates": [
          133.816148,
          34.117957
        ]
      },
      "tippecanoe": {
        "minzoom": 10
      }
    },
    {
      "type": "Feature",
      "properties": {
        "poi_id": "SNT_4259_P0001",
        "route_id": "SNT_4259",
        "source_post_id": 4259,
        "name": "県道からの分岐",
        "kind": "kml_poi",
        "content_id": null
      },
      "geometry": {
        "type": "Point",
        "coordinates": [
          133.752256,
          34.1487992
        ]
      },
      "tippecanoe": {
        "minzoom": 10
      }
    },
    {
      "type": "Feature",
      "properties": {
        "poi_id": "SNT_4259_P0002",
        "route_id": "SNT_4259",
        "source_post_id": 4259,
        "name": "香川県自然記念物「二宮のネズ」",
        "kind": "kml_poi",
        "content_id": null
      },
      "geometry": {
        "type": "Point",
        "coordinates": [
          133.7519619,
          34.1489878
        ]
      },
      "tippecanoe": {
        "minzoom": 10
      }
    },
    {
      "type": "Feature",
      "properties": {
        "poi_id": "SNT_4259_P0003",
        "route_id": "SNT_4259",
        "source_post_id": 4259,
        "name": "大水上神社",
        "kind": "tourism_spot",
        "content_id": "SNT_4259_S007"
      },
      "geometry": {
        "type": "Point",
        "coordinates": [
          133.7551189,
          34.1480838
        ]
      },
      "tippecanoe": {
        "minzoom": 10
      }
    },
    {
      "type": "Feature",
      "properties": {
        "poi_id": "SNT_4259_P0004",
        "route_id": "SNT_4259",
        "source_post_id": 4259,
        "name": "二ノ宮の瓦窯跡",
        "kind": "kml_poi",
        "content_id": null
      },
      "geometry": {
        "type": "Point",
        "coordinates": [
          133.7547843,
          34.1477379
        ]
      },
      "tippecanoe": {
        "minzoom": 10
      }
    },
    {
      "type": "Feature",
      "properties": {
        "poi_id": "SNT_4259_P0005",
        "route_id": "SNT_4259",
        "source_post_id": 4259,
        "name": "みちの様子",
        "kind": "kml_poi",
        "content_id": null
      },
      "geometry": {
        "type": "Point",
        "coordinates": [
          133.7548142,
          34.1478026
        ]
      },
      "tippecanoe": {
        "minzoom": 10
      }
    },
    {
      "type": "Feature",
      "properties": {
        "poi_id": "SNT_4259_P0006",
        "route_id": "SNT_4259",
        "source_post_id": 4259,
        "name": "広域農道からの分岐（右へ）",
        "kind": "kml_poi",
        "content_id": null
      },
      "geometry": {
        "type": "Point",
        "coordinates": [
          133.7575669,
          34.1539281
        ]
      },
      "tippecanoe": {
        "minzoom": 10
      }
    },
    {
      "type": "Feature",
      "properties": {
        "poi_id": "SNT_4259_P0007",
        "route_id": "SNT_4259",
        "source_post_id": 4259,
        "name": "長峰神社休けい所",
        "kind": "kml_poi",
        "content_id": null
      },
      "geometry": {
        "type": "Point",
        "coordinates": [
          133.7594319,
          34.155775
        ]
      },
      "tippecanoe": {
        "minzoom": 10
      }
    },
    {
      "type": "Feature",
      "properties": {
        "poi_id": "SNT_4259_P0008",
        "route_id": "SNT_4259",
        "source_post_id": 4259,
        "name": "みち際の茶畑",
        "kind": "kml_poi",
        "content_id": null
      },
      "geometry": {
        "type": "Point",
        "coordinates": [
          133.7566663,
          34.15965
        ]
      },
      "tippecanoe": {
        "minzoom": 10
      }
    },
    {
      "type": "Feature",
      "properties": {
        "poi_id": "SNT_4259_P0009",
        "route_id": "SNT_4259",
        "source_post_id": 4259,
        "name": "長峰神社",
        "kind": "tourism_spot",
        "content_id": "SNT_4259_S006"
      },
      "geometry": {
        "type": "Point",
        "coordinates": [
          133.759677,
          34.1563852
        ]
      },
      "tippecanoe": {
        "minzoom": 10
      }
    },
    {
      "type": "Feature",
      "properties": {
        "poi_id": "SNT_4259_P0010",
        "route_id": "SNT_4259",
        "source_post_id": 4259,
        "name": "茶畑",
        "kind": "kml_poi",
        "content_id": null
      },
      "geometry": {
        "type": "Point",
        "coordinates": [
          133.7556998,
          34.1627731
        ]
      },
      "tippecanoe": {
        "minzoom": 10
      }
    },
    {
      "type": "Feature",
      "properties": {
        "poi_id": "SNT_4259_P0011",
        "route_id": "SNT_4259",
        "source_post_id": 4259,
        "name": "大麻山を望む",
        "kind": "kml_poi",
        "content_id": null
      },
      "geometry": {
        "type": "Point",
        "coordinates": [
          133.7627391,
          34.1654292
        ]
      },
      "tippecanoe": {
        "minzoom": 10
      }
    },
    {
      "type": "Feature",
      "properties": {
        "poi_id": "SNT_4259_P0012",
        "route_id": "SNT_4259",
        "source_post_id": 4259,
        "name": "高瀬のお茶畑",
        "kind": "tourism_spot",
        "content_id": "SNT_4259_S005"
      },
      "geometry": {
        "type": "Point",
        "coordinates": [
          133.7524662,
          34.160473
        ]
      },
      "tippecanoe": {
        "minzoom": 10
      }
    },
    {
      "type": "Feature",
      "properties": {
        "poi_id": "SNT_4259_P0013",
        "route_id": "SNT_4259",
        "source_post_id": 4259,
        "name": "細いみちへの分岐",
        "kind": "kml_poi",
        "content_id": null
      },
      "geometry": {
        "type": "Point",
        "coordinates": [
          133.7637657,
          34.173953
        ]
      },
      "tippecanoe": {
        "minzoom": 10
      }
    },
    {
      "type": "Feature",
      "properties": {
        "poi_id": "SNT_4259_P0014",
        "route_id": "SNT_4259",
        "source_post_id": 4259,
        "name": "麻部神社",
        "kind": "kml_poi",
        "content_id": null
      },
      "geometry": {
        "type": "Point",
        "coordinates": [
          133.774823,
          34.1732107
        ]
      },
      "tippecanoe": {
        "minzoom": 10
      }
    },
    {
      "type": "Feature",
      "properties": {
        "poi_id": "SNT_4259_P0015",
        "route_id": "SNT_4259",
        "source_post_id": 4259,
        "name": "分岐（左へ）①",
        "kind": "kml_poi",
        "content_id": null
      },
      "geometry": {
        "type": "Point",
        "coordinates": [
          133.7799742,
          34.1796264
        ]
      },
      "tippecanoe": {
        "minzoom": 10
      }
    },
    {
      "type": "Feature",
      "properties": {
        "poi_id": "SNT_4259_P0016",
        "route_id": "SNT_4259",
        "source_post_id": 4259,
        "name": "香川県、自然記念物「麻部神社社叢」",
        "kind": "tourism_spot",
        "content_id": "SNT_4259_S004"
      },
      "geometry": {
        "type": "Point",
        "coordinates": [
          133.7747394,
          34.1731351
        ]
      },
      "tippecanoe": {
        "minzoom": 10
      }
    },
    {
      "type": "Feature",
      "properties": {
        "poi_id": "SNT_4259_P0017",
        "route_id": "SNT_4259",
        "source_post_id": 4259,
        "name": "分岐（左へ）②",
        "kind": "kml_poi",
        "content_id": null
      },
      "geometry": {
        "type": "Point",
        "coordinates": [
          133.7803048,
          34.1802345
        ]
      },
      "tippecanoe": {
        "minzoom": 10
      }
    },
    {
      "type": "Feature",
      "properties": {
        "poi_id": "SNT_4259_P0018",
        "route_id": "SNT_4259",
        "source_post_id": 4259,
        "name": "イノシシゲート",
        "kind": "kml_poi",
        "content_id": null
      },
      "geometry": {
        "type": "Point",
        "coordinates": [
          133.7869302,
          34.1800655
        ]
      },
      "tippecanoe": {
        "minzoom": 10
      }
    },
    {
      "type": "Feature",
      "properties": {
        "poi_id": "SNT_4259_P0019",
        "route_id": "SNT_4259",
        "source_post_id": 4259,
        "name": "みちの様子",
        "kind": "kml_poi",
        "content_id": null
      },
      "geometry": {
        "type": "Point",
        "coordinates": [
          133.7881258,
          34.1811215
        ]
      },
      "tippecanoe": {
        "minzoom": 10
      }
    },
    {
      "type": "Feature",
      "properties": {
        "poi_id": "SNT_4259_P0020",
        "route_id": "SNT_4259",
        "source_post_id": 4259,
        "name": "梅の宮さん",
        "kind": "tourism_spot",
        "content_id": "SNT_4259_S003"
      },
      "geometry": {
        "type": "Point",
        "coordinates": [
          133.7928939,
          34.1837454
        ]
      },
      "tippecanoe": {
        "minzoom": 10
      }
    },
    {
      "type": "Feature",
      "properties": {
        "poi_id": "SNT_4259_P0021",
        "route_id": "SNT_4259",
        "source_post_id": 4259,
        "name": "伊予土佐街道・牛屋口",
        "kind": "tourism_spot",
        "content_id": "SNT_4259_S002"
      },
      "geometry": {
        "type": "Point",
        "coordinates": [
          133.8101326,
          34.1787457
        ]
      },
      "tippecanoe": {
        "minzoom": 10
      }
    },
    {
      "type": "Feature",
      "properties": {
        "poi_id": "SNT_4259_P0022",
        "route_id": "SNT_4259",
        "source_post_id": 4259,
        "name": "分岐（右へ）",
        "kind": "kml_poi",
        "content_id": null
      },
      "geometry": {
        "type": "Point",
        "coordinates": [
          133.8105668,
          34.179228
        ]
      },
      "tippecanoe": {
        "minzoom": 10
      }
    },
    {
      "type": "Feature",
      "properties": {
        "poi_id": "SNT_4259_P0023",
        "route_id": "SNT_4259",
        "source_post_id": 4259,
        "name": "旧伊予土佐街道",
        "kind": "kml_poi",
        "content_id": null
      },
      "geometry": {
        "type": "Point",
        "coordinates": [
          133.8125098,
          34.1802169
        ]
      },
      "tippecanoe": {
        "minzoom": 10
      }
    },
    {
      "type": "Feature",
      "properties": {
        "poi_id": "SNT_4259_P0024",
        "route_id": "SNT_4259",
        "source_post_id": 4259,
        "name": "金刀比羅宮石段に合流",
        "kind": "kml_poi",
        "content_id": null
      },
      "geometry": {
        "type": "Point",
        "coordinates": [
          133.8158794,
          34.1848962
        ]
      },
      "tippecanoe": {
        "minzoom": 10
      }
    },
    {
      "type": "Feature",
      "properties": {
        "poi_id": "SNT_4259_P0025",
        "route_id": "SNT_4259",
        "source_post_id": 4259,
        "name": "金刀比羅宮",
        "kind": "tourism_spot",
        "content_id": "SNT_4259_S001"
      },
      "geometry": {
        "type": "Point",
        "coordinates": [
          133.8159091,
          34.1848995
        ]
      },
      "tippecanoe": {
        "minzoom": 10
      }
    },
    {
      "type": "Feature",
      "properties": {
        "poi_id": "SNT_5199_P0001",
        "route_id": "SNT_5199",
        "source_post_id": 5199,
        "name": "大水上神社",
        "kind": "kml_poi",
        "content_id": null
      },
      "geometry": {
        "type": "Point",
        "coordinates": [
          133.7553108,
          34.1480661
        ]
      },
      "tippecanoe": {
        "minzoom": 10
      }
    },
    {
      "type": "Feature",
      "properties": {
        "poi_id": "SNT_5199_P0002",
        "route_id": "SNT_5199",
        "source_post_id": 5199,
        "name": "案内板",
        "kind": "kml_poi",
        "content_id": null
      },
      "geometry": {
        "type": "Point",
        "coordinates": [
          133.7521449,
          34.1488898
        ]
      },
      "tippecanoe": {
        "minzoom": 10
      }
    },
    {
      "type": "Feature",
      "properties": {
        "poi_id": "SNT_5199_P0003",
        "route_id": "SNT_5199",
        "source_post_id": 5199,
        "name": "指導標",
        "kind": "kml_poi",
        "content_id": null
      },
      "geometry": {
        "type": "Point",
        "coordinates": [
          133.7488277,
          34.1481621
        ]
      },
      "tippecanoe": {
        "minzoom": 10
      }
    },
    {
      "type": "Feature",
      "properties": {
        "poi_id": "SNT_5199_P0004",
        "route_id": "SNT_5199",
        "source_post_id": 5199,
        "name": "指導標(細道へ)",
        "kind": "kml_poi",
        "content_id": null
      },
      "geometry": {
        "type": "Point",
        "coordinates": [
          133.7415957,
          34.1423466
        ]
      },
      "tippecanoe": {
        "minzoom": 10
      }
    },
    {
      "type": "Feature",
      "properties": {
        "poi_id": "SNT_5199_P0005",
        "route_id": "SNT_5199",
        "source_post_id": 5199,
        "name": "解説板(向谷遺跡)",
        "kind": "kml_poi",
        "content_id": null
      },
      "geometry": {
        "type": "Point",
        "coordinates": [
          133.7366067,
          34.1419262
        ]
      },
      "tippecanoe": {
        "minzoom": 10
      }
    },
    {
      "type": "Feature",
      "properties": {
        "poi_id": "SNT_5199_P0006",
        "route_id": "SNT_5199",
        "source_post_id": 5199,
        "name": "指導標",
        "kind": "kml_poi",
        "content_id": null
      },
      "geometry": {
        "type": "Point",
        "coordinates": [
          133.7338207,
          34.1426954
        ]
      },
      "tippecanoe": {
        "minzoom": 10
      }
    },
    {
      "type": "Feature",
      "properties": {
        "poi_id": "SNT_5199_P0007",
        "route_id": "SNT_5199",
        "source_post_id": 5199,
        "name": "分岐(奥に進み右)",
        "kind": "kml_poi",
        "content_id": null
      },
      "geometry": {
        "type": "Point",
        "coordinates": [
          133.728286,
          34.1432955
        ]
      },
      "tippecanoe": {
        "minzoom": 10
      }
    },
    {
      "type": "Feature",
      "properties": {
        "poi_id": "SNT_5199_P0008",
        "route_id": "SNT_5199",
        "source_post_id": 5199,
        "name": "指導標",
        "kind": "kml_poi",
        "content_id": null
      },
      "geometry": {
        "type": "Point",
        "coordinates": [
          133.7241396,
          34.1407909
        ]
      },
      "tippecanoe": {
        "minzoom": 10
      }
    },
    {
      "type": "Feature",
      "properties": {
        "poi_id": "SNT_5199_P0009",
        "route_id": "SNT_5199",
        "source_post_id": 5199,
        "name": "指導標(森側を通る)",
        "kind": "kml_poi",
        "content_id": null
      },
      "geometry": {
        "type": "Point",
        "coordinates": [
          133.7199355,
          34.1417264
        ]
      },
      "tippecanoe": {
        "minzoom": 10
      }
    },
    {
      "type": "Feature",
      "properties": {
        "poi_id": "SNT_5199_P0010",
        "route_id": "SNT_5199",
        "source_post_id": 5199,
        "name": "指導標(矢印の方向に進む)",
        "kind": "kml_poi",
        "content_id": null
      },
      "geometry": {
        "type": "Point",
        "coordinates": [
          133.7157982,
          34.1388993
        ]
      },
      "tippecanoe": {
        "minzoom": 10
      }
    },
    {
      "type": "Feature",
      "properties": {
        "poi_id": "SNT_5199_P0011",
        "route_id": "SNT_5199",
        "source_post_id": 5199,
        "name": "香川県自然記念物「二宮のネズ」",
        "kind": "tourism_spot",
        "content_id": "SNT_5199_S002"
      },
      "geometry": {
        "type": "Point",
        "coordinates": [
          133.7522475,
          34.148797
        ]
      },
      "tippecanoe": {
        "minzoom": 10
      }
    },
    {
      "type": "Feature",
      "properties": {
        "poi_id": "SNT_5199_P0012",
        "route_id": "SNT_5199",
        "source_post_id": 5199,
        "name": "白坂庵",
        "kind": "tourism_spot",
        "content_id": "SNT_5199_S003"
      },
      "geometry": {
        "type": "Point",
        "coordinates": [
          133.7235748,
          34.1398992
        ]
      },
      "tippecanoe": {
        "minzoom": 10
      }
    },
    {
      "type": "Feature",
      "properties": {
        "poi_id": "SNT_5199_P0013",
        "route_id": "SNT_5199",
        "source_post_id": 5199,
        "name": "延命院",
        "kind": "tourism_spot",
        "content_id": "SNT_5199_S004"
      },
      "geometry": {
        "type": "Point",
        "coordinates": [
          133.7131062,
          34.1394617
        ]
      },
      "tippecanoe": {
        "minzoom": 10
      }
    },
    {
      "type": "Feature",
      "properties": {
        "poi_id": "SNT_5199_P0014",
        "route_id": "SNT_5199",
        "source_post_id": 5199,
        "name": "豊姫神社",
        "kind": "tourism_spot",
        "content_id": "SNT_5199_S005"
      },
      "geometry": {
        "type": "Point",
        "coordinates": [
          133.712617,
          34.1401725
        ]
      },
      "tippecanoe": {
        "minzoom": 10
      }
    },
    {
      "type": "Feature",
      "properties": {
        "poi_id": "SNT_5199_P0015",
        "route_id": "SNT_5199",
        "source_post_id": 5199,
        "name": "指導標",
        "kind": "kml_poi",
        "content_id": null
      },
      "geometry": {
        "type": "Point",
        "coordinates": [
          133.7117248,
          34.1404383
        ]
      },
      "tippecanoe": {
        "minzoom": 10
      }
    },
    {
      "type": "Feature",
      "properties": {
        "poi_id": "SNT_5199_P0016",
        "route_id": "SNT_5199",
        "source_post_id": 5199,
        "name": "香川の保存木「若宮神社のクロガネモチ」",
        "kind": "tourism_spot",
        "content_id": "SNT_5199_S006"
      },
      "geometry": {
        "type": "Point",
        "coordinates": [
          133.7083842,
          34.1357885
        ]
      },
      "tippecanoe": {
        "minzoom": 10
      }
    },
    {
      "type": "Feature",
      "properties": {
        "poi_id": "SNT_5199_P0017",
        "route_id": "SNT_5199",
        "source_post_id": 5199,
        "name": "本山寺",
        "kind": "tourism_spot",
        "content_id": "SNT_5199_S007"
      },
      "geometry": {
        "type": "Point",
        "coordinates": [
          133.6940359,
          34.1395747
        ]
      },
      "tippecanoe": {
        "minzoom": 10
      }
    },
    {
      "type": "Feature",
      "properties": {
        "poi_id": "SNT_5199_P0018",
        "route_id": "SNT_5199",
        "source_post_id": 5199,
        "name": "指導標(道路の下を通過)",
        "kind": "kml_poi",
        "content_id": null
      },
      "geometry": {
        "type": "Point",
        "coordinates": [
          133.7120074,
          34.1414754
        ]
      },
      "tippecanoe": {
        "minzoom": 10
      }
    },
    {
      "type": "Feature",
      "properties": {
        "poi_id": "SNT_5202_P0001",
        "route_id": "SNT_5202",
        "source_post_id": 5202,
        "name": "本山寺",
        "kind": "tourism_spot",
        "content_id": "SNT_5202_S001"
      },
      "geometry": {
        "type": "Point",
        "coordinates": [
          133.6940402,
          34.1395999
        ]
      },
      "tippecanoe": {
        "minzoom": 10
      }
    },
    {
      "type": "Feature",
      "properties": {
        "poi_id": "SNT_5202_P0002",
        "route_id": "SNT_5202",
        "source_post_id": 5202,
        "name": "香川の保存木「高良神社のクスノキ」",
        "kind": "tourism_spot",
        "content_id": "SNT_5202_S002"
      },
      "geometry": {
        "type": "Point",
        "coordinates": [
          133.6936342,
          34.1398436
        ]
      },
      "tippecanoe": {
        "minzoom": 10
      }
    },
    {
      "type": "Feature",
      "properties": {
        "poi_id": "SNT_5202_P0003",
        "route_id": "SNT_5202",
        "source_post_id": 5202,
        "name": "みち(七宝山方面)",
        "kind": "kml_poi",
        "content_id": null
      },
      "geometry": {
        "type": "Point",
        "coordinates": [
          133.6913069,
          34.1407711
        ]
      },
      "tippecanoe": {
        "minzoom": 10
      }
    },
    {
      "type": "Feature",
      "properties": {
        "poi_id": "SNT_5202_P0004",
        "route_id": "SNT_5202",
        "source_post_id": 5202,
        "name": "みち",
        "kind": "kml_poi",
        "content_id": null
      },
      "geometry": {
        "type": "Point",
        "coordinates": [
          133.6819294,
          34.1453746
        ]
      },
      "tippecanoe": {
        "minzoom": 10
      }
    },
    {
      "type": "Feature",
      "properties": {
        "poi_id": "SNT_5202_P0005",
        "route_id": "SNT_5202",
        "source_post_id": 5202,
        "name": "解説板(なつめの木の貝塚)",
        "kind": "kml_poi",
        "content_id": null
      },
      "geometry": {
        "type": "Point",
        "coordinates": [
          133.6820362,
          34.145909
        ]
      },
      "tippecanoe": {
        "minzoom": 10
      }
    },
    {
      "type": "Feature",
      "properties": {
        "poi_id": "SNT_5202_P0006",
        "route_id": "SNT_5202",
        "source_post_id": 5202,
        "name": "城山寺（岡本城）",
        "kind": "tourism_spot",
        "content_id": "SNT_5202_S003"
      },
      "geometry": {
        "type": "Point",
        "coordinates": [
          133.6793567,
          34.144743
        ]
      },
      "tippecanoe": {
        "minzoom": 10
      }
    },
    {
      "type": "Feature",
      "properties": {
        "poi_id": "SNT_5202_P0007",
        "route_id": "SNT_5202",
        "source_post_id": 5202,
        "name": "みち(鳩八幡神社へ)",
        "kind": "kml_poi",
        "content_id": null
      },
      "geometry": {
        "type": "Point",
        "coordinates": [
          133.6796775,
          34.1474555
        ]
      },
      "tippecanoe": {
        "minzoom": 10
      }
    },
    {
      "type": "Feature",
      "properties": {
        "poi_id": "SNT_5202_P0008",
        "route_id": "SNT_5202",
        "source_post_id": 5202,
        "name": "鳩八幡神社",
        "kind": "tourism_spot",
        "content_id": "SNT_5202_S004"
      },
      "geometry": {
        "type": "Point",
        "coordinates": [
          133.6775203,
          34.1488616
        ]
      },
      "tippecanoe": {
        "minzoom": 10
      }
    },
    {
      "type": "Feature",
      "properties": {
        "poi_id": "SNT_5202_P0009",
        "route_id": "SNT_5202",
        "source_post_id": 5202,
        "name": "不動の滝",
        "kind": "tourism_spot",
        "content_id": "SNT_5202_S005"
      },
      "geometry": {
        "type": "Point",
        "coordinates": [
          133.6722406,
          34.1509604
        ]
      },
      "tippecanoe": {
        "minzoom": 10
      }
    },
    {
      "type": "Feature",
      "properties": {
        "poi_id": "SNT_5202_P0010",
        "route_id": "SNT_5202",
        "source_post_id": 5202,
        "name": "指導標",
        "kind": "kml_poi",
        "content_id": null
      },
      "geometry": {
        "type": "Point",
        "coordinates": [
          133.6815161,
          34.1454968
        ]
      },
      "tippecanoe": {
        "minzoom": 10
      }
    },
    {
      "type": "Feature",
      "properties": {
        "poi_id": "SNT_5202_P0011",
        "route_id": "SNT_5202",
        "source_post_id": 5202,
        "name": "指導標",
        "kind": "kml_poi",
        "content_id": null
      },
      "geometry": {
        "type": "Point",
        "coordinates": [
          133.6735877,
          34.1393845
        ]
      },
      "tippecanoe": {
        "minzoom": 10
      }
    },
    {
      "type": "Feature",
      "properties": {
        "poi_id": "SNT_5202_P0012",
        "route_id": "SNT_5202",
        "source_post_id": 5202,
        "name": "宝珠寺",
        "kind": "tourism_spot",
        "content_id": "SNT_5202_S006"
      },
      "geometry": {
        "type": "Point",
        "coordinates": [
          133.6611335,
          34.1431536
        ]
      },
      "tippecanoe": {
        "minzoom": 10
      }
    },
    {
      "type": "Feature",
      "properties": {
        "poi_id": "SNT_5202_P0013",
        "route_id": "SNT_5202",
        "source_post_id": 5202,
        "name": "高屋神社",
        "kind": "tourism_spot",
        "content_id": "SNT_5202_S007"
      },
      "geometry": {
        "type": "Point",
        "coordinates": [
          133.6498503,
          34.1523682
        ]
      },
      "tippecanoe": {
        "minzoom": 10
      }
    },
    {
      "type": "Feature",
      "properties": {
        "poi_id": "SNT_5204_P0001",
        "route_id": "SNT_5204",
        "source_post_id": 5204,
        "name": "案内板",
        "kind": "kml_poi",
        "content_id": null
      },
      "geometry": {
        "type": "Point",
        "coordinates": [
          133.6503315,
          34.1492324
        ]
      },
      "tippecanoe": {
        "minzoom": 10
      }
    },
    {
      "type": "Feature",
      "properties": {
        "poi_id": "SNT_5204_P0002",
        "route_id": "SNT_5204",
        "source_post_id": 5204,
        "name": "高屋神社",
        "kind": "tourism_spot",
        "content_id": "SNT_5204_S001"
      },
      "geometry": {
        "type": "Point",
        "coordinates": [
          133.6549344,
          34.1610211
        ]
      },
      "tippecanoe": {
        "minzoom": 10
      }
    },
    {
      "type": "Feature",
      "properties": {
        "poi_id": "SNT_5204_P0003",
        "route_id": "SNT_5204",
        "source_post_id": 5204,
        "name": "ミカン畑",
        "kind": "tourism_spot",
        "content_id": "SNT_5204_S002"
      },
      "geometry": {
        "type": "Point",
        "coordinates": [
          133.6479353,
          34.165593
        ]
      },
      "tippecanoe": {
        "minzoom": 10
      }
    },
    {
      "type": "Feature",
      "properties": {
        "poi_id": "SNT_5204_P0004",
        "route_id": "SNT_5204",
        "source_post_id": 5204,
        "name": "指導標",
        "kind": "kml_poi",
        "content_id": null
      },
      "geometry": {
        "type": "Point",
        "coordinates": [
          133.6528882,
          34.1671967
        ]
      },
      "tippecanoe": {
        "minzoom": 10
      }
    },
    {
      "type": "Feature",
      "properties": {
        "poi_id": "SNT_5204_P0005",
        "route_id": "SNT_5204",
        "source_post_id": 5204,
        "name": "指導標",
        "kind": "kml_poi",
        "content_id": null
      },
      "geometry": {
        "type": "Point",
        "coordinates": [
          133.6497977,
          34.1693355
        ]
      },
      "tippecanoe": {
        "minzoom": 10
      }
    },
    {
      "type": "Feature",
      "properties": {
        "poi_id": "SNT_5204_P0006",
        "route_id": "SNT_5204",
        "source_post_id": 5204,
        "name": "日枝神社",
        "kind": "tourism_spot",
        "content_id": "SNT_5204_S003"
      },
      "geometry": {
        "type": "Point",
        "coordinates": [
          133.6608194,
          34.1745697
        ]
      },
      "tippecanoe": {
        "minzoom": 10
      }
    },
    {
      "type": "Feature",
      "properties": {
        "poi_id": "SNT_5204_P0007",
        "route_id": "SNT_5204",
        "source_post_id": 5204,
        "name": "指導標",
        "kind": "kml_poi",
        "content_id": null
      },
      "geometry": {
        "type": "Point",
        "coordinates": [
          133.6545637,
          34.1776895
        ]
      },
      "tippecanoe": {
        "minzoom": 10
      }
    },
    {
      "type": "Feature",
      "properties": {
        "poi_id": "SNT_5204_P0008",
        "route_id": "SNT_5204",
        "source_post_id": 5204,
        "name": "指導標",
        "kind": "kml_poi",
        "content_id": null
      },
      "geometry": {
        "type": "Point",
        "coordinates": [
          133.6566766,
          34.1850768
        ]
      },
      "tippecanoe": {
        "minzoom": 10
      }
    },
    {
      "type": "Feature",
      "properties": {
        "poi_id": "SNT_5204_P0009",
        "route_id": "SNT_5204",
        "source_post_id": 5204,
        "name": "父母ヶ浜海水浴場",
        "kind": "tourism_spot",
        "content_id": "SNT_5204_S004"
      },
      "geometry": {
        "type": "Point",
        "coordinates": [
          133.6487506,
          34.1894531
        ]
      },
      "tippecanoe": {
        "minzoom": 10
      }
    },
    {
      "type": "Feature",
      "properties": {
        "poi_id": "SNT_5204_P0010",
        "route_id": "SNT_5204",
        "source_post_id": 5204,
        "name": "七宝稲荷協会",
        "kind": "tourism_spot",
        "content_id": "SNT_5204_S005"
      },
      "geometry": {
        "type": "Point",
        "coordinates": [
          133.6620498,
          34.19938
        ]
      },
      "tippecanoe": {
        "minzoom": 10
      }
    },
    {
      "type": "Feature",
      "properties": {
        "poi_id": "SNT_5204_P0011",
        "route_id": "SNT_5204",
        "source_post_id": 5204,
        "name": "指導標",
        "kind": "kml_poi",
        "content_id": null
      },
      "geometry": {
        "type": "Point",
        "coordinates": [
          133.6618439,
          34.1883749
        ]
      },
      "tippecanoe": {
        "minzoom": 10
      }
    },
    {
      "type": "Feature",
      "properties": {
        "poi_id": "SNT_5204_P0012",
        "route_id": "SNT_5204",
        "source_post_id": 5204,
        "name": "指導標",
        "kind": "kml_poi",
        "content_id": null
      },
      "geometry": {
        "type": "Point",
        "coordinates": [
          133.664819,
          34.1990009
        ]
      },
      "tippecanoe": {
        "minzoom": 10
      }
    },
    {
      "type": "Feature",
      "properties": {
        "poi_id": "SNT_5204_P0013",
        "route_id": "SNT_5204",
        "source_post_id": 5204,
        "name": "吉池",
        "kind": "kml_poi",
        "content_id": null
      },
      "geometry": {
        "type": "Point",
        "coordinates": [
          133.658951,
          34.2027404
        ]
      },
      "tippecanoe": {
        "minzoom": 10
      }
    },
    {
      "type": "Feature",
      "properties": {
        "poi_id": "SNT_5204_P0014",
        "route_id": "SNT_5204",
        "source_post_id": 5204,
        "name": "大麻荒神",
        "kind": "kml_poi",
        "content_id": null
      },
      "geometry": {
        "type": "Point",
        "coordinates": [
          133.6582226,
          34.2029079
        ]
      },
      "tippecanoe": {
        "minzoom": 10
      }
    },
    {
      "type": "Feature",
      "properties": {
        "poi_id": "SNT_5206_P0001",
        "route_id": "SNT_5206",
        "source_post_id": 5206,
        "name": "香川の保存木「常徳寺の雄雌大ソテツ」",
        "kind": "tourism_spot",
        "content_id": "SNT_5206_S001"
      },
      "geometry": {
        "type": "Point",
        "coordinates": [
          133.6468451,
          34.2026182
        ]
      },
      "tippecanoe": {
        "minzoom": 10
      }
    },
    {
      "type": "Feature",
      "properties": {
        "poi_id": "SNT_5206_P0002",
        "route_id": "SNT_5206",
        "source_post_id": 5206,
        "name": "覚城院",
        "kind": "tourism_spot",
        "content_id": "SNT_5206_S002"
      },
      "geometry": {
        "type": "Point",
        "coordinates": [
          133.6474159,
          34.2020321
        ]
      },
      "tippecanoe": {
        "minzoom": 10
      }
    },
    {
      "type": "Feature",
      "properties": {
        "poi_id": "SNT_5206_P0003",
        "route_id": "SNT_5206",
        "source_post_id": 5206,
        "name": "みち(県道21号を左へ)",
        "kind": "kml_poi",
        "content_id": null
      },
      "geometry": {
        "type": "Point",
        "coordinates": [
          133.6595405,
          34.2036139
        ]
      },
      "tippecanoe": {
        "minzoom": 10
      }
    },
    {
      "type": "Feature",
      "properties": {
        "poi_id": "SNT_5206_P0004",
        "route_id": "SNT_5206",
        "source_post_id": 5206,
        "name": "妙見宮",
        "kind": "tourism_spot",
        "content_id": "SNT_5206_S003"
      },
      "geometry": {
        "type": "Point",
        "coordinates": [
          133.6466828,
          34.2132628
        ]
      },
      "tippecanoe": {
        "minzoom": 10
      }
    },
    {
      "type": "Feature",
      "properties": {
        "poi_id": "SNT_5206_P0005",
        "route_id": "SNT_5206",
        "source_post_id": 5206,
        "name": "指導標",
        "kind": "kml_poi",
        "content_id": null
      },
      "geometry": {
        "type": "Point",
        "coordinates": [
          133.6454752,
          34.2130142
        ]
      },
      "tippecanoe": {
        "minzoom": 10
      }
    },
    {
      "type": "Feature",
      "properties": {
        "poi_id": "SNT_5206_P0006",
        "route_id": "SNT_5206",
        "source_post_id": 5206,
        "name": "指導標",
        "kind": "kml_poi",
        "content_id": null
      },
      "geometry": {
        "type": "Point",
        "coordinates": [
          133.6497489,
          34.2080464
        ]
      },
      "tippecanoe": {
        "minzoom": 10
      }
    },
    {
      "type": "Feature",
      "properties": {
        "poi_id": "SNT_5206_P0007",
        "route_id": "SNT_5206",
        "source_post_id": 5206,
        "name": "指導標",
        "kind": "kml_poi",
        "content_id": null
      },
      "geometry": {
        "type": "Point",
        "coordinates": [
          133.6393814,
          34.2109788
        ]
      },
      "tippecanoe": {
        "minzoom": 10
      }
    },
    {
      "type": "Feature",
      "properties": {
        "poi_id": "SNT_5206_P0008",
        "route_id": "SNT_5206",
        "source_post_id": 5206,
        "name": "指導標",
        "kind": "kml_poi",
        "content_id": null
      },
      "geometry": {
        "type": "Point",
        "coordinates": [
          133.6332804,
          34.2153425
        ]
      },
      "tippecanoe": {
        "minzoom": 10
      }
    },
    {
      "type": "Feature",
      "properties": {
        "poi_id": "SNT_5206_P0009",
        "route_id": "SNT_5206",
        "source_post_id": 5206,
        "name": "円明院",
        "kind": "tourism_spot",
        "content_id": "SNT_5206_S004"
      },
      "geometry": {
        "type": "Point",
        "coordinates": [
          133.6312224,
          34.2178952
        ]
      },
      "tippecanoe": {
        "minzoom": 10
      }
    },
    {
      "type": "Feature",
      "properties": {
        "poi_id": "SNT_5206_P0010",
        "route_id": "SNT_5206",
        "source_post_id": 5206,
        "name": "天満宮",
        "kind": "tourism_spot",
        "content_id": "SNT_5206_S005"
      },
      "geometry": {
        "type": "Point",
        "coordinates": [
          133.6217139,
          34.2221443
        ]
      },
      "tippecanoe": {
        "minzoom": 10
      }
    },
    {
      "type": "Feature",
      "properties": {
        "poi_id": "SNT_5206_P0011",
        "route_id": "SNT_5206",
        "source_post_id": 5206,
        "name": "指導標",
        "kind": "kml_poi",
        "content_id": null
      },
      "geometry": {
        "type": "Point",
        "coordinates": [
          133.6208725,
          34.2229122
        ]
      },
      "tippecanoe": {
        "minzoom": 10
      }
    },
    {
      "type": "Feature",
      "properties": {
        "poi_id": "SNT_5206_P0012",
        "route_id": "SNT_5206",
        "source_post_id": 5206,
        "name": "指導標",
        "kind": "kml_poi",
        "content_id": null
      },
      "geometry": {
        "type": "Point",
        "coordinates": [
          133.6182574,
          34.2344462
        ]
      },
      "tippecanoe": {
        "minzoom": 10
      }
    },
    {
      "type": "Feature",
      "properties": {
        "poi_id": "SNT_5206_P0013",
        "route_id": "SNT_5206",
        "source_post_id": 5206,
        "name": "船越八幡神社",
        "kind": "tourism_spot",
        "content_id": "SNT_5206_S006"
      },
      "geometry": {
        "type": "Point",
        "coordinates": [
          133.6161364,
          34.2363739
        ]
      },
      "tippecanoe": {
        "minzoom": 10
      }
    },
    {
      "type": "Feature",
      "properties": {
        "poi_id": "SNT_5206_P0014",
        "route_id": "SNT_5206",
        "source_post_id": 5206,
        "name": "案内板",
        "kind": "kml_poi",
        "content_id": null
      },
      "geometry": {
        "type": "Point",
        "coordinates": [
          133.6088031,
          34.2337502
        ]
      },
      "tippecanoe": {
        "minzoom": 10
      }
    },
    {
      "type": "Feature",
      "properties": {
        "poi_id": "SNT_790_P0001",
        "route_id": "SNT_790",
        "source_post_id": 790,
        "name": "01案内板",
        "kind": "kml_poi",
        "content_id": null
      },
      "geometry": {
        "type": "Point",
        "coordinates": [
          133.608828,
          34.2337174
        ]
      },
      "tippecanoe": {
        "minzoom": 10
      }
    },
    {
      "type": "Feature",
      "properties": {
        "poi_id": "SNT_790_P0002",
        "route_id": "SNT_790",
        "source_post_id": 790,
        "name": "02乳薬師",
        "kind": "kml_poi",
        "content_id": null
      },
      "geometry": {
        "type": "Point",
        "coordinates": [
          133.6083669,
          34.236346
        ]
      },
      "tippecanoe": {
        "minzoom": 10
      }
    },
    {
      "type": "Feature",
      "properties": {
        "poi_id": "SNT_790_P0003",
        "route_id": "SNT_790",
        "source_post_id": 790,
        "name": "03指導票",
        "kind": "kml_poi",
        "content_id": null
      },
      "geometry": {
        "type": "Point",
        "coordinates": [
          133.6050029,
          34.2392704
        ]
      },
      "tippecanoe": {
        "minzoom": 10
      }
    },
    {
      "type": "Feature",
      "properties": {
        "poi_id": "SNT_790_P0004",
        "route_id": "SNT_790",
        "source_post_id": 790,
        "name": "04指導票",
        "kind": "kml_poi",
        "content_id": null
      },
      "geometry": {
        "type": "Point",
        "coordinates": [
          133.6027163,
          34.2419071
        ]
      },
      "tippecanoe": {
        "minzoom": 10
      }
    },
    {
      "type": "Feature",
      "properties": {
        "poi_id": "SNT_790_P0005",
        "route_id": "SNT_790",
        "source_post_id": 790,
        "name": "05看板",
        "kind": "kml_poi",
        "content_id": null
      },
      "geometry": {
        "type": "Point",
        "coordinates": [
          133.6019048,
          34.2415105
        ]
      },
      "tippecanoe": {
        "minzoom": 10
      }
    },
    {
      "type": "Feature",
      "properties": {
        "poi_id": "SNT_790_P0006",
        "route_id": "SNT_790",
        "source_post_id": 790,
        "name": "06展望台",
        "kind": "kml_poi",
        "content_id": null
      },
      "geometry": {
        "type": "Point",
        "coordinates": [
          133.6009621,
          34.2421136
        ]
      },
      "tippecanoe": {
        "minzoom": 10
      }
    },
    {
      "type": "Feature",
      "properties": {
        "poi_id": "SNT_790_P0007",
        "route_id": "SNT_790",
        "source_post_id": 790,
        "name": "07駐車場案内板",
        "kind": "kml_poi",
        "content_id": null
      },
      "geometry": {
        "type": "Point",
        "coordinates": [
          133.599387,
          34.2424742
        ]
      },
      "tippecanoe": {
        "minzoom": 10
      }
    },
    {
      "type": "Feature",
      "properties": {
        "poi_id": "SNT_790_P0008",
        "route_id": "SNT_790",
        "source_post_id": 790,
        "name": "08遺跡館",
        "kind": "kml_poi",
        "content_id": null
      },
      "geometry": {
        "type": "Point",
        "coordinates": [
          133.5964372,
          34.2436272
        ]
      },
      "tippecanoe": {
        "minzoom": 10
      }
    },
    {
      "type": "Feature",
      "properties": {
        "poi_id": "SNT_790_P0009",
        "route_id": "SNT_790",
        "source_post_id": 790,
        "name": "09展望台",
        "kind": "kml_poi",
        "content_id": null
      },
      "geometry": {
        "type": "Point",
        "coordinates": [
          133.5955042,
          34.2437699
        ]
      },
      "tippecanoe": {
        "minzoom": 10
      }
    },
    {
      "type": "Feature",
      "properties": {
        "poi_id": "SNT_790_P0010",
        "route_id": "SNT_790",
        "source_post_id": 790,
        "name": "トイレ",
        "kind": "kml_poi",
        "content_id": null
      },
      "geometry": {
        "type": "Point",
        "coordinates": [
          133.5954522,
          34.2437644
        ]
      },
      "tippecanoe": {
        "minzoom": 10
      }
    },
    {
      "type": "Feature",
      "properties": {
        "poi_id": "SNT_790_P0011",
        "route_id": "SNT_790",
        "source_post_id": 790,
        "name": "10紫雲山看板",
        "kind": "kml_poi",
        "content_id": null
      },
      "geometry": {
        "type": "Point",
        "coordinates": [
          133.5955095,
          34.2440102
        ]
      },
      "tippecanoe": {
        "minzoom": 10
      }
    },
    {
      "type": "Feature",
      "properties": {
        "poi_id": "SNT_790_P0012",
        "route_id": "SNT_790",
        "source_post_id": 790,
        "name": "11新田の城あと",
        "kind": "kml_poi",
        "content_id": null
      },
      "geometry": {
        "type": "Point",
        "coordinates": [
          133.5890223,
          34.2485812
        ]
      },
      "tippecanoe": {
        "minzoom": 10
      }
    },
    {
      "type": "Feature",
      "properties": {
        "poi_id": "SNT_790_P0013",
        "route_id": "SNT_790",
        "source_post_id": 790,
        "name": "12解説板",
        "kind": "kml_poi",
        "content_id": null
      },
      "geometry": {
        "type": "Point",
        "coordinates": [
          133.5891577,
          34.2492582
        ]
      },
      "tippecanoe": {
        "minzoom": 10
      }
    },
    {
      "type": "Feature",
      "properties": {
        "poi_id": "SNT_790_P0014",
        "route_id": "SNT_790",
        "source_post_id": 790,
        "name": "13登り口、箱",
        "kind": "kml_poi",
        "content_id": null
      },
      "geometry": {
        "type": "Point",
        "coordinates": [
          133.5856561,
          34.254284
        ]
      },
      "tippecanoe": {
        "minzoom": 10
      }
    },
    {
      "type": "Feature",
      "properties": {
        "poi_id": "SNT_790_P0015",
        "route_id": "SNT_790",
        "source_post_id": 790,
        "name": "荘内自然休養村センター",
        "kind": "kml_poi",
        "content_id": null
      },
      "geometry": {
        "type": "Point",
        "coordinates": [
          133.609056,
          34.233947
        ]
      },
      "tippecanoe": {
        "minzoom": 10
      }
    },
    {
      "type": "Feature",
      "properties": {
        "poi_id": "SNT_3106_P0001",
        "route_id": "SNT_3106",
        "source_post_id": 3106,
        "name": "讃岐三崎灯台",
        "kind": "kml_poi",
        "content_id": null
      },
      "geometry": {
        "type": "Point",
        "coordinates": [
          133.5580271,
          34.2618899
        ]
      },
      "tippecanoe": {
        "minzoom": 10
      }
    },
    {
      "type": "Feature",
      "properties": {
        "poi_id": "SNT_3106_P0002",
        "route_id": "SNT_3106",
        "source_post_id": 3106,
        "name": "仁老浜海岸",
        "kind": "kml_poi",
        "content_id": null
      },
      "geometry": {
        "type": "Point",
        "coordinates": [
          133.5755055,
          34.2569074
        ]
      },
      "tippecanoe": {
        "minzoom": 10
      }
    },
    {
      "type": "Feature",
      "properties": {
        "poi_id": "SNT_3106_P0003",
        "route_id": "SNT_3106",
        "source_post_id": 3106,
        "name": "どんどろ石",
        "kind": "tourism_spot",
        "content_id": "SNT_3106_S002"
      },
      "geometry": {
        "type": "Point",
        "coordinates": [
          133.5637076,
          34.261291
        ]
      },
      "tippecanoe": {
        "minzoom": 10
      }
    },
    {
      "type": "Feature",
      "properties": {
        "poi_id": "SNT_3106_P0004",
        "route_id": "SNT_3106",
        "source_post_id": 3106,
        "name": "立石休憩所",
        "kind": "kml_poi",
        "content_id": null
      },
      "geometry": {
        "type": "Point",
        "coordinates": [
          133.563361,
          34.261605
        ]
      },
      "tippecanoe": {
        "minzoom": 10
      }
    },
    {
      "type": "Feature",
      "properties": {
        "poi_id": "SNT_3106_P0005",
        "route_id": "SNT_3106",
        "source_post_id": 3106,
        "name": "関ノ浦",
        "kind": "tourism_spot",
        "content_id": "SNT_3106_S004"
      },
      "geometry": {
        "type": "Point",
        "coordinates": [
          133.5623862,
          34.2633414
        ]
      },
      "tippecanoe": {
        "minzoom": 10
      }
    },
    {
      "type": "Feature",
      "properties": {
        "poi_id": "SNT_3106_P0006",
        "route_id": "SNT_3106",
        "source_post_id": 3106,
        "name": "三崎神社",
        "kind": "tourism_spot",
        "content_id": "SNT_3106_S005"
      },
      "geometry": {
        "type": "Point",
        "coordinates": [
          133.5604177,
          34.261791
        ]
      },
      "tippecanoe": {
        "minzoom": 10
      }
    },
    {
      "type": "Feature",
      "properties": {
        "poi_id": "SNT_3106_P0007",
        "route_id": "SNT_3106",
        "source_post_id": 3106,
        "name": "讃岐三崎灯台",
        "kind": "kml_poi",
        "content_id": null
      },
      "geometry": {
        "type": "Point",
        "coordinates": [
          133.557778,
          34.261865
        ]
      },
      "tippecanoe": {
        "minzoom": 10
      }
    },
    {
      "type": "Feature",
      "properties": {
        "poi_id": "SNT_3106_P0008",
        "route_id": "SNT_3106",
        "source_post_id": 3106,
        "name": "御幸石",
        "kind": "tourism_spot",
        "content_id": "SNT_3106_S007"
      },
      "geometry": {
        "type": "Point",
        "coordinates": [
          133.5550607,
          34.2619306
        ]
      },
      "tippecanoe": {
        "minzoom": 10
      }
    },
    {
      "type": "Feature",
      "properties": {
        "poi_id": "SNT_3106_P0009",
        "route_id": "SNT_3106",
        "source_post_id": 3106,
        "name": "【スタート】箱峠",
        "kind": "kml_poi",
        "content_id": null
      },
      "geometry": {
        "type": "Point",
        "coordinates": [
          133.5854173,
          34.2541332
        ]
      },
      "tippecanoe": {
        "minzoom": 10
      }
    },
    {
      "type": "Feature",
      "properties": {
        "poi_id": "SNT_3106_P0010",
        "route_id": "SNT_3106",
        "source_post_id": 3106,
        "name": "県道からの入口",
        "kind": "kml_poi",
        "content_id": null
      },
      "geometry": {
        "type": "Point",
        "coordinates": [
          133.5854638,
          34.2544863
        ]
      },
      "tippecanoe": {
        "minzoom": 10
      }
    },
    {
      "type": "Feature",
      "properties": {
        "poi_id": "SNT_3106_P0011",
        "route_id": "SNT_3106",
        "source_post_id": 3106,
        "name": "歩道の状況",
        "kind": "kml_poi",
        "content_id": null
      },
      "geometry": {
        "type": "Point",
        "coordinates": [
          133.5804233,
          34.2558821
        ]
      },
      "tippecanoe": {
        "minzoom": 10
      }
    },
    {
      "type": "Feature",
      "properties": {
        "poi_id": "SNT_3106_P0012",
        "route_id": "SNT_3106",
        "source_post_id": 3106,
        "name": "仁老浜の街並み（焼き杉板）",
        "kind": "kml_poi",
        "content_id": null
      },
      "geometry": {
        "type": "Point",
        "coordinates": [
          133.5792807,
          34.2561171
        ]
      },
      "tippecanoe": {
        "minzoom": 10
      }
    },
    {
      "type": "Feature",
      "properties": {
        "poi_id": "SNT_3106_P0013",
        "route_id": "SNT_3106",
        "source_post_id": 3106,
        "name": "アロエの花",
        "kind": "kml_poi",
        "content_id": null
      },
      "geometry": {
        "type": "Point",
        "coordinates": [
          133.5776395,
          34.25633
        ]
      },
      "tippecanoe": {
        "minzoom": 10
      }
    },
    {
      "type": "Feature",
      "properties": {
        "poi_id": "SNT_3106_P0014",
        "route_id": "SNT_3106",
        "source_post_id": 3106,
        "name": "仁老浜キャンプ場からの登り口",
        "kind": "kml_poi",
        "content_id": null
      },
      "geometry": {
        "type": "Point",
        "coordinates": [
          133.5751924,
          34.2580461
        ]
      },
      "tippecanoe": {
        "minzoom": 10
      }
    },
    {
      "type": "Feature",
      "properties": {
        "poi_id": "SNT_3106_P0015",
        "route_id": "SNT_3106",
        "source_post_id": 3106,
        "name": "歩道の状況",
        "kind": "kml_poi",
        "content_id": null
      },
      "geometry": {
        "type": "Point",
        "coordinates": [
          133.5752375,
          34.2583974
        ]
      },
      "tippecanoe": {
        "minzoom": 10
      }
    },
    {
      "type": "Feature",
      "properties": {
        "poi_id": "SNT_3106_P0016",
        "route_id": "SNT_3106",
        "source_post_id": 3106,
        "name": "室浜への分岐点",
        "kind": "kml_poi",
        "content_id": null
      },
      "geometry": {
        "type": "Point",
        "coordinates": [
          133.569555,
          34.261214
        ]
      },
      "tippecanoe": {
        "minzoom": 10
      }
    },
    {
      "type": "Feature",
      "properties": {
        "poi_id": "SNT_3106_P0017",
        "route_id": "SNT_3106",
        "source_post_id": 3106,
        "name": "ウバメガシ林",
        "kind": "kml_poi",
        "content_id": null
      },
      "geometry": {
        "type": "Point",
        "coordinates": [
          133.5593337,
          34.2618429
        ]
      },
      "tippecanoe": {
        "minzoom": 10
      }
    },
    {
      "type": "Feature",
      "properties": {
        "poi_id": "SNT_3106_P0018",
        "route_id": "SNT_3106",
        "source_post_id": 3106,
        "name": "室浜集落へ降りる道",
        "kind": "kml_poi",
        "content_id": null
      },
      "geometry": {
        "type": "Point",
        "coordinates": [
          133.573315,
          34.2620804
        ]
      },
      "tippecanoe": {
        "minzoom": 10
      }
    },
    {
      "type": "Feature",
      "properties": {
        "poi_id": "SNT_3106_P0019",
        "route_id": "SNT_3106",
        "source_post_id": 3106,
        "name": "室浜から粟島を望む",
        "kind": "kml_poi",
        "content_id": null
      },
      "geometry": {
        "type": "Point",
        "coordinates": [
          133.574621,
          34.2627991
        ]
      },
      "tippecanoe": {
        "minzoom": 10
      }
    },
    {
      "type": "Feature",
      "properties": {
        "poi_id": "SNT_3106_P0020",
        "route_id": "SNT_3106",
        "source_post_id": 3106,
        "name": "歩道の状況",
        "kind": "kml_poi",
        "content_id": null
      },
      "geometry": {
        "type": "Point",
        "coordinates": [
          133.5747028,
          34.262808
        ]
      },
      "tippecanoe": {
        "minzoom": 10
      }
    },
    {
      "type": "Feature",
      "properties": {
        "poi_id": "SNT_3106_P0021",
        "route_id": "SNT_3106",
        "source_post_id": 3106,
        "name": "箱バス停",
        "kind": "kml_poi",
        "content_id": null
      },
      "geometry": {
        "type": "Point",
        "coordinates": [
          133.5883216,
          34.2564708
        ]
      },
      "tippecanoe": {
        "minzoom": 10
      }
    },
    {
      "type": "Feature",
      "properties": {
        "poi_id": "SNT_3106_P0022",
        "route_id": "SNT_3106",
        "source_post_id": 3106,
        "name": "分岐（県道から）",
        "kind": "kml_poi",
        "content_id": null
      },
      "geometry": {
        "type": "Point",
        "coordinates": [
          133.5874562,
          34.2561426
        ]
      },
      "tippecanoe": {
        "minzoom": 10
      }
    },
    {
      "type": "Feature",
      "properties": {
        "poi_id": "SNT_1518_P0001",
        "route_id": "SNT_1518",
        "source_post_id": 1518,
        "name": "01案内板（長炭橋）",
        "kind": "kml_poi",
        "content_id": null
      },
      "geometry": {
        "type": "Point",
        "coordinates": [
          133.8804803,
          34.1808819
        ]
      },
      "tippecanoe": {
        "minzoom": 10
      }
    },
    {
      "type": "Feature",
      "properties": {
        "poi_id": "SNT_1518_P0002",
        "route_id": "SNT_1518",
        "source_post_id": 1518,
        "name": "02指導標",
        "kind": "kml_poi",
        "content_id": null
      },
      "geometry": {
        "type": "Point",
        "coordinates": [
          133.8862067,
          34.1850334
        ]
      },
      "tippecanoe": {
        "minzoom": 10
      }
    },
    {
      "type": "Feature",
      "properties": {
        "poi_id": "SNT_1518_P0003",
        "route_id": "SNT_1518",
        "source_post_id": 1518,
        "name": "03指導標（分岐、あぜ道）",
        "kind": "kml_poi",
        "content_id": null
      },
      "geometry": {
        "type": "Point",
        "coordinates": [
          133.8893656,
          34.1873749
        ]
      },
      "tippecanoe": {
        "minzoom": 10
      }
    },
    {
      "type": "Feature",
      "properties": {
        "poi_id": "SNT_1518_P0004",
        "route_id": "SNT_1518",
        "source_post_id": 1518,
        "name": "04指導標（分岐、あぜ道）",
        "kind": "kml_poi",
        "content_id": null
      },
      "geometry": {
        "type": "Point",
        "coordinates": [
          133.890429,
          34.187732
        ]
      },
      "tippecanoe": {
        "minzoom": 10
      }
    },
    {
      "type": "Feature",
      "properties": {
        "poi_id": "SNT_1518_P0005",
        "route_id": "SNT_1518",
        "source_post_id": 1518,
        "name": "05指導標（大柞池）",
        "kind": "kml_poi",
        "content_id": null
      },
      "geometry": {
        "type": "Point",
        "coordinates": [
          133.8929695,
          34.1903177
        ]
      },
      "tippecanoe": {
        "minzoom": 10
      }
    },
    {
      "type": "Feature",
      "properties": {
        "poi_id": "SNT_1518_P0006",
        "route_id": "SNT_1518",
        "source_post_id": 1518,
        "name": "06地名版（金剛寺）",
        "kind": "kml_poi",
        "content_id": null
      },
      "geometry": {
        "type": "Point",
        "coordinates": [
          133.8930741,
          34.1986004
        ]
      },
      "tippecanoe": {
        "minzoom": 10
      }
    },
    {
      "type": "Feature",
      "properties": {
        "poi_id": "SNT_1518_P0007",
        "route_id": "SNT_1518",
        "source_post_id": 1518,
        "name": "07指導標（分岐）",
        "kind": "kml_poi",
        "content_id": null
      },
      "geometry": {
        "type": "Point",
        "coordinates": [
          133.894185,
          34.2009982
        ]
      },
      "tippecanoe": {
        "minzoom": 10
      }
    },
    {
      "type": "Feature",
      "properties": {
        "poi_id": "SNT_1518_P0008",
        "route_id": "SNT_1518",
        "source_post_id": 1518,
        "name": "08あぜ道",
        "kind": "kml_poi",
        "content_id": null
      },
      "geometry": {
        "type": "Point",
        "coordinates": [
          133.8959444,
          34.1993927
        ]
      },
      "tippecanoe": {
        "minzoom": 10
      }
    },
    {
      "type": "Feature",
      "properties": {
        "poi_id": "SNT_1518_P0009",
        "route_id": "SNT_1518",
        "source_post_id": 1518,
        "name": "09指導標（分岐）",
        "kind": "kml_poi",
        "content_id": null
      },
      "geometry": {
        "type": "Point",
        "coordinates": [
          133.8962043,
          34.1988158
        ]
      },
      "tippecanoe": {
        "minzoom": 10
      }
    },
    {
      "type": "Feature",
      "properties": {
        "poi_id": "SNT_1518_P0010",
        "route_id": "SNT_1518",
        "source_post_id": 1518,
        "name": "10指導標（分岐）",
        "kind": "kml_poi",
        "content_id": null
      },
      "geometry": {
        "type": "Point",
        "coordinates": [
          133.8964227,
          34.1973705
        ]
      },
      "tippecanoe": {
        "minzoom": 10
      }
    },
    {
      "type": "Feature",
      "properties": {
        "poi_id": "SNT_1518_P0011",
        "route_id": "SNT_1518",
        "source_post_id": 1518,
        "name": "11地名版（法師越）",
        "kind": "kml_poi",
        "content_id": null
      },
      "geometry": {
        "type": "Point",
        "coordinates": [
          133.9004968,
          34.2018149
        ]
      },
      "tippecanoe": {
        "minzoom": 10
      }
    },
    {
      "type": "Feature",
      "properties": {
        "poi_id": "SNT_1518_P0012",
        "route_id": "SNT_1518",
        "source_post_id": 1518,
        "name": "12指導標（分岐）",
        "kind": "kml_poi",
        "content_id": null
      },
      "geometry": {
        "type": "Point",
        "coordinates": [
          133.906249,
          34.1995923
        ]
      },
      "tippecanoe": {
        "minzoom": 10
      }
    },
    {
      "type": "Feature",
      "properties": {
        "poi_id": "SNT_1518_P0013",
        "route_id": "SNT_1518",
        "source_post_id": 1518,
        "name": "13西行法師の石像",
        "kind": "kml_poi",
        "content_id": null
      },
      "geometry": {
        "type": "Point",
        "coordinates": [
          133.9119504,
          34.2057859
        ]
      },
      "tippecanoe": {
        "minzoom": 10
      }
    },
    {
      "type": "Feature",
      "properties": {
        "poi_id": "SNT_1518_P0014",
        "route_id": "SNT_1518",
        "source_post_id": 1518,
        "name": "14案内板（３コースの分岐点）",
        "kind": "kml_poi",
        "content_id": null
      },
      "geometry": {
        "type": "Point",
        "coordinates": [
          133.9194994,
          34.2074041
        ]
      },
      "tippecanoe": {
        "minzoom": 10
      }
    },
    {
      "type": "Feature",
      "properties": {
        "poi_id": "SNT_1518_P0015",
        "route_id": "SNT_1518",
        "source_post_id": 1518,
        "name": "15指導標（下に降りる）",
        "kind": "kml_poi",
        "content_id": null
      },
      "geometry": {
        "type": "Point",
        "coordinates": [
          133.9234589,
          34.2166883
        ]
      },
      "tippecanoe": {
        "minzoom": 10
      }
    },
    {
      "type": "Feature",
      "properties": {
        "poi_id": "SNT_1518_P0016",
        "route_id": "SNT_1518",
        "source_post_id": 1518,
        "name": "16立石神社",
        "kind": "kml_poi",
        "content_id": null
      },
      "geometry": {
        "type": "Point",
        "coordinates": [
          133.922575,
          34.2174885
        ]
      },
      "tippecanoe": {
        "minzoom": 10
      }
    },
    {
      "type": "Feature",
      "properties": {
        "poi_id": "SNT_1518_P0017",
        "route_id": "SNT_1518",
        "source_post_id": 1518,
        "name": "17木橋",
        "kind": "kml_poi",
        "content_id": null
      },
      "geometry": {
        "type": "Point",
        "coordinates": [
          133.9210936,
          34.2272277
        ]
      },
      "tippecanoe": {
        "minzoom": 10
      }
    },
    {
      "type": "Feature",
      "properties": {
        "poi_id": "SNT_1518_P0018",
        "route_id": "SNT_1518",
        "source_post_id": 1518,
        "name": "18指導標（直進）",
        "kind": "kml_poi",
        "content_id": null
      },
      "geometry": {
        "type": "Point",
        "coordinates": [
          133.9211565,
          34.2283206
        ]
      },
      "tippecanoe": {
        "minzoom": 10
      }
    },
    {
      "type": "Feature",
      "properties": {
        "poi_id": "SNT_1518_P0019",
        "route_id": "SNT_1518",
        "source_post_id": 1518,
        "name": "19指導標（光貴寺）",
        "kind": "kml_poi",
        "content_id": null
      },
      "geometry": {
        "type": "Point",
        "coordinates": [
          133.9292078,
          34.2364277
        ]
      },
      "tippecanoe": {
        "minzoom": 10
      }
    },
    {
      "type": "Feature",
      "properties": {
        "poi_id": "SNT_1518_P0020",
        "route_id": "SNT_1518",
        "source_post_id": 1518,
        "name": "20案内板（滝宮天満宮）",
        "kind": "kml_poi",
        "content_id": null
      },
      "geometry": {
        "type": "Point",
        "coordinates": [
          133.9191035,
          34.2486072
        ]
      },
      "tippecanoe": {
        "minzoom": 10
      }
    },
    {
      "type": "Feature",
      "properties": {
        "poi_id": "SNT_5551_P0001",
        "route_id": "SNT_5551",
        "source_post_id": 5551,
        "name": "滝宮天満宮",
        "kind": "tourism_spot",
        "content_id": "SNT_5551_S001"
      },
      "geometry": {
        "type": "Point",
        "coordinates": [
          133.920505,
          34.248858
        ]
      },
      "tippecanoe": {
        "minzoom": 10
      }
    },
    {
      "type": "Feature",
      "properties": {
        "poi_id": "SNT_5551_P0002",
        "route_id": "SNT_5551",
        "source_post_id": 5551,
        "name": "光貴寺",
        "kind": "tourism_spot",
        "content_id": "SNT_5551_S002"
      },
      "geometry": {
        "type": "Point",
        "coordinates": [
          133.928481,
          34.237253
        ]
      },
      "tippecanoe": {
        "minzoom": 10
      }
    },
    {
      "type": "Feature",
      "properties": {
        "poi_id": "SNT_5551_P0003",
        "route_id": "SNT_5551",
        "source_post_id": 5551,
        "name": "綾川",
        "kind": "tourism_spot",
        "content_id": "SNT_5551_S003"
      },
      "geometry": {
        "type": "Point",
        "coordinates": [
          133.922006,
          34.232764
        ]
      },
      "tippecanoe": {
        "minzoom": 10
      }
    },
    {
      "type": "Feature",
      "properties": {
        "poi_id": "SNT_5551_P0004",
        "route_id": "SNT_5551",
        "source_post_id": 5551,
        "name": "大桑池",
        "kind": "tourism_spot",
        "content_id": "SNT_5551_S004"
      },
      "geometry": {
        "type": "Point",
        "coordinates": [
          133.932317,
          34.200494
        ]
      },
      "tippecanoe": {
        "minzoom": 10
      }
    },
    {
      "type": "Feature",
      "properties": {
        "poi_id": "SNT_5551_P0005",
        "route_id": "SNT_5551",
        "source_post_id": 5551,
        "name": "香川の保存木「大将軍神社のアベマキ」",
        "kind": "tourism_spot",
        "content_id": "SNT_5551_S005"
      },
      "geometry": {
        "type": "Point",
        "coordinates": [
          133.942619,
          34.201067
        ]
      },
      "tippecanoe": {
        "minzoom": 10
      }
    },
    {
      "type": "Feature",
      "properties": {
        "poi_id": "SNT_5551_P0006",
        "route_id": "SNT_5551",
        "source_post_id": 5551,
        "name": "椎尾八幡神社",
        "kind": "kml_poi",
        "content_id": null
      },
      "geometry": {
        "type": "Point",
        "coordinates": [
          133.948567,
          34.200537
        ]
      },
      "tippecanoe": {
        "minzoom": 10
      }
    },
    {
      "type": "Feature",
      "properties": {
        "poi_id": "SNT_5551_P0007",
        "route_id": "SNT_5551",
        "source_post_id": 5551,
        "name": "指導標",
        "kind": "kml_poi",
        "content_id": null
      },
      "geometry": {
        "type": "Point",
        "coordinates": [
          133.916547,
          34.239345
        ]
      },
      "tippecanoe": {
        "minzoom": 10
      }
    },
    {
      "type": "Feature",
      "properties": {
        "poi_id": "SNT_5551_P0008",
        "route_id": "SNT_5551",
        "source_post_id": 5551,
        "name": "指導標",
        "kind": "kml_poi",
        "content_id": null
      },
      "geometry": {
        "type": "Point",
        "coordinates": [
          133.922422,
          34.23317
        ]
      },
      "tippecanoe": {
        "minzoom": 10
      }
    },
    {
      "type": "Feature",
      "properties": {
        "poi_id": "SNT_5551_P0009",
        "route_id": "SNT_5551",
        "source_post_id": 5551,
        "name": "みち（左へ）",
        "kind": "kml_poi",
        "content_id": null
      },
      "geometry": {
        "type": "Point",
        "coordinates": [
          133.922422,
          34.23317
        ]
      },
      "tippecanoe": {
        "minzoom": 10
      }
    },
    {
      "type": "Feature",
      "properties": {
        "poi_id": "SNT_5551_P0010",
        "route_id": "SNT_5551",
        "source_post_id": 5551,
        "name": "案内板",
        "kind": "kml_poi",
        "content_id": null
      },
      "geometry": {
        "type": "Point",
        "coordinates": [
          133.919641,
          34.207459
        ]
      },
      "tippecanoe": {
        "minzoom": 10
      }
    },
    {
      "type": "Feature",
      "properties": {
        "poi_id": "SNT_5551_P0011",
        "route_id": "SNT_5551",
        "source_post_id": 5551,
        "name": "指導標",
        "kind": "kml_poi",
        "content_id": null
      },
      "geometry": {
        "type": "Point",
        "coordinates": [
          133.939483,
          34.202429
        ]
      },
      "tippecanoe": {
        "minzoom": 10
      }
    },
    {
      "type": "Feature",
      "properties": {
        "poi_id": "SNT_5551_P0012",
        "route_id": "SNT_5551",
        "source_post_id": 5551,
        "name": "指導標(椎野八幡神社前)",
        "kind": "kml_poi",
        "content_id": null
      },
      "geometry": {
        "type": "Point",
        "coordinates": [
          133.948597,
          34.201076
        ]
      },
      "tippecanoe": {
        "minzoom": 10
      }
    },
    {
      "type": "Feature",
      "properties": {
        "poi_id": "SNT_1521_P0001",
        "route_id": "SNT_1521",
        "source_post_id": 1521,
        "name": "01案内板（滝宮天満宮）",
        "kind": "kml_poi",
        "content_id": null
      },
      "geometry": {
        "type": "Point",
        "coordinates": [
          133.9190326,
          34.2488777
        ]
      },
      "tippecanoe": {
        "minzoom": 10
      }
    },
    {
      "type": "Feature",
      "properties": {
        "poi_id": "SNT_1521_P0002",
        "route_id": "SNT_1521",
        "source_post_id": 1521,
        "name": "02赤橋",
        "kind": "kml_poi",
        "content_id": null
      },
      "geometry": {
        "type": "Point",
        "coordinates": [
          133.9183677,
          34.2502972
        ]
      },
      "tippecanoe": {
        "minzoom": 10
      }
    },
    {
      "type": "Feature",
      "properties": {
        "poi_id": "SNT_1521_P0003",
        "route_id": "SNT_1521",
        "source_post_id": 1521,
        "name": "03にごり池",
        "kind": "kml_poi",
        "content_id": null
      },
      "geometry": {
        "type": "Point",
        "coordinates": [
          133.9144577,
          34.2611461
        ]
      },
      "tippecanoe": {
        "minzoom": 10
      }
    },
    {
      "type": "Feature",
      "properties": {
        "poi_id": "SNT_1521_P0004",
        "route_id": "SNT_1521",
        "source_post_id": 1521,
        "name": "04山田池",
        "kind": "kml_poi",
        "content_id": null
      },
      "geometry": {
        "type": "Point",
        "coordinates": [
          133.9113738,
          34.2624315
        ]
      },
      "tippecanoe": {
        "minzoom": 10
      }
    },
    {
      "type": "Feature",
      "properties": {
        "poi_id": "SNT_1521_P0005",
        "route_id": "SNT_1521",
        "source_post_id": 1521,
        "name": "05指導標（分岐）",
        "kind": "kml_poi",
        "content_id": null
      },
      "geometry": {
        "type": "Point",
        "coordinates": [
          133.9088539,
          34.2634122
        ]
      },
      "tippecanoe": {
        "minzoom": 10
      }
    },
    {
      "type": "Feature",
      "properties": {
        "poi_id": "SNT_1521_P0006",
        "route_id": "SNT_1521",
        "source_post_id": 1521,
        "name": "06四手池",
        "kind": "kml_poi",
        "content_id": null
      },
      "geometry": {
        "type": "Point",
        "coordinates": [
          133.9095325,
          34.2753706
        ]
      },
      "tippecanoe": {
        "minzoom": 10
      }
    },
    {
      "type": "Feature",
      "properties": {
        "poi_id": "SNT_1521_P0007",
        "route_id": "SNT_1521",
        "source_post_id": 1521,
        "name": "07橋",
        "kind": "kml_poi",
        "content_id": null
      },
      "geometry": {
        "type": "Point",
        "coordinates": [
          133.9129666,
          34.2851037
        ]
      },
      "tippecanoe": {
        "minzoom": 10
      }
    },
    {
      "type": "Feature",
      "properties": {
        "poi_id": "SNT_1521_P0008",
        "route_id": "SNT_1521",
        "source_post_id": 1521,
        "name": "08案内板（府中湖休憩所）",
        "kind": "kml_poi",
        "content_id": null
      },
      "geometry": {
        "type": "Point",
        "coordinates": [
          133.921061,
          34.2839133
        ]
      },
      "tippecanoe": {
        "minzoom": 10
      }
    },
    {
      "type": "Feature",
      "properties": {
        "poi_id": "SNT_1521_P0009",
        "route_id": "SNT_1521",
        "source_post_id": 1521,
        "name": "09指導標",
        "kind": "kml_poi",
        "content_id": null
      },
      "geometry": {
        "type": "Point",
        "coordinates": [
          133.9353303,
          34.2883725
        ]
      },
      "tippecanoe": {
        "minzoom": 10
      }
    },
    {
      "type": "Feature",
      "properties": {
        "poi_id": "SNT_1521_P0010",
        "route_id": "SNT_1521",
        "source_post_id": 1521,
        "name": "10府中山内瓦窯跡",
        "kind": "kml_poi",
        "content_id": null
      },
      "geometry": {
        "type": "Point",
        "coordinates": [
          133.9388088,
          34.2939006
        ]
      },
      "tippecanoe": {
        "minzoom": 10
      }
    },
    {
      "type": "Feature",
      "properties": {
        "poi_id": "SNT_1521_P0011",
        "route_id": "SNT_1521",
        "source_post_id": 1521,
        "name": "11案内板（JR国分駅）",
        "kind": "kml_poi",
        "content_id": null
      },
      "geometry": {
        "type": "Point",
        "coordinates": [
          133.9417695,
          34.3008441
        ]
      },
      "tippecanoe": {
        "minzoom": 10
      }
    },
    {
      "type": "Feature",
      "properties": {
        "poi_id": "SNT_1521_P0012",
        "route_id": "SNT_1521",
        "source_post_id": 1521,
        "name": "12案内板（国分寺）",
        "kind": "kml_poi",
        "content_id": null
      },
      "geometry": {
        "type": "Point",
        "coordinates": [
          133.943734,
          34.3016507
        ]
      },
      "tippecanoe": {
        "minzoom": 10
      }
    },
    {
      "type": "Feature",
      "properties": {
        "poi_id": "SNT_1521_P0013",
        "route_id": "SNT_1521",
        "source_post_id": 1521,
        "name": "香川県埋蔵文化財センター",
        "kind": "kml_poi",
        "content_id": null
      },
      "geometry": {
        "type": "Point",
        "coordinates": [
          133.916159,
          34.290909
        ]
      },
      "tippecanoe": {
        "minzoom": 10
      }
    },
    {
      "type": "Feature",
      "properties": {
        "poi_id": "SNT_810_P0001",
        "route_id": "SNT_810",
        "source_post_id": 810,
        "name": "01ベンチ",
        "kind": "kml_poi",
        "content_id": null
      },
      "geometry": {
        "type": "Point",
        "coordinates": [
          133.949659,
          34.3298754
        ]
      },
      "tippecanoe": {
        "minzoom": 10
      }
    },
    {
      "type": "Feature",
      "properties": {
        "poi_id": "SNT_810_P0002",
        "route_id": "SNT_810",
        "source_post_id": 810,
        "name": "02解説板",
        "kind": "kml_poi",
        "content_id": null
      },
      "geometry": {
        "type": "Point",
        "coordinates": [
          133.947406,
          34.3269959
        ]
      },
      "tippecanoe": {
        "minzoom": 10
      }
    },
    {
      "type": "Feature",
      "properties": {
        "poi_id": "SNT_810_P0003",
        "route_id": "SNT_810",
        "source_post_id": 810,
        "name": "03解説板",
        "kind": "kml_poi",
        "content_id": null
      },
      "geometry": {
        "type": "Point",
        "coordinates": [
          133.94776,
          34.3235935
        ]
      },
      "tippecanoe": {
        "minzoom": 10
      }
    },
    {
      "type": "Feature",
      "properties": {
        "poi_id": "SNT_810_P0004",
        "route_id": "SNT_810",
        "source_post_id": 810,
        "name": "04休憩所",
        "kind": "kml_poi",
        "content_id": null
      },
      "geometry": {
        "type": "Point",
        "coordinates": [
          133.9480712,
          34.3227163
        ]
      },
      "tippecanoe": {
        "minzoom": 10
      }
    },
    {
      "type": "Feature",
      "properties": {
        "poi_id": "SNT_810_P0005",
        "route_id": "SNT_810",
        "source_post_id": 810,
        "name": "05ベンチ",
        "kind": "kml_poi",
        "content_id": null
      },
      "geometry": {
        "type": "Point",
        "coordinates": [
          133.9469875,
          34.3211391
        ]
      },
      "tippecanoe": {
        "minzoom": 10
      }
    },
    {
      "type": "Feature",
      "properties": {
        "poi_id": "SNT_810_P0006",
        "route_id": "SNT_810",
        "source_post_id": 810,
        "name": "06ベンチ",
        "kind": "kml_poi",
        "content_id": null
      },
      "geometry": {
        "type": "Point",
        "coordinates": [
          133.9487957,
          34.3182903
        ]
      },
      "tippecanoe": {
        "minzoom": 10
      }
    },
    {
      "type": "Feature",
      "properties": {
        "poi_id": "SNT_810_P0007",
        "route_id": "SNT_810",
        "source_post_id": 810,
        "name": "07トイレ",
        "kind": "kml_poi",
        "content_id": null
      },
      "geometry": {
        "type": "Point",
        "coordinates": [
          133.9484845,
          34.3179709
        ]
      },
      "tippecanoe": {
        "minzoom": 10
      }
    },
    {
      "type": "Feature",
      "properties": {
        "poi_id": "SNT_810_P0008",
        "route_id": "SNT_810",
        "source_post_id": 810,
        "name": "08石鎚神社",
        "kind": "kml_poi",
        "content_id": null
      },
      "geometry": {
        "type": "Point",
        "coordinates": [
          133.9483451,
          34.3181573
        ]
      },
      "tippecanoe": {
        "minzoom": 10
      }
    },
    {
      "type": "Feature",
      "properties": {
        "poi_id": "SNT_810_P0009",
        "route_id": "SNT_810",
        "source_post_id": 810,
        "name": "09石鎚休憩所",
        "kind": "kml_poi",
        "content_id": null
      },
      "geometry": {
        "type": "Point",
        "coordinates": [
          133.9490774,
          34.3175246
        ]
      },
      "tippecanoe": {
        "minzoom": 10
      }
    },
    {
      "type": "Feature",
      "properties": {
        "poi_id": "SNT_810_P0010",
        "route_id": "SNT_810",
        "source_post_id": 810,
        "name": "10白い崖",
        "kind": "kml_poi",
        "content_id": null
      },
      "geometry": {
        "type": "Point",
        "coordinates": [
          133.9480932,
          34.3142936
        ]
      },
      "tippecanoe": {
        "minzoom": 10
      }
    },
    {
      "type": "Feature",
      "properties": {
        "poi_id": "SNT_810_P0011",
        "route_id": "SNT_810",
        "source_post_id": 810,
        "name": "11神埼池",
        "kind": "kml_poi",
        "content_id": null
      },
      "geometry": {
        "type": "Point",
        "coordinates": [
          133.9414816,
          34.3075144
        ]
      },
      "tippecanoe": {
        "minzoom": 10
      }
    },
    {
      "type": "Feature",
      "properties": {
        "poi_id": "SNT_810_P0012",
        "route_id": "SNT_810",
        "source_post_id": 810,
        "name": "12国分寺僧房跡",
        "kind": "kml_poi",
        "content_id": null
      },
      "geometry": {
        "type": "Point",
        "coordinates": [
          133.9445729,
          34.3032966
        ]
      },
      "tippecanoe": {
        "minzoom": 10
      }
    },
    {
      "type": "Feature",
      "properties": {
        "poi_id": "SNT_810_P0013",
        "route_id": "SNT_810",
        "source_post_id": 810,
        "name": "13案内板",
        "kind": "kml_poi",
        "content_id": null
      },
      "geometry": {
        "type": "Point",
        "coordinates": [
          133.9436286,
          34.3017111
        ]
      },
      "tippecanoe": {
        "minzoom": 10
      }
    },
    {
      "type": "Feature",
      "properties": {
        "poi_id": "SNT_810_P0014",
        "route_id": "SNT_810",
        "source_post_id": 810,
        "name": "14国分寺",
        "kind": "kml_poi",
        "content_id": null
      },
      "geometry": {
        "type": "Point",
        "coordinates": [
          133.9442007,
          34.3021196
        ]
      },
      "tippecanoe": {
        "minzoom": 10
      }
    },
    {
      "type": "Feature",
      "properties": {
        "poi_id": "SNT_810_P0015",
        "route_id": "SNT_810",
        "source_post_id": 810,
        "name": "01解説板",
        "kind": "kml_poi",
        "content_id": null
      },
      "geometry": {
        "type": "Point",
        "coordinates": [
          133.962448,
          34.34292
        ]
      },
      "tippecanoe": {
        "minzoom": 10
      }
    },
    {
      "type": "Feature",
      "properties": {
        "poi_id": "SNT_810_P0016",
        "route_id": "SNT_810",
        "source_post_id": 810,
        "name": "02解説板",
        "kind": "kml_poi",
        "content_id": null
      },
      "geometry": {
        "type": "Point",
        "coordinates": [
          133.963333,
          34.342982
        ]
      },
      "tippecanoe": {
        "minzoom": 10
      }
    },
    {
      "type": "Feature",
      "properties": {
        "poi_id": "SNT_810_P0017",
        "route_id": "SNT_810",
        "source_post_id": 810,
        "name": "03小川",
        "kind": "kml_poi",
        "content_id": null
      },
      "geometry": {
        "type": "Point",
        "coordinates": [
          133.965133,
          34.34373
        ]
      },
      "tippecanoe": {
        "minzoom": 10
      }
    },
    {
      "type": "Feature",
      "properties": {
        "poi_id": "SNT_810_P0018",
        "route_id": "SNT_810",
        "source_post_id": 810,
        "name": "04八丁目",
        "kind": "kml_poi",
        "content_id": null
      },
      "geometry": {
        "type": "Point",
        "coordinates": [
          133.966575,
          34.344596
        ]
      },
      "tippecanoe": {
        "minzoom": 10
      }
    },
    {
      "type": "Feature",
      "properties": {
        "poi_id": "SNT_810_P0019",
        "route_id": "SNT_810",
        "source_post_id": 810,
        "name": "05神在口",
        "kind": "kml_poi",
        "content_id": null
      },
      "geometry": {
        "type": "Point",
        "coordinates": [
          133.988701,
          34.35326
        ]
      },
      "tippecanoe": {
        "minzoom": 10
      }
    },
    {
      "type": "Feature",
      "properties": {
        "poi_id": "SNT_810_P0020",
        "route_id": "SNT_810",
        "source_post_id": 810,
        "name": "01案内板",
        "kind": "kml_poi",
        "content_id": null
      },
      "geometry": {
        "type": "Point",
        "coordinates": [
          133.961511,
          34.343421
        ]
      },
      "tippecanoe": {
        "minzoom": 10
      }
    },
    {
      "type": "Feature",
      "properties": {
        "poi_id": "SNT_810_P0021",
        "route_id": "SNT_810",
        "source_post_id": 810,
        "name": "トイレ",
        "kind": "kml_poi",
        "content_id": null
      },
      "geometry": {
        "type": "Point",
        "coordinates": [
          133.9615413,
          34.3433197
        ]
      },
      "tippecanoe": {
        "minzoom": 10
      }
    },
    {
      "type": "Feature",
      "properties": {
        "poi_id": "SNT_810_P0022",
        "route_id": "SNT_810",
        "source_post_id": 810,
        "name": "02指導標",
        "kind": "kml_poi",
        "content_id": null
      },
      "geometry": {
        "type": "Point",
        "coordinates": [
          133.962526,
          34.341328
        ]
      },
      "tippecanoe": {
        "minzoom": 10
      }
    },
    {
      "type": "Feature",
      "properties": {
        "poi_id": "SNT_810_P0023",
        "route_id": "SNT_810",
        "source_post_id": 810,
        "name": "03指導標",
        "kind": "kml_poi",
        "content_id": null
      },
      "geometry": {
        "type": "Point",
        "coordinates": [
          133.959585,
          34.33948
        ]
      },
      "tippecanoe": {
        "minzoom": 10
      }
    },
    {
      "type": "Feature",
      "properties": {
        "poi_id": "SNT_810_P0024",
        "route_id": "SNT_810",
        "source_post_id": 810,
        "name": "04入口",
        "kind": "kml_poi",
        "content_id": null
      },
      "geometry": {
        "type": "Point",
        "coordinates": [
          133.959162,
          34.336225
        ]
      },
      "tippecanoe": {
        "minzoom": 10
      }
    },
    {
      "type": "Feature",
      "properties": {
        "poi_id": "SNT_810_P0025",
        "route_id": "SNT_810",
        "source_post_id": 810,
        "name": "05中山園地",
        "kind": "kml_poi",
        "content_id": null
      },
      "geometry": {
        "type": "Point",
        "coordinates": [
          133.955525,
          34.335483
        ]
      },
      "tippecanoe": {
        "minzoom": 10
      }
    },
    {
      "type": "Feature",
      "properties": {
        "poi_id": "SNT_810_P0026",
        "route_id": "SNT_810",
        "source_post_id": 810,
        "name": "トイレ",
        "kind": "kml_poi",
        "content_id": null
      },
      "geometry": {
        "type": "Point",
        "coordinates": [
          133.955534,
          34.3354829
        ]
      },
      "tippecanoe": {
        "minzoom": 10
      }
    },
    {
      "type": "Feature",
      "properties": {
        "poi_id": "SNT_810_P0027",
        "route_id": "SNT_810",
        "source_post_id": 810,
        "name": "06指導標",
        "kind": "kml_poi",
        "content_id": null
      },
      "geometry": {
        "type": "Point",
        "coordinates": [
          133.95449,
          34.334656
        ]
      },
      "tippecanoe": {
        "minzoom": 10
      }
    },
    {
      "type": "Feature",
      "properties": {
        "poi_id": "SNT_810_P0028",
        "route_id": "SNT_810",
        "source_post_id": 810,
        "name": "07十九丁",
        "kind": "kml_poi",
        "content_id": null
      },
      "geometry": {
        "type": "Point",
        "coordinates": [
          133.950489,
          34.332691
        ]
      },
      "tippecanoe": {
        "minzoom": 10
      }
    },
    {
      "type": "Feature",
      "properties": {
        "poi_id": "SNT_810_P0029",
        "route_id": "SNT_810",
        "source_post_id": 810,
        "name": "08ヒサカキのトンネル",
        "kind": "kml_poi",
        "content_id": null
      },
      "geometry": {
        "type": "Point",
        "coordinates": [
          133.949339,
          34.33189
        ]
      },
      "tippecanoe": {
        "minzoom": 10
      }
    },
    {
      "type": "Feature",
      "properties": {
        "poi_id": "SNT_810_P0030",
        "route_id": "SNT_810",
        "source_post_id": 810,
        "name": "09解説板",
        "kind": "kml_poi",
        "content_id": null
      },
      "geometry": {
        "type": "Point",
        "coordinates": [
          133.94889,
          34.331559
        ]
      },
      "tippecanoe": {
        "minzoom": 10
      }
    },
    {
      "type": "Feature",
      "properties": {
        "poi_id": "SNT_810_P0031",
        "route_id": "SNT_810",
        "source_post_id": 810,
        "name": "10解説板",
        "kind": "kml_poi",
        "content_id": null
      },
      "geometry": {
        "type": "Point",
        "coordinates": [
          133.943265,
          34.329037
        ]
      },
      "tippecanoe": {
        "minzoom": 10
      }
    },
    {
      "type": "Feature",
      "properties": {
        "poi_id": "SNT_810_P0032",
        "route_id": "SNT_810",
        "source_post_id": 810,
        "name": "11解説板",
        "kind": "kml_poi",
        "content_id": null
      },
      "geometry": {
        "type": "Point",
        "coordinates": [
          133.929683,
          34.332312
        ]
      },
      "tippecanoe": {
        "minzoom": 10
      }
    },
    {
      "type": "Feature",
      "properties": {
        "poi_id": "SNT_810_P0033",
        "route_id": "SNT_810",
        "source_post_id": 810,
        "name": "12白峯寺",
        "kind": "kml_poi",
        "content_id": null
      },
      "geometry": {
        "type": "Point",
        "coordinates": [
          133.926784,
          34.333476
        ]
      },
      "tippecanoe": {
        "minzoom": 10
      }
    },
    {
      "type": "Feature",
      "properties": {
        "poi_id": "SNT_810_P0034",
        "route_id": "SNT_810",
        "source_post_id": 810,
        "name": "トイレ",
        "kind": "kml_poi",
        "content_id": null
      },
      "geometry": {
        "type": "Point",
        "coordinates": [
          133.9268484,
          34.3334757
        ]
      },
      "tippecanoe": {
        "minzoom": 10
      }
    },
    {
      "type": "Feature",
      "properties": {
        "poi_id": "SNT_810_P0035",
        "route_id": "SNT_810",
        "source_post_id": 810,
        "name": "13白峯陵",
        "kind": "kml_poi",
        "content_id": null
      },
      "geometry": {
        "type": "Point",
        "coordinates": [
          133.925552,
          34.334802
        ]
      },
      "tippecanoe": {
        "minzoom": 10
      }
    },
    {
      "type": "Feature",
      "properties": {
        "poi_id": "SNT_810_P0036",
        "route_id": "SNT_810",
        "source_post_id": 810,
        "name": "14解説板",
        "kind": "kml_poi",
        "content_id": null
      },
      "geometry": {
        "type": "Point",
        "coordinates": [
          133.924165,
          34.335721
        ]
      },
      "tippecanoe": {
        "minzoom": 10
      }
    },
    {
      "type": "Feature",
      "properties": {
        "poi_id": "SNT_810_P0037",
        "route_id": "SNT_810",
        "source_post_id": 810,
        "name": "15案内板",
        "kind": "kml_poi",
        "content_id": null
      },
      "geometry": {
        "type": "Point",
        "coordinates": [
          133.913049,
          34.336298
        ]
      },
      "tippecanoe": {
        "minzoom": 10
      }
    },
    {
      "type": "Feature",
      "properties": {
        "poi_id": "SNT_810_P0038",
        "route_id": "SNT_810",
        "source_post_id": 810,
        "name": "16高屋バス停",
        "kind": "kml_poi",
        "content_id": null
      },
      "geometry": {
        "type": "Point",
        "coordinates": [
          133.906865,
          34.33541
        ]
      },
      "tippecanoe": {
        "minzoom": 10
      }
    },
    {
      "type": "Feature",
      "properties": {
        "poi_id": "SNT_810_P0039",
        "route_id": "SNT_810",
        "source_post_id": 810,
        "name": "根香寺",
        "kind": "tourism_spot",
        "content_id": "SNT_810_S003"
      },
      "geometry": {
        "type": "Point",
        "coordinates": [
          133.960617,
          34.344491
        ]
      },
      "tippecanoe": {
        "minzoom": 10
      }
    },
    {
      "type": "Feature",
      "properties": {
        "poi_id": "SNT_95_P0001",
        "route_id": "SNT_95",
        "source_post_id": 95,
        "name": "01 一本松公園休憩地",
        "kind": "kml_poi",
        "content_id": null
      },
      "geometry": {
        "type": "Point",
        "coordinates": [
          132.649627,
          32.959467
        ]
      },
      "tippecanoe": {
        "minzoom": 10
      }
    },
    {
      "type": "Feature",
      "properties": {
        "poi_id": "SNT_95_P0002",
        "route_id": "SNT_95",
        "source_post_id": 95,
        "name": "02 指導標",
        "kind": "kml_poi",
        "content_id": null
      },
      "geometry": {
        "type": "Point",
        "coordinates": [
          132.654806,
          32.957443
        ]
      },
      "tippecanoe": {
        "minzoom": 10
      }
    },
    {
      "type": "Feature",
      "properties": {
        "poi_id": "SNT_95_P0003",
        "route_id": "SNT_95",
        "source_post_id": 95,
        "name": "03 誘導標",
        "kind": "kml_poi",
        "content_id": null
      },
      "geometry": {
        "type": "Point",
        "coordinates": [
          132.658002,
          32.957491
        ]
      },
      "tippecanoe": {
        "minzoom": 10
      }
    },
    {
      "type": "Feature",
      "properties": {
        "poi_id": "SNT_95_P0004",
        "route_id": "SNT_95",
        "source_post_id": 95,
        "name": "04 小山公衆便所",
        "kind": "kml_poi",
        "content_id": null
      },
      "geometry": {
        "type": "Point",
        "coordinates": [
          132.659038,
          32.958031
        ]
      },
      "tippecanoe": {
        "minzoom": 10
      }
    },
    {
      "type": "Feature",
      "properties": {
        "poi_id": "SNT_95_P0005",
        "route_id": "SNT_95",
        "source_post_id": 95,
        "name": "05 指導標",
        "kind": "kml_poi",
        "content_id": null
      },
      "geometry": {
        "type": "Point",
        "coordinates": [
          132.661199,
          32.958646
        ]
      },
      "tippecanoe": {
        "minzoom": 10
      }
    },
    {
      "type": "Feature",
      "properties": {
        "poi_id": "SNT_95_P0006",
        "route_id": "SNT_95",
        "source_post_id": 95,
        "name": "06 指導標",
        "kind": "kml_poi",
        "content_id": null
      },
      "geometry": {
        "type": "Point",
        "coordinates": [
          132.661558,
          32.958204
        ]
      },
      "tippecanoe": {
        "minzoom": 10
      }
    },
    {
      "type": "Feature",
      "properties": {
        "poi_id": "SNT_95_P0007",
        "route_id": "SNT_95",
        "source_post_id": 95,
        "name": "07 誘導標",
        "kind": "kml_poi",
        "content_id": null
      },
      "geometry": {
        "type": "Point",
        "coordinates": [
          132.663514,
          32.959044
        ]
      },
      "tippecanoe": {
        "minzoom": 10
      }
    },
    {
      "type": "Feature",
      "properties": {
        "poi_id": "SNT_95_P0008",
        "route_id": "SNT_95",
        "source_post_id": 95,
        "name": "08 指導標",
        "kind": "kml_poi",
        "content_id": null
      },
      "geometry": {
        "type": "Point",
        "coordinates": [
          132.665662,
          32.958416
        ]
      },
      "tippecanoe": {
        "minzoom": 10
      }
    },
    {
      "type": "Feature",
      "properties": {
        "poi_id": "SNT_95_P0009",
        "route_id": "SNT_95",
        "source_post_id": 95,
        "name": "09 指導標",
        "kind": "kml_poi",
        "content_id": null
      },
      "geometry": {
        "type": "Point",
        "coordinates": [
          132.666978,
          32.957648
        ]
      },
      "tippecanoe": {
        "minzoom": 10
      }
    },
    {
      "type": "Feature",
      "properties": {
        "poi_id": "SNT_95_P0010",
        "route_id": "SNT_95",
        "source_post_id": 95,
        "name": "10 誘導標",
        "kind": "kml_poi",
        "content_id": null
      },
      "geometry": {
        "type": "Point",
        "coordinates": [
          132.670649,
          32.956107
        ]
      },
      "tippecanoe": {
        "minzoom": 10
      }
    },
    {
      "type": "Feature",
      "properties": {
        "poi_id": "SNT_95_P0011",
        "route_id": "SNT_95",
        "source_post_id": 95,
        "name": "11 指導標",
        "kind": "kml_poi",
        "content_id": null
      },
      "geometry": {
        "type": "Point",
        "coordinates": [
          132.670976,
          32.956253
        ]
      },
      "tippecanoe": {
        "minzoom": 10
      }
    },
    {
      "type": "Feature",
      "properties": {
        "poi_id": "SNT_95_P0012",
        "route_id": "SNT_95",
        "source_post_id": 95,
        "name": "12 指導標、ベンチ",
        "kind": "kml_poi",
        "content_id": null
      },
      "geometry": {
        "type": "Point",
        "coordinates": [
          132.673078,
          32.955404
        ]
      },
      "tippecanoe": {
        "minzoom": 10
      }
    },
    {
      "type": "Feature",
      "properties": {
        "poi_id": "SNT_95_P0013",
        "route_id": "SNT_95",
        "source_post_id": 95,
        "name": "13 指導標、路傍サイン、風景",
        "kind": "kml_poi",
        "content_id": null
      },
      "geometry": {
        "type": "Point",
        "coordinates": [
          132.674007,
          32.954837
        ]
      },
      "tippecanoe": {
        "minzoom": 10
      }
    },
    {
      "type": "Feature",
      "properties": {
        "poi_id": "SNT_95_P0014",
        "route_id": "SNT_95",
        "source_post_id": 95,
        "name": "14 指導標、ベンチ、風景",
        "kind": "kml_poi",
        "content_id": null
      },
      "geometry": {
        "type": "Point",
        "coordinates": [
          132.67634,
          32.951506
        ]
      },
      "tippecanoe": {
        "minzoom": 10
      }
    },
    {
      "type": "Feature",
      "properties": {
        "poi_id": "SNT_95_P0015",
        "route_id": "SNT_95",
        "source_post_id": 95,
        "name": "15 指導標+風景",
        "kind": "kml_poi",
        "content_id": null
      },
      "geometry": {
        "type": "Point",
        "coordinates": [
          132.675527,
          32.950324
        ]
      },
      "tippecanoe": {
        "minzoom": 10
      }
    },
    {
      "type": "Feature",
      "properties": {
        "poi_id": "SNT_95_P0016",
        "route_id": "SNT_95",
        "source_post_id": 95,
        "name": "16 誘導標、ベンチ2個",
        "kind": "kml_poi",
        "content_id": null
      },
      "geometry": {
        "type": "Point",
        "coordinates": [
          132.675253,
          32.948707
        ]
      },
      "tippecanoe": {
        "minzoom": 10
      }
    },
    {
      "type": "Feature",
      "properties": {
        "poi_id": "SNT_95_P0017",
        "route_id": "SNT_95",
        "source_post_id": 95,
        "name": "17 松尾峠",
        "kind": "kml_poi",
        "content_id": null
      },
      "geometry": {
        "type": "Point",
        "coordinates": [
          132.676175,
          32.943862
        ]
      },
      "tippecanoe": {
        "minzoom": 10
      }
    },
    {
      "type": "Feature",
      "properties": {
        "poi_id": "SNT_95_P0018",
        "route_id": "SNT_95",
        "source_post_id": 95,
        "name": "18 純友城跡",
        "kind": "kml_poi",
        "content_id": null
      },
      "geometry": {
        "type": "Point",
        "coordinates": [
          132.674753,
          32.942533
        ]
      },
      "tippecanoe": {
        "minzoom": 10
      }
    },
    {
      "type": "Feature",
      "properties": {
        "poi_id": "SNT_95_P0019",
        "route_id": "SNT_95",
        "source_post_id": 95,
        "name": "19 案内標識、指導標、サイン",
        "kind": "kml_poi",
        "content_id": null
      },
      "geometry": {
        "type": "Point",
        "coordinates": [
          132.5488127,
          32.965865
        ]
      },
      "tippecanoe": {
        "minzoom": 10
      }
    },
    {
      "type": "Feature",
      "properties": {
        "poi_id": "SNT_95_P0020",
        "route_id": "SNT_95",
        "source_post_id": 95,
        "name": "20 指導標",
        "kind": "kml_poi",
        "content_id": null
      },
      "geometry": {
        "type": "Point",
        "coordinates": [
          132.5488381,
          32.9650602
        ]
      },
      "tippecanoe": {
        "minzoom": 10
      }
    },
    {
      "type": "Feature",
      "properties": {
        "poi_id": "SNT_95_P0021",
        "route_id": "SNT_95",
        "source_post_id": 95,
        "name": "21 指導標、解説版",
        "kind": "kml_poi",
        "content_id": null
      },
      "geometry": {
        "type": "Point",
        "coordinates": [
          132.5517188,
          32.9648357
        ]
      },
      "tippecanoe": {
        "minzoom": 10
      }
    },
    {
      "type": "Feature",
      "properties": {
        "poi_id": "SNT_95_P0022",
        "route_id": "SNT_95",
        "source_post_id": 95,
        "name": "23 誘導標",
        "kind": "kml_poi",
        "content_id": null
      },
      "geometry": {
        "type": "Point",
        "coordinates": [
          132.5573568,
          32.9628064
        ]
      },
      "tippecanoe": {
        "minzoom": 10
      }
    },
    {
      "type": "Feature",
      "properties": {
        "poi_id": "SNT_95_P0023",
        "route_id": "SNT_95",
        "source_post_id": 95,
        "name": "24 指導標、解説版",
        "kind": "kml_poi",
        "content_id": null
      },
      "geometry": {
        "type": "Point",
        "coordinates": [
          132.5640288,
          32.9623023
        ]
      },
      "tippecanoe": {
        "minzoom": 10
      }
    },
    {
      "type": "Feature",
      "properties": {
        "poi_id": "SNT_95_P0024",
        "route_id": "SNT_95",
        "source_post_id": 95,
        "name": "25 指導標",
        "kind": "kml_poi",
        "content_id": null
      },
      "geometry": {
        "type": "Point",
        "coordinates": [
          132.563996,
          32.9616058
        ]
      },
      "tippecanoe": {
        "minzoom": 10
      }
    },
    {
      "type": "Feature",
      "properties": {
        "poi_id": "SNT_95_P0025",
        "route_id": "SNT_95",
        "source_post_id": 95,
        "name": "26 指導標",
        "kind": "kml_poi",
        "content_id": null
      },
      "geometry": {
        "type": "Point",
        "coordinates": [
          132.5755801,
          32.9618072
        ]
      },
      "tippecanoe": {
        "minzoom": 10
      }
    },
    {
      "type": "Feature",
      "properties": {
        "poi_id": "SNT_95_P0026",
        "route_id": "SNT_95",
        "source_post_id": 95,
        "name": "27 指導標、サイン",
        "kind": "kml_poi",
        "content_id": null
      },
      "geometry": {
        "type": "Point",
        "coordinates": [
          132.5832767,
          32.9636768
        ]
      },
      "tippecanoe": {
        "minzoom": 10
      }
    },
    {
      "type": "Feature",
      "properties": {
        "poi_id": "SNT_95_P0027",
        "route_id": "SNT_95",
        "source_post_id": 95,
        "name": "28 指導標",
        "kind": "kml_poi",
        "content_id": null
      },
      "geometry": {
        "type": "Point",
        "coordinates": [
          132.5839858,
          32.9638782
        ]
      },
      "tippecanoe": {
        "minzoom": 10
      }
    },
    {
      "type": "Feature",
      "properties": {
        "poi_id": "SNT_95_P0028",
        "route_id": "SNT_95",
        "source_post_id": 95,
        "name": "101 標識とベンチ",
        "kind": "kml_poi",
        "content_id": null
      },
      "geometry": {
        "type": "Point",
        "coordinates": [
          132.67929,
          32.942225
        ]
      },
      "tippecanoe": {
        "minzoom": 10
      }
    },
    {
      "type": "Feature",
      "properties": {
        "poi_id": "SNT_95_P0029",
        "route_id": "SNT_95",
        "source_post_id": 95,
        "name": "102 指導標",
        "kind": "kml_poi",
        "content_id": null
      },
      "geometry": {
        "type": "Point",
        "coordinates": [
          132.679954,
          32.942662
        ]
      },
      "tippecanoe": {
        "minzoom": 10
      }
    },
    {
      "type": "Feature",
      "properties": {
        "poi_id": "SNT_95_P0030",
        "route_id": "SNT_95",
        "source_post_id": 95,
        "name": "103 看板",
        "kind": "kml_poi",
        "content_id": null
      },
      "geometry": {
        "type": "Point",
        "coordinates": [
          132.681618,
          32.942278
        ]
      },
      "tippecanoe": {
        "minzoom": 10
      }
    },
    {
      "type": "Feature",
      "properties": {
        "poi_id": "SNT_95_P0031",
        "route_id": "SNT_95",
        "source_post_id": 95,
        "name": "104 標識",
        "kind": "kml_poi",
        "content_id": null
      },
      "geometry": {
        "type": "Point",
        "coordinates": [
          132.684487,
          32.941194
        ]
      },
      "tippecanoe": {
        "minzoom": 10
      }
    },
    {
      "type": "Feature",
      "properties": {
        "poi_id": "SNT_95_P0032",
        "route_id": "SNT_95",
        "source_post_id": 95,
        "name": "105 標識",
        "kind": "kml_poi",
        "content_id": null
      },
      "geometry": {
        "type": "Point",
        "coordinates": [
          132.685676,
          32.9404011
        ]
      },
      "tippecanoe": {
        "minzoom": 10
      }
    },
    {
      "type": "Feature",
      "properties": {
        "poi_id": "SNT_95_P0033",
        "route_id": "SNT_95",
        "source_post_id": 95,
        "name": "106 指導標",
        "kind": "kml_poi",
        "content_id": null
      },
      "geometry": {
        "type": "Point",
        "coordinates": [
          132.685875,
          32.940699
        ]
      },
      "tippecanoe": {
        "minzoom": 10
      }
    },
    {
      "type": "Feature",
      "properties": {
        "poi_id": "SNT_95_P0034",
        "route_id": "SNT_95",
        "source_post_id": 95,
        "name": "107 標識",
        "kind": "kml_poi",
        "content_id": null
      },
      "geometry": {
        "type": "Point",
        "coordinates": [
          132.686299,
          32.941616
        ]
      },
      "tippecanoe": {
        "minzoom": 10
      }
    },
    {
      "type": "Feature",
      "properties": {
        "poi_id": "SNT_95_P0035",
        "route_id": "SNT_95",
        "source_post_id": 95,
        "name": "108 案内標識+サイン、指導標",
        "kind": "kml_poi",
        "content_id": null
      },
      "geometry": {
        "type": "Point",
        "coordinates": [
          132.687077,
          32.941393
        ]
      },
      "tippecanoe": {
        "minzoom": 10
      }
    },
    {
      "type": "Feature",
      "properties": {
        "poi_id": "SNT_95_P0036",
        "route_id": "SNT_95",
        "source_post_id": 95,
        "name": "109 標識",
        "kind": "kml_poi",
        "content_id": null
      },
      "geometry": {
        "type": "Point",
        "coordinates": [
          132.688255,
          32.940141
        ]
      },
      "tippecanoe": {
        "minzoom": 10
      }
    },
    {
      "type": "Feature",
      "properties": {
        "poi_id": "SNT_95_P0037",
        "route_id": "SNT_95",
        "source_post_id": 95,
        "name": "110 札掛け篠山神社",
        "kind": "kml_poi",
        "content_id": null
      },
      "geometry": {
        "type": "Point",
        "coordinates": [
          132.6322361,
          32.9705023
        ]
      },
      "tippecanoe": {
        "minzoom": 10
      }
    },
    {
      "type": "Feature",
      "properties": {
        "poi_id": "SNT_95_P0038",
        "route_id": "SNT_95",
        "source_post_id": 95,
        "name": "四国霊場第４０番札所 観自在寺",
        "kind": "kml_poi",
        "content_id": null
      },
      "geometry": {
        "type": "Point",
        "coordinates": [
          132.5640344,
          32.9646878
        ]
      },
      "tippecanoe": {
        "minzoom": 10
      }
    },
    {
      "type": "Feature",
      "properties": {
        "poi_id": "SNT_95_P0039",
        "route_id": "SNT_95",
        "source_post_id": 95,
        "name": "御荘公園",
        "kind": "kml_poi",
        "content_id": null
      },
      "geometry": {
        "type": "Point",
        "coordinates": [
          132.5523357,
          32.964268
        ]
      },
      "tippecanoe": {
        "minzoom": 10
      }
    },
    {
      "type": "Feature",
      "properties": {
        "poi_id": "SNT_1_P0001",
        "route_id": "SNT_1",
        "source_post_id": 1,
        "name": "01指導標位置",
        "kind": "kml_poi",
        "content_id": null
      },
      "geometry": {
        "type": "Point",
        "coordinates": [
          132.49749,
          33.017637
        ]
      },
      "tippecanoe": {
        "minzoom": 10
      }
    },
    {
      "type": "Feature",
      "properties": {
        "poi_id": "SNT_1_P0002",
        "route_id": "SNT_1",
        "source_post_id": 1,
        "name": "02 指導標位置",
        "kind": "kml_poi",
        "content_id": null
      },
      "geometry": {
        "type": "Point",
        "coordinates": [
          132.498677,
          33.017594
        ]
      },
      "tippecanoe": {
        "minzoom": 10
      }
    },
    {
      "type": "Feature",
      "properties": {
        "poi_id": "SNT_1_P0003",
        "route_id": "SNT_1",
        "source_post_id": 1,
        "name": "04 指導標",
        "kind": "kml_poi",
        "content_id": null
      },
      "geometry": {
        "type": "Point",
        "coordinates": [
          132.501638,
          33.019986
        ]
      },
      "tippecanoe": {
        "minzoom": 10
      }
    },
    {
      "type": "Feature",
      "properties": {
        "poi_id": "SNT_1_P0004",
        "route_id": "SNT_1",
        "source_post_id": 1,
        "name": "05 指導標位置",
        "kind": "kml_poi",
        "content_id": null
      },
      "geometry": {
        "type": "Point",
        "coordinates": [
          132.50301,
          33.022593
        ]
      },
      "tippecanoe": {
        "minzoom": 10
      }
    },
    {
      "type": "Feature",
      "properties": {
        "poi_id": "SNT_1_P0005",
        "route_id": "SNT_1",
        "source_post_id": 1,
        "name": "07 誘導標と俳句",
        "kind": "kml_poi",
        "content_id": null
      },
      "geometry": {
        "type": "Point",
        "coordinates": [
          132.502714,
          33.024201
        ]
      },
      "tippecanoe": {
        "minzoom": 10
      }
    },
    {
      "type": "Feature",
      "properties": {
        "poi_id": "SNT_1_P0006",
        "route_id": "SNT_1",
        "source_post_id": 1,
        "name": "08 ベンチ、マーク、俳句",
        "kind": "kml_poi",
        "content_id": null
      },
      "geometry": {
        "type": "Point",
        "coordinates": [
          132.502988,
          33.025324
        ]
      },
      "tippecanoe": {
        "minzoom": 10
      }
    },
    {
      "type": "Feature",
      "properties": {
        "poi_id": "SNT_1_P0007",
        "route_id": "SNT_1",
        "source_post_id": 1,
        "name": "09 指導標と俳句",
        "kind": "kml_poi",
        "content_id": null
      },
      "geometry": {
        "type": "Point",
        "coordinates": [
          132.502404,
          33.026224
        ]
      },
      "tippecanoe": {
        "minzoom": 10
      }
    },
    {
      "type": "Feature",
      "properties": {
        "poi_id": "SNT_1_P0008",
        "route_id": "SNT_1",
        "source_post_id": 1,
        "name": "10 俳句",
        "kind": "kml_poi",
        "content_id": null
      },
      "geometry": {
        "type": "Point",
        "coordinates": [
          132.500947,
          33.018848
        ]
      },
      "tippecanoe": {
        "minzoom": 10
      }
    },
    {
      "type": "Feature",
      "properties": {
        "poi_id": "SNT_1_P0009",
        "route_id": "SNT_1",
        "source_post_id": 1,
        "name": "11 誘導標",
        "kind": "kml_poi",
        "content_id": null
      },
      "geometry": {
        "type": "Point",
        "coordinates": [
          132.501536,
          33.027194
        ]
      },
      "tippecanoe": {
        "minzoom": 10
      }
    },
    {
      "type": "Feature",
      "properties": {
        "poi_id": "SNT_1_P0010",
        "route_id": "SNT_1",
        "source_post_id": 1,
        "name": "12 誘導標と俳句",
        "kind": "kml_poi",
        "content_id": null
      },
      "geometry": {
        "type": "Point",
        "coordinates": [
          132.50208,
          33.028633
        ]
      },
      "tippecanoe": {
        "minzoom": 10
      }
    },
    {
      "type": "Feature",
      "properties": {
        "poi_id": "SNT_1_P0011",
        "route_id": "SNT_1",
        "source_post_id": 1,
        "name": "13 指導標とベンチ",
        "kind": "kml_poi",
        "content_id": null
      },
      "geometry": {
        "type": "Point",
        "coordinates": [
          132.503681,
          33.030207
        ]
      },
      "tippecanoe": {
        "minzoom": 10
      }
    },
    {
      "type": "Feature",
      "properties": {
        "poi_id": "SNT_1_P0012",
        "route_id": "SNT_1",
        "source_post_id": 1,
        "name": "14 柏坂休憩地",
        "kind": "kml_poi",
        "content_id": null
      },
      "geometry": {
        "type": "Point",
        "coordinates": [
          132.503083,
          33.033712
        ]
      },
      "tippecanoe": {
        "minzoom": 10
      }
    },
    {
      "type": "Feature",
      "properties": {
        "poi_id": "SNT_1_P0013",
        "route_id": "SNT_1",
        "source_post_id": 1,
        "name": "15 指導標",
        "kind": "kml_poi",
        "content_id": null
      },
      "geometry": {
        "type": "Point",
        "coordinates": [
          132.503469,
          33.035364
        ]
      },
      "tippecanoe": {
        "minzoom": 10
      }
    },
    {
      "type": "Feature",
      "properties": {
        "poi_id": "SNT_1_P0014",
        "route_id": "SNT_1",
        "source_post_id": 1,
        "name": "16 俳句、誘導標、トイレ",
        "kind": "kml_poi",
        "content_id": null
      },
      "geometry": {
        "type": "Point",
        "coordinates": [
          132.503979,
          33.037895
        ]
      },
      "tippecanoe": {
        "minzoom": 10
      }
    },
    {
      "type": "Feature",
      "properties": {
        "poi_id": "SNT_1_P0015",
        "route_id": "SNT_1",
        "source_post_id": 1,
        "name": "17 指導標",
        "kind": "kml_poi",
        "content_id": null
      },
      "geometry": {
        "type": "Point",
        "coordinates": [
          132.505432,
          33.039649
        ]
      },
      "tippecanoe": {
        "minzoom": 10
      }
    },
    {
      "type": "Feature",
      "properties": {
        "poi_id": "SNT_1_P0016",
        "route_id": "SNT_1",
        "source_post_id": 1,
        "name": "19 解説板",
        "kind": "kml_poi",
        "content_id": null
      },
      "geometry": {
        "type": "Point",
        "coordinates": [
          132.504245,
          33.04169
        ]
      },
      "tippecanoe": {
        "minzoom": 10
      }
    },
    {
      "type": "Feature",
      "properties": {
        "poi_id": "SNT_1_P0017",
        "route_id": "SNT_1",
        "source_post_id": 1,
        "name": "20 水準点",
        "kind": "kml_poi",
        "content_id": null
      },
      "geometry": {
        "type": "Point",
        "coordinates": [
          132.503388,
          33.042509
        ]
      },
      "tippecanoe": {
        "minzoom": 10
      }
    },
    {
      "type": "Feature",
      "properties": {
        "poi_id": "SNT_1_P0018",
        "route_id": "SNT_1",
        "source_post_id": 1,
        "name": "22 つなわ展望台",
        "kind": "kml_poi",
        "content_id": null
      },
      "geometry": {
        "type": "Point",
        "coordinates": [
          132.503403,
          33.044979
        ]
      },
      "tippecanoe": {
        "minzoom": 10
      }
    },
    {
      "type": "Feature",
      "properties": {
        "poi_id": "SNT_1_P0019",
        "route_id": "SNT_1",
        "source_post_id": 1,
        "name": "24 解説板",
        "kind": "kml_poi",
        "content_id": null
      },
      "geometry": {
        "type": "Point",
        "coordinates": [
          132.502828,
          33.047958
        ]
      },
      "tippecanoe": {
        "minzoom": 10
      }
    },
    {
      "type": "Feature",
      "properties": {
        "poi_id": "SNT_1_P0020",
        "route_id": "SNT_1",
        "source_post_id": 1,
        "name": "25 誘導標と解説板",
        "kind": "kml_poi",
        "content_id": null
      },
      "geometry": {
        "type": "Point",
        "coordinates": [
          132.503558,
          33.049409
        ]
      },
      "tippecanoe": {
        "minzoom": 10
      }
    },
    {
      "type": "Feature",
      "properties": {
        "poi_id": "SNT_1_P0021",
        "route_id": "SNT_1",
        "source_post_id": 1,
        "name": "26 指導標",
        "kind": "kml_poi",
        "content_id": null
      },
      "geometry": {
        "type": "Point",
        "coordinates": [
          132.50435,
          33.050744
        ]
      },
      "tippecanoe": {
        "minzoom": 10
      }
    },
    {
      "type": "Feature",
      "properties": {
        "poi_id": "SNT_1_P0022",
        "route_id": "SNT_1",
        "source_post_id": 1,
        "name": "27 解説板",
        "kind": "kml_poi",
        "content_id": null
      },
      "geometry": {
        "type": "Point",
        "coordinates": [
          132.504454,
          33.05147
        ]
      },
      "tippecanoe": {
        "minzoom": 10
      }
    },
    {
      "type": "Feature",
      "properties": {
        "poi_id": "SNT_1_P0023",
        "route_id": "SNT_1",
        "source_post_id": 1,
        "name": "28 解説板　鼻掛け",
        "kind": "kml_poi",
        "content_id": null
      },
      "geometry": {
        "type": "Point",
        "coordinates": [
          132.505545,
          33.051727
        ]
      },
      "tippecanoe": {
        "minzoom": 10
      }
    },
    {
      "type": "Feature",
      "properties": {
        "poi_id": "SNT_1_P0024",
        "route_id": "SNT_1",
        "source_post_id": 1,
        "name": "33 茶道休憩地",
        "kind": "kml_poi",
        "content_id": null
      },
      "geometry": {
        "type": "Point",
        "coordinates": [
          132.510046,
          33.057423
        ]
      },
      "tippecanoe": {
        "minzoom": 10
      }
    },
    {
      "type": "Feature",
      "properties": {
        "poi_id": "SNT_1_P0025",
        "route_id": "SNT_1",
        "source_post_id": 1,
        "name": "34 誘導標",
        "kind": "kml_poi",
        "content_id": null
      },
      "geometry": {
        "type": "Point",
        "coordinates": [
          132.509019,
          33.061938
        ]
      },
      "tippecanoe": {
        "minzoom": 10
      }
    },
    {
      "type": "Feature",
      "properties": {
        "poi_id": "SNT_1_P0026",
        "route_id": "SNT_1",
        "source_post_id": 1,
        "name": "35 指導標",
        "kind": "kml_poi",
        "content_id": null
      },
      "geometry": {
        "type": "Point",
        "coordinates": [
          132.50749,
          33.062978
        ]
      },
      "tippecanoe": {
        "minzoom": 10
      }
    },
    {
      "type": "Feature",
      "properties": {
        "poi_id": "SNT_1_P0027",
        "route_id": "SNT_1",
        "source_post_id": 1,
        "name": "36 誘導標",
        "kind": "kml_poi",
        "content_id": null
      },
      "geometry": {
        "type": "Point",
        "coordinates": [
          132.505517,
          33.066069
        ]
      },
      "tippecanoe": {
        "minzoom": 10
      }
    },
    {
      "type": "Feature",
      "properties": {
        "poi_id": "SNT_1_P0028",
        "route_id": "SNT_1",
        "source_post_id": 1,
        "name": "38 指導標",
        "kind": "kml_poi",
        "content_id": null
      },
      "geometry": {
        "type": "Point",
        "coordinates": [
          132.505053,
          33.069778
        ]
      },
      "tippecanoe": {
        "minzoom": 10
      }
    },
    {
      "type": "Feature",
      "properties": {
        "poi_id": "SNT_1_P0029",
        "route_id": "SNT_1",
        "source_post_id": 1,
        "name": "39 指導標",
        "kind": "kml_poi",
        "content_id": null
      },
      "geometry": {
        "type": "Point",
        "coordinates": [
          132.503368,
          33.071524
        ]
      },
      "tippecanoe": {
        "minzoom": 10
      }
    },
    {
      "type": "Feature",
      "properties": {
        "poi_id": "SNT_1_P0030",
        "route_id": "SNT_1",
        "source_post_id": 1,
        "name": "40 指導標",
        "kind": "kml_poi",
        "content_id": null
      },
      "geometry": {
        "type": "Point",
        "coordinates": [
          132.503496,
          33.0753
        ]
      },
      "tippecanoe": {
        "minzoom": 10
      }
    },
    {
      "type": "Feature",
      "properties": {
        "poi_id": "SNT_1_P0031",
        "route_id": "SNT_1",
        "source_post_id": 1,
        "name": "41 指導標",
        "kind": "kml_poi",
        "content_id": null
      },
      "geometry": {
        "type": "Point",
        "coordinates": [
          132.50381,
          33.076124
        ]
      },
      "tippecanoe": {
        "minzoom": 10
      }
    },
    {
      "type": "Feature",
      "properties": {
        "poi_id": "SNT_1_P0032",
        "route_id": "SNT_1",
        "source_post_id": 1,
        "name": "42 誘導標",
        "kind": "kml_poi",
        "content_id": null
      },
      "geometry": {
        "type": "Point",
        "coordinates": [
          132.504638,
          33.079921
        ]
      },
      "tippecanoe": {
        "minzoom": 10
      }
    },
    {
      "type": "Feature",
      "properties": {
        "poi_id": "SNT_1_P0033",
        "route_id": "SNT_1",
        "source_post_id": 1,
        "name": "43 指導標",
        "kind": "kml_poi",
        "content_id": null
      },
      "geometry": {
        "type": "Point",
        "coordinates": [
          132.505205,
          33.080142
        ]
      },
      "tippecanoe": {
        "minzoom": 10
      }
    },
    {
      "type": "Feature",
      "properties": {
        "poi_id": "SNT_1_P0034",
        "route_id": "SNT_1",
        "source_post_id": 1,
        "name": "44 誘導標",
        "kind": "kml_poi",
        "content_id": null
      },
      "geometry": {
        "type": "Point",
        "coordinates": [
          132.504514,
          33.08124
        ]
      },
      "tippecanoe": {
        "minzoom": 10
      }
    },
    {
      "type": "Feature",
      "properties": {
        "poi_id": "SNT_1_P0035",
        "route_id": "SNT_1",
        "source_post_id": 1,
        "name": "45 誘導標",
        "kind": "kml_poi",
        "content_id": null
      },
      "geometry": {
        "type": "Point",
        "coordinates": [
          132.50399,
          33.08173
        ]
      },
      "tippecanoe": {
        "minzoom": 10
      }
    },
    {
      "type": "Feature",
      "properties": {
        "poi_id": "SNT_1_P0036",
        "route_id": "SNT_1",
        "source_post_id": 1,
        "name": "46 指導標",
        "kind": "kml_poi",
        "content_id": null
      },
      "geometry": {
        "type": "Point",
        "coordinates": [
          132.505473,
          33.084404
        ]
      },
      "tippecanoe": {
        "minzoom": 10
      }
    },
    {
      "type": "Feature",
      "properties": {
        "poi_id": "SNT_1_P0037",
        "route_id": "SNT_1",
        "source_post_id": 1,
        "name": "47 誘導標",
        "kind": "kml_poi",
        "content_id": null
      },
      "geometry": {
        "type": "Point",
        "coordinates": [
          132.506607,
          33.084751
        ]
      },
      "tippecanoe": {
        "minzoom": 10
      }
    },
    {
      "type": "Feature",
      "properties": {
        "poi_id": "SNT_1_P0038",
        "route_id": "SNT_1",
        "source_post_id": 1,
        "name": "48 路傍サイン",
        "kind": "kml_poi",
        "content_id": null
      },
      "geometry": {
        "type": "Point",
        "coordinates": [
          132.507112,
          33.08501
        ]
      },
      "tippecanoe": {
        "minzoom": 10
      }
    },
    {
      "type": "Feature",
      "properties": {
        "poi_id": "SNT_1_P0039",
        "route_id": "SNT_1",
        "source_post_id": 1,
        "name": "清水大師(大師水)",
        "kind": "kml_poi",
        "content_id": null
      },
      "geometry": {
        "type": "Point",
        "coordinates": [
          132.5062336,
          33.0398017
        ]
      },
      "tippecanoe": {
        "minzoom": 10
      }
    },
    {
      "type": "Feature",
      "properties": {
        "poi_id": "SNT_1_P0040",
        "route_id": "SNT_1",
        "source_post_id": 1,
        "name": "03 誘導標位置",
        "kind": "kml_poi",
        "content_id": null
      },
      "geometry": {
        "type": "Point",
        "coordinates": [
          132.501617,
          33.019797
        ]
      },
      "tippecanoe": {
        "minzoom": 10
      }
    },
    {
      "type": "Feature",
      "properties": {
        "poi_id": "SNT_1_P0041",
        "route_id": "SNT_1",
        "source_post_id": 1,
        "name": "06 標識位置",
        "kind": "kml_poi",
        "content_id": null
      },
      "geometry": {
        "type": "Point",
        "coordinates": [
          132.502832,
          33.022778
        ]
      },
      "tippecanoe": {
        "minzoom": 10
      }
    },
    {
      "type": "Feature",
      "properties": {
        "poi_id": "SNT_119_P0001",
        "route_id": "SNT_119",
        "source_post_id": 119,
        "name": "01 務田駅",
        "kind": "kml_poi",
        "content_id": null
      },
      "geometry": {
        "type": "Point",
        "coordinates": [
          132.6002943,
          33.2828719
        ]
      },
      "tippecanoe": {
        "minzoom": 10
      }
    },
    {
      "type": "Feature",
      "properties": {
        "poi_id": "SNT_119_P0002",
        "route_id": "SNT_119",
        "source_post_id": 119,
        "name": "02 誘導標",
        "kind": "kml_poi",
        "content_id": null
      },
      "geometry": {
        "type": "Point",
        "coordinates": [
          132.5995289,
          33.2833713
        ]
      },
      "tippecanoe": {
        "minzoom": 10
      }
    },
    {
      "type": "Feature",
      "properties": {
        "poi_id": "SNT_119_P0003",
        "route_id": "SNT_119",
        "source_post_id": 119,
        "name": "04 指導標",
        "kind": "kml_poi",
        "content_id": null
      },
      "geometry": {
        "type": "Point",
        "coordinates": [
          132.5997066,
          33.2889985
        ]
      },
      "tippecanoe": {
        "minzoom": 10
      }
    },
    {
      "type": "Feature",
      "properties": {
        "poi_id": "SNT_119_P0004",
        "route_id": "SNT_119",
        "source_post_id": 119,
        "name": "05 遍路標識",
        "kind": "kml_poi",
        "content_id": null
      },
      "geometry": {
        "type": "Point",
        "coordinates": [
          132.5996402,
          33.2888735
        ]
      },
      "tippecanoe": {
        "minzoom": 10
      }
    },
    {
      "type": "Feature",
      "properties": {
        "poi_id": "SNT_119_P0005",
        "route_id": "SNT_119",
        "source_post_id": 119,
        "name": "06 路傍サイン",
        "kind": "kml_poi",
        "content_id": null
      },
      "geometry": {
        "type": "Point",
        "coordinates": [
          132.5993997,
          33.2894382
        ]
      },
      "tippecanoe": {
        "minzoom": 10
      }
    },
    {
      "type": "Feature",
      "properties": {
        "poi_id": "SNT_119_P0006",
        "route_id": "SNT_119",
        "source_post_id": 119,
        "name": "07 指導標",
        "kind": "kml_poi",
        "content_id": null
      },
      "geometry": {
        "type": "Point",
        "coordinates": [
          132.5995966,
          33.2926083
        ]
      },
      "tippecanoe": {
        "minzoom": 10
      }
    },
    {
      "type": "Feature",
      "properties": {
        "poi_id": "SNT_119_P0007",
        "route_id": "SNT_119",
        "source_post_id": 119,
        "name": "08 案内標識、指導標",
        "kind": "kml_poi",
        "content_id": null
      },
      "geometry": {
        "type": "Point",
        "coordinates": [
          132.600073,
          33.2942704
        ]
      },
      "tippecanoe": {
        "minzoom": 10
      }
    },
    {
      "type": "Feature",
      "properties": {
        "poi_id": "SNT_119_P0008",
        "route_id": "SNT_119",
        "source_post_id": 119,
        "name": "四国霊場第41番札所 龍光寺",
        "kind": "kml_poi",
        "content_id": null
      },
      "geometry": {
        "type": "Point",
        "coordinates": [
          132.598532,
          33.295244
        ]
      },
      "tippecanoe": {
        "minzoom": 10
      }
    },
    {
      "type": "Feature",
      "properties": {
        "poi_id": "SNT_119_P0009",
        "route_id": "SNT_119",
        "source_post_id": 119,
        "name": "10 指導標",
        "kind": "kml_poi",
        "content_id": null
      },
      "geometry": {
        "type": "Point",
        "coordinates": [
          132.6005535,
          33.2957151
        ]
      },
      "tippecanoe": {
        "minzoom": 10
      }
    },
    {
      "type": "Feature",
      "properties": {
        "poi_id": "SNT_119_P0010",
        "route_id": "SNT_119",
        "source_post_id": 119,
        "name": "11 指導標",
        "kind": "kml_poi",
        "content_id": null
      },
      "geometry": {
        "type": "Point",
        "coordinates": [
          132.602077,
          33.2994994
        ]
      },
      "tippecanoe": {
        "minzoom": 10
      }
    },
    {
      "type": "Feature",
      "properties": {
        "poi_id": "SNT_119_P0011",
        "route_id": "SNT_119",
        "source_post_id": 119,
        "name": "12 指導標",
        "kind": "kml_poi",
        "content_id": null
      },
      "geometry": {
        "type": "Point",
        "coordinates": [
          132.6022165,
          33.3041084
        ]
      },
      "tippecanoe": {
        "minzoom": 10
      }
    },
    {
      "type": "Feature",
      "properties": {
        "poi_id": "SNT_119_P0012",
        "route_id": "SNT_119",
        "source_post_id": 119,
        "name": "14 指導標",
        "kind": "kml_poi",
        "content_id": null
      },
      "geometry": {
        "type": "Point",
        "coordinates": [
          132.6004784,
          33.3042878
        ]
      },
      "tippecanoe": {
        "minzoom": 10
      }
    },
    {
      "type": "Feature",
      "properties": {
        "poi_id": "SNT_119_P0013",
        "route_id": "SNT_119",
        "source_post_id": 119,
        "name": "15 指導標",
        "kind": "kml_poi",
        "content_id": null
      },
      "geometry": {
        "type": "Point",
        "coordinates": [
          132.6002102,
          33.3049603
        ]
      },
      "tippecanoe": {
        "minzoom": 10
      }
    },
    {
      "type": "Feature",
      "properties": {
        "poi_id": "SNT_119_P0014",
        "route_id": "SNT_119",
        "source_post_id": 119,
        "name": "16 誘導標",
        "kind": "kml_poi",
        "content_id": null
      },
      "geometry": {
        "type": "Point",
        "coordinates": [
          132.5997059,
          33.3049962
        ]
      },
      "tippecanoe": {
        "minzoom": 10
      }
    },
    {
      "type": "Feature",
      "properties": {
        "poi_id": "SNT_119_P0015",
        "route_id": "SNT_119",
        "source_post_id": 119,
        "name": "17 路傍サイン",
        "kind": "kml_poi",
        "content_id": null
      },
      "geometry": {
        "type": "Point",
        "coordinates": [
          132.5993289,
          33.3048731
        ]
      },
      "tippecanoe": {
        "minzoom": 10
      }
    },
    {
      "type": "Feature",
      "properties": {
        "poi_id": "SNT_119_P0016",
        "route_id": "SNT_119",
        "source_post_id": 119,
        "name": "21 ベンチ、誘導標、解説版",
        "kind": "kml_poi",
        "content_id": null
      },
      "geometry": {
        "type": "Point",
        "coordinates": [
          132.5960252,
          33.305336
        ]
      },
      "tippecanoe": {
        "minzoom": 10
      }
    },
    {
      "type": "Feature",
      "properties": {
        "poi_id": "SNT_119_P0017",
        "route_id": "SNT_119",
        "source_post_id": 119,
        "name": "22 指導標",
        "kind": "kml_poi",
        "content_id": null
      },
      "geometry": {
        "type": "Point",
        "coordinates": [
          132.5947914,
          33.3055333
        ]
      },
      "tippecanoe": {
        "minzoom": 10
      }
    },
    {
      "type": "Feature",
      "properties": {
        "poi_id": "SNT_119_P0018",
        "route_id": "SNT_119",
        "source_post_id": 119,
        "name": "23 展望台、ベンチ",
        "kind": "kml_poi",
        "content_id": null
      },
      "geometry": {
        "type": "Point",
        "coordinates": [
          132.5970338,
          33.30360354
        ]
      },
      "tippecanoe": {
        "minzoom": 10
      }
    },
    {
      "type": "Feature",
      "properties": {
        "poi_id": "SNT_119_P0019",
        "route_id": "SNT_119",
        "source_post_id": 119,
        "name": "24 指導標、路傍サイン",
        "kind": "kml_poi",
        "content_id": null
      },
      "geometry": {
        "type": "Point",
        "coordinates": [
          132.592914,
          33.307329
        ]
      },
      "tippecanoe": {
        "minzoom": 10
      }
    },
    {
      "type": "Feature",
      "properties": {
        "poi_id": "SNT_119_P0020",
        "route_id": "SNT_119",
        "source_post_id": 119,
        "name": "25 指導標",
        "kind": "kml_poi",
        "content_id": null
      },
      "geometry": {
        "type": "Point",
        "coordinates": [
          132.5920341,
          33.3069321
        ]
      },
      "tippecanoe": {
        "minzoom": 10
      }
    },
    {
      "type": "Feature",
      "properties": {
        "poi_id": "SNT_119_P0021",
        "route_id": "SNT_119",
        "source_post_id": 119,
        "name": "26 指導標",
        "kind": "kml_poi",
        "content_id": null
      },
      "geometry": {
        "type": "Point",
        "coordinates": [
          132.5929675,
          33.3092903
        ]
      },
      "tippecanoe": {
        "minzoom": 10
      }
    },
    {
      "type": "Feature",
      "properties": {
        "poi_id": "SNT_119_P0022",
        "route_id": "SNT_119",
        "source_post_id": 119,
        "name": "27 誘導標",
        "kind": "kml_poi",
        "content_id": null
      },
      "geometry": {
        "type": "Point",
        "coordinates": [
          132.5913904,
          33.3094875
        ]
      },
      "tippecanoe": {
        "minzoom": 10
      }
    },
    {
      "type": "Feature",
      "properties": {
        "poi_id": "SNT_119_P0023",
        "route_id": "SNT_119",
        "source_post_id": 119,
        "name": "28 指導標",
        "kind": "kml_poi",
        "content_id": null
      },
      "geometry": {
        "type": "Point",
        "coordinates": [
          132.5900064,
          33.3100524
        ]
      },
      "tippecanoe": {
        "minzoom": 10
      }
    },
    {
      "type": "Feature",
      "properties": {
        "poi_id": "SNT_119_P0024",
        "route_id": "SNT_119",
        "source_post_id": 119,
        "name": "29 指導標",
        "kind": "kml_poi",
        "content_id": null
      },
      "geometry": {
        "type": "Point",
        "coordinates": [
          132.588279,
          33.3101241
        ]
      },
      "tippecanoe": {
        "minzoom": 10
      }
    },
    {
      "type": "Feature",
      "properties": {
        "poi_id": "SNT_119_P0025",
        "route_id": "SNT_119",
        "source_post_id": 119,
        "name": "30 指導標",
        "kind": "kml_poi",
        "content_id": null
      },
      "geometry": {
        "type": "Point",
        "coordinates": [
          132.5877319,
          33.3107338
        ]
      },
      "tippecanoe": {
        "minzoom": 10
      }
    },
    {
      "type": "Feature",
      "properties": {
        "poi_id": "SNT_119_P0026",
        "route_id": "SNT_119",
        "source_post_id": 119,
        "name": "31 指導標",
        "kind": "kml_poi",
        "content_id": null
      },
      "geometry": {
        "type": "Point",
        "coordinates": [
          132.5867019,
          33.3074611
        ]
      },
      "tippecanoe": {
        "minzoom": 10
      }
    },
    {
      "type": "Feature",
      "properties": {
        "poi_id": "SNT_119_P0027",
        "route_id": "SNT_119",
        "source_post_id": 119,
        "name": "32 指導標",
        "kind": "kml_poi",
        "content_id": null
      },
      "geometry": {
        "type": "Point",
        "coordinates": [
          132.5844703,
          33.3077391
        ]
      },
      "tippecanoe": {
        "minzoom": 10
      }
    },
    {
      "type": "Feature",
      "properties": {
        "poi_id": "SNT_119_P0028",
        "route_id": "SNT_119",
        "source_post_id": 119,
        "name": "33 指導標",
        "kind": "kml_poi",
        "content_id": null
      },
      "geometry": {
        "type": "Point",
        "coordinates": [
          132.5816057,
          33.3096758
        ]
      },
      "tippecanoe": {
        "minzoom": 10
      }
    },
    {
      "type": "Feature",
      "properties": {
        "poi_id": "SNT_119_P0029",
        "route_id": "SNT_119",
        "source_post_id": 119,
        "name": "34 佛木寺、路傍サイン、解説版",
        "kind": "kml_poi",
        "content_id": null
      },
      "geometry": {
        "type": "Point",
        "coordinates": [
          132.581434,
          33.3103572
        ]
      },
      "tippecanoe": {
        "minzoom": 10
      }
    },
    {
      "type": "Feature",
      "properties": {
        "poi_id": "SNT_119_P0030",
        "route_id": "SNT_119",
        "source_post_id": 119,
        "name": "35 指導標",
        "kind": "kml_poi",
        "content_id": null
      },
      "geometry": {
        "type": "Point",
        "coordinates": [
          132.5811897,
          33.3102938
        ]
      },
      "tippecanoe": {
        "minzoom": 10
      }
    },
    {
      "type": "Feature",
      "properties": {
        "poi_id": "SNT_119_P0031",
        "route_id": "SNT_119",
        "source_post_id": 119,
        "name": "36 指導標",
        "kind": "kml_poi",
        "content_id": null
      },
      "geometry": {
        "type": "Point",
        "coordinates": [
          132.5793109,
          33.3100947
        ]
      },
      "tippecanoe": {
        "minzoom": 10
      }
    },
    {
      "type": "Feature",
      "properties": {
        "poi_id": "SNT_119_P0032",
        "route_id": "SNT_119",
        "source_post_id": 119,
        "name": "37 誘導標",
        "kind": "kml_poi",
        "content_id": null
      },
      "geometry": {
        "type": "Point",
        "coordinates": [
          132.5784192,
          33.3120429
        ]
      },
      "tippecanoe": {
        "minzoom": 10
      }
    },
    {
      "type": "Feature",
      "properties": {
        "poi_id": "SNT_119_P0033",
        "route_id": "SNT_119",
        "source_post_id": 119,
        "name": "39 指導標、路傍サイン",
        "kind": "kml_poi",
        "content_id": null
      },
      "geometry": {
        "type": "Point",
        "coordinates": [
          132.5722394,
          33.3162658
        ]
      },
      "tippecanoe": {
        "minzoom": 10
      }
    },
    {
      "type": "Feature",
      "properties": {
        "poi_id": "SNT_119_P0034",
        "route_id": "SNT_119",
        "source_post_id": 119,
        "name": "40 路肩注意",
        "kind": "kml_poi",
        "content_id": null
      },
      "geometry": {
        "type": "Point",
        "coordinates": [
          132.5724111,
          33.3176913
        ]
      },
      "tippecanoe": {
        "minzoom": 10
      }
    },
    {
      "type": "Feature",
      "properties": {
        "poi_id": "SNT_119_P0035",
        "route_id": "SNT_119",
        "source_post_id": 119,
        "name": "43 指導標",
        "kind": "kml_poi",
        "content_id": null
      },
      "geometry": {
        "type": "Point",
        "coordinates": [
          132.5704048,
          33.3206588
        ]
      },
      "tippecanoe": {
        "minzoom": 10
      }
    },
    {
      "type": "Feature",
      "properties": {
        "poi_id": "SNT_119_P0036",
        "route_id": "SNT_119",
        "source_post_id": 119,
        "name": "44 歯長峠休憩所",
        "kind": "kml_poi",
        "content_id": null
      },
      "geometry": {
        "type": "Point",
        "coordinates": [
          132.5681299,
          33.3219049
        ]
      },
      "tippecanoe": {
        "minzoom": 10
      }
    },
    {
      "type": "Feature",
      "properties": {
        "poi_id": "SNT_119_P0037",
        "route_id": "SNT_119",
        "source_post_id": 119,
        "name": "45 終点　案内看板",
        "kind": "kml_poi",
        "content_id": null
      },
      "geometry": {
        "type": "Point",
        "coordinates": [
          132.5654477,
          33.3245137
        ]
      },
      "tippecanoe": {
        "minzoom": 10
      }
    },
    {
      "type": "Feature",
      "properties": {
        "poi_id": "SNT_119_P0038",
        "route_id": "SNT_119",
        "source_post_id": 119,
        "name": "中山池自然公園",
        "kind": "kml_poi",
        "content_id": null
      },
      "geometry": {
        "type": "Point",
        "coordinates": [
          132.597119,
          33.3083897
        ]
      },
      "tippecanoe": {
        "minzoom": 10
      }
    },
    {
      "type": "Feature",
      "properties": {
        "poi_id": "SNT_119_P0039",
        "route_id": "SNT_119",
        "source_post_id": 119,
        "name": "歯長峠",
        "kind": "tourism_spot",
        "content_id": "SNT_119_S005"
      },
      "geometry": {
        "type": "Point",
        "coordinates": [
          132.5637647,
          33.3284147
        ]
      },
      "tippecanoe": {
        "minzoom": 10
      }
    },
    {
      "type": "Feature",
      "properties": {
        "poi_id": "SNT_119_P0040",
        "route_id": "SNT_119",
        "source_post_id": 119,
        "name": "38 指導標",
        "kind": "kml_poi",
        "content_id": null
      },
      "geometry": {
        "type": "Point",
        "coordinates": [
          132.5773356,
          33.3152885
        ]
      },
      "tippecanoe": {
        "minzoom": 10
      }
    },
    {
      "type": "Feature",
      "properties": {
        "poi_id": "SNT_5511_P0001",
        "route_id": "SNT_5511",
        "source_post_id": 5511,
        "name": "起点　歯長峠",
        "kind": "tourism_spot",
        "content_id": "SNT_5511_S001"
      },
      "geometry": {
        "type": "Point",
        "coordinates": [
          132.565264,
          33.324408
        ]
      },
      "tippecanoe": {
        "minzoom": 10
      }
    },
    {
      "type": "Feature",
      "properties": {
        "poi_id": "SNT_5511_P0002",
        "route_id": "SNT_5511",
        "source_post_id": 5511,
        "name": "高森山休憩地",
        "kind": "tourism_spot",
        "content_id": "SNT_5511_S002"
      },
      "geometry": {
        "type": "Point",
        "coordinates": [
          132.5416104,
          33.3270959
        ]
      },
      "tippecanoe": {
        "minzoom": 10
      }
    },
    {
      "type": "Feature",
      "properties": {
        "poi_id": "SNT_5511_P0003",
        "route_id": "SNT_5511",
        "source_post_id": 5511,
        "name": "法華津峠展望台",
        "kind": "kml_poi",
        "content_id": null
      },
      "geometry": {
        "type": "Point",
        "coordinates": [
          132.5269859,
          33.3353102
        ]
      },
      "tippecanoe": {
        "minzoom": 10
      }
    },
    {
      "type": "Feature",
      "properties": {
        "poi_id": "SNT_5511_P0004",
        "route_id": "SNT_5511",
        "source_post_id": 5511,
        "name": "法華津峠休憩地",
        "kind": "tourism_spot",
        "content_id": "SNT_5511_S004"
      },
      "geometry": {
        "type": "Point",
        "coordinates": [
          132.5270066,
          33.3357897
        ]
      },
      "tippecanoe": {
        "minzoom": 10
      }
    },
    {
      "type": "Feature",
      "properties": {
        "poi_id": "SNT_5511_P0005",
        "route_id": "SNT_5511",
        "source_post_id": 5511,
        "name": "野福峠休憩地",
        "kind": "tourism_spot",
        "content_id": "SNT_5511_S005"
      },
      "geometry": {
        "type": "Point",
        "coordinates": [
          132.5150648,
          33.3352488
        ]
      },
      "tippecanoe": {
        "minzoom": 10
      }
    },
    {
      "type": "Feature",
      "properties": {
        "poi_id": "SNT_5511_P0006",
        "route_id": "SNT_5511",
        "source_post_id": 5511,
        "name": "終点　案内板",
        "kind": "tourism_spot",
        "content_id": "SNT_5511_S006"
      },
      "geometry": {
        "type": "Point",
        "coordinates": [
          132.5070537,
          33.3291778
        ]
      },
      "tippecanoe": {
        "minzoom": 10
      }
    },
    {
      "type": "Feature",
      "properties": {
        "poi_id": "SNT_137_P0001",
        "route_id": "SNT_137",
        "source_post_id": 137,
        "name": "四国霊場第４３番札所 明石寺",
        "kind": "kml_poi",
        "content_id": null
      },
      "geometry": {
        "type": "Point",
        "coordinates": [
          132.5189721,
          33.3692221
        ]
      },
      "tippecanoe": {
        "minzoom": 10
      }
    },
    {
      "type": "Feature",
      "properties": {
        "poi_id": "SNT_137_P0002",
        "route_id": "SNT_137",
        "source_post_id": 137,
        "name": "愛媛県歴史文化博物館",
        "kind": "tourism_spot",
        "content_id": "SNT_137_S004"
      },
      "geometry": {
        "type": "Point",
        "coordinates": [
          132.5180556,
          33.3638889
        ]
      },
      "tippecanoe": {
        "minzoom": 10
      }
    },
    {
      "type": "Feature",
      "properties": {
        "poi_id": "SNT_137_P0003",
        "route_id": "SNT_137",
        "source_post_id": 137,
        "name": "宇和米博物館",
        "kind": "kml_poi",
        "content_id": null
      },
      "geometry": {
        "type": "Point",
        "coordinates": [
          132.512131,
          33.368051
        ]
      },
      "tippecanoe": {
        "minzoom": 10
      }
    },
    {
      "type": "Feature",
      "properties": {
        "poi_id": "SNT_137_P0004",
        "route_id": "SNT_137",
        "source_post_id": 137,
        "name": "開明学校",
        "kind": "tourism_spot",
        "content_id": "SNT_137_S005"
      },
      "geometry": {
        "type": "Point",
        "coordinates": [
          132.513609,
          33.364256
        ]
      },
      "tippecanoe": {
        "minzoom": 10
      }
    },
    {
      "type": "Feature",
      "properties": {
        "poi_id": "SNT_137_P0005",
        "route_id": "SNT_137",
        "source_post_id": 137,
        "name": "高野長英の隠家",
        "kind": "kml_poi",
        "content_id": null
      },
      "geometry": {
        "type": "Point",
        "coordinates": [
          132.5144225,
          33.3626133
        ]
      },
      "tippecanoe": {
        "minzoom": 10
      }
    },
    {
      "type": "Feature",
      "properties": {
        "poi_id": "SNT_137_P0006",
        "route_id": "SNT_137",
        "source_post_id": 137,
        "name": "二宮敬作住居跡 女医イネ発祥の地",
        "kind": "tourism_spot",
        "content_id": "SNT_137_S008"
      },
      "geometry": {
        "type": "Point",
        "coordinates": [
          132.51462,
          33.3624452
        ]
      },
      "tippecanoe": {
        "minzoom": 10
      }
    },
    {
      "type": "Feature",
      "properties": {
        "poi_id": "SNT_137_P0007",
        "route_id": "SNT_137",
        "source_post_id": 137,
        "name": "宇和民具館",
        "kind": "tourism_spot",
        "content_id": "SNT_137_S006"
      },
      "geometry": {
        "type": "Point",
        "coordinates": [
          132.513756,
          33.363748
        ]
      },
      "tippecanoe": {
        "minzoom": 10
      }
    },
    {
      "type": "Feature",
      "properties": {
        "poi_id": "SNT_137_P0008",
        "route_id": "SNT_137",
        "source_post_id": 137,
        "name": "01 案内標識、指導標",
        "kind": "kml_poi",
        "content_id": null
      },
      "geometry": {
        "type": "Point",
        "coordinates": [
          132.5651454,
          33.324866
        ]
      },
      "tippecanoe": {
        "minzoom": 10
      }
    },
    {
      "type": "Feature",
      "properties": {
        "poi_id": "SNT_137_P0009",
        "route_id": "SNT_137",
        "source_post_id": 137,
        "name": "02 歯長峠トンネル休憩地",
        "kind": "kml_poi",
        "content_id": null
      },
      "geometry": {
        "type": "Point",
        "coordinates": [
          132.5637647,
          33.3284147
        ]
      },
      "tippecanoe": {
        "minzoom": 10
      }
    },
    {
      "type": "Feature",
      "properties": {
        "poi_id": "SNT_137_P0010",
        "route_id": "SNT_137",
        "source_post_id": 137,
        "name": "03 ベンチ、路傍サイン、指導標",
        "kind": "kml_poi",
        "content_id": null
      },
      "geometry": {
        "type": "Point",
        "coordinates": [
          132.5606248,
          33.3337333
        ]
      },
      "tippecanoe": {
        "minzoom": 10
      }
    },
    {
      "type": "Feature",
      "properties": {
        "poi_id": "SNT_137_P0011",
        "route_id": "SNT_137",
        "source_post_id": 137,
        "name": "04 指導標",
        "kind": "kml_poi",
        "content_id": null
      },
      "geometry": {
        "type": "Point",
        "coordinates": [
          132.5578735,
          33.3361693
        ]
      },
      "tippecanoe": {
        "minzoom": 10
      }
    },
    {
      "type": "Feature",
      "properties": {
        "poi_id": "SNT_137_P0012",
        "route_id": "SNT_137",
        "source_post_id": 137,
        "name": "05 歯長橋休憩地",
        "kind": "kml_poi",
        "content_id": null
      },
      "geometry": {
        "type": "Point",
        "coordinates": [
          132.5577364,
          33.3381379
        ]
      },
      "tippecanoe": {
        "minzoom": 10
      }
    },
    {
      "type": "Feature",
      "properties": {
        "poi_id": "SNT_137_P0013",
        "route_id": "SNT_137",
        "source_post_id": 137,
        "name": "06 指導標",
        "kind": "kml_poi",
        "content_id": null
      },
      "geometry": {
        "type": "Point",
        "coordinates": [
          132.5584529,
          33.3392706
        ]
      },
      "tippecanoe": {
        "minzoom": 10
      }
    },
    {
      "type": "Feature",
      "properties": {
        "poi_id": "SNT_137_P0014",
        "route_id": "SNT_137",
        "source_post_id": 137,
        "name": "07 指導標",
        "kind": "kml_poi",
        "content_id": null
      },
      "geometry": {
        "type": "Point",
        "coordinates": [
          132.5548158,
          33.3413052
        ]
      },
      "tippecanoe": {
        "minzoom": 10
      }
    },
    {
      "type": "Feature",
      "properties": {
        "poi_id": "SNT_137_P0015",
        "route_id": "SNT_137",
        "source_post_id": 137,
        "name": "08 指導標",
        "kind": "kml_poi",
        "content_id": null
      },
      "geometry": {
        "type": "Point",
        "coordinates": [
          132.5511358,
          33.3427572
        ]
      },
      "tippecanoe": {
        "minzoom": 10
      }
    },
    {
      "type": "Feature",
      "properties": {
        "poi_id": "SNT_137_P0016",
        "route_id": "SNT_137",
        "source_post_id": 137,
        "name": "09 指導標、路傍サイン",
        "kind": "kml_poi",
        "content_id": null
      },
      "geometry": {
        "type": "Point",
        "coordinates": [
          132.5441594,
          33.343828
        ]
      },
      "tippecanoe": {
        "minzoom": 10
      }
    },
    {
      "type": "Feature",
      "properties": {
        "poi_id": "SNT_137_P0017",
        "route_id": "SNT_137",
        "source_post_id": 137,
        "name": "10 指導標",
        "kind": "kml_poi",
        "content_id": null
      },
      "geometry": {
        "type": "Point",
        "coordinates": [
          132.5384456,
          33.3454119
        ]
      },
      "tippecanoe": {
        "minzoom": 10
      }
    },
    {
      "type": "Feature",
      "properties": {
        "poi_id": "SNT_137_P0018",
        "route_id": "SNT_137",
        "source_post_id": 137,
        "name": "11 指導標",
        "kind": "kml_poi",
        "content_id": null
      },
      "geometry": {
        "type": "Point",
        "coordinates": [
          132.5344085,
          33.3497443
        ]
      },
      "tippecanoe": {
        "minzoom": 10
      }
    },
    {
      "type": "Feature",
      "properties": {
        "poi_id": "SNT_137_P0019",
        "route_id": "SNT_137",
        "source_post_id": 137,
        "name": "12 指導標、ベンチ",
        "kind": "kml_poi",
        "content_id": null
      },
      "geometry": {
        "type": "Point",
        "coordinates": [
          132.5337326,
          33.3511693
        ]
      },
      "tippecanoe": {
        "minzoom": 10
      }
    },
    {
      "type": "Feature",
      "properties": {
        "poi_id": "SNT_137_P0020",
        "route_id": "SNT_137",
        "source_post_id": 137,
        "name": "13 指導標",
        "kind": "kml_poi",
        "content_id": null
      },
      "geometry": {
        "type": "Point",
        "coordinates": [
          132.5302651,
          33.3547599
        ]
      },
      "tippecanoe": {
        "minzoom": 10
      }
    },
    {
      "type": "Feature",
      "properties": {
        "poi_id": "SNT_137_P0021",
        "route_id": "SNT_137",
        "source_post_id": 137,
        "name": "14 誘導標",
        "kind": "kml_poi",
        "content_id": null
      },
      "geometry": {
        "type": "Point",
        "coordinates": [
          132.5267283,
          33.3590913
        ]
      },
      "tippecanoe": {
        "minzoom": 10
      }
    },
    {
      "type": "Feature",
      "properties": {
        "poi_id": "SNT_137_P0022",
        "route_id": "SNT_137",
        "source_post_id": 137,
        "name": "15 誘導標",
        "kind": "kml_poi",
        "content_id": null
      },
      "geometry": {
        "type": "Point",
        "coordinates": [
          132.5233018,
          33.3592498
        ]
      },
      "tippecanoe": {
        "minzoom": 10
      }
    },
    {
      "type": "Feature",
      "properties": {
        "poi_id": "SNT_137_P0023",
        "route_id": "SNT_137",
        "source_post_id": 137,
        "name": "16 誘導標",
        "kind": "kml_poi",
        "content_id": null
      },
      "geometry": {
        "type": "Point",
        "coordinates": [
          132.52202978,
          33.3605312
        ]
      },
      "tippecanoe": {
        "minzoom": 10
      }
    },
    {
      "type": "Feature",
      "properties": {
        "poi_id": "SNT_137_P0024",
        "route_id": "SNT_137",
        "source_post_id": 137,
        "name": "17 誘導標、解説版、路傍サイン",
        "kind": "kml_poi",
        "content_id": null
      },
      "geometry": {
        "type": "Point",
        "coordinates": [
          132.5213039,
          33.3620692
        ]
      },
      "tippecanoe": {
        "minzoom": 10
      }
    },
    {
      "type": "Feature",
      "properties": {
        "poi_id": "SNT_137_P0025",
        "route_id": "SNT_137",
        "source_post_id": 137,
        "name": "18 指導標",
        "kind": "kml_poi",
        "content_id": null
      },
      "geometry": {
        "type": "Point",
        "coordinates": [
          132.522012,
          33.3636552
        ]
      },
      "tippecanoe": {
        "minzoom": 10
      }
    },
    {
      "type": "Feature",
      "properties": {
        "poi_id": "SNT_137_P0026",
        "route_id": "SNT_137",
        "source_post_id": 137,
        "name": "19 指導標",
        "kind": "kml_poi",
        "content_id": null
      },
      "geometry": {
        "type": "Point",
        "coordinates": [
          132.5214649,
          33.3638255
        ]
      },
      "tippecanoe": {
        "minzoom": 10
      }
    },
    {
      "type": "Feature",
      "properties": {
        "poi_id": "SNT_137_P0027",
        "route_id": "SNT_137",
        "source_post_id": 137,
        "name": "20 指導標",
        "kind": "kml_poi",
        "content_id": null
      },
      "geometry": {
        "type": "Point",
        "coordinates": [
          132.522409,
          33.3667566
        ]
      },
      "tippecanoe": {
        "minzoom": 10
      }
    },
    {
      "type": "Feature",
      "properties": {
        "poi_id": "SNT_137_P0028",
        "route_id": "SNT_137",
        "source_post_id": 137,
        "name": "21 指導標",
        "kind": "kml_poi",
        "content_id": null
      },
      "geometry": {
        "type": "Point",
        "coordinates": [
          132.5226665,
          33.3681355
        ]
      },
      "tippecanoe": {
        "minzoom": 10
      }
    },
    {
      "type": "Feature",
      "properties": {
        "poi_id": "SNT_137_P0029",
        "route_id": "SNT_137",
        "source_post_id": 137,
        "name": "22 指導標、解説版、路傍サイン",
        "kind": "kml_poi",
        "content_id": null
      },
      "geometry": {
        "type": "Point",
        "coordinates": [
          132.5190509,
          33.3688612
        ]
      },
      "tippecanoe": {
        "minzoom": 10
      }
    },
    {
      "type": "Feature",
      "properties": {
        "poi_id": "SNT_137_P0030",
        "route_id": "SNT_137",
        "source_post_id": 137,
        "name": "23 指導標",
        "kind": "kml_poi",
        "content_id": null
      },
      "geometry": {
        "type": "Point",
        "coordinates": [
          132.5165574,
          33.3649565
        ]
      },
      "tippecanoe": {
        "minzoom": 10
      }
    },
    {
      "type": "Feature",
      "properties": {
        "poi_id": "SNT_137_P0031",
        "route_id": "SNT_137",
        "source_post_id": 137,
        "name": "24 指導標",
        "kind": "kml_poi",
        "content_id": null
      },
      "geometry": {
        "type": "Point",
        "coordinates": [
          132.5155489,
          33.3637289
        ]
      },
      "tippecanoe": {
        "minzoom": 10
      }
    },
    {
      "type": "Feature",
      "properties": {
        "poi_id": "SNT_137_P0032",
        "route_id": "SNT_137",
        "source_post_id": 137,
        "name": "25 銘板、風景",
        "kind": "kml_poi",
        "content_id": null
      },
      "geometry": {
        "type": "Point",
        "coordinates": [
          132.5151949,
          33.3630031
        ]
      },
      "tippecanoe": {
        "minzoom": 10
      }
    },
    {
      "type": "Feature",
      "properties": {
        "poi_id": "SNT_137_P0033",
        "route_id": "SNT_137",
        "source_post_id": 137,
        "name": "26 誘導標",
        "kind": "kml_poi",
        "content_id": null
      },
      "geometry": {
        "type": "Point",
        "coordinates": [
          132.513172,
          33.3638014
        ]
      },
      "tippecanoe": {
        "minzoom": 10
      }
    },
    {
      "type": "Feature",
      "properties": {
        "poi_id": "SNT_137_P0034",
        "route_id": "SNT_137",
        "source_post_id": 137,
        "name": "27 誘導標",
        "kind": "kml_poi",
        "content_id": null
      },
      "geometry": {
        "type": "Point",
        "coordinates": [
          132.5110535,
          33.3652163
        ]
      },
      "tippecanoe": {
        "minzoom": 10
      }
    },
    {
      "type": "Feature",
      "properties": {
        "poi_id": "SNT_137_P0035",
        "route_id": "SNT_137",
        "source_post_id": 137,
        "name": "28 誘導標",
        "kind": "kml_poi",
        "content_id": null
      },
      "geometry": {
        "type": "Point",
        "coordinates": [
          132.5086567,
          33.3683419
        ]
      },
      "tippecanoe": {
        "minzoom": 10
      }
    },
    {
      "type": "Feature",
      "properties": {
        "poi_id": "SNT_137_P0036",
        "route_id": "SNT_137",
        "source_post_id": 137,
        "name": "29 指導標",
        "kind": "kml_poi",
        "content_id": null
      },
      "geometry": {
        "type": "Point",
        "coordinates": [
          132.5077866,
          33.3723537
        ]
      },
      "tippecanoe": {
        "minzoom": 10
      }
    },
    {
      "type": "Feature",
      "properties": {
        "poi_id": "SNT_137_P0037",
        "route_id": "SNT_137",
        "source_post_id": 137,
        "name": "30 指導標、路傍サイン",
        "kind": "kml_poi",
        "content_id": null
      },
      "geometry": {
        "type": "Point",
        "coordinates": [
          132.505319,
          33.374952
        ]
      },
      "tippecanoe": {
        "minzoom": 10
      }
    },
    {
      "type": "Feature",
      "properties": {
        "poi_id": "SNT_137_P0038",
        "route_id": "SNT_137",
        "source_post_id": 137,
        "name": "31 指導標",
        "kind": "kml_poi",
        "content_id": null
      },
      "geometry": {
        "type": "Point",
        "coordinates": [
          132.5030552,
          33.377362
        ]
      },
      "tippecanoe": {
        "minzoom": 10
      }
    },
    {
      "type": "Feature",
      "properties": {
        "poi_id": "SNT_137_P0039",
        "route_id": "SNT_137",
        "source_post_id": 137,
        "name": "32 案内標識、指導標",
        "kind": "kml_poi",
        "content_id": null
      },
      "geometry": {
        "type": "Point",
        "coordinates": [
          132.5022505,
          33.3799423
        ]
      },
      "tippecanoe": {
        "minzoom": 10
      }
    },
    {
      "type": "Feature",
      "properties": {
        "poi_id": "SNT_3840_P0001",
        "route_id": "SNT_3840",
        "source_post_id": 3840,
        "name": "上宇和駅（きてん　かみうわえき）",
        "kind": "kml_poi",
        "content_id": null
      },
      "geometry": {
        "type": "Point",
        "coordinates": [
          132.501545,
          33.380035
        ]
      },
      "tippecanoe": {
        "minzoom": 10
      }
    },
    {
      "type": "Feature",
      "properties": {
        "poi_id": "SNT_3840_P0002",
        "route_id": "SNT_3840",
        "source_post_id": 3840,
        "name": "カントリーエレベーター",
        "kind": "tourism_spot",
        "content_id": "SNT_3840_S002"
      },
      "geometry": {
        "type": "Point",
        "coordinates": [
          132.5018448,
          33.3941672
        ]
      },
      "tippecanoe": {
        "minzoom": 10
      }
    },
    {
      "type": "Feature",
      "properties": {
        "poi_id": "SNT_3840_P0003",
        "route_id": "SNT_3840",
        "source_post_id": 3840,
        "name": "関地池",
        "kind": "tourism_spot",
        "content_id": "SNT_3840_S003"
      },
      "geometry": {
        "type": "Point",
        "coordinates": [
          132.520996,
          33.4334881
        ]
      },
      "tippecanoe": {
        "minzoom": 10
      }
    },
    {
      "type": "Feature",
      "properties": {
        "poi_id": "SNT_3840_P0004",
        "route_id": "SNT_3840",
        "source_post_id": 3840,
        "name": "お遍路さん休憩所",
        "kind": "tourism_spot",
        "content_id": "SNT_3840_S004"
      },
      "geometry": {
        "type": "Point",
        "coordinates": [
          132.5183923,
          33.4396293
        ]
      },
      "tippecanoe": {
        "minzoom": 10
      }
    },
    {
      "type": "Feature",
      "properties": {
        "poi_id": "SNT_3840_P0005",
        "route_id": "SNT_3840",
        "source_post_id": 3840,
        "name": "大洲藩鳥坂口留番所跡",
        "kind": "tourism_spot",
        "content_id": "SNT_3840_S005"
      },
      "geometry": {
        "type": "Point",
        "coordinates": [
          132.5210504,
          33.4448248
        ]
      },
      "tippecanoe": {
        "minzoom": 10
      }
    },
    {
      "type": "Feature",
      "properties": {
        "poi_id": "SNT_3840_P0006",
        "route_id": "SNT_3840",
        "source_post_id": 3840,
        "name": "鳥坂峠",
        "kind": "tourism_spot",
        "content_id": "SNT_3840_S006"
      },
      "geometry": {
        "type": "Point",
        "coordinates": [
          132.524308,
          33.449871
        ]
      },
      "tippecanoe": {
        "minzoom": 10
      }
    },
    {
      "type": "Feature",
      "properties": {
        "poi_id": "SNT_3840_P0007",
        "route_id": "SNT_3840",
        "source_post_id": 3840,
        "name": "日天社（にちてんしゃ）",
        "kind": "kml_poi",
        "content_id": null
      },
      "geometry": {
        "type": "Point",
        "coordinates": [
          132.5290737,
          33.4527042
        ]
      },
      "tippecanoe": {
        "minzoom": 10
      }
    },
    {
      "type": "Feature",
      "properties": {
        "poi_id": "SNT_3840_P0008",
        "route_id": "SNT_3840",
        "source_post_id": 3840,
        "name": "終点　鳥坂トンネルバス停",
        "kind": "tourism_spot",
        "content_id": "SNT_3840_S008"
      },
      "geometry": {
        "type": "Point",
        "coordinates": [
          132.5323285,
          33.4532793
        ]
      },
      "tippecanoe": {
        "minzoom": 10
      }
    },
    {
      "type": "Feature",
      "properties": {
        "poi_id": "SNT_2674_P0001",
        "route_id": "SNT_2674",
        "source_post_id": 2674,
        "name": "少彦名温泉　大洲「臥龍の湯」",
        "kind": "kml_poi",
        "content_id": null
      },
      "geometry": {
        "type": "Point",
        "coordinates": [
          132.5494638,
          33.5031861
        ]
      },
      "tippecanoe": {
        "minzoom": 10
      }
    },
    {
      "type": "Feature",
      "properties": {
        "poi_id": "SNT_2674_P0002",
        "route_id": "SNT_2674",
        "source_post_id": 2674,
        "name": "肱川休憩所[案内板]",
        "kind": "kml_poi",
        "content_id": null
      },
      "geometry": {
        "type": "Point",
        "coordinates": [
          132.5531447,
          33.5068672
        ]
      },
      "tippecanoe": {
        "minzoom": 10
      }
    },
    {
      "type": "Feature",
      "properties": {
        "poi_id": "SNT_2674_P0003",
        "route_id": "SNT_2674",
        "source_post_id": 2674,
        "name": "臥龍山荘",
        "kind": "kml_poi",
        "content_id": null
      },
      "geometry": {
        "type": "Point",
        "coordinates": [
          132.5501004,
          33.5063015
        ]
      },
      "tippecanoe": {
        "minzoom": 10
      }
    },
    {
      "type": "Feature",
      "properties": {
        "poi_id": "SNT_2674_P0004",
        "route_id": "SNT_2674",
        "source_post_id": 2674,
        "name": "大洲城",
        "kind": "kml_poi",
        "content_id": null
      },
      "geometry": {
        "type": "Point",
        "coordinates": [
          132.5411033,
          33.5098797
        ]
      },
      "tippecanoe": {
        "minzoom": 10
      }
    },
    {
      "type": "Feature",
      "properties": {
        "poi_id": "SNT_2674_P0005",
        "route_id": "SNT_2674",
        "source_post_id": 2674,
        "name": "十夜ヶ橋",
        "kind": "kml_poi",
        "content_id": null
      },
      "geometry": {
        "type": "Point",
        "coordinates": [
          132.5754403,
          33.5317583
        ]
      },
      "tippecanoe": {
        "minzoom": 10
      }
    },
    {
      "type": "Feature",
      "properties": {
        "poi_id": "SNT_2674_P0006",
        "route_id": "SNT_2674",
        "source_post_id": 2674,
        "name": "矢落川と松山自動車道",
        "kind": "kml_poi",
        "content_id": null
      },
      "geometry": {
        "type": "Point",
        "coordinates": [
          132.5798858,
          33.5350505
        ]
      },
      "tippecanoe": {
        "minzoom": 10
      }
    },
    {
      "type": "Feature",
      "properties": {
        "poi_id": "SNT_2674_P0007",
        "route_id": "SNT_2674",
        "source_post_id": 2674,
        "name": "新谷",
        "kind": "kml_poi",
        "content_id": null
      },
      "geometry": {
        "type": "Point",
        "coordinates": [
          132.5983166,
          33.5390069
        ]
      },
      "tippecanoe": {
        "minzoom": 10
      }
    },
    {
      "type": "Feature",
      "properties": {
        "poi_id": "SNT_2678_P0001",
        "route_id": "SNT_2678",
        "source_post_id": 2678,
        "name": "内子運動公園",
        "kind": "kml_poi",
        "content_id": null
      },
      "geometry": {
        "type": "Point",
        "coordinates": [
          132.6417645,
          33.5490091
        ]
      },
      "tippecanoe": {
        "minzoom": 10
      }
    },
    {
      "type": "Feature",
      "properties": {
        "poi_id": "SNT_2678_P0002",
        "route_id": "SNT_2678",
        "source_post_id": 2678,
        "name": "内子座",
        "kind": "kml_poi",
        "content_id": null
      },
      "geometry": {
        "type": "Point",
        "coordinates": [
          132.6502538,
          33.5514288
        ]
      },
      "tippecanoe": {
        "minzoom": 10
      }
    },
    {
      "type": "Feature",
      "properties": {
        "poi_id": "SNT_2678_P0003",
        "route_id": "SNT_2678",
        "source_post_id": 2678,
        "name": "八日市護国伝統的建造物群保存地区",
        "kind": "kml_poi",
        "content_id": null
      },
      "geometry": {
        "type": "Point",
        "coordinates": [
          132.6534349,
          33.5564722
        ]
      },
      "tippecanoe": {
        "minzoom": 10
      }
    },
    {
      "type": "Feature",
      "properties": {
        "poi_id": "SNT_2678_P0004",
        "route_id": "SNT_2678",
        "source_post_id": 2678,
        "name": "八日市町並[木蝋記念館]",
        "kind": "kml_poi",
        "content_id": null
      },
      "geometry": {
        "type": "Point",
        "coordinates": [
          132.6537041,
          33.5573634
        ]
      },
      "tippecanoe": {
        "minzoom": 10
      }
    },
    {
      "type": "Feature",
      "properties": {
        "poi_id": "SNT_2678_P0005",
        "route_id": "SNT_2678",
        "source_post_id": 2678,
        "name": "木蝋記念館　上芳我邸",
        "kind": "kml_poi",
        "content_id": null
      },
      "geometry": {
        "type": "Point",
        "coordinates": [
          132.6536864,
          33.5573179
        ]
      },
      "tippecanoe": {
        "minzoom": 10
      }
    },
    {
      "type": "Feature",
      "properties": {
        "poi_id": "SNT_2678_P0006",
        "route_id": "SNT_2678",
        "source_post_id": 2678,
        "name": "松山自動車道を望む",
        "kind": "kml_poi",
        "content_id": null
      },
      "geometry": {
        "type": "Point",
        "coordinates": [
          132.663611,
          33.5632594
        ]
      },
      "tippecanoe": {
        "minzoom": 10
      }
    },
    {
      "type": "Feature",
      "properties": {
        "poi_id": "SNT_2678_P0007",
        "route_id": "SNT_2678",
        "source_post_id": 2678,
        "name": "旧へんろ道　水戸森峠",
        "kind": "kml_poi",
        "content_id": null
      },
      "geometry": {
        "type": "Point",
        "coordinates": [
          132.668473,
          33.564243
        ]
      },
      "tippecanoe": {
        "minzoom": 10
      }
    },
    {
      "type": "Feature",
      "properties": {
        "poi_id": "SNT_2678_P0008",
        "route_id": "SNT_2678",
        "source_post_id": 2678,
        "name": "四季の詩公園",
        "kind": "kml_poi",
        "content_id": null
      },
      "geometry": {
        "type": "Point",
        "coordinates": [
          132.6711895,
          33.5679244
        ]
      },
      "tippecanoe": {
        "minzoom": 10
      }
    },
    {
      "type": "Feature",
      "properties": {
        "poi_id": "SNT_4800_P0001",
        "route_id": "SNT_4800",
        "source_post_id": 4800,
        "name": "宮成（案内板）",
        "kind": "kml_poi",
        "content_id": null
      },
      "geometry": {
        "type": "Point",
        "coordinates": [
          132.8627136,
          33.6317603
        ]
      },
      "tippecanoe": {
        "minzoom": 10
      }
    },
    {
      "type": "Feature",
      "properties": {
        "poi_id": "SNT_4800_P0002",
        "route_id": "SNT_4800",
        "source_post_id": 4800,
        "name": "由良野休憩地",
        "kind": "tourism_spot",
        "content_id": "SNT_4800_S002"
      },
      "geometry": {
        "type": "Point",
        "coordinates": [
          132.8772536,
          33.6404801
        ]
      },
      "tippecanoe": {
        "minzoom": 10
      }
    },
    {
      "type": "Feature",
      "properties": {
        "poi_id": "SNT_4800_P0003",
        "route_id": "SNT_4800",
        "source_post_id": 4800,
        "name": "鴇田峠休憩地",
        "kind": "kml_poi",
        "content_id": null
      },
      "geometry": {
        "type": "Point",
        "coordinates": [
          132.884165,
          33.6490229
        ]
      },
      "tippecanoe": {
        "minzoom": 10
      }
    },
    {
      "type": "Feature",
      "properties": {
        "poi_id": "SNT_4800_P0004",
        "route_id": "SNT_4800",
        "source_post_id": 4800,
        "name": "久万高原町役場",
        "kind": "tourism_spot",
        "content_id": "SNT_4800_S004"
      },
      "geometry": {
        "type": "Point",
        "coordinates": [
          132.9015798,
          33.6551823
        ]
      },
      "tippecanoe": {
        "minzoom": 10
      }
    },
    {
      "type": "Feature",
      "properties": {
        "poi_id": "SNT_4800_P0005",
        "route_id": "SNT_4800",
        "source_post_id": 4800,
        "name": "第44番札所大宝寺　金剛力士像",
        "kind": "tourism_spot",
        "content_id": "SNT_4800_S005"
      },
      "geometry": {
        "type": "Point",
        "coordinates": [
          132.9109025,
          33.660446
        ]
      },
      "tippecanoe": {
        "minzoom": 10
      }
    },
    {
      "type": "Feature",
      "properties": {
        "poi_id": "SNT_4800_P0006",
        "route_id": "SNT_4800",
        "source_post_id": 4800,
        "name": "第44番札所大宝寺",
        "kind": "tourism_spot",
        "content_id": "SNT_4800_S006"
      },
      "geometry": {
        "type": "Point",
        "coordinates": [
          132.9115569,
          33.6609639
        ]
      },
      "tippecanoe": {
        "minzoom": 10
      }
    },
    {
      "type": "Feature",
      "properties": {
        "poi_id": "SNT_4800_P0007",
        "route_id": "SNT_4800",
        "source_post_id": 4800,
        "name": "中峠休憩地",
        "kind": "tourism_spot",
        "content_id": "SNT_4800_S007"
      },
      "geometry": {
        "type": "Point",
        "coordinates": [
          132.9212539,
          33.6651454
        ]
      },
      "tippecanoe": {
        "minzoom": 10
      }
    },
    {
      "type": "Feature",
      "properties": {
        "poi_id": "SNT_4800_P0008",
        "route_id": "SNT_4800",
        "source_post_id": 4800,
        "name": "河合休憩地",
        "kind": "kml_poi",
        "content_id": null
      },
      "geometry": {
        "type": "Point",
        "coordinates": [
          132.9261802,
          33.6708075
        ]
      },
      "tippecanoe": {
        "minzoom": 10
      }
    },
    {
      "type": "Feature",
      "properties": {
        "poi_id": "SNT_3845_P0001",
        "route_id": "SNT_3845",
        "source_post_id": 3845,
        "name": "畑野川バス停",
        "kind": "tourism_spot",
        "content_id": "SNT_3845_S001"
      },
      "geometry": {
        "type": "Point",
        "coordinates": [
          132.9278617,
          33.6727471
        ]
      },
      "tippecanoe": {
        "minzoom": 10
      }
    },
    {
      "type": "Feature",
      "properties": {
        "poi_id": "SNT_3845_P0002",
        "route_id": "SNT_3845",
        "source_post_id": 3845,
        "name": "高原ゴルフ倶楽部入口休憩地",
        "kind": "tourism_spot",
        "content_id": "SNT_3845_S002"
      },
      "geometry": {
        "type": "Point",
        "coordinates": [
          132.9437785,
          33.667954
        ]
      },
      "tippecanoe": {
        "minzoom": 10
      }
    },
    {
      "type": "Feature",
      "properties": {
        "poi_id": "SNT_3845_P0003",
        "route_id": "SNT_3845",
        "source_post_id": 3845,
        "name": "八丁坂入口休憩地",
        "kind": "tourism_spot",
        "content_id": "SNT_3845_S003"
      },
      "geometry": {
        "type": "Point",
        "coordinates": [
          132.96163,
          33.666257
        ]
      },
      "tippecanoe": {
        "minzoom": 10
      }
    },
    {
      "type": "Feature",
      "properties": {
        "poi_id": "SNT_3845_P0004",
        "route_id": "SNT_3845",
        "source_post_id": 3845,
        "name": "八丁坂",
        "kind": "tourism_spot",
        "content_id": "SNT_3845_S004"
      },
      "geometry": {
        "type": "Point",
        "coordinates": [
          132.9610334,
          33.6645449
        ]
      },
      "tippecanoe": {
        "minzoom": 10
      }
    },
    {
      "type": "Feature",
      "properties": {
        "poi_id": "SNT_3845_P0005",
        "route_id": "SNT_3845",
        "source_post_id": 3845,
        "name": "八丁坂頂上休憩地",
        "kind": "tourism_spot",
        "content_id": "SNT_3845_S005"
      },
      "geometry": {
        "type": "Point",
        "coordinates": [
          132.9617665,
          33.6617307
        ]
      },
      "tippecanoe": {
        "minzoom": 10
      }
    },
    {
      "type": "Feature",
      "properties": {
        "poi_id": "SNT_3845_P0006",
        "route_id": "SNT_3845",
        "source_post_id": 3845,
        "name": "第45番札所岩屋寺",
        "kind": "tourism_spot",
        "content_id": "SNT_3845_S007"
      },
      "geometry": {
        "type": "Point",
        "coordinates": [
          132.980762,
          33.658773
        ]
      },
      "tippecanoe": {
        "minzoom": 10
      }
    },
    {
      "type": "Feature",
      "properties": {
        "poi_id": "SNT_3845_P0007",
        "route_id": "SNT_3845",
        "source_post_id": 3845,
        "name": "逼割禅定",
        "kind": "kml_poi",
        "content_id": null
      },
      "geometry": {
        "type": "Point",
        "coordinates": [
          132.9786615,
          33.6583617
        ]
      },
      "tippecanoe": {
        "minzoom": 10
      }
    },
    {
      "type": "Feature",
      "properties": {
        "poi_id": "SNT_3845_P0008",
        "route_id": "SNT_3845",
        "source_post_id": 3845,
        "name": "トチの樹林",
        "kind": "tourism_spot",
        "content_id": "SNT_3845_S008"
      },
      "geometry": {
        "type": "Point",
        "coordinates": [
          132.9832818,
          33.6609991
        ]
      },
      "tippecanoe": {
        "minzoom": 10
      }
    },
    {
      "type": "Feature",
      "properties": {
        "poi_id": "SNT_3845_P0009",
        "route_id": "SNT_3845",
        "source_post_id": 3845,
        "name": "古岩屋",
        "kind": "tourism_spot",
        "content_id": "SNT_3845_S009"
      },
      "geometry": {
        "type": "Point",
        "coordinates": [
          132.9740459,
          33.6681842
        ]
      },
      "tippecanoe": {
        "minzoom": 10
      }
    },
    {
      "type": "Feature",
      "properties": {
        "poi_id": "SNT_3845_P0010",
        "route_id": "SNT_3845",
        "source_post_id": 3845,
        "name": "国民宿舎古岩屋荘",
        "kind": "tourism_spot",
        "content_id": "SNT_3845_S010"
      },
      "geometry": {
        "type": "Point",
        "coordinates": [
          132.9729539,
          33.667781
        ]
      },
      "tippecanoe": {
        "minzoom": 10
      }
    },
    {
      "type": "Feature",
      "properties": {
        "poi_id": "SNT_3849_P0001",
        "route_id": "SNT_3849",
        "source_post_id": 3849,
        "name": "河合休憩地",
        "kind": "tourism_spot",
        "content_id": "SNT_3849_S001"
      },
      "geometry": {
        "type": "Point",
        "coordinates": [
          132.9261743,
          33.6708035
        ]
      },
      "tippecanoe": {
        "minzoom": 10
      }
    },
    {
      "type": "Feature",
      "properties": {
        "poi_id": "SNT_3849_P0002",
        "route_id": "SNT_3849",
        "source_post_id": 3849,
        "name": "千本高原キャンプ場",
        "kind": "tourism_spot",
        "content_id": "SNT_3849_S002"
      },
      "geometry": {
        "type": "Point",
        "coordinates": [
          132.9228928,
          33.6750324
        ]
      },
      "tippecanoe": {
        "minzoom": 10
      }
    },
    {
      "type": "Feature",
      "properties": {
        "poi_id": "SNT_3849_P0003",
        "route_id": "SNT_3849",
        "source_post_id": 3849,
        "name": "千本峠付近の山道",
        "kind": "tourism_spot",
        "content_id": "SNT_3849_S003"
      },
      "geometry": {
        "type": "Point",
        "coordinates": [
          132.914745,
          33.6718485
        ]
      },
      "tippecanoe": {
        "minzoom": 10
      }
    },
    {
      "type": "Feature",
      "properties": {
        "poi_id": "SNT_3849_P0004",
        "route_id": "SNT_3849",
        "source_post_id": 3849,
        "name": "高野休憩地",
        "kind": "tourism_spot",
        "content_id": "SNT_3849_S004"
      },
      "geometry": {
        "type": "Point",
        "coordinates": [
          132.9107333,
          33.6726317
        ]
      },
      "tippecanoe": {
        "minzoom": 10
      }
    },
    {
      "type": "Feature",
      "properties": {
        "poi_id": "SNT_3849_P0005",
        "route_id": "SNT_3849",
        "source_post_id": 3849,
        "name": "民宿　高野展望台",
        "kind": "tourism_spot",
        "content_id": "SNT_3849_S005"
      },
      "geometry": {
        "type": "Point",
        "coordinates": [
          132.9111826,
          33.6722162
        ]
      },
      "tippecanoe": {
        "minzoom": 10
      }
    },
    {
      "type": "Feature",
      "properties": {
        "poi_id": "SNT_3849_P0006",
        "route_id": "SNT_3849",
        "source_post_id": 3849,
        "name": "公衆便所",
        "kind": "tourism_spot",
        "content_id": "SNT_3849_S006"
      },
      "geometry": {
        "type": "Point",
        "coordinates": [
          132.8940379,
          33.6715837
        ]
      },
      "tippecanoe": {
        "minzoom": 10
      }
    },
    {
      "type": "Feature",
      "properties": {
        "poi_id": "SNT_3849_P0007",
        "route_id": "SNT_3849",
        "source_post_id": 3849,
        "name": "史跡仰西渠",
        "kind": "tourism_spot",
        "content_id": "SNT_3849_S007"
      },
      "geometry": {
        "type": "Point",
        "coordinates": [
          132.8937562,
          33.67124
        ]
      },
      "tippecanoe": {
        "minzoom": 10
      }
    },
    {
      "type": "Feature",
      "properties": {
        "poi_id": "SNT_3849_P0008",
        "route_id": "SNT_3849",
        "source_post_id": 3849,
        "name": "仰西バス停",
        "kind": "kml_poi",
        "content_id": null
      },
      "geometry": {
        "type": "Point",
        "coordinates": [
          132.893889,
          33.6709846
        ]
      },
      "tippecanoe": {
        "minzoom": 10
      }
    },
    {
      "type": "Feature",
      "properties": {
        "poi_id": "SNT_2953_P0001",
        "route_id": "SNT_2953",
        "source_post_id": 2953,
        "name": "網掛け石[解説板]",
        "kind": "kml_poi",
        "content_id": null
      },
      "geometry": {
        "type": "Point",
        "coordinates": [
          132.8410789,
          33.7329308
        ]
      },
      "tippecanoe": {
        "minzoom": 10
      }
    },
    {
      "type": "Feature",
      "properties": {
        "poi_id": "SNT_2953_P0002",
        "route_id": "SNT_2953",
        "source_post_id": 2953,
        "name": "終点",
        "kind": "kml_poi",
        "content_id": null
      },
      "geometry": {
        "type": "Point",
        "coordinates": [
          132.8624606,
          33.7084458
        ]
      },
      "tippecanoe": {
        "minzoom": 10
      }
    },
    {
      "type": "Feature",
      "properties": {
        "poi_id": "SNT_2953_P0003",
        "route_id": "SNT_2953",
        "source_post_id": 2953,
        "name": "三坂峠からの眺め",
        "kind": "kml_poi",
        "content_id": null
      },
      "geometry": {
        "type": "Point",
        "coordinates": [
          132.8626693,
          33.7106357
        ]
      },
      "tippecanoe": {
        "minzoom": 10
      }
    },
    {
      "type": "Feature",
      "properties": {
        "poi_id": "SNT_2953_P0004",
        "route_id": "SNT_2953",
        "source_post_id": 2953,
        "name": "久万街道",
        "kind": "kml_poi",
        "content_id": null
      },
      "geometry": {
        "type": "Point",
        "coordinates": [
          132.8611741,
          33.7109233
        ]
      },
      "tippecanoe": {
        "minzoom": 10
      }
    },
    {
      "type": "Feature",
      "properties": {
        "poi_id": "SNT_2953_P0005",
        "route_id": "SNT_2953",
        "source_post_id": 2953,
        "name": "桜休憩地（一ノ王子社跡休憩所）",
        "kind": "kml_poi",
        "content_id": null
      },
      "geometry": {
        "type": "Point",
        "coordinates": [
          132.8567627,
          33.7155288
        ]
      },
      "tippecanoe": {
        "minzoom": 10
      }
    },
    {
      "type": "Feature",
      "properties": {
        "poi_id": "SNT_2953_P0006",
        "route_id": "SNT_2953",
        "source_post_id": 2953,
        "name": "杉林のトンネル",
        "kind": "kml_poi",
        "content_id": null
      },
      "geometry": {
        "type": "Point",
        "coordinates": [
          132.8561904,
          33.7158846
        ]
      },
      "tippecanoe": {
        "minzoom": 10
      }
    },
    {
      "type": "Feature",
      "properties": {
        "poi_id": "SNT_2953_P0007",
        "route_id": "SNT_2953",
        "source_post_id": 2953,
        "name": "旧遍路宿　坂本屋",
        "kind": "kml_poi",
        "content_id": null
      },
      "geometry": {
        "type": "Point",
        "coordinates": [
          132.8474416,
          33.7210561
        ]
      },
      "tippecanoe": {
        "minzoom": 10
      }
    },
    {
      "type": "Feature",
      "properties": {
        "poi_id": "SNT_2953_P0008",
        "route_id": "SNT_2953",
        "source_post_id": 2953,
        "name": "網掛け石",
        "kind": "kml_poi",
        "content_id": null
      },
      "geometry": {
        "type": "Point",
        "coordinates": [
          132.8410599,
          33.7329718
        ]
      },
      "tippecanoe": {
        "minzoom": 10
      }
    },
    {
      "type": "Feature",
      "properties": {
        "poi_id": "SNT_2953_P0009",
        "route_id": "SNT_2953",
        "source_post_id": 2953,
        "name": "第46番札所浄瑠璃寺",
        "kind": "kml_poi",
        "content_id": null
      },
      "geometry": {
        "type": "Point",
        "coordinates": [
          132.8191773,
          33.7536391
        ]
      },
      "tippecanoe": {
        "minzoom": 10
      }
    },
    {
      "type": "Feature",
      "properties": {
        "poi_id": "SNT_2953_P0010",
        "route_id": "SNT_2953",
        "source_post_id": 2953,
        "name": "第47番札所八坂寺",
        "kind": "kml_poi",
        "content_id": null
      },
      "geometry": {
        "type": "Point",
        "coordinates": [
          132.8128087,
          33.7579665
        ]
      },
      "tippecanoe": {
        "minzoom": 10
      }
    },
    {
      "type": "Feature",
      "properties": {
        "poi_id": "SNT_2953_P0011",
        "route_id": "SNT_2953",
        "source_post_id": 2953,
        "name": "起点",
        "kind": "kml_poi",
        "content_id": null
      },
      "geometry": {
        "type": "Point",
        "coordinates": [
          132.8131713,
          33.7577119
        ]
      },
      "tippecanoe": {
        "minzoom": 10
      }
    },
    {
      "type": "Feature",
      "properties": {
        "poi_id": "SNT_4805_P0001",
        "route_id": "SNT_4805",
        "source_post_id": 4805,
        "name": "第51番札所石手寺",
        "kind": "kml_poi",
        "content_id": null
      },
      "geometry": {
        "type": "Point",
        "coordinates": [
          132.7970187,
          33.8477747
        ]
      },
      "tippecanoe": {
        "minzoom": 10
      }
    },
    {
      "type": "Feature",
      "properties": {
        "poi_id": "SNT_4805_P0002",
        "route_id": "SNT_4805",
        "source_post_id": 4805,
        "name": "瀬戸風峠展望台",
        "kind": "tourism_spot",
        "content_id": "SNT_4805_S002"
      },
      "geometry": {
        "type": "Point",
        "coordinates": [
          132.7917157,
          33.8590956
        ]
      },
      "tippecanoe": {
        "minzoom": 10
      }
    },
    {
      "type": "Feature",
      "properties": {
        "poi_id": "SNT_4805_P0003",
        "route_id": "SNT_4805",
        "source_post_id": 4805,
        "name": "伊台ぶどう",
        "kind": "tourism_spot",
        "content_id": "SNT_4805_S003"
      },
      "geometry": {
        "type": "Point",
        "coordinates": [
          132.798936,
          33.882955
        ]
      },
      "tippecanoe": {
        "minzoom": 10
      }
    },
    {
      "type": "Feature",
      "properties": {
        "poi_id": "SNT_4805_P0004",
        "route_id": "SNT_4805",
        "source_post_id": 4805,
        "name": "大師堂峠",
        "kind": "tourism_spot",
        "content_id": "SNT_4805_S004"
      },
      "geometry": {
        "type": "Point",
        "coordinates": [
          132.8115838,
          33.9032863
        ]
      },
      "tippecanoe": {
        "minzoom": 10
      }
    },
    {
      "type": "Feature",
      "properties": {
        "poi_id": "SNT_4805_P0005",
        "route_id": "SNT_4805",
        "source_post_id": 4805,
        "name": "菅沢（五明小学校）",
        "kind": "kml_poi",
        "content_id": null
      },
      "geometry": {
        "type": "Point",
        "coordinates": [
          132.8196244,
          33.9029482
        ]
      },
      "tippecanoe": {
        "minzoom": 10
      }
    },
    {
      "type": "Feature",
      "properties": {
        "poi_id": "SNT_5515_P0001",
        "route_id": "SNT_5515",
        "source_post_id": 5515,
        "name": "起点　五明小学校",
        "kind": "tourism_spot",
        "content_id": "SNT_5515_S001"
      },
      "geometry": {
        "type": "Point",
        "coordinates": [
          132.819734,
          33.9025651
        ]
      },
      "tippecanoe": {
        "minzoom": 10
      }
    },
    {
      "type": "Feature",
      "properties": {
        "poi_id": "SNT_5515_P0002",
        "route_id": "SNT_5515",
        "source_post_id": 5515,
        "name": "幸次ヶ峠休憩地",
        "kind": "tourism_spot",
        "content_id": "SNT_5515_S002"
      },
      "geometry": {
        "type": "Point",
        "coordinates": [
          132.8185469,
          33.9290541
        ]
      },
      "tippecanoe": {
        "minzoom": 10
      }
    },
    {
      "type": "Feature",
      "properties": {
        "poi_id": "SNT_5515_P0003",
        "route_id": "SNT_5515",
        "source_post_id": 5515,
        "name": "大月山展望台",
        "kind": "tourism_spot",
        "content_id": "SNT_5515_S003"
      },
      "geometry": {
        "type": "Point",
        "coordinates": [
          132.8456863,
          33.9343332
        ]
      },
      "tippecanoe": {
        "minzoom": 10
      }
    },
    {
      "type": "Feature",
      "properties": {
        "poi_id": "SNT_5515_P0004",
        "route_id": "SNT_5515",
        "source_post_id": 5515,
        "name": "河野川源流碑",
        "kind": "tourism_spot",
        "content_id": "SNT_5515_S004"
      },
      "geometry": {
        "type": "Point",
        "coordinates": [
          132.85195,
          33.944069
        ]
      },
      "tippecanoe": {
        "minzoom": 10
      }
    },
    {
      "type": "Feature",
      "properties": {
        "poi_id": "SNT_5515_P0005",
        "route_id": "SNT_5515",
        "source_post_id": 5515,
        "name": "高縄寺休憩地",
        "kind": "tourism_spot",
        "content_id": "SNT_5515_S005"
      },
      "geometry": {
        "type": "Point",
        "coordinates": [
          132.853056,
          33.942777
        ]
      },
      "tippecanoe": {
        "minzoom": 10
      }
    },
    {
      "type": "Feature",
      "properties": {
        "poi_id": "SNT_5515_P0006",
        "route_id": "SNT_5515",
        "source_post_id": 5515,
        "name": "高縄山案内板",
        "kind": "tourism_spot",
        "content_id": "SNT_5515_S006"
      },
      "geometry": {
        "type": "Point",
        "coordinates": [
          132.8530426,
          33.9430179
        ]
      },
      "tippecanoe": {
        "minzoom": 10
      }
    },
    {
      "type": "Feature",
      "properties": {
        "poi_id": "SNT_5515_P0007",
        "route_id": "SNT_5515",
        "source_post_id": 5515,
        "name": "終点　案内板",
        "kind": "tourism_spot",
        "content_id": "SNT_5515_S007"
      },
      "geometry": {
        "type": "Point",
        "coordinates": [
          132.85256,
          33.94528
        ]
      },
      "tippecanoe": {
        "minzoom": 10
      }
    },
    {
      "type": "Feature",
      "properties": {
        "poi_id": "SNT_5526_P0001",
        "route_id": "SNT_5526",
        "source_post_id": 5526,
        "name": "起点　高縄寺",
        "kind": "tourism_spot",
        "content_id": "SNT_5526_S001"
      },
      "geometry": {
        "type": "Point",
        "coordinates": [
          132.8531,
          33.94533
        ]
      },
      "tippecanoe": {
        "minzoom": 10
      }
    },
    {
      "type": "Feature",
      "properties": {
        "poi_id": "SNT_5526_P0002",
        "route_id": "SNT_5526",
        "source_post_id": 5526,
        "name": "指導標（分岐点①）",
        "kind": "tourism_spot",
        "content_id": "SNT_5526_S002"
      },
      "geometry": {
        "type": "Point",
        "coordinates": [
          132.8672239,
          33.9530582
        ]
      },
      "tippecanoe": {
        "minzoom": 10
      }
    },
    {
      "type": "Feature",
      "properties": {
        "poi_id": "SNT_5526_P0003",
        "route_id": "SNT_5526",
        "source_post_id": 5526,
        "name": "指導標（分岐点②）",
        "kind": "tourism_spot",
        "content_id": "SNT_5526_S003"
      },
      "geometry": {
        "type": "Point",
        "coordinates": [
          132.870829,
          33.949581
        ]
      },
      "tippecanoe": {
        "minzoom": 10
      }
    },
    {
      "type": "Feature",
      "properties": {
        "poi_id": "SNT_5526_P0004",
        "route_id": "SNT_5526",
        "source_post_id": 5526,
        "name": "指導標",
        "kind": "tourism_spot",
        "content_id": "SNT_5526_S004"
      },
      "geometry": {
        "type": "Point",
        "coordinates": [
          132.8724459,
          33.9471584
        ]
      },
      "tippecanoe": {
        "minzoom": 10
      }
    },
    {
      "type": "Feature",
      "properties": {
        "poi_id": "SNT_5526_P0005",
        "route_id": "SNT_5526",
        "source_post_id": 5526,
        "name": "北三方ヶ森休憩地",
        "kind": "tourism_spot",
        "content_id": "SNT_5526_S005"
      },
      "geometry": {
        "type": "Point",
        "coordinates": [
          132.888677,
          33.950233
        ]
      },
      "tippecanoe": {
        "minzoom": 10
      }
    },
    {
      "type": "Feature",
      "properties": {
        "poi_id": "SNT_5526_P0006",
        "route_id": "SNT_5526",
        "source_post_id": 5526,
        "name": "水ヶ峠",
        "kind": "tourism_spot",
        "content_id": "SNT_5526_S006"
      },
      "geometry": {
        "type": "Point",
        "coordinates": [
          132.916818,
          33.937121
        ]
      },
      "tippecanoe": {
        "minzoom": 10
      }
    },
    {
      "type": "Feature",
      "properties": {
        "poi_id": "SNT_5526_P0007",
        "route_id": "SNT_5526",
        "source_post_id": 5526,
        "name": "終点　木地",
        "kind": "tourism_spot",
        "content_id": "SNT_5526_S007"
      },
      "geometry": {
        "type": "Point",
        "coordinates": [
          132.922706,
          33.944285
        ]
      },
      "tippecanoe": {
        "minzoom": 10
      }
    },
    {
      "type": "Feature",
      "properties": {
        "poi_id": "SNT_3852_P0001",
        "route_id": "SNT_3852",
        "source_post_id": 3852,
        "name": "木地",
        "kind": "kml_poi",
        "content_id": null
      },
      "geometry": {
        "type": "Point",
        "coordinates": [
          132.9227506,
          33.9444163
        ]
      },
      "tippecanoe": {
        "minzoom": 10
      }
    },
    {
      "type": "Feature",
      "properties": {
        "poi_id": "SNT_3852_P0002",
        "route_id": "SNT_3852",
        "source_post_id": 3852,
        "name": "龍岡木地登山道口",
        "kind": "tourism_spot",
        "content_id": "SNT_3852_S002"
      },
      "geometry": {
        "type": "Point",
        "coordinates": [
          132.924461,
          33.9444583
        ]
      },
      "tippecanoe": {
        "minzoom": 10
      }
    },
    {
      "type": "Feature",
      "properties": {
        "poi_id": "SNT_3852_P0003",
        "route_id": "SNT_3852",
        "source_post_id": 3852,
        "name": "登山道（木地側）",
        "kind": "tourism_spot",
        "content_id": "SNT_3852_S003"
      },
      "geometry": {
        "type": "Point",
        "coordinates": [
          132.9295242,
          33.9427014
        ]
      },
      "tippecanoe": {
        "minzoom": 10
      }
    },
    {
      "type": "Feature",
      "properties": {
        "poi_id": "SNT_3852_P0004",
        "route_id": "SNT_3852",
        "source_post_id": 3852,
        "name": "三角点",
        "kind": "tourism_spot",
        "content_id": "SNT_3852_S004"
      },
      "geometry": {
        "type": "Point",
        "coordinates": [
          132.932485,
          33.941623
        ]
      },
      "tippecanoe": {
        "minzoom": 10
      }
    },
    {
      "type": "Feature",
      "properties": {
        "poi_id": "SNT_3852_P0005",
        "route_id": "SNT_3852",
        "source_post_id": 3852,
        "name": "子持ち杉",
        "kind": "tourism_spot",
        "content_id": "SNT_3852_S005"
      },
      "geometry": {
        "type": "Point",
        "coordinates": [
          132.9443246,
          33.9409152
        ]
      },
      "tippecanoe": {
        "minzoom": 10
      }
    },
    {
      "type": "Feature",
      "properties": {
        "poi_id": "SNT_3852_P0006",
        "route_id": "SNT_3852",
        "source_post_id": 3852,
        "name": "奈良原神社",
        "kind": "tourism_spot",
        "content_id": "SNT_3852_S006"
      },
      "geometry": {
        "type": "Point",
        "coordinates": [
          132.9444949,
          33.940373
        ]
      },
      "tippecanoe": {
        "minzoom": 10
      }
    },
    {
      "type": "Feature",
      "properties": {
        "poi_id": "SNT_3852_P0007",
        "route_id": "SNT_3852",
        "source_post_id": 3852,
        "name": "登山道（上木地側）",
        "kind": "tourism_spot",
        "content_id": "SNT_3852_S007"
      },
      "geometry": {
        "type": "Point",
        "coordinates": [
          132.9532357,
          33.9466511
        ]
      },
      "tippecanoe": {
        "minzoom": 10
      }
    },
    {
      "type": "Feature",
      "properties": {
        "poi_id": "SNT_3852_P0008",
        "route_id": "SNT_3852",
        "source_post_id": 3852,
        "name": "上木地登山口",
        "kind": "tourism_spot",
        "content_id": "SNT_3852_S008"
      },
      "geometry": {
        "type": "Point",
        "coordinates": [
          132.9621755,
          33.9476135
        ]
      },
      "tippecanoe": {
        "minzoom": 10
      }
    },
    {
      "type": "Feature",
      "properties": {
        "poi_id": "SNT_3852_P0009",
        "route_id": "SNT_3852",
        "source_post_id": 3852,
        "name": "下木地",
        "kind": "kml_poi",
        "content_id": null
      },
      "geometry": {
        "type": "Point",
        "coordinates": [
          132.9494221,
          33.968848
        ]
      },
      "tippecanoe": {
        "minzoom": 10
      }
    },
    {
      "type": "Feature",
      "properties": {
        "poi_id": "SNT_2682_P0001",
        "route_id": "SNT_2682",
        "source_post_id": 2682,
        "name": "鈍川渓谷",
        "kind": "kml_poi",
        "content_id": null
      },
      "geometry": {
        "type": "Point",
        "coordinates": [
          132.9360679,
          33.97623
        ]
      },
      "tippecanoe": {
        "minzoom": 10
      }
    },
    {
      "type": "Feature",
      "properties": {
        "poi_id": "SNT_2682_P0002",
        "route_id": "SNT_2682",
        "source_post_id": 2682,
        "name": "鈍川温泉",
        "kind": "kml_poi",
        "content_id": null
      },
      "geometry": {
        "type": "Point",
        "coordinates": [
          132.9373799,
          33.9821787
        ]
      },
      "tippecanoe": {
        "minzoom": 10
      }
    },
    {
      "type": "Feature",
      "properties": {
        "poi_id": "SNT_2682_P0003",
        "route_id": "SNT_2682",
        "source_post_id": 2682,
        "name": "鈍川せせらぎ交流館",
        "kind": "kml_poi",
        "content_id": null
      },
      "geometry": {
        "type": "Point",
        "coordinates": [
          132.9403948,
          33.9848831
        ]
      },
      "tippecanoe": {
        "minzoom": 10
      }
    },
    {
      "type": "Feature",
      "properties": {
        "poi_id": "SNT_2682_P0004",
        "route_id": "SNT_2682",
        "source_post_id": 2682,
        "name": "県道154号との交差点",
        "kind": "tourism_spot",
        "content_id": "SNT_2682_S004"
      },
      "geometry": {
        "type": "Point",
        "coordinates": [
          132.9386592,
          33.9889995
        ]
      },
      "tippecanoe": {
        "minzoom": 10
      }
    },
    {
      "type": "Feature",
      "properties": {
        "poi_id": "SNT_2682_P0005",
        "route_id": "SNT_2682",
        "source_post_id": 2682,
        "name": "県道163号線とお別れ",
        "kind": "kml_poi",
        "content_id": null
      },
      "geometry": {
        "type": "Point",
        "coordinates": [
          132.964338,
          33.990405
        ]
      },
      "tippecanoe": {
        "minzoom": 10
      }
    },
    {
      "type": "Feature",
      "properties": {
        "poi_id": "SNT_2682_P0006",
        "route_id": "SNT_2682",
        "source_post_id": 2682,
        "name": "蒼社川とお別れ",
        "kind": "kml_poi",
        "content_id": null
      },
      "geometry": {
        "type": "Point",
        "coordinates": [
          132.9674703,
          33.991338
        ]
      },
      "tippecanoe": {
        "minzoom": 10
      }
    },
    {
      "type": "Feature",
      "properties": {
        "poi_id": "SNT_2682_P0007",
        "route_id": "SNT_2682",
        "source_post_id": 2682,
        "name": "窓の峠",
        "kind": "kml_poi",
        "content_id": null
      },
      "geometry": {
        "type": "Point",
        "coordinates": [
          132.9730032,
          34.0027202
        ]
      },
      "tippecanoe": {
        "minzoom": 10
      }
    },
    {
      "type": "Feature",
      "properties": {
        "poi_id": "SNT_2682_P0008",
        "route_id": "SNT_2682",
        "source_post_id": 2682,
        "name": "第57番栄福寺",
        "kind": "kml_poi",
        "content_id": null
      },
      "geometry": {
        "type": "Point",
        "coordinates": [
          132.9782066,
          34.0295666
        ]
      },
      "tippecanoe": {
        "minzoom": 10
      }
    },
    {
      "type": "Feature",
      "properties": {
        "poi_id": "SNT_1934_P0001",
        "route_id": "SNT_1934",
        "source_post_id": 1934,
        "name": "第58番仙遊寺（せんゆうじ）",
        "kind": "tourism_spot",
        "content_id": "SNT_1934_S001"
      },
      "geometry": {
        "type": "Point",
        "coordinates": [
          132.9776332,
          34.0129036
        ]
      },
      "tippecanoe": {
        "minzoom": 10
      }
    },
    {
      "type": "Feature",
      "properties": {
        "poi_id": "SNT_1934_P0002",
        "route_id": "SNT_1934",
        "source_post_id": 1934,
        "name": "五郎兵衛坂（ごろべえさか）",
        "kind": "tourism_spot",
        "content_id": "SNT_1934_S002"
      },
      "geometry": {
        "type": "Point",
        "coordinates": [
          132.9799136,
          34.0154612
        ]
      },
      "tippecanoe": {
        "minzoom": 10
      }
    },
    {
      "type": "Feature",
      "properties": {
        "poi_id": "SNT_1934_P0003",
        "route_id": "SNT_1934",
        "source_post_id": 1934,
        "name": "階段",
        "kind": "tourism_spot",
        "content_id": "SNT_1934_S003"
      },
      "geometry": {
        "type": "Point",
        "coordinates": [
          132.9831656,
          34.0158373
        ]
      },
      "tippecanoe": {
        "minzoom": 10
      }
    },
    {
      "type": "Feature",
      "properties": {
        "poi_id": "SNT_1934_P0004",
        "route_id": "SNT_1934",
        "source_post_id": 1934,
        "name": "今治市クリーンセンター",
        "kind": "tourism_spot",
        "content_id": "SNT_1934_S004"
      },
      "geometry": {
        "type": "Point",
        "coordinates": [
          132.9964043,
          34.0246483
        ]
      },
      "tippecanoe": {
        "minzoom": 10
      }
    },
    {
      "type": "Feature",
      "properties": {
        "poi_id": "SNT_1934_P0005",
        "route_id": "SNT_1934",
        "source_post_id": 1934,
        "name": "国分休憩所（こくぶきゅうけいしょ）",
        "kind": "tourism_spot",
        "content_id": "SNT_1934_S005"
      },
      "geometry": {
        "type": "Point",
        "coordinates": [
          133.0166743,
          34.0291209
        ]
      },
      "tippecanoe": {
        "minzoom": 10
      }
    },
    {
      "type": "Feature",
      "properties": {
        "poi_id": "SNT_1934_P0006",
        "route_id": "SNT_1934",
        "source_post_id": 1934,
        "name": "第59番国分寺（こくぶんじ）",
        "kind": "tourism_spot",
        "content_id": "SNT_1934_S006"
      },
      "geometry": {
        "type": "Point",
        "coordinates": [
          133.0254483,
          34.0261898
        ]
      },
      "tippecanoe": {
        "minzoom": 10
      }
    },
    {
      "type": "Feature",
      "properties": {
        "poi_id": "SNT_1934_P0007",
        "route_id": "SNT_1934",
        "source_post_id": 1934,
        "name": "脇屋義助公廟堂（わきやよしすけこうびょうどう）",
        "kind": "tourism_spot",
        "content_id": "SNT_1934_S007"
      },
      "geometry": {
        "type": "Point",
        "coordinates": [
          133.0277822,
          34.0268666
        ]
      },
      "tippecanoe": {
        "minzoom": 10
      }
    },
    {
      "type": "Feature",
      "properties": {
        "poi_id": "SNT_1934_P0008",
        "route_id": "SNT_1934",
        "source_post_id": 1934,
        "name": "今治藩主の墓（いまばりはんしゅのはか）",
        "kind": "tourism_spot",
        "content_id": "SNT_1934_S008"
      },
      "geometry": {
        "type": "Point",
        "coordinates": [
          133.0356443,
          34.0303421
        ]
      },
      "tippecanoe": {
        "minzoom": 10
      }
    },
    {
      "type": "Feature",
      "properties": {
        "poi_id": "SNT_1934_P0009",
        "route_id": "SNT_1934",
        "source_post_id": 1934,
        "name": "唐子浜",
        "kind": "kml_poi",
        "content_id": null
      },
      "geometry": {
        "type": "Point",
        "coordinates": [
          133.042963,
          34.0261545
        ]
      },
      "tippecanoe": {
        "minzoom": 10
      }
    },
    {
      "type": "Feature",
      "properties": {
        "poi_id": "SNT_1966_P0001",
        "route_id": "SNT_1966",
        "source_post_id": 1966,
        "name": "綱敷天満神社（つなしきてんまんじんじゃ）",
        "kind": "tourism_spot",
        "content_id": "SNT_1966_S001"
      },
      "geometry": {
        "type": "Point",
        "coordinates": [
          133.0425266,
          34.0196681
        ]
      },
      "tippecanoe": {
        "minzoom": 10
      }
    },
    {
      "type": "Feature",
      "properties": {
        "poi_id": "SNT_1966_P0002",
        "route_id": "SNT_1966",
        "source_post_id": 1966,
        "name": "志島ヶ原（ししまがはら）",
        "kind": "tourism_spot",
        "content_id": "SNT_1966_S002"
      },
      "geometry": {
        "type": "Point",
        "coordinates": [
          133.0448909,
          34.0205398
        ]
      },
      "tippecanoe": {
        "minzoom": 10
      }
    },
    {
      "type": "Feature",
      "properties": {
        "poi_id": "SNT_1966_P0003",
        "route_id": "SNT_1966",
        "source_post_id": 1966,
        "name": "桜井海岸（さくらいかいがん）",
        "kind": "tourism_spot",
        "content_id": "SNT_1966_S003"
      },
      "geometry": {
        "type": "Point",
        "coordinates": [
          133.0597128,
          33.9920372
        ]
      },
      "tippecanoe": {
        "minzoom": 10
      }
    },
    {
      "type": "Feature",
      "properties": {
        "poi_id": "SNT_1966_P0004",
        "route_id": "SNT_1966",
        "source_post_id": 1966,
        "name": "桜井海浜ふれあい広場",
        "kind": "tourism_spot",
        "content_id": "SNT_1966_S004"
      },
      "geometry": {
        "type": "Point",
        "coordinates": [
          133.0482105,
          34.0104963
        ]
      },
      "tippecanoe": {
        "minzoom": 10
      }
    },
    {
      "type": "Feature",
      "properties": {
        "poi_id": "SNT_1966_P0005",
        "route_id": "SNT_1966",
        "source_post_id": 1966,
        "name": "休暇村瀬戸内東予（きゅうかむらせとうちとうよ）",
        "kind": "tourism_spot",
        "content_id": "SNT_1966_S005"
      },
      "geometry": {
        "type": "Point",
        "coordinates": [
          133.0631809,
          33.9870095
        ]
      },
      "tippecanoe": {
        "minzoom": 10
      }
    },
    {
      "type": "Feature",
      "properties": {
        "poi_id": "SNT_1966_P0006",
        "route_id": "SNT_1966",
        "source_post_id": 1966,
        "name": "休暇村瀬戸内東予",
        "kind": "kml_poi",
        "content_id": null
      },
      "geometry": {
        "type": "Point",
        "coordinates": [
          133.0616911,
          33.9824666
        ]
      },
      "tippecanoe": {
        "minzoom": 10
      }
    },
    {
      "type": "Feature",
      "properties": {
        "poi_id": "SNT_2957_P0001",
        "route_id": "SNT_2957",
        "source_post_id": 2957,
        "name": "横峰寺（山門）",
        "kind": "kml_poi",
        "content_id": null
      },
      "geometry": {
        "type": "Point",
        "coordinates": [
          133.1117118,
          33.8382879
        ]
      },
      "tippecanoe": {
        "minzoom": 10
      }
    },
    {
      "type": "Feature",
      "properties": {
        "poi_id": "SNT_2957_P0002",
        "route_id": "SNT_2957",
        "source_post_id": 2957,
        "name": "大頭交差点",
        "kind": "kml_poi",
        "content_id": null
      },
      "geometry": {
        "type": "Point",
        "coordinates": [
          133.0774597,
          33.8819046
        ]
      },
      "tippecanoe": {
        "minzoom": 10
      }
    },
    {
      "type": "Feature",
      "properties": {
        "poi_id": "SNT_2957_P0003",
        "route_id": "SNT_2957",
        "source_post_id": 2957,
        "name": "石土神社高灯篭",
        "kind": "kml_poi",
        "content_id": null
      },
      "geometry": {
        "type": "Point",
        "coordinates": [
          133.0789574,
          33.878961
        ]
      },
      "tippecanoe": {
        "minzoom": 10
      }
    },
    {
      "type": "Feature",
      "properties": {
        "poi_id": "SNT_2957_P0004",
        "route_id": "SNT_2957",
        "source_post_id": 2957,
        "name": "湯浪休憩地",
        "kind": "kml_poi",
        "content_id": null
      },
      "geometry": {
        "type": "Point",
        "coordinates": [
          133.1002408,
          33.8487163
        ]
      },
      "tippecanoe": {
        "minzoom": 10
      }
    },
    {
      "type": "Feature",
      "properties": {
        "poi_id": "SNT_2957_P0005",
        "route_id": "SNT_2957",
        "source_post_id": 2957,
        "name": "国史跡伊予遍路道横峰寺道",
        "kind": "kml_poi",
        "content_id": null
      },
      "geometry": {
        "type": "Point",
        "coordinates": [
          133.100031,
          33.8486951
        ]
      },
      "tippecanoe": {
        "minzoom": 10
      }
    },
    {
      "type": "Feature",
      "properties": {
        "poi_id": "SNT_2957_P0006",
        "route_id": "SNT_2957",
        "source_post_id": 2957,
        "name": "妙谷川",
        "kind": "kml_poi",
        "content_id": null
      },
      "geometry": {
        "type": "Point",
        "coordinates": [
          133.1046912,
          33.8434442
        ]
      },
      "tippecanoe": {
        "minzoom": 10
      }
    },
    {
      "type": "Feature",
      "properties": {
        "poi_id": "SNT_2957_P0007",
        "route_id": "SNT_2957",
        "source_post_id": 2957,
        "name": "四国一番の難所",
        "kind": "kml_poi",
        "content_id": null
      },
      "geometry": {
        "type": "Point",
        "coordinates": [
          133.105443,
          33.842339
        ]
      },
      "tippecanoe": {
        "minzoom": 10
      }
    },
    {
      "type": "Feature",
      "properties": {
        "poi_id": "SNT_2957_P0008",
        "route_id": "SNT_2957",
        "source_post_id": 2957,
        "name": "古坊休憩地",
        "kind": "kml_poi",
        "content_id": null
      },
      "geometry": {
        "type": "Point",
        "coordinates": [
          133.1080252,
          33.8398238
        ]
      },
      "tippecanoe": {
        "minzoom": 10
      }
    },
    {
      "type": "Feature",
      "properties": {
        "poi_id": "SNT_2957_P0009",
        "route_id": "SNT_2957",
        "source_post_id": 2957,
        "name": "第60番札所横峰寺",
        "kind": "kml_poi",
        "content_id": null
      },
      "geometry": {
        "type": "Point",
        "coordinates": [
          133.1107775,
          33.83789
        ]
      },
      "tippecanoe": {
        "minzoom": 10
      }
    },
    {
      "type": "Feature",
      "properties": {
        "poi_id": "SNT_2960_P0001",
        "route_id": "SNT_2960",
        "source_post_id": 2960,
        "name": "香園寺奥の院休憩所（東屋）",
        "kind": "kml_poi",
        "content_id": null
      },
      "geometry": {
        "type": "Point",
        "coordinates": [
          133.1034452,
          33.8938603
        ]
      },
      "tippecanoe": {
        "minzoom": 10
      }
    },
    {
      "type": "Feature",
      "properties": {
        "poi_id": "SNT_2960_P0002",
        "route_id": "SNT_2960",
        "source_post_id": 2960,
        "name": "林道との分岐点",
        "kind": "kml_poi",
        "content_id": null
      },
      "geometry": {
        "type": "Point",
        "coordinates": [
          133.1138124,
          33.8443506
        ]
      },
      "tippecanoe": {
        "minzoom": 10
      }
    },
    {
      "type": "Feature",
      "properties": {
        "poi_id": "SNT_2960_P0003",
        "route_id": "SNT_2960",
        "source_post_id": 2960,
        "name": "尾根沿いの道",
        "kind": "kml_poi",
        "content_id": null
      },
      "geometry": {
        "type": "Point",
        "coordinates": [
          133.115002,
          33.860627
        ]
      },
      "tippecanoe": {
        "minzoom": 10
      }
    },
    {
      "type": "Feature",
      "properties": {
        "poi_id": "SNT_2960_P0004",
        "route_id": "SNT_2960",
        "source_post_id": 2960,
        "name": "通行止め",
        "kind": "tourism_spot",
        "content_id": "SNT_2960_S003"
      },
      "geometry": {
        "type": "Point",
        "coordinates": [
          133.1032045,
          33.8714916
        ]
      },
      "tippecanoe": {
        "minzoom": 10
      }
    },
    {
      "type": "Feature",
      "properties": {
        "poi_id": "SNT_2960_P0005",
        "route_id": "SNT_2960",
        "source_post_id": 2960,
        "name": "駐車場",
        "kind": "tourism_spot",
        "content_id": "SNT_2960_S004"
      },
      "geometry": {
        "type": "Point",
        "coordinates": [
          133.1043195,
          33.8727679
        ]
      },
      "tippecanoe": {
        "minzoom": 10
      }
    },
    {
      "type": "Feature",
      "properties": {
        "poi_id": "SNT_2960_P0006",
        "route_id": "SNT_2960",
        "source_post_id": 2960,
        "name": "香園寺奥の院",
        "kind": "kml_poi",
        "content_id": null
      },
      "geometry": {
        "type": "Point",
        "coordinates": [
          133.099629,
          33.876883
        ]
      },
      "tippecanoe": {
        "minzoom": 10
      }
    },
    {
      "type": "Feature",
      "properties": {
        "poi_id": "SNT_2960_P0007",
        "route_id": "SNT_2960",
        "source_post_id": 2960,
        "name": "大谷池",
        "kind": "kml_poi",
        "content_id": null
      },
      "geometry": {
        "type": "Point",
        "coordinates": [
          133.0984356,
          33.8885077
        ]
      },
      "tippecanoe": {
        "minzoom": 10
      }
    },
    {
      "type": "Feature",
      "properties": {
        "poi_id": "SNT_2960_P0008",
        "route_id": "SNT_2960",
        "source_post_id": 2960,
        "name": "第61番札所香園寺",
        "kind": "kml_poi",
        "content_id": null
      },
      "geometry": {
        "type": "Point",
        "coordinates": [
          133.1030965,
          33.8937447
        ]
      },
      "tippecanoe": {
        "minzoom": 10
      }
    },
    {
      "type": "Feature",
      "properties": {
        "poi_id": "SNT_2960_P0009",
        "route_id": "SNT_2960",
        "source_post_id": 2960,
        "name": "第62番札所宝寿寺",
        "kind": "kml_poi",
        "content_id": null
      },
      "geometry": {
        "type": "Point",
        "coordinates": [
          133.1149074,
          33.8970784
        ]
      },
      "tippecanoe": {
        "minzoom": 10
      }
    },
    {
      "type": "Feature",
      "properties": {
        "poi_id": "SNT_1894_P0001",
        "route_id": "SNT_1894",
        "source_post_id": 1894,
        "name": "01_近藤篤山旧邸（こんどうとくざんきゅうてい）",
        "kind": "kml_poi",
        "content_id": null
      },
      "geometry": {
        "type": "Point",
        "coordinates": [
          133.1167999,
          33.8935156
        ]
      },
      "tippecanoe": {
        "minzoom": 10
      }
    },
    {
      "type": "Feature",
      "properties": {
        "poi_id": "SNT_1894_P0002",
        "route_id": "SNT_1894",
        "source_post_id": 1894,
        "name": "02_第63番吉祥寺（きちじょうじ）",
        "kind": "kml_poi",
        "content_id": null
      },
      "geometry": {
        "type": "Point",
        "coordinates": [
          133.1294657,
          33.8956617
        ]
      },
      "tippecanoe": {
        "minzoom": 10
      }
    },
    {
      "type": "Feature",
      "properties": {
        "poi_id": "SNT_1894_P0003",
        "route_id": "SNT_1894",
        "source_post_id": 1894,
        "name": "03_石鎚神社大鳥居（いしづちじんじゃおおとりい）",
        "kind": "kml_poi",
        "content_id": null
      },
      "geometry": {
        "type": "Point",
        "coordinates": [
          133.1573956,
          33.8943506
        ]
      },
      "tippecanoe": {
        "minzoom": 10
      }
    },
    {
      "type": "Feature",
      "properties": {
        "poi_id": "SNT_1894_P0004",
        "route_id": "SNT_1894",
        "source_post_id": 1894,
        "name": "04_石鎚神社（いしづちじんじゃ）",
        "kind": "kml_poi",
        "content_id": null
      },
      "geometry": {
        "type": "Point",
        "coordinates": [
          133.1571605,
          33.8929344
        ]
      },
      "tippecanoe": {
        "minzoom": 10
      }
    },
    {
      "type": "Feature",
      "properties": {
        "poi_id": "SNT_1894_P0005",
        "route_id": "SNT_1894",
        "source_post_id": 1894,
        "name": "05_第64番前神寺（まえがみじ）",
        "kind": "kml_poi",
        "content_id": null
      },
      "geometry": {
        "type": "Point",
        "coordinates": [
          133.1600703,
          33.8920149
        ]
      },
      "tippecanoe": {
        "minzoom": 10
      }
    },
    {
      "type": "Feature",
      "properties": {
        "poi_id": "SNT_1894_P0006",
        "route_id": "SNT_1894",
        "source_post_id": 1894,
        "name": "06_西条休憩所（さいじょうきゅうけいしょ）",
        "kind": "kml_poi",
        "content_id": null
      },
      "geometry": {
        "type": "Point",
        "coordinates": [
          133.161185,
          33.8920123
        ]
      },
      "tippecanoe": {
        "minzoom": 10
      }
    },
    {
      "type": "Feature",
      "properties": {
        "poi_id": "SNT_1894_P0007",
        "route_id": "SNT_1894",
        "source_post_id": 1894,
        "name": "07_湯之谷温泉（ゆのたにおんせん）",
        "kind": "kml_poi",
        "content_id": null
      },
      "geometry": {
        "type": "Point",
        "coordinates": [
          133.1639499,
          33.8929313
        ]
      },
      "tippecanoe": {
        "minzoom": 10
      }
    },
    {
      "type": "Feature",
      "properties": {
        "poi_id": "SNT_1894_P0008",
        "route_id": "SNT_1894",
        "source_post_id": 1894,
        "name": "08_土居構跡（どいがまえあと）",
        "kind": "kml_poi",
        "content_id": null
      },
      "geometry": {
        "type": "Point",
        "coordinates": [
          133.1864899,
          33.8968478
        ]
      },
      "tippecanoe": {
        "minzoom": 10
      }
    },
    {
      "type": "Feature",
      "properties": {
        "poi_id": "SNT_1894_P0009",
        "route_id": "SNT_1894",
        "source_post_id": 1894,
        "name": "09_伊曽乃神社（いそのじんじゃ）",
        "kind": "kml_poi",
        "content_id": null
      },
      "geometry": {
        "type": "Point",
        "coordinates": [
          133.1869962,
          33.8927535
        ]
      },
      "tippecanoe": {
        "minzoom": 10
      }
    },
    {
      "type": "Feature",
      "properties": {
        "poi_id": "SNT_1894_P0010",
        "route_id": "SNT_1894",
        "source_post_id": 1894,
        "name": "10_伊曽の橋（いそのはし）",
        "kind": "kml_poi",
        "content_id": null
      },
      "geometry": {
        "type": "Point",
        "coordinates": [
          133.1892248,
          33.8994618
        ]
      },
      "tippecanoe": {
        "minzoom": 10
      }
    },
    {
      "type": "Feature",
      "properties": {
        "poi_id": "SNT_2685_P0001",
        "route_id": "SNT_2685",
        "source_post_id": 2685,
        "name": "伊曽の橋",
        "kind": "kml_poi",
        "content_id": null
      },
      "geometry": {
        "type": "Point",
        "coordinates": [
          133.189189,
          33.8994699
        ]
      },
      "tippecanoe": {
        "minzoom": 10
      }
    },
    {
      "type": "Feature",
      "properties": {
        "poi_id": "SNT_2685_P0002",
        "route_id": "SNT_2685",
        "source_post_id": 2685,
        "name": "武丈公園",
        "kind": "kml_poi",
        "content_id": null
      },
      "geometry": {
        "type": "Point",
        "coordinates": [
          133.1931562,
          33.8993581
        ]
      },
      "tippecanoe": {
        "minzoom": 10
      }
    },
    {
      "type": "Feature",
      "properties": {
        "poi_id": "SNT_2685_P0003",
        "route_id": "SNT_2685",
        "source_post_id": 2685,
        "name": "竹林",
        "kind": "kml_poi",
        "content_id": null
      },
      "geometry": {
        "type": "Point",
        "coordinates": [
          133.2090146,
          33.9071234
        ]
      },
      "tippecanoe": {
        "minzoom": 10
      }
    },
    {
      "type": "Feature",
      "properties": {
        "poi_id": "SNT_2685_P0004",
        "route_id": "SNT_2685",
        "source_post_id": 2685,
        "name": "地蔵原地蔵庵",
        "kind": "kml_poi",
        "content_id": null
      },
      "geometry": {
        "type": "Point",
        "coordinates": [
          133.211316,
          33.9083976
        ]
      },
      "tippecanoe": {
        "minzoom": 10
      }
    },
    {
      "type": "Feature",
      "properties": {
        "poi_id": "SNT_2685_P0005",
        "route_id": "SNT_2685",
        "source_post_id": 2685,
        "name": "王至森寺",
        "kind": "kml_poi",
        "content_id": null
      },
      "geometry": {
        "type": "Point",
        "coordinates": [
          133.214009,
          33.909251
        ]
      },
      "tippecanoe": {
        "minzoom": 10
      }
    },
    {
      "type": "Feature",
      "properties": {
        "poi_id": "SNT_2685_P0006",
        "route_id": "SNT_2685",
        "source_post_id": 2685,
        "name": "秋都庵",
        "kind": "kml_poi",
        "content_id": null
      },
      "geometry": {
        "type": "Point",
        "coordinates": [
          133.2358688,
          33.9132043
        ]
      },
      "tippecanoe": {
        "minzoom": 10
      }
    },
    {
      "type": "Feature",
      "properties": {
        "poi_id": "SNT_2685_P0007",
        "route_id": "SNT_2685",
        "source_post_id": 2685,
        "name": "終点、国道11号",
        "kind": "tourism_spot",
        "content_id": "SNT_2685_S007"
      },
      "geometry": {
        "type": "Point",
        "coordinates": [
          133.2362473,
          33.9193977
        ]
      },
      "tippecanoe": {
        "minzoom": 10
      }
    },
    {
      "type": "Feature",
      "properties": {
        "poi_id": "SNT_2964_P0001",
        "route_id": "SNT_2964",
        "source_post_id": 2964,
        "name": "起点",
        "kind": "tourism_spot",
        "content_id": "SNT_2964_S001"
      },
      "geometry": {
        "type": "Point",
        "coordinates": [
          133.3688214,
          33.937929
        ]
      },
      "tippecanoe": {
        "minzoom": 10
      }
    },
    {
      "type": "Feature",
      "properties": {
        "poi_id": "SNT_2964_P0002",
        "route_id": "SNT_2964",
        "source_post_id": 2964,
        "name": "千足神社",
        "kind": "kml_poi",
        "content_id": null
      },
      "geometry": {
        "type": "Point",
        "coordinates": [
          133.3838886,
          33.9390234
        ]
      },
      "tippecanoe": {
        "minzoom": 10
      }
    },
    {
      "type": "Feature",
      "properties": {
        "poi_id": "SNT_2964_P0003",
        "route_id": "SNT_2964",
        "source_post_id": 2964,
        "name": "三度栗大師",
        "kind": "kml_poi",
        "content_id": null
      },
      "geometry": {
        "type": "Point",
        "coordinates": [
          133.404302,
          33.9505032
        ]
      },
      "tippecanoe": {
        "minzoom": 10
      }
    },
    {
      "type": "Feature",
      "properties": {
        "poi_id": "SNT_2964_P0004",
        "route_id": "SNT_2964",
        "source_post_id": 2964,
        "name": "国道11号",
        "kind": "kml_poi",
        "content_id": null
      },
      "geometry": {
        "type": "Point",
        "coordinates": [
          133.4055321,
          33.9518116
        ]
      },
      "tippecanoe": {
        "minzoom": 10
      }
    },
    {
      "type": "Feature",
      "properties": {
        "poi_id": "SNT_2964_P0005",
        "route_id": "SNT_2964",
        "source_post_id": 2964,
        "name": "延命寺",
        "kind": "kml_poi",
        "content_id": null
      },
      "geometry": {
        "type": "Point",
        "coordinates": [
          133.4204084,
          33.9566862
        ]
      },
      "tippecanoe": {
        "minzoom": 10
      }
    },
    {
      "type": "Feature",
      "properties": {
        "poi_id": "SNT_2964_P0006",
        "route_id": "SNT_2964",
        "source_post_id": 2964,
        "name": "近藤篤山の生家跡",
        "kind": "kml_poi",
        "content_id": null
      },
      "geometry": {
        "type": "Point",
        "coordinates": [
          133.4361649,
          33.9582744
        ]
      },
      "tippecanoe": {
        "minzoom": 10
      }
    },
    {
      "type": "Feature",
      "properties": {
        "poi_id": "SNT_2964_P0007",
        "route_id": "SNT_2964",
        "source_post_id": 2964,
        "name": "村山神社",
        "kind": "kml_poi",
        "content_id": null
      },
      "geometry": {
        "type": "Point",
        "coordinates": [
          133.4551116,
          33.9602853
        ]
      },
      "tippecanoe": {
        "minzoom": 10
      }
    },
    {
      "type": "Feature",
      "properties": {
        "poi_id": "SNT_2964_P0008",
        "route_id": "SNT_2964",
        "source_post_id": 2964,
        "name": "平八幡神社",
        "kind": "kml_poi",
        "content_id": null
      },
      "geometry": {
        "type": "Point",
        "coordinates": [
          133.4666638,
          33.962722
        ]
      },
      "tippecanoe": {
        "minzoom": 10
      }
    },
    {
      "type": "Feature",
      "properties": {
        "poi_id": "SNT_2964_P0009",
        "route_id": "SNT_2964",
        "source_post_id": 2964,
        "name": "終点",
        "kind": "tourism_spot",
        "content_id": "SNT_2964_S008"
      },
      "geometry": {
        "type": "Point",
        "coordinates": [
          133.4665292,
          33.9649153
        ]
      },
      "tippecanoe": {
        "minzoom": 10
      }
    },
    {
      "type": "Feature",
      "properties": {
        "poi_id": "SNT_2964_P0010",
        "route_id": "SNT_2964",
        "source_post_id": 2964,
        "name": "延命寺休憩所",
        "kind": "kml_poi",
        "content_id": null
      },
      "geometry": {
        "type": "Point",
        "coordinates": [
          133.4208151,
          33.9566475
        ]
      },
      "tippecanoe": {
        "minzoom": 10
      }
    },
    {
      "type": "Feature",
      "properties": {
        "poi_id": "SNT_3857_P0001",
        "route_id": "SNT_3857",
        "source_post_id": 3857,
        "name": "起点　豊田（とよた）",
        "kind": "kml_poi",
        "content_id": null
      },
      "geometry": {
        "type": "Point",
        "coordinates": [
          133.4817067,
          33.967567
        ]
      },
      "tippecanoe": {
        "minzoom": 10
      }
    },
    {
      "type": "Feature",
      "properties": {
        "poi_id": "SNT_3857_P0002",
        "route_id": "SNT_3857",
        "source_post_id": 3857,
        "name": "実相寺（じっそうじ）",
        "kind": "kml_poi",
        "content_id": null
      },
      "geometry": {
        "type": "Point",
        "coordinates": [
          133.4932531,
          33.9603399
        ]
      },
      "tippecanoe": {
        "minzoom": 10
      }
    },
    {
      "type": "Feature",
      "properties": {
        "poi_id": "SNT_3857_P0003",
        "route_id": "SNT_3857",
        "source_post_id": 3857,
        "name": "新長谷寺（しんはせでら）",
        "kind": "kml_poi",
        "content_id": null
      },
      "geometry": {
        "type": "Point",
        "coordinates": [
          133.5030258,
          33.9592325
        ]
      },
      "tippecanoe": {
        "minzoom": 10
      }
    },
    {
      "type": "Feature",
      "properties": {
        "poi_id": "SNT_3857_P0004",
        "route_id": "SNT_3857",
        "source_post_id": 3857,
        "name": "土居地区の風景",
        "kind": "tourism_spot",
        "content_id": "SNT_3857_S003"
      },
      "geometry": {
        "type": "Point",
        "coordinates": [
          133.5162642,
          33.9624025
        ]
      },
      "tippecanoe": {
        "minzoom": 10
      }
    },
    {
      "type": "Feature",
      "properties": {
        "poi_id": "SNT_3857_P0005",
        "route_id": "SNT_3857",
        "source_post_id": 3857,
        "name": "八皇子社（八皇子宮）",
        "kind": "tourism_spot",
        "content_id": "SNT_3857_S004"
      },
      "geometry": {
        "type": "Point",
        "coordinates": [
          133.5194641,
          33.9624089
        ]
      },
      "tippecanoe": {
        "minzoom": 10
      }
    },
    {
      "type": "Feature",
      "properties": {
        "poi_id": "SNT_3857_P0006",
        "route_id": "SNT_3857",
        "source_post_id": 3857,
        "name": "荒神の森（こうじんのもり）",
        "kind": "kml_poi",
        "content_id": null
      },
      "geometry": {
        "type": "Point",
        "coordinates": [
          133.5327053,
          33.9684832
        ]
      },
      "tippecanoe": {
        "minzoom": 10
      }
    },
    {
      "type": "Feature",
      "properties": {
        "poi_id": "SNT_3857_P0007",
        "route_id": "SNT_3857",
        "source_post_id": 3857,
        "name": "光明寺（山田薬師堂）（こうみょうじ（やまだやくしどう））",
        "kind": "kml_poi",
        "content_id": null
      },
      "geometry": {
        "type": "Point",
        "coordinates": [
          133.5362327,
          33.9659926
        ]
      },
      "tippecanoe": {
        "minzoom": 10
      }
    },
    {
      "type": "Feature",
      "properties": {
        "poi_id": "SNT_3857_P0008",
        "route_id": "SNT_3857",
        "source_post_id": 3857,
        "name": "三島公園（みしまこうえん）",
        "kind": "kml_poi",
        "content_id": null
      },
      "geometry": {
        "type": "Point",
        "coordinates": [
          133.559514,
          33.9722971
        ]
      },
      "tippecanoe": {
        "minzoom": 10
      }
    },
    {
      "type": "Feature",
      "properties": {
        "poi_id": "SNT_3857_P0009",
        "route_id": "SNT_3857",
        "source_post_id": 3857,
        "name": "戸川（疎水）公園（とがわそすいこうえん）",
        "kind": "kml_poi",
        "content_id": null
      },
      "geometry": {
        "type": "Point",
        "coordinates": [
          133.5664198,
          33.9740076
        ]
      },
      "tippecanoe": {
        "minzoom": 10
      }
    },
    {
      "type": "Feature",
      "properties": {
        "poi_id": "SNT_3857_P0010",
        "route_id": "SNT_3857",
        "source_post_id": 3857,
        "name": "第65番札所三角寺（さんかくじ）",
        "kind": "kml_poi",
        "content_id": null
      },
      "geometry": {
        "type": "Point",
        "coordinates": [
          133.5868998,
          33.9675086
        ]
      },
      "tippecanoe": {
        "minzoom": 10
      }
    },
    {
      "type": "Feature",
      "properties": {
        "poi_id": "SNT_4808_P0001",
        "route_id": "SNT_4808",
        "source_post_id": 4808,
        "name": "第65番札所三角寺",
        "kind": "kml_poi",
        "content_id": null
      },
      "geometry": {
        "type": "Point",
        "coordinates": [
          133.5867432,
          33.9675419
        ]
      },
      "tippecanoe": {
        "minzoom": 10
      }
    },
    {
      "type": "Feature",
      "properties": {
        "poi_id": "SNT_4808_P0002",
        "route_id": "SNT_4808",
        "source_post_id": 4808,
        "name": "西方デマンドタクシーのりば",
        "kind": "tourism_spot",
        "content_id": "SNT_4808_S002"
      },
      "geometry": {
        "type": "Point",
        "coordinates": [
          133.6030121,
          33.9772371
        ]
      },
      "tippecanoe": {
        "minzoom": 10
      }
    },
    {
      "type": "Feature",
      "properties": {
        "poi_id": "SNT_4808_P0003",
        "route_id": "SNT_4808",
        "source_post_id": 4808,
        "name": "高速道路下トンネル",
        "kind": "tourism_spot",
        "content_id": "SNT_4808_S003"
      },
      "geometry": {
        "type": "Point",
        "coordinates": [
          133.624469,
          33.98411
        ]
      },
      "tippecanoe": {
        "minzoom": 10
      }
    },
    {
      "type": "Feature",
      "properties": {
        "poi_id": "SNT_4808_P0004",
        "route_id": "SNT_4808",
        "source_post_id": 4808,
        "name": "椿堂",
        "kind": "tourism_spot",
        "content_id": "SNT_4808_S004"
      },
      "geometry": {
        "type": "Point",
        "coordinates": [
          133.6354556,
          33.9897277
        ]
      },
      "tippecanoe": {
        "minzoom": 10
      }
    },
    {
      "type": "Feature",
      "properties": {
        "poi_id": "SNT_4808_P0005",
        "route_id": "SNT_4808",
        "source_post_id": 4808,
        "name": "国道192号線",
        "kind": "kml_poi",
        "content_id": null
      },
      "geometry": {
        "type": "Point",
        "coordinates": [
          133.6393223,
          33.9907152
        ]
      },
      "tippecanoe": {
        "minzoom": 10
      }
    },
    {
      "type": "Feature",
      "properties": {
        "poi_id": "SNT_1183_P0001",
        "route_id": "SNT_1183",
        "source_post_id": 1183,
        "name": "01 起点（案内標識、指導標）",
        "kind": "kml_poi",
        "content_id": null
      },
      "geometry": {
        "type": "Point",
        "coordinates": [
          133.673656,
          33.997714
        ]
      },
      "tippecanoe": {
        "minzoom": 10
      }
    },
    {
      "type": "Feature",
      "properties": {
        "poi_id": "SNT_1183_P0002",
        "route_id": "SNT_1183",
        "source_post_id": 1183,
        "name": "02 金生川",
        "kind": "kml_poi",
        "content_id": null
      },
      "geometry": {
        "type": "Point",
        "coordinates": [
          133.675758,
          33.998592
        ]
      },
      "tippecanoe": {
        "minzoom": 10
      }
    },
    {
      "type": "Feature",
      "properties": {
        "poi_id": "SNT_1183_P0003",
        "route_id": "SNT_1183",
        "source_post_id": 1183,
        "name": "03 サイン・誘導標",
        "kind": "kml_poi",
        "content_id": null
      },
      "geometry": {
        "type": "Point",
        "coordinates": [
          133.67225,
          33.997541
        ]
      },
      "tippecanoe": {
        "minzoom": 10
      }
    },
    {
      "type": "Feature",
      "properties": {
        "poi_id": "SNT_1183_P0004",
        "route_id": "SNT_1183",
        "source_post_id": 1183,
        "name": "04 指導標",
        "kind": "kml_poi",
        "content_id": null
      },
      "geometry": {
        "type": "Point",
        "coordinates": [
          133.673468,
          33.998685
        ]
      },
      "tippecanoe": {
        "minzoom": 10
      }
    },
    {
      "type": "Feature",
      "properties": {
        "poi_id": "SNT_1183_P0005",
        "route_id": "SNT_1183",
        "source_post_id": 1183,
        "name": "05 誘導標",
        "kind": "kml_poi",
        "content_id": null
      },
      "geometry": {
        "type": "Point",
        "coordinates": [
          133.6706,
          33.998582
        ]
      },
      "tippecanoe": {
        "minzoom": 10
      }
    },
    {
      "type": "Feature",
      "properties": {
        "poi_id": "SNT_1183_P0006",
        "route_id": "SNT_1183",
        "source_post_id": 1183,
        "name": "06 誘導標",
        "kind": "kml_poi",
        "content_id": null
      },
      "geometry": {
        "type": "Point",
        "coordinates": [
          133.670468,
          33.999409
        ]
      },
      "tippecanoe": {
        "minzoom": 10
      }
    },
    {
      "type": "Feature",
      "properties": {
        "poi_id": "SNT_1183_P0007",
        "route_id": "SNT_1183",
        "source_post_id": 1183,
        "name": "07 風景",
        "kind": "kml_poi",
        "content_id": null
      },
      "geometry": {
        "type": "Point",
        "coordinates": [
          133.672346,
          34.000636
        ]
      },
      "tippecanoe": {
        "minzoom": 10
      }
    },
    {
      "type": "Feature",
      "properties": {
        "poi_id": "SNT_1183_P0008",
        "route_id": "SNT_1183",
        "source_post_id": 1183,
        "name": "08 誘導標",
        "kind": "kml_poi",
        "content_id": null
      },
      "geometry": {
        "type": "Point",
        "coordinates": [
          133.671923,
          34.000833
        ]
      },
      "tippecanoe": {
        "minzoom": 10
      }
    },
    {
      "type": "Feature",
      "properties": {
        "poi_id": "SNT_1183_P0009",
        "route_id": "SNT_1183",
        "source_post_id": 1183,
        "name": "09 誘導標",
        "kind": "kml_poi",
        "content_id": null
      },
      "geometry": {
        "type": "Point",
        "coordinates": [
          133.672325,
          34.00209
        ]
      },
      "tippecanoe": {
        "minzoom": 10
      }
    },
    {
      "type": "Feature",
      "properties": {
        "poi_id": "SNT_1183_P0010",
        "route_id": "SNT_1183",
        "source_post_id": 1183,
        "name": "10 指導標",
        "kind": "kml_poi",
        "content_id": null
      },
      "geometry": {
        "type": "Point",
        "coordinates": [
          133.671726,
          34.005379
        ]
      },
      "tippecanoe": {
        "minzoom": 10
      }
    },
    {
      "type": "Feature",
      "properties": {
        "poi_id": "SNT_1183_P0011",
        "route_id": "SNT_1183",
        "source_post_id": 1183,
        "name": "11 指導標",
        "kind": "kml_poi",
        "content_id": null
      },
      "geometry": {
        "type": "Point",
        "coordinates": [
          133.676464,
          34.007443
        ]
      },
      "tippecanoe": {
        "minzoom": 10
      }
    },
    {
      "type": "Feature",
      "properties": {
        "poi_id": "SNT_1183_P0012",
        "route_id": "SNT_1183",
        "source_post_id": 1183,
        "name": "12 指導標",
        "kind": "kml_poi",
        "content_id": null
      },
      "geometry": {
        "type": "Point",
        "coordinates": [
          133.678427,
          34.010197
        ]
      },
      "tippecanoe": {
        "minzoom": 10
      }
    },
    {
      "type": "Feature",
      "properties": {
        "poi_id": "SNT_1183_P0013",
        "route_id": "SNT_1183",
        "source_post_id": 1183,
        "name": "13 終点",
        "kind": "kml_poi",
        "content_id": null
      },
      "geometry": {
        "type": "Point",
        "coordinates": [
          133.679607,
          34.011342
        ]
      },
      "tippecanoe": {
        "minzoom": 10
      }
    },
    {
      "type": "Feature",
      "properties": {
        "poi_id": "SNT_1183_P0014",
        "route_id": "SNT_1183",
        "source_post_id": 1183,
        "name": "14 ３県境",
        "kind": "kml_poi",
        "content_id": null
      },
      "geometry": {
        "type": "Point",
        "coordinates": [
          133.679601,
          34.012554
        ]
      },
      "tippecanoe": {
        "minzoom": 10
      }
    },
    {
      "type": "Feature",
      "properties": {
        "poi_id": "SNT_4811_P0001",
        "route_id": "SNT_4811",
        "source_post_id": 4811,
        "name": "河合休憩地",
        "kind": "tourism_spot",
        "content_id": "SNT_4811_S001"
      },
      "geometry": {
        "type": "Point",
        "coordinates": [
          132.9261772,
          33.6708786
        ]
      },
      "tippecanoe": {
        "minzoom": 10
      }
    },
    {
      "type": "Feature",
      "properties": {
        "poi_id": "SNT_4811_P0002",
        "route_id": "SNT_4811",
        "source_post_id": 4811,
        "name": "上黒岩遺跡休憩地",
        "kind": "tourism_spot",
        "content_id": "SNT_4811_S002"
      },
      "geometry": {
        "type": "Point",
        "coordinates": [
          132.9602967,
          33.6178253
        ]
      },
      "tippecanoe": {
        "minzoom": 10
      }
    },
    {
      "type": "Feature",
      "properties": {
        "poi_id": "SNT_4811_P0003",
        "route_id": "SNT_4811",
        "source_post_id": 4811,
        "name": "旧山中家住宅",
        "kind": "tourism_spot",
        "content_id": "SNT_4811_S003"
      },
      "geometry": {
        "type": "Point",
        "coordinates": [
          132.9607151,
          33.6198534
        ]
      },
      "tippecanoe": {
        "minzoom": 10
      }
    },
    {
      "type": "Feature",
      "properties": {
        "poi_id": "SNT_4811_P0004",
        "route_id": "SNT_4811",
        "source_post_id": 4811,
        "name": "道の駅みかわ",
        "kind": "tourism_spot",
        "content_id": "SNT_4811_S004"
      },
      "geometry": {
        "type": "Point",
        "coordinates": [
          132.9697976,
          33.6142939
        ]
      },
      "tippecanoe": {
        "minzoom": 10
      }
    },
    {
      "type": "Feature",
      "properties": {
        "poi_id": "SNT_4811_P0005",
        "route_id": "SNT_4811",
        "source_post_id": 4811,
        "name": "御三戸嶽",
        "kind": "tourism_spot",
        "content_id": "SNT_4811_S005"
      },
      "geometry": {
        "type": "Point",
        "coordinates": [
          132.9771136,
          33.6133409
        ]
      },
      "tippecanoe": {
        "minzoom": 10
      }
    },
    {
      "type": "Feature",
      "properties": {
        "poi_id": "SNT_4811_P0006",
        "route_id": "SNT_4811",
        "source_post_id": 4811,
        "name": "惣津山",
        "kind": "kml_poi",
        "content_id": null
      },
      "geometry": {
        "type": "Point",
        "coordinates": [
          132.9807889,
          33.6007307
        ]
      },
      "tippecanoe": {
        "minzoom": 10
      }
    },
    {
      "type": "Feature",
      "properties": {
        "poi_id": "SNT_4813_P0001",
        "route_id": "SNT_4813",
        "source_post_id": 4813,
        "name": "指導標",
        "kind": "kml_poi",
        "content_id": null
      },
      "geometry": {
        "type": "Point",
        "coordinates": [
          132.9808411,
          33.600649
        ]
      },
      "tippecanoe": {
        "minzoom": 10
      }
    },
    {
      "type": "Feature",
      "properties": {
        "poi_id": "SNT_4813_P0002",
        "route_id": "SNT_4813",
        "source_post_id": 4813,
        "name": "惣津山",
        "kind": "tourism_spot",
        "content_id": "SNT_4813_S002"
      },
      "geometry": {
        "type": "Point",
        "coordinates": [
          132.9809752,
          33.6005373
        ]
      },
      "tippecanoe": {
        "minzoom": 10
      }
    },
    {
      "type": "Feature",
      "properties": {
        "poi_id": "SNT_4813_P0003",
        "route_id": "SNT_4813",
        "source_post_id": 4813,
        "name": "光明寺",
        "kind": "tourism_spot",
        "content_id": "SNT_4813_S003"
      },
      "geometry": {
        "type": "Point",
        "coordinates": [
          132.986143,
          33.5911276
        ]
      },
      "tippecanoe": {
        "minzoom": 10
      }
    },
    {
      "type": "Feature",
      "properties": {
        "poi_id": "SNT_4813_P0004",
        "route_id": "SNT_4813",
        "source_post_id": 4813,
        "name": "休憩地",
        "kind": "tourism_spot",
        "content_id": "SNT_4813_S004"
      },
      "geometry": {
        "type": "Point",
        "coordinates": [
          132.9794505,
          33.5894144
        ]
      },
      "tippecanoe": {
        "minzoom": 10
      }
    },
    {
      "type": "Feature",
      "properties": {
        "poi_id": "SNT_4813_P0005",
        "route_id": "SNT_4813",
        "source_post_id": 4813,
        "name": "松原神社",
        "kind": "tourism_spot",
        "content_id": "SNT_4813_S005"
      },
      "geometry": {
        "type": "Point",
        "coordinates": [
          132.9739125,
          33.5887493
        ]
      },
      "tippecanoe": {
        "minzoom": 10
      }
    },
    {
      "type": "Feature",
      "properties": {
        "poi_id": "SNT_4813_P0006",
        "route_id": "SNT_4813",
        "source_post_id": 4813,
        "name": "大谷地区",
        "kind": "tourism_spot",
        "content_id": "SNT_4813_S006"
      },
      "geometry": {
        "type": "Point",
        "coordinates": [
          132.9677013,
          33.5893456
        ]
      },
      "tippecanoe": {
        "minzoom": 10
      }
    },
    {
      "type": "Feature",
      "properties": {
        "poi_id": "SNT_4813_P0007",
        "route_id": "SNT_4813",
        "source_post_id": 4813,
        "name": "旧美川スキー場休憩地",
        "kind": "kml_poi",
        "content_id": null
      },
      "geometry": {
        "type": "Point",
        "coordinates": [
          132.9480268,
          33.5874691
        ]
      },
      "tippecanoe": {
        "minzoom": 10
      }
    },
    {
      "type": "Feature",
      "properties": {
        "poi_id": "SNT_1973_P0001",
        "route_id": "SNT_1973",
        "source_post_id": 1973,
        "name": "久万高原町ハイランドパークみかわ（旧美川スキー場）休憩地",
        "kind": "tourism_spot",
        "content_id": "SNT_1973_S001"
      },
      "geometry": {
        "type": "Point",
        "coordinates": [
          132.9479524,
          33.5872798
        ]
      },
      "tippecanoe": {
        "minzoom": 10
      }
    },
    {
      "type": "Feature",
      "properties": {
        "poi_id": "SNT_1973_P0002",
        "route_id": "SNT_1973",
        "source_post_id": 1973,
        "name": "露峰の風車（つゆみねのふうしゃ）",
        "kind": "tourism_spot",
        "content_id": "SNT_1973_S002"
      },
      "geometry": {
        "type": "Point",
        "coordinates": [
          132.9200613,
          33.5896284
        ]
      },
      "tippecanoe": {
        "minzoom": 10
      }
    },
    {
      "type": "Feature",
      "properties": {
        "poi_id": "SNT_1973_P0003",
        "route_id": "SNT_1973",
        "source_post_id": 1973,
        "name": "ほうじが峠（ほうじがとうげ）",
        "kind": "tourism_spot",
        "content_id": "SNT_1973_S003"
      },
      "geometry": {
        "type": "Point",
        "coordinates": [
          132.8973045,
          33.5853661
        ]
      },
      "tippecanoe": {
        "minzoom": 10
      }
    },
    {
      "type": "Feature",
      "properties": {
        "poi_id": "SNT_1973_P0004",
        "route_id": "SNT_1973",
        "source_post_id": 1973,
        "name": "廃屋（はいおく）",
        "kind": "tourism_spot",
        "content_id": "SNT_1973_S004"
      },
      "geometry": {
        "type": "Point",
        "coordinates": [
          132.8970244,
          33.5724618
        ]
      },
      "tippecanoe": {
        "minzoom": 10
      }
    },
    {
      "type": "Feature",
      "properties": {
        "poi_id": "SNT_1973_P0005",
        "route_id": "SNT_1973",
        "source_post_id": 1973,
        "name": "小田スキー場分岐（おだすきーじょうぶんき）",
        "kind": "kml_poi",
        "content_id": null
      },
      "geometry": {
        "type": "Point",
        "coordinates": [
          132.8922893,
          33.537669
        ]
      },
      "tippecanoe": {
        "minzoom": 10
      }
    },
    {
      "type": "Feature",
      "properties": {
        "poi_id": "SNT_1973_P0006",
        "route_id": "SNT_1973",
        "source_post_id": 1973,
        "name": "小田深山渓谷（おだみやまけいこく）",
        "kind": "tourism_spot",
        "content_id": "SNT_1973_S006"
      },
      "geometry": {
        "type": "Point",
        "coordinates": [
          132.8912594,
          33.5361129
        ]
      },
      "tippecanoe": {
        "minzoom": 10
      }
    },
    {
      "type": "Feature",
      "properties": {
        "poi_id": "SNT_1973_P0007",
        "route_id": "SNT_1973",
        "source_post_id": 1973,
        "name": "安芸貞渕（あきさだぶち）",
        "kind": "tourism_spot",
        "content_id": "SNT_1973_S007"
      },
      "geometry": {
        "type": "Point",
        "coordinates": [
          132.8911735,
          33.5354512
        ]
      },
      "tippecanoe": {
        "minzoom": 10
      }
    },
    {
      "type": "Feature",
      "properties": {
        "poi_id": "SNT_1973_P0008",
        "route_id": "SNT_1973",
        "source_post_id": 1973,
        "name": "五色河原（ごしきかわら）",
        "kind": "tourism_spot",
        "content_id": "SNT_1973_S008"
      },
      "geometry": {
        "type": "Point",
        "coordinates": [
          132.8933119,
          33.5330301
        ]
      },
      "tippecanoe": {
        "minzoom": 10
      }
    },
    {
      "type": "Feature",
      "properties": {
        "poi_id": "SNT_1973_P0009",
        "route_id": "SNT_1973",
        "source_post_id": 1973,
        "name": "廻り岩（まわりいわ）",
        "kind": "tourism_spot",
        "content_id": "SNT_1973_S009"
      },
      "geometry": {
        "type": "Point",
        "coordinates": [
          132.8944203,
          33.5324449
        ]
      },
      "tippecanoe": {
        "minzoom": 10
      }
    },
    {
      "type": "Feature",
      "properties": {
        "poi_id": "SNT_1973_P0010",
        "route_id": "SNT_1973",
        "source_post_id": 1973,
        "name": "終点",
        "kind": "tourism_spot",
        "content_id": "SNT_1973_S011"
      },
      "geometry": {
        "type": "Point",
        "coordinates": [
          132.8935972,
          33.5300897
        ]
      },
      "tippecanoe": {
        "minzoom": 10
      }
    },
    {
      "type": "Feature",
      "properties": {
        "poi_id": "SNT_5533_P0001",
        "route_id": "SNT_5533",
        "source_post_id": 5533,
        "name": "起点　小田深山休憩地",
        "kind": "tourism_spot",
        "content_id": "SNT_5533_S001"
      },
      "geometry": {
        "type": "Point",
        "coordinates": [
          132.89336,
          33.53048
        ]
      },
      "tippecanoe": {
        "minzoom": 10
      }
    },
    {
      "type": "Feature",
      "properties": {
        "poi_id": "SNT_5533_P0002",
        "route_id": "SNT_5533",
        "source_post_id": 5533,
        "name": "古味（こみ）バス停",
        "kind": "tourism_spot",
        "content_id": "SNT_5533_S002"
      },
      "geometry": {
        "type": "Point",
        "coordinates": [
          132.9537,
          33.50157
        ]
      },
      "tippecanoe": {
        "minzoom": 10
      }
    },
    {
      "type": "Feature",
      "properties": {
        "poi_id": "SNT_5533_P0003",
        "route_id": "SNT_5533",
        "source_post_id": 5533,
        "name": "解説板",
        "kind": "tourism_spot",
        "content_id": "SNT_5533_S003"
      },
      "geometry": {
        "type": "Point",
        "coordinates": [
          132.88501,
          33.47699
        ]
      },
      "tippecanoe": {
        "minzoom": 10
      }
    },
    {
      "type": "Feature",
      "properties": {
        "poi_id": "SNT_5533_P0004",
        "route_id": "SNT_5533",
        "source_post_id": 5533,
        "name": "大野ヶ原休憩地",
        "kind": "tourism_spot",
        "content_id": "SNT_5533_S004"
      },
      "geometry": {
        "type": "Point",
        "coordinates": [
          132.87434,
          33.47994
        ]
      },
      "tippecanoe": {
        "minzoom": 10
      }
    },
    {
      "type": "Feature",
      "properties": {
        "poi_id": "SNT_5533_P0005",
        "route_id": "SNT_5533",
        "source_post_id": 5533,
        "name": "ブナ原生林",
        "kind": "tourism_spot",
        "content_id": "SNT_5533_S005"
      },
      "geometry": {
        "type": "Point",
        "coordinates": [
          132.8653,
          33.49007
        ]
      },
      "tippecanoe": {
        "minzoom": 10
      }
    },
    {
      "type": "Feature",
      "properties": {
        "poi_id": "SNT_5533_P0006",
        "route_id": "SNT_5533",
        "source_post_id": 5533,
        "name": "終点　指導標",
        "kind": "tourism_spot",
        "content_id": "SNT_5533_S006"
      },
      "geometry": {
        "type": "Point",
        "coordinates": [
          132.8671492,
          33.499919
        ]
      },
      "tippecanoe": {
        "minzoom": 10
      }
    },
    {
      "type": "Feature",
      "properties": {
        "poi_id": "SNT_951_P0001",
        "route_id": "SNT_951",
        "source_post_id": 951,
        "name": "13 サイン・標識",
        "kind": "kml_poi",
        "content_id": null
      },
      "geometry": {
        "type": "Point",
        "coordinates": [
          132.939796,
          33.471974
        ]
      },
      "tippecanoe": {
        "minzoom": 10
      }
    },
    {
      "type": "Feature",
      "properties": {
        "poi_id": "SNT_951_P0002",
        "route_id": "SNT_951",
        "source_post_id": 951,
        "name": "14 指導標",
        "kind": "kml_poi",
        "content_id": null
      },
      "geometry": {
        "type": "Point",
        "coordinates": [
          132.936436,
          33.472811
        ]
      },
      "tippecanoe": {
        "minzoom": 10
      }
    },
    {
      "type": "Feature",
      "properties": {
        "poi_id": "SNT_951_P0003",
        "route_id": "SNT_951",
        "source_post_id": 951,
        "name": "15 風景",
        "kind": "kml_poi",
        "content_id": null
      },
      "geometry": {
        "type": "Point",
        "coordinates": [
          132.931575,
          33.468116
        ]
      },
      "tippecanoe": {
        "minzoom": 10
      }
    },
    {
      "type": "Feature",
      "properties": {
        "poi_id": "SNT_951_P0004",
        "route_id": "SNT_951",
        "source_post_id": 951,
        "name": "16 誘導標",
        "kind": "kml_poi",
        "content_id": null
      },
      "geometry": {
        "type": "Point",
        "coordinates": [
          132.926535,
          33.466769
        ]
      },
      "tippecanoe": {
        "minzoom": 10
      }
    },
    {
      "type": "Feature",
      "properties": {
        "poi_id": "SNT_951_P0005",
        "route_id": "SNT_951",
        "source_post_id": 951,
        "name": "17 指導標",
        "kind": "kml_poi",
        "content_id": null
      },
      "geometry": {
        "type": "Point",
        "coordinates": [
          132.916024,
          33.464602
        ]
      },
      "tippecanoe": {
        "minzoom": 10
      }
    },
    {
      "type": "Feature",
      "properties": {
        "poi_id": "SNT_951_P0006",
        "route_id": "SNT_951",
        "source_post_id": 951,
        "name": "18 誘導標",
        "kind": "kml_poi",
        "content_id": null
      },
      "geometry": {
        "type": "Point",
        "coordinates": [
          132.904957,
          33.46895
        ]
      },
      "tippecanoe": {
        "minzoom": 10
      }
    },
    {
      "type": "Feature",
      "properties": {
        "poi_id": "SNT_951_P0007",
        "route_id": "SNT_951",
        "source_post_id": 951,
        "name": "19 指導標",
        "kind": "kml_poi",
        "content_id": null
      },
      "geometry": {
        "type": "Point",
        "coordinates": [
          132.896851,
          33.471856
        ]
      },
      "tippecanoe": {
        "minzoom": 10
      }
    },
    {
      "type": "Feature",
      "properties": {
        "poi_id": "SNT_951_P0008",
        "route_id": "SNT_951",
        "source_post_id": 951,
        "name": "20 誘導標",
        "kind": "kml_poi",
        "content_id": null
      },
      "geometry": {
        "type": "Point",
        "coordinates": [
          132.889166,
          33.473581
        ]
      },
      "tippecanoe": {
        "minzoom": 10
      }
    },
    {
      "type": "Feature",
      "properties": {
        "poi_id": "SNT_951_P0009",
        "route_id": "SNT_951",
        "source_post_id": 951,
        "name": "21 ポニー牧場・源氏が駄馬・風景",
        "kind": "kml_poi",
        "content_id": null
      },
      "geometry": {
        "type": "Point",
        "coordinates": [
          132.883277,
          33.474056
        ]
      },
      "tippecanoe": {
        "minzoom": 10
      }
    },
    {
      "type": "Feature",
      "properties": {
        "poi_id": "SNT_951_P0010",
        "route_id": "SNT_951",
        "source_post_id": 951,
        "name": "22 誘導標",
        "kind": "kml_poi",
        "content_id": null
      },
      "geometry": {
        "type": "Point",
        "coordinates": [
          132.88144,
          33.473657
        ]
      },
      "tippecanoe": {
        "minzoom": 10
      }
    },
    {
      "type": "Feature",
      "properties": {
        "poi_id": "SNT_951_P0011",
        "route_id": "SNT_951",
        "source_post_id": 951,
        "name": "23 風景・大野ヶ原",
        "kind": "kml_poi",
        "content_id": null
      },
      "geometry": {
        "type": "Point",
        "coordinates": [
          132.878695,
          33.476816
        ]
      },
      "tippecanoe": {
        "minzoom": 10
      }
    },
    {
      "type": "Feature",
      "properties": {
        "poi_id": "SNT_951_P0012",
        "route_id": "SNT_951",
        "source_post_id": 951,
        "name": "24 指導標",
        "kind": "kml_poi",
        "content_id": null
      },
      "geometry": {
        "type": "Point",
        "coordinates": [
          132.877494,
          33.478832
        ]
      },
      "tippecanoe": {
        "minzoom": 10
      }
    },
    {
      "type": "Feature",
      "properties": {
        "poi_id": "SNT_951_P0013",
        "route_id": "SNT_951",
        "source_post_id": 951,
        "name": "25 休憩所",
        "kind": "kml_poi",
        "content_id": null
      },
      "geometry": {
        "type": "Point",
        "coordinates": [
          132.874688,
          33.479717
        ]
      },
      "tippecanoe": {
        "minzoom": 10
      }
    },
    {
      "type": "Feature",
      "properties": {
        "poi_id": "SNT_949_P0001",
        "route_id": "SNT_949",
        "source_post_id": 949,
        "name": "01 風景　牛",
        "kind": "kml_poi",
        "content_id": null
      },
      "geometry": {
        "type": "Point",
        "coordinates": [
          132.994093,
          33.475826
        ]
      },
      "tippecanoe": {
        "minzoom": 10
      }
    },
    {
      "type": "Feature",
      "properties": {
        "poi_id": "SNT_949_P0002",
        "route_id": "SNT_949",
        "source_post_id": 949,
        "name": "02 風景",
        "kind": "kml_poi",
        "content_id": null
      },
      "geometry": {
        "type": "Point",
        "coordinates": [
          132.994093,
          33.475826
        ]
      },
      "tippecanoe": {
        "minzoom": 10
      }
    },
    {
      "type": "Feature",
      "properties": {
        "poi_id": "SNT_949_P0003",
        "route_id": "SNT_949",
        "source_post_id": 949,
        "name": "03 指導標・看板",
        "kind": "kml_poi",
        "content_id": null
      },
      "geometry": {
        "type": "Point",
        "coordinates": [
          132.994093,
          33.475826
        ]
      },
      "tippecanoe": {
        "minzoom": 10
      }
    },
    {
      "type": "Feature",
      "properties": {
        "poi_id": "SNT_949_P0004",
        "route_id": "SNT_949",
        "source_post_id": 949,
        "name": "04 風景",
        "kind": "kml_poi",
        "content_id": null
      },
      "geometry": {
        "type": "Point",
        "coordinates": [
          132.981003,
          33.471745
        ]
      },
      "tippecanoe": {
        "minzoom": 10
      }
    },
    {
      "type": "Feature",
      "properties": {
        "poi_id": "SNT_949_P0005",
        "route_id": "SNT_949",
        "source_post_id": 949,
        "name": "05 案内看板・トイレ",
        "kind": "kml_poi",
        "content_id": null
      },
      "geometry": {
        "type": "Point",
        "coordinates": [
          132.977213,
          33.477224
        ]
      },
      "tippecanoe": {
        "minzoom": 10
      }
    },
    {
      "type": "Feature",
      "properties": {
        "poi_id": "SNT_949_P0006",
        "route_id": "SNT_949",
        "source_post_id": 949,
        "name": "06 ブナ",
        "kind": "kml_poi",
        "content_id": null
      },
      "geometry": {
        "type": "Point",
        "coordinates": [
          132.98933,
          33.477992
        ]
      },
      "tippecanoe": {
        "minzoom": 10
      }
    },
    {
      "type": "Feature",
      "properties": {
        "poi_id": "SNT_949_P0007",
        "route_id": "SNT_949",
        "source_post_id": 949,
        "name": "07 大トチの木",
        "kind": "kml_poi",
        "content_id": null
      },
      "geometry": {
        "type": "Point",
        "coordinates": [
          132.992979,
          33.478942
        ]
      },
      "tippecanoe": {
        "minzoom": 10
      }
    },
    {
      "type": "Feature",
      "properties": {
        "poi_id": "SNT_949_P0008",
        "route_id": "SNT_949",
        "source_post_id": 949,
        "name": "08 風景",
        "kind": "kml_poi",
        "content_id": null
      },
      "geometry": {
        "type": "Point",
        "coordinates": [
          132.963776,
          33.470603
        ]
      },
      "tippecanoe": {
        "minzoom": 10
      }
    },
    {
      "type": "Feature",
      "properties": {
        "poi_id": "SNT_949_P0009",
        "route_id": "SNT_949",
        "source_post_id": 949,
        "name": "09 姫鶴荘・キャンプ場",
        "kind": "kml_poi",
        "content_id": null
      },
      "geometry": {
        "type": "Point",
        "coordinates": [
          132.961691,
          33.466957
        ]
      },
      "tippecanoe": {
        "minzoom": 10
      }
    },
    {
      "type": "Feature",
      "properties": {
        "poi_id": "SNT_949_P0010",
        "route_id": "SNT_949",
        "source_post_id": 949,
        "name": "10 誘導標",
        "kind": "kml_poi",
        "content_id": null
      },
      "geometry": {
        "type": "Point",
        "coordinates": [
          132.973851,
          33.47099
        ]
      },
      "tippecanoe": {
        "minzoom": 10
      }
    },
    {
      "type": "Feature",
      "properties": {
        "poi_id": "SNT_949_P0011",
        "route_id": "SNT_949",
        "source_post_id": 949,
        "name": "11 解説版と標識",
        "kind": "kml_poi",
        "content_id": null
      },
      "geometry": {
        "type": "Point",
        "coordinates": [
          132.947881,
          33.468503
        ]
      },
      "tippecanoe": {
        "minzoom": 10
      }
    },
    {
      "type": "Feature",
      "properties": {
        "poi_id": "SNT_949_P0012",
        "route_id": "SNT_949",
        "source_post_id": 949,
        "name": "12 誘導標",
        "kind": "kml_poi",
        "content_id": null
      },
      "geometry": {
        "type": "Point",
        "coordinates": [
          132.946162,
          33.470626
        ]
      },
      "tippecanoe": {
        "minzoom": 10
      }
    },
    {
      "type": "Feature",
      "properties": {
        "poi_id": "SNT_949_P0013",
        "route_id": "SNT_949",
        "source_post_id": 949,
        "name": "13 サイン・標識",
        "kind": "kml_poi",
        "content_id": null
      },
      "geometry": {
        "type": "Point",
        "coordinates": [
          132.939796,
          33.471974
        ]
      },
      "tippecanoe": {
        "minzoom": 10
      }
    },
    {
      "type": "Feature",
      "properties": {
        "poi_id": "SNT_2403_P0001",
        "route_id": "SNT_2403",
        "source_post_id": 2403,
        "name": "白浜海水浴場",
        "kind": "tourism_spot",
        "content_id": "SNT_2403_S001"
      },
      "geometry": {
        "type": "Point",
        "coordinates": [
          134.294654,
          33.542513
        ]
      },
      "tippecanoe": {
        "minzoom": 10
      }
    },
    {
      "type": "Feature",
      "properties": {
        "poi_id": "SNT_2403_P0002",
        "route_id": "SNT_2403",
        "source_post_id": 2403,
        "name": "生見海岸",
        "kind": "tourism_spot",
        "content_id": "SNT_2403_S002"
      },
      "geometry": {
        "type": "Point",
        "coordinates": [
          134.283108,
          33.524492
        ]
      },
      "tippecanoe": {
        "minzoom": 10
      }
    },
    {
      "type": "Feature",
      "properties": {
        "poi_id": "SNT_2403_P0003",
        "route_id": "SNT_2403",
        "source_post_id": 2403,
        "name": "甲浦港",
        "kind": "tourism_spot",
        "content_id": "SNT_2403_S003"
      },
      "geometry": {
        "type": "Point",
        "coordinates": [
          134.300597,
          33.544323
        ]
      },
      "tippecanoe": {
        "minzoom": 10
      }
    },
    {
      "type": "Feature",
      "properties": {
        "poi_id": "SNT_2403_P0004",
        "route_id": "SNT_2403",
        "source_post_id": 2403,
        "name": "撮影ポイント",
        "kind": "kml_poi",
        "content_id": null
      },
      "geometry": {
        "type": "Point",
        "coordinates": [
          134.305565,
          33.550916
        ]
      },
      "tippecanoe": {
        "minzoom": 10
      }
    },
    {
      "type": "Feature",
      "properties": {
        "poi_id": "SNT_4815_P0001",
        "route_id": "SNT_4815",
        "source_post_id": 4815,
        "name": "二本松",
        "kind": "tourism_spot",
        "content_id": "SNT_4815_S001"
      },
      "geometry": {
        "type": "Point",
        "coordinates": [
          134.2621124,
          33.5050265
        ]
      },
      "tippecanoe": {
        "minzoom": 10
      }
    },
    {
      "type": "Feature",
      "properties": {
        "poi_id": "SNT_4815_P0002",
        "route_id": "SNT_4815",
        "source_post_id": 4815,
        "name": "四郎ヶ野峠",
        "kind": "tourism_spot",
        "content_id": "SNT_4815_S002"
      },
      "geometry": {
        "type": "Point",
        "coordinates": [
          134.212686,
          33.506493
        ]
      },
      "tippecanoe": {
        "minzoom": 10
      }
    },
    {
      "type": "Feature",
      "properties": {
        "poi_id": "SNT_4815_P0003",
        "route_id": "SNT_4815",
        "source_post_id": 4815,
        "name": "花折峠",
        "kind": "tourism_spot",
        "content_id": "SNT_4815_S003"
      },
      "geometry": {
        "type": "Point",
        "coordinates": [
          134.21016,
          33.49711
        ]
      },
      "tippecanoe": {
        "minzoom": 10
      }
    },
    {
      "type": "Feature",
      "properties": {
        "poi_id": "SNT_4815_P0004",
        "route_id": "SNT_4815",
        "source_post_id": 4815,
        "name": "地藏峠",
        "kind": "kml_poi",
        "content_id": null
      },
      "geometry": {
        "type": "Point",
        "coordinates": [
          134.1746363,
          33.4833022
        ]
      },
      "tippecanoe": {
        "minzoom": 10
      }
    },
    {
      "type": "Feature",
      "properties": {
        "poi_id": "SNT_4815_P0005",
        "route_id": "SNT_4815",
        "source_post_id": 4815,
        "name": "岩佐関所跡",
        "kind": "tourism_spot",
        "content_id": "SNT_4815_S005"
      },
      "geometry": {
        "type": "Point",
        "coordinates": [
          134.1558284,
          33.476796
        ]
      },
      "tippecanoe": {
        "minzoom": 10
      }
    },
    {
      "type": "Feature",
      "properties": {
        "poi_id": "SNT_4817_P0001",
        "route_id": "SNT_4817",
        "source_post_id": 4817,
        "name": "加奈木の崩え",
        "kind": "kml_poi",
        "content_id": null
      },
      "geometry": {
        "type": "Point",
        "coordinates": [
          134.1458892,
          33.470609
        ]
      },
      "tippecanoe": {
        "minzoom": 10
      }
    },
    {
      "type": "Feature",
      "properties": {
        "poi_id": "SNT_4817_P0002",
        "route_id": "SNT_4817",
        "source_post_id": 4817,
        "name": "装束峠",
        "kind": "kml_poi",
        "content_id": null
      },
      "geometry": {
        "type": "Point",
        "coordinates": [
          134.1348729,
          33.4739569
        ]
      },
      "tippecanoe": {
        "minzoom": 10
      }
    },
    {
      "type": "Feature",
      "properties": {
        "poi_id": "SNT_4817_P0003",
        "route_id": "SNT_4817",
        "source_post_id": 4817,
        "name": "熊笹峠",
        "kind": "kml_poi",
        "content_id": null
      },
      "geometry": {
        "type": "Point",
        "coordinates": [
          134.1326109,
          33.4745205
        ]
      },
      "tippecanoe": {
        "minzoom": 10
      }
    },
    {
      "type": "Feature",
      "properties": {
        "poi_id": "SNT_4817_P0004",
        "route_id": "SNT_4817",
        "source_post_id": 4817,
        "name": "宿屋杉",
        "kind": "tourism_spot",
        "content_id": "SNT_4817_S004"
      },
      "geometry": {
        "type": "Point",
        "coordinates": [
          134.1256142,
          33.4674915
        ]
      },
      "tippecanoe": {
        "minzoom": 10
      }
    },
    {
      "type": "Feature",
      "properties": {
        "poi_id": "SNT_4817_P0005",
        "route_id": "SNT_4817",
        "source_post_id": 4817,
        "name": "送り番所跡",
        "kind": "tourism_spot",
        "content_id": "SNT_4817_S005"
      },
      "geometry": {
        "type": "Point",
        "coordinates": [
          134.023725,
          33.4257691
        ]
      },
      "tippecanoe": {
        "minzoom": 10
      }
    },
    {
      "type": "Feature",
      "properties": {
        "poi_id": "SNT_2380_P0001",
        "route_id": "SNT_2380",
        "source_post_id": 2380,
        "name": "安田八幡宮（旧郷社）",
        "kind": "tourism_spot",
        "content_id": "SNT_2380_S001"
      },
      "geometry": {
        "type": "Point",
        "coordinates": [
          133.9805892,
          33.4386917
        ]
      },
      "tippecanoe": {
        "minzoom": 10
      }
    },
    {
      "type": "Feature",
      "properties": {
        "poi_id": "SNT_2380_P0002",
        "route_id": "SNT_2380",
        "source_post_id": 2380,
        "name": "神峯寺",
        "kind": "kml_poi",
        "content_id": null
      },
      "geometry": {
        "type": "Point",
        "coordinates": [
          133.9747451,
          33.4675746
        ]
      },
      "tippecanoe": {
        "minzoom": 10
      }
    },
    {
      "type": "Feature",
      "properties": {
        "poi_id": "SNT_2380_P0003",
        "route_id": "SNT_2380",
        "source_post_id": 2380,
        "name": "神峯神社",
        "kind": "tourism_spot",
        "content_id": "SNT_2380_S003"
      },
      "geometry": {
        "type": "Point",
        "coordinates": [
          133.975242,
          33.4686603
        ]
      },
      "tippecanoe": {
        "minzoom": 10
      }
    },
    {
      "type": "Feature",
      "properties": {
        "poi_id": "SNT_2380_P0004",
        "route_id": "SNT_2380",
        "source_post_id": 2380,
        "name": "燈明岩",
        "kind": "kml_poi",
        "content_id": null
      },
      "geometry": {
        "type": "Point",
        "coordinates": [
          133.9756617,
          33.4690899
        ]
      },
      "tippecanoe": {
        "minzoom": 10
      }
    },
    {
      "type": "Feature",
      "properties": {
        "poi_id": "SNT_2380_P0005",
        "route_id": "SNT_2380",
        "source_post_id": 2380,
        "name": "空海腰かけ岩",
        "kind": "tourism_spot",
        "content_id": "SNT_2380_S005"
      },
      "geometry": {
        "type": "Point",
        "coordinates": [
          133.9756944,
          33.4690884
        ]
      },
      "tippecanoe": {
        "minzoom": 10
      }
    },
    {
      "type": "Feature",
      "properties": {
        "poi_id": "SNT_2380_P0006",
        "route_id": "SNT_2380",
        "source_post_id": 2380,
        "name": "休憩所",
        "kind": "tourism_spot",
        "content_id": "SNT_2380_S006"
      },
      "geometry": {
        "type": "Point",
        "coordinates": [
          133.9758983,
          33.4691877
        ]
      },
      "tippecanoe": {
        "minzoom": 10
      }
    },
    {
      "type": "Feature",
      "properties": {
        "poi_id": "SNT_2428_P0001",
        "route_id": "SNT_2428",
        "source_post_id": 2428,
        "name": "安芸市立書道美術館",
        "kind": "tourism_spot",
        "content_id": "SNT_2428_S001"
      },
      "geometry": {
        "type": "Point",
        "coordinates": [
          133.913215,
          33.519405
        ]
      },
      "tippecanoe": {
        "minzoom": 10
      }
    },
    {
      "type": "Feature",
      "properties": {
        "poi_id": "SNT_2428_P0002",
        "route_id": "SNT_2428",
        "source_post_id": 2428,
        "name": "安芸城跡",
        "kind": "tourism_spot",
        "content_id": "SNT_2428_S002"
      },
      "geometry": {
        "type": "Point",
        "coordinates": [
          133.912584,
          33.519885
        ]
      },
      "tippecanoe": {
        "minzoom": 10
      }
    },
    {
      "type": "Feature",
      "properties": {
        "poi_id": "SNT_2428_P0003",
        "route_id": "SNT_2428",
        "source_post_id": 2428,
        "name": "野良時計",
        "kind": "tourism_spot",
        "content_id": "SNT_2428_S003"
      },
      "geometry": {
        "type": "Point",
        "coordinates": [
          133.911595,
          33.515784
        ]
      },
      "tippecanoe": {
        "minzoom": 10
      }
    },
    {
      "type": "Feature",
      "properties": {
        "poi_id": "SNT_2428_P0004",
        "route_id": "SNT_2428",
        "source_post_id": 2428,
        "name": "安芸広域公園及び内原野陶芸館",
        "kind": "kml_poi",
        "content_id": null
      },
      "geometry": {
        "type": "Point",
        "coordinates": [
          133.911424,
          33.528226
        ]
      },
      "tippecanoe": {
        "minzoom": 10
      }
    },
    {
      "type": "Feature",
      "properties": {
        "poi_id": "SNT_2428_P0005",
        "route_id": "SNT_2428",
        "source_post_id": 2428,
        "name": "内原野公園",
        "kind": "tourism_spot",
        "content_id": "SNT_2428_S006"
      },
      "geometry": {
        "type": "Point",
        "coordinates": [
          133.914538,
          33.536797
        ]
      },
      "tippecanoe": {
        "minzoom": 10
      }
    },
    {
      "type": "Feature",
      "properties": {
        "poi_id": "SNT_2428_P0006",
        "route_id": "SNT_2428",
        "source_post_id": 2428,
        "name": "岩崎弥太郎生家",
        "kind": "tourism_spot",
        "content_id": "SNT_2428_S007"
      },
      "geometry": {
        "type": "Point",
        "coordinates": [
          133.899974,
          33.525981
        ]
      },
      "tippecanoe": {
        "minzoom": 10
      }
    },
    {
      "type": "Feature",
      "properties": {
        "poi_id": "SNT_2428_P0007",
        "route_id": "SNT_2428",
        "source_post_id": 2428,
        "name": "浄貞寺",
        "kind": "tourism_spot",
        "content_id": "SNT_2428_S008"
      },
      "geometry": {
        "type": "Point",
        "coordinates": [
          133.895163,
          33.5084
        ]
      },
      "tippecanoe": {
        "minzoom": 10
      }
    },
    {
      "type": "Feature",
      "properties": {
        "poi_id": "SNT_2428_P0008",
        "route_id": "SNT_2428",
        "source_post_id": 2428,
        "name": "撮影ポイント",
        "kind": "kml_poi",
        "content_id": null
      },
      "geometry": {
        "type": "Point",
        "coordinates": [
          133.900168,
          33.525809
        ]
      },
      "tippecanoe": {
        "minzoom": 10
      }
    },
    {
      "type": "Feature",
      "properties": {
        "poi_id": "SNT_2428_P0009",
        "route_id": "SNT_2428",
        "source_post_id": 2428,
        "name": "指導標",
        "kind": "kml_poi",
        "content_id": null
      },
      "geometry": {
        "type": "Point",
        "coordinates": [
          133.913066,
          33.49944
        ]
      },
      "tippecanoe": {
        "minzoom": 10
      }
    },
    {
      "type": "Feature",
      "properties": {
        "poi_id": "SNT_2428_P0010",
        "route_id": "SNT_2428",
        "source_post_id": 2428,
        "name": "案内板",
        "kind": "kml_poi",
        "content_id": null
      },
      "geometry": {
        "type": "Point",
        "coordinates": [
          133.913216,
          33.499762
        ]
      },
      "tippecanoe": {
        "minzoom": 10
      }
    },
    {
      "type": "Feature",
      "properties": {
        "poi_id": "SNT_2428_P0011",
        "route_id": "SNT_2428",
        "source_post_id": 2428,
        "name": "指導標",
        "kind": "kml_poi",
        "content_id": null
      },
      "geometry": {
        "type": "Point",
        "coordinates": [
          133.914505,
          33.518983
        ]
      },
      "tippecanoe": {
        "minzoom": 10
      }
    },
    {
      "type": "Feature",
      "properties": {
        "poi_id": "SNT_2428_P0012",
        "route_id": "SNT_2428",
        "source_post_id": 2428,
        "name": "指導標",
        "kind": "kml_poi",
        "content_id": null
      },
      "geometry": {
        "type": "Point",
        "coordinates": [
          133.912042,
          33.515786
        ]
      },
      "tippecanoe": {
        "minzoom": 10
      }
    },
    {
      "type": "Feature",
      "properties": {
        "poi_id": "SNT_2428_P0013",
        "route_id": "SNT_2428",
        "source_post_id": 2428,
        "name": "指導標",
        "kind": "kml_poi",
        "content_id": null
      },
      "geometry": {
        "type": "Point",
        "coordinates": [
          133.901964,
          33.529078
        ]
      },
      "tippecanoe": {
        "minzoom": 10
      }
    },
    {
      "type": "Feature",
      "properties": {
        "poi_id": "SNT_2428_P0014",
        "route_id": "SNT_2428",
        "source_post_id": 2428,
        "name": "指導標",
        "kind": "kml_poi",
        "content_id": null
      },
      "geometry": {
        "type": "Point",
        "coordinates": [
          133.901714,
          33.53131
        ]
      },
      "tippecanoe": {
        "minzoom": 10
      }
    },
    {
      "type": "Feature",
      "properties": {
        "poi_id": "SNT_2428_P0015",
        "route_id": "SNT_2428",
        "source_post_id": 2428,
        "name": "案内板",
        "kind": "kml_poi",
        "content_id": null
      },
      "geometry": {
        "type": "Point",
        "coordinates": [
          133.900074,
          33.525956
        ]
      },
      "tippecanoe": {
        "minzoom": 10
      }
    },
    {
      "type": "Feature",
      "properties": {
        "poi_id": "SNT_2428_P0016",
        "route_id": "SNT_2428",
        "source_post_id": 2428,
        "name": "指導標",
        "kind": "kml_poi",
        "content_id": null
      },
      "geometry": {
        "type": "Point",
        "coordinates": [
          133.90224,
          33.50707
        ]
      },
      "tippecanoe": {
        "minzoom": 10
      }
    },
    {
      "type": "Feature",
      "properties": {
        "poi_id": "SNT_2428_P0017",
        "route_id": "SNT_2428",
        "source_post_id": 2428,
        "name": "指導標",
        "kind": "kml_poi",
        "content_id": null
      },
      "geometry": {
        "type": "Point",
        "coordinates": [
          133.903392,
          33.503068
        ]
      },
      "tippecanoe": {
        "minzoom": 10
      }
    },
    {
      "type": "Feature",
      "properties": {
        "poi_id": "SNT_2428_P0018",
        "route_id": "SNT_2428",
        "source_post_id": 2428,
        "name": "案内板",
        "kind": "kml_poi",
        "content_id": null
      },
      "geometry": {
        "type": "Point",
        "coordinates": [
          133.90333,
          33.502961
        ]
      },
      "tippecanoe": {
        "minzoom": 10
      }
    },
    {
      "type": "Feature",
      "properties": {
        "poi_id": "SNT_337_P0001",
        "route_id": "SNT_337",
        "source_post_id": 337,
        "name": "01 案内板、指導標",
        "kind": "kml_poi",
        "content_id": null
      },
      "geometry": {
        "type": "Point",
        "coordinates": [
          133.9032813,
          33.5030475
        ]
      },
      "tippecanoe": {
        "minzoom": 10
      }
    },
    {
      "type": "Feature",
      "properties": {
        "poi_id": "SNT_337_P0002",
        "route_id": "SNT_337",
        "source_post_id": 337,
        "name": "02 指導標",
        "kind": "kml_poi",
        "content_id": null
      },
      "geometry": {
        "type": "Point",
        "coordinates": [
          133.8907413,
          33.5020372
        ]
      },
      "tippecanoe": {
        "minzoom": 10
      }
    },
    {
      "type": "Feature",
      "properties": {
        "poi_id": "SNT_337_P0003",
        "route_id": "SNT_337",
        "source_post_id": 337,
        "name": "03 カリヨン広場",
        "kind": "kml_poi",
        "content_id": null
      },
      "geometry": {
        "type": "Point",
        "coordinates": [
          133.890706,
          33.50143
        ]
      },
      "tippecanoe": {
        "minzoom": 10
      }
    },
    {
      "type": "Feature",
      "properties": {
        "poi_id": "SNT_337_P0004",
        "route_id": "SNT_337",
        "source_post_id": 337,
        "name": "04 路面表示",
        "kind": "kml_poi",
        "content_id": null
      },
      "geometry": {
        "type": "Point",
        "coordinates": [
          133.8825666,
          33.502834
        ]
      },
      "tippecanoe": {
        "minzoom": 10
      }
    },
    {
      "type": "Feature",
      "properties": {
        "poi_id": "SNT_337_P0005",
        "route_id": "SNT_337",
        "source_post_id": 337,
        "name": "05 路面表示",
        "kind": "kml_poi",
        "content_id": null
      },
      "geometry": {
        "type": "Point",
        "coordinates": [
          133.8824677,
          33.5025477
        ]
      },
      "tippecanoe": {
        "minzoom": 10
      }
    },
    {
      "type": "Feature",
      "properties": {
        "poi_id": "SNT_337_P0006",
        "route_id": "SNT_337",
        "source_post_id": 337,
        "name": "06 指導標",
        "kind": "kml_poi",
        "content_id": null
      },
      "geometry": {
        "type": "Point",
        "coordinates": [
          133.8680508,
          33.5038032
        ]
      },
      "tippecanoe": {
        "minzoom": 10
      }
    },
    {
      "type": "Feature",
      "properties": {
        "poi_id": "SNT_337_P0007",
        "route_id": "SNT_337",
        "source_post_id": 337,
        "name": "07 休憩所",
        "kind": "kml_poi",
        "content_id": null
      },
      "geometry": {
        "type": "Point",
        "coordinates": [
          133.8667486,
          33.5045273
        ]
      },
      "tippecanoe": {
        "minzoom": 10
      }
    },
    {
      "type": "Feature",
      "properties": {
        "poi_id": "SNT_337_P0008",
        "route_id": "SNT_337",
        "source_post_id": 337,
        "name": "08 指導標",
        "kind": "kml_poi",
        "content_id": null
      },
      "geometry": {
        "type": "Point",
        "coordinates": [
          133.8612759,
          33.5053629
        ]
      },
      "tippecanoe": {
        "minzoom": 10
      }
    },
    {
      "type": "Feature",
      "properties": {
        "poi_id": "SNT_337_P0009",
        "route_id": "SNT_337",
        "source_post_id": 337,
        "name": "09 補助指導標",
        "kind": "kml_poi",
        "content_id": null
      },
      "geometry": {
        "type": "Point",
        "coordinates": [
          133.8378079,
          33.5107824
        ]
      },
      "tippecanoe": {
        "minzoom": 10
      }
    },
    {
      "type": "Feature",
      "properties": {
        "poi_id": "SNT_337_P0010",
        "route_id": "SNT_337",
        "source_post_id": 337,
        "name": "10 赤野休憩所",
        "kind": "kml_poi",
        "content_id": null
      },
      "geometry": {
        "type": "Point",
        "coordinates": [
          133.835981,
          33.513817
        ]
      },
      "tippecanoe": {
        "minzoom": 10
      }
    },
    {
      "type": "Feature",
      "properties": {
        "poi_id": "SNT_337_P0011",
        "route_id": "SNT_337",
        "source_post_id": 337,
        "name": "11 指導標",
        "kind": "kml_poi",
        "content_id": null
      },
      "geometry": {
        "type": "Point",
        "coordinates": [
          133.818676,
          33.5168252
        ]
      },
      "tippecanoe": {
        "minzoom": 10
      }
    },
    {
      "type": "Feature",
      "properties": {
        "poi_id": "SNT_337_P0012",
        "route_id": "SNT_337",
        "source_post_id": 337,
        "name": "12 指導標",
        "kind": "kml_poi",
        "content_id": null
      },
      "geometry": {
        "type": "Point",
        "coordinates": [
          133.8070681,
          33.5174256
        ]
      },
      "tippecanoe": {
        "minzoom": 10
      }
    },
    {
      "type": "Feature",
      "properties": {
        "poi_id": "SNT_337_P0013",
        "route_id": "SNT_337",
        "source_post_id": 337,
        "name": "13 展望台",
        "kind": "kml_poi",
        "content_id": null
      },
      "geometry": {
        "type": "Point",
        "coordinates": [
          133.803901,
          33.517422
        ]
      },
      "tippecanoe": {
        "minzoom": 10
      }
    },
    {
      "type": "Feature",
      "properties": {
        "poi_id": "SNT_337_P0014",
        "route_id": "SNT_337",
        "source_post_id": 337,
        "name": "15 補助指導標",
        "kind": "kml_poi",
        "content_id": null
      },
      "geometry": {
        "type": "Point",
        "coordinates": [
          133.8002094,
          33.5177062
        ]
      },
      "tippecanoe": {
        "minzoom": 10
      }
    },
    {
      "type": "Feature",
      "properties": {
        "poi_id": "SNT_337_P0015",
        "route_id": "SNT_337",
        "source_post_id": 337,
        "name": "16 琴ヶ浜自転車道",
        "kind": "kml_poi",
        "content_id": null
      },
      "geometry": {
        "type": "Point",
        "coordinates": [
          133.8138245,
          33.5168503
        ]
      },
      "tippecanoe": {
        "minzoom": 10
      }
    },
    {
      "type": "Feature",
      "properties": {
        "poi_id": "SNT_337_P0016",
        "route_id": "SNT_337",
        "source_post_id": 337,
        "name": "17 指導標",
        "kind": "kml_poi",
        "content_id": null
      },
      "geometry": {
        "type": "Point",
        "coordinates": [
          133.8450331,
          33.506744
        ]
      },
      "tippecanoe": {
        "minzoom": 10
      }
    },
    {
      "type": "Feature",
      "properties": {
        "poi_id": "SNT_337_P0017",
        "route_id": "SNT_337",
        "source_post_id": 337,
        "name": "14 琴ヶ浜休憩所",
        "kind": "kml_poi",
        "content_id": null
      },
      "geometry": {
        "type": "Point",
        "coordinates": [
          133.8020113,
          33.5175676
        ]
      },
      "tippecanoe": {
        "minzoom": 10
      }
    },
    {
      "type": "Feature",
      "properties": {
        "poi_id": "SNT_369_P0001",
        "route_id": "SNT_369",
        "source_post_id": 369,
        "name": "01 案内板",
        "kind": "kml_poi",
        "content_id": null
      },
      "geometry": {
        "type": "Point",
        "coordinates": [
          133.7818077,
          33.517922
        ]
      },
      "tippecanoe": {
        "minzoom": 10
      }
    },
    {
      "type": "Feature",
      "properties": {
        "poi_id": "SNT_369_P0002",
        "route_id": "SNT_369",
        "source_post_id": 369,
        "name": "02 指導標",
        "kind": "kml_poi",
        "content_id": null
      },
      "geometry": {
        "type": "Point",
        "coordinates": [
          133.7702484,
          33.5173537
        ]
      },
      "tippecanoe": {
        "minzoom": 10
      }
    },
    {
      "type": "Feature",
      "properties": {
        "poi_id": "SNT_369_P0003",
        "route_id": "SNT_369",
        "source_post_id": 369,
        "name": "03 指導標",
        "kind": "kml_poi",
        "content_id": null
      },
      "geometry": {
        "type": "Point",
        "coordinates": [
          133.7676715,
          33.5190829
        ]
      },
      "tippecanoe": {
        "minzoom": 10
      }
    },
    {
      "type": "Feature",
      "properties": {
        "poi_id": "SNT_369_P0004",
        "route_id": "SNT_369",
        "source_post_id": 369,
        "name": "04 指導標",
        "kind": "kml_poi",
        "content_id": null
      },
      "geometry": {
        "type": "Point",
        "coordinates": [
          133.7608849,
          33.5241085
        ]
      },
      "tippecanoe": {
        "minzoom": 10
      }
    },
    {
      "type": "Feature",
      "properties": {
        "poi_id": "SNT_369_P0005",
        "route_id": "SNT_369",
        "source_post_id": 369,
        "name": "05 サイクリングターミナル",
        "kind": "kml_poi",
        "content_id": null
      },
      "geometry": {
        "type": "Point",
        "coordinates": [
          133.758745,
          33.520889
        ]
      },
      "tippecanoe": {
        "minzoom": 10
      }
    },
    {
      "type": "Feature",
      "properties": {
        "poi_id": "SNT_369_P0006",
        "route_id": "SNT_369",
        "source_post_id": 369,
        "name": "06 指導標",
        "kind": "kml_poi",
        "content_id": null
      },
      "geometry": {
        "type": "Point",
        "coordinates": [
          133.758327,
          33.520708
        ]
      },
      "tippecanoe": {
        "minzoom": 10
      }
    },
    {
      "type": "Feature",
      "properties": {
        "poi_id": "SNT_369_P0007",
        "route_id": "SNT_369",
        "source_post_id": 369,
        "name": "07 塩谷海岸",
        "kind": "kml_poi",
        "content_id": null
      },
      "geometry": {
        "type": "Point",
        "coordinates": [
          133.755227,
          33.520245
        ]
      },
      "tippecanoe": {
        "minzoom": 10
      }
    },
    {
      "type": "Feature",
      "properties": {
        "poi_id": "SNT_369_P0008",
        "route_id": "SNT_369",
        "source_post_id": 369,
        "name": "08 指導標",
        "kind": "kml_poi",
        "content_id": null
      },
      "geometry": {
        "type": "Point",
        "coordinates": [
          133.755038,
          33.520737
        ]
      },
      "tippecanoe": {
        "minzoom": 10
      }
    },
    {
      "type": "Feature",
      "properties": {
        "poi_id": "SNT_369_P0009",
        "route_id": "SNT_369",
        "source_post_id": 369,
        "name": "09 夫婦岩",
        "kind": "kml_poi",
        "content_id": null
      },
      "geometry": {
        "type": "Point",
        "coordinates": [
          133.7546473,
          33.5210009
        ]
      },
      "tippecanoe": {
        "minzoom": 10
      }
    },
    {
      "type": "Feature",
      "properties": {
        "poi_id": "SNT_369_P0010",
        "route_id": "SNT_369",
        "source_post_id": 369,
        "name": "10 手結岬灯台",
        "kind": "kml_poi",
        "content_id": null
      },
      "geometry": {
        "type": "Point",
        "coordinates": [
          133.754458,
          33.520877
        ]
      },
      "tippecanoe": {
        "minzoom": 10
      }
    },
    {
      "type": "Feature",
      "properties": {
        "poi_id": "SNT_369_P0011",
        "route_id": "SNT_369",
        "source_post_id": 369,
        "name": "11 指導標",
        "kind": "kml_poi",
        "content_id": null
      },
      "geometry": {
        "type": "Point",
        "coordinates": [
          133.7559327,
          33.5239387
        ]
      },
      "tippecanoe": {
        "minzoom": 10
      }
    },
    {
      "type": "Feature",
      "properties": {
        "poi_id": "SNT_369_P0012",
        "route_id": "SNT_369",
        "source_post_id": 369,
        "name": "12 仏岬　石柱・地名板",
        "kind": "kml_poi",
        "content_id": null
      },
      "geometry": {
        "type": "Point",
        "coordinates": [
          133.7543225,
          33.5264759
        ]
      },
      "tippecanoe": {
        "minzoom": 10
      }
    },
    {
      "type": "Feature",
      "properties": {
        "poi_id": "SNT_369_P0013",
        "route_id": "SNT_369",
        "source_post_id": 369,
        "name": "13 休憩所",
        "kind": "kml_poi",
        "content_id": null
      },
      "geometry": {
        "type": "Point",
        "coordinates": [
          133.7567304,
          33.5279603
        ]
      },
      "tippecanoe": {
        "minzoom": 10
      }
    },
    {
      "type": "Feature",
      "properties": {
        "poi_id": "SNT_369_P0014",
        "route_id": "SNT_369",
        "source_post_id": 369,
        "name": "14 手結港解説版",
        "kind": "kml_poi",
        "content_id": null
      },
      "geometry": {
        "type": "Point",
        "coordinates": [
          133.7568602,
          33.5283401
        ]
      },
      "tippecanoe": {
        "minzoom": 10
      }
    },
    {
      "type": "Feature",
      "properties": {
        "poi_id": "SNT_369_P0015",
        "route_id": "SNT_369",
        "source_post_id": 369,
        "name": "15 夜須トイレ付近",
        "kind": "kml_poi",
        "content_id": null
      },
      "geometry": {
        "type": "Point",
        "coordinates": [
          133.755226,
          33.5340507
        ]
      },
      "tippecanoe": {
        "minzoom": 10
      }
    },
    {
      "type": "Feature",
      "properties": {
        "poi_id": "SNT_369_P0016",
        "route_id": "SNT_369",
        "source_post_id": 369,
        "name": "16 指導標",
        "kind": "kml_poi",
        "content_id": null
      },
      "geometry": {
        "type": "Point",
        "coordinates": [
          133.74734,
          33.537013
        ]
      },
      "tippecanoe": {
        "minzoom": 10
      }
    },
    {
      "type": "Feature",
      "properties": {
        "poi_id": "SNT_369_P0017",
        "route_id": "SNT_369",
        "source_post_id": 369,
        "name": "17 補助指導標、路面標示",
        "kind": "kml_poi",
        "content_id": null
      },
      "geometry": {
        "type": "Point",
        "coordinates": [
          133.747582,
          33.537612
        ]
      },
      "tippecanoe": {
        "minzoom": 10
      }
    },
    {
      "type": "Feature",
      "properties": {
        "poi_id": "SNT_369_P0018",
        "route_id": "SNT_369",
        "source_post_id": 369,
        "name": "18 指導標",
        "kind": "kml_poi",
        "content_id": null
      },
      "geometry": {
        "type": "Point",
        "coordinates": [
          133.74639,
          33.537876
        ]
      },
      "tippecanoe": {
        "minzoom": 10
      }
    },
    {
      "type": "Feature",
      "properties": {
        "poi_id": "SNT_369_P0019",
        "route_id": "SNT_369",
        "source_post_id": 369,
        "name": "19 道の駅やす",
        "kind": "kml_poi",
        "content_id": null
      },
      "geometry": {
        "type": "Point",
        "coordinates": [
          133.7537273,
          33.5341969
        ]
      },
      "tippecanoe": {
        "minzoom": 10
      }
    },
    {
      "type": "Feature",
      "properties": {
        "poi_id": "SNT_369_P0020",
        "route_id": "SNT_369",
        "source_post_id": 369,
        "name": "20 住吉神社",
        "kind": "kml_poi",
        "content_id": null
      },
      "geometry": {
        "type": "Point",
        "coordinates": [
          133.7666113,
          33.5171567
        ]
      },
      "tippecanoe": {
        "minzoom": 10
      }
    },
    {
      "type": "Feature",
      "properties": {
        "poi_id": "SNT_374_P0001",
        "route_id": "SNT_374",
        "source_post_id": 374,
        "name": "01 指導標",
        "kind": "kml_poi",
        "content_id": null
      },
      "geometry": {
        "type": "Point",
        "coordinates": [
          133.7464317,
          33.537913
        ]
      },
      "tippecanoe": {
        "minzoom": 10
      }
    },
    {
      "type": "Feature",
      "properties": {
        "poi_id": "SNT_374_P0002",
        "route_id": "SNT_374",
        "source_post_id": 374,
        "name": "02 展望台",
        "kind": "kml_poi",
        "content_id": null
      },
      "geometry": {
        "type": "Point",
        "coordinates": [
          133.746348,
          33.542574
        ]
      },
      "tippecanoe": {
        "minzoom": 10
      }
    },
    {
      "type": "Feature",
      "properties": {
        "poi_id": "SNT_374_P0003",
        "route_id": "SNT_374",
        "source_post_id": 374,
        "name": "03 すべり山展望台",
        "kind": "kml_poi",
        "content_id": null
      },
      "geometry": {
        "type": "Point",
        "coordinates": [
          133.749144,
          33.545629
        ]
      },
      "tippecanoe": {
        "minzoom": 10
      }
    },
    {
      "type": "Feature",
      "properties": {
        "poi_id": "SNT_374_P0004",
        "route_id": "SNT_374",
        "source_post_id": 374,
        "name": "04 指導標",
        "kind": "kml_poi",
        "content_id": null
      },
      "geometry": {
        "type": "Point",
        "coordinates": [
          133.750715,
          33.54705
        ]
      },
      "tippecanoe": {
        "minzoom": 10
      }
    },
    {
      "type": "Feature",
      "properties": {
        "poi_id": "SNT_374_P0005",
        "route_id": "SNT_374",
        "source_post_id": 374,
        "name": "05 補助指導標",
        "kind": "kml_poi",
        "content_id": null
      },
      "geometry": {
        "type": "Point",
        "coordinates": [
          133.748993,
          33.549409
        ]
      },
      "tippecanoe": {
        "minzoom": 10
      }
    },
    {
      "type": "Feature",
      "properties": {
        "poi_id": "SNT_374_P0006",
        "route_id": "SNT_374",
        "source_post_id": 374,
        "name": "06 補助指導標",
        "kind": "kml_poi",
        "content_id": null
      },
      "geometry": {
        "type": "Point",
        "coordinates": [
          133.7488974,
          33.5497534
        ]
      },
      "tippecanoe": {
        "minzoom": 10
      }
    },
    {
      "type": "Feature",
      "properties": {
        "poi_id": "SNT_374_P0007",
        "route_id": "SNT_374",
        "source_post_id": 374,
        "name": "07 指導標",
        "kind": "kml_poi",
        "content_id": null
      },
      "geometry": {
        "type": "Point",
        "coordinates": [
          133.74833,
          33.550236
        ]
      },
      "tippecanoe": {
        "minzoom": 10
      }
    },
    {
      "type": "Feature",
      "properties": {
        "poi_id": "SNT_374_P0008",
        "route_id": "SNT_374",
        "source_post_id": 374,
        "name": "08 補助指導標",
        "kind": "kml_poi",
        "content_id": null
      },
      "geometry": {
        "type": "Point",
        "coordinates": [
          133.746066,
          33.5512
        ]
      },
      "tippecanoe": {
        "minzoom": 10
      }
    },
    {
      "type": "Feature",
      "properties": {
        "poi_id": "SNT_374_P0009",
        "route_id": "SNT_374",
        "source_post_id": 374,
        "name": "09 花散里休憩所",
        "kind": "kml_poi",
        "content_id": null
      },
      "geometry": {
        "type": "Point",
        "coordinates": [
          133.743321,
          33.553116
        ]
      },
      "tippecanoe": {
        "minzoom": 10
      }
    },
    {
      "type": "Feature",
      "properties": {
        "poi_id": "SNT_374_P0010",
        "route_id": "SNT_374",
        "source_post_id": 374,
        "name": "10 指導標",
        "kind": "kml_poi",
        "content_id": null
      },
      "geometry": {
        "type": "Point",
        "coordinates": [
          133.741841,
          33.554023
        ]
      },
      "tippecanoe": {
        "minzoom": 10
      }
    },
    {
      "type": "Feature",
      "properties": {
        "poi_id": "SNT_374_P0011",
        "route_id": "SNT_374",
        "source_post_id": 374,
        "name": "11 指導標",
        "kind": "kml_poi",
        "content_id": null
      },
      "geometry": {
        "type": "Point",
        "coordinates": [
          133.7367887,
          33.5555782
        ]
      },
      "tippecanoe": {
        "minzoom": 10
      }
    },
    {
      "type": "Feature",
      "properties": {
        "poi_id": "SNT_374_P0012",
        "route_id": "SNT_374",
        "source_post_id": 374,
        "name": "12 若一王子宮",
        "kind": "kml_poi",
        "content_id": null
      },
      "geometry": {
        "type": "Point",
        "coordinates": [
          133.7346249,
          33.5568348
        ]
      },
      "tippecanoe": {
        "minzoom": 10
      }
    },
    {
      "type": "Feature",
      "properties": {
        "poi_id": "SNT_374_P0013",
        "route_id": "SNT_374",
        "source_post_id": 374,
        "name": "13 指導標",
        "kind": "kml_poi",
        "content_id": null
      },
      "geometry": {
        "type": "Point",
        "coordinates": [
          133.7308581,
          33.557071
        ]
      },
      "tippecanoe": {
        "minzoom": 10
      }
    },
    {
      "type": "Feature",
      "properties": {
        "poi_id": "SNT_374_P0014",
        "route_id": "SNT_374",
        "source_post_id": 374,
        "name": "14 指導標",
        "kind": "kml_poi",
        "content_id": null
      },
      "geometry": {
        "type": "Point",
        "coordinates": [
          133.7301111,
          33.5537905
        ]
      },
      "tippecanoe": {
        "minzoom": 10
      }
    },
    {
      "type": "Feature",
      "properties": {
        "poi_id": "SNT_374_P0015",
        "route_id": "SNT_374",
        "source_post_id": 374,
        "name": "15 指導標",
        "kind": "kml_poi",
        "content_id": null
      },
      "geometry": {
        "type": "Point",
        "coordinates": [
          133.72417,
          33.554875
        ]
      },
      "tippecanoe": {
        "minzoom": 10
      }
    },
    {
      "type": "Feature",
      "properties": {
        "poi_id": "SNT_374_P0016",
        "route_id": "SNT_374",
        "source_post_id": 374,
        "name": "16 解説板",
        "kind": "kml_poi",
        "content_id": null
      },
      "geometry": {
        "type": "Point",
        "coordinates": [
          133.722931,
          33.556069
        ]
      },
      "tippecanoe": {
        "minzoom": 10
      }
    },
    {
      "type": "Feature",
      "properties": {
        "poi_id": "SNT_374_P0017",
        "route_id": "SNT_374",
        "source_post_id": 374,
        "name": "17 指導標",
        "kind": "kml_poi",
        "content_id": null
      },
      "geometry": {
        "type": "Point",
        "coordinates": [
          133.7265088,
          33.5677789
        ]
      },
      "tippecanoe": {
        "minzoom": 10
      }
    },
    {
      "type": "Feature",
      "properties": {
        "poi_id": "SNT_374_P0018",
        "route_id": "SNT_374",
        "source_post_id": 374,
        "name": "18 指導標",
        "kind": "kml_poi",
        "content_id": null
      },
      "geometry": {
        "type": "Point",
        "coordinates": [
          133.721764,
          33.568219
        ]
      },
      "tippecanoe": {
        "minzoom": 10
      }
    },
    {
      "type": "Feature",
      "properties": {
        "poi_id": "SNT_374_P0019",
        "route_id": "SNT_374",
        "source_post_id": 374,
        "name": "19 指導標",
        "kind": "kml_poi",
        "content_id": null
      },
      "geometry": {
        "type": "Point",
        "coordinates": [
          133.7185558,
          33.5697248
        ]
      },
      "tippecanoe": {
        "minzoom": 10
      }
    },
    {
      "type": "Feature",
      "properties": {
        "poi_id": "SNT_374_P0020",
        "route_id": "SNT_374",
        "source_post_id": 374,
        "name": "20 香南市役所",
        "kind": "kml_poi",
        "content_id": null
      },
      "geometry": {
        "type": "Point",
        "coordinates": [
          133.700977,
          33.564677
        ]
      },
      "tippecanoe": {
        "minzoom": 10
      }
    },
    {
      "type": "Feature",
      "properties": {
        "poi_id": "SNT_374_P0021",
        "route_id": "SNT_374",
        "source_post_id": 374,
        "name": "21 野市休憩所",
        "kind": "kml_poi",
        "content_id": null
      },
      "geometry": {
        "type": "Point",
        "coordinates": [
          133.700753,
          33.567925
        ]
      },
      "tippecanoe": {
        "minzoom": 10
      }
    },
    {
      "type": "Feature",
      "properties": {
        "poi_id": "SNT_374_P0022",
        "route_id": "SNT_374",
        "source_post_id": 374,
        "name": "22 香宗城跡",
        "kind": "kml_poi",
        "content_id": null
      },
      "geometry": {
        "type": "Point",
        "coordinates": [
          133.722795,
          33.558588
        ]
      },
      "tippecanoe": {
        "minzoom": 10
      }
    },
    {
      "type": "Feature",
      "properties": {
        "poi_id": "SNT_374_P0023",
        "route_id": "SNT_374",
        "source_post_id": 374,
        "name": "23 高知県立のいち動物公園",
        "kind": "kml_poi",
        "content_id": null
      },
      "geometry": {
        "type": "Point",
        "coordinates": [
          133.7074112,
          33.5700513
        ]
      },
      "tippecanoe": {
        "minzoom": 10
      }
    },
    {
      "type": "Feature",
      "properties": {
        "poi_id": "SNT_374_P0024",
        "route_id": "SNT_374",
        "source_post_id": 374,
        "name": "24 高知県立 月見山こどもの森",
        "kind": "kml_poi",
        "content_id": null
      },
      "geometry": {
        "type": "Point",
        "coordinates": [
          133.7457344,
          33.5409831
        ]
      },
      "tippecanoe": {
        "minzoom": 10
      }
    },
    {
      "type": "Feature",
      "properties": {
        "poi_id": "SNT_374_P0025",
        "route_id": "SNT_374",
        "source_post_id": 374,
        "name": "25 宝鏡寺跡",
        "kind": "kml_poi",
        "content_id": null
      },
      "geometry": {
        "type": "Point",
        "coordinates": [
          133.72294,
          33.5560784
        ]
      },
      "tippecanoe": {
        "minzoom": 10
      }
    },
    {
      "type": "Feature",
      "properties": {
        "poi_id": "SNT_374_P0026",
        "route_id": "SNT_374",
        "source_post_id": 374,
        "name": "26 公衆トイレ、案内板",
        "kind": "kml_poi",
        "content_id": null
      },
      "geometry": {
        "type": "Point",
        "coordinates": [
          133.748071,
          33.542196
        ]
      },
      "tippecanoe": {
        "minzoom": 10
      }
    },
    {
      "type": "Feature",
      "properties": {
        "poi_id": "SNT_397_P0001",
        "route_id": "SNT_397",
        "source_post_id": 397,
        "name": "01 路傍サイン・案内板",
        "kind": "kml_poi",
        "content_id": null
      },
      "geometry": {
        "type": "Point",
        "coordinates": [
          133.7034364,
          33.5775909
        ]
      },
      "tippecanoe": {
        "minzoom": 10
      }
    },
    {
      "type": "Feature",
      "properties": {
        "poi_id": "SNT_397_P0002",
        "route_id": "SNT_397",
        "source_post_id": 397,
        "name": "02 指導標",
        "kind": "kml_poi",
        "content_id": null
      },
      "geometry": {
        "type": "Point",
        "coordinates": [
          133.711024,
          33.587564
        ]
      },
      "tippecanoe": {
        "minzoom": 10
      }
    },
    {
      "type": "Feature",
      "properties": {
        "poi_id": "SNT_397_P0003",
        "route_id": "SNT_397",
        "source_post_id": 397,
        "name": "03 指導標",
        "kind": "kml_poi",
        "content_id": null
      },
      "geometry": {
        "type": "Point",
        "coordinates": [
          133.7243313,
          33.596693
        ]
      },
      "tippecanoe": {
        "minzoom": 10
      }
    },
    {
      "type": "Feature",
      "properties": {
        "poi_id": "SNT_397_P0004",
        "route_id": "SNT_397",
        "source_post_id": 397,
        "name": "04 指導標",
        "kind": "kml_poi",
        "content_id": null
      },
      "geometry": {
        "type": "Point",
        "coordinates": [
          133.72949,
          33.598704
        ]
      },
      "tippecanoe": {
        "minzoom": 10
      }
    },
    {
      "type": "Feature",
      "properties": {
        "poi_id": "SNT_397_P0005",
        "route_id": "SNT_397",
        "source_post_id": 397,
        "name": "05 指導標",
        "kind": "kml_poi",
        "content_id": null
      },
      "geometry": {
        "type": "Point",
        "coordinates": [
          133.7302175,
          33.5998319
        ]
      },
      "tippecanoe": {
        "minzoom": 10
      }
    },
    {
      "type": "Feature",
      "properties": {
        "poi_id": "SNT_397_P0006",
        "route_id": "SNT_397",
        "source_post_id": 397,
        "name": "06 指導標",
        "kind": "kml_poi",
        "content_id": null
      },
      "geometry": {
        "type": "Point",
        "coordinates": [
          133.733716,
          33.601556
        ]
      },
      "tippecanoe": {
        "minzoom": 10
      }
    },
    {
      "type": "Feature",
      "properties": {
        "poi_id": "SNT_397_P0007",
        "route_id": "SNT_397",
        "source_post_id": 397,
        "name": "07 指導標",
        "kind": "kml_poi",
        "content_id": null
      },
      "geometry": {
        "type": "Point",
        "coordinates": [
          133.7385396,
          33.6040758
        ]
      },
      "tippecanoe": {
        "minzoom": 10
      }
    },
    {
      "type": "Feature",
      "properties": {
        "poi_id": "SNT_397_P0008",
        "route_id": "SNT_397",
        "source_post_id": 397,
        "name": "08 指導標",
        "kind": "kml_poi",
        "content_id": null
      },
      "geometry": {
        "type": "Point",
        "coordinates": [
          133.74201,
          33.60897
        ]
      },
      "tippecanoe": {
        "minzoom": 10
      }
    },
    {
      "type": "Feature",
      "properties": {
        "poi_id": "SNT_397_P0009",
        "route_id": "SNT_397",
        "source_post_id": 397,
        "name": "09 影山（間口バス停）",
        "kind": "kml_poi",
        "content_id": null
      },
      "geometry": {
        "type": "Point",
        "coordinates": [
          133.7324,
          33.61697
        ]
      },
      "tippecanoe": {
        "minzoom": 10
      }
    },
    {
      "type": "Feature",
      "properties": {
        "poi_id": "SNT_397_P0010",
        "route_id": "SNT_397",
        "source_post_id": 397,
        "name": "10 指導標",
        "kind": "kml_poi",
        "content_id": null
      },
      "geometry": {
        "type": "Point",
        "coordinates": [
          133.7338923,
          33.6174543
        ]
      },
      "tippecanoe": {
        "minzoom": 10
      }
    },
    {
      "type": "Feature",
      "properties": {
        "poi_id": "SNT_397_P0011",
        "route_id": "SNT_397",
        "source_post_id": 397,
        "name": "11 補助指導標",
        "kind": "kml_poi",
        "content_id": null
      },
      "geometry": {
        "type": "Point",
        "coordinates": [
          133.73231,
          33.618414
        ]
      },
      "tippecanoe": {
        "minzoom": 10
      }
    },
    {
      "type": "Feature",
      "properties": {
        "poi_id": "SNT_397_P0012",
        "route_id": "SNT_397",
        "source_post_id": 397,
        "name": "12 指導標",
        "kind": "kml_poi",
        "content_id": null
      },
      "geometry": {
        "type": "Point",
        "coordinates": [
          133.729996,
          33.619009
        ]
      },
      "tippecanoe": {
        "minzoom": 10
      }
    },
    {
      "type": "Feature",
      "properties": {
        "poi_id": "SNT_397_P0013",
        "route_id": "SNT_397",
        "source_post_id": 397,
        "name": "13 指導標",
        "kind": "kml_poi",
        "content_id": null
      },
      "geometry": {
        "type": "Point",
        "coordinates": [
          133.727992,
          33.618605
        ]
      },
      "tippecanoe": {
        "minzoom": 10
      }
    },
    {
      "type": "Feature",
      "properties": {
        "poi_id": "SNT_397_P0014",
        "route_id": "SNT_397",
        "source_post_id": 397,
        "name": "14 指導標",
        "kind": "kml_poi",
        "content_id": null
      },
      "geometry": {
        "type": "Point",
        "coordinates": [
          133.727185,
          33.619946
        ]
      },
      "tippecanoe": {
        "minzoom": 10
      }
    },
    {
      "type": "Feature",
      "properties": {
        "poi_id": "SNT_397_P0015",
        "route_id": "SNT_397",
        "source_post_id": 397,
        "name": "15 指導標",
        "kind": "kml_poi",
        "content_id": null
      },
      "geometry": {
        "type": "Point",
        "coordinates": [
          133.725739,
          33.62038
        ]
      },
      "tippecanoe": {
        "minzoom": 10
      }
    },
    {
      "type": "Feature",
      "properties": {
        "poi_id": "SNT_397_P0016",
        "route_id": "SNT_397",
        "source_post_id": 397,
        "name": "16 案内板",
        "kind": "kml_poi",
        "content_id": null
      },
      "geometry": {
        "type": "Point",
        "coordinates": [
          133.720336,
          33.619515
        ]
      },
      "tippecanoe": {
        "minzoom": 10
      }
    },
    {
      "type": "Feature",
      "properties": {
        "poi_id": "SNT_397_P0017",
        "route_id": "SNT_397",
        "source_post_id": 397,
        "name": "17 鏡野休憩所",
        "kind": "kml_poi",
        "content_id": null
      },
      "geometry": {
        "type": "Point",
        "coordinates": [
          133.720214,
          33.619448
        ]
      },
      "tippecanoe": {
        "minzoom": 10
      }
    },
    {
      "type": "Feature",
      "properties": {
        "poi_id": "SNT_397_P0018",
        "route_id": "SNT_397",
        "source_post_id": 397,
        "name": "18 補助指導標",
        "kind": "kml_poi",
        "content_id": null
      },
      "geometry": {
        "type": "Point",
        "coordinates": [
          133.7196365,
          33.6194682
        ]
      },
      "tippecanoe": {
        "minzoom": 10
      }
    },
    {
      "type": "Feature",
      "properties": {
        "poi_id": "SNT_397_P0019",
        "route_id": "SNT_397",
        "source_post_id": 397,
        "name": "19 鏡野公園入口指導標・路傍サイン",
        "kind": "kml_poi",
        "content_id": null
      },
      "geometry": {
        "type": "Point",
        "coordinates": [
          133.719522,
          33.618131
        ]
      },
      "tippecanoe": {
        "minzoom": 10
      }
    },
    {
      "type": "Feature",
      "properties": {
        "poi_id": "SNT_397_P0020",
        "route_id": "SNT_397",
        "source_post_id": 397,
        "name": "20 指導標",
        "kind": "kml_poi",
        "content_id": null
      },
      "geometry": {
        "type": "Point",
        "coordinates": [
          133.721971,
          33.619515
        ]
      },
      "tippecanoe": {
        "minzoom": 10
      }
    },
    {
      "type": "Feature",
      "properties": {
        "poi_id": "SNT_397_P0021",
        "route_id": "SNT_397",
        "source_post_id": 397,
        "name": "21 四国霊場第28番札所 大日寺",
        "kind": "kml_poi",
        "content_id": null
      },
      "geometry": {
        "type": "Point",
        "coordinates": [
          133.7050536,
          33.5777508
        ]
      },
      "tippecanoe": {
        "minzoom": 10
      }
    },
    {
      "type": "Feature",
      "properties": {
        "poi_id": "SNT_397_P0022",
        "route_id": "SNT_397",
        "source_post_id": 397,
        "name": "22 鏡野公園",
        "kind": "kml_poi",
        "content_id": null
      },
      "geometry": {
        "type": "Point",
        "coordinates": [
          133.718708,
          33.6190731
        ]
      },
      "tippecanoe": {
        "minzoom": 10
      }
    },
    {
      "type": "Feature",
      "properties": {
        "poi_id": "SNT_397_P0023",
        "route_id": "SNT_397",
        "source_post_id": 397,
        "name": "23 龍河洞",
        "kind": "kml_poi",
        "content_id": null
      },
      "geometry": {
        "type": "Point",
        "coordinates": [
          133.7451842,
          33.6033758
        ]
      },
      "tippecanoe": {
        "minzoom": 10
      }
    },
    {
      "type": "Feature",
      "properties": {
        "poi_id": "SNT_2494_P0001",
        "route_id": "SNT_2494",
        "source_post_id": 2494,
        "name": "杉田休憩所",
        "kind": "tourism_spot",
        "content_id": "SNT_2494_S001"
      },
      "geometry": {
        "type": "Point",
        "coordinates": [
          133.7307719,
          33.6372926
        ]
      },
      "tippecanoe": {
        "minzoom": 10
      }
    },
    {
      "type": "Feature",
      "properties": {
        "poi_id": "SNT_2494_P0002",
        "route_id": "SNT_2494",
        "source_post_id": 2494,
        "name": "杉田（すいた）ダム・発電所",
        "kind": "tourism_spot",
        "content_id": "SNT_2494_S002"
      },
      "geometry": {
        "type": "Point",
        "coordinates": [
          133.7302968,
          33.6376655
        ]
      },
      "tippecanoe": {
        "minzoom": 10
      }
    },
    {
      "type": "Feature",
      "properties": {
        "poi_id": "SNT_2494_P0003",
        "route_id": "SNT_2494",
        "source_post_id": 2494,
        "name": "高知県立林業大学校",
        "kind": "tourism_spot",
        "content_id": "SNT_2494_S003"
      },
      "geometry": {
        "type": "Point",
        "coordinates": [
          133.7075258,
          33.6328288
        ]
      },
      "tippecanoe": {
        "minzoom": 10
      }
    },
    {
      "type": "Feature",
      "properties": {
        "poi_id": "SNT_2494_P0004",
        "route_id": "SNT_2494",
        "source_post_id": 2494,
        "name": "油石休憩所",
        "kind": "tourism_spot",
        "content_id": "SNT_2494_S004"
      },
      "geometry": {
        "type": "Point",
        "coordinates": [
          133.6908337,
          33.6257884
        ]
      },
      "tippecanoe": {
        "minzoom": 10
      }
    },
    {
      "type": "Feature",
      "properties": {
        "poi_id": "SNT_2494_P0005",
        "route_id": "SNT_2494",
        "source_post_id": 2494,
        "name": "八王子宮",
        "kind": "tourism_spot",
        "content_id": "SNT_2494_S005"
      },
      "geometry": {
        "type": "Point",
        "coordinates": [
          133.6879534,
          33.6111714
        ]
      },
      "tippecanoe": {
        "minzoom": 10
      }
    },
    {
      "type": "Feature",
      "properties": {
        "poi_id": "SNT_2494_P0006",
        "route_id": "SNT_2494",
        "source_post_id": 2494,
        "name": "撮影スポット",
        "kind": "kml_poi",
        "content_id": null
      },
      "geometry": {
        "type": "Point",
        "coordinates": [
          133.6911202,
          33.6258639
        ]
      },
      "tippecanoe": {
        "minzoom": 10
      }
    },
    {
      "type": "Feature",
      "properties": {
        "poi_id": "SNT_2494_P0007",
        "route_id": "SNT_2494",
        "source_post_id": 2494,
        "name": "指導標",
        "kind": "kml_poi",
        "content_id": null
      },
      "geometry": {
        "type": "Point",
        "coordinates": [
          133.7306884,
          33.6374774
        ]
      },
      "tippecanoe": {
        "minzoom": 10
      }
    },
    {
      "type": "Feature",
      "properties": {
        "poi_id": "SNT_2494_P0008",
        "route_id": "SNT_2494",
        "source_post_id": 2494,
        "name": "指導標",
        "kind": "kml_poi",
        "content_id": null
      },
      "geometry": {
        "type": "Point",
        "coordinates": [
          133.7172941,
          33.6366571
        ]
      },
      "tippecanoe": {
        "minzoom": 10
      }
    },
    {
      "type": "Feature",
      "properties": {
        "poi_id": "SNT_2494_P0009",
        "route_id": "SNT_2494",
        "source_post_id": 2494,
        "name": "指導標",
        "kind": "kml_poi",
        "content_id": null
      },
      "geometry": {
        "type": "Point",
        "coordinates": [
          133.7132081,
          33.6343284
        ]
      },
      "tippecanoe": {
        "minzoom": 10
      }
    },
    {
      "type": "Feature",
      "properties": {
        "poi_id": "SNT_2494_P0010",
        "route_id": "SNT_2494",
        "source_post_id": 2494,
        "name": "指導標",
        "kind": "kml_poi",
        "content_id": null
      },
      "geometry": {
        "type": "Point",
        "coordinates": [
          133.7070284,
          33.6347614
        ]
      },
      "tippecanoe": {
        "minzoom": 10
      }
    },
    {
      "type": "Feature",
      "properties": {
        "poi_id": "SNT_2494_P0011",
        "route_id": "SNT_2494",
        "source_post_id": 2494,
        "name": "指導標",
        "kind": "kml_poi",
        "content_id": null
      },
      "geometry": {
        "type": "Point",
        "coordinates": [
          133.6998466,
          33.6344668
        ]
      },
      "tippecanoe": {
        "minzoom": 10
      }
    },
    {
      "type": "Feature",
      "properties": {
        "poi_id": "SNT_2494_P0012",
        "route_id": "SNT_2494",
        "source_post_id": 2494,
        "name": "指導標",
        "kind": "kml_poi",
        "content_id": null
      },
      "geometry": {
        "type": "Point",
        "coordinates": [
          133.6992024,
          33.6330733
        ]
      },
      "tippecanoe": {
        "minzoom": 10
      }
    },
    {
      "type": "Feature",
      "properties": {
        "poi_id": "SNT_2494_P0013",
        "route_id": "SNT_2494",
        "source_post_id": 2494,
        "name": "案内板",
        "kind": "kml_poi",
        "content_id": null
      },
      "geometry": {
        "type": "Point",
        "coordinates": [
          133.6992006,
          33.6329608
        ]
      },
      "tippecanoe": {
        "minzoom": 10
      }
    },
    {
      "type": "Feature",
      "properties": {
        "poi_id": "SNT_2494_P0014",
        "route_id": "SNT_2494",
        "source_post_id": 2494,
        "name": "指導標",
        "kind": "kml_poi",
        "content_id": null
      },
      "geometry": {
        "type": "Point",
        "coordinates": [
          133.6991934,
          33.6335111
        ]
      },
      "tippecanoe": {
        "minzoom": 10
      }
    },
    {
      "type": "Feature",
      "properties": {
        "poi_id": "SNT_2494_P0015",
        "route_id": "SNT_2494",
        "source_post_id": 2494,
        "name": "指導標",
        "kind": "kml_poi",
        "content_id": null
      },
      "geometry": {
        "type": "Point",
        "coordinates": [
          133.6992391,
          33.6327606
        ]
      },
      "tippecanoe": {
        "minzoom": 10
      }
    },
    {
      "type": "Feature",
      "properties": {
        "poi_id": "SNT_2494_P0016",
        "route_id": "SNT_2494",
        "source_post_id": 2494,
        "name": "指導標",
        "kind": "kml_poi",
        "content_id": null
      },
      "geometry": {
        "type": "Point",
        "coordinates": [
          133.6987748,
          33.6323376
        ]
      },
      "tippecanoe": {
        "minzoom": 10
      }
    },
    {
      "type": "Feature",
      "properties": {
        "poi_id": "SNT_2494_P0017",
        "route_id": "SNT_2494",
        "source_post_id": 2494,
        "name": "指導標",
        "kind": "kml_poi",
        "content_id": null
      },
      "geometry": {
        "type": "Point",
        "coordinates": [
          133.6986883,
          33.6318252
        ]
      },
      "tippecanoe": {
        "minzoom": 10
      }
    },
    {
      "type": "Feature",
      "properties": {
        "poi_id": "SNT_2494_P0018",
        "route_id": "SNT_2494",
        "source_post_id": 2494,
        "name": "指導標",
        "kind": "kml_poi",
        "content_id": null
      },
      "geometry": {
        "type": "Point",
        "coordinates": [
          133.6986669,
          33.631526
        ]
      },
      "tippecanoe": {
        "minzoom": 10
      }
    },
    {
      "type": "Feature",
      "properties": {
        "poi_id": "SNT_2494_P0019",
        "route_id": "SNT_2494",
        "source_post_id": 2494,
        "name": "指導標",
        "kind": "kml_poi",
        "content_id": null
      },
      "geometry": {
        "type": "Point",
        "coordinates": [
          133.6972131,
          33.6302659
        ]
      },
      "tippecanoe": {
        "minzoom": 10
      }
    },
    {
      "type": "Feature",
      "properties": {
        "poi_id": "SNT_2494_P0020",
        "route_id": "SNT_2494",
        "source_post_id": 2494,
        "name": "指導標",
        "kind": "kml_poi",
        "content_id": null
      },
      "geometry": {
        "type": "Point",
        "coordinates": [
          133.6974518,
          33.6291491
        ]
      },
      "tippecanoe": {
        "minzoom": 10
      }
    },
    {
      "type": "Feature",
      "properties": {
        "poi_id": "SNT_2494_P0021",
        "route_id": "SNT_2494",
        "source_post_id": 2494,
        "name": "指導標",
        "kind": "kml_poi",
        "content_id": null
      },
      "geometry": {
        "type": "Point",
        "coordinates": [
          133.6939623,
          33.6283273
        ]
      },
      "tippecanoe": {
        "minzoom": 10
      }
    },
    {
      "type": "Feature",
      "properties": {
        "poi_id": "SNT_2494_P0022",
        "route_id": "SNT_2494",
        "source_post_id": 2494,
        "name": "指導標",
        "kind": "kml_poi",
        "content_id": null
      },
      "geometry": {
        "type": "Point",
        "coordinates": [
          133.6935289,
          33.6274082
        ]
      },
      "tippecanoe": {
        "minzoom": 10
      }
    },
    {
      "type": "Feature",
      "properties": {
        "poi_id": "SNT_2494_P0023",
        "route_id": "SNT_2494",
        "source_post_id": 2494,
        "name": "指導標",
        "kind": "kml_poi",
        "content_id": null
      },
      "geometry": {
        "type": "Point",
        "coordinates": [
          133.6934055,
          33.6275824
        ]
      },
      "tippecanoe": {
        "minzoom": 10
      }
    },
    {
      "type": "Feature",
      "properties": {
        "poi_id": "SNT_2494_P0024",
        "route_id": "SNT_2494",
        "source_post_id": 2494,
        "name": "指導標",
        "kind": "kml_poi",
        "content_id": null
      },
      "geometry": {
        "type": "Point",
        "coordinates": [
          133.6912246,
          33.6255469
        ]
      },
      "tippecanoe": {
        "minzoom": 10
      }
    },
    {
      "type": "Feature",
      "properties": {
        "poi_id": "SNT_2494_P0025",
        "route_id": "SNT_2494",
        "source_post_id": 2494,
        "name": "指導標",
        "kind": "kml_poi",
        "content_id": null
      },
      "geometry": {
        "type": "Point",
        "coordinates": [
          133.6911039,
          33.625797
        ]
      },
      "tippecanoe": {
        "minzoom": 10
      }
    },
    {
      "type": "Feature",
      "properties": {
        "poi_id": "SNT_2494_P0026",
        "route_id": "SNT_2494",
        "source_post_id": 2494,
        "name": "指導標",
        "kind": "kml_poi",
        "content_id": null
      },
      "geometry": {
        "type": "Point",
        "coordinates": [
          133.6885193,
          33.6224085
        ]
      },
      "tippecanoe": {
        "minzoom": 10
      }
    },
    {
      "type": "Feature",
      "properties": {
        "poi_id": "SNT_2494_P0027",
        "route_id": "SNT_2494",
        "source_post_id": 2494,
        "name": "指導標",
        "kind": "kml_poi",
        "content_id": null
      },
      "geometry": {
        "type": "Point",
        "coordinates": [
          133.6887952,
          33.6214414
        ]
      },
      "tippecanoe": {
        "minzoom": 10
      }
    },
    {
      "type": "Feature",
      "properties": {
        "poi_id": "SNT_2494_P0028",
        "route_id": "SNT_2494",
        "source_post_id": 2494,
        "name": "指導標",
        "kind": "kml_poi",
        "content_id": null
      },
      "geometry": {
        "type": "Point",
        "coordinates": [
          133.6887671,
          33.6210482
        ]
      },
      "tippecanoe": {
        "minzoom": 10
      }
    },
    {
      "type": "Feature",
      "properties": {
        "poi_id": "SNT_2494_P0029",
        "route_id": "SNT_2494",
        "source_post_id": 2494,
        "name": "石鎚神社",
        "kind": "kml_poi",
        "content_id": null
      },
      "geometry": {
        "type": "Point",
        "coordinates": [
          133.68778,
          33.6196545
        ]
      },
      "tippecanoe": {
        "minzoom": 10
      }
    },
    {
      "type": "Feature",
      "properties": {
        "poi_id": "SNT_2494_P0030",
        "route_id": "SNT_2494",
        "source_post_id": 2494,
        "name": "指導標",
        "kind": "kml_poi",
        "content_id": null
      },
      "geometry": {
        "type": "Point",
        "coordinates": [
          133.6887266,
          33.6177262
        ]
      },
      "tippecanoe": {
        "minzoom": 10
      }
    },
    {
      "type": "Feature",
      "properties": {
        "poi_id": "SNT_2494_P0031",
        "route_id": "SNT_2494",
        "source_post_id": 2494,
        "name": "指導標",
        "kind": "kml_poi",
        "content_id": null
      },
      "geometry": {
        "type": "Point",
        "coordinates": [
          133.6883511,
          33.6166529
        ]
      },
      "tippecanoe": {
        "minzoom": 10
      }
    },
    {
      "type": "Feature",
      "properties": {
        "poi_id": "SNT_2494_P0032",
        "route_id": "SNT_2494",
        "source_post_id": 2494,
        "name": "指導標",
        "kind": "kml_poi",
        "content_id": null
      },
      "geometry": {
        "type": "Point",
        "coordinates": [
          133.6883999,
          33.6169455
        ]
      },
      "tippecanoe": {
        "minzoom": 10
      }
    },
    {
      "type": "Feature",
      "properties": {
        "poi_id": "SNT_2494_P0033",
        "route_id": "SNT_2494",
        "source_post_id": 2494,
        "name": "指導標",
        "kind": "kml_poi",
        "content_id": null
      },
      "geometry": {
        "type": "Point",
        "coordinates": [
          133.6862845,
          33.6163134
        ]
      },
      "tippecanoe": {
        "minzoom": 10
      }
    },
    {
      "type": "Feature",
      "properties": {
        "poi_id": "SNT_2494_P0034",
        "route_id": "SNT_2494",
        "source_post_id": 2494,
        "name": "案内板",
        "kind": "kml_poi",
        "content_id": null
      },
      "geometry": {
        "type": "Point",
        "coordinates": [
          133.686884,
          33.61495
        ]
      },
      "tippecanoe": {
        "minzoom": 10
      }
    },
    {
      "type": "Feature",
      "properties": {
        "poi_id": "SNT_2494_P0035",
        "route_id": "SNT_2494",
        "source_post_id": 2494,
        "name": "指導標",
        "kind": "kml_poi",
        "content_id": null
      },
      "geometry": {
        "type": "Point",
        "coordinates": [
          133.6881878,
          33.6108919
        ]
      },
      "tippecanoe": {
        "minzoom": 10
      }
    },
    {
      "type": "Feature",
      "properties": {
        "poi_id": "SNT_2494_P0036",
        "route_id": "SNT_2494",
        "source_post_id": 2494,
        "name": "指導標",
        "kind": "kml_poi",
        "content_id": null
      },
      "geometry": {
        "type": "Point",
        "coordinates": [
          133.6890995,
          33.6080486
        ]
      },
      "tippecanoe": {
        "minzoom": 10
      }
    },
    {
      "type": "Feature",
      "properties": {
        "poi_id": "SNT_2494_P0037",
        "route_id": "SNT_2494",
        "source_post_id": 2494,
        "name": "案内板",
        "kind": "kml_poi",
        "content_id": null
      },
      "geometry": {
        "type": "Point",
        "coordinates": [
          133.6849982,
          33.6068682
        ]
      },
      "tippecanoe": {
        "minzoom": 10
      }
    },
    {
      "type": "Feature",
      "properties": {
        "poi_id": "SNT_2499_P0001",
        "route_id": "SNT_2499",
        "source_post_id": 2499,
        "name": "谷重遠の墓",
        "kind": "tourism_spot",
        "content_id": "SNT_2499_S001"
      },
      "geometry": {
        "type": "Point",
        "coordinates": [
          133.6810186,
          33.6133571
        ]
      },
      "tippecanoe": {
        "minzoom": 10
      }
    },
    {
      "type": "Feature",
      "properties": {
        "poi_id": "SNT_2499_P0002",
        "route_id": "SNT_2499",
        "source_post_id": 2499,
        "name": "永源寺",
        "kind": "tourism_spot",
        "content_id": "SNT_2499_S003"
      },
      "geometry": {
        "type": "Point",
        "coordinates": [
          133.6785552,
          33.6122216
        ]
      },
      "tippecanoe": {
        "minzoom": 10
      }
    },
    {
      "type": "Feature",
      "properties": {
        "poi_id": "SNT_2499_P0003",
        "route_id": "SNT_2499",
        "source_post_id": 2499,
        "name": "野中神社（お婉堂・おえんどう）",
        "kind": "tourism_spot",
        "content_id": "SNT_2499_S002"
      },
      "geometry": {
        "type": "Point",
        "coordinates": [
          133.6707863,
          33.6112762
        ]
      },
      "tippecanoe": {
        "minzoom": 10
      }
    },
    {
      "type": "Feature",
      "properties": {
        "poi_id": "SNT_2499_P0004",
        "route_id": "SNT_2499",
        "source_post_id": 2499,
        "name": "比江廃寺等跡",
        "kind": "tourism_spot",
        "content_id": "SNT_2499_S004"
      },
      "geometry": {
        "type": "Point",
        "coordinates": [
          133.6506035,
          33.6033652
        ]
      },
      "tippecanoe": {
        "minzoom": 10
      }
    },
    {
      "type": "Feature",
      "properties": {
        "poi_id": "SNT_2499_P0005",
        "route_id": "SNT_2499",
        "source_post_id": 2499,
        "name": "紀貫之邸跡",
        "kind": "tourism_spot",
        "content_id": "SNT_2499_S005"
      },
      "geometry": {
        "type": "Point",
        "coordinates": [
          133.6472888,
          33.6035017
        ]
      },
      "tippecanoe": {
        "minzoom": 10
      }
    },
    {
      "type": "Feature",
      "properties": {
        "poi_id": "SNT_2499_P0006",
        "route_id": "SNT_2499",
        "source_post_id": 2499,
        "name": "土佐国衙跡",
        "kind": "tourism_spot",
        "content_id": "SNT_2499_S006"
      },
      "geometry": {
        "type": "Point",
        "coordinates": [
          133.6483951,
          33.5995607
        ]
      },
      "tippecanoe": {
        "minzoom": 10
      }
    },
    {
      "type": "Feature",
      "properties": {
        "poi_id": "SNT_2499_P0007",
        "route_id": "SNT_2499",
        "source_post_id": 2499,
        "name": "国分寺",
        "kind": "tourism_spot",
        "content_id": "SNT_2499_S007"
      },
      "geometry": {
        "type": "Point",
        "coordinates": [
          133.640635,
          33.5987455
        ]
      },
      "tippecanoe": {
        "minzoom": 10
      }
    },
    {
      "type": "Feature",
      "properties": {
        "poi_id": "SNT_2499_P0008",
        "route_id": "SNT_2499",
        "source_post_id": 2499,
        "name": "岡豊城跡",
        "kind": "tourism_spot",
        "content_id": "SNT_2499_S008"
      },
      "geometry": {
        "type": "Point",
        "coordinates": [
          133.622847,
          33.595884
        ]
      },
      "tippecanoe": {
        "minzoom": 10
      }
    },
    {
      "type": "Feature",
      "properties": {
        "poi_id": "SNT_2499_P0009",
        "route_id": "SNT_2499",
        "source_post_id": 2499,
        "name": "撮影ポイント",
        "kind": "kml_poi",
        "content_id": null
      },
      "geometry": {
        "type": "Point",
        "coordinates": [
          133.6399244,
          33.5980118
        ]
      },
      "tippecanoe": {
        "minzoom": 10
      }
    },
    {
      "type": "Feature",
      "properties": {
        "poi_id": "SNT_2499_P0010",
        "route_id": "SNT_2499",
        "source_post_id": 2499,
        "name": "案内板",
        "kind": "kml_poi",
        "content_id": null
      },
      "geometry": {
        "type": "Point",
        "coordinates": [
          133.6849782,
          33.6068772
        ]
      },
      "tippecanoe": {
        "minzoom": 10
      }
    },
    {
      "type": "Feature",
      "properties": {
        "poi_id": "SNT_2499_P0011",
        "route_id": "SNT_2499",
        "source_post_id": 2499,
        "name": "指導標",
        "kind": "kml_poi",
        "content_id": null
      },
      "geometry": {
        "type": "Point",
        "coordinates": [
          133.6826165,
          33.6064751
        ]
      },
      "tippecanoe": {
        "minzoom": 10
      }
    },
    {
      "type": "Feature",
      "properties": {
        "poi_id": "SNT_2499_P0012",
        "route_id": "SNT_2499",
        "source_post_id": 2499,
        "name": "指導標",
        "kind": "kml_poi",
        "content_id": null
      },
      "geometry": {
        "type": "Point",
        "coordinates": [
          133.6825931,
          33.6066631
        ]
      },
      "tippecanoe": {
        "minzoom": 10
      }
    },
    {
      "type": "Feature",
      "properties": {
        "poi_id": "SNT_2499_P0013",
        "route_id": "SNT_2499",
        "source_post_id": 2499,
        "name": "指導標",
        "kind": "kml_poi",
        "content_id": null
      },
      "geometry": {
        "type": "Point",
        "coordinates": [
          133.6829968,
          33.6094823
        ]
      },
      "tippecanoe": {
        "minzoom": 10
      }
    },
    {
      "type": "Feature",
      "properties": {
        "poi_id": "SNT_2499_P0014",
        "route_id": "SNT_2499",
        "source_post_id": 2499,
        "name": "指導標",
        "kind": "kml_poi",
        "content_id": null
      },
      "geometry": {
        "type": "Point",
        "coordinates": [
          133.681411,
          33.609768
        ]
      },
      "tippecanoe": {
        "minzoom": 10
      }
    },
    {
      "type": "Feature",
      "properties": {
        "poi_id": "SNT_2499_P0015",
        "route_id": "SNT_2499",
        "source_post_id": 2499,
        "name": "指導標",
        "kind": "kml_poi",
        "content_id": null
      },
      "geometry": {
        "type": "Point",
        "coordinates": [
          133.6800133,
          33.61265
        ]
      },
      "tippecanoe": {
        "minzoom": 10
      }
    },
    {
      "type": "Feature",
      "properties": {
        "poi_id": "SNT_2499_P0016",
        "route_id": "SNT_2499",
        "source_post_id": 2499,
        "name": "指導標",
        "kind": "kml_poi",
        "content_id": null
      },
      "geometry": {
        "type": "Point",
        "coordinates": [
          133.67734,
          33.6104297
        ]
      },
      "tippecanoe": {
        "minzoom": 10
      }
    },
    {
      "type": "Feature",
      "properties": {
        "poi_id": "SNT_2499_P0017",
        "route_id": "SNT_2499",
        "source_post_id": 2499,
        "name": "指導標",
        "kind": "kml_poi",
        "content_id": null
      },
      "geometry": {
        "type": "Point",
        "coordinates": [
          133.6697221,
          33.6107603
        ]
      },
      "tippecanoe": {
        "minzoom": 10
      }
    },
    {
      "type": "Feature",
      "properties": {
        "poi_id": "SNT_2499_P0018",
        "route_id": "SNT_2499",
        "source_post_id": 2499,
        "name": "指導標",
        "kind": "kml_poi",
        "content_id": null
      },
      "geometry": {
        "type": "Point",
        "coordinates": [
          133.6686901,
          33.6101506
        ]
      },
      "tippecanoe": {
        "minzoom": 10
      }
    },
    {
      "type": "Feature",
      "properties": {
        "poi_id": "SNT_2499_P0019",
        "route_id": "SNT_2499",
        "source_post_id": 2499,
        "name": "指導標",
        "kind": "kml_poi",
        "content_id": null
      },
      "geometry": {
        "type": "Point",
        "coordinates": [
          133.661816,
          33.609774
        ]
      },
      "tippecanoe": {
        "minzoom": 10
      }
    },
    {
      "type": "Feature",
      "properties": {
        "poi_id": "SNT_2499_P0020",
        "route_id": "SNT_2499",
        "source_post_id": 2499,
        "name": "指導標",
        "kind": "kml_poi",
        "content_id": null
      },
      "geometry": {
        "type": "Point",
        "coordinates": [
          133.662174,
          33.606506
        ]
      },
      "tippecanoe": {
        "minzoom": 10
      }
    },
    {
      "type": "Feature",
      "properties": {
        "poi_id": "SNT_2499_P0021",
        "route_id": "SNT_2499",
        "source_post_id": 2499,
        "name": "指導標",
        "kind": "kml_poi",
        "content_id": null
      },
      "geometry": {
        "type": "Point",
        "coordinates": [
          133.6583614,
          33.6055125
        ]
      },
      "tippecanoe": {
        "minzoom": 10
      }
    },
    {
      "type": "Feature",
      "properties": {
        "poi_id": "SNT_2499_P0022",
        "route_id": "SNT_2499",
        "source_post_id": 2499,
        "name": "指導標",
        "kind": "kml_poi",
        "content_id": null
      },
      "geometry": {
        "type": "Point",
        "coordinates": [
          133.658399,
          33.6048831
        ]
      },
      "tippecanoe": {
        "minzoom": 10
      }
    },
    {
      "type": "Feature",
      "properties": {
        "poi_id": "SNT_2499_P0023",
        "route_id": "SNT_2499",
        "source_post_id": 2499,
        "name": "指導標",
        "kind": "kml_poi",
        "content_id": null
      },
      "geometry": {
        "type": "Point",
        "coordinates": [
          133.656931,
          33.605037
        ]
      },
      "tippecanoe": {
        "minzoom": 10
      }
    },
    {
      "type": "Feature",
      "properties": {
        "poi_id": "SNT_2499_P0024",
        "route_id": "SNT_2499",
        "source_post_id": 2499,
        "name": "指導標",
        "kind": "kml_poi",
        "content_id": null
      },
      "geometry": {
        "type": "Point",
        "coordinates": [
          133.6567283,
          33.6037301
        ]
      },
      "tippecanoe": {
        "minzoom": 10
      }
    },
    {
      "type": "Feature",
      "properties": {
        "poi_id": "SNT_2499_P0025",
        "route_id": "SNT_2499",
        "source_post_id": 2499,
        "name": "指導標",
        "kind": "kml_poi",
        "content_id": null
      },
      "geometry": {
        "type": "Point",
        "coordinates": [
          133.6535766,
          33.6036922
        ]
      },
      "tippecanoe": {
        "minzoom": 10
      }
    },
    {
      "type": "Feature",
      "properties": {
        "poi_id": "SNT_2499_P0026",
        "route_id": "SNT_2499",
        "source_post_id": 2499,
        "name": "指導標",
        "kind": "kml_poi",
        "content_id": null
      },
      "geometry": {
        "type": "Point",
        "coordinates": [
          133.6517012,
          33.6053252
        ]
      },
      "tippecanoe": {
        "minzoom": 10
      }
    },
    {
      "type": "Feature",
      "properties": {
        "poi_id": "SNT_2499_P0027",
        "route_id": "SNT_2499",
        "source_post_id": 2499,
        "name": "指導標",
        "kind": "kml_poi",
        "content_id": null
      },
      "geometry": {
        "type": "Point",
        "coordinates": [
          133.6505244,
          33.6032996
        ]
      },
      "tippecanoe": {
        "minzoom": 10
      }
    },
    {
      "type": "Feature",
      "properties": {
        "poi_id": "SNT_2499_P0028",
        "route_id": "SNT_2499",
        "source_post_id": 2499,
        "name": "指導標",
        "kind": "kml_poi",
        "content_id": null
      },
      "geometry": {
        "type": "Point",
        "coordinates": [
          133.6486563,
          33.6033189
        ]
      },
      "tippecanoe": {
        "minzoom": 10
      }
    },
    {
      "type": "Feature",
      "properties": {
        "poi_id": "SNT_2499_P0029",
        "route_id": "SNT_2499",
        "source_post_id": 2499,
        "name": "指導標",
        "kind": "kml_poi",
        "content_id": null
      },
      "geometry": {
        "type": "Point",
        "coordinates": [
          133.6470323,
          33.6035311
        ]
      },
      "tippecanoe": {
        "minzoom": 10
      }
    },
    {
      "type": "Feature",
      "properties": {
        "poi_id": "SNT_2499_P0030",
        "route_id": "SNT_2499",
        "source_post_id": 2499,
        "name": "指導標",
        "kind": "kml_poi",
        "content_id": null
      },
      "geometry": {
        "type": "Point",
        "coordinates": [
          133.6475091,
          33.6031809
        ]
      },
      "tippecanoe": {
        "minzoom": 10
      }
    },
    {
      "type": "Feature",
      "properties": {
        "poi_id": "SNT_2499_P0031",
        "route_id": "SNT_2499",
        "source_post_id": 2499,
        "name": "指導標",
        "kind": "kml_poi",
        "content_id": null
      },
      "geometry": {
        "type": "Point",
        "coordinates": [
          133.6471336,
          33.6035383
        ]
      },
      "tippecanoe": {
        "minzoom": 10
      }
    },
    {
      "type": "Feature",
      "properties": {
        "poi_id": "SNT_2499_P0032",
        "route_id": "SNT_2499",
        "source_post_id": 2499,
        "name": "指導標",
        "kind": "kml_poi",
        "content_id": null
      },
      "geometry": {
        "type": "Point",
        "coordinates": [
          133.6487528,
          33.6040333
        ]
      },
      "tippecanoe": {
        "minzoom": 10
      }
    },
    {
      "type": "Feature",
      "properties": {
        "poi_id": "SNT_2499_P0033",
        "route_id": "SNT_2499",
        "source_post_id": 2499,
        "name": "指導標",
        "kind": "kml_poi",
        "content_id": null
      },
      "geometry": {
        "type": "Point",
        "coordinates": [
          133.6486971,
          33.6034398
        ]
      },
      "tippecanoe": {
        "minzoom": 10
      }
    },
    {
      "type": "Feature",
      "properties": {
        "poi_id": "SNT_2499_P0034",
        "route_id": "SNT_2499",
        "source_post_id": 2499,
        "name": "指導標",
        "kind": "kml_poi",
        "content_id": null
      },
      "geometry": {
        "type": "Point",
        "coordinates": [
          133.6485167,
          33.602458
        ]
      },
      "tippecanoe": {
        "minzoom": 10
      }
    },
    {
      "type": "Feature",
      "properties": {
        "poi_id": "SNT_2499_P0035",
        "route_id": "SNT_2499",
        "source_post_id": 2499,
        "name": "指導標",
        "kind": "kml_poi",
        "content_id": null
      },
      "geometry": {
        "type": "Point",
        "coordinates": [
          133.6479776,
          33.6023351
        ]
      },
      "tippecanoe": {
        "minzoom": 10
      }
    },
    {
      "type": "Feature",
      "properties": {
        "poi_id": "SNT_2499_P0036",
        "route_id": "SNT_2499",
        "source_post_id": 2499,
        "name": "指導標",
        "kind": "kml_poi",
        "content_id": null
      },
      "geometry": {
        "type": "Point",
        "coordinates": [
          133.6484499,
          33.5974507
        ]
      },
      "tippecanoe": {
        "minzoom": 10
      }
    },
    {
      "type": "Feature",
      "properties": {
        "poi_id": "SNT_2499_P0037",
        "route_id": "SNT_2499",
        "source_post_id": 2499,
        "name": "指導標",
        "kind": "kml_poi",
        "content_id": null
      },
      "geometry": {
        "type": "Point",
        "coordinates": [
          133.6448588,
          33.5975402
        ]
      },
      "tippecanoe": {
        "minzoom": 10
      }
    },
    {
      "type": "Feature",
      "properties": {
        "poi_id": "SNT_2499_P0038",
        "route_id": "SNT_2499",
        "source_post_id": 2499,
        "name": "指導標",
        "kind": "kml_poi",
        "content_id": null
      },
      "geometry": {
        "type": "Point",
        "coordinates": [
          133.642008,
          33.5969053
        ]
      },
      "tippecanoe": {
        "minzoom": 10
      }
    },
    {
      "type": "Feature",
      "properties": {
        "poi_id": "SNT_2499_P0039",
        "route_id": "SNT_2499",
        "source_post_id": 2499,
        "name": "指導標",
        "kind": "kml_poi",
        "content_id": null
      },
      "geometry": {
        "type": "Point",
        "coordinates": [
          133.6408547,
          33.5981012
        ]
      },
      "tippecanoe": {
        "minzoom": 10
      }
    },
    {
      "type": "Feature",
      "properties": {
        "poi_id": "SNT_2499_P0040",
        "route_id": "SNT_2499",
        "source_post_id": 2499,
        "name": "案内板",
        "kind": "kml_poi",
        "content_id": null
      },
      "geometry": {
        "type": "Point",
        "coordinates": [
          133.6405958,
          33.5979147
        ]
      },
      "tippecanoe": {
        "minzoom": 10
      }
    },
    {
      "type": "Feature",
      "properties": {
        "poi_id": "SNT_2499_P0041",
        "route_id": "SNT_2499",
        "source_post_id": 2499,
        "name": "指導標",
        "kind": "kml_poi",
        "content_id": null
      },
      "geometry": {
        "type": "Point",
        "coordinates": [
          133.6399136,
          33.5979596
        ]
      },
      "tippecanoe": {
        "minzoom": 10
      }
    },
    {
      "type": "Feature",
      "properties": {
        "poi_id": "SNT_2499_P0042",
        "route_id": "SNT_2499",
        "source_post_id": 2499,
        "name": "指導標",
        "kind": "kml_poi",
        "content_id": null
      },
      "geometry": {
        "type": "Point",
        "coordinates": [
          133.6389646,
          33.59672
        ]
      },
      "tippecanoe": {
        "minzoom": 10
      }
    },
    {
      "type": "Feature",
      "properties": {
        "poi_id": "SNT_2499_P0043",
        "route_id": "SNT_2499",
        "source_post_id": 2499,
        "name": "指導標",
        "kind": "kml_poi",
        "content_id": null
      },
      "geometry": {
        "type": "Point",
        "coordinates": [
          133.6378718,
          33.5967504
        ]
      },
      "tippecanoe": {
        "minzoom": 10
      }
    },
    {
      "type": "Feature",
      "properties": {
        "poi_id": "SNT_2499_P0044",
        "route_id": "SNT_2499",
        "source_post_id": 2499,
        "name": "指導標",
        "kind": "kml_poi",
        "content_id": null
      },
      "geometry": {
        "type": "Point",
        "coordinates": [
          133.6372263,
          33.5961307
        ]
      },
      "tippecanoe": {
        "minzoom": 10
      }
    },
    {
      "type": "Feature",
      "properties": {
        "poi_id": "SNT_2499_P0045",
        "route_id": "SNT_2499",
        "source_post_id": 2499,
        "name": "指導標",
        "kind": "kml_poi",
        "content_id": null
      },
      "geometry": {
        "type": "Point",
        "coordinates": [
          133.6355338,
          33.5960815
        ]
      },
      "tippecanoe": {
        "minzoom": 10
      }
    },
    {
      "type": "Feature",
      "properties": {
        "poi_id": "SNT_2499_P0046",
        "route_id": "SNT_2499",
        "source_post_id": 2499,
        "name": "指導標",
        "kind": "kml_poi",
        "content_id": null
      },
      "geometry": {
        "type": "Point",
        "coordinates": [
          133.6307088,
          33.5948214
        ]
      },
      "tippecanoe": {
        "minzoom": 10
      }
    },
    {
      "type": "Feature",
      "properties": {
        "poi_id": "SNT_2499_P0047",
        "route_id": "SNT_2499",
        "source_post_id": 2499,
        "name": "指導標",
        "kind": "kml_poi",
        "content_id": null
      },
      "geometry": {
        "type": "Point",
        "coordinates": [
          133.6283282,
          33.594909
        ]
      },
      "tippecanoe": {
        "minzoom": 10
      }
    },
    {
      "type": "Feature",
      "properties": {
        "poi_id": "SNT_2499_P0048",
        "route_id": "SNT_2499",
        "source_post_id": 2499,
        "name": "指導標",
        "kind": "kml_poi",
        "content_id": null
      },
      "geometry": {
        "type": "Point",
        "coordinates": [
          133.6265719,
          33.5940415
        ]
      },
      "tippecanoe": {
        "minzoom": 10
      }
    },
    {
      "type": "Feature",
      "properties": {
        "poi_id": "SNT_2499_P0049",
        "route_id": "SNT_2499",
        "source_post_id": 2499,
        "name": "指導標",
        "kind": "kml_poi",
        "content_id": null
      },
      "geometry": {
        "type": "Point",
        "coordinates": [
          133.6209904,
          33.5919619
        ]
      },
      "tippecanoe": {
        "minzoom": 10
      }
    },
    {
      "type": "Feature",
      "properties": {
        "poi_id": "SNT_2499_P0050",
        "route_id": "SNT_2499",
        "source_post_id": 2499,
        "name": "指導標",
        "kind": "kml_poi",
        "content_id": null
      },
      "geometry": {
        "type": "Point",
        "coordinates": [
          133.620304,
          33.59197
        ]
      },
      "tippecanoe": {
        "minzoom": 10
      }
    },
    {
      "type": "Feature",
      "properties": {
        "poi_id": "SNT_2499_P0051",
        "route_id": "SNT_2499",
        "source_post_id": 2499,
        "name": "指導標",
        "kind": "kml_poi",
        "content_id": null
      },
      "geometry": {
        "type": "Point",
        "coordinates": [
          133.6200968,
          33.5924141
        ]
      },
      "tippecanoe": {
        "minzoom": 10
      }
    },
    {
      "type": "Feature",
      "properties": {
        "poi_id": "SNT_2499_P0052",
        "route_id": "SNT_2499",
        "source_post_id": 2499,
        "name": "指導標",
        "kind": "kml_poi",
        "content_id": null
      },
      "geometry": {
        "type": "Point",
        "coordinates": [
          133.6201253,
          33.5925379
        ]
      },
      "tippecanoe": {
        "minzoom": 10
      }
    },
    {
      "type": "Feature",
      "properties": {
        "poi_id": "SNT_2499_P0053",
        "route_id": "SNT_2499",
        "source_post_id": 2499,
        "name": "指導標",
        "kind": "kml_poi",
        "content_id": null
      },
      "geometry": {
        "type": "Point",
        "coordinates": [
          133.6209044,
          33.5932044
        ]
      },
      "tippecanoe": {
        "minzoom": 10
      }
    },
    {
      "type": "Feature",
      "properties": {
        "poi_id": "SNT_2499_P0054",
        "route_id": "SNT_2499",
        "source_post_id": 2499,
        "name": "指導標",
        "kind": "kml_poi",
        "content_id": null
      },
      "geometry": {
        "type": "Point",
        "coordinates": [
          133.623893,
          33.596449
        ]
      },
      "tippecanoe": {
        "minzoom": 10
      }
    },
    {
      "type": "Feature",
      "properties": {
        "poi_id": "SNT_2499_P0055",
        "route_id": "SNT_2499",
        "source_post_id": 2499,
        "name": "指導標",
        "kind": "kml_poi",
        "content_id": null
      },
      "geometry": {
        "type": "Point",
        "coordinates": [
          133.6239112,
          33.5970719
        ]
      },
      "tippecanoe": {
        "minzoom": 10
      }
    },
    {
      "type": "Feature",
      "properties": {
        "poi_id": "SNT_2499_P0056",
        "route_id": "SNT_2499",
        "source_post_id": 2499,
        "name": "指導標",
        "kind": "kml_poi",
        "content_id": null
      },
      "geometry": {
        "type": "Point",
        "coordinates": [
          133.6242331,
          33.5969512
        ]
      },
      "tippecanoe": {
        "minzoom": 10
      }
    },
    {
      "type": "Feature",
      "properties": {
        "poi_id": "SNT_2499_P0057",
        "route_id": "SNT_2499",
        "source_post_id": 2499,
        "name": "指導標",
        "kind": "kml_poi",
        "content_id": null
      },
      "geometry": {
        "type": "Point",
        "coordinates": [
          133.6240858,
          33.597839
        ]
      },
      "tippecanoe": {
        "minzoom": 10
      }
    },
    {
      "type": "Feature",
      "properties": {
        "poi_id": "SNT_2502_P0001",
        "route_id": "SNT_2502",
        "source_post_id": 2502,
        "name": "善楽寺",
        "kind": "tourism_spot",
        "content_id": "SNT_2502_S001"
      },
      "geometry": {
        "type": "Point",
        "coordinates": [
          133.5777291,
          33.592074
        ]
      },
      "tippecanoe": {
        "minzoom": 10
      }
    },
    {
      "type": "Feature",
      "properties": {
        "poi_id": "SNT_2502_P0002",
        "route_id": "SNT_2502",
        "source_post_id": 2502,
        "name": "土佐神社",
        "kind": "tourism_spot",
        "content_id": "SNT_2502_S002"
      },
      "geometry": {
        "type": "Point",
        "coordinates": [
          133.5769715,
          33.5928398
        ]
      },
      "tippecanoe": {
        "minzoom": 10
      }
    },
    {
      "type": "Feature",
      "properties": {
        "poi_id": "SNT_2502_P0003",
        "route_id": "SNT_2502",
        "source_post_id": 2502,
        "name": "七ツ渕神社",
        "kind": "tourism_spot",
        "content_id": "SNT_2502_S004"
      },
      "geometry": {
        "type": "Point",
        "coordinates": [
          133.5375507,
          33.6123807
        ]
      },
      "tippecanoe": {
        "minzoom": 10
      }
    },
    {
      "type": "Feature",
      "properties": {
        "poi_id": "SNT_2502_P0004",
        "route_id": "SNT_2502",
        "source_post_id": 2502,
        "name": "英志台",
        "kind": "tourism_spot",
        "content_id": "SNT_2502_S003"
      },
      "geometry": {
        "type": "Point",
        "coordinates": [
          133.550503,
          33.5989001
        ]
      },
      "tippecanoe": {
        "minzoom": 10
      }
    },
    {
      "type": "Feature",
      "properties": {
        "poi_id": "SNT_2502_P0005",
        "route_id": "SNT_2502",
        "source_post_id": 2502,
        "name": "七ツ渕",
        "kind": "tourism_spot",
        "content_id": "SNT_2502_S005"
      },
      "geometry": {
        "type": "Point",
        "coordinates": [
          133.5377671,
          33.6128312
        ]
      },
      "tippecanoe": {
        "minzoom": 10
      }
    },
    {
      "type": "Feature",
      "properties": {
        "poi_id": "SNT_2502_P0006",
        "route_id": "SNT_2502",
        "source_post_id": 2502,
        "name": "撮影ポイント",
        "kind": "kml_poi",
        "content_id": null
      },
      "geometry": {
        "type": "Point",
        "coordinates": [
          133.5375856,
          33.611856
        ]
      },
      "tippecanoe": {
        "minzoom": 10
      }
    },
    {
      "type": "Feature",
      "properties": {
        "poi_id": "SNT_2502_P0007",
        "route_id": "SNT_2502",
        "source_post_id": 2502,
        "name": "指導標",
        "kind": "kml_poi",
        "content_id": null
      },
      "geometry": {
        "type": "Point",
        "coordinates": [
          133.5632835,
          33.6045638
        ]
      },
      "tippecanoe": {
        "minzoom": 10
      }
    },
    {
      "type": "Feature",
      "properties": {
        "poi_id": "SNT_2502_P0008",
        "route_id": "SNT_2502",
        "source_post_id": 2502,
        "name": "指導標",
        "kind": "kml_poi",
        "content_id": null
      },
      "geometry": {
        "type": "Point",
        "coordinates": [
          133.5770388,
          33.5894521
        ]
      },
      "tippecanoe": {
        "minzoom": 10
      }
    },
    {
      "type": "Feature",
      "properties": {
        "poi_id": "SNT_2502_P0009",
        "route_id": "SNT_2502",
        "source_post_id": 2502,
        "name": "指導標",
        "kind": "kml_poi",
        "content_id": null
      },
      "geometry": {
        "type": "Point",
        "coordinates": [
          133.5559555,
          33.6009211
        ]
      },
      "tippecanoe": {
        "minzoom": 10
      }
    },
    {
      "type": "Feature",
      "properties": {
        "poi_id": "SNT_2502_P0010",
        "route_id": "SNT_2502",
        "source_post_id": 2502,
        "name": "指導標",
        "kind": "kml_poi",
        "content_id": null
      },
      "geometry": {
        "type": "Point",
        "coordinates": [
          133.5389223,
          33.597718
        ]
      },
      "tippecanoe": {
        "minzoom": 10
      }
    },
    {
      "type": "Feature",
      "properties": {
        "poi_id": "SNT_2502_P0011",
        "route_id": "SNT_2502",
        "source_post_id": 2502,
        "name": "指導標",
        "kind": "kml_poi",
        "content_id": null
      },
      "geometry": {
        "type": "Point",
        "coordinates": [
          133.538835,
          33.5975601
        ]
      },
      "tippecanoe": {
        "minzoom": 10
      }
    },
    {
      "type": "Feature",
      "properties": {
        "poi_id": "SNT_2502_P0012",
        "route_id": "SNT_2502",
        "source_post_id": 2502,
        "name": "指導標",
        "kind": "kml_poi",
        "content_id": null
      },
      "geometry": {
        "type": "Point",
        "coordinates": [
          133.5317359,
          33.6019471
        ]
      },
      "tippecanoe": {
        "minzoom": 10
      }
    },
    {
      "type": "Feature",
      "properties": {
        "poi_id": "SNT_2502_P0013",
        "route_id": "SNT_2502",
        "source_post_id": 2502,
        "name": "指導標",
        "kind": "kml_poi",
        "content_id": null
      },
      "geometry": {
        "type": "Point",
        "coordinates": [
          133.5324599,
          33.6101814
        ]
      },
      "tippecanoe": {
        "minzoom": 10
      }
    },
    {
      "type": "Feature",
      "properties": {
        "poi_id": "SNT_2502_P0014",
        "route_id": "SNT_2502",
        "source_post_id": 2502,
        "name": "案内板",
        "kind": "kml_poi",
        "content_id": null
      },
      "geometry": {
        "type": "Point",
        "coordinates": [
          133.5368164,
          33.6110864
        ]
      },
      "tippecanoe": {
        "minzoom": 10
      }
    },
    {
      "type": "Feature",
      "properties": {
        "poi_id": "SNT_2502_P0015",
        "route_id": "SNT_2502",
        "source_post_id": 2502,
        "name": "指導標",
        "kind": "kml_poi",
        "content_id": null
      },
      "geometry": {
        "type": "Point",
        "coordinates": [
          133.5376989,
          33.6113768
        ]
      },
      "tippecanoe": {
        "minzoom": 10
      }
    },
    {
      "type": "Feature",
      "properties": {
        "poi_id": "SNT_2502_P0016",
        "route_id": "SNT_2502",
        "source_post_id": 2502,
        "name": "指導標",
        "kind": "kml_poi",
        "content_id": null
      },
      "geometry": {
        "type": "Point",
        "coordinates": [
          133.5375231,
          33.6122221
        ]
      },
      "tippecanoe": {
        "minzoom": 10
      }
    },
    {
      "type": "Feature",
      "properties": {
        "poi_id": "SNT_2502_P0017",
        "route_id": "SNT_2502",
        "source_post_id": 2502,
        "name": "指導標",
        "kind": "kml_poi",
        "content_id": null
      },
      "geometry": {
        "type": "Point",
        "coordinates": [
          133.5279505,
          33.6045919
        ]
      },
      "tippecanoe": {
        "minzoom": 10
      }
    },
    {
      "type": "Feature",
      "properties": {
        "poi_id": "SNT_2502_P0018",
        "route_id": "SNT_2502",
        "source_post_id": 2502,
        "name": "指導標",
        "kind": "kml_poi",
        "content_id": null
      },
      "geometry": {
        "type": "Point",
        "coordinates": [
          133.5004262,
          33.600272
        ]
      },
      "tippecanoe": {
        "minzoom": 10
      }
    },
    {
      "type": "Feature",
      "properties": {
        "poi_id": "SNT_2502_P0019",
        "route_id": "SNT_2502",
        "source_post_id": 2502,
        "name": "指導標",
        "kind": "kml_poi",
        "content_id": null
      },
      "geometry": {
        "type": "Point",
        "coordinates": [
          133.4926409,
          33.5990821
        ]
      },
      "tippecanoe": {
        "minzoom": 10
      }
    },
    {
      "type": "Feature",
      "properties": {
        "poi_id": "SNT_2502_P0020",
        "route_id": "SNT_2502",
        "source_post_id": 2502,
        "name": "指導標",
        "kind": "kml_poi",
        "content_id": null
      },
      "geometry": {
        "type": "Point",
        "coordinates": [
          133.5009498,
          33.5930339
        ]
      },
      "tippecanoe": {
        "minzoom": 10
      }
    },
    {
      "type": "Feature",
      "properties": {
        "poi_id": "SNT_2502_P0021",
        "route_id": "SNT_2502",
        "source_post_id": 2502,
        "name": "指導標",
        "kind": "kml_poi",
        "content_id": null
      },
      "geometry": {
        "type": "Point",
        "coordinates": [
          133.5772316,
          33.5913609
        ]
      },
      "tippecanoe": {
        "minzoom": 10
      }
    },
    {
      "type": "Feature",
      "properties": {
        "poi_id": "SNT_2502_P0022",
        "route_id": "SNT_2502",
        "source_post_id": 2502,
        "name": "指導標",
        "kind": "kml_poi",
        "content_id": null
      },
      "geometry": {
        "type": "Point",
        "coordinates": [
          133.5664626,
          33.6044378
        ]
      },
      "tippecanoe": {
        "minzoom": 10
      }
    },
    {
      "type": "Feature",
      "properties": {
        "poi_id": "SNT_2502_P0023",
        "route_id": "SNT_2502",
        "source_post_id": 2502,
        "name": "指導標",
        "kind": "kml_poi",
        "content_id": null
      },
      "geometry": {
        "type": "Point",
        "coordinates": [
          133.5724737,
          33.6042522
        ]
      },
      "tippecanoe": {
        "minzoom": 10
      }
    },
    {
      "type": "Feature",
      "properties": {
        "poi_id": "SNT_2502_P0024",
        "route_id": "SNT_2502",
        "source_post_id": 2502,
        "name": "指導標",
        "kind": "kml_poi",
        "content_id": null
      },
      "geometry": {
        "type": "Point",
        "coordinates": [
          133.5042691,
          33.5937363
        ]
      },
      "tippecanoe": {
        "minzoom": 10
      }
    },
    {
      "type": "Feature",
      "properties": {
        "poi_id": "SNT_2502_P0025",
        "route_id": "SNT_2502",
        "source_post_id": 2502,
        "name": "指導標",
        "kind": "kml_poi",
        "content_id": null
      },
      "geometry": {
        "type": "Point",
        "coordinates": [
          133.503985,
          33.5938898
        ]
      },
      "tippecanoe": {
        "minzoom": 10
      }
    },
    {
      "type": "Feature",
      "properties": {
        "poi_id": "SNT_2502_P0026",
        "route_id": "SNT_2502",
        "source_post_id": 2502,
        "name": "指導標",
        "kind": "kml_poi",
        "content_id": null
      },
      "geometry": {
        "type": "Point",
        "coordinates": [
          133.5719654,
          33.6027848
        ]
      },
      "tippecanoe": {
        "minzoom": 10
      }
    },
    {
      "type": "Feature",
      "properties": {
        "poi_id": "SNT_2502_P0027",
        "route_id": "SNT_2502",
        "source_post_id": 2502,
        "name": "指導標",
        "kind": "kml_poi",
        "content_id": null
      },
      "geometry": {
        "type": "Point",
        "coordinates": [
          133.5727395,
          33.6026265
        ]
      },
      "tippecanoe": {
        "minzoom": 10
      }
    },
    {
      "type": "Feature",
      "properties": {
        "poi_id": "SNT_2502_P0028",
        "route_id": "SNT_2502",
        "source_post_id": 2502,
        "name": "指導標",
        "kind": "kml_poi",
        "content_id": null
      },
      "geometry": {
        "type": "Point",
        "coordinates": [
          133.575257,
          33.6009814
        ]
      },
      "tippecanoe": {
        "minzoom": 10
      }
    },
    {
      "type": "Feature",
      "properties": {
        "poi_id": "SNT_2502_P0029",
        "route_id": "SNT_2502",
        "source_post_id": 2502,
        "name": "指導標",
        "kind": "kml_poi",
        "content_id": null
      },
      "geometry": {
        "type": "Point",
        "coordinates": [
          133.5759948,
          33.600152
        ]
      },
      "tippecanoe": {
        "minzoom": 10
      }
    },
    {
      "type": "Feature",
      "properties": {
        "poi_id": "SNT_2502_P0030",
        "route_id": "SNT_2502",
        "source_post_id": 2502,
        "name": "指導標",
        "kind": "kml_poi",
        "content_id": null
      },
      "geometry": {
        "type": "Point",
        "coordinates": [
          133.5770196,
          33.5917518
        ]
      },
      "tippecanoe": {
        "minzoom": 10
      }
    },
    {
      "type": "Feature",
      "properties": {
        "poi_id": "SNT_2502_P0031",
        "route_id": "SNT_2502",
        "source_post_id": 2502,
        "name": "指導標",
        "kind": "kml_poi",
        "content_id": null
      },
      "geometry": {
        "type": "Point",
        "coordinates": [
          133.5706083,
          33.6039924
        ]
      },
      "tippecanoe": {
        "minzoom": 10
      }
    },
    {
      "type": "Feature",
      "properties": {
        "poi_id": "SNT_2502_P0032",
        "route_id": "SNT_2502",
        "source_post_id": 2502,
        "name": "指導標",
        "kind": "kml_poi",
        "content_id": null
      },
      "geometry": {
        "type": "Point",
        "coordinates": [
          133.5763541,
          33.5950954
        ]
      },
      "tippecanoe": {
        "minzoom": 10
      }
    },
    {
      "type": "Feature",
      "properties": {
        "poi_id": "SNT_2576_P0001",
        "route_id": "SNT_2576",
        "source_post_id": 2576,
        "name": "松尾八幡宮",
        "kind": "tourism_spot",
        "content_id": "SNT_2576_S001"
      },
      "geometry": {
        "type": "Point",
        "coordinates": [
          133.4252313,
          33.5103346
        ]
      },
      "tippecanoe": {
        "minzoom": 10
      }
    },
    {
      "type": "Feature",
      "properties": {
        "poi_id": "SNT_2576_P0002",
        "route_id": "SNT_2576",
        "source_post_id": 2576,
        "name": "清瀧寺（医王山鏡池院）",
        "kind": "tourism_spot",
        "content_id": "SNT_2576_S002"
      },
      "geometry": {
        "type": "Point",
        "coordinates": [
          133.4095206,
          33.512455
        ]
      },
      "tippecanoe": {
        "minzoom": 10
      }
    },
    {
      "type": "Feature",
      "properties": {
        "poi_id": "SNT_2576_P0003",
        "route_id": "SNT_2576",
        "source_post_id": 2576,
        "name": "塚地峠（塚地休憩所）",
        "kind": "tourism_spot",
        "content_id": "SNT_2576_S003"
      },
      "geometry": {
        "type": "Point",
        "coordinates": [
          133.4377889,
          33.4693367
        ]
      },
      "tippecanoe": {
        "minzoom": 10
      }
    },
    {
      "type": "Feature",
      "properties": {
        "poi_id": "SNT_2576_P0004",
        "route_id": "SNT_2576",
        "source_post_id": 2576,
        "name": "安政地震・津波の碑",
        "kind": "tourism_spot",
        "content_id": "SNT_2576_S004"
      },
      "geometry": {
        "type": "Point",
        "coordinates": [
          133.4379923,
          33.4555097
        ]
      },
      "tippecanoe": {
        "minzoom": 10
      }
    },
    {
      "type": "Feature",
      "properties": {
        "poi_id": "SNT_2576_P0005",
        "route_id": "SNT_2576",
        "source_post_id": 2576,
        "name": "宇佐大橋",
        "kind": "tourism_spot",
        "content_id": "SNT_2576_S005"
      },
      "geometry": {
        "type": "Point",
        "coordinates": [
          133.4375984,
          33.4395269
        ]
      },
      "tippecanoe": {
        "minzoom": 10
      }
    },
    {
      "type": "Feature",
      "properties": {
        "poi_id": "SNT_2576_P0006",
        "route_id": "SNT_2576",
        "source_post_id": 2576,
        "name": "青龍寺",
        "kind": "tourism_spot",
        "content_id": "SNT_2576_S006"
      },
      "geometry": {
        "type": "Point",
        "coordinates": [
          133.4520538,
          33.4260226
        ]
      },
      "tippecanoe": {
        "minzoom": 10
      }
    },
    {
      "type": "Feature",
      "properties": {
        "poi_id": "SNT_2576_P0007",
        "route_id": "SNT_2576",
        "source_post_id": 2576,
        "name": "撮影ポイント",
        "kind": "kml_poi",
        "content_id": null
      },
      "geometry": {
        "type": "Point",
        "coordinates": [
          133.409668,
          33.5121059
        ]
      },
      "tippecanoe": {
        "minzoom": 10
      }
    },
    {
      "type": "Feature",
      "properties": {
        "poi_id": "SNT_2576_P0008",
        "route_id": "SNT_2576",
        "source_post_id": 2576,
        "name": "指導標",
        "kind": "kml_poi",
        "content_id": null
      },
      "geometry": {
        "type": "Point",
        "coordinates": [
          133.4276507,
          33.5108996
        ]
      },
      "tippecanoe": {
        "minzoom": 10
      }
    },
    {
      "type": "Feature",
      "properties": {
        "poi_id": "SNT_2576_P0009",
        "route_id": "SNT_2576",
        "source_post_id": 2576,
        "name": "指導標",
        "kind": "kml_poi",
        "content_id": null
      },
      "geometry": {
        "type": "Point",
        "coordinates": [
          133.4271437,
          33.5101547
        ]
      },
      "tippecanoe": {
        "minzoom": 10
      }
    },
    {
      "type": "Feature",
      "properties": {
        "poi_id": "SNT_2576_P0010",
        "route_id": "SNT_2576",
        "source_post_id": 2576,
        "name": "案内板",
        "kind": "kml_poi",
        "content_id": null
      },
      "geometry": {
        "type": "Point",
        "coordinates": [
          133.4252579,
          33.5095542
        ]
      },
      "tippecanoe": {
        "minzoom": 10
      }
    },
    {
      "type": "Feature",
      "properties": {
        "poi_id": "SNT_2576_P0011",
        "route_id": "SNT_2576",
        "source_post_id": 2576,
        "name": "指導標",
        "kind": "kml_poi",
        "content_id": null
      },
      "geometry": {
        "type": "Point",
        "coordinates": [
          133.4181527,
          33.5079764
        ]
      },
      "tippecanoe": {
        "minzoom": 10
      }
    },
    {
      "type": "Feature",
      "properties": {
        "poi_id": "SNT_2576_P0012",
        "route_id": "SNT_2576",
        "source_post_id": 2576,
        "name": "指導標",
        "kind": "kml_poi",
        "content_id": null
      },
      "geometry": {
        "type": "Point",
        "coordinates": [
          133.4126394,
          33.5070518
        ]
      },
      "tippecanoe": {
        "minzoom": 10
      }
    },
    {
      "type": "Feature",
      "properties": {
        "poi_id": "SNT_2576_P0013",
        "route_id": "SNT_2576",
        "source_post_id": 2576,
        "name": "指導標",
        "kind": "kml_poi",
        "content_id": null
      },
      "geometry": {
        "type": "Point",
        "coordinates": [
          133.4153379,
          33.5071296
        ]
      },
      "tippecanoe": {
        "minzoom": 10
      }
    },
    {
      "type": "Feature",
      "properties": {
        "poi_id": "SNT_2576_P0014",
        "route_id": "SNT_2576",
        "source_post_id": 2576,
        "name": "指導標",
        "kind": "kml_poi",
        "content_id": null
      },
      "geometry": {
        "type": "Point",
        "coordinates": [
          133.4199527,
          33.5073569
        ]
      },
      "tippecanoe": {
        "minzoom": 10
      }
    },
    {
      "type": "Feature",
      "properties": {
        "poi_id": "SNT_2576_P0015",
        "route_id": "SNT_2576",
        "source_post_id": 2576,
        "name": "指導標",
        "kind": "kml_poi",
        "content_id": null
      },
      "geometry": {
        "type": "Point",
        "coordinates": [
          133.4211329,
          33.5061067
        ]
      },
      "tippecanoe": {
        "minzoom": 10
      }
    },
    {
      "type": "Feature",
      "properties": {
        "poi_id": "SNT_2576_P0016",
        "route_id": "SNT_2576",
        "source_post_id": 2576,
        "name": "指導標",
        "kind": "kml_poi",
        "content_id": null
      },
      "geometry": {
        "type": "Point",
        "coordinates": [
          133.4214856,
          33.5043396
        ]
      },
      "tippecanoe": {
        "minzoom": 10
      }
    },
    {
      "type": "Feature",
      "properties": {
        "poi_id": "SNT_2576_P0017",
        "route_id": "SNT_2576",
        "source_post_id": 2576,
        "name": "指導標",
        "kind": "kml_poi",
        "content_id": null
      },
      "geometry": {
        "type": "Point",
        "coordinates": [
          133.4226438,
          33.5044245
        ]
      },
      "tippecanoe": {
        "minzoom": 10
      }
    },
    {
      "type": "Feature",
      "properties": {
        "poi_id": "SNT_2576_P0018",
        "route_id": "SNT_2576",
        "source_post_id": 2576,
        "name": "指導標",
        "kind": "kml_poi",
        "content_id": null
      },
      "geometry": {
        "type": "Point",
        "coordinates": [
          133.4231636,
          33.5005655
        ]
      },
      "tippecanoe": {
        "minzoom": 10
      }
    },
    {
      "type": "Feature",
      "properties": {
        "poi_id": "SNT_2576_P0019",
        "route_id": "SNT_2576",
        "source_post_id": 2576,
        "name": "指導標",
        "kind": "kml_poi",
        "content_id": null
      },
      "geometry": {
        "type": "Point",
        "coordinates": [
          133.4235474,
          33.5003405
        ]
      },
      "tippecanoe": {
        "minzoom": 10
      }
    },
    {
      "type": "Feature",
      "properties": {
        "poi_id": "SNT_2576_P0020",
        "route_id": "SNT_2576",
        "source_post_id": 2576,
        "name": "指導標",
        "kind": "kml_poi",
        "content_id": null
      },
      "geometry": {
        "type": "Point",
        "coordinates": [
          133.4232519,
          33.4983514
        ]
      },
      "tippecanoe": {
        "minzoom": 10
      }
    },
    {
      "type": "Feature",
      "properties": {
        "poi_id": "SNT_2576_P0021",
        "route_id": "SNT_2576",
        "source_post_id": 2576,
        "name": "指導標",
        "kind": "kml_poi",
        "content_id": null
      },
      "geometry": {
        "type": "Point",
        "coordinates": [
          133.4286762,
          33.4988301
        ]
      },
      "tippecanoe": {
        "minzoom": 10
      }
    },
    {
      "type": "Feature",
      "properties": {
        "poi_id": "SNT_2576_P0022",
        "route_id": "SNT_2576",
        "source_post_id": 2576,
        "name": "指導標",
        "kind": "kml_poi",
        "content_id": null
      },
      "geometry": {
        "type": "Point",
        "coordinates": [
          133.4387666,
          33.4903233
        ]
      },
      "tippecanoe": {
        "minzoom": 10
      }
    },
    {
      "type": "Feature",
      "properties": {
        "poi_id": "SNT_2576_P0023",
        "route_id": "SNT_2576",
        "source_post_id": 2576,
        "name": "案内板",
        "kind": "kml_poi",
        "content_id": null
      },
      "geometry": {
        "type": "Point",
        "coordinates": [
          133.4369767,
          33.4687508
        ]
      },
      "tippecanoe": {
        "minzoom": 10
      }
    },
    {
      "type": "Feature",
      "properties": {
        "poi_id": "SNT_2576_P0024",
        "route_id": "SNT_2576",
        "source_post_id": 2576,
        "name": "指導標",
        "kind": "kml_poi",
        "content_id": null
      },
      "geometry": {
        "type": "Point",
        "coordinates": [
          133.434421,
          33.464252
        ]
      },
      "tippecanoe": {
        "minzoom": 10
      }
    },
    {
      "type": "Feature",
      "properties": {
        "poi_id": "SNT_2576_P0025",
        "route_id": "SNT_2576",
        "source_post_id": 2576,
        "name": "指導標",
        "kind": "kml_poi",
        "content_id": null
      },
      "geometry": {
        "type": "Point",
        "coordinates": [
          133.4334012,
          33.4621933
        ]
      },
      "tippecanoe": {
        "minzoom": 10
      }
    },
    {
      "type": "Feature",
      "properties": {
        "poi_id": "SNT_2576_P0026",
        "route_id": "SNT_2576",
        "source_post_id": 2576,
        "name": "指導標",
        "kind": "kml_poi",
        "content_id": null
      },
      "geometry": {
        "type": "Point",
        "coordinates": [
          133.4364023,
          33.4596376
        ]
      },
      "tippecanoe": {
        "minzoom": 10
      }
    },
    {
      "type": "Feature",
      "properties": {
        "poi_id": "SNT_2576_P0027",
        "route_id": "SNT_2576",
        "source_post_id": 2576,
        "name": "指導標",
        "kind": "kml_poi",
        "content_id": null
      },
      "geometry": {
        "type": "Point",
        "coordinates": [
          133.4372606,
          33.4563615
        ]
      },
      "tippecanoe": {
        "minzoom": 10
      }
    },
    {
      "type": "Feature",
      "properties": {
        "poi_id": "SNT_2576_P0028",
        "route_id": "SNT_2576",
        "source_post_id": 2576,
        "name": "指導標",
        "kind": "kml_poi",
        "content_id": null
      },
      "geometry": {
        "type": "Point",
        "coordinates": [
          133.4393919,
          33.4514275
        ]
      },
      "tippecanoe": {
        "minzoom": 10
      }
    },
    {
      "type": "Feature",
      "properties": {
        "poi_id": "SNT_2576_P0029",
        "route_id": "SNT_2576",
        "source_post_id": 2576,
        "name": "指導標",
        "kind": "kml_poi",
        "content_id": null
      },
      "geometry": {
        "type": "Point",
        "coordinates": [
          133.435381,
          33.442948
        ]
      },
      "tippecanoe": {
        "minzoom": 10
      }
    },
    {
      "type": "Feature",
      "properties": {
        "poi_id": "SNT_2576_P0030",
        "route_id": "SNT_2576",
        "source_post_id": 2576,
        "name": "指導標",
        "kind": "kml_poi",
        "content_id": null
      },
      "geometry": {
        "type": "Point",
        "coordinates": [
          133.4374359,
          33.4421975
        ]
      },
      "tippecanoe": {
        "minzoom": 10
      }
    },
    {
      "type": "Feature",
      "properties": {
        "poi_id": "SNT_2576_P0031",
        "route_id": "SNT_2576",
        "source_post_id": 2576,
        "name": "指導標",
        "kind": "kml_poi",
        "content_id": null
      },
      "geometry": {
        "type": "Point",
        "coordinates": [
          133.4435299,
          33.4391778
        ]
      },
      "tippecanoe": {
        "minzoom": 10
      }
    },
    {
      "type": "Feature",
      "properties": {
        "poi_id": "SNT_2576_P0032",
        "route_id": "SNT_2576",
        "source_post_id": 2576,
        "name": "指導標",
        "kind": "kml_poi",
        "content_id": null
      },
      "geometry": {
        "type": "Point",
        "coordinates": [
          133.4523671,
          33.4323365
        ]
      },
      "tippecanoe": {
        "minzoom": 10
      }
    },
    {
      "type": "Feature",
      "properties": {
        "poi_id": "SNT_2576_P0033",
        "route_id": "SNT_2576",
        "source_post_id": 2576,
        "name": "指導標",
        "kind": "kml_poi",
        "content_id": null
      },
      "geometry": {
        "type": "Point",
        "coordinates": [
          133.452613,
          33.4308459
        ]
      },
      "tippecanoe": {
        "minzoom": 10
      }
    },
    {
      "type": "Feature",
      "properties": {
        "poi_id": "SNT_2576_P0034",
        "route_id": "SNT_2576",
        "source_post_id": 2576,
        "name": "指導標",
        "kind": "kml_poi",
        "content_id": null
      },
      "geometry": {
        "type": "Point",
        "coordinates": [
          133.4518869,
          33.4301233
        ]
      },
      "tippecanoe": {
        "minzoom": 10
      }
    },
    {
      "type": "Feature",
      "properties": {
        "poi_id": "SNT_2576_P0035",
        "route_id": "SNT_2576",
        "source_post_id": 2576,
        "name": "指導標",
        "kind": "kml_poi",
        "content_id": null
      },
      "geometry": {
        "type": "Point",
        "coordinates": [
          133.452064,
          33.42463
        ]
      },
      "tippecanoe": {
        "minzoom": 10
      }
    },
    {
      "type": "Feature",
      "properties": {
        "poi_id": "SNT_2576_P0036",
        "route_id": "SNT_2576",
        "source_post_id": 2576,
        "name": "指導標",
        "kind": "kml_poi",
        "content_id": null
      },
      "geometry": {
        "type": "Point",
        "coordinates": [
          133.451801,
          33.4259594
        ]
      },
      "tippecanoe": {
        "minzoom": 10
      }
    },
    {
      "type": "Feature",
      "properties": {
        "poi_id": "SNT_2576_P0037",
        "route_id": "SNT_2576",
        "source_post_id": 2576,
        "name": "案内板",
        "kind": "kml_poi",
        "content_id": null
      },
      "geometry": {
        "type": "Point",
        "coordinates": [
          133.453251,
          33.423653
        ]
      },
      "tippecanoe": {
        "minzoom": 10
      }
    },
    {
      "type": "Feature",
      "properties": {
        "poi_id": "SNT_2576_P0038",
        "route_id": "SNT_2576",
        "source_post_id": 2576,
        "name": "指導標",
        "kind": "kml_poi",
        "content_id": null
      },
      "geometry": {
        "type": "Point",
        "coordinates": [
          133.4535255,
          33.4234134
        ]
      },
      "tippecanoe": {
        "minzoom": 10
      }
    },
    {
      "type": "Feature",
      "properties": {
        "poi_id": "SNT_2576_P0039",
        "route_id": "SNT_2576",
        "source_post_id": 2576,
        "name": "指導標",
        "kind": "kml_poi",
        "content_id": null
      },
      "geometry": {
        "type": "Point",
        "coordinates": [
          133.455146,
          33.4233674
        ]
      },
      "tippecanoe": {
        "minzoom": 10
      }
    },
    {
      "type": "Feature",
      "properties": {
        "poi_id": "SNT_2579_P0001",
        "route_id": "SNT_2579",
        "source_post_id": 2579,
        "name": "双名島",
        "kind": "kml_poi",
        "content_id": null
      },
      "geometry": {
        "type": "Point",
        "coordinates": [
          133.2482899,
          33.3313222
        ]
      },
      "tippecanoe": {
        "minzoom": 10
      }
    },
    {
      "type": "Feature",
      "properties": {
        "poi_id": "SNT_2579_P0002",
        "route_id": "SNT_2579",
        "source_post_id": 2579,
        "name": "02安和海岸",
        "kind": "kml_poi",
        "content_id": null
      },
      "geometry": {
        "type": "Point",
        "coordinates": [
          133.2639243,
          33.3578331
        ]
      },
      "tippecanoe": {
        "minzoom": 10
      }
    },
    {
      "type": "Feature",
      "properties": {
        "poi_id": "SNT_2579_P0003",
        "route_id": "SNT_2579",
        "source_post_id": 2579,
        "name": "久礼八幡宮",
        "kind": "tourism_spot",
        "content_id": "SNT_2579_S003"
      },
      "geometry": {
        "type": "Point",
        "coordinates": [
          133.2308343,
          33.3274893
        ]
      },
      "tippecanoe": {
        "minzoom": 10
      }
    },
    {
      "type": "Feature",
      "properties": {
        "poi_id": "SNT_2579_P0004",
        "route_id": "SNT_2579",
        "source_post_id": 2579,
        "name": "撮影ポイント",
        "kind": "kml_poi",
        "content_id": null
      },
      "geometry": {
        "type": "Point",
        "coordinates": [
          133.2486313,
          33.3311948
        ]
      },
      "tippecanoe": {
        "minzoom": 10
      }
    },
    {
      "type": "Feature",
      "properties": {
        "poi_id": "SNT_2579_P0005",
        "route_id": "SNT_2579",
        "source_post_id": 2579,
        "name": "指導標",
        "kind": "kml_poi",
        "content_id": null
      },
      "geometry": {
        "type": "Point",
        "coordinates": [
          133.2587458,
          33.3670716
        ]
      },
      "tippecanoe": {
        "minzoom": 10
      }
    },
    {
      "type": "Feature",
      "properties": {
        "poi_id": "SNT_2579_P0006",
        "route_id": "SNT_2579",
        "source_post_id": 2579,
        "name": "案内板",
        "kind": "kml_poi",
        "content_id": null
      },
      "geometry": {
        "type": "Point",
        "coordinates": [
          133.2576625,
          33.3636461
        ]
      },
      "tippecanoe": {
        "minzoom": 10
      }
    },
    {
      "type": "Feature",
      "properties": {
        "poi_id": "SNT_2579_P0007",
        "route_id": "SNT_2579",
        "source_post_id": 2579,
        "name": "指導標",
        "kind": "kml_poi",
        "content_id": null
      },
      "geometry": {
        "type": "Point",
        "coordinates": [
          133.2634393,
          33.3407042
        ]
      },
      "tippecanoe": {
        "minzoom": 10
      }
    },
    {
      "type": "Feature",
      "properties": {
        "poi_id": "SNT_2579_P0008",
        "route_id": "SNT_2579",
        "source_post_id": 2579,
        "name": "指導標",
        "kind": "kml_poi",
        "content_id": null
      },
      "geometry": {
        "type": "Point",
        "coordinates": [
          133.2373225,
          33.3319288
        ]
      },
      "tippecanoe": {
        "minzoom": 10
      }
    },
    {
      "type": "Feature",
      "properties": {
        "poi_id": "SNT_2579_P0009",
        "route_id": "SNT_2579",
        "source_post_id": 2579,
        "name": "案内板",
        "kind": "kml_poi",
        "content_id": null
      },
      "geometry": {
        "type": "Point",
        "coordinates": [
          133.2307995,
          33.3273877
        ]
      },
      "tippecanoe": {
        "minzoom": 10
      }
    },
    {
      "type": "Feature",
      "properties": {
        "poi_id": "SNT_2579_P0010",
        "route_id": "SNT_2579",
        "source_post_id": 2579,
        "name": "安和海岸",
        "kind": "tourism_spot",
        "content_id": "SNT_2579_S001"
      },
      "geometry": {
        "type": "Point",
        "coordinates": [
          133.2595576,
          33.3670064
        ]
      },
      "tippecanoe": {
        "minzoom": 10
      }
    },
    {
      "type": "Feature",
      "properties": {
        "poi_id": "SNT_2579_P0011",
        "route_id": "SNT_2579",
        "source_post_id": 2579,
        "name": "03安和海岸",
        "kind": "kml_poi",
        "content_id": null
      },
      "geometry": {
        "type": "Point",
        "coordinates": [
          133.2621115,
          33.3525555
        ]
      },
      "tippecanoe": {
        "minzoom": 10
      }
    },
    {
      "type": "Feature",
      "properties": {
        "poi_id": "SNT_2582_P0001",
        "route_id": "SNT_2582",
        "source_post_id": 2582,
        "name": "久礼の町並",
        "kind": "kml_poi",
        "content_id": null
      },
      "geometry": {
        "type": "Point",
        "coordinates": [
          133.2329197,
          33.3304309
        ]
      },
      "tippecanoe": {
        "minzoom": 10
      }
    },
    {
      "type": "Feature",
      "properties": {
        "poi_id": "SNT_2582_P0002",
        "route_id": "SNT_2582",
        "source_post_id": 2582,
        "name": "津波避難タワー",
        "kind": "tourism_spot",
        "content_id": "SNT_2582_S002"
      },
      "geometry": {
        "type": "Point",
        "coordinates": [
          133.2313812,
          33.3275986
        ]
      },
      "tippecanoe": {
        "minzoom": 10
      }
    },
    {
      "type": "Feature",
      "properties": {
        "poi_id": "SNT_2582_P0003",
        "route_id": "SNT_2582",
        "source_post_id": 2582,
        "name": "大坂休憩所",
        "kind": "tourism_spot",
        "content_id": "SNT_2582_S003"
      },
      "geometry": {
        "type": "Point",
        "coordinates": [
          133.2245956,
          33.3213867
        ]
      },
      "tippecanoe": {
        "minzoom": 10
      }
    },
    {
      "type": "Feature",
      "properties": {
        "poi_id": "SNT_2582_P0004",
        "route_id": "SNT_2582",
        "source_post_id": 2582,
        "name": "青木坂の五輪塔群",
        "kind": "tourism_spot",
        "content_id": "SNT_2582_S004"
      },
      "geometry": {
        "type": "Point",
        "coordinates": [
          133.2245047,
          33.3217722
        ]
      },
      "tippecanoe": {
        "minzoom": 10
      }
    },
    {
      "type": "Feature",
      "properties": {
        "poi_id": "SNT_2582_P0005",
        "route_id": "SNT_2582",
        "source_post_id": 2582,
        "name": "黒竹（くろちく）",
        "kind": "tourism_spot",
        "content_id": "SNT_2582_S005"
      },
      "geometry": {
        "type": "Point",
        "coordinates": [
          133.2167035,
          33.3171217
        ]
      },
      "tippecanoe": {
        "minzoom": 10
      }
    },
    {
      "type": "Feature",
      "properties": {
        "poi_id": "SNT_2582_P0006",
        "route_id": "SNT_2582",
        "source_post_id": 2582,
        "name": "七子峠",
        "kind": "tourism_spot",
        "content_id": "SNT_2582_S006"
      },
      "geometry": {
        "type": "Point",
        "coordinates": [
          133.1796806,
          33.3074251
        ]
      },
      "tippecanoe": {
        "minzoom": 10
      }
    },
    {
      "type": "Feature",
      "properties": {
        "poi_id": "SNT_2582_P0007",
        "route_id": "SNT_2582",
        "source_post_id": 2582,
        "name": "指導標",
        "kind": "kml_poi",
        "content_id": null
      },
      "geometry": {
        "type": "Point",
        "coordinates": [
          133.2299449,
          33.3268232
        ]
      },
      "tippecanoe": {
        "minzoom": 10
      }
    },
    {
      "type": "Feature",
      "properties": {
        "poi_id": "SNT_2582_P0008",
        "route_id": "SNT_2582",
        "source_post_id": 2582,
        "name": "指導標",
        "kind": "kml_poi",
        "content_id": null
      },
      "geometry": {
        "type": "Point",
        "coordinates": [
          133.2253352,
          33.3248901
        ]
      },
      "tippecanoe": {
        "minzoom": 10
      }
    },
    {
      "type": "Feature",
      "properties": {
        "poi_id": "SNT_2582_P0009",
        "route_id": "SNT_2582",
        "source_post_id": 2582,
        "name": "指導標",
        "kind": "kml_poi",
        "content_id": null
      },
      "geometry": {
        "type": "Point",
        "coordinates": [
          133.2252854,
          33.3246163
        ]
      },
      "tippecanoe": {
        "minzoom": 10
      }
    },
    {
      "type": "Feature",
      "properties": {
        "poi_id": "SNT_2582_P0010",
        "route_id": "SNT_2582",
        "source_post_id": 2582,
        "name": "指導標",
        "kind": "kml_poi",
        "content_id": null
      },
      "geometry": {
        "type": "Point",
        "coordinates": [
          133.2245109,
          33.3216912
        ]
      },
      "tippecanoe": {
        "minzoom": 10
      }
    },
    {
      "type": "Feature",
      "properties": {
        "poi_id": "SNT_2582_P0011",
        "route_id": "SNT_2582",
        "source_post_id": 2582,
        "name": "指導標",
        "kind": "kml_poi",
        "content_id": null
      },
      "geometry": {
        "type": "Point",
        "coordinates": [
          133.2245119,
          33.3216376
        ]
      },
      "tippecanoe": {
        "minzoom": 10
      }
    },
    {
      "type": "Feature",
      "properties": {
        "poi_id": "SNT_2582_P0012",
        "route_id": "SNT_2582",
        "source_post_id": 2582,
        "name": "指導標",
        "kind": "kml_poi",
        "content_id": null
      },
      "geometry": {
        "type": "Point",
        "coordinates": [
          133.2206671,
          33.3178755
        ]
      },
      "tippecanoe": {
        "minzoom": 10
      }
    },
    {
      "type": "Feature",
      "properties": {
        "poi_id": "SNT_2582_P0013",
        "route_id": "SNT_2582",
        "source_post_id": 2582,
        "name": "指導標",
        "kind": "kml_poi",
        "content_id": null
      },
      "geometry": {
        "type": "Point",
        "coordinates": [
          133.2206336,
          33.3177578
        ]
      },
      "tippecanoe": {
        "minzoom": 10
      }
    },
    {
      "type": "Feature",
      "properties": {
        "poi_id": "SNT_2582_P0014",
        "route_id": "SNT_2582",
        "source_post_id": 2582,
        "name": "指導標",
        "kind": "kml_poi",
        "content_id": null
      },
      "geometry": {
        "type": "Point",
        "coordinates": [
          133.206001,
          33.3183449
        ]
      },
      "tippecanoe": {
        "minzoom": 10
      }
    },
    {
      "type": "Feature",
      "properties": {
        "poi_id": "SNT_2582_P0015",
        "route_id": "SNT_2582",
        "source_post_id": 2582,
        "name": "指導標",
        "kind": "kml_poi",
        "content_id": null
      },
      "geometry": {
        "type": "Point",
        "coordinates": [
          133.1933008,
          33.3127394
        ]
      },
      "tippecanoe": {
        "minzoom": 10
      }
    },
    {
      "type": "Feature",
      "properties": {
        "poi_id": "SNT_2582_P0016",
        "route_id": "SNT_2582",
        "source_post_id": 2582,
        "name": "指導標",
        "kind": "kml_poi",
        "content_id": null
      },
      "geometry": {
        "type": "Point",
        "coordinates": [
          133.185831,
          33.310163
        ]
      },
      "tippecanoe": {
        "minzoom": 10
      }
    },
    {
      "type": "Feature",
      "properties": {
        "poi_id": "SNT_2582_P0017",
        "route_id": "SNT_2582",
        "source_post_id": 2582,
        "name": "指導標",
        "kind": "kml_poi",
        "content_id": null
      },
      "geometry": {
        "type": "Point",
        "coordinates": [
          133.180308,
          33.307713
        ]
      },
      "tippecanoe": {
        "minzoom": 10
      }
    },
    {
      "type": "Feature",
      "properties": {
        "poi_id": "SNT_2582_P0018",
        "route_id": "SNT_2582",
        "source_post_id": 2582,
        "name": "指導標",
        "kind": "kml_poi",
        "content_id": null
      },
      "geometry": {
        "type": "Point",
        "coordinates": [
          133.1813523,
          33.3086348
        ]
      },
      "tippecanoe": {
        "minzoom": 10
      }
    },
    {
      "type": "Feature",
      "properties": {
        "poi_id": "SNT_2582_P0019",
        "route_id": "SNT_2582",
        "source_post_id": 2582,
        "name": "指導標",
        "kind": "kml_poi",
        "content_id": null
      },
      "geometry": {
        "type": "Point",
        "coordinates": [
          133.1828364,
          33.3091999
        ]
      },
      "tippecanoe": {
        "minzoom": 10
      }
    },
    {
      "type": "Feature",
      "properties": {
        "poi_id": "SNT_3811_P0001",
        "route_id": "SNT_3811",
        "source_post_id": 3811,
        "name": "ヒロハチシャノキ",
        "kind": "tourism_spot",
        "content_id": "SNT_3811_S001"
      },
      "geometry": {
        "type": "Point",
        "coordinates": [
          133.1509566,
          33.2771901
        ]
      },
      "tippecanoe": {
        "minzoom": 10
      }
    },
    {
      "type": "Feature",
      "properties": {
        "poi_id": "SNT_3811_P0002",
        "route_id": "SNT_3811",
        "source_post_id": 3811,
        "name": "お雪椿",
        "kind": "tourism_spot",
        "content_id": "SNT_3811_S002"
      },
      "geometry": {
        "type": "Point",
        "coordinates": [
          133.1751455,
          33.2818256
        ]
      },
      "tippecanoe": {
        "minzoom": 10
      }
    },
    {
      "type": "Feature",
      "properties": {
        "poi_id": "SNT_3811_P0003",
        "route_id": "SNT_3811",
        "source_post_id": 3811,
        "name": "通行注意の場所",
        "kind": "tourism_spot",
        "content_id": "SNT_3811_S003"
      },
      "geometry": {
        "type": "Point",
        "coordinates": [
          133.1357735,
          33.2684824
        ]
      },
      "tippecanoe": {
        "minzoom": 10
      }
    },
    {
      "type": "Feature",
      "properties": {
        "poi_id": "SNT_3811_P0004",
        "route_id": "SNT_3811",
        "source_post_id": 3811,
        "name": "高岡神社",
        "kind": "tourism_spot",
        "content_id": "SNT_3811_S004"
      },
      "geometry": {
        "type": "Point",
        "coordinates": [
          133.1249161,
          33.221793
        ]
      },
      "tippecanoe": {
        "minzoom": 10
      }
    },
    {
      "type": "Feature",
      "properties": {
        "poi_id": "SNT_3811_P0005",
        "route_id": "SNT_3811",
        "source_post_id": 3811,
        "name": "岩本寺",
        "kind": "tourism_spot",
        "content_id": "SNT_3811_S005"
      },
      "geometry": {
        "type": "Point",
        "coordinates": [
          133.1346704,
          33.2080561
        ]
      },
      "tippecanoe": {
        "minzoom": 10
      }
    },
    {
      "type": "Feature",
      "properties": {
        "poi_id": "SNT_3815_P0001",
        "route_id": "SNT_3815",
        "source_post_id": 3815,
        "name": "擂鉢轟の滝",
        "kind": "kml_poi",
        "content_id": null
      },
      "geometry": {
        "type": "Point",
        "coordinates": [
          133.1670184,
          33.1687263
        ]
      },
      "tippecanoe": {
        "minzoom": 10
      }
    },
    {
      "type": "Feature",
      "properties": {
        "poi_id": "SNT_3815_P0002",
        "route_id": "SNT_3815",
        "source_post_id": 3815,
        "name": "流人万六の墓",
        "kind": "tourism_spot",
        "content_id": "SNT_3815_S002"
      },
      "geometry": {
        "type": "Point",
        "coordinates": [
          133.120899,
          33.1240304
        ]
      },
      "tippecanoe": {
        "minzoom": 10
      }
    },
    {
      "type": "Feature",
      "properties": {
        "poi_id": "SNT_3815_P0003",
        "route_id": "SNT_3815",
        "source_post_id": 3815,
        "name": "熊野神社",
        "kind": "tourism_spot",
        "content_id": "SNT_3815_S003"
      },
      "geometry": {
        "type": "Point",
        "coordinates": [
          133.0988475,
          33.1027511
        ]
      },
      "tippecanoe": {
        "minzoom": 10
      }
    },
    {
      "type": "Feature",
      "properties": {
        "poi_id": "SNT_3815_P0004",
        "route_id": "SNT_3815",
        "source_post_id": 3815,
        "name": "伊与喜天満宮休憩所",
        "kind": "tourism_spot",
        "content_id": "SNT_3815_S004"
      },
      "geometry": {
        "type": "Point",
        "coordinates": [
          133.1216177,
          33.14428
        ]
      },
      "tippecanoe": {
        "minzoom": 10
      }
    },
    {
      "type": "Feature",
      "properties": {
        "poi_id": "SNT_3815_P0005",
        "route_id": "SNT_3815",
        "source_post_id": 3815,
        "name": "熊井トンネル",
        "kind": "tourism_spot",
        "content_id": "SNT_3815_S005"
      },
      "geometry": {
        "type": "Point",
        "coordinates": [
          133.1021026,
          33.0974003
        ]
      },
      "tippecanoe": {
        "minzoom": 10
      }
    },
    {
      "type": "Feature",
      "properties": {
        "poi_id": "SNT_3815_P0006",
        "route_id": "SNT_3815",
        "source_post_id": 3815,
        "name": "天満宮と曽我神社",
        "kind": "tourism_spot",
        "content_id": "SNT_3815_S006"
      },
      "geometry": {
        "type": "Point",
        "coordinates": [
          133.0992446,
          33.0869513
        ]
      },
      "tippecanoe": {
        "minzoom": 10
      }
    },
    {
      "type": "Feature",
      "properties": {
        "poi_id": "SNT_3815_P0007",
        "route_id": "SNT_3815",
        "source_post_id": 3815,
        "name": "鹿島ヶ浦",
        "kind": "kml_poi",
        "content_id": null
      },
      "geometry": {
        "type": "Point",
        "coordinates": [
          133.1135595,
          33.0721044
        ]
      },
      "tippecanoe": {
        "minzoom": 10
      }
    },
    {
      "type": "Feature",
      "properties": {
        "poi_id": "SNT_3818_P0001",
        "route_id": "SNT_3818",
        "source_post_id": 3818,
        "name": "井の岬海岸",
        "kind": "tourism_spot",
        "content_id": "SNT_3818_S001"
      },
      "geometry": {
        "type": "Point",
        "coordinates": [
          133.0945396,
          33.0240742
        ]
      },
      "tippecanoe": {
        "minzoom": 10
      }
    },
    {
      "type": "Feature",
      "properties": {
        "poi_id": "SNT_3818_P0002",
        "route_id": "SNT_3818",
        "source_post_id": 3818,
        "name": "有井庄司の墓",
        "kind": "tourism_spot",
        "content_id": "SNT_3818_S002"
      },
      "geometry": {
        "type": "Point",
        "coordinates": [
          133.071257,
          33.040632
        ]
      },
      "tippecanoe": {
        "minzoom": 10
      }
    },
    {
      "type": "Feature",
      "properties": {
        "poi_id": "SNT_3818_P0003",
        "route_id": "SNT_3818",
        "source_post_id": 3818,
        "name": "王無しの浜",
        "kind": "tourism_spot",
        "content_id": "SNT_3818_S003"
      },
      "geometry": {
        "type": "Point",
        "coordinates": [
          133.0463168,
          33.0389824
        ]
      },
      "tippecanoe": {
        "minzoom": 10
      }
    },
    {
      "type": "Feature",
      "properties": {
        "poi_id": "SNT_3818_P0004",
        "route_id": "SNT_3818",
        "source_post_id": 3818,
        "name": "浮津海水浴場",
        "kind": "tourism_spot",
        "content_id": "SNT_3818_S004"
      },
      "geometry": {
        "type": "Point",
        "coordinates": [
          133.0400974,
          33.0372501
        ]
      },
      "tippecanoe": {
        "minzoom": 10
      }
    },
    {
      "type": "Feature",
      "properties": {
        "poi_id": "SNT_3818_P0005",
        "route_id": "SNT_3818",
        "source_post_id": 3818,
        "name": "入野松原",
        "kind": "tourism_spot",
        "content_id": "SNT_3818_S005"
      },
      "geometry": {
        "type": "Point",
        "coordinates": [
          133.0165998,
          33.0267047
        ]
      },
      "tippecanoe": {
        "minzoom": 10
      }
    },
    {
      "type": "Feature",
      "properties": {
        "poi_id": "SNT_3818_P0006",
        "route_id": "SNT_3818",
        "source_post_id": 3818,
        "name": "大方あかつき館",
        "kind": "tourism_spot",
        "content_id": "SNT_3818_S006"
      },
      "geometry": {
        "type": "Point",
        "coordinates": [
          133.0133953,
          33.0226757
        ]
      },
      "tippecanoe": {
        "minzoom": 10
      }
    },
    {
      "type": "Feature",
      "properties": {
        "poi_id": "SNT_3822_P0001",
        "route_id": "SNT_3822",
        "source_post_id": 3822,
        "name": "双海サーフビーチ",
        "kind": "tourism_spot",
        "content_id": "SNT_3822_S001"
      },
      "geometry": {
        "type": "Point",
        "coordinates": [
          132.9997585,
          32.9718384
        ]
      },
      "tippecanoe": {
        "minzoom": 10
      }
    },
    {
      "type": "Feature",
      "properties": {
        "poi_id": "SNT_3822_P0002",
        "route_id": "SNT_3822",
        "source_post_id": 3822,
        "name": "平野サーフビーチ",
        "kind": "tourism_spot",
        "content_id": "SNT_3822_S002"
      },
      "geometry": {
        "type": "Point",
        "coordinates": [
          132.9944843,
          32.960416
        ]
      },
      "tippecanoe": {
        "minzoom": 10
      }
    },
    {
      "type": "Feature",
      "properties": {
        "poi_id": "SNT_3822_P0003",
        "route_id": "SNT_3822",
        "source_post_id": 3822,
        "name": "有隣公園",
        "kind": "tourism_spot",
        "content_id": "SNT_3822_S003"
      },
      "geometry": {
        "type": "Point",
        "coordinates": [
          132.9885756,
          32.9436268
        ]
      },
      "tippecanoe": {
        "minzoom": 10
      }
    },
    {
      "type": "Feature",
      "properties": {
        "poi_id": "SNT_3822_P0004",
        "route_id": "SNT_3822",
        "source_post_id": 3822,
        "name": "貴船神社",
        "kind": "tourism_spot",
        "content_id": "SNT_3822_S004"
      },
      "geometry": {
        "type": "Point",
        "coordinates": [
          132.9873647,
          32.9439997
        ]
      },
      "tippecanoe": {
        "minzoom": 10
      }
    },
    {
      "type": "Feature",
      "properties": {
        "poi_id": "SNT_3822_P0005",
        "route_id": "SNT_3822",
        "source_post_id": 3822,
        "name": "下田の渡し",
        "kind": "tourism_spot",
        "content_id": "SNT_3822_S005"
      },
      "geometry": {
        "type": "Point",
        "coordinates": [
          132.9920889,
          32.9395533
        ]
      },
      "tippecanoe": {
        "minzoom": 10
      }
    },
    {
      "type": "Feature",
      "properties": {
        "poi_id": "SNT_3825_P0001",
        "route_id": "SNT_3825",
        "source_post_id": 3825,
        "name": "四万十川",
        "kind": "tourism_spot",
        "content_id": "SNT_3825_S001"
      },
      "geometry": {
        "type": "Point",
        "coordinates": [
          132.9860926,
          32.9366941
        ]
      },
      "tippecanoe": {
        "minzoom": 10
      }
    },
    {
      "type": "Feature",
      "properties": {
        "poi_id": "SNT_3825_P0002",
        "route_id": "SNT_3825",
        "source_post_id": 3825,
        "name": "初崎の渡し",
        "kind": "tourism_spot",
        "content_id": "SNT_3825_S002"
      },
      "geometry": {
        "type": "Point",
        "coordinates": [
          132.9865027,
          32.933136
        ]
      },
      "tippecanoe": {
        "minzoom": 10
      }
    },
    {
      "type": "Feature",
      "properties": {
        "poi_id": "SNT_3825_P0003",
        "route_id": "SNT_3825",
        "source_post_id": 3825,
        "name": "大文字の送り火",
        "kind": "tourism_spot",
        "content_id": "SNT_3825_S003"
      },
      "geometry": {
        "type": "Point",
        "coordinates": [
          132.96493,
          32.9372319
        ]
      },
      "tippecanoe": {
        "minzoom": 10
      }
    },
    {
      "type": "Feature",
      "properties": {
        "poi_id": "SNT_3825_P0004",
        "route_id": "SNT_3825",
        "source_post_id": 3825,
        "name": "大名鹿（おおなしし）の浜",
        "kind": "tourism_spot",
        "content_id": "SNT_3825_S004"
      },
      "geometry": {
        "type": "Point",
        "coordinates": [
          132.996971,
          32.9241463
        ]
      },
      "tippecanoe": {
        "minzoom": 10
      }
    },
    {
      "type": "Feature",
      "properties": {
        "poi_id": "SNT_3825_P0005",
        "route_id": "SNT_3825",
        "source_post_id": 3825,
        "name": "初崎休憩所",
        "kind": "kml_poi",
        "content_id": null
      },
      "geometry": {
        "type": "Point",
        "coordinates": [
          132.9863931,
          32.9326418
        ]
      },
      "tippecanoe": {
        "minzoom": 10
      }
    },
    {
      "type": "Feature",
      "properties": {
        "poi_id": "SNT_3828_P0001",
        "route_id": "SNT_3828",
        "source_post_id": 3828,
        "name": "足摺宇和海国立公園大岐海岸」の石柱",
        "kind": "kml_poi",
        "content_id": null
      },
      "geometry": {
        "type": "Point",
        "coordinates": [
          132.9510281,
          32.8259287
        ]
      },
      "tippecanoe": {
        "minzoom": 10
      }
    },
    {
      "type": "Feature",
      "properties": {
        "poi_id": "SNT_3828_P0002",
        "route_id": "SNT_3828",
        "source_post_id": 3828,
        "name": "大岐海岸",
        "kind": "tourism_spot",
        "content_id": "SNT_3828_S001"
      },
      "geometry": {
        "type": "Point",
        "coordinates": [
          132.9518162,
          32.8197582
        ]
      },
      "tippecanoe": {
        "minzoom": 10
      }
    },
    {
      "type": "Feature",
      "properties": {
        "poi_id": "SNT_3828_P0003",
        "route_id": "SNT_3828",
        "source_post_id": 3828,
        "name": "大岐の避難タワー",
        "kind": "tourism_spot",
        "content_id": "SNT_3828_S002"
      },
      "geometry": {
        "type": "Point",
        "coordinates": [
          132.9463556,
          32.8183909
        ]
      },
      "tippecanoe": {
        "minzoom": 10
      }
    },
    {
      "type": "Feature",
      "properties": {
        "poi_id": "SNT_3828_P0004",
        "route_id": "SNT_3828",
        "source_post_id": 3828,
        "name": "窪津の捕鯨（窪津港）",
        "kind": "tourism_spot",
        "content_id": "SNT_3828_S003"
      },
      "geometry": {
        "type": "Point",
        "coordinates": [
          132.9956794,
          32.7873972
        ]
      },
      "tippecanoe": {
        "minzoom": 10
      }
    },
    {
      "type": "Feature",
      "properties": {
        "poi_id": "SNT_5556_P0001",
        "route_id": "SNT_5556",
        "source_post_id": 5556,
        "name": "01 天狗の鼻",
        "kind": "kml_poi",
        "content_id": null
      },
      "geometry": {
        "type": "Point",
        "coordinates": [
          133.021416935397,
          32.7268799783535
        ]
      },
      "tippecanoe": {
        "minzoom": 10
      }
    },
    {
      "type": "Feature",
      "properties": {
        "poi_id": "SNT_5556_P0002",
        "route_id": "SNT_5556",
        "source_post_id": 5556,
        "name": "02 金剛福寺",
        "kind": "kml_poi",
        "content_id": null
      },
      "geometry": {
        "type": "Point",
        "coordinates": [
          133.018616179763,
          32.7259118492336
        ]
      },
      "tippecanoe": {
        "minzoom": 10
      }
    },
    {
      "type": "Feature",
      "properties": {
        "poi_id": "SNT_5556_P0003",
        "route_id": "SNT_5556",
        "source_post_id": 5556,
        "name": "03 椿のトンネル",
        "kind": "kml_poi",
        "content_id": null
      },
      "geometry": {
        "type": "Point",
        "coordinates": [
          133.0202334,
          32.7257148
        ]
      },
      "tippecanoe": {
        "minzoom": 10
      }
    },
    {
      "type": "Feature",
      "properties": {
        "poi_id": "SNT_5556_P0004",
        "route_id": "SNT_5556",
        "source_post_id": 5556,
        "name": "04 足摺岬展望台",
        "kind": "kml_poi",
        "content_id": null
      },
      "geometry": {
        "type": "Point",
        "coordinates": [
          133.0205911,
          32.7258191
        ]
      },
      "tippecanoe": {
        "minzoom": 10
      }
    },
    {
      "type": "Feature",
      "properties": {
        "poi_id": "SNT_5556_P0005",
        "route_id": "SNT_5556",
        "source_post_id": 5556,
        "name": "05 足摺岬のビロウ群落",
        "kind": "kml_poi",
        "content_id": null
      },
      "geometry": {
        "type": "Point",
        "coordinates": [
          133.0208207,
          32.7282182
        ]
      },
      "tippecanoe": {
        "minzoom": 10
      }
    },
    {
      "type": "Feature",
      "properties": {
        "poi_id": "SNT_5562_P0001",
        "route_id": "SNT_5562",
        "source_post_id": 5562,
        "name": "01 足摺岬灯台",
        "kind": "kml_poi",
        "content_id": null
      },
      "geometry": {
        "type": "Point",
        "coordinates": [
          133.0202598,
          32.7241601
        ]
      },
      "tippecanoe": {
        "minzoom": 10
      }
    },
    {
      "type": "Feature",
      "properties": {
        "poi_id": "SNT_5562_P0002",
        "route_id": "SNT_5562",
        "source_post_id": 5562,
        "name": "02 足摺七不思議",
        "kind": "kml_poi",
        "content_id": null
      },
      "geometry": {
        "type": "Point",
        "coordinates": [
          133.0200811,
          32.7242926
        ]
      },
      "tippecanoe": {
        "minzoom": 10
      }
    },
    {
      "type": "Feature",
      "properties": {
        "poi_id": "SNT_5562_P0003",
        "route_id": "SNT_5562",
        "source_post_id": 5562,
        "name": "03 白山洞門",
        "kind": "kml_poi",
        "content_id": null
      },
      "geometry": {
        "type": "Point",
        "coordinates": [
          133.0138695,
          32.7235012
        ]
      },
      "tippecanoe": {
        "minzoom": 10
      }
    },
    {
      "type": "Feature",
      "properties": {
        "poi_id": "SNT_5562_P0004",
        "route_id": "SNT_5562",
        "source_post_id": 5562,
        "name": "04 松尾のアコウ",
        "kind": "kml_poi",
        "content_id": null
      },
      "geometry": {
        "type": "Point",
        "coordinates": [
          132.9858508,
          32.734623
        ]
      },
      "tippecanoe": {
        "minzoom": 10
      }
    },
    {
      "type": "Feature",
      "properties": {
        "poi_id": "SNT_5562_P0005",
        "route_id": "SNT_5562",
        "source_post_id": 5562,
        "name": "05 鵜ノ鼻岬展望台",
        "kind": "kml_poi",
        "content_id": null
      },
      "geometry": {
        "type": "Point",
        "coordinates": [
          132.9743813,
          32.7318051
        ]
      },
      "tippecanoe": {
        "minzoom": 10
      }
    },
    {
      "type": "Feature",
      "properties": {
        "poi_id": "SNT_5562_P0006",
        "route_id": "SNT_5562",
        "source_post_id": 5562,
        "name": "06 臼碆",
        "kind": "kml_poi",
        "content_id": null
      },
      "geometry": {
        "type": "Point",
        "coordinates": [
          132.966641635631,
          32.7303116277341
        ]
      },
      "tippecanoe": {
        "minzoom": 10
      }
    },
    {
      "type": "Feature",
      "properties": {
        "poi_id": "SNT_5567_P0001",
        "route_id": "SNT_5567",
        "source_post_id": 5567,
        "name": "01 臼碆灯台",
        "kind": "kml_poi",
        "content_id": null
      },
      "geometry": {
        "type": "Point",
        "coordinates": [
          132.9652641,
          32.7316057
        ]
      },
      "tippecanoe": {
        "minzoom": 10
      }
    },
    {
      "type": "Feature",
      "properties": {
        "poi_id": "SNT_5567_P0002",
        "route_id": "SNT_5567",
        "source_post_id": 5567,
        "name": "02 清水の名水",
        "kind": "kml_poi",
        "content_id": null
      },
      "geometry": {
        "type": "Point",
        "coordinates": [
          132.9578204,
          32.7682524
        ]
      },
      "tippecanoe": {
        "minzoom": 10
      }
    },
    {
      "type": "Feature",
      "properties": {
        "poi_id": "SNT_889_P0001",
        "route_id": "SNT_889",
        "source_post_id": 889,
        "name": "00起点：竜串橋・案内板・竜串橋たもと",
        "kind": "kml_poi",
        "content_id": null
      },
      "geometry": {
        "type": "Point",
        "coordinates": [
          132.8713612,
          32.7893184
        ]
      },
      "tippecanoe": {
        "minzoom": 10
      }
    },
    {
      "type": "Feature",
      "properties": {
        "poi_id": "SNT_889_P0002",
        "route_id": "SNT_889",
        "source_post_id": 889,
        "name": "00から01駐車場の案内板（ここから山道）",
        "kind": "kml_poi",
        "content_id": null
      },
      "geometry": {
        "type": "Point",
        "coordinates": [
          132.8724772,
          32.7787148
        ]
      },
      "tippecanoe": {
        "minzoom": 10
      }
    },
    {
      "type": "Feature",
      "properties": {
        "poi_id": "SNT_889_P0003",
        "route_id": "SNT_889",
        "source_post_id": 889,
        "name": "01撮影ポイント",
        "kind": "kml_poi",
        "content_id": null
      },
      "geometry": {
        "type": "Point",
        "coordinates": [
          132.8681428,
          32.7726041
        ]
      },
      "tippecanoe": {
        "minzoom": 10
      }
    },
    {
      "type": "Feature",
      "properties": {
        "poi_id": "SNT_889_P0004",
        "route_id": "SNT_889",
        "source_post_id": 889,
        "name": "02見残し海岸 展望台",
        "kind": "kml_poi",
        "content_id": null
      },
      "geometry": {
        "type": "Point",
        "coordinates": [
          132.8671554,
          32.773017
        ]
      },
      "tippecanoe": {
        "minzoom": 10
      }
    },
    {
      "type": "Feature",
      "properties": {
        "poi_id": "SNT_889_P0005",
        "route_id": "SNT_889",
        "source_post_id": 889,
        "name": "02-3見残しグラスボートのりば",
        "kind": "kml_poi",
        "content_id": null
      },
      "geometry": {
        "type": "Point",
        "coordinates": [
          132.8679125,
          32.7743376
        ]
      },
      "tippecanoe": {
        "minzoom": 10
      }
    },
    {
      "type": "Feature",
      "properties": {
        "poi_id": "SNT_889_P0006",
        "route_id": "SNT_889",
        "source_post_id": 889,
        "name": "02-4見残し休憩所",
        "kind": "kml_poi",
        "content_id": null
      },
      "geometry": {
        "type": "Point",
        "coordinates": [
          132.8678465,
          32.7742643
        ]
      },
      "tippecanoe": {
        "minzoom": 10
      }
    },
    {
      "type": "Feature",
      "properties": {
        "poi_id": "SNT_889_P0007",
        "route_id": "SNT_889",
        "source_post_id": 889,
        "name": "02-5見残し",
        "kind": "kml_poi",
        "content_id": null
      },
      "geometry": {
        "type": "Point",
        "coordinates": [
          132.8664003,
          32.773431
        ]
      },
      "tippecanoe": {
        "minzoom": 10
      }
    },
    {
      "type": "Feature",
      "properties": {
        "poi_id": "SNT_889_P0008",
        "route_id": "SNT_889",
        "source_post_id": 889,
        "name": "03-1海のギャラリー",
        "kind": "kml_poi",
        "content_id": null
      },
      "geometry": {
        "type": "Point",
        "coordinates": [
          132.8659529,
          32.7885904
        ]
      },
      "tippecanoe": {
        "minzoom": 10
      }
    },
    {
      "type": "Feature",
      "properties": {
        "poi_id": "SNT_889_P0009",
        "route_id": "SNT_889",
        "source_post_id": 889,
        "name": "03-2海のギャラリー周辺",
        "kind": "kml_poi",
        "content_id": null
      },
      "geometry": {
        "type": "Point",
        "coordinates": [
          132.8659441,
          32.7885645
        ]
      },
      "tippecanoe": {
        "minzoom": 10
      }
    },
    {
      "type": "Feature",
      "properties": {
        "poi_id": "SNT_889_P0010",
        "route_id": "SNT_889",
        "source_post_id": 889,
        "name": "03-04",
        "kind": "kml_poi",
        "content_id": null
      },
      "geometry": {
        "type": "Point",
        "coordinates": [
          132.8648815,
          32.7886208
        ]
      },
      "tippecanoe": {
        "minzoom": 10
      }
    },
    {
      "type": "Feature",
      "properties": {
        "poi_id": "SNT_889_P0011",
        "route_id": "SNT_889",
        "source_post_id": 889,
        "name": "03-04-2",
        "kind": "kml_poi",
        "content_id": null
      },
      "geometry": {
        "type": "Point",
        "coordinates": [
          132.8645667,
          32.7885345
        ]
      },
      "tippecanoe": {
        "minzoom": 10
      }
    },
    {
      "type": "Feature",
      "properties": {
        "poi_id": "SNT_889_P0012",
        "route_id": "SNT_889",
        "source_post_id": 889,
        "name": "04-1桜浜",
        "kind": "kml_poi",
        "content_id": null
      },
      "geometry": {
        "type": "Point",
        "coordinates": [
          132.8639295,
          32.7897451
        ]
      },
      "tippecanoe": {
        "minzoom": 10
      }
    },
    {
      "type": "Feature",
      "properties": {
        "poi_id": "SNT_889_P0013",
        "route_id": "SNT_889",
        "source_post_id": 889,
        "name": "04-05-1桜浜遊歩道",
        "kind": "kml_poi",
        "content_id": null
      },
      "geometry": {
        "type": "Point",
        "coordinates": [
          132.8645013,
          32.7898312
        ]
      },
      "tippecanoe": {
        "minzoom": 10
      }
    },
    {
      "type": "Feature",
      "properties": {
        "poi_id": "SNT_889_P0014",
        "route_id": "SNT_889",
        "source_post_id": 889,
        "name": "04-05-2ぐるっと竜串橋",
        "kind": "kml_poi",
        "content_id": null
      },
      "geometry": {
        "type": "Point",
        "coordinates": [
          132.8636842,
          32.7906641
        ]
      },
      "tippecanoe": {
        "minzoom": 10
      }
    },
    {
      "type": "Feature",
      "properties": {
        "poi_id": "SNT_889_P0015",
        "route_id": "SNT_889",
        "source_post_id": 889,
        "name": "04-05-3",
        "kind": "kml_poi",
        "content_id": null
      },
      "geometry": {
        "type": "Point",
        "coordinates": [
          132.8634176,
          32.7910455
        ]
      },
      "tippecanoe": {
        "minzoom": 10
      }
    },
    {
      "type": "Feature",
      "properties": {
        "poi_id": "SNT_889_P0016",
        "route_id": "SNT_889",
        "source_post_id": 889,
        "name": "05-1ビジターセンターうみのわ",
        "kind": "kml_poi",
        "content_id": null
      },
      "geometry": {
        "type": "Point",
        "coordinates": [
          132.8634176,
          32.7910455
        ]
      },
      "tippecanoe": {
        "minzoom": 10
      }
    },
    {
      "type": "Feature",
      "properties": {
        "poi_id": "SNT_889_P0017",
        "route_id": "SNT_889",
        "source_post_id": 889,
        "name": "06-1SATOUMI",
        "kind": "kml_poi",
        "content_id": null
      },
      "geometry": {
        "type": "Point",
        "coordinates": [
          132.8628649,
          32.7913612
        ]
      },
      "tippecanoe": {
        "minzoom": 10
      }
    },
    {
      "type": "Feature",
      "properties": {
        "poi_id": "SNT_889_P0018",
        "route_id": "SNT_889",
        "source_post_id": 889,
        "name": "06-07",
        "kind": "kml_poi",
        "content_id": null
      },
      "geometry": {
        "type": "Point",
        "coordinates": [
          132.8617367,
          32.7911743
        ]
      },
      "tippecanoe": {
        "minzoom": 10
      }
    },
    {
      "type": "Feature",
      "properties": {
        "poi_id": "SNT_889_P0019",
        "route_id": "SNT_889",
        "source_post_id": 889,
        "name": "07-1足摺海底館",
        "kind": "kml_poi",
        "content_id": null
      },
      "geometry": {
        "type": "Point",
        "coordinates": [
          132.859625,
          32.7860579
        ]
      },
      "tippecanoe": {
        "minzoom": 10
      }
    },
    {
      "type": "Feature",
      "properties": {
        "poi_id": "SNT_889_P0020",
        "route_id": "SNT_889",
        "source_post_id": 889,
        "name": "07-08-1ここから再び国道321号線へ",
        "kind": "kml_poi",
        "content_id": null
      },
      "geometry": {
        "type": "Point",
        "coordinates": [
          132.8581071,
          32.7881593
        ]
      },
      "tippecanoe": {
        "minzoom": 10
      }
    },
    {
      "type": "Feature",
      "properties": {
        "poi_id": "SNT_889_P0021",
        "route_id": "SNT_889",
        "source_post_id": 889,
        "name": "07-08-2国道321からのながめ",
        "kind": "kml_poi",
        "content_id": null
      },
      "geometry": {
        "type": "Point",
        "coordinates": [
          132.8499714,
          32.7844139
        ]
      },
      "tippecanoe": {
        "minzoom": 10
      }
    },
    {
      "type": "Feature",
      "properties": {
        "poi_id": "SNT_889_P0022",
        "route_id": "SNT_889",
        "source_post_id": 889,
        "name": "08終点　下川口（案内板）",
        "kind": "kml_poi",
        "content_id": null
      },
      "geometry": {
        "type": "Point",
        "coordinates": [
          132.8379283,
          32.7791606
        ]
      },
      "tippecanoe": {
        "minzoom": 10
      }
    },
    {
      "type": "Feature",
      "properties": {
        "poi_id": "SNT_891_P0001",
        "route_id": "SNT_891",
        "source_post_id": 891,
        "name": "01起点　下川口（案内板）",
        "kind": "kml_poi",
        "content_id": null
      },
      "geometry": {
        "type": "Point",
        "coordinates": [
          132.8377197,
          32.7788717
        ]
      },
      "tippecanoe": {
        "minzoom": 10
      }
    },
    {
      "type": "Feature",
      "properties": {
        "poi_id": "SNT_891_P0002",
        "route_id": "SNT_891",
        "source_post_id": 891,
        "name": "01から02-1海辺のみちを行く",
        "kind": "kml_poi",
        "content_id": null
      },
      "geometry": {
        "type": "Point",
        "coordinates": [
          132.820319,
          32.761327
        ]
      },
      "tippecanoe": {
        "minzoom": 10
      }
    },
    {
      "type": "Feature",
      "properties": {
        "poi_id": "SNT_891_P0003",
        "route_id": "SNT_891",
        "source_post_id": 891,
        "name": "01から02-2国道321号から海側の旧道へ",
        "kind": "kml_poi",
        "content_id": null
      },
      "geometry": {
        "type": "Point",
        "coordinates": [
          132.8024543,
          32.7499162
        ]
      },
      "tippecanoe": {
        "minzoom": 10
      }
    },
    {
      "type": "Feature",
      "properties": {
        "poi_id": "SNT_891_P0004",
        "route_id": "SNT_891",
        "source_post_id": 891,
        "name": "01から02-4叶崎周辺案内図",
        "kind": "kml_poi",
        "content_id": null
      },
      "geometry": {
        "type": "Point",
        "coordinates": [
          132.8024543,
          32.7499162
        ]
      },
      "tippecanoe": {
        "minzoom": 10
      }
    },
    {
      "type": "Feature",
      "properties": {
        "poi_id": "SNT_891_P0005",
        "route_id": "SNT_891",
        "source_post_id": 891,
        "name": "02-1叶崎休憩所",
        "kind": "kml_poi",
        "content_id": null
      },
      "geometry": {
        "type": "Point",
        "coordinates": [
          132.8018807,
          32.7486494
        ]
      },
      "tippecanoe": {
        "minzoom": 10
      }
    },
    {
      "type": "Feature",
      "properties": {
        "poi_id": "SNT_891_P0006",
        "route_id": "SNT_891",
        "source_post_id": 891,
        "name": "02-2写真ポイント",
        "kind": "kml_poi",
        "content_id": null
      },
      "geometry": {
        "type": "Point",
        "coordinates": [
          132.8019129,
          32.7486392
        ]
      },
      "tippecanoe": {
        "minzoom": 10
      }
    },
    {
      "type": "Feature",
      "properties": {
        "poi_id": "SNT_891_P0007",
        "route_id": "SNT_891",
        "source_post_id": 891,
        "name": "02-4叶崎",
        "kind": "kml_poi",
        "content_id": null
      },
      "geometry": {
        "type": "Point",
        "coordinates": [
          132.8018935,
          32.7485056
        ]
      },
      "tippecanoe": {
        "minzoom": 10
      }
    },
    {
      "type": "Feature",
      "properties": {
        "poi_id": "SNT_891_P0008",
        "route_id": "SNT_891",
        "source_post_id": 891,
        "name": "02-5叶崎休憩所トイレ",
        "kind": "kml_poi",
        "content_id": null
      },
      "geometry": {
        "type": "Point",
        "coordinates": [
          132.801987,
          32.748461
        ]
      },
      "tippecanoe": {
        "minzoom": 10
      }
    },
    {
      "type": "Feature",
      "properties": {
        "poi_id": "SNT_891_P0009",
        "route_id": "SNT_891",
        "source_post_id": 891,
        "name": "03-1叶崎灯台へ向かうｳﾊﾞﾒｶﾞｼのﾄﾝﾈﾙ",
        "kind": "kml_poi",
        "content_id": null
      },
      "geometry": {
        "type": "Point",
        "coordinates": [
          132.8022576,
          32.74802
        ]
      },
      "tippecanoe": {
        "minzoom": 10
      }
    },
    {
      "type": "Feature",
      "properties": {
        "poi_id": "SNT_891_P0010",
        "route_id": "SNT_891",
        "source_post_id": 891,
        "name": "03-2叶崎灯台付近の眺め",
        "kind": "kml_poi",
        "content_id": null
      },
      "geometry": {
        "type": "Point",
        "coordinates": [
          132.8025521,
          32.7475423
        ]
      },
      "tippecanoe": {
        "minzoom": 10
      }
    },
    {
      "type": "Feature",
      "properties": {
        "poi_id": "SNT_891_P0011",
        "route_id": "SNT_891",
        "source_post_id": 891,
        "name": "03-3叶崎灯台",
        "kind": "kml_poi",
        "content_id": null
      },
      "geometry": {
        "type": "Point",
        "coordinates": [
          132.8025525,
          32.7475443
        ]
      },
      "tippecanoe": {
        "minzoom": 10
      }
    },
    {
      "type": "Feature",
      "properties": {
        "poi_id": "SNT_891_P0012",
        "route_id": "SNT_891",
        "source_post_id": 891,
        "name": "03から04-1旧道から国道321へ戻る",
        "kind": "kml_poi",
        "content_id": null
      },
      "geometry": {
        "type": "Point",
        "coordinates": [
          132.8007464,
          32.7493311
        ]
      },
      "tippecanoe": {
        "minzoom": 10
      }
    },
    {
      "type": "Feature",
      "properties": {
        "poi_id": "SNT_891_P0013",
        "route_id": "SNT_891",
        "source_post_id": 891,
        "name": "03から04-2ショートカットしてトンネルを通ることもできます",
        "kind": "kml_poi",
        "content_id": null
      },
      "geometry": {
        "type": "Point",
        "coordinates": [
          132.789138,
          32.7545418
        ]
      },
      "tippecanoe": {
        "minzoom": 10
      }
    },
    {
      "type": "Feature",
      "properties": {
        "poi_id": "SNT_891_P0014",
        "route_id": "SNT_891",
        "source_post_id": 891,
        "name": "04-1終点　小才角",
        "kind": "kml_poi",
        "content_id": null
      },
      "geometry": {
        "type": "Point",
        "coordinates": [
          132.7817085,
          32.7548976
        ]
      },
      "tippecanoe": {
        "minzoom": 10
      }
    },
    {
      "type": "Feature",
      "properties": {
        "poi_id": "SNT_891_P0015",
        "route_id": "SNT_891",
        "source_post_id": 891,
        "name": "04-2土佐サンゴ発祥の地",
        "kind": "kml_poi",
        "content_id": null
      },
      "geometry": {
        "type": "Point",
        "coordinates": [
          132.7816343,
          32.7549935
        ]
      },
      "tippecanoe": {
        "minzoom": 10
      }
    },
    {
      "type": "Feature",
      "properties": {
        "poi_id": "SNT_4979_P0001",
        "route_id": "SNT_4979",
        "source_post_id": 4979,
        "name": "小才角休憩所",
        "kind": "kml_poi",
        "content_id": null
      },
      "geometry": {
        "type": "Point",
        "coordinates": [
          132.7818194,
          32.7550854
        ]
      },
      "tippecanoe": {
        "minzoom": 10
      }
    },
    {
      "type": "Feature",
      "properties": {
        "poi_id": "SNT_4979_P0002",
        "route_id": "SNT_4979",
        "source_post_id": 4979,
        "name": "朴崎休憩所",
        "kind": "kml_poi",
        "content_id": null
      },
      "geometry": {
        "type": "Point",
        "coordinates": [
          132.76118,
          32.7558713
        ]
      },
      "tippecanoe": {
        "minzoom": 10
      }
    },
    {
      "type": "Feature",
      "properties": {
        "poi_id": "SNT_4979_P0003",
        "route_id": "SNT_4979",
        "source_post_id": 4979,
        "name": "月山神社",
        "kind": "tourism_spot",
        "content_id": "SNT_4979_S003"
      },
      "geometry": {
        "type": "Point",
        "coordinates": [
          132.7511302,
          32.76252
        ]
      },
      "tippecanoe": {
        "minzoom": 10
      }
    },
    {
      "type": "Feature",
      "properties": {
        "poi_id": "SNT_4979_P0004",
        "route_id": "SNT_4979",
        "source_post_id": 4979,
        "name": "月山へのみち　行程表",
        "kind": "kml_poi",
        "content_id": null
      },
      "geometry": {
        "type": "Point",
        "coordinates": [
          132.7302775,
          32.7796193
        ]
      },
      "tippecanoe": {
        "minzoom": 10
      }
    },
    {
      "type": "Feature",
      "properties": {
        "poi_id": "SNT_4820_P0001",
        "route_id": "SNT_4820",
        "source_post_id": 4820,
        "name": "弁天島",
        "kind": "tourism_spot",
        "content_id": "SNT_4820_S001"
      },
      "geometry": {
        "type": "Point",
        "coordinates": [
          132.723235,
          32.7845629
        ]
      },
      "tippecanoe": {
        "minzoom": 10
      }
    },
    {
      "type": "Feature",
      "properties": {
        "poi_id": "SNT_4820_P0002",
        "route_id": "SNT_4820",
        "source_post_id": 4820,
        "name": "大月アウトドアフィールドKASHINISHI",
        "kind": "tourism_spot",
        "content_id": "SNT_4820_S002"
      },
      "geometry": {
        "type": "Point",
        "coordinates": [
          132.7229865,
          32.7873531
        ]
      },
      "tippecanoe": {
        "minzoom": 10
      }
    },
    {
      "type": "Feature",
      "properties": {
        "poi_id": "SNT_4820_P0003",
        "route_id": "SNT_4820",
        "source_post_id": 4820,
        "name": "千万滝休憩所",
        "kind": "kml_poi",
        "content_id": null
      },
      "geometry": {
        "type": "Point",
        "coordinates": [
          132.7061262,
          32.7955585
        ]
      },
      "tippecanoe": {
        "minzoom": 10
      }
    },
    {
      "type": "Feature",
      "properties": {
        "poi_id": "SNT_4820_P0004",
        "route_id": "SNT_4820",
        "source_post_id": 4820,
        "name": "樫西海岸へのみち　行程表",
        "kind": "kml_poi",
        "content_id": null
      },
      "geometry": {
        "type": "Point",
        "coordinates": [
          132.70909,
          32.801355
        ]
      },
      "tippecanoe": {
        "minzoom": 10
      }
    },
    {
      "type": "Feature",
      "properties": {
        "poi_id": "SNT_4826_P0001",
        "route_id": "SNT_4826",
        "source_post_id": 4826,
        "name": "大堂展望台",
        "kind": "tourism_spot",
        "content_id": "SNT_4826_S001"
      },
      "geometry": {
        "type": "Point",
        "coordinates": [
          132.6437366,
          32.7725634
        ]
      },
      "tippecanoe": {
        "minzoom": 10
      }
    },
    {
      "type": "Feature",
      "properties": {
        "poi_id": "SNT_4826_P0002",
        "route_id": "SNT_4826",
        "source_post_id": 4826,
        "name": "野猿公園",
        "kind": "tourism_spot",
        "content_id": "SNT_4826_S002"
      },
      "geometry": {
        "type": "Point",
        "coordinates": [
          132.6465612,
          32.7683167
        ]
      },
      "tippecanoe": {
        "minzoom": 10
      }
    },
    {
      "type": "Feature",
      "properties": {
        "poi_id": "SNT_4826_P0003",
        "route_id": "SNT_4826",
        "source_post_id": 4826,
        "name": "お万の滝",
        "kind": "tourism_spot",
        "content_id": "SNT_4826_S003"
      },
      "geometry": {
        "type": "Point",
        "coordinates": [
          132.6446404,
          32.7667896
        ]
      },
      "tippecanoe": {
        "minzoom": 10
      }
    },
    {
      "type": "Feature",
      "properties": {
        "poi_id": "SNT_4826_P0004",
        "route_id": "SNT_4826",
        "source_post_id": 4826,
        "name": "観音岩",
        "kind": "tourism_spot",
        "content_id": "SNT_4826_S004"
      },
      "geometry": {
        "type": "Point",
        "coordinates": [
          132.6406334,
          32.7649526
        ]
      },
      "tippecanoe": {
        "minzoom": 10
      }
    },
    {
      "type": "Feature",
      "properties": {
        "poi_id": "SNT_4826_P0005",
        "route_id": "SNT_4826",
        "source_post_id": 4826,
        "name": "観音岩展望台",
        "kind": "tourism_spot",
        "content_id": "SNT_4826_S005"
      },
      "geometry": {
        "type": "Point",
        "coordinates": [
          132.6398179,
          32.7658818
        ]
      },
      "tippecanoe": {
        "minzoom": 10
      }
    },
    {
      "type": "Feature",
      "properties": {
        "poi_id": "SNT_4826_P0006",
        "route_id": "SNT_4826",
        "source_post_id": 4826,
        "name": "柏島",
        "kind": "kml_poi",
        "content_id": null
      },
      "geometry": {
        "type": "Point",
        "coordinates": [
          132.6296641,
          32.7672507
        ]
      },
      "tippecanoe": {
        "minzoom": 10
      }
    },
    {
      "type": "Feature",
      "properties": {
        "poi_id": "SNT_4826_P0007",
        "route_id": "SNT_4826",
        "source_post_id": 4826,
        "name": "お猿の絵",
        "kind": "kml_poi",
        "content_id": null
      },
      "geometry": {
        "type": "Point",
        "coordinates": [
          132.647267,
          32.778448
        ]
      },
      "tippecanoe": {
        "minzoom": 10
      }
    },
    {
      "type": "Feature",
      "properties": {
        "poi_id": "SNT_4826_P0008",
        "route_id": "SNT_4826",
        "source_post_id": 4826,
        "name": "大堂猿のみち　行程表",
        "kind": "kml_poi",
        "content_id": null
      },
      "geometry": {
        "type": "Point",
        "coordinates": [
          132.6827099,
          32.7940905
        ]
      },
      "tippecanoe": {
        "minzoom": 10
      }
    },
    {
      "type": "Feature",
      "properties": {
        "poi_id": "SNT_5573_P0001",
        "route_id": "SNT_5573",
        "source_post_id": 5573,
        "name": "01 一切休憩所",
        "kind": "kml_poi",
        "content_id": null
      },
      "geometry": {
        "type": "Point",
        "coordinates": [
          132.637325,
          32.7802039
        ]
      },
      "tippecanoe": {
        "minzoom": 10
      }
    },
    {
      "type": "Feature",
      "properties": {
        "poi_id": "SNT_5573_P0002",
        "route_id": "SNT_5573",
        "source_post_id": 5573,
        "name": "02 一切漁港",
        "kind": "kml_poi",
        "content_id": null
      },
      "geometry": {
        "type": "Point",
        "coordinates": [
          132.6425632,
          32.7834273
        ]
      },
      "tippecanoe": {
        "minzoom": 10
      }
    },
    {
      "type": "Feature",
      "properties": {
        "poi_id": "SNT_5573_P0003",
        "route_id": "SNT_5573",
        "source_post_id": 5573,
        "name": "03 一切休憩所",
        "kind": "kml_poi",
        "content_id": null
      },
      "geometry": {
        "type": "Point",
        "coordinates": [
          132.6337659,
          32.7925244
        ]
      },
      "tippecanoe": {
        "minzoom": 10
      }
    },
    {
      "type": "Feature",
      "properties": {
        "poi_id": "SNT_5582_P0001",
        "route_id": "SNT_5582",
        "source_post_id": 5582,
        "name": "01 岡崎の浜休憩所",
        "kind": "kml_poi",
        "content_id": null
      },
      "geometry": {
        "type": "Point",
        "coordinates": [
          132.645386,
          32.8137323
        ]
      },
      "tippecanoe": {
        "minzoom": 10
      }
    },
    {
      "type": "Feature",
      "properties": {
        "poi_id": "SNT_5582_P0002",
        "route_id": "SNT_5582",
        "source_post_id": 5582,
        "name": "02 養殖筏",
        "kind": "kml_poi",
        "content_id": null
      },
      "geometry": {
        "type": "Point",
        "coordinates": [
          132.6543975,
          32.8271877
        ]
      },
      "tippecanoe": {
        "minzoom": 10
      }
    },
    {
      "type": "Feature",
      "properties": {
        "poi_id": "SNT_5582_P0003",
        "route_id": "SNT_5582",
        "source_post_id": 5582,
        "name": "03 ウバメガシ樹林",
        "kind": "kml_poi",
        "content_id": null
      },
      "geometry": {
        "type": "Point",
        "coordinates": [
          132.662303039731,
          32.8384730065969
        ]
      },
      "tippecanoe": {
        "minzoom": 10
      }
    },
    {
      "type": "Feature",
      "properties": {
        "poi_id": "SNT_5586_P0001",
        "route_id": "SNT_5586",
        "source_post_id": 5586,
        "name": "01 龍ヶ迫休憩所",
        "kind": "kml_poi",
        "content_id": null
      },
      "geometry": {
        "type": "Point",
        "coordinates": [
          132.6677104,
          32.8611956
        ]
      },
      "tippecanoe": {
        "minzoom": 10
      }
    },
    {
      "type": "Feature",
      "properties": {
        "poi_id": "SNT_5586_P0002",
        "route_id": "SNT_5586",
        "source_post_id": 5586,
        "name": "02 雲雀小島",
        "kind": "kml_poi",
        "content_id": null
      },
      "geometry": {
        "type": "Point",
        "coordinates": [
          132.6817898,
          32.8726307
        ]
      },
      "tippecanoe": {
        "minzoom": 10
      }
    },
    {
      "type": "Feature",
      "properties": {
        "poi_id": "SNT_5586_P0003",
        "route_id": "SNT_5586",
        "source_post_id": 5586,
        "name": "03 白浜",
        "kind": "kml_poi",
        "content_id": null
      },
      "geometry": {
        "type": "Point",
        "coordinates": [
          132.6916946,
          32.8771896
        ]
      },
      "tippecanoe": {
        "minzoom": 10
      }
    },
    {
      "type": "Feature",
      "properties": {
        "poi_id": "SNT_841_P0001",
        "route_id": "SNT_841",
        "source_post_id": 841,
        "name": "01起点",
        "kind": "kml_poi",
        "content_id": null
      },
      "geometry": {
        "type": "Point",
        "coordinates": [
          132.6960584,
          32.9303871
        ]
      },
      "tippecanoe": {
        "minzoom": 10
      }
    },
    {
      "type": "Feature",
      "properties": {
        "poi_id": "SNT_841_P0002",
        "route_id": "SNT_841",
        "source_post_id": 841,
        "name": "02",
        "kind": "kml_poi",
        "content_id": null
      },
      "geometry": {
        "type": "Point",
        "coordinates": [
          132.6960499,
          32.930752
        ]
      },
      "tippecanoe": {
        "minzoom": 10
      }
    },
    {
      "type": "Feature",
      "properties": {
        "poi_id": "SNT_841_P0003",
        "route_id": "SNT_841",
        "source_post_id": 841,
        "name": "03",
        "kind": "kml_poi",
        "content_id": null
      },
      "geometry": {
        "type": "Point",
        "coordinates": [
          132.6959146,
          32.9320274
        ]
      },
      "tippecanoe": {
        "minzoom": 10
      }
    },
    {
      "type": "Feature",
      "properties": {
        "poi_id": "SNT_841_P0004",
        "route_id": "SNT_841",
        "source_post_id": 841,
        "name": "04",
        "kind": "kml_poi",
        "content_id": null
      },
      "geometry": {
        "type": "Point",
        "coordinates": [
          132.6942244,
          32.93282
        ]
      },
      "tippecanoe": {
        "minzoom": 10
      }
    },
    {
      "type": "Feature",
      "properties": {
        "poi_id": "SNT_841_P0005",
        "route_id": "SNT_841",
        "source_post_id": 841,
        "name": "05松尾坂口番所跡",
        "kind": "kml_poi",
        "content_id": null
      },
      "geometry": {
        "type": "Point",
        "coordinates": [
          132.6879947,
          32.9404464
        ]
      },
      "tippecanoe": {
        "minzoom": 10
      }
    },
    {
      "type": "Feature",
      "properties": {
        "poi_id": "SNT_841_P0006",
        "route_id": "SNT_841",
        "source_post_id": 841,
        "name": "06登り口",
        "kind": "kml_poi",
        "content_id": null
      },
      "geometry": {
        "type": "Point",
        "coordinates": [
          132.6873701,
          32.9416318
        ]
      },
      "tippecanoe": {
        "minzoom": 10
      }
    },
    {
      "type": "Feature",
      "properties": {
        "poi_id": "SNT_841_P0007",
        "route_id": "SNT_841",
        "source_post_id": 841,
        "name": "07",
        "kind": "kml_poi",
        "content_id": null
      },
      "geometry": {
        "type": "Point",
        "coordinates": [
          132.6858206,
          32.9406137
        ]
      },
      "tippecanoe": {
        "minzoom": 10
      }
    },
    {
      "type": "Feature",
      "properties": {
        "poi_id": "SNT_841_P0008",
        "route_id": "SNT_841",
        "source_post_id": 841,
        "name": "08",
        "kind": "kml_poi",
        "content_id": null
      },
      "geometry": {
        "type": "Point",
        "coordinates": [
          132.6850615,
          32.9410425
        ]
      },
      "tippecanoe": {
        "minzoom": 10
      }
    },
    {
      "type": "Feature",
      "properties": {
        "poi_id": "SNT_841_P0009",
        "route_id": "SNT_841",
        "source_post_id": 841,
        "name": "09登山口",
        "kind": "kml_poi",
        "content_id": null
      },
      "geometry": {
        "type": "Point",
        "coordinates": [
          132.6845733,
          32.9412631
        ]
      },
      "tippecanoe": {
        "minzoom": 10
      }
    },
    {
      "type": "Feature",
      "properties": {
        "poi_id": "SNT_841_P0010",
        "route_id": "SNT_841",
        "source_post_id": 841,
        "name": "10松並木の跡",
        "kind": "kml_poi",
        "content_id": null
      },
      "geometry": {
        "type": "Point",
        "coordinates": [
          132.6843427,
          32.9420161
        ]
      },
      "tippecanoe": {
        "minzoom": 10
      }
    },
    {
      "type": "Feature",
      "properties": {
        "poi_id": "SNT_841_P0011",
        "route_id": "SNT_841",
        "source_post_id": 841,
        "name": "11街道の石畳",
        "kind": "kml_poi",
        "content_id": null
      },
      "geometry": {
        "type": "Point",
        "coordinates": [
          132.6831706,
          32.9424651
        ]
      },
      "tippecanoe": {
        "minzoom": 10
      }
    },
    {
      "type": "Feature",
      "properties": {
        "poi_id": "SNT_841_P0012",
        "route_id": "SNT_841",
        "source_post_id": 841,
        "name": "12",
        "kind": "kml_poi",
        "content_id": null
      },
      "geometry": {
        "type": "Point",
        "coordinates": [
          132.6829466,
          32.9421309
        ]
      },
      "tippecanoe": {
        "minzoom": 10
      }
    },
    {
      "type": "Feature",
      "properties": {
        "poi_id": "SNT_841_P0013",
        "route_id": "SNT_841",
        "source_post_id": 841,
        "name": "13",
        "kind": "kml_poi",
        "content_id": null
      },
      "geometry": {
        "type": "Point",
        "coordinates": [
          132.6823888,
          32.9422955
        ]
      },
      "tippecanoe": {
        "minzoom": 10
      }
    },
    {
      "type": "Feature",
      "properties": {
        "poi_id": "SNT_841_P0014",
        "route_id": "SNT_841",
        "source_post_id": 841,
        "name": "14休憩所",
        "kind": "kml_poi",
        "content_id": null
      },
      "geometry": {
        "type": "Point",
        "coordinates": [
          132.6823218,
          32.9423371
        ]
      },
      "tippecanoe": {
        "minzoom": 10
      }
    },
    {
      "type": "Feature",
      "properties": {
        "poi_id": "SNT_841_P0015",
        "route_id": "SNT_841",
        "source_post_id": 841,
        "name": "15",
        "kind": "kml_poi",
        "content_id": null
      },
      "geometry": {
        "type": "Point",
        "coordinates": [
          132.6788109,
          32.9423412
        ]
      },
      "tippecanoe": {
        "minzoom": 10
      }
    },
    {
      "type": "Feature",
      "properties": {
        "poi_id": "SNT_841_P0016",
        "route_id": "SNT_841",
        "source_post_id": 841,
        "name": "16茶屋跡",
        "kind": "kml_poi",
        "content_id": null
      },
      "geometry": {
        "type": "Point",
        "coordinates": [
          132.6766799,
          32.9434441
        ]
      },
      "tippecanoe": {
        "minzoom": 10
      }
    },
    {
      "type": "Feature",
      "properties": {
        "poi_id": "SNT_841_P0017",
        "route_id": "SNT_841",
        "source_post_id": 841,
        "name": "17トイレ",
        "kind": "kml_poi",
        "content_id": null
      },
      "geometry": {
        "type": "Point",
        "coordinates": [
          132.6765488,
          32.9436301
        ]
      },
      "tippecanoe": {
        "minzoom": 10
      }
    },
    {
      "type": "Feature",
      "properties": {
        "poi_id": "SNT_841_P0018",
        "route_id": "SNT_841",
        "source_post_id": 841,
        "name": "18大師堂",
        "kind": "kml_poi",
        "content_id": null
      },
      "geometry": {
        "type": "Point",
        "coordinates": [
          132.6762105,
          32.9438178
        ]
      },
      "tippecanoe": {
        "minzoom": 10
      }
    },
    {
      "type": "Feature",
      "properties": {
        "poi_id": "SNT_841_P0019",
        "route_id": "SNT_841",
        "source_post_id": 841,
        "name": "19松尾峠",
        "kind": "kml_poi",
        "content_id": null
      },
      "geometry": {
        "type": "Point",
        "coordinates": [
          132.6755564,
          32.9441288
        ]
      },
      "tippecanoe": {
        "minzoom": 10
      }
    },
    {
      "type": "Feature",
      "properties": {
        "poi_id": "SNT_841_P0020",
        "route_id": "SNT_841",
        "source_post_id": 841,
        "name": "20",
        "kind": "kml_poi",
        "content_id": null
      },
      "geometry": {
        "type": "Point",
        "coordinates": [
          132.674404,
          32.9432967
        ]
      },
      "tippecanoe": {
        "minzoom": 10
      }
    },
    {
      "type": "Feature",
      "properties": {
        "poi_id": "SNT_841_P0021",
        "route_id": "SNT_841",
        "source_post_id": 841,
        "name": "21写真ポイント（純友城址地名板）",
        "kind": "kml_poi",
        "content_id": null
      },
      "geometry": {
        "type": "Point",
        "coordinates": [
          132.6747937,
          32.9425436
        ]
      },
      "tippecanoe": {
        "minzoom": 10
      }
    },
    {
      "type": "Feature",
      "properties": {
        "poi_id": "SNT_841_P0022",
        "route_id": "SNT_841",
        "source_post_id": 841,
        "name": "22純友城址展望台",
        "kind": "kml_poi",
        "content_id": null
      },
      "geometry": {
        "type": "Point",
        "coordinates": [
          132.6748071,
          32.9425087
        ]
      },
      "tippecanoe": {
        "minzoom": 10
      }
    },
    {
      "type": "Feature",
      "properties": {
        "poi_id": "SNT_841_P0023",
        "route_id": "SNT_841",
        "source_post_id": 841,
        "name": "23子安地蔵",
        "kind": "kml_poi",
        "content_id": null
      },
      "geometry": {
        "type": "Point",
        "coordinates": [
          132.6859587,
          32.9418574
        ]
      },
      "tippecanoe": {
        "minzoom": 10
      }
    },
    {
      "type": "Feature",
      "properties": {
        "poi_id": "SNT_1750_P0001",
        "route_id": "SNT_1750",
        "source_post_id": 1750,
        "name": "2.城八幡宮",
        "kind": "kml_poi",
        "content_id": null
      },
      "geometry": {
        "type": "Point",
        "coordinates": [
          133.375108,
          33.530958
        ]
      },
      "tippecanoe": {
        "minzoom": 10
      }
    },
    {
      "type": "Feature",
      "properties": {
        "poi_id": "SNT_1750_P0002",
        "route_id": "SNT_1750",
        "source_post_id": 1750,
        "name": "3.忍者　日下茂平の屋敷跡",
        "kind": "kml_poi",
        "content_id": null
      },
      "geometry": {
        "type": "Point",
        "coordinates": [
          133.374551,
          33.529792
        ]
      },
      "tippecanoe": {
        "minzoom": 10
      }
    },
    {
      "type": "Feature",
      "properties": {
        "poi_id": "SNT_1750_P0003",
        "route_id": "SNT_1750",
        "source_post_id": 1750,
        "name": "5.猿田洞",
        "kind": "kml_poi",
        "content_id": null
      },
      "geometry": {
        "type": "Point",
        "coordinates": [
          133.35763,
          33.515478
        ]
      },
      "tippecanoe": {
        "minzoom": 10
      }
    },
    {
      "type": "Feature",
      "properties": {
        "poi_id": "SNT_1750_P0004",
        "route_id": "SNT_1750",
        "source_post_id": 1750,
        "name": "6.法華寺跡（仁王門）",
        "kind": "kml_poi",
        "content_id": null
      },
      "geometry": {
        "type": "Point",
        "coordinates": [
          133.329594,
          33.490865
        ]
      },
      "tippecanoe": {
        "minzoom": 10
      }
    },
    {
      "type": "Feature",
      "properties": {
        "poi_id": "SNT_1750_P0005",
        "route_id": "SNT_1750",
        "source_post_id": 1750,
        "name": "7.佐川ナウマンカルスト東登り口",
        "kind": "kml_poi",
        "content_id": null
      },
      "geometry": {
        "type": "Point",
        "coordinates": [
          133.299068,
          33.492518
        ]
      },
      "tippecanoe": {
        "minzoom": 10
      }
    },
    {
      "type": "Feature",
      "properties": {
        "poi_id": "SNT_1750_P0006",
        "route_id": "SNT_1750",
        "source_post_id": 1750,
        "name": "8.佐川ナウマンカルスト休憩所",
        "kind": "kml_poi",
        "content_id": null
      },
      "geometry": {
        "type": "Point",
        "coordinates": [
          133.297239,
          33.493106
        ]
      },
      "tippecanoe": {
        "minzoom": 10
      }
    },
    {
      "type": "Feature",
      "properties": {
        "poi_id": "SNT_1750_P0007",
        "route_id": "SNT_1750",
        "source_post_id": 1750,
        "name": "9.酒蔵の街",
        "kind": "kml_poi",
        "content_id": null
      },
      "geometry": {
        "type": "Point",
        "coordinates": [
          133.289342,
          33.499055
        ]
      },
      "tippecanoe": {
        "minzoom": 10
      }
    },
    {
      "type": "Feature",
      "properties": {
        "poi_id": "SNT_1750_P0008",
        "route_id": "SNT_1750",
        "source_post_id": 1750,
        "name": "10.牧野公園",
        "kind": "kml_poi",
        "content_id": null
      },
      "geometry": {
        "type": "Point",
        "coordinates": [
          133.28901,
          33.497417
        ]
      },
      "tippecanoe": {
        "minzoom": 10
      }
    },
    {
      "type": "Feature",
      "properties": {
        "poi_id": "SNT_1750_P0009",
        "route_id": "SNT_1750",
        "source_post_id": 1750,
        "name": "11.清源寺",
        "kind": "kml_poi",
        "content_id": null
      },
      "geometry": {
        "type": "Point",
        "coordinates": [
          133.288042,
          33.497283
        ]
      },
      "tippecanoe": {
        "minzoom": 10
      }
    },
    {
      "type": "Feature",
      "properties": {
        "poi_id": "SNT_1750_P0010",
        "route_id": "SNT_1750",
        "source_post_id": 1750,
        "name": "12.佐川町役場",
        "kind": "kml_poi",
        "content_id": null
      },
      "geometry": {
        "type": "Point",
        "coordinates": [
          133.286105,
          33.501131
        ]
      },
      "tippecanoe": {
        "minzoom": 10
      }
    },
    {
      "type": "Feature",
      "properties": {
        "poi_id": "SNT_1750_P0011",
        "route_id": "SNT_1750",
        "source_post_id": 1750,
        "name": "4.馬越休憩所",
        "kind": "kml_poi",
        "content_id": null
      },
      "geometry": {
        "type": "Point",
        "coordinates": [
          133.368091,
          33.521156
        ]
      },
      "tippecanoe": {
        "minzoom": 10
      }
    },
    {
      "type": "Feature",
      "properties": {
        "poi_id": "SNT_1750_P0012",
        "route_id": "SNT_1750",
        "source_post_id": 1750,
        "name": "8.ナウマンカルスト",
        "kind": "kml_poi",
        "content_id": null
      },
      "geometry": {
        "type": "Point",
        "coordinates": [
          133.295688,
          33.492725
        ]
      },
      "tippecanoe": {
        "minzoom": 10
      }
    },
    {
      "type": "Feature",
      "properties": {
        "poi_id": "SNT_1750_P0013",
        "route_id": "SNT_1750",
        "source_post_id": 1750,
        "name": "1.日下大橋",
        "kind": "kml_poi",
        "content_id": null
      },
      "geometry": {
        "type": "Point",
        "coordinates": [
          133.37519,
          33.535001
        ]
      },
      "tippecanoe": {
        "minzoom": 10
      }
    },
    {
      "type": "Feature",
      "properties": {
        "poi_id": "SNT_1774_P0001",
        "route_id": "SNT_1774",
        "source_post_id": 1774,
        "name": "13.斗賀野駅",
        "kind": "kml_poi",
        "content_id": null
      },
      "geometry": {
        "type": "Point",
        "coordinates": [
          133.285974,
          33.475605
        ]
      },
      "tippecanoe": {
        "minzoom": 10
      }
    },
    {
      "type": "Feature",
      "properties": {
        "poi_id": "SNT_1774_P0002",
        "route_id": "SNT_1774",
        "source_post_id": 1774,
        "name": "14.柏原",
        "kind": "kml_poi",
        "content_id": null
      },
      "geometry": {
        "type": "Point",
        "coordinates": [
          133.27735,
          33.494805
        ]
      },
      "tippecanoe": {
        "minzoom": 10
      }
    },
    {
      "type": "Feature",
      "properties": {
        "poi_id": "SNT_1774_P0003",
        "route_id": "SNT_1774",
        "source_post_id": 1774,
        "name": "15.佐川変電所",
        "kind": "kml_poi",
        "content_id": null
      },
      "geometry": {
        "type": "Point",
        "coordinates": [
          133.273527,
          33.511363
        ]
      },
      "tippecanoe": {
        "minzoom": 10
      }
    },
    {
      "type": "Feature",
      "properties": {
        "poi_id": "SNT_1774_P0004",
        "route_id": "SNT_1774",
        "source_post_id": 1774,
        "name": "16.赤土峠（脱藩志士集合の地）",
        "kind": "kml_poi",
        "content_id": null
      },
      "geometry": {
        "type": "Point",
        "coordinates": [
          133.263266,
          33.516406
        ]
      },
      "tippecanoe": {
        "minzoom": 10
      }
    },
    {
      "type": "Feature",
      "properties": {
        "poi_id": "SNT_1774_P0005",
        "route_id": "SNT_1774",
        "source_post_id": 1774,
        "name": "17.中山",
        "kind": "kml_poi",
        "content_id": null
      },
      "geometry": {
        "type": "Point",
        "coordinates": [
          133.26035,
          33.522294
        ]
      },
      "tippecanoe": {
        "minzoom": 10
      }
    },
    {
      "type": "Feature",
      "properties": {
        "poi_id": "SNT_1774_P0006",
        "route_id": "SNT_1774",
        "source_post_id": 1774,
        "name": "7.佐川ナウマンカルスト東登り口",
        "kind": "kml_poi",
        "content_id": null
      },
      "geometry": {
        "type": "Point",
        "coordinates": [
          133.299068,
          33.492518
        ]
      },
      "tippecanoe": {
        "minzoom": 10
      }
    },
    {
      "type": "Feature",
      "properties": {
        "poi_id": "SNT_1777_P0001",
        "route_id": "SNT_1777",
        "source_post_id": 1777,
        "name": "1.横倉山登山口",
        "kind": "kml_poi",
        "content_id": null
      },
      "geometry": {
        "type": "Point",
        "coordinates": [
          133.24311,
          33.534701
        ]
      },
      "tippecanoe": {
        "minzoom": 10
      }
    },
    {
      "type": "Feature",
      "properties": {
        "poi_id": "SNT_1777_P0002",
        "route_id": "SNT_1777",
        "source_post_id": 1777,
        "name": "2.横倉宮石段登口",
        "kind": "kml_poi",
        "content_id": null
      },
      "geometry": {
        "type": "Point",
        "coordinates": [
          133.222919,
          33.535024
        ]
      },
      "tippecanoe": {
        "minzoom": 10
      }
    },
    {
      "type": "Feature",
      "properties": {
        "poi_id": "SNT_1777_P0003",
        "route_id": "SNT_1777",
        "source_post_id": 1777,
        "name": "3.織田公園休憩所",
        "kind": "kml_poi",
        "content_id": null
      },
      "geometry": {
        "type": "Point",
        "coordinates": [
          133.223103,
          33.535723
        ]
      },
      "tippecanoe": {
        "minzoom": 10
      }
    },
    {
      "type": "Feature",
      "properties": {
        "poi_id": "SNT_1777_P0004",
        "route_id": "SNT_1777",
        "source_post_id": 1777,
        "name": "4.表参道石段登口",
        "kind": "kml_poi",
        "content_id": null
      },
      "geometry": {
        "type": "Point",
        "coordinates": [
          133.213857,
          33.537256
        ]
      },
      "tippecanoe": {
        "minzoom": 10
      }
    },
    {
      "type": "Feature",
      "properties": {
        "poi_id": "SNT_1777_P0005",
        "route_id": "SNT_1777",
        "source_post_id": 1777,
        "name": "5.夫婦杉",
        "kind": "kml_poi",
        "content_id": null
      },
      "geometry": {
        "type": "Point",
        "coordinates": [
          133.211671,
          33.536489
        ]
      },
      "tippecanoe": {
        "minzoom": 10
      }
    },
    {
      "type": "Feature",
      "properties": {
        "poi_id": "SNT_1777_P0006",
        "route_id": "SNT_1777",
        "source_post_id": 1777,
        "name": "6.杉原神社",
        "kind": "kml_poi",
        "content_id": null
      },
      "geometry": {
        "type": "Point",
        "coordinates": [
          133.2093,
          33.536676
        ]
      },
      "tippecanoe": {
        "minzoom": 10
      }
    },
    {
      "type": "Feature",
      "properties": {
        "poi_id": "SNT_1777_P0007",
        "route_id": "SNT_1777",
        "source_post_id": 1777,
        "name": "7.トイレ Restroom",
        "kind": "kml_poi",
        "content_id": null
      },
      "geometry": {
        "type": "Point",
        "coordinates": [
          133.206478,
          33.536207
        ]
      },
      "tippecanoe": {
        "minzoom": 10
      }
    },
    {
      "type": "Feature",
      "properties": {
        "poi_id": "SNT_1777_P0008",
        "route_id": "SNT_1777",
        "source_post_id": 1777,
        "name": "8.安徳水",
        "kind": "kml_poi",
        "content_id": null
      },
      "geometry": {
        "type": "Point",
        "coordinates": [
          133.204374,
          33.535884
        ]
      },
      "tippecanoe": {
        "minzoom": 10
      }
    },
    {
      "type": "Feature",
      "properties": {
        "poi_id": "SNT_1777_P0009",
        "route_id": "SNT_1777",
        "source_post_id": 1777,
        "name": "9.横倉宮休憩所",
        "kind": "kml_poi",
        "content_id": null
      },
      "geometry": {
        "type": "Point",
        "coordinates": [
          133.202766,
          33.534897
        ]
      },
      "tippecanoe": {
        "minzoom": 10
      }
    },
    {
      "type": "Feature",
      "properties": {
        "poi_id": "SNT_1777_P0010",
        "route_id": "SNT_1777",
        "source_post_id": 1777,
        "name": "10.安徳天皇御陵参考地",
        "kind": "kml_poi",
        "content_id": null
      },
      "geometry": {
        "type": "Point",
        "coordinates": [
          133.201477,
          33.535745
        ]
      },
      "tippecanoe": {
        "minzoom": 10
      }
    },
    {
      "type": "Feature",
      "properties": {
        "poi_id": "SNT_1777_P0011",
        "route_id": "SNT_1777",
        "source_post_id": 1777,
        "name": "11.馬鹿だめし",
        "kind": "kml_poi",
        "content_id": null
      },
      "geometry": {
        "type": "Point",
        "coordinates": [
          133.202645,
          33.534732
        ]
      },
      "tippecanoe": {
        "minzoom": 10
      }
    },
    {
      "type": "Feature",
      "properties": {
        "poi_id": "SNT_1777_P0012",
        "route_id": "SNT_1777",
        "source_post_id": 1777,
        "name": "12.カブト嶽",
        "kind": "kml_poi",
        "content_id": null
      },
      "geometry": {
        "type": "Point",
        "coordinates": [
          133.21481,
          33.535471
        ]
      },
      "tippecanoe": {
        "minzoom": 10
      }
    },
    {
      "type": "Feature",
      "properties": {
        "poi_id": "SNT_1807_P0001",
        "route_id": "SNT_1807",
        "source_post_id": 1807,
        "name": "長者の大銀杏",
        "kind": "tourism_spot",
        "content_id": "SNT_1807_S005"
      },
      "geometry": {
        "type": "Point",
        "coordinates": [
          133.1335453,
          33.5005302
        ]
      },
      "tippecanoe": {
        "minzoom": 10
      }
    },
    {
      "type": "Feature",
      "properties": {
        "poi_id": "SNT_1807_P0002",
        "route_id": "SNT_1807",
        "source_post_id": 1807,
        "name": "星ヶ窪キャンプ場",
        "kind": "kml_poi",
        "content_id": null
      },
      "geometry": {
        "type": "Point",
        "coordinates": [
          133.1375136,
          33.4933573
        ]
      },
      "tippecanoe": {
        "minzoom": 10
      }
    },
    {
      "type": "Feature",
      "properties": {
        "poi_id": "SNT_1807_P0003",
        "route_id": "SNT_1807",
        "source_post_id": 1807,
        "name": "桐見川バス停",
        "kind": "kml_poi",
        "content_id": null
      },
      "geometry": {
        "type": "Point",
        "coordinates": [
          133.1653,
          33.50494
        ]
      },
      "tippecanoe": {
        "minzoom": 10
      }
    },
    {
      "type": "Feature",
      "properties": {
        "poi_id": "SNT_4829_P0001",
        "route_id": "SNT_4829",
        "source_post_id": 4829,
        "name": "秋葉口",
        "kind": "kml_poi",
        "content_id": null
      },
      "geometry": {
        "type": "Point",
        "coordinates": [
          133.0687456,
          33.5410426
        ]
      },
      "tippecanoe": {
        "minzoom": 10
      }
    },
    {
      "type": "Feature",
      "properties": {
        "poi_id": "SNT_4829_P0002",
        "route_id": "SNT_4829",
        "source_post_id": 4829,
        "name": "岩屋川渓谷",
        "kind": "tourism_spot",
        "content_id": "SNT_4829_S001"
      },
      "geometry": {
        "type": "Point",
        "coordinates": [
          133.0584119,
          33.5314695
        ]
      },
      "tippecanoe": {
        "minzoom": 10
      }
    },
    {
      "type": "Feature",
      "properties": {
        "poi_id": "SNT_4829_P0003",
        "route_id": "SNT_4829",
        "source_post_id": 4829,
        "name": "秋葉神社",
        "kind": "tourism_spot",
        "content_id": "SNT_4829_S002"
      },
      "geometry": {
        "type": "Point",
        "coordinates": [
          133.0530943,
          33.5310109
        ]
      },
      "tippecanoe": {
        "minzoom": 10
      }
    },
    {
      "type": "Feature",
      "properties": {
        "poi_id": "SNT_4829_P0004",
        "route_id": "SNT_4829",
        "source_post_id": 4829,
        "name": "春日神社",
        "kind": "tourism_spot",
        "content_id": "SNT_4829_S003"
      },
      "geometry": {
        "type": "Point",
        "coordinates": [
          133.0544444,
          33.5262848
        ]
      },
      "tippecanoe": {
        "minzoom": 10
      }
    },
    {
      "type": "Feature",
      "properties": {
        "poi_id": "SNT_4829_P0005",
        "route_id": "SNT_4829",
        "source_post_id": 4829,
        "name": "ヒメシャラ林",
        "kind": "tourism_spot",
        "content_id": "SNT_4829_S004"
      },
      "geometry": {
        "type": "Point",
        "coordinates": [
          133.0471639,
          33.4865293
        ]
      },
      "tippecanoe": {
        "minzoom": 10
      }
    },
    {
      "type": "Feature",
      "properties": {
        "poi_id": "SNT_4829_P0006",
        "route_id": "SNT_4829",
        "source_post_id": 4829,
        "name": "大引割・小引割",
        "kind": "tourism_spot",
        "content_id": "SNT_4829_S005"
      },
      "geometry": {
        "type": "Point",
        "coordinates": [
          133.045576,
          33.476122
        ]
      },
      "tippecanoe": {
        "minzoom": 10
      }
    },
    {
      "type": "Feature",
      "properties": {
        "poi_id": "SNT_4829_P0007",
        "route_id": "SNT_4829",
        "source_post_id": 4829,
        "name": "天狗高原",
        "kind": "tourism_spot",
        "content_id": "SNT_4829_S006"
      },
      "geometry": {
        "type": "Point",
        "coordinates": [
          133.0028599,
          33.476453
        ]
      },
      "tippecanoe": {
        "minzoom": 10
      }
    }
  ]
}