{
  "type": "FeatureCollection",
  "features": [
    {
      "type": "Feature",
      "id": "min88-5630",
      "geometry": {
        "type": "Point",
        "coordinates": [
          134.50205,
          34.1566905
        ]
      },
      "properties": {
        "provider": "min88",
        "source_id": "5630",
        "name": "お遍路ハウス一番門前通り",
        "lodging_type": "guesthouse",
        "lodging_types": "guesthouse",
        "business_status": null,
        "address": "徳島県鳴門市大麻町坂東字西山田1−1",
        "phone": "090-5096-1859",
        "website": "https://henrohouse.jp/ja/houses/20",
        "room_count": 3,
        "check_in": "16:00-21:00",
        "check_out": "08:00",
        "price": "素泊り：3,000円|朝食付：設定なし|夕食付：設定なし|２食付：設定なし",
        "source_url": "https://min88.jp/inn/5630/",
        "coordinate_source": "google_maps_embed_place"
      }
    },
    {
      "type": "Feature",
      "id": "min88-26447",
      "geometry": {
        "type": "Point",
        "coordinates": [
          134.5021673,
          34.1574923
        ]
      },
      "properties": {
        "provider": "min88",
        "source_id": "26447",
        "name": "ゲストハウス鳴門おへんろ",
        "lodging_type": "guesthouse",
        "lodging_types": "guesthouse",
        "business_status": null,
        "address": "徳島県鳴門市大麻町板東西山田13",
        "phone": "0880-66-0835",
        "website": null,
        "room_count": 7,
        "check_in": "16:00-21:00",
        "check_out": "10:00",
        "price": "素泊り：未確認|朝食付：未確認|夕食付：未確認|２食付：未確認",
        "source_url": "https://min88.jp/inn/26447/",
        "coordinate_source": "google_maps_embed_place"
      }
    },
    {
      "type": "Feature",
      "id": "min88-638",
      "geometry": {
        "type": "Point",
        "coordinates": [
          134.502056,
          34.156849
        ]
      },
      "properties": {
        "provider": "min88",
        "source_id": "638",
        "name": "かどや椿荘",
        "lodging_type": "ryokan",
        "lodging_types": "ryokan, hotel",
        "business_status": "closed_or_suspended",
        "address": "徳島県鳴門市大麻町板東字西山田8",
        "phone": "088-689-0705",
        "website": "—",
        "room_count": 9,
        "check_in": "16:00",
        "check_out": "08:30",
        "price": "素泊り：4,800円\n朝食付： —\n夕食付： —\n２食付： —",
        "source_url": "https://min88.jp/inn/638/",
        "coordinate_source": "google_maps_embed_place"
      }
    },
    {
      "type": "Feature",
      "id": "min88-69",
      "geometry": {
        "type": "Point",
        "coordinates": [
          134.501842,
          34.159699
        ]
      },
      "properties": {
        "provider": "min88",
        "source_id": "69",
        "name": "大鳥居苑",
        "lodging_type": "ryokan",
        "lodging_types": "ryokan, hotel",
        "business_status": null,
        "address": "徳島県鳴門市大麻町板東西山田33-4",
        "phone": "088-689-3523",
        "website": "https://ootoriien.com",
        "room_count": 7,
        "check_in": "15:00-19:00",
        "check_out": "10:00",
        "price": "素泊り：7,200円|朝食付：8,300円|夕食付：10,500円|２食付：11,600円",
        "source_url": "https://min88.jp/inn/69/",
        "coordinate_source": "google_maps_embed_place"
      }
    },
    {
      "type": "Feature",
      "id": "min88-24092",
      "geometry": {
        "type": "Point",
        "coordinates": [
          134.502175,
          34.166276
        ]
      },
      "properties": {
        "provider": "min88",
        "source_id": "24092",
        "name": "観梅苑（かんばいえん）",
        "lodging_type": "guesthouse",
        "lodging_types": "guesthouse",
        "business_status": null,
        "address": "徳島県鳴門市大麻町板東字広塚9番地",
        "phone": "088-689-0697",
        "website": "http://www.ca.pikara.ne.jp/kanbaien/",
        "room_count": 7,
        "check_in": "15:00-19:00",
        "check_out": "09:30",
        "price": "素泊り：7,700円〜|朝食付：8,800円〜|夕食付：9,350円〜|２食付：9,900円〜",
        "source_url": "https://min88.jp/inn/24092/",
        "coordinate_source": "google_maps_embed_place"
      }
    },
    {
      "type": "Feature",
      "id": "min88-76",
      "geometry": {
        "type": "Point",
        "coordinates": [
          134.4904316,
          34.1557212
        ]
      },
      "properties": {
        "provider": "min88",
        "source_id": "76",
        "name": "極楽寺（宿坊）",
        "lodging_type": "temple_lodging",
        "lodging_types": "temple_lodging",
        "business_status": "closed_or_suspended",
        "address": "徳島県鳴門市大麻町桧ダンノ上",
        "phone": "088-689-1112",
        "website": "—",
        "room_count": null,
        "check_in": null,
        "check_out": null,
        "price": "素泊り： —\n朝食付： —\n夕食付： —\n２食付： —",
        "source_url": "https://min88.jp/inn/76/",
        "coordinate_source": "google_maps_embed_place"
      }
    },
    {
      "type": "Feature",
      "id": "min88-21644",
      "geometry": {
        "type": "Point",
        "coordinates": [
          134.4741881,
          34.1372349
        ]
      },
      "properties": {
        "provider": "min88",
        "source_id": "21644",
        "name": "HOTEL AZ 徳島板野店",
        "lodging_type": "hotel",
        "lodging_types": "hotel",
        "business_status": null,
        "address": "徳島県板野郡板野町川端字新手崎27-1",
        "phone": "088-672-2611",
        "website": "https://www.az-hotel.com/itano/",
        "room_count": 158,
        "check_in": "15:00",
        "check_out": "10:00",
        "price": "素泊り：設定なし|朝食付：5,280円|夕食付：設定なし|２食付：6,240円",
        "source_url": "https://min88.jp/inn/21644/",
        "coordinate_source": "google_maps_embed_place"
      }
    },
    {
      "type": "Feature",
      "id": "min88-85",
      "geometry": {
        "type": "Point",
        "coordinates": [
          134.4650254,
          34.1525274
        ]
      },
      "properties": {
        "provider": "min88",
        "source_id": "85",
        "name": "旅人の宿・道しるべ",
        "lodging_type": "guesthouse",
        "lodging_types": "guesthouse",
        "business_status": null,
        "address": "徳島県板野郡板野町吹田平山93-11",
        "phone": "088-672-6171",
        "website": "http://michishirube-yado.com/index.htm",
        "room_count": 6,
        "check_in": "16:00-21:00",
        "check_out": "09:00",
        "price": "素泊り：個室4,200円、ドミトリー2,625円|朝食付：+525円|夕食付：+1,050円|２食付：+1,575円",
        "source_url": "https://min88.jp/inn/85/",
        "coordinate_source": "google_maps_embed_place"
      }
    },
    {
      "type": "Feature",
      "id": "min88-640",
      "geometry": {
        "type": "Point",
        "coordinates": [
          134.4319905,
          34.1356973
        ]
      },
      "properties": {
        "provider": "min88",
        "source_id": "640",
        "name": "おんやど森本屋",
        "lodging_type": "guesthouse",
        "lodging_types": "guesthouse",
        "business_status": null,
        "address": "徳島県板野郡板野町羅漢野神60-1",
        "phone": "088-672-3568|受付時間：12時〜20時／不定休",
        "website": "https://www.morimoto-tokushima.com",
        "room_count": 6,
        "check_in": "16:00",
        "check_out": "09:00",
        "price": "素泊り：|　・個室5,280円|　・ドミトリー3,300円|朝食付：未確認|夕食付：未確認|２食付：7,700円",
        "source_url": "https://min88.jp/inn/640/",
        "coordinate_source": "google_maps_embed_place"
      }
    },
    {
      "type": "Feature",
      "id": "min88-28501",
      "geometry": {
        "type": "Point",
        "coordinates": [
          134.426461,
          34.1324155
        ]
      },
      "properties": {
        "provider": "min88",
        "source_id": "28501",
        "name": "HOTEL MORIMOTOYA 板野店",
        "lodging_type": "hotel",
        "lodging_types": "hotel",
        "business_status": null,
        "address": "徳島県板野郡上板町西分字山下11-3",
        "phone": "088-694-8210",
        "website": "https://www.hotel-morimotoya.com",
        "room_count": 19,
        "check_in": null,
        "check_out": null,
        "price": "素泊り：|　・シングルルーム：4,378円〜|　・ダブルルーム：7,700円〜|​　・ファミリールーム：8,756円〜|朝食付：設定無し|夕食付：設定無し|２食付：設定無し",
        "source_url": "https://min88.jp/inn/28501/",
        "coordinate_source": "google_maps_embed_place"
      }
    },
    {
      "type": "Feature",
      "id": "min88-642",
      "geometry": {
        "type": "Point",
        "coordinates": [
          134.4042601,
          34.123873
        ]
      },
      "properties": {
        "provider": "min88",
        "source_id": "642",
        "name": "民宿寿食堂",
        "lodging_type": "guesthouse",
        "lodging_types": "guesthouse",
        "business_status": null,
        "address": "徳島県板野郡上板町七條大道ノ上13-1",
        "phone": "088-694-2024|受付時間 7:00〜21:00",
        "website": "https://www.minshuku-kotobuki.com",
        "room_count": 7,
        "check_in": "12:00-18:00",
        "check_out": "05:30-09:00",
        "price": "素泊り：4,500円|朝食付：5,500円|夕食付：7,000円|２食付：7,500円",
        "source_url": "https://min88.jp/inn/642/",
        "coordinate_source": "google_maps_embed_place"
      }
    },
    {
      "type": "Feature",
      "id": "min88-78",
      "geometry": {
        "type": "Point",
        "coordinates": [
          134.3886942,
          34.11832589999999
        ]
      },
      "properties": {
        "provider": "min88",
        "source_id": "78",
        "name": "安楽寺（宿坊）",
        "lodging_type": "temple_lodging",
        "lodging_types": "temple_lodging",
        "business_status": null,
        "address": "徳島県板野郡上板町引野字寺ノ西北8",
        "phone": "088-694-2046",
        "website": "https://shikoku6.or.jp/",
        "room_count": 57,
        "check_in": "14:00-20:00",
        "check_out": "09:30",
        "price": "素泊り：6,000円〜|朝食付：未確認|夕食付：未確認|２食付：8,500円〜",
        "source_url": "https://min88.jp/inn/78/",
        "coordinate_source": "google_maps_embed_place"
      }
    },
    {
      "type": "Feature",
      "id": "min88-532",
      "geometry": {
        "type": "Point",
        "coordinates": [
          134.3883122,
          34.1180403
        ]
      },
      "properties": {
        "provider": "min88",
        "source_id": "532",
        "name": "安楽寺（通夜堂）",
        "lodging_type": "pilgrim_shelter",
        "lodging_types": "pilgrim_shelter",
        "business_status": null,
        "address": "徳島県板野郡上板町引野 寺ノ西北8",
        "phone": "非掲載",
        "website": null,
        "room_count": 1,
        "check_in": null,
        "check_out": null,
        "price": "素泊り：無料|朝食付：設定なし|夕食付：設定なし|２食付：設定なし",
        "source_url": "https://min88.jp/inn/532/",
        "coordinate_source": "google_maps_embed_place"
      }
    },
    {
      "type": "Feature",
      "id": "min88-8281",
      "geometry": {
        "type": "Point",
        "coordinates": [
          134.3895687,
          34.1193012
        ]
      },
      "properties": {
        "provider": "min88",
        "source_id": "8281",
        "name": "お遍路RVパーク 安楽寺",
        "lodging_type": "campground",
        "lodging_types": "campground",
        "business_status": null,
        "address": "徳島県板野郡上板町寺ノ西北８（安楽寺）|徳島県板野郡上板町寺ノ北浦（駐車場）",
        "phone": "088-694-2046|受付時間7:00～18:00",
        "website": "https://shikoku6.or.jp/キャンピングカーでお遍路プランのご案内/",
        "room_count": null,
        "check_in": "13:00-18:00",
        "check_out": "07:00-11:00",
        "price": "Aプラン: 8,000円 電源利用、駐車料金、宿坊宿泊一泊二食付、温泉入浴、お勤め参加|Bプラン: 3,500円 電源利用、駐車料金、温泉入浴、お勤め参加|Cプラン: 2,500円 電源利用、駐車料金、温泉入浴|Dプラン :2,000円 電源なし、駐車料金、温泉入浴|※お食事付きのプランの場合には3日前までに電話予約|※お勤め時交通安全祈祷プラス1,000円　車両前交通安全祈祷プラス5,000円|※夕食(精進料理)プラス1,650円",
        "source_url": "https://min88.jp/inn/8281/",
        "coordinate_source": "google_maps_embed_place"
      }
    },
    {
      "type": "Feature",
      "id": "min88-645",
      "geometry": {
        "type": "Point",
        "coordinates": [
          134.3782691,
          34.1203598
        ]
      },
      "properties": {
        "provider": "min88",
        "source_id": "645",
        "name": "十楽寺（宿坊）ホテル光明会館",
        "lodging_type": "temple_lodging",
        "lodging_types": "temple_lodging",
        "business_status": null,
        "address": "徳島県阿波市土成町高尾法教田58",
        "phone": "088-695-2150",
        "website": "http://jyuurakuji.com",
        "room_count": null,
        "check_in": "14:00",
        "check_out": "09:00",
        "price": "素泊り：7,370円|朝食付：未確認|夕食付：未確認|２食付：11,220円",
        "source_url": "https://min88.jp/inn/645/",
        "coordinate_source": "google_maps_embed_place"
      }
    },
    {
      "type": "Feature",
      "id": "min88-251",
      "geometry": {
        "type": "Point",
        "coordinates": [
          134.3585726,
          34.1212235
        ]
      },
      "properties": {
        "provider": "min88",
        "source_id": "251",
        "name": "癒しの遍路宿越久田屋（おくだや）",
        "lodging_type": "guesthouse",
        "lodging_types": "guesthouse",
        "business_status": null,
        "address": "徳島県阿波市土成町宮川内字宮ノ下31-1",
        "phone": "TEL 088-660-4301|携帯電話 080-8721-5615",
        "website": "https://www.san-yo.co.jp/okudaya/",
        "room_count": 7,
        "check_in": "16:00-19:00",
        "check_out": null,
        "price": "素泊り：5,000円|朝食付：設定なし|夕食付：設定なし|２食付：設定なし",
        "source_url": "https://min88.jp/inn/251/",
        "coordinate_source": "google_maps_embed_place"
      }
    },
    {
      "type": "Feature",
      "id": "min88-647",
      "geometry": {
        "type": "Point",
        "coordinates": [
          134.3448953,
          34.102723
        ]
      },
      "properties": {
        "provider": "min88",
        "source_id": "647",
        "name": "アクセス阿波",
        "lodging_type": "hotel",
        "lodging_types": "hotel",
        "business_status": null,
        "address": "徳島県阿波市土成町土成寒方51-4",
        "phone": "088-695-2200",
        "website": "https://access-awa.com/",
        "room_count": 52,
        "check_in": "15:00-22:00",
        "check_out": "10:00",
        "price": "素泊り：4,490円〜|朝食付：5,800円|夕食付：設定なし|２食付：設定なし",
        "source_url": "https://min88.jp/inn/647/",
        "coordinate_source": "google_maps_embed_place"
      }
    },
    {
      "type": "Feature",
      "id": "min88-291",
      "geometry": {
        "type": "Point",
        "coordinates": [
          134.3077678,
          34.092635
        ]
      },
      "properties": {
        "provider": "min88",
        "source_id": "291",
        "name": "ビジネスホテル八幡",
        "lodging_type": "hotel",
        "lodging_types": "hotel",
        "business_status": null,
        "address": "徳島県阿波市市場町大野島新ノ池8-1",
        "phone": "0883-36-1688",
        "website": "https://www.u-yawata.com/hotel.php",
        "room_count": 16,
        "check_in": "16:00",
        "check_out": "10:00",
        "price": "素泊り：|　・シングル　5,830円|　・ツイン　11,440円|朝食付：設定なし|夕食付：設定なし|２食付：設定なし",
        "source_url": "https://min88.jp/inn/291/",
        "coordinate_source": "google_maps_embed_place"
      }
    },
    {
      "type": "Feature",
      "id": "min88-288",
      "geometry": {
        "type": "Point",
        "coordinates": [
          134.3081411,
          34.0926893
        ]
      },
      "properties": {
        "provider": "min88",
        "source_id": "288",
        "name": "旅館八幡",
        "lodging_type": "ryokan",
        "lodging_types": "ryokan, hotel",
        "business_status": null,
        "address": "徳島県阿波市市場町大野島新ノ池8-1",
        "phone": "0883-36-6186",
        "website": "https://www.u-yawata.com/hotel.php",
        "room_count": 9,
        "check_in": null,
        "check_out": null,
        "price": "素泊り：5,830円|朝食付：6,490円|夕食付：未確認|２食付：7,920円",
        "source_url": "https://min88.jp/inn/288/",
        "coordinate_source": "google_maps_embed_place"
      }
    },
    {
      "type": "Feature",
      "id": "min88-28996",
      "geometry": {
        "type": "Point",
        "coordinates": [
          134.3027795,
          34.092468
        ]
      },
      "properties": {
        "provider": "min88",
        "source_id": "28996",
        "name": "農家民宿 桜や",
        "lodging_type": "guesthouse",
        "lodging_types": "guesthouse",
        "business_status": "closed_or_suspended",
        "address": "徳島県阿波市市場町山野上123-1",
        "phone": "090-5149-4644",
        "website": "https://sakuraya-awa.com/index.html",
        "room_count": null,
        "check_in": "15:00",
        "check_out": "10:00",
        "price": "素泊り：5,000円|朝食付：6,000円|夕食付：6,000円|２食付：7,000円",
        "source_url": "https://min88.jp/inn/28996/",
        "coordinate_source": "google_maps_embed_place"
      }
    },
    {
      "type": "Feature",
      "id": "min88-650",
      "geometry": {
        "type": "Point",
        "coordinates": [
          134.3192381,
          34.065541
        ]
      },
      "properties": {
        "provider": "min88",
        "source_id": "650",
        "name": "民宿あわらくや",
        "lodging_type": "guesthouse",
        "lodging_types": "guesthouse",
        "business_status": null,
        "address": "徳島県吉野川市川島町川島178",
        "phone": "0883-25-3699",
        "website": "http://wwwe.pikara.ne.jp/awarakuya/",
        "room_count": 3,
        "check_in": "15:00",
        "check_out": "09:00",
        "price": "■8月31日まで|素泊り：5,300円〜 ※1|朝食付：6,300円〜 ※1|夕食付：7,300円〜 ※1|２食付：8,300円〜 ※1||■9月1日以降|素泊り：5,300円〜 ※1|朝食付：6,500円〜 ※1|夕食付：7,600円〜 ※1|２食付：8,800円〜 ※1||※1.     表示料金は宿泊日や予約方法により変動します。|※2. ベジタリアン食等の追加料金：|・朝食+300円|・夕食+400円",
        "source_url": "https://min88.jp/inn/650/",
        "coordinate_source": "google_maps_embed_place"
      }
    },
    {
      "type": "Feature",
      "id": "min88-652",
      "geometry": {
        "type": "Point",
        "coordinates": [
          134.3197253,
          34.0639022
        ]
      },
      "properties": {
        "provider": "min88",
        "source_id": "652",
        "name": "カネマン米谷旅館",
        "lodging_type": "guesthouse",
        "lodging_types": "guesthouse",
        "business_status": null,
        "address": "徳島県吉野川市川島町川島420-3",
        "phone": "0883-25-2226",
        "website": null,
        "room_count": null,
        "check_in": null,
        "check_out": null,
        "price": "素泊り：未確認|朝食付：未確認|夕食付：未確認|２食付：未確認",
        "source_url": "https://min88.jp/inn/652/",
        "coordinate_source": "google_maps_embed_place"
      }
    },
    {
      "type": "Feature",
      "id": "min88-132",
      "geometry": {
        "type": "Point",
        "coordinates": [
          134.349382,
          34.080023
        ]
      },
      "properties": {
        "provider": "min88",
        "source_id": "132",
        "name": "Guest House チャンネルカン",
        "lodging_type": "guesthouse",
        "lodging_types": "guesthouse",
        "business_status": null,
        "address": "徳島県吉野川市鴨島町知恵島740-1",
        "phone": "0883-24-7059",
        "website": "https://sites.google.com/site/guesthousechannelkan/",
        "room_count": 2,
        "check_in": "15:30-21:00",
        "check_out": "09:30",
        "price": "素泊り：|　・ドミトリー: 3,980円|　・個室: 4,700円|朝食付：設定なし|夕食付：設定なし|２食付：設定なし",
        "source_url": "https://min88.jp/inn/132/",
        "coordinate_source": "google_maps_embed_place"
      }
    },
    {
      "type": "Feature",
      "id": "min88-29009",
      "geometry": {
        "type": "Point",
        "coordinates": [
          134.3452908,
          34.0804659
        ]
      },
      "properties": {
        "provider": "min88",
        "source_id": "29009",
        "name": "民泊パインハウス",
        "lodging_type": "guesthouse",
        "lodging_types": "guesthouse",
        "business_status": null,
        "address": "徳島県吉野川市鴨島町知恵島507-1",
        "phone": "090-5910-1952|受付時間　6:00〜22:00",
        "website": "https://www.instagram.com/pinehouse_kamojima/",
        "room_count": 5,
        "check_in": "15:00-20:00",
        "check_out": "05:00-10:00",
        "price": "素泊り：4,500円|朝食付：5,000円|夕食付：設定なし|２食付：設定なし",
        "source_url": "https://min88.jp/inn/29009/",
        "coordinate_source": "google_maps_embed_place"
      }
    },
    {
      "type": "Feature",
      "id": "min88-294",
      "geometry": {
        "type": "Point",
        "coordinates": [
          134.355784,
          34.072168
        ]
      },
      "properties": {
        "provider": "min88",
        "source_id": "294",
        "name": "さくら旅館",
        "lodging_type": "guesthouse",
        "lodging_types": "guesthouse",
        "business_status": null,
        "address": "徳島県吉野川市鴨島町鴨島502-11",
        "phone": "0883-24-2404",
        "website": null,
        "room_count": 12,
        "check_in": "15:00-19:00",
        "check_out": null,
        "price": "素泊り：5,000円|朝食付：5,500円|夕食付：6,500円|２食付：7,000円",
        "source_url": "https://min88.jp/inn/294/",
        "coordinate_source": "google_maps_embed_place"
      }
    },
    {
      "type": "Feature",
      "id": "min88-65293",
      "geometry": {
        "type": "Point",
        "coordinates": [
          134.356022,
          34.0729287
        ]
      },
      "properties": {
        "provider": "min88",
        "source_id": "65293",
        "name": "Hostel OE",
        "lodging_type": "guesthouse",
        "lodging_types": "guesthouse",
        "business_status": null,
        "address": "徳島県吉野川市鴨島町鴨島 字神島485-4",
        "phone": "0883-26-0117|受付時間 8:00〜20:00",
        "website": "https://hosteloekamojima.com/hostel-oe",
        "room_count": 8,
        "check_in": "16:00-19:00",
        "check_out": "10:00",
        "price": "素泊り：5,000円〜|朝食付：設定なし|夕食付：設定なし|２食付：設定なし",
        "source_url": "https://min88.jp/inn/65293/",
        "coordinate_source": "google_maps_embed_place"
      }
    },
    {
      "type": "Feature",
      "id": "min88-16746",
      "geometry": {
        "type": "Point",
        "coordinates": [
          134.355615,
          34.0675367
        ]
      },
      "properties": {
        "provider": "min88",
        "source_id": "16746",
        "name": "アクセス鴨島",
        "lodging_type": "hotel",
        "lodging_types": "hotel",
        "business_status": null,
        "address": "徳島県吉野川市鴨島町鴨島224-1",
        "phone": "0883-24-5050",
        "website": "https://access-kamojima.com/",
        "room_count": 35,
        "check_in": "15:00",
        "check_out": "10:00",
        "price": "素泊り：設定なし|朝食付：5,800円|夕食付：設定なし|２食付：設定なし",
        "source_url": "https://min88.jp/inn/16746/",
        "coordinate_source": "google_maps_embed_place"
      }
    },
    {
      "type": "Feature",
      "id": "min88-654",
      "geometry": {
        "type": "Point",
        "coordinates": [
          134.3512372,
          34.0616442
        ]
      },
      "properties": {
        "provider": "min88",
        "source_id": "654",
        "name": "民宿富士",
        "lodging_type": "guesthouse",
        "lodging_types": "guesthouse",
        "business_status": "closed_or_suspended",
        "address": "徳島県吉野川市鴨島町飯尾22-1",
        "phone": "0883-36-1088",
        "website": "—",
        "room_count": null,
        "check_in": null,
        "check_out": null,
        "price": "素泊り：4,500円\n朝食付： —\n夕食付： —\n２食付： —",
        "source_url": "https://min88.jp/inn/654/",
        "coordinate_source": "google_maps_embed_place"
      }
    },
    {
      "type": "Feature",
      "id": "min88-141",
      "geometry": {
        "type": "Point",
        "coordinates": [
          134.354009,
          34.055775
        ]
      },
      "properties": {
        "provider": "min88",
        "source_id": "141",
        "name": "旅館 吉野",
        "lodging_type": "guesthouse",
        "lodging_types": "guesthouse",
        "business_status": null,
        "address": "徳島県吉野川市鴨島町飯尾1444-1",
        "phone": "0883-24-1263",
        "website": null,
        "room_count": null,
        "check_in": null,
        "check_out": null,
        "price": "素泊り：5,500円|朝食付：未確認|夕食付：未確認|２食付：8,000円",
        "source_url": "https://min88.jp/inn/141/",
        "coordinate_source": "google_maps_embed_place"
      }
    },
    {
      "type": "Feature",
      "id": "min88-8325",
      "geometry": {
        "type": "Point",
        "coordinates": [
          134.3102179,
          33.9849692
        ]
      },
      "properties": {
        "provider": "min88",
        "source_id": "8325",
        "name": "焼山寺（宿坊）",
        "lodging_type": "temple_lodging",
        "lodging_types": "temple_lodging",
        "business_status": null,
        "address": "徳島県名西郡神山町下分字中318",
        "phone": "088-677-0112",
        "website": "—",
        "room_count": 10,
        "check_in": null,
        "check_out": null,
        "price": "素泊り： —\n朝食付： —\n夕食付： —\n２食付：6,000円",
        "source_url": "https://min88.jp/inn/8325/",
        "coordinate_source": "google_maps_embed_place"
      }
    },
    {
      "type": "Feature",
      "id": "min88-300",
      "geometry": {
        "type": "Point",
        "coordinates": [
          134.3266513,
          33.9870269
        ]
      },
      "properties": {
        "provider": "min88",
        "source_id": "300",
        "name": "お宿 すだち庵",
        "lodging_type": "guesthouse",
        "lodging_types": "guesthouse",
        "business_status": null,
        "address": "徳島県名西郡神山町下分字鍋岩180",
        "phone": "090-2677-8000",
        "website": "http://www.sudachian.com",
        "room_count": 6,
        "check_in": null,
        "check_out": "09:00",
        "price": "素泊り：4,900円|朝食付：5,900円|夕食付：6,900円|２食付：7,900円",
        "source_url": "https://min88.jp/inn/300/",
        "coordinate_source": "google_maps_embed_place"
      }
    },
    {
      "type": "Feature",
      "id": "min88-139",
      "geometry": {
        "type": "Point",
        "coordinates": [
          134.3276457,
          33.9876273
        ]
      },
      "properties": {
        "provider": "min88",
        "source_id": "139",
        "name": "農園ゲストハウスもりあんloft",
        "lodging_type": "guesthouse",
        "lodging_types": "guesthouse",
        "business_status": null,
        "address": "徳島県名西郡神山町下分鍋岩207-2",
        "phone": "088-668-4670",
        "website": null,
        "room_count": 3,
        "check_in": "15:00",
        "check_out": "08:00",
        "price": "素泊り：5,000円|朝食付：設定なし|夕食付：設定なし|２食付：8,000円",
        "source_url": "https://min88.jp/inn/139/",
        "coordinate_source": "google_maps_embed_place"
      }
    },
    {
      "type": "Feature",
      "id": "min88-296",
      "geometry": {
        "type": "Point",
        "coordinates": [
          134.328966,
          33.9851747
        ]
      },
      "properties": {
        "provider": "min88",
        "source_id": "296",
        "name": "なべいわ荘",
        "lodging_type": "guesthouse",
        "lodging_types": "guesthouse",
        "business_status": "closed_or_suspended",
        "address": "徳島県名西郡神山町下分鍋岩65-2",
        "phone": "088-677-0181",
        "website": "—",
        "room_count": null,
        "check_in": null,
        "check_out": null,
        "price": "素泊り： —\n朝食付： —\n夕食付： —\n２食付： —",
        "source_url": "https://min88.jp/inn/296/",
        "coordinate_source": "google_maps_embed_place"
      }
    },
    {
      "type": "Feature",
      "id": "min88-8527",
      "geometry": {
        "type": "Point",
        "coordinates": [
          134.3696444,
          33.9689972
        ]
      },
      "properties": {
        "provider": "min88",
        "source_id": "8527",
        "name": "コットンフィールド",
        "lodging_type": "campground",
        "lodging_types": "campground",
        "business_status": null,
        "address": "徳島県名西郡神山町神領西上角272",
        "phone": "088-676-0803|予約受付は8:30〜18:30",
        "website": "https://cottonfield.jp/wp/",
        "room_count": 2,
        "check_in": "13:00",
        "check_out": "12:00",
        "price": "素泊り：3,300円〜|朝食付：設定なし|夕食付：設定なし|２食付：設定なし|入場料550円／人",
        "source_url": "https://min88.jp/inn/8527/",
        "coordinate_source": "google_maps_embed_place"
      }
    },
    {
      "type": "Feature",
      "id": "min88-624",
      "geometry": {
        "type": "Point",
        "coordinates": [
          134.3383272,
          33.9687539
        ]
      },
      "properties": {
        "provider": "min88",
        "source_id": "624",
        "name": "WEEK神山",
        "lodging_type": "guesthouse",
        "lodging_types": "guesthouse",
        "business_status": null,
        "address": "徳島県名西郡神山町下分地野57",
        "phone": "088-677-0313",
        "website": "https://week-kamiyama.jp",
        "room_count": 8,
        "check_in": "15:00-19:00",
        "check_out": "08:00-10:00",
        "price": "素泊り：未確認|朝食付：11,000円|夕食付：未確認|２食付：14,300円",
        "source_url": "https://min88.jp/inn/624/",
        "coordinate_source": "google_maps_embed_place"
      }
    },
    {
      "type": "Feature",
      "id": "min88-656",
      "geometry": {
        "type": "Point",
        "coordinates": [
          134.3469412,
          33.9674996
        ]
      },
      "properties": {
        "provider": "min88",
        "source_id": "656",
        "name": "旅館さくらや",
        "lodging_type": "ryokan",
        "lodging_types": "ryokan, hotel",
        "business_status": null,
        "address": "徳島県名西郡神山町神領北91-1",
        "phone": "088-676-0036",
        "website": null,
        "room_count": 5,
        "check_in": "15:00-19:00",
        "check_out": "08:00",
        "price": "素泊り：6,000円|朝食付：未確認|夕食付：未確認|２食付：8,500円",
        "source_url": "https://min88.jp/inn/656/",
        "coordinate_source": "google_maps_embed_place"
      }
    },
    {
      "type": "Feature",
      "id": "min88-658",
      "geometry": {
        "type": "Point",
        "coordinates": [
          134.3699952,
          33.9718748
        ]
      },
      "properties": {
        "provider": "min88",
        "source_id": "658",
        "name": "神山温泉ホテル四季の里＆いやしの湯",
        "lodging_type": "ryokan",
        "lodging_types": "ryokan, hotel",
        "business_status": null,
        "address": "徳島県名西郡神山町神領本上角80-2",
        "phone": "088-676-1117",
        "website": "https://kamiyama-spa.com",
        "room_count": 20,
        "check_in": "15:00-21:00",
        "check_out": "10:00",
        "price": "素泊り：未確認|朝食付：未確認|夕食付：未確認|２食付：10,010円（平日）",
        "source_url": "https://min88.jp/inn/658/",
        "coordinate_source": "google_maps_embed_place"
      }
    },
    {
      "type": "Feature",
      "id": "min88-607",
      "geometry": {
        "type": "Point",
        "coordinates": [
          134.3748472,
          34.0085194
        ]
      },
      "properties": {
        "provider": "min88",
        "source_id": "607",
        "name": "植村旅館",
        "lodging_type": "ryokan",
        "lodging_types": "ryokan, hotel",
        "business_status": null,
        "address": "徳島県名西郡神山町阿野本名12-1",
        "phone": "088-678-0859",
        "website": "https://r.goope.jp/uemura-inn",
        "room_count": 5,
        "check_in": "15:00-18:00",
        "check_out": "09:00",
        "price": "素泊り：5,300円〜|朝食付：未確認|夕食付：未確認|２食付：8,800円〜",
        "source_url": "https://min88.jp/inn/607/",
        "coordinate_source": "google_maps_embed_place"
      }
    },
    {
      "type": "Feature",
      "id": "min88-32800",
      "geometry": {
        "type": "Point",
        "coordinates": [
          134.3614427,
          33.9896881
        ]
      },
      "properties": {
        "provider": "min88",
        "source_id": "32800",
        "name": "神山くらしの宿 Moja house",
        "lodging_type": "guesthouse",
        "lodging_types": "guesthouse",
        "business_status": null,
        "address": "徳島県名西郡神山町神領字本小野363",
        "phone": "050-6873-7990",
        "website": "https://www.moja-house.com",
        "room_count": 2,
        "check_in": "15:00",
        "check_out": "10:00",
        "price": "素泊り：|　・ドミトリー4,500円|　・個室貸切り12,000円（2名）|　・個室貸切り16,500円（3名）|　・個室貸切り20,000円（4名）|　・一棟貸切り30,000円（〜6名）|　↑それ以降は1名追加につき＋4,500円|朝食付：設定無し|夕食付：設定無し|２食付：設定無し",
        "source_url": "https://min88.jp/inn/32800/",
        "coordinate_source": "google_maps_embed_place"
      }
    },
    {
      "type": "Feature",
      "id": "min88-500",
      "geometry": {
        "type": "Point",
        "coordinates": [
          134.4070591,
          34.0349352
        ]
      },
      "properties": {
        "provider": "min88",
        "source_id": "500",
        "name": "軽井沢レジャーランド",
        "lodging_type": "campground",
        "lodging_types": "campground",
        "business_status": null,
        "address": "徳島県名西郡神山町阿野字南馬喰草69",
        "phone": "088-678-0981",
        "website": "http://www.karuizawa-camp.com",
        "room_count": null,
        "check_in": "11:00",
        "check_out": "10:00",
        "price": "素泊り：|　・テント持ち込み：1,000円|　・入浴料：500円|朝食付：設定なし|夕食付：設定なし|２食付：設定なし",
        "source_url": "https://min88.jp/inn/500/",
        "coordinate_source": "google_maps_embed_place"
      }
    },
    {
      "type": "Feature",
      "id": "min88-8535",
      "geometry": {
        "type": "Point",
        "coordinates": [
          134.4220552,
          34.0365713
        ]
      },
      "properties": {
        "provider": "min88",
        "source_id": "8535",
        "name": "プチペンションやすらぎ",
        "lodging_type": "ryokan",
        "lodging_types": "ryokan, hotel",
        "business_status": null,
        "address": "徳島県名西郡神山町阿野字南行者野349-1",
        "phone": "088-678-0198",
        "website": null,
        "room_count": 13,
        "check_in": "16:00-23:00",
        "check_out": "10:00",
        "price": "素泊り：5,500円|朝食付：レストラン別料金|夕食付：レストラン別料金|２食付：レストラン別料金",
        "source_url": "https://min88.jp/inn/8535/",
        "coordinate_source": "google_maps_embed_place"
      }
    },
    {
      "type": "Feature",
      "id": "min88-14772",
      "geometry": {
        "type": "Point",
        "coordinates": [
          134.4565638,
          34.0394406
        ]
      },
      "properties": {
        "provider": "min88",
        "source_id": "14772",
        "name": "River Side Camp NEW-TA",
        "lodging_type": "campground",
        "lodging_types": "campground",
        "business_status": null,
        "address": "徳島県徳島市入田町海先294-3",
        "phone": "088-679-8898",
        "website": "https://riversidecampnewta.com",
        "room_count": null,
        "check_in": "12:00-19:00",
        "check_out": "11:00",
        "price": "素泊り：1サイト1,500円+入場料（保険料）500円/1名|朝食付：設定なし|夕食付：設定なし|２食付：設定なし",
        "source_url": "https://min88.jp/inn/14772/",
        "coordinate_source": "google_maps_embed_place"
      }
    },
    {
      "type": "Feature",
      "id": "min88-662",
      "geometry": {
        "type": "Point",
        "coordinates": [
          134.4623944,
          34.0380832
        ]
      },
      "properties": {
        "provider": "min88",
        "source_id": "662",
        "name": "大日寺（宿坊）",
        "lodging_type": "temple_lodging",
        "lodging_types": "temple_lodging",
        "business_status": "closed_or_suspended",
        "address": "徳島県徳島市一宮町西丁",
        "phone": "088-644-0069\n電話受付 7:00 – 17:00",
        "website": "dai13.jp",
        "room_count": 17,
        "check_in": "15:00",
        "check_out": "10:00",
        "price": "素泊り： —\n朝食付： —\n夕食付： —\n２食付：6,000円",
        "source_url": "https://min88.jp/inn/662/",
        "coordinate_source": "google_maps_embed_place"
      }
    },
    {
      "type": "Feature",
      "id": "min88-666",
      "geometry": {
        "type": "Point",
        "coordinates": [
          134.463247,
          34.03778
        ]
      },
      "properties": {
        "provider": "min88",
        "source_id": "666",
        "name": "名西旅館花（新館）",
        "lodging_type": "ryokan",
        "lodging_types": "ryokan, hotel",
        "business_status": null,
        "address": "徳島県徳島市一宮町西丁414",
        "phone": "088-644-0025",
        "website": "http://www.hana-myouzai.com/index.html",
        "room_count": 14,
        "check_in": "15:00",
        "check_out": "09:00",
        "price": "素泊り：5,000円|朝食付：5,500円|夕食付：未確認|２食付：7,500円",
        "source_url": "https://min88.jp/inn/666/",
        "coordinate_source": "google_maps_embed_place"
      }
    },
    {
      "type": "Feature",
      "id": "min88-664",
      "geometry": {
        "type": "Point",
        "coordinates": [
          134.46328,
          34.037969
        ]
      },
      "properties": {
        "provider": "min88",
        "source_id": "664",
        "name": "かどや旅館",
        "lodging_type": "guesthouse",
        "lodging_types": "guesthouse",
        "business_status": null,
        "address": "徳島県徳島市一宮町西丁268",
        "phone": "088-644-0411",
        "website": null,
        "room_count": 10,
        "check_in": "15:00-18:00",
        "check_out": "09:00",
        "price": "素泊り：5,500円|朝食付：未確認|夕食付：未確認|２食付：8,500円",
        "source_url": "https://min88.jp/inn/664/",
        "coordinate_source": "google_maps_embed_place"
      }
    },
    {
      "type": "Feature",
      "id": "min88-635",
      "geometry": {
        "type": "Point",
        "coordinates": [
          134.478414,
          34.0689765
        ]
      },
      "properties": {
        "provider": "min88",
        "source_id": "635",
        "name": "鱗楼（うろころう）",
        "lodging_type": "ryokan",
        "lodging_types": "ryokan, hotel",
        "business_status": null,
        "address": "徳島県徳島市国府町中268-1",
        "phone": "088-642-4337",
        "website": "https://urokorou.com",
        "room_count": 5,
        "check_in": "15:00-19:00",
        "check_out": "05:00-10:00",
        "price": "素泊り：5,500円|朝食付：7,150円|夕食付：8,250円|２食付：9,350円",
        "source_url": "https://min88.jp/inn/635/",
        "coordinate_source": "google_maps_embed_place"
      }
    },
    {
      "type": "Feature",
      "id": "min88-8538",
      "geometry": {
        "type": "Point",
        "coordinates": [
          134.4854562,
          34.0852115
        ]
      },
      "properties": {
        "provider": "min88",
        "source_id": "8538",
        "name": "井戸寺（通夜堂）",
        "lodging_type": "pilgrim_shelter",
        "lodging_types": "pilgrim_shelter",
        "business_status": null,
        "address": "徳島県徳島市国府町井戸北屋敷80-1",
        "phone": null,
        "website": null,
        "room_count": 1,
        "check_in": null,
        "check_out": null,
        "price": "素泊り：無料|朝食付：設定なし|夕食付：設定なし|２食付：設定なし",
        "source_url": "https://min88.jp/inn/8538/",
        "coordinate_source": "google_maps_embed_place"
      }
    },
    {
      "type": "Feature",
      "id": "min88-605",
      "geometry": {
        "type": "Point",
        "coordinates": [
          134.4854857,
          34.0845364
        ]
      },
      "properties": {
        "provider": "min88",
        "source_id": "605",
        "name": "おんやど松本屋",
        "lodging_type": "guesthouse",
        "lodging_types": "guesthouse",
        "business_status": null,
        "address": "徳島県徳島市国府町井戸北屋敷76-2",
        "phone": "088-642-3772",
        "website": null,
        "room_count": 4,
        "check_in": "15:00-19:00",
        "check_out": "09:00",
        "price": "素泊り：未確認|朝食付：未確認|夕食付：未確認|２食付：8,800円",
        "source_url": "https://min88.jp/inn/605/",
        "coordinate_source": "google_maps_embed_place"
      }
    },
    {
      "type": "Feature",
      "id": "min88-668",
      "geometry": {
        "type": "Point",
        "coordinates": [
          134.5188157,
          34.0789632
        ]
      },
      "properties": {
        "provider": "min88",
        "source_id": "668",
        "name": "セルフイン徳島 蔵本駅前",
        "lodging_type": "hotel",
        "lodging_types": "hotel",
        "business_status": null,
        "address": "徳島県徳島市蔵本町2丁目13-2",
        "phone": "088-676-2818",
        "website": "https://www.hyper-inn.net/asp/newsitem.asp?nw_id=741",
        "room_count": 24,
        "check_in": "16:00-21:00",
        "check_out": "10:00",
        "price": "素泊り：設定なし|朝食付：4,700円|夕食付：設定なし|２食付：設定なし",
        "source_url": "https://min88.jp/inn/668/",
        "coordinate_source": "google_maps_embed_place"
      }
    },
    {
      "type": "Feature",
      "id": "min88-670",
      "geometry": {
        "type": "Point",
        "coordinates": [
          134.5298959,
          34.0786809
        ]
      },
      "properties": {
        "provider": "min88",
        "source_id": "670",
        "name": "歩き遍路宿びざん",
        "lodging_type": "guesthouse",
        "lodging_types": "guesthouse",
        "business_status": null,
        "address": "徳島県徳島市佐古五番町8-11",
        "phone": "088-635-1478",
        "website": "https://sites.google.com/site/yadobizan/",
        "room_count": 3,
        "check_in": "15:00-17:00",
        "check_out": "08:00",
        "price": "素泊り：1名1室5,000円、2名1室9,000円|朝食付：設定なし|夕食付：設定なし|２食付：設定なし",
        "source_url": "https://min88.jp/inn/670/",
        "coordinate_source": "google_maps_embed_place"
      }
    },
    {
      "type": "Feature",
      "id": "min88-185",
      "geometry": {
        "type": "Point",
        "coordinates": [
          134.532148,
          34.0802768
        ]
      },
      "properties": {
        "provider": "min88",
        "source_id": "185",
        "name": "四国徳島市ゲストハウスOGaGa（オガガ）",
        "lodging_type": "guesthouse",
        "lodging_types": "guesthouse",
        "business_status": null,
        "address": "徳島県徳島市佐古四番町13-17",
        "phone": "090-1326-4030",
        "website": "https://guest-house-ogaga-in-tokushima-cityjp.jimdosite.com/",
        "room_count": 3,
        "check_in": "15:00-22:00",
        "check_out": "12:00",
        "price": "素泊り：3,800円|朝食付：設定なし|夕食付：設定なし|２食付：設定なし",
        "source_url": "https://min88.jp/inn/185/",
        "coordinate_source": "google_maps_embed_place"
      }
    },
    {
      "type": "Feature",
      "id": "min88-16904",
      "geometry": {
        "type": "Point",
        "coordinates": [
          134.544367,
          34.0775839
        ]
      },
      "properties": {
        "provider": "min88",
        "source_id": "16904",
        "name": "ホテル サンシャイン徳島",
        "lodging_type": "hotel",
        "lodging_types": "hotel",
        "business_status": null,
        "address": "徳島県徳島市南出来島町2-9",
        "phone": "088-622-2333",
        "website": "http://hotel-sunshine.co.jp",
        "room_count": 98,
        "check_in": "15:00",
        "check_out": "10:00",
        "price": "素泊り：6,600円|朝食付：6,900円|夕食付：設定なし|２食付：設定なし",
        "source_url": "https://min88.jp/inn/16904/",
        "coordinate_source": "google_maps_embed_place"
      }
    },
    {
      "type": "Feature",
      "id": "min88-8382",
      "geometry": {
        "type": "Point",
        "coordinates": [
          134.5474046,
          34.0828587
        ]
      },
      "properties": {
        "provider": "min88",
        "source_id": "8382",
        "name": "Vacation House 月 Yue",
        "lodging_type": "guesthouse",
        "lodging_types": "guesthouse",
        "business_status": null,
        "address": "徳島県徳島市中前川町5丁目1-213",
        "phone": "090-9627-4801",
        "website": "https://yue-tokushima.com|https://reserva.be/yuetokushima|https://vacation-stay.jp/listings/573|https://workation.app/hotels/3tnz63T8hnToV8WofuyCiP|https://www.booking.com/hotel/jp/vacation-houseyue-yue.ja.html|https://www.airbnb.jp/rooms/3783954",
        "room_count": null,
        "check_in": "14:00",
        "check_out": "11:00",
        "price": "素泊り：予約サイト参照|朝食付：予約サイト参照|夕食付：予約サイト参照|２食付：予約サイト参照",
        "source_url": "https://min88.jp/inn/8382/",
        "coordinate_source": "google_maps_embed_place"
      }
    },
    {
      "type": "Feature",
      "id": "min88-16889",
      "geometry": {
        "type": "Point",
        "coordinates": [
          134.5487529,
          34.0733065
        ]
      },
      "properties": {
        "provider": "min88",
        "source_id": "16889",
        "name": "スマイルホテル徳島",
        "lodging_type": "hotel",
        "lodging_types": "hotel",
        "business_status": null,
        "address": "徳島県徳島市元町1-24",
        "phone": "088-626-0889",
        "website": "https://smile-hotels.com/hotels/show/tokushima",
        "room_count": 138,
        "check_in": "15:00",
        "check_out": "10:00",
        "price": "素泊り：6,900円|朝食付：8,200円|夕食付：設定なし|２食付：設定なし",
        "source_url": "https://min88.jp/inn/16889/",
        "coordinate_source": "google_maps_embed_place"
      }
    },
    {
      "type": "Feature",
      "id": "min88-672",
      "geometry": {
        "type": "Point",
        "coordinates": [
          134.5469558,
          34.0690726
        ]
      },
      "properties": {
        "provider": "min88",
        "source_id": "672",
        "name": "東横INN徳島駅眉山口",
        "lodging_type": "hotel",
        "lodging_types": "hotel",
        "business_status": null,
        "address": "徳島県徳島市東大工町2-7",
        "phone": "088-626-1045",
        "website": "https://www.toyoko-inn.com/search/detail/00116/?utm_source=google&utm_medium=mybusiness",
        "room_count": null,
        "check_in": "16:00",
        "check_out": "10:00",
        "price": "素泊り：7,245円|朝食付：9,450円|夕食付：設定なし|２食付：設定なし",
        "source_url": "https://min88.jp/inn/672/",
        "coordinate_source": "google_maps_embed_place"
      }
    },
    {
      "type": "Feature",
      "id": "min88-29018",
      "geometry": {
        "type": "Point",
        "coordinates": [
          134.547081,
          34.06882
        ]
      },
      "properties": {
        "provider": "min88",
        "source_id": "29018",
        "name": "アルファホテル徳島",
        "lodging_type": "hotel",
        "lodging_types": "hotel",
        "business_status": null,
        "address": "徳島県徳島市東大工町2丁目11",
        "phone": "088-655-0222",
        "website": "https://a-hotel.jp",
        "room_count": 84,
        "check_in": "15:00-24:00",
        "check_out": "10:00",
        "price": "素泊り：6,050円|朝食付：7,040円|夕食付：設定無し|２食付：設定無し",
        "source_url": "https://min88.jp/inn/29018/",
        "coordinate_source": "google_maps_embed_place"
      }
    },
    {
      "type": "Feature",
      "id": "min88-29026",
      "geometry": {
        "type": "Point",
        "coordinates": [
          134.54722,
          34.0669246
        ]
      },
      "properties": {
        "provider": "min88",
        "source_id": "29026",
        "name": "徳島ワシントンホテルプラザ",
        "lodging_type": "hotel",
        "lodging_types": "hotel",
        "business_status": null,
        "address": "徳島県徳島市大道1丁目61-1",
        "phone": "088-653-7111",
        "website": "https://www.washingtonhotel.co.jp/whp/tokushima/",
        "room_count": 196,
        "check_in": "14:00-24:00",
        "check_out": "10:00",
        "price": "素泊り：10,000円|朝食付：12,920円|夕食付：設定無し|２食付：設定無し",
        "source_url": "https://min88.jp/inn/29026/",
        "coordinate_source": "google_maps_embed_place"
      }
    },
    {
      "type": "Feature",
      "id": "min88-16910",
      "geometry": {
        "type": "Point",
        "coordinates": [
          134.5506254,
          34.0732188
        ]
      },
      "properties": {
        "provider": "min88",
        "source_id": "16910",
        "name": "ホテルサンルート徳島",
        "lodging_type": "hotel",
        "lodging_types": "hotel",
        "business_status": null,
        "address": "徳島県徳島市元町1-5-1",
        "phone": "088-653-8111",
        "website": "https://www.sunroute-tokushima.com",
        "room_count": 239,
        "check_in": "14:00-25:30",
        "check_out": "11:00",
        "price": "素泊り：8,800円|朝食付：未確認|夕食付：未確認|２食付：未確認",
        "source_url": "https://min88.jp/inn/16910/",
        "coordinate_source": "google_maps_embed_place"
      }
    },
    {
      "type": "Feature",
      "id": "min88-16864",
      "geometry": {
        "type": "Point",
        "coordinates": [
          134.5518958,
          34.0735741
        ]
      },
      "properties": {
        "provider": "min88",
        "source_id": "16864",
        "name": "ダイワロイネットホテル徳島駅前",
        "lodging_type": "hotel",
        "lodging_types": "hotel",
        "business_status": null,
        "address": "徳島県徳島市寺島本町東3-8",
        "phone": "088-611-8455",
        "website": "https://www.daiwaroynet.jp/tokushimaekimae/",
        "room_count": 207,
        "check_in": "14:00",
        "check_out": "11:00",
        "price": "素泊り：7,790円|朝食付：8,200円|夕食付：設定なし|２食付：設定なし",
        "source_url": "https://min88.jp/inn/16864/",
        "coordinate_source": "google_maps_embed_place"
      }
    },
    {
      "type": "Feature",
      "id": "min88-16881",
      "geometry": {
        "type": "Point",
        "coordinates": [
          134.55236,
          34.072541
        ]
      },
      "properties": {
        "provider": "min88",
        "source_id": "16881",
        "name": "アパホテル 徳島駅前",
        "lodging_type": "hotel",
        "lodging_types": "hotel",
        "business_status": null,
        "address": "徳島県徳島市一番町2-21",
        "phone": "088-655-5005",
        "website": "https://www.apahotel.com/hotel/chushikoku/tokushima/tokushima-ekimae/",
        "room_count": 88,
        "check_in": "15:00",
        "check_out": "10:00",
        "price": "素泊り：6,100円|朝食付：7,080円|夕食付：設定なし|２食付：設定なし",
        "source_url": "https://min88.jp/inn/16881/",
        "coordinate_source": "google_maps_embed_place"
      }
    },
    {
      "type": "Feature",
      "id": "min88-629",
      "geometry": {
        "type": "Point",
        "coordinates": [
          134.5516533,
          34.0705702
        ]
      },
      "properties": {
        "provider": "min88",
        "source_id": "629",
        "name": "HOSTEL PAQ tokushima",
        "lodging_type": "guesthouse",
        "lodging_types": "guesthouse",
        "business_status": null,
        "address": "徳島県徳島市中通町2丁目5番",
        "phone": "088-679-8990",
        "website": "https://www.hostelpaq.com",
        "room_count": 9,
        "check_in": "15:00-22:00",
        "check_out": "10:00",
        "price": "素泊り：設定なし|朝食付：|　・男女混合ドミ 3,000円|　・個室4,500円|夕食付：設定なし|２食付：設定なし",
        "source_url": "https://min88.jp/inn/629/",
        "coordinate_source": "google_maps_embed_place"
      }
    },
    {
      "type": "Feature",
      "id": "min88-16873",
      "geometry": {
        "type": "Point",
        "coordinates": [
          134.5528902,
          34.0714166
        ]
      },
      "properties": {
        "provider": "min88",
        "source_id": "16873",
        "name": "東横ＩＮＮ徳島駅前",
        "lodging_type": "hotel",
        "lodging_types": "hotel",
        "business_status": null,
        "address": "徳島県徳島市両国本町1-5",
        "phone": "088-657-1045",
        "website": "https://www.toyoko-inn.com/search/detail/00192/",
        "room_count": 139,
        "check_in": "16:00",
        "check_out": "10:00",
        "price": "素泊り：設定なし|朝食付：7,245円|夕食付：設定なし|２食付：設定なし",
        "source_url": "https://min88.jp/inn/16873/",
        "coordinate_source": "google_maps_embed_place"
      }
    },
    {
      "type": "Feature",
      "id": "min88-674",
      "geometry": {
        "type": "Point",
        "coordinates": [
          134.5809097,
          33.9880423
        ]
      },
      "properties": {
        "provider": "min88",
        "source_id": "674",
        "name": "民宿ちば",
        "lodging_type": "guesthouse",
        "lodging_types": "guesthouse",
        "business_status": null,
        "address": "徳島県小松島市田野町字恩山寺谷21",
        "phone": "0885-33-1508",
        "website": null,
        "room_count": 6,
        "check_in": "15:00-19:00",
        "check_out": "09:00",
        "price": "素泊り：5,500円|朝食付：未確認|夕食付：未確認|２食付：8,500円",
        "source_url": "https://min88.jp/inn/674/",
        "coordinate_source": "google_maps_embed_place"
      }
    },
    {
      "type": "Feature",
      "id": "min88-609",
      "geometry": {
        "type": "Point",
        "coordinates": [
          134.600903,
          33.969264
        ]
      },
      "properties": {
        "provider": "min88",
        "source_id": "609",
        "name": "鮒の里",
        "lodging_type": "guesthouse",
        "lodging_types": "guesthouse",
        "business_status": null,
        "address": "徳島県小松島市立江町江ノ上41-1",
        "phone": "0885-37-1127",
        "website": null,
        "room_count": 7,
        "check_in": "15:00",
        "check_out": null,
        "price": "素泊り：5,000円|朝食付：未確認|夕食付：未確認|２食付：未確認",
        "source_url": "https://min88.jp/inn/609/",
        "coordinate_source": "google_maps_embed_place"
      }
    },
    {
      "type": "Feature",
      "id": "min88-676",
      "geometry": {
        "type": "Point",
        "coordinates": [
          134.6061674,
          33.9677729
        ]
      },
      "properties": {
        "provider": "min88",
        "source_id": "676",
        "name": "立江寺（宿坊）",
        "lodging_type": "temple_lodging",
        "lodging_types": "temple_lodging",
        "business_status": null,
        "address": "徳島県小松島市立江町字若松13",
        "phone": "0885-37-1019|受付時間9:00 ～ 17:00",
        "website": "https://www.tatsueji.com/stay",
        "room_count": 25,
        "check_in": "15:00-16:30",
        "check_out": "08:00",
        "price": "素泊り：6,000円|朝食付：6,500円|夕食付：7,000円|２食付：8,000円",
        "source_url": "https://min88.jp/inn/676/",
        "coordinate_source": "google_maps_embed_place"
      }
    },
    {
      "type": "Feature",
      "id": "min88-1330",
      "geometry": {
        "type": "Point",
        "coordinates": [
          134.5867252,
          33.9618315
        ]
      },
      "properties": {
        "provider": "min88",
        "source_id": "1330",
        "name": "ファンファーム",
        "lodging_type": "guesthouse",
        "lodging_types": "guesthouse",
        "business_status": null,
        "address": "徳島県小松島市櫛渕町大谷47-1",
        "phone": "090-7577-9532",
        "website": null,
        "room_count": 4,
        "check_in": "16:00",
        "check_out": "09:00",
        "price": "素泊り：4,500円|朝食付：未確認|夕食付：未確認|２食付：未確認",
        "source_url": "https://min88.jp/inn/1330/",
        "coordinate_source": "google_maps_embed_place"
      }
    },
    {
      "type": "Feature",
      "id": "min88-534",
      "geometry": {
        "type": "Point",
        "coordinates": [
          134.5773159,
          33.9510011
        ]
      },
      "properties": {
        "provider": "min88",
        "source_id": "534",
        "name": "寿康康寿菴（じゅこうこうじゅあん）",
        "lodging_type": "pilgrim_shelter",
        "lodging_types": "pilgrim_shelter",
        "business_status": null,
        "address": "徳島県小松島市櫛渕町山口３",
        "phone": "非掲載",
        "website": null,
        "room_count": 1,
        "check_in": null,
        "check_out": null,
        "price": "素泊り：無料|朝食付：設定なし|夕食付：設定なし|２食付：設定なし",
        "source_url": "https://min88.jp/inn/534/",
        "coordinate_source": "google_maps_embed_place"
      }
    },
    {
      "type": "Feature",
      "id": "min88-23665",
      "geometry": {
        "type": "Point",
        "coordinates": [
          134.5491441,
          33.9442879
        ]
      },
      "properties": {
        "provider": "min88",
        "source_id": "23665",
        "name": "きちん宿 お鶴",
        "lodging_type": "guesthouse",
        "lodging_types": "guesthouse",
        "business_status": null,
        "address": "徳島県勝浦町沼江字山田79-11",
        "phone": "090-3183-8155",
        "website": "https://kichin-oturu.crayonsite.com/",
        "room_count": 4,
        "check_in": "15:00-19:00",
        "check_out": "11:00",
        "price": "素泊り：5,000円|朝食付：5,000円（材料無料で自炊）|夕食付：未確認|２食付：8,000円",
        "source_url": "https://min88.jp/inn/23665/",
        "coordinate_source": "google_maps_embed_place"
      }
    },
    {
      "type": "Feature",
      "id": "min88-8543",
      "geometry": {
        "type": "Point",
        "coordinates": [
          134.531628,
          33.936578
        ]
      },
      "properties": {
        "provider": "min88",
        "source_id": "8543",
        "name": "民宿もみじの里",
        "lodging_type": "guesthouse",
        "lodging_types": "guesthouse",
        "business_status": null,
        "address": "徳島県勝浦郡勝浦町中角前山",
        "phone": "0885-42-3342",
        "website": "https://www.instagram.com/momijinosato/",
        "room_count": 3,
        "check_in": "15:00",
        "check_out": "09:00",
        "price": "素泊り：5,000円|朝食付：未確認|夕食付：未確認|２食付：8,000円",
        "source_url": "https://min88.jp/inn/8543/",
        "coordinate_source": "google_maps_embed_place"
      }
    },
    {
      "type": "Feature",
      "id": "min88-62170",
      "geometry": {
        "type": "Point",
        "coordinates": [
          134.5211833,
          33.9303427
        ]
      },
      "properties": {
        "provider": "min88",
        "source_id": "62170",
        "name": "へんろ宿 Sora",
        "lodging_type": "guesthouse",
        "lodging_types": "guesthouse",
        "business_status": null,
        "address": "徳島県勝浦郡勝浦町生名神ノ木2-1",
        "phone": "非公開",
        "website": "https://sites.google.com/view/henroyadosora/ホーム",
        "room_count": 2,
        "check_in": "15:00-18:00",
        "check_out": "08:00",
        "price": "素泊り：5,700円|朝食付：7,000円|夕食付：7,500円|２食付：8,800円",
        "source_url": "https://min88.jp/inn/62170/",
        "coordinate_source": "google_maps_embed_place"
      }
    },
    {
      "type": "Feature",
      "id": "min88-678",
      "geometry": {
        "type": "Point",
        "coordinates": [
          134.5205388,
          33.9301849
        ]
      },
      "properties": {
        "provider": "min88",
        "source_id": "678",
        "name": "民宿鶴風亭",
        "lodging_type": "guesthouse",
        "lodging_types": "guesthouse",
        "business_status": "closed_or_suspended",
        "address": "徳島県勝浦郡勝浦町生名字屋敷76-4",
        "phone": "0885-42-4656",
        "website": "—",
        "room_count": null,
        "check_in": "15:00",
        "check_out": null,
        "price": "素泊り：5,000円\n朝食付： —\n夕食付： —\n２食付： —",
        "source_url": "https://min88.jp/inn/678/",
        "coordinate_source": "google_maps_embed_place"
      }
    },
    {
      "type": "Feature",
      "id": "min88-5214",
      "geometry": {
        "type": "Point",
        "coordinates": [
          134.51963,
          33.92986399999999
        ]
      },
      "properties": {
        "provider": "min88",
        "source_id": "5214",
        "name": "民宿 金子や",
        "lodging_type": "guesthouse",
        "lodging_types": "guesthouse",
        "business_status": "closed_or_suspended",
        "address": "徳島県勝浦郡勝浦町生名石垣3-1",
        "phone": "0885-42-2721",
        "website": null,
        "room_count": null,
        "check_in": null,
        "check_out": null,
        "price": "素泊り：4,500円|朝食付：未確認|夕食付：未確認|２食付：6,480円",
        "source_url": "https://min88.jp/inn/5214/",
        "coordinate_source": "google_maps_embed_place"
      }
    },
    {
      "type": "Feature",
      "id": "min88-1322",
      "geometry": {
        "type": "Point",
        "coordinates": [
          134.518234,
          33.929315
        ]
      },
      "properties": {
        "provider": "min88",
        "source_id": "1322",
        "name": "みかんの宿",
        "lodging_type": "guesthouse",
        "lodging_types": "guesthouse",
        "business_status": null,
        "address": "徳島県勝浦町大字生名字北1-1",
        "phone": "090-1324-8952",
        "website": null,
        "room_count": 3,
        "check_in": "15:00",
        "check_out": "09:00",
        "price": "素泊り：5,000円|朝食付：未確認|夕食付：未確認|２食付：8,800円",
        "source_url": "https://min88.jp/inn/1322/",
        "coordinate_source": "google_maps_embed_place"
      }
    },
    {
      "type": "Feature",
      "id": "min88-65254",
      "geometry": {
        "type": "Point",
        "coordinates": [
          134.5183947,
          33.9287464
        ]
      },
      "properties": {
        "provider": "min88",
        "source_id": "65254",
        "name": "遍路宿 桜の宿",
        "lodging_type": "guesthouse",
        "lodging_types": "guesthouse",
        "business_status": null,
        "address": "徳島県勝浦郡勝浦町生名中道85-1",
        "phone": "080-4419-0376|受付時間 7:00〜20:00",
        "website": "https://sites.google.com/view/henroyadosakura/",
        "room_count": 2,
        "check_in": "15:00-18:00",
        "check_out": "07:30",
        "price": "素泊り：5,700円|朝食付：設定なし|夕食付：設定なし|２食付：設定なし",
        "source_url": "https://min88.jp/inn/65254/",
        "coordinate_source": "google_maps_embed_place"
      }
    },
    {
      "type": "Feature",
      "id": "min88-23435",
      "geometry": {
        "type": "Point",
        "coordinates": [
          134.4953721,
          33.92788
        ]
      },
      "properties": {
        "provider": "min88",
        "source_id": "23435",
        "name": "勝浦 夷の里（えびすのさと）",
        "lodging_type": "guesthouse",
        "lodging_types": "guesthouse",
        "business_status": null,
        "address": "徳島県勝浦郡勝浦町三渓字平山52-3",
        "phone": "090-1002-4923",
        "website": "https://www.instagram.com/katsuura_ebisunosato?utm_source=ig_web_button_share_sheet&igsh=ZDNlZDc0MzIxNw==",
        "room_count": 3,
        "check_in": "15:00",
        "check_out": "09:00",
        "price": "素泊り：設定なし|朝食付：5,000円|夕食付：設定なし|２食付：設定なし",
        "source_url": "https://min88.jp/inn/23435/",
        "coordinate_source": "google_maps_embed_place"
      }
    },
    {
      "type": "Feature",
      "id": "min88-1875",
      "geometry": {
        "type": "Point",
        "coordinates": [
          134.4531261,
          33.9361123
        ]
      },
      "properties": {
        "provider": "min88",
        "source_id": "1875",
        "name": "ふれあいの里さかもと",
        "lodging_type": "ryokan",
        "lodging_types": "ryokan, hotel",
        "business_status": "closed_or_suspended",
        "address": "徳島県勝浦郡勝浦町坂本宮平1",
        "phone": "0885-44-2110",
        "website": "fureainosato.net",
        "room_count": 7,
        "check_in": "15:00",
        "check_out": "10:00",
        "price": "素泊り：4,400円\n朝食付：5,170円\n夕食付：6,380円\n２食付：7,150円",
        "source_url": "https://min88.jp/inn/1875/",
        "coordinate_source": "google_maps_embed_place"
      }
    },
    {
      "type": "Feature",
      "id": "min88-571",
      "geometry": {
        "type": "Point",
        "coordinates": [
          134.5576204,
          33.9201028
        ]
      },
      "properties": {
        "provider": "min88",
        "source_id": "571",
        "name": "果樹オーナーの宿 碧（あおい）",
        "lodging_type": "guesthouse",
        "lodging_types": "guesthouse",
        "business_status": null,
        "address": "徳島県阿南市吉井町片山12",
        "phone": "0884-25-0267",
        "website": "http://aoi-kajyu.com",
        "room_count": 4,
        "check_in": "15:00-18:00",
        "check_out": "10:00",
        "price": "素泊り：6,000円|朝食付：未確認|夕食付：未確認|２食付：未確認",
        "source_url": "https://min88.jp/inn/571/",
        "coordinate_source": "google_maps_embed_place"
      }
    },
    {
      "type": "Feature",
      "id": "min88-25262",
      "geometry": {
        "type": "Point",
        "coordinates": [
          134.5015416,
          33.8630796
        ]
      },
      "properties": {
        "provider": "min88",
        "source_id": "25262",
        "name": "いやし亭 心空（こくう）",
        "lodging_type": "ryokan",
        "lodging_types": "ryokan, hotel",
        "business_status": null,
        "address": "徳島県那賀郡那賀町和食郷字田野50-1",
        "phone": "0884-63-0320",
        "website": "https://shirakuco.jp",
        "room_count": 13,
        "check_in": "14:00-19:00",
        "check_out": "06:00-10:00",
        "price": "素泊り：6,000円|朝食付：7,000円|夕食付：9,000円|２食付：10,000円",
        "source_url": "https://min88.jp/inn/25262/",
        "coordinate_source": "google_maps_embed_place"
      }
    },
    {
      "type": "Feature",
      "id": "min88-11899",
      "geometry": {
        "type": "Point",
        "coordinates": [
          134.5441267,
          33.8859219
        ]
      },
      "properties": {
        "provider": "min88",
        "source_id": "11899",
        "name": "民宿 ほたるの宿",
        "lodging_type": "guesthouse",
        "lodging_types": "guesthouse",
        "business_status": null,
        "address": "徳島県阿南市加茂町黒河22-6",
        "phone": "090-4506-4506",
        "website": null,
        "room_count": 17,
        "check_in": "13:00",
        "check_out": "06:00-09:00",
        "price": "素泊り：6,800円|朝食付：7,800円|夕食付：7,800円|２食付：8,800円",
        "source_url": "https://min88.jp/inn/11899/",
        "coordinate_source": "google_maps_embed_place"
      }
    },
    {
      "type": "Feature",
      "id": "min88-682",
      "geometry": {
        "type": "Point",
        "coordinates": [
          134.582752,
          33.8519479
        ]
      },
      "properties": {
        "provider": "min88",
        "source_id": "682",
        "name": "平等寺（宿坊）坊主の宿",
        "lodging_type": "temple_lodging",
        "lodging_types": "temple_lodging",
        "business_status": "closed_or_suspended",
        "address": "徳島県阿南市新野町秋山177",
        "phone": "0884-36-3522",
        "website": "www.byodoji.jp",
        "room_count": 3,
        "check_in": null,
        "check_out": null,
        "price": "素泊り：4,000円\n朝食付： —\n夕食付： —\n２食付：7,000円",
        "source_url": "https://min88.jp/inn/682/",
        "coordinate_source": "google_maps_embed_place"
      }
    },
    {
      "type": "Feature",
      "id": "min88-611",
      "geometry": {
        "type": "Point",
        "coordinates": [
          134.5827757,
          33.85158
        ]
      },
      "properties": {
        "provider": "min88",
        "source_id": "611",
        "name": "山茶花（さざんか）",
        "lodging_type": "guesthouse",
        "lodging_types": "guesthouse",
        "business_status": null,
        "address": "徳島県阿南市新野町秋山188-1",
        "phone": "0884-36-3701",
        "website": null,
        "room_count": 8,
        "check_in": "15:00-18:00",
        "check_out": "09:00",
        "price": "素泊り：5,000円|朝食付：未確認|夕食付：未確認|２食付：8,800円",
        "source_url": "https://min88.jp/inn/611/",
        "coordinate_source": "google_maps_embed_place"
      }
    },
    {
      "type": "Feature",
      "id": "min88-579",
      "geometry": {
        "type": "Point",
        "coordinates": [
          134.586151,
          33.8505808
        ]
      },
      "properties": {
        "provider": "min88",
        "source_id": "579",
        "name": "民泊 日の丸商店",
        "lodging_type": "guesthouse",
        "lodging_types": "guesthouse",
        "business_status": null,
        "address": "徳島県阿南市新野町馬場10-3",
        "phone": "0884-36-2017",
        "website": "https://tokushima-iju.jp/database/blog/anan/2056.html",
        "room_count": 4,
        "check_in": "15:00",
        "check_out": "10:30",
        "price": "素泊り：4,500円|朝食付：設定なし|夕食付：設定なし|２食付：設定なし",
        "source_url": "https://min88.jp/inn/579/",
        "coordinate_source": "google_maps_embed_place"
      }
    },
    {
      "type": "Feature",
      "id": "min88-575",
      "geometry": {
        "type": "Point",
        "coordinates": [
          134.578883,
          33.8476233
        ]
      },
      "properties": {
        "provider": "min88",
        "source_id": "575",
        "name": "民泊パンダヤ",
        "lodging_type": "guesthouse",
        "lodging_types": "guesthouse",
        "business_status": null,
        "address": "徳島県阿南市新野町宮ノ北36",
        "phone": "090-1573-6581",
        "website": null,
        "room_count": 4,
        "check_in": "14:00-19:00",
        "check_out": "05:00-09:00",
        "price": "素泊り：5,000円|朝食付：未確認|夕食付：未確認|２食付：8,000円",
        "source_url": "https://min88.jp/inn/575/",
        "coordinate_source": "google_maps_embed_place"
      }
    },
    {
      "type": "Feature",
      "id": "min88-187",
      "geometry": {
        "type": "Point",
        "coordinates": [
          134.5881872,
          33.8386953
        ]
      },
      "properties": {
        "provider": "min88",
        "source_id": "187",
        "name": "体験民泊とまこ",
        "lodging_type": "guesthouse",
        "lodging_types": "guesthouse",
        "business_status": null,
        "address": "徳島県阿南市新野町片山142-1",
        "phone": "080-3836-2028",
        "website": "https://tomako2020.localinfo.jp/",
        "room_count": 3,
        "check_in": "15:00-20:00",
        "check_out": "06:00-10:00",
        "price": "素泊り：5,500円|朝食付：設定なし|夕食付：設定なし|２食付：設定なし",
        "source_url": "https://min88.jp/inn/187/",
        "coordinate_source": "google_maps_embed_place"
      }
    },
    {
      "type": "Feature",
      "id": "min88-25609",
      "geometry": {
        "type": "Point",
        "coordinates": [
          134.5904172,
          33.77143909999999
        ]
      },
      "properties": {
        "provider": "min88",
        "source_id": "25609",
        "name": "橋本屋旅館",
        "lodging_type": "ryokan",
        "lodging_types": "ryokan, hotel",
        "business_status": null,
        "address": "徳島県海部郡美波町西由岐西74-1",
        "phone": "0884-78-0033",
        "website": "https://r.goope.jp/hasimotoyaryokan/",
        "room_count": null,
        "check_in": "15:00",
        "check_out": "10:00",
        "price": "素泊り：未確認|朝食付：未確認|夕食付：未確認|２食付：7,560円",
        "source_url": "https://min88.jp/inn/25609/",
        "coordinate_source": "google_maps_embed_place"
      }
    },
    {
      "type": "Feature",
      "id": "min88-581",
      "geometry": {
        "type": "Point",
        "coordinates": [
          134.5903486,
          33.7696121
        ]
      },
      "properties": {
        "provider": "min88",
        "source_id": "581",
        "name": "民宿ゆき荘",
        "lodging_type": "guesthouse",
        "lodging_types": "guesthouse",
        "business_status": null,
        "address": "徳島県海部郡美波町西由岐字愛宕山13-19",
        "phone": "0884-78-0513",
        "website": "https://r.goope.jp/yukiso",
        "room_count": 5,
        "check_in": "15:00",
        "check_out": "09:30",
        "price": "素泊り：5,000円|朝食付：6,000円|夕食付：未確認|２食付：9,500円〜",
        "source_url": "https://min88.jp/inn/581/",
        "coordinate_source": "google_maps_embed_place"
      }
    },
    {
      "type": "Feature",
      "id": "min88-686",
      "geometry": {
        "type": "Point",
        "coordinates": [
          134.5856571,
          33.7728178
        ]
      },
      "properties": {
        "provider": "min88",
        "source_id": "686",
        "name": "明山荘",
        "lodging_type": "guesthouse",
        "lodging_types": "guesthouse",
        "business_status": null,
        "address": "徳島県海部郡美波町田井82-9",
        "phone": "0884-78-1717",
        "website": "https://r.goope.jp/meizanso/",
        "room_count": 7,
        "check_in": "15:00",
        "check_out": "10:00",
        "price": "素泊り：5,500円|朝食付：6,600円|夕食付：未確認|２食付：9,900円",
        "source_url": "https://min88.jp/inn/686/",
        "coordinate_source": "google_maps_embed_place"
      }
    },
    {
      "type": "Feature",
      "id": "min88-688",
      "geometry": {
        "type": "Point",
        "coordinates": [
          134.5772021,
          33.7689811
        ]
      },
      "properties": {
        "provider": "min88",
        "source_id": "688",
        "name": "グリーンハウス樹園",
        "lodging_type": "guesthouse",
        "lodging_types": "guesthouse",
        "business_status": null,
        "address": "徳島県海部郡美波町田井834-5",
        "phone": "0884-78-1695",
        "website": "http://juenjetkh211.g3.xrea.com",
        "room_count": 7,
        "check_in": "16:00",
        "check_out": "10:00",
        "price": "素泊り：5,000円|朝食付：未確認|夕食付：未確認|２食付：8,000円",
        "source_url": "https://min88.jp/inn/688/",
        "coordinate_source": "google_maps_embed_place"
      }
    },
    {
      "type": "Feature",
      "id": "min88-25615",
      "geometry": {
        "type": "Point",
        "coordinates": [
          134.5572249,
          33.7474628
        ]
      },
      "properties": {
        "provider": "min88",
        "source_id": "25615",
        "name": "農家民宿クニ舛田",
        "lodging_type": "guesthouse",
        "lodging_types": "guesthouse",
        "business_status": null,
        "address": "徳島県海部郡美波町恵比須浜字田井218",
        "phone": "090-4503-9636|受付時間 8:30〜21:00",
        "website": "https://www.kuni-masuda.com/",
        "room_count": 4,
        "check_in": "15:00-20:00",
        "check_out": "05:00-09:00",
        "price": "素泊り：5,500円|朝食付：6,600円|夕食付：7,700円|２食付：8,800円",
        "source_url": "https://min88.jp/inn/25615/",
        "coordinate_source": "google_maps_embed_place"
      }
    },
    {
      "type": "Feature",
      "id": "min88-516",
      "geometry": {
        "type": "Point",
        "coordinates": [
          134.5556467,
          33.7421209
        ]
      },
      "properties": {
        "provider": "min88",
        "source_id": "516",
        "name": "恵比須浜キャンプ村",
        "lodging_type": "campground",
        "lodging_types": "campground",
        "business_status": null,
        "address": "徳島県海部郡美波町恵比須浜",
        "phone": "0884-77-1016|(ご予約：大林)|受付時間：17:00～20:30",
        "website": "https://ebisuhama.web.fc2.com/index.html",
        "room_count": null,
        "check_in": "14:00",
        "check_out": "12:00",
        "price": "素泊り：|　・施設使用料：200円|　・持込テント：300円|朝食付：設定なし|夕食付：設定なし|２食付：設定なし",
        "source_url": "https://min88.jp/inn/516/",
        "coordinate_source": "google_maps_embed_place"
      }
    },
    {
      "type": "Feature",
      "id": "min88-530",
      "geometry": {
        "type": "Point",
        "coordinates": [
          134.5364188,
          33.7342279
        ]
      },
      "properties": {
        "provider": "min88",
        "source_id": "530",
        "name": "民宿弘陽荘",
        "lodging_type": "guesthouse",
        "lodging_types": "guesthouse",
        "business_status": null,
        "address": "徳島県海部郡美波町奥河内本村70",
        "phone": "0884-77-1006",
        "website": null,
        "room_count": null,
        "check_in": "15:00-19:00",
        "check_out": "09:00",
        "price": "素泊り：3,900円|朝食付：未確認|夕食付：未確認|２食付：未確認",
        "source_url": "https://min88.jp/inn/530/",
        "coordinate_source": "google_maps_embed_place"
      }
    },
    {
      "type": "Feature",
      "id": "min88-1324",
      "geometry": {
        "type": "Point",
        "coordinates": [
          134.5333526,
          33.7348917
        ]
      },
      "properties": {
        "provider": "min88",
        "source_id": "1324",
        "name": "Ｂ＆Ｂ ｍ4（エムノヨンジョウ）",
        "lodging_type": "guesthouse",
        "lodging_types": "guesthouse",
        "business_status": null,
        "address": "徳島県美波町奥河内字本村171",
        "phone": "0884-70-1642",
        "website": "https://bandbm4.wixsite.com/bandbm4",
        "room_count": 2,
        "check_in": "15:00",
        "check_out": "10:00",
        "price": "素泊り：4,500円|朝食付：5,000円|夕食付：設定なし|２食付：設定なし",
        "source_url": "https://min88.jp/inn/1324/",
        "coordinate_source": "google_maps_embed_place"
      }
    },
    {
      "type": "Feature",
      "id": "min88-521",
      "geometry": {
        "type": "Point",
        "coordinates": [
          134.5321888,
          33.7320523
        ]
      },
      "properties": {
        "provider": "min88",
        "source_id": "521",
        "name": "Guesthouseさくら庵",
        "lodging_type": "guesthouse",
        "lodging_types": "guesthouse",
        "business_status": null,
        "address": "徳島県海部郡美波町奥河内寺前114-6",
        "phone": "080-7817-2258",
        "website": null,
        "room_count": 6,
        "check_in": "16:00",
        "check_out": null,
        "price": "素泊り：|　・2人部屋（ベッド）3,800円|　・4人部屋（布団）3,800円|朝食付：＋300円|夕食付：未確認|２食付：未確認",
        "source_url": "https://min88.jp/inn/521/",
        "coordinate_source": "google_maps_embed_place"
      }
    },
    {
      "type": "Feature",
      "id": "min88-526",
      "geometry": {
        "type": "Point",
        "coordinates": [
          134.5340695,
          33.7328768
        ]
      },
      "properties": {
        "provider": "min88",
        "source_id": "526",
        "name": "お宿日和佐",
        "lodging_type": "guesthouse",
        "lodging_types": "guesthouse",
        "business_status": null,
        "address": "徳島県海部郡美波町奥河内本村148-1",
        "phone": "080-9830-3920|受付時間 : 10:00〜21:00",
        "website": "http://oyadohiwasa.com",
        "room_count": 3,
        "check_in": "16:00",
        "check_out": "10:00",
        "price": "素泊り：5,000円|朝食付：未確認|夕食付：未確認|２食付：未確認",
        "source_url": "https://min88.jp/inn/526/",
        "coordinate_source": "google_maps_embed_place"
      }
    },
    {
      "type": "Feature",
      "id": "min88-523",
      "geometry": {
        "type": "Point",
        "coordinates": [
          134.5317055,
          33.7322752
        ]
      },
      "properties": {
        "provider": "min88",
        "source_id": "523",
        "name": "きよ美旅館",
        "lodging_type": "guesthouse",
        "lodging_types": "guesthouse",
        "business_status": null,
        "address": "徳島県海部郡美波町奥河内字寺前112",
        "phone": "0884-77-0550",
        "website": null,
        "room_count": 4,
        "check_in": "15:00",
        "check_out": "10:00",
        "price": "素泊り：5,000円|朝食付：未確認|夕食付：未確認|２食付：未確認",
        "source_url": "https://min88.jp/inn/523/",
        "coordinate_source": "google_maps_embed_place"
      }
    },
    {
      "type": "Feature",
      "id": "min88-842",
      "geometry": {
        "type": "Point",
        "coordinates": [
          134.5322083,
          33.7323002
        ]
      },
      "properties": {
        "provider": "min88",
        "source_id": "842",
        "name": "壱 THE HOSTEL",
        "lodging_type": "guesthouse",
        "lodging_types": "guesthouse",
        "business_status": null,
        "address": "徳島県海部郡美波町奥河内字寺前114-8",
        "phone": "0884-70-1654",
        "website": "https://ichithehostel.com/",
        "room_count": null,
        "check_in": "15:00-20:00",
        "check_out": "11:00",
        "price": "素泊り：|　・ドミトリールーム（男女兼用）：4,000円|　・ドミトリールーム（女性専用）：4,400円|　・一部屋貸：11,000円|朝食付：設定なし|夕食付：設定なし|２食付：設定なし",
        "source_url": "https://min88.jp/inn/842/",
        "coordinate_source": "google_maps_embed_place"
      }
    },
    {
      "type": "Feature",
      "id": "min88-528",
      "geometry": {
        "type": "Point",
        "coordinates": [
          134.5310904,
          33.7289284
        ]
      },
      "properties": {
        "provider": "min88",
        "source_id": "528",
        "name": "ビジネスホテル・ケアンズ",
        "lodging_type": "hotel",
        "lodging_types": "hotel",
        "business_status": null,
        "address": "徳島県海部郡美波町奥河内弁才天75-18",
        "phone": "0884-77-1211|AM6:00～PM9:00",
        "website": "https://hotel-cairns.net",
        "room_count": null,
        "check_in": null,
        "check_out": null,
        "price": "素泊り：|　・シングル4,800円|　・ツイン(2人)8,500円|朝食付：設定なし|夕食付：設定なし|２食付：設定なし",
        "source_url": "https://min88.jp/inn/528/",
        "coordinate_source": "google_maps_embed_place"
      }
    },
    {
      "type": "Feature",
      "id": "min88-690",
      "geometry": {
        "type": "Point",
        "coordinates": [
          134.5285858,
          33.7318219
        ]
      },
      "properties": {
        "provider": "min88",
        "source_id": "690",
        "name": "薬王寺（宿坊）薬師会館",
        "lodging_type": "temple_lodging",
        "lodging_types": "temple_lodging",
        "business_status": "closed_or_suspended",
        "address": "徳島県海部郡美波町奥河内寺前256-7",
        "phone": "0884-77-1138",
        "website": "—",
        "room_count": 15,
        "check_in": "15:00",
        "check_out": "09:00",
        "price": "素泊り： —\n朝食付： —\n夕食付： —\n２食付： —",
        "source_url": "https://min88.jp/inn/690/",
        "coordinate_source": "google_maps_embed_place"
      }
    },
    {
      "type": "Feature",
      "id": "min88-8629",
      "geometry": {
        "type": "Point",
        "coordinates": [
          134.4273427,
          33.6891518
        ]
      },
      "properties": {
        "provider": "min88",
        "source_id": "8629",
        "name": "牟岐へんろ宿 南天",
        "lodging_type": "guesthouse",
        "lodging_types": "guesthouse",
        "business_status": null,
        "address": "徳島県海部郡牟岐町大字河内189",
        "phone": "090-4026-5889|受付：午後",
        "website": "https://yadonanten.com",
        "room_count": 1,
        "check_in": "15:00",
        "check_out": null,
        "price": "素泊り：5,000円|朝食付：設定なし|夕食付：設定なし|２食付：設定なし",
        "source_url": "https://min88.jp/inn/8629/",
        "coordinate_source": "google_maps_embed_place"
      }
    },
    {
      "type": "Feature",
      "id": "min88-518",
      "geometry": {
        "type": "Point",
        "coordinates": [
          134.420725,
          33.670459
        ]
      },
      "properties": {
        "provider": "min88",
        "source_id": "518",
        "name": "民宿杉本",
        "lodging_type": "guesthouse",
        "lodging_types": "guesthouse",
        "business_status": null,
        "address": "徳島県海部郡牟岐町中村本村85-3",
        "phone": "0884-72-0237",
        "website": null,
        "room_count": null,
        "check_in": null,
        "check_out": null,
        "price": "素泊り：3,675円|朝食付：4,200円|夕食付：未確認|２食付：6,300円",
        "source_url": "https://min88.jp/inn/518/",
        "coordinate_source": "google_maps_embed_place"
      }
    },
    {
      "type": "Feature",
      "id": "min88-692",
      "geometry": {
        "type": "Point",
        "coordinates": [
          134.4030339,
          33.6608544
        ]
      },
      "properties": {
        "provider": "min88",
        "source_id": "692",
        "name": "民宿しらきや",
        "lodging_type": "guesthouse",
        "lodging_types": "guesthouse",
        "business_status": null,
        "address": "徳島県海部郡牟岐町白木68-2",
        "phone": "0884-72-0788",
        "website": "http://shirakiya-mugi.com",
        "room_count": 4,
        "check_in": "15:00",
        "check_out": "10:00",
        "price": "素泊り：6,050円|朝食付：7,150円|夕食付：未確認|２食付：11,000円|※休前日+1,000円UP",
        "source_url": "https://min88.jp/inn/692/",
        "coordinate_source": "google_maps_embed_place"
      }
    },
    {
      "type": "Feature",
      "id": "min88-694",
      "geometry": {
        "type": "Point",
        "coordinates": [
          134.4004353,
          33.6593297
        ]
      },
      "properties": {
        "provider": "min88",
        "source_id": "694",
        "name": "内妻荘",
        "lodging_type": "ryokan",
        "lodging_types": "ryokan, hotel",
        "business_status": null,
        "address": "徳島県海部郡牟岐町大字内妻字丸山3",
        "phone": "0884-72-1674",
        "website": null,
        "room_count": 7,
        "check_in": "15:00",
        "check_out": "10:00",
        "price": "素泊り：5,500円|朝食付：未確認|夕食付：未確認|２食付：7,700円",
        "source_url": "https://min88.jp/inn/694/",
        "coordinate_source": "google_maps_embed_place"
      }
    },
    {
      "type": "Feature",
      "id": "min88-10443",
      "geometry": {
        "type": "Point",
        "coordinates": [
          134.3852303,
          33.6477592
        ]
      },
      "properties": {
        "provider": "min88",
        "source_id": "10443",
        "name": "鯖大師本坊（宿坊）",
        "lodging_type": "temple_lodging",
        "lodging_types": "temple_lodging",
        "business_status": "closed_or_suspended",
        "address": "徳島県海部郡海陽町浅川字中相15",
        "phone": "0884-73-0743\n受付時間 9:00〜16:00",
        "website": "www.sabadaishihonbou.jp",
        "room_count": 10,
        "check_in": null,
        "check_out": null,
        "price": "素泊り： —\n朝食付： —\n夕食付： —\n２食付：7,200円",
        "source_url": "https://min88.jp/inn/10443/",
        "coordinate_source": "google_maps_embed_place"
      }
    },
    {
      "type": "Feature",
      "id": "min88-583",
      "geometry": {
        "type": "Point",
        "coordinates": [
          134.3854365,
          33.6436231
        ]
      },
      "properties": {
        "provider": "min88",
        "source_id": "583",
        "name": "海山荘",
        "lodging_type": "guesthouse",
        "lodging_types": "guesthouse",
        "business_status": null,
        "address": "徳島県海部郡海陽町浅川鯖瀬口24-11",
        "phone": "0884-73-1326",
        "website": null,
        "room_count": 6,
        "check_in": "16:00",
        "check_out": null,
        "price": "素泊り：未確認|朝食付：未確認|夕食付：未確認|２食付：5,076円",
        "source_url": "https://min88.jp/inn/583/",
        "coordinate_source": "google_maps_embed_place"
      }
    },
    {
      "type": "Feature",
      "id": "min88-696",
      "geometry": {
        "type": "Point",
        "coordinates": [
          134.3809579,
          33.6403378
        ]
      },
      "properties": {
        "provider": "min88",
        "source_id": "696",
        "name": "大砂荘",
        "lodging_type": "guesthouse",
        "lodging_types": "guesthouse",
        "business_status": null,
        "address": "徳島県海部郡海陽町浅川大砂4-7",
        "phone": "0884-73-0505",
        "website": "https://oozunasou.amebaownd.com",
        "room_count": 6,
        "check_in": "16:00",
        "check_out": "10:00",
        "price": "素泊り：4,400円|朝食付：未確認|夕食付：未確認|２食付：8,200円",
        "source_url": "https://min88.jp/inn/696/",
        "coordinate_source": "google_maps_embed_place"
      }
    },
    {
      "type": "Feature",
      "id": "min88-698",
      "geometry": {
        "type": "Point",
        "coordinates": [
          134.3776363,
          33.6392299
        ]
      },
      "properties": {
        "provider": "min88",
        "source_id": "698",
        "name": "民宿大砂",
        "lodging_type": "guesthouse",
        "lodging_types": "guesthouse",
        "business_status": null,
        "address": "徳島県海部郡海陽町浅川大砂19-9",
        "phone": "0884-70-1265",
        "website": "https://www.kaiyo-kankou.jp/index.php/staying2/minnsyukuoozuna",
        "room_count": 4,
        "check_in": "16:00-22:00",
        "check_out": "10:00",
        "price": "素泊り：4,400円|朝食付：5,400円|夕食付：7,200円|２食付：8,200円",
        "source_url": "https://min88.jp/inn/698/",
        "coordinate_source": "google_maps_embed_place"
      }
    },
    {
      "type": "Feature",
      "id": "min88-701",
      "geometry": {
        "type": "Point",
        "coordinates": [
          134.353964,
          33.6000876
        ]
      },
      "properties": {
        "provider": "min88",
        "source_id": "701",
        "name": "ゲストハウスふくちゃん（民泊ふくちゃん）",
        "lodging_type": "guesthouse",
        "lodging_types": "guesthouse",
        "business_status": null,
        "address": "徳島県海部郡海陽町大里上中須43-2",
        "phone": "0884-73-0033",
        "website": null,
        "room_count": 2,
        "check_in": "16:00",
        "check_out": "10:00",
        "price": "素泊り：(A)4,000円、(B)4,800円|朝食付：(A)5,000円、(B)5,800円|夕食付：設定なし|２食付：設定なし|・アーリーチェックイン13:00より：1,000円|・レイトチェックアウト12:00まで：1,000円",
        "source_url": "https://min88.jp/inn/701/",
        "coordinate_source": "google_maps_embed_place"
      }
    },
    {
      "type": "Feature",
      "id": "min88-25618",
      "geometry": {
        "type": "Point",
        "coordinates": [
          134.3530001,
          33.5993625
        ]
      },
      "properties": {
        "provider": "min88",
        "source_id": "25618",
        "name": "民泊Blue Garden",
        "lodging_type": "guesthouse",
        "lodging_types": "guesthouse",
        "business_status": null,
        "address": "徳島県海部郡海陽町大里字松ノ本38-3",
        "phone": "050-5444-6620",
        "website": "https://hb.afl.rakuten.co.jp/hgc/0d275e50.fa31ae93.0d275e51.0ddec40e/?pc=https%3A%2F%2Ftravel.rakuten.co.jp%2FHOTEL%2F170445%2F170445.html%3Fcid%3Dtr_af_1632&link_type=hybrid_url&ut=eyJwYWdlIjoiaXRlbSIsInR5cGUiOiJoeWJyaWRfdXJsIiwic2l6ZSI6IjEwMHgxMDAiLCJuYW0iOjEsIm5hbXAiOiJyaWdodCIsImNvbSI6MSwiY29tcCI6ImRvd24iLCJwcmljZSI6MSwiYm9yIjoxLCJjb2wiOjEsImJidG4iOjEsInByb2QiOjAsImFtcCI6ZmFsc2V9",
        "room_count": 1,
        "check_in": "16:00-21:00",
        "check_out": "10:00",
        "price": "素泊り：4,060円|朝食付：未確認|夕食付：未確認|２食付：未確認",
        "source_url": "https://min88.jp/inn/25618/",
        "coordinate_source": "google_maps_embed_place"
      }
    },
    {
      "type": "Feature",
      "id": "min88-25621",
      "geometry": {
        "type": "Point",
        "coordinates": [
          134.356208,
          33.5938636
        ]
      },
      "properties": {
        "provider": "min88",
        "source_id": "25621",
        "name": "生本旅館（いくもと）",
        "lodging_type": "ryokan",
        "lodging_types": "ryokan, hotel",
        "business_status": null,
        "address": "徳島県海部郡海陽町奥浦字町内171-1",
        "phone": "0884-73-1350",
        "website": "https://www.kaiyo-kankou.jp/spots/spots-1625/",
        "room_count": 9,
        "check_in": null,
        "check_out": null,
        "price": "素泊り：4,400円|朝食付：未確認|夕食付：未確認|２食付：8,000円",
        "source_url": "https://min88.jp/inn/25621/",
        "coordinate_source": "google_maps_embed_place"
      }
    },
    {
      "type": "Feature",
      "id": "min88-25624",
      "geometry": {
        "type": "Point",
        "coordinates": [
          134.3558981,
          33.5943755
        ]
      },
      "properties": {
        "provider": "min88",
        "source_id": "25624",
        "name": "宿 あさま屋",
        "lodging_type": "ryokan",
        "lodging_types": "ryokan, hotel",
        "business_status": null,
        "address": "徳島県海部郡海陽町奥浦町内163",
        "phone": "0884-73-4016",
        "website": "https://asama-ya.com",
        "room_count": 3,
        "check_in": null,
        "check_out": null,
        "price": "素泊り：4,000円|朝食付：未確認|夕食付：未確認|２食付：未確認",
        "source_url": "https://min88.jp/inn/25624/",
        "coordinate_source": "google_maps_embed_place"
      }
    },
    {
      "type": "Feature",
      "id": "min88-703",
      "geometry": {
        "type": "Point",
        "coordinates": [
          134.3532765,
          33.5940716
        ]
      },
      "properties": {
        "provider": "min88",
        "source_id": "703",
        "name": "ホテル宿かいふ",
        "lodging_type": "ryokan",
        "lodging_types": "ryokan, hotel",
        "business_status": null,
        "address": "徳島県海部郡海陽町奥浦字西分22-1",
        "phone": "090-4504-6002",
        "website": null,
        "room_count": 14,
        "check_in": "15:00-21:00",
        "check_out": "10:00",
        "price": "素泊り：5,500円|朝食付：※|夕食付：※|２食付：※||※：お食事は人手不足の為、その都度ご連絡ください。|お弁当プランは常に用意しております。",
        "source_url": "https://min88.jp/inn/703/",
        "coordinate_source": "google_maps_embed_place"
      }
    },
    {
      "type": "Feature",
      "id": "min88-484",
      "geometry": {
        "type": "Point",
        "coordinates": [
          134.3531615,
          33.5871363
        ]
      },
      "properties": {
        "provider": "min88",
        "source_id": "484",
        "name": "漁火の森公園キャンプ場",
        "lodging_type": "campground",
        "lodging_types": "campground",
        "business_status": null,
        "address": "徳島県海部郡海陽町奥浦鹿ケ谷58-3",
        "phone": "0884-73-0300",
        "website": null,
        "room_count": null,
        "check_in": "11:00",
        "check_out": "10:00",
        "price": "素泊り：1泊：2,000円|朝食付：設定なし|夕食付：設定なし|２食付：設定なし",
        "source_url": "https://min88.jp/inn/484/",
        "coordinate_source": "google_maps_embed_place"
      }
    },
    {
      "type": "Feature",
      "id": "min88-310",
      "geometry": {
        "type": "Point",
        "coordinates": [
          134.3539037,
          33.5880333
        ]
      },
      "properties": {
        "provider": "min88",
        "source_id": "310",
        "name": "ふれあいの宿遊遊NASA",
        "lodging_type": "ryokan",
        "lodging_types": "ryokan, hotel",
        "business_status": null,
        "address": "徳島県海部郡海陽町奥浦鹿ケ谷58-3",
        "phone": "0884-73-0300",
        "website": "https://uu-nasa.co.jp",
        "room_count": 16,
        "check_in": "15:00",
        "check_out": "11:00",
        "price": "素泊り：10,070円〜|朝食付：11,020円〜|夕食付：11,970円〜|２食付：12,920円〜",
        "source_url": "https://min88.jp/inn/310/",
        "coordinate_source": "google_maps_embed_place"
      }
    },
    {
      "type": "Feature",
      "id": "min88-706",
      "geometry": {
        "type": "Point",
        "coordinates": [
          134.3258084,
          33.5821133
        ]
      },
      "properties": {
        "provider": "min88",
        "source_id": "706",
        "name": "波流月ゲストハウス（はりゅうげつ）",
        "lodging_type": "guesthouse",
        "lodging_types": "guesthouse",
        "business_status": null,
        "address": "徳島県海部郡海陽町宍喰浦那佐189-8",
        "phone": "080-6377-0011",
        "website": "http://guesthouse.haryugetu.net",
        "room_count": 5,
        "check_in": "16:00-21:00",
        "check_out": "10:00",
        "price": "素泊り：4,400円|朝食付：未確認|夕食付：未確認|２食付：6,600円",
        "source_url": "https://min88.jp/inn/706/",
        "coordinate_source": "google_maps_embed_place"
      }
    },
    {
      "type": "Feature",
      "id": "min88-710",
      "geometry": {
        "type": "Point",
        "coordinates": [
          134.313948,
          33.582073
        ]
      },
      "properties": {
        "provider": "min88",
        "source_id": "710",
        "name": "ロッジ那佐",
        "lodging_type": "guesthouse",
        "lodging_types": "guesthouse",
        "business_status": null,
        "address": "徳島県海部郡海陽町宍喰浦那佐328",
        "phone": "0884-76-2081|受付：9:00〜19:00",
        "website": "https://lodgenasa.jimdofree.com",
        "room_count": null,
        "check_in": "15:00",
        "check_out": "10:00",
        "price": "素泊り：ロッジ1棟貸し（ツインベッド）|　・1名様利用： 7,000円（税別）|　・2名様利用：14,000円（税別）|朝食付：設定なし|夕食付：設定なし|２食付：設定なし",
        "source_url": "https://min88.jp/inn/710/",
        "coordinate_source": "google_maps_embed_place"
      }
    },
    {
      "type": "Feature",
      "id": "min88-5298",
      "geometry": {
        "type": "Point",
        "coordinates": [
          134.3082734,
          33.5763335
        ]
      },
      "properties": {
        "provider": "min88",
        "source_id": "5298",
        "name": "はるる亭",
        "lodging_type": "ryokan",
        "lodging_types": "ryokan, hotel",
        "business_status": null,
        "address": "徳島県海部郡海陽町久保板取230-1",
        "phone": "0884-76-2282",
        "website": "https://harurutei.com",
        "room_count": 10,
        "check_in": "15:00-21:00",
        "check_out": "09:00",
        "price": "素泊り：5,000円〜5,500円|朝食付：5,660円〜6,160円|夕食付：未確認|２食付：8,300円〜8,800円",
        "source_url": "https://min88.jp/inn/5298/",
        "coordinate_source": "google_maps_embed_place"
      }
    },
    {
      "type": "Feature",
      "id": "min88-1878",
      "geometry": {
        "type": "Point",
        "coordinates": [
          134.3083975,
          33.5719077
        ]
      },
      "properties": {
        "provider": "min88",
        "source_id": "1878",
        "name": "PAVILION SURF & LODGE",
        "lodging_type": "guesthouse",
        "lodging_types": "guesthouse",
        "business_status": null,
        "address": "徳島県海部郡海陽町宍喰浦字松原215-1",
        "phone": "0884-76-3277",
        "website": "http://www.pavilion-surf.com/",
        "room_count": 6,
        "check_in": "14:00-19:00",
        "check_out": "10:00",
        "price": "素泊り：4,000円|朝食付：設定なし|夕食付：設定なし|２食付：設定なし",
        "source_url": "https://min88.jp/inn/1878/",
        "coordinate_source": "google_maps_embed_place"
      }
    },
    {
      "type": "Feature",
      "id": "min88-16759",
      "geometry": {
        "type": "Point",
        "coordinates": [
          134.3071287,
          33.5685346
        ]
      },
      "properties": {
        "provider": "min88",
        "source_id": "16759",
        "name": "ホテルリビエラししくい",
        "lodging_type": "ryokan",
        "lodging_types": "ryokan, hotel",
        "business_status": null,
        "address": "徳島県海部郡海陽町松原226-1",
        "phone": "0884-76-3300",
        "website": "http://hotel-riviera.co.jp",
        "room_count": 28,
        "check_in": "15:00",
        "check_out": "11:00",
        "price": "素泊り：9,400円|朝食付：10,400円|夕食付：未確認|２食付：12,400円",
        "source_url": "https://min88.jp/inn/16759/",
        "coordinate_source": "google_maps_embed_place"
      }
    },
    {
      "type": "Feature",
      "id": "min88-1880",
      "geometry": {
        "type": "Point",
        "coordinates": [
          134.3043355,
          33.5642993
        ]
      },
      "properties": {
        "provider": "min88",
        "source_id": "1880",
        "name": "お宿・キッチンみつ佳",
        "lodging_type": "guesthouse",
        "lodging_types": "guesthouse",
        "business_status": null,
        "address": "徳島県海部郡海陽町宍喰浦宍喰145",
        "phone": "0884-70-1509",
        "website": "https://mitsuka-shishikui.com",
        "room_count": 2,
        "check_in": "16:00",
        "check_out": "10:00",
        "price": "素泊り：未確認|朝食付：6,600円|夕食付：未確認|２食付：11,000円",
        "source_url": "https://min88.jp/inn/1880/",
        "coordinate_source": "google_maps_embed_place"
      }
    },
    {
      "type": "Feature",
      "id": "min88-14776",
      "geometry": {
        "type": "Point",
        "coordinates": [
          134.3030809,
          33.5658378
        ]
      },
      "properties": {
        "provider": "min88",
        "source_id": "14776",
        "name": "愛宕旅館",
        "lodging_type": "ryokan",
        "lodging_types": "ryokan, hotel",
        "business_status": null,
        "address": "徳島県海部郡海陽町宍喰浦宍喰358-4",
        "phone": "0884-76-2037",
        "website": "http://wwwa.pikara.ne.jp/atago/",
        "room_count": 7,
        "check_in": "14:00",
        "check_out": "10:00",
        "price": "素泊り：3,000円〜3,500円|朝食付：設定なし|夕食付：設定なし|２食付：設定なし|（1人で1室を希望の場合上記料金プラス500円）",
        "source_url": "https://min88.jp/inn/14776/",
        "coordinate_source": "google_maps_embed_place"
      }
    },
    {
      "type": "Feature",
      "id": "min88-5306",
      "geometry": {
        "type": "Point",
        "coordinates": [
          134.308529,
          33.558759
        ]
      },
      "properties": {
        "provider": "min88",
        "source_id": "5306",
        "name": "民宿えびす",
        "lodging_type": "guesthouse",
        "lodging_types": "guesthouse",
        "business_status": null,
        "address": "徳島県海部郡海陽町宍喰浦正梶188-19",
        "phone": "0884-76-2769",
        "website": "http://wwwb.pikara.ne.jp/ebisu/",
        "room_count": 6,
        "check_in": "15:00-19:00",
        "check_out": "10:00",
        "price": "素泊り：4,700円|朝食付：5,400円|夕食付：未確認|２食付：7,700円",
        "source_url": "https://min88.jp/inn/5306/",
        "coordinate_source": "google_maps_embed_place"
      }
    },
    {
      "type": "Feature",
      "id": "min88-25627",
      "geometry": {
        "type": "Point",
        "coordinates": [
          134.304235,
          33.561397
        ]
      },
      "properties": {
        "provider": "min88",
        "source_id": "25627",
        "name": "民宿ぬしま",
        "lodging_type": "guesthouse",
        "lodging_types": "guesthouse",
        "business_status": null,
        "address": "徳島県海部郡海陽町宍喰浦字正梶176-4",
        "phone": "0884-76-2885",
        "website": "https://www.kaiyo-kankou.jp/spots/spots-1673/",
        "room_count": 8,
        "check_in": null,
        "check_out": null,
        "price": "素泊り：3,500円|朝食付：未確認|夕食付：未確認|２食付：6,000円",
        "source_url": "https://min88.jp/inn/25627/",
        "coordinate_source": "google_maps_embed_place"
      }
    },
    {
      "type": "Feature",
      "id": "min88-486",
      "geometry": {
        "type": "Point",
        "coordinates": [
          134.2957484,
          33.5432301
        ]
      },
      "properties": {
        "provider": "min88",
        "source_id": "486",
        "name": "白浜キャンプ場",
        "lodging_type": "campground",
        "lodging_types": "campground",
        "business_status": null,
        "address": "高知県安芸郡東洋町白浜88-3",
        "phone": "0887-29-3395",
        "website": "http://www.town.toyo.kochi.jp/contents/info0062.html",
        "room_count": null,
        "check_in": null,
        "check_out": null,
        "price": "素泊り：1泊2日：1,680円（1区画）|朝食付：設定なし|夕食付：設定なし|２食付：設定なし",
        "source_url": "https://min88.jp/inn/486/",
        "coordinate_source": "google_maps_embed_place"
      }
    },
    {
      "type": "Feature",
      "id": "min88-13619",
      "geometry": {
        "type": "Point",
        "coordinates": [
          134.2946003,
          33.5453306
        ]
      },
      "properties": {
        "provider": "min88",
        "source_id": "13619",
        "name": "一棟貸し宿 星の森",
        "lodging_type": "guesthouse",
        "lodging_types": "guesthouse",
        "business_status": null,
        "address": "高知県安芸郡東洋町白浜1-14",
        "phone": "0887-29-3277",
        "website": "https://www.yamashitagumi2000.com",
        "room_count": 4,
        "check_in": "15:00",
        "check_out": "10:00",
        "price": "素泊り：8,000円|朝食付：未確認|夕食付：未確認|２食付：未確認",
        "source_url": "https://min88.jp/inn/13619/",
        "coordinate_source": "google_maps_embed_place"
      }
    },
    {
      "type": "Feature",
      "id": "min88-13614",
      "geometry": {
        "type": "Point",
        "coordinates": [
          134.288163,
          33.5421261
        ]
      },
      "properties": {
        "provider": "min88",
        "source_id": "13614",
        "name": "シーラニ白浜荘",
        "lodging_type": "guesthouse",
        "lodging_types": "guesthouse",
        "business_status": null,
        "address": "高知県安芸郡東洋町河内986-15",
        "phone": "090-6324-7373",
        "website": "https://kaorunumata.jimdofree.com",
        "room_count": null,
        "check_in": "16:00",
        "check_out": "10:00",
        "price": "素泊り：4,000円|朝食付：未確認|夕食付：未確認|２食付：未確認",
        "source_url": "https://min88.jp/inn/13614/",
        "coordinate_source": "google_maps_embed_place"
      }
    },
    {
      "type": "Feature",
      "id": "min88-14800",
      "geometry": {
        "type": "Point",
        "coordinates": [
          134.282154,
          33.5295916
        ]
      },
      "properties": {
        "provider": "min88",
        "source_id": "14800",
        "name": "民宿谷口",
        "lodging_type": "guesthouse",
        "lodging_types": "guesthouse",
        "business_status": null,
        "address": "高知県安芸郡東洋町大字生見9-4",
        "phone": "0887-29-3417",
        "website": "http://www.town.toyo.kochi.jp/contents/info0158.html",
        "room_count": 8,
        "check_in": "14:00-19:00",
        "check_out": "10:00",
        "price": "素泊り：3,700円〜|朝食付：5,000円〜|夕食付：6,000円〜|２食付：7,000円〜",
        "source_url": "https://min88.jp/inn/14800/",
        "coordinate_source": "google_maps_embed_place"
      }
    },
    {
      "type": "Feature",
      "id": "min88-464",
      "geometry": {
        "type": "Point",
        "coordinates": [
          134.2826295,
          33.5290279
        ]
      },
      "properties": {
        "provider": "min88",
        "source_id": "464",
        "name": "民宿いくみ",
        "lodging_type": "guesthouse",
        "lodging_types": "guesthouse",
        "business_status": null,
        "address": "高知県安芸郡東洋町生見7-1",
        "phone": "0887-24-3838",
        "website": "http://ikumiten.com",
        "room_count": null,
        "check_in": "14:00",
        "check_out": "10:00",
        "price": "素泊り：3,800円|朝食付：未確認|夕食付：未確認|２食付：6,800円（要予約）",
        "source_url": "https://min88.jp/inn/464/",
        "coordinate_source": "google_maps_embed_place"
      }
    },
    {
      "type": "Feature",
      "id": "min88-15687",
      "geometry": {
        "type": "Point",
        "coordinates": [
          134.2827146,
          33.5277845
        ]
      },
      "properties": {
        "provider": "min88",
        "source_id": "15687",
        "name": "サウスショア",
        "lodging_type": "guesthouse",
        "lodging_types": "guesthouse",
        "business_status": null,
        "address": "高知県安芸郡東洋町大字生見12-10",
        "phone": "0887-29-3211",
        "website": "https://southshore-ikumi.com",
        "room_count": 14,
        "check_in": "15:00-20:00",
        "check_out": "10:00",
        "price": "素泊り：5,600円|朝食付：6,400円|夕食付：7,800円|２食付：8,900円",
        "source_url": "https://min88.jp/inn/15687/",
        "coordinate_source": "google_maps_embed_place"
      }
    },
    {
      "type": "Feature",
      "id": "min88-25629",
      "geometry": {
        "type": "Point",
        "coordinates": [
          134.2830229,
          33.5284592
        ]
      },
      "properties": {
        "provider": "min88",
        "source_id": "25629",
        "name": "民宿南風（みなみかぜ）",
        "lodging_type": "guesthouse",
        "lodging_types": "guesthouse",
        "business_status": null,
        "address": "高知県安芸郡東洋町大字生見575-37",
        "phone": "0887-29-3638",
        "website": "http://www.town.toyo.kochi.jp/contents/info0163.php",
        "room_count": null,
        "check_in": null,
        "check_out": null,
        "price": "素泊り：未確認|朝食付：未確認|夕食付：未確認|２食付：未確認",
        "source_url": "https://min88.jp/inn/25629/",
        "coordinate_source": "google_maps_embed_place"
      }
    },
    {
      "type": "Feature",
      "id": "min88-25632",
      "geometry": {
        "type": "Point",
        "coordinates": [
          134.2828598,
          33.5279111
        ]
      },
      "properties": {
        "provider": "min88",
        "source_id": "25632",
        "name": "民宿＆レストラン みちしお",
        "lodging_type": "guesthouse",
        "lodging_types": "guesthouse",
        "business_status": null,
        "address": "高知県安芸郡東洋町生見575-17",
        "phone": "0887-29-3471",
        "website": "https://ikumi-michishio.sunnyday.jp/index.html",
        "room_count": 13,
        "check_in": "15:00-22:00",
        "check_out": "10:00",
        "price": "素泊り：5,500円〜6,000円|朝食付：未確認|夕食付：未確認|２食付：8,800円〜9,300円",
        "source_url": "https://min88.jp/inn/25632/",
        "coordinate_source": "google_maps_embed_place"
      }
    },
    {
      "type": "Feature",
      "id": "min88-25634",
      "geometry": {
        "type": "Point",
        "coordinates": [
          134.2831414,
          33.5277615
        ]
      },
      "properties": {
        "provider": "min88",
        "source_id": "25634",
        "name": "Hotel NALU",
        "lodging_type": "ryokan",
        "lodging_types": "ryokan, hotel",
        "business_status": null,
        "address": "高知県安芸郡東洋町生見575−10",
        "phone": "0887-29-3018",
        "website": "https://hotelnalu.jp",
        "room_count": 13,
        "check_in": "15:00",
        "check_out": "10:00",
        "price": "素泊り：6,000円〜9,000円|朝食付：上記+800円|夕食付：未確認|２食付：未確認",
        "source_url": "https://min88.jp/inn/25634/",
        "coordinate_source": "google_maps_embed_place"
      }
    },
    {
      "type": "Feature",
      "id": "min88-25536",
      "geometry": {
        "type": "Point",
        "coordinates": [
          134.2822985,
          33.5277557
        ]
      },
      "properties": {
        "provider": "min88",
        "source_id": "25536",
        "name": "stay&cafe mana",
        "lodging_type": "guesthouse",
        "lodging_types": "guesthouse",
        "business_status": null,
        "address": "高知県安芸郡東洋町生見12-1",
        "phone": "0887-29-3433",
        "website": "https://staymanacafe.hp.peraichi.com",
        "room_count": 1,
        "check_in": "15:00-21:00",
        "check_out": "05:00-10:00",
        "price": "素泊り：5,800円|朝食付：6,800円|夕食付：7,800円|２食付：8,800円",
        "source_url": "https://min88.jp/inn/25536/",
        "coordinate_source": "google_maps_embed_place"
      }
    },
    {
      "type": "Feature",
      "id": "min88-25636",
      "geometry": {
        "type": "Point",
        "coordinates": [
          134.28149,
          33.52702
        ]
      },
      "properties": {
        "provider": "min88",
        "source_id": "25636",
        "name": "民宿 サーフポイント",
        "lodging_type": "guesthouse",
        "lodging_types": "guesthouse",
        "business_status": null,
        "address": "高知県安芸郡東洋町大字生見593-3",
        "phone": "0887-29-3529",
        "website": "http://www.town.toyo.kochi.jp/contents/info0159.php",
        "room_count": 5,
        "check_in": "12:00",
        "check_out": "10:30",
        "price": "素泊り：未確認|朝食付：未確認|夕食付：未確認|２食付：未確認",
        "source_url": "https://min88.jp/inn/25636/",
        "coordinate_source": "google_maps_embed_place"
      }
    },
    {
      "type": "Feature",
      "id": "min88-5313",
      "geometry": {
        "type": "Point",
        "coordinates": [
          134.281232,
          33.526518
        ]
      },
      "properties": {
        "provider": "min88",
        "source_id": "5313",
        "name": "民宿むろと",
        "lodging_type": "guesthouse",
        "lodging_types": "guesthouse",
        "business_status": null,
        "address": "高知県安芸郡東洋町大字生見89",
        "phone": "0887-29-3539",
        "website": null,
        "room_count": null,
        "check_in": null,
        "check_out": null,
        "price": "素泊り：3,800円|朝食付：未確認|夕食付：未確認|２食付：7,800円",
        "source_url": "https://min88.jp/inn/5313/",
        "coordinate_source": "google_maps_embed_place"
      }
    },
    {
      "type": "Feature",
      "id": "min88-25638",
      "geometry": {
        "type": "Point",
        "coordinates": [
          134.281532,
          33.5241458
        ]
      },
      "properties": {
        "provider": "min88",
        "source_id": "25638",
        "name": "民宿とさ",
        "lodging_type": "guesthouse",
        "lodging_types": "guesthouse",
        "business_status": null,
        "address": "高知県安芸郡東洋町生見521-1",
        "phone": "0887-29-2439",
        "website": null,
        "room_count": 5,
        "check_in": "15:00",
        "check_out": "12:00",
        "price": "素泊り：4,000円|朝食付：未確認|夕食付：未確認|２食付：6,000円",
        "source_url": "https://min88.jp/inn/25638/",
        "coordinate_source": "google_maps_embed_place"
      }
    },
    {
      "type": "Feature",
      "id": "min88-5316",
      "geometry": {
        "type": "Point",
        "coordinates": [
          134.281632,
          33.5234542
        ]
      },
      "properties": {
        "provider": "min88",
        "source_id": "5316",
        "name": "民宿南国苑",
        "lodging_type": "guesthouse",
        "lodging_types": "guesthouse",
        "business_status": null,
        "address": "高知県安芸郡東洋町生見518",
        "phone": "0887-29-3238",
        "website": null,
        "room_count": 5,
        "check_in": "15:00",
        "check_out": "09:00",
        "price": "素泊り：4,000円|朝食付：未確認|夕食付：未確認|２食付：未確認",
        "source_url": "https://min88.jp/inn/5316/",
        "coordinate_source": "google_maps_embed_place"
      }
    },
    {
      "type": "Feature",
      "id": "min88-5319",
      "geometry": {
        "type": "Point",
        "coordinates": [
          134.2819444,
          33.5235529
        ]
      },
      "properties": {
        "provider": "min88",
        "source_id": "5319",
        "name": "民宿中尾",
        "lodging_type": "guesthouse",
        "lodging_types": "guesthouse",
        "business_status": null,
        "address": "高知県安芸郡東洋町大字生見541-1",
        "phone": "0887-29-2758",
        "website": null,
        "room_count": 14,
        "check_in": "10:00",
        "check_out": "10:00",
        "price": "素泊り：3,800円|朝食付：未確認|夕食付：未確認|２食付：未確認",
        "source_url": "https://min88.jp/inn/5319/",
        "coordinate_source": "google_maps_embed_place"
      }
    },
    {
      "type": "Feature",
      "id": "min88-19488",
      "geometry": {
        "type": "Point",
        "coordinates": [
          134.273977,
          33.510405
        ]
      },
      "properties": {
        "provider": "min88",
        "source_id": "19488",
        "name": "東洋大師（明徳寺）通夜堂",
        "lodging_type": "pilgrim_shelter",
        "lodging_types": "pilgrim_shelter",
        "business_status": null,
        "address": "高知県安芸郡東洋町野根2246",
        "phone": null,
        "website": null,
        "room_count": 1,
        "check_in": null,
        "check_out": null,
        "price": "素泊り：無料|朝食付：設定なし|夕食付：設定なし|２食付：設定なし",
        "source_url": "https://min88.jp/inn/19488/",
        "coordinate_source": "google_maps_embed_place"
      }
    },
    {
      "type": "Feature",
      "id": "min88-13625",
      "geometry": {
        "type": "Point",
        "coordinates": [
          134.2687041,
          33.5044219
        ]
      },
      "properties": {
        "provider": "min88",
        "source_id": "13625",
        "name": "民宿まるたや",
        "lodging_type": "guesthouse",
        "lodging_types": "guesthouse",
        "business_status": null,
        "address": "高知県安芸郡東洋町野根丙1774",
        "phone": "0887-23-9665",
        "website": "https://r.goope.jp/marutaya/",
        "room_count": 4,
        "check_in": "15:00",
        "check_out": "09:00",
        "price": "素泊り：4,950円（1名一室利用）|朝食付：5,500円（同上）|夕食付：6,600円（同上）|２食付：7,150円（同上）",
        "source_url": "https://min88.jp/inn/13625/",
        "coordinate_source": "google_maps_embed_place"
      }
    },
    {
      "type": "Feature",
      "id": "min88-30915",
      "geometry": {
        "type": "Point",
        "coordinates": [
          134.208034,
          33.3942924
        ]
      },
      "properties": {
        "provider": "min88",
        "source_id": "30915",
        "name": "民泊 橘",
        "lodging_type": "guesthouse",
        "lodging_types": "guesthouse",
        "business_status": null,
        "address": "高知県室戸市佐喜浜町1537",
        "phone": "090-6353-0239",
        "website": "https://sites.google.com/view/guesthouse-tachibana/",
        "room_count": 3,
        "check_in": "15:00-20:00",
        "check_out": "10:00",
        "price": "素泊り：5,500円|朝食付：設定無し|夕食付：設定無し|２食付：設定無し",
        "source_url": "https://min88.jp/inn/30915/",
        "coordinate_source": "google_maps_embed_place"
      }
    },
    {
      "type": "Feature",
      "id": "min88-536",
      "geometry": {
        "type": "Point",
        "coordinates": [
          134.2107629,
          33.3917189
        ]
      },
      "properties": {
        "provider": "min88",
        "source_id": "536",
        "name": "佐喜浜漁港大師堂（通夜堂）",
        "lodging_type": "pilgrim_shelter",
        "lodging_types": "pilgrim_shelter",
        "business_status": null,
        "address": "高知県室戸市佐喜浜町1186",
        "phone": null,
        "website": null,
        "room_count": 1,
        "check_in": null,
        "check_out": null,
        "price": "素泊り：無料|朝食付：設定なし|夕食付：設定なし|２食付：設定なし",
        "source_url": "https://min88.jp/inn/536/",
        "coordinate_source": "google_maps_embed_place"
      }
    },
    {
      "type": "Feature",
      "id": "min88-172",
      "geometry": {
        "type": "Point",
        "coordinates": [
          134.2064514,
          33.3711357
        ]
      },
      "properties": {
        "provider": "min88",
        "source_id": "172",
        "name": "民宿ロッジおざき",
        "lodging_type": "guesthouse",
        "lodging_types": "guesthouse",
        "business_status": null,
        "address": "高知県室戸市佐喜浜町708-3",
        "phone": "0887-27-2065",
        "website": null,
        "room_count": 10,
        "check_in": "15:00-19:00",
        "check_out": "09:00",
        "price": "素泊り：5,100円|朝食付：対応可|夕食付：対応可|２食付：8,200円",
        "source_url": "https://min88.jp/inn/172/",
        "coordinate_source": "google_maps_embed_place"
      }
    },
    {
      "type": "Feature",
      "id": "min88-312",
      "geometry": {
        "type": "Point",
        "coordinates": [
          134.2044159,
          33.3655666
        ]
      },
      "properties": {
        "provider": "min88",
        "source_id": "312",
        "name": "民宿徳増",
        "lodging_type": "guesthouse",
        "lodging_types": "guesthouse",
        "business_status": null,
        "address": "高知県室戸市佐喜浜町107-5",
        "phone": "0887-27-2475",
        "website": null,
        "room_count": 8,
        "check_in": "15:00-19:00",
        "check_out": "10:00",
        "price": "素泊り：4,600円|朝食付：未確認|夕食付：未確認|２食付：9,200円",
        "source_url": "https://min88.jp/inn/312/",
        "coordinate_source": "google_maps_embed_place"
      }
    },
    {
      "type": "Feature",
      "id": "min88-13629",
      "geometry": {
        "type": "Point",
        "coordinates": [
          134.197269,
          33.334263
        ]
      },
      "properties": {
        "provider": "min88",
        "source_id": "13629",
        "name": "民宿椎名",
        "lodging_type": "guesthouse",
        "lodging_types": "guesthouse",
        "business_status": null,
        "address": "高知県室戸市室戸岬町344-1",
        "phone": "0887-23-3385",
        "website": "https://www.muroto-kankou.com/search_spot/yado_henro/y_18/",
        "room_count": 2,
        "check_in": "15:00",
        "check_out": "10:00",
        "price": "素泊り：5,700円|朝食付：未確認|夕食付：未確認|２食付：7,700円",
        "source_url": "https://min88.jp/inn/13629/",
        "coordinate_source": "google_maps_embed_place"
      }
    },
    {
      "type": "Feature",
      "id": "min88-714",
      "geometry": {
        "type": "Point",
        "coordinates": [
          134.1841892,
          33.2862084
        ]
      },
      "properties": {
        "provider": "min88",
        "source_id": "714",
        "name": "スカイ アンド シー・ムロト",
        "lodging_type": "guesthouse",
        "lodging_types": "guesthouse",
        "business_status": null,
        "address": "高知県室戸市室戸岬町2752-1",
        "phone": "0887-98-7017",
        "website": "https://skyandsea.jp",
        "room_count": 4,
        "check_in": "15:00-21:00",
        "check_out": "10:00",
        "price": "素泊り：6,600円〜|朝食付：未確認|夕食付：未確認|２食付：12,100円〜※要予約",
        "source_url": "https://min88.jp/inn/714/",
        "coordinate_source": "google_maps_embed_place"
      }
    },
    {
      "type": "Feature",
      "id": "min88-717",
      "geometry": {
        "type": "Point",
        "coordinates": [
          134.1849675,
          33.2814528
        ]
      },
      "properties": {
        "provider": "min88",
        "source_id": "717",
        "name": "サンフィッシュまんぼう",
        "lodging_type": "guesthouse",
        "lodging_types": "guesthouse",
        "business_status": null,
        "address": "高知県室戸市室戸岬町3001",
        "phone": "0887-23-0776",
        "website": null,
        "room_count": null,
        "check_in": "15:00",
        "check_out": null,
        "price": "素泊り：4,000円|朝食付：未確認|夕食付：未確認|２食付：7,500円",
        "source_url": "https://min88.jp/inn/717/",
        "coordinate_source": "google_maps_embed_place"
      }
    },
    {
      "type": "Feature",
      "id": "min88-13635",
      "geometry": {
        "type": "Point",
        "coordinates": [
          134.181024,
          33.257756
        ]
      },
      "properties": {
        "provider": "min88",
        "source_id": "13635",
        "name": "サクラホーム",
        "lodging_type": "guesthouse",
        "lodging_types": "guesthouse",
        "business_status": null,
        "address": "高知県室戸市室戸岬町3841",
        "phone": "050-6866-0423",
        "website": "https://www.booking.com/Share-7nFnSl",
        "room_count": null,
        "check_in": "15:00-21:00",
        "check_out": "05:30-11:00",
        "price": "素泊り：5,500円〜|朝食付：未確認|夕食付：未確認|２食付：未確認",
        "source_url": "https://min88.jp/inn/13635/",
        "coordinate_source": "google_maps_embed_place"
      }
    },
    {
      "type": "Feature",
      "id": "min88-5338",
      "geometry": {
        "type": "Point",
        "coordinates": [
          134.1814158,
          33.2548849
        ]
      },
      "properties": {
        "provider": "min88",
        "source_id": "5338",
        "name": "ホテル明星（あけのほし）",
        "lodging_type": "ryokan",
        "lodging_types": "ryokan, hotel",
        "business_status": "closed_or_suspended",
        "address": "高知県室戸市室戸岬町3883",
        "phone": "0887-22-3232",
        "website": "www.akenohoshi.co.jp",
        "room_count": 29,
        "check_in": "15:00",
        "check_out": "10:00",
        "price": "素泊り：6,600円〜\n朝食付：7,700円〜\n夕食付： —\n２食付：8,800円〜",
        "source_url": "https://min88.jp/inn/5338/",
        "coordinate_source": "google_maps_embed_place"
      }
    },
    {
      "type": "Feature",
      "id": "min88-5343",
      "geometry": {
        "type": "Point",
        "coordinates": [
          134.1795706,
          33.2499061
        ]
      },
      "properties": {
        "provider": "min88",
        "source_id": "5343",
        "name": "ジオパーク夢路灯（むろと）",
        "lodging_type": "ryokan",
        "lodging_types": "ryokan, hotel",
        "business_status": "closed_or_suspended",
        "address": "高知県室戸市室戸岬町4033-1",
        "phone": "0887-22-6601",
        "website": "—",
        "room_count": null,
        "check_in": null,
        "check_out": null,
        "price": "素泊り： —\n朝食付： —\n夕食付： —\n２食付： —",
        "source_url": "https://min88.jp/inn/5343/",
        "coordinate_source": "google_maps_embed_place"
      }
    },
    {
      "type": "Feature",
      "id": "min88-719",
      "geometry": {
        "type": "Point",
        "coordinates": [
          134.179164,
          33.248911
        ]
      },
      "properties": {
        "provider": "min88",
        "source_id": "719",
        "name": "岬観光ホテル",
        "lodging_type": "ryokan",
        "lodging_types": "ryokan, hotel",
        "business_status": null,
        "address": "高知県室戸市室戸岬町4037",
        "phone": "0887-22-0541",
        "website": "http://www.misakikankohotel.co.jp",
        "room_count": null,
        "check_in": null,
        "check_out": null,
        "price": "素泊り：未確認|朝食付：未確認|夕食付：未確認|２食付：未確認",
        "source_url": "https://min88.jp/inn/719/",
        "coordinate_source": "google_maps_embed_place"
      }
    },
    {
      "type": "Feature",
      "id": "min88-721",
      "geometry": {
        "type": "Point",
        "coordinates": [
          134.1769447,
          33.2459451
        ]
      },
      "properties": {
        "provider": "min88",
        "source_id": "721",
        "name": "民宿室戸荘",
        "lodging_type": "guesthouse",
        "lodging_types": "guesthouse",
        "business_status": null,
        "address": "高知県室戸市室戸岬町6939-1",
        "phone": "0887-22-0409",
        "website": null,
        "room_count": 9,
        "check_in": "14:00",
        "check_out": "10:00",
        "price": "素泊り：4,200円|朝食付：4,700円|夕食付：未確認|２食付：8,500円",
        "source_url": "https://min88.jp/inn/721/",
        "coordinate_source": "google_maps_embed_place"
      }
    },
    {
      "type": "Feature",
      "id": "min88-724",
      "geometry": {
        "type": "Point",
        "coordinates": [
          134.1756181,
          33.2501313
        ]
      },
      "properties": {
        "provider": "min88",
        "source_id": "724",
        "name": "最御崎寺（宿坊）室戸岬最御崎寺遍路センター",
        "lodging_type": "temple_lodging",
        "lodging_types": "temple_lodging",
        "business_status": null,
        "address": "高知県室戸市室戸岬町4058-1",
        "phone": "0887-23-0024|電話受付時間　9:00−20:00| ※雑務や外出、休みなど繋がらない場合が多々あります。時間や日を改めておかけください。",
        "website": null,
        "room_count": null,
        "check_in": "15:00",
        "check_out": "09:00",
        "price": "素泊り：設定なし|朝食付：設定なし|夕食付：設定なし|２食付：12,000円",
        "source_url": "https://min88.jp/inn/724/",
        "coordinate_source": "google_maps_embed_place"
      }
    },
    {
      "type": "Feature",
      "id": "min88-726",
      "geometry": {
        "type": "Point",
        "coordinates": [
          134.171007,
          33.2534334
        ]
      },
      "properties": {
        "provider": "min88",
        "source_id": "726",
        "name": "室戸岬の宿うまめの木",
        "lodging_type": "guesthouse",
        "lodging_types": "guesthouse",
        "business_status": null,
        "address": "高知県室戸市室戸岬町4103",
        "phone": "0887-22-4806",
        "website": "http://umamenoki.com",
        "room_count": 3,
        "check_in": "15:30",
        "check_out": "10:30",
        "price": "素泊り：5,600円|朝食付：6,800円|夕食付：8,000円|２食付：8,800円",
        "source_url": "https://min88.jp/inn/726/",
        "coordinate_source": "google_maps_embed_place"
      }
    },
    {
      "type": "Feature",
      "id": "min88-728",
      "geometry": {
        "type": "Point",
        "coordinates": [
          134.161606,
          33.26987
        ]
      },
      "properties": {
        "provider": "min88",
        "source_id": "728",
        "name": "民宿川崎",
        "lodging_type": "guesthouse",
        "lodging_types": "guesthouse",
        "business_status": null,
        "address": "高知県室戸市室戸岬町5408-イ",
        "phone": "0887-22-3664",
        "website": null,
        "room_count": 6,
        "check_in": "15:00-19:00",
        "check_out": "08:00",
        "price": "素泊り：4,000円～|朝食付：未確認|夕食付：未確認|２食付：7,000円～",
        "source_url": "https://min88.jp/inn/728/",
        "coordinate_source": "google_maps_embed_place"
      }
    },
    {
      "type": "Feature",
      "id": "min88-732",
      "geometry": {
        "type": "Point",
        "coordinates": [
          134.153048,
          33.284438
        ]
      },
      "properties": {
        "provider": "min88",
        "source_id": "732",
        "name": "室戸の宿 竹乃井",
        "lodging_type": "guesthouse",
        "lodging_types": "guesthouse",
        "business_status": null,
        "address": "高知県室戸市室戸岬町5953-1",
        "phone": "0887-22-1624",
        "website": null,
        "room_count": 16,
        "check_in": "16:00",
        "check_out": "10:00",
        "price": "素泊り：4,200円|朝食付：4,800円|夕食付：未確認|２食付：6,500円",
        "source_url": "https://min88.jp/inn/732/",
        "coordinate_source": "google_maps_embed_place"
      }
    },
    {
      "type": "Feature",
      "id": "min88-735",
      "geometry": {
        "type": "Point",
        "coordinates": [
          134.1493372,
          33.2874532
        ]
      },
      "properties": {
        "provider": "min88",
        "source_id": "735",
        "name": "ホテル冨士",
        "lodging_type": "guesthouse",
        "lodging_types": "guesthouse",
        "business_status": null,
        "address": "高知県室戸市室津2577",
        "phone": "0887-22-0205",
        "website": null,
        "room_count": 9,
        "check_in": "14:00",
        "check_out": "09:00",
        "price": "素泊り：5,000円|朝食付：5,500円|夕食付：7,000円|２食付：7,500円",
        "source_url": "https://min88.jp/inn/735/",
        "coordinate_source": "google_maps_embed_place"
      }
    },
    {
      "type": "Feature",
      "id": "min88-737",
      "geometry": {
        "type": "Point",
        "coordinates": [
          134.147654,
          33.287482
        ]
      },
      "properties": {
        "provider": "min88",
        "source_id": "737",
        "name": "太田旅館",
        "lodging_type": "guesthouse",
        "lodging_types": "guesthouse",
        "business_status": null,
        "address": "高知県室戸市室津2649",
        "phone": "0887-22-0004",
        "website": null,
        "room_count": 14,
        "check_in": "16:00",
        "check_out": "10:00",
        "price": "素泊り：4,800円|朝食付：5,800円|夕食付：未確認|２食付：7,500円",
        "source_url": "https://min88.jp/inn/737/",
        "coordinate_source": "google_maps_embed_place"
      }
    },
    {
      "type": "Feature",
      "id": "min88-739",
      "geometry": {
        "type": "Point",
        "coordinates": [
          134.1422348,
          33.2945893
        ]
      },
      "properties": {
        "provider": "min88",
        "source_id": "739",
        "name": "ファミリーロッジ旅籠屋・室戸店",
        "lodging_type": "ryokan",
        "lodging_types": "ryokan, hotel",
        "business_status": null,
        "address": "高知県室戸市浮津三番町136-2",
        "phone": "0887-23-0858",
        "website": "https://ssl.hatagoya.co.jp/052_Muroto/index.shtml",
        "room_count": 14,
        "check_in": "15:00-23:00",
        "check_out": "11:00",
        "price": "素泊り：6,600円|朝食付：設定なし|夕食付：設定なし|２食付：設定なし",
        "source_url": "https://min88.jp/inn/739/",
        "coordinate_source": "google_maps_embed_place"
      }
    },
    {
      "type": "Feature",
      "id": "min88-316",
      "geometry": {
        "type": "Point",
        "coordinates": [
          134.127414,
          33.300191
        ]
      },
      "properties": {
        "provider": "min88",
        "source_id": "316",
        "name": "民宿うらしま",
        "lodging_type": "guesthouse",
        "lodging_types": "guesthouse",
        "business_status": null,
        "address": "高知県室戸市元甲1901-4",
        "phone": "0887-23-1105",
        "website": "https://www.urashima.net",
        "room_count": 9,
        "check_in": "15:00-20:00",
        "check_out": "09:00",
        "price": "素泊り：5,000円|朝食付：6,000円|夕食付：6,800円|２食付：7,500円",
        "source_url": "https://min88.jp/inn/316/",
        "coordinate_source": "google_maps_embed_place"
      }
    },
    {
      "type": "Feature",
      "id": "min88-174",
      "geometry": {
        "type": "Point",
        "coordinates": [
          134.1219953,
          33.3064754
        ]
      },
      "properties": {
        "provider": "min88",
        "source_id": "174",
        "name": "金剛頂寺（宿坊）",
        "lodging_type": "temple_lodging",
        "lodging_types": "temple_lodging",
        "business_status": "closed_or_suspended",
        "address": "高知県室戸市元乙523",
        "phone": "0887-23-0026",
        "website": "–",
        "room_count": null,
        "check_in": null,
        "check_out": null,
        "price": "素泊り：\n朝食付：\n夕食付：\n２食付：6,800円",
        "source_url": "https://min88.jp/inn/174/",
        "coordinate_source": "google_maps_embed_place"
      }
    },
    {
      "type": "Feature",
      "id": "min88-318",
      "geometry": {
        "type": "Point",
        "coordinates": [
          134.1003163,
          33.3304578
        ]
      },
      "properties": {
        "provider": "min88",
        "source_id": "318",
        "name": "蔵空間蔵宿",
        "lodging_type": "ryokan",
        "lodging_types": "ryokan, hotel",
        "business_status": null,
        "address": "高知県室戸市吉良川町甲2234",
        "phone": "0887-25-3700",
        "website": "http://sakan805.boy.jp",
        "room_count": null,
        "check_in": "15:00",
        "check_out": null,
        "price": "素泊り：9,900円|朝食付：設定なし|夕食付：設定なし|２食付：設定なし",
        "source_url": "https://min88.jp/inn/318/",
        "coordinate_source": "google_maps_embed_place"
      }
    },
    {
      "type": "Feature",
      "id": "min88-66129",
      "geometry": {
        "type": "Point",
        "coordinates": [
          134.0991832,
          33.3307198
        ]
      },
      "properties": {
        "provider": "min88",
        "source_id": "66129",
        "name": "室戸吉良川ゲストハウス山本",
        "lodging_type": "guesthouse",
        "lodging_types": "guesthouse",
        "business_status": null,
        "address": "高知県室戸市吉良川町甲3947-112",
        "phone": "090-9155-1485|受付時間 8:00〜20:00|※Airbnbでの事前決済になります",
        "website": "https://airbnb.jp/h/kiragawa",
        "room_count": 3,
        "check_in": "16:00",
        "check_out": "10:00",
        "price": "素泊り：5,000円|朝食付：設定なし|夕食付：設定なし|２食付：設定なし",
        "source_url": "https://min88.jp/inn/66129/",
        "coordinate_source": "google_maps_embed_place"
      }
    },
    {
      "type": "Feature",
      "id": "min88-741",
      "geometry": {
        "type": "Point",
        "coordinates": [
          134.0984858,
          33.3314406
        ]
      },
      "properties": {
        "provider": "min88",
        "source_id": "741",
        "name": "和の宿 角屋",
        "lodging_type": "ryokan",
        "lodging_types": "ryokan, hotel",
        "business_status": "closed_or_suspended",
        "address": "高知県室戸市吉良川町甲2307-1",
        "phone": "0887-25-2100",
        "website": "www.muroto-kadoya.com",
        "room_count": 8,
        "check_in": "15:00-22:00",
        "check_out": "09:00",
        "price": "素泊り：\n・主屋棟7,000円\n・離れ棟5,000円\n朝食付： —\n夕食付： —\n２食付： —",
        "source_url": "https://min88.jp/inn/741/",
        "coordinate_source": "google_maps_embed_place"
      }
    },
    {
      "type": "Feature",
      "id": "min88-189",
      "geometry": {
        "type": "Point",
        "coordinates": [
          134.057708,
          33.3681763
        ]
      },
      "properties": {
        "provider": "min88",
        "source_id": "189",
        "name": "おうち宿しだお",
        "lodging_type": "guesthouse",
        "lodging_types": "guesthouse",
        "business_status": null,
        "address": "高知県室戸市羽根町乙1379番地3",
        "phone": "090-1005-7301",
        "website": "https://muroto-shidao.com",
        "room_count": 4,
        "check_in": "16:00",
        "check_out": "09:00",
        "price": "素泊り：5,000円|朝食付：6,000円|夕食付：7,500円〜|２食付：8,500円〜",
        "source_url": "https://min88.jp/inn/189/",
        "coordinate_source": "google_maps_embed_place"
      }
    },
    {
      "type": "Feature",
      "id": "min88-743",
      "geometry": {
        "type": "Point",
        "coordinates": [
          134.0370978,
          33.388716
        ]
      },
      "properties": {
        "provider": "min88",
        "source_id": "743",
        "name": "スマート遍路宿",
        "lodging_type": "guesthouse",
        "lodging_types": "guesthouse",
        "business_status": null,
        "address": "高知県安芸郡奈半利町甲148-1",
        "phone": "090-5270-1485|受付時間 9:00〜21:00",
        "website": "—",
        "room_count": 3,
        "check_in": "15:00-20:00",
        "check_out": "05:00-09:00",
        "price": "素泊り：|* 5,500円（1名1室）|* 9,900円（2名1室）||朝食付：設定なし||夕食付：|* 7,000円 （1名1室）|* 12,500円（2名1室）||２食付：|* 7,500円 （1名1室）|* 13,500円（2名1室）",
        "source_url": "https://min88.jp/inn/743/",
        "coordinate_source": "google_maps_embed_place"
      }
    },
    {
      "type": "Feature",
      "id": "min88-745",
      "geometry": {
        "type": "Point",
        "coordinates": [
          134.0239294,
          33.4199315
        ]
      },
      "properties": {
        "provider": "min88",
        "source_id": "745",
        "name": "ゲストハウスよろずや",
        "lodging_type": "guesthouse",
        "lodging_types": "guesthouse",
        "business_status": null,
        "address": "高知県安芸郡奈半利町乙702",
        "phone": "0887-30-1909",
        "website": "https://www.booking.com/hotel/jp/gesutohausuyorozuya.ja.html",
        "room_count": 1,
        "check_in": "16:00-20:00",
        "check_out": "07:00-10:00",
        "price": "素泊り：3,500円～|朝食付：設定なし|夕食付：設定なし|２食付：設定なし",
        "source_url": "https://min88.jp/inn/745/",
        "coordinate_source": "google_maps_embed_place"
      }
    },
    {
      "type": "Feature",
      "id": "min88-176",
      "geometry": {
        "type": "Point",
        "coordinates": [
          134.0267729,
          33.4215447
        ]
      },
      "properties": {
        "provider": "min88",
        "source_id": "176",
        "name": "ホテルなはり",
        "lodging_type": "ryokan",
        "lodging_types": "ryokan, hotel",
        "business_status": null,
        "address": "高知県安芸郡奈半利町乙593-1",
        "phone": "0887-38-5111",
        "website": null,
        "room_count": null,
        "check_in": "15:00",
        "check_out": "10:00",
        "price": "素泊り：7,500円|朝食付：未確認|夕食付：11,100円|２食付：12,300円",
        "source_url": "https://min88.jp/inn/176/",
        "coordinate_source": "google_maps_embed_place"
      }
    },
    {
      "type": "Feature",
      "id": "min88-747",
      "geometry": {
        "type": "Point",
        "coordinates": [
          134.01214,
          33.427667
        ]
      },
      "properties": {
        "provider": "min88",
        "source_id": "747",
        "name": "山郷旅館",
        "lodging_type": "guesthouse",
        "lodging_types": "guesthouse",
        "business_status": null,
        "address": "高知県安芸郡田野町1996",
        "phone": "0887-38-2219",
        "website": null,
        "room_count": 5,
        "check_in": "16:00-18:00",
        "check_out": "10:00",
        "price": "素泊り：5,500円|朝食付：未確認|夕食付：未確認|２食付：未確認",
        "source_url": "https://min88.jp/inn/747/",
        "coordinate_source": "google_maps_embed_place"
      }
    },
    {
      "type": "Feature",
      "id": "min88-749",
      "geometry": {
        "type": "Point",
        "coordinates": [
          134.0108405,
          33.4313689
        ]
      },
      "properties": {
        "provider": "min88",
        "source_id": "749",
        "name": "旅の宿美園",
        "lodging_type": "guesthouse",
        "lodging_types": "guesthouse",
        "business_status": null,
        "address": "高知県安芸郡田野町942−1",
        "phone": "0887-38-2224|予約受付: 当日13:00まで",
        "website": null,
        "room_count": 3,
        "check_in": "16:00",
        "check_out": "09:00",
        "price": "素泊り：4,000円|朝食付：4,500円|夕食付：5,000円|２食付：5,500円",
        "source_url": "https://min88.jp/inn/749/",
        "coordinate_source": "google_maps_embed_place"
      }
    },
    {
      "type": "Feature",
      "id": "min88-752",
      "geometry": {
        "type": "Point",
        "coordinates": [
          133.9702397,
          33.4408973
        ]
      },
      "properties": {
        "provider": "min88",
        "source_id": "752",
        "name": "民宿とうの浜",
        "lodging_type": "guesthouse",
        "lodging_types": "guesthouse",
        "business_status": null,
        "address": "高知県安芸郡安田町唐浜2374ｰ1",
        "phone": "0887-38-8827",
        "website": "https://m-tounohama.com/",
        "room_count": 12,
        "check_in": "16:00-19:00",
        "check_out": "09:00",
        "price": "素泊り：5,500円|朝食付：6,500円|夕食付：6,800円|２食付：7,400円",
        "source_url": "https://min88.jp/inn/752/",
        "coordinate_source": "google_maps_embed_place"
      }
    },
    {
      "type": "Feature",
      "id": "min88-538",
      "geometry": {
        "type": "Point",
        "coordinates": [
          133.9747739,
          33.4676339
        ]
      },
      "properties": {
        "provider": "min88",
        "source_id": "538",
        "name": "神峯寺（通夜堂）",
        "lodging_type": "pilgrim_shelter",
        "lodging_types": "pilgrim_shelter",
        "business_status": null,
        "address": "高知県安芸郡安田町唐浜2594",
        "phone": "非掲載",
        "website": null,
        "room_count": 1,
        "check_in": null,
        "check_out": null,
        "price": "素泊り：無料|朝食付：設定なし|夕食付：設定なし|２食付：設定なし",
        "source_url": "https://min88.jp/inn/538/",
        "coordinate_source": "google_maps_embed_place"
      }
    },
    {
      "type": "Feature",
      "id": "min88-191",
      "geometry": {
        "type": "Point",
        "coordinates": [
          133.928355,
          33.491163
        ]
      },
      "properties": {
        "provider": "min88",
        "source_id": "191",
        "name": "お遍路ハウス 三毛猫",
        "lodging_type": "guesthouse",
        "lodging_types": "guesthouse",
        "business_status": null,
        "address": "高知県安芸市伊尾木538-10",
        "phone": "090-4204-4117",
        "website": "https://henrohouse.jp/ja/houses/43",
        "room_count": 3,
        "check_in": "16:00-18:00",
        "check_out": "09:00",
        "price": "素泊り：個室 12,000円|　　　　相部屋 5,000円|朝食付：設定なし|夕食付：設定なし|２食付：設定なし",
        "source_url": "https://min88.jp/inn/191/",
        "coordinate_source": "google_maps_embed_place"
      }
    },
    {
      "type": "Feature",
      "id": "min88-26437",
      "geometry": {
        "type": "Point",
        "coordinates": [
          133.9278995,
          33.4916441
        ]
      },
      "properties": {
        "provider": "min88",
        "source_id": "26437",
        "name": "ゲストハウス 宿や晴（はる）",
        "lodging_type": "guesthouse",
        "lodging_types": "guesthouse",
        "business_status": null,
        "address": "高知県安芸市伊尾木529",
        "phone": "090-9779-6899",
        "website": "http://yadoyaharu.jp",
        "room_count": null,
        "check_in": "15:00-20:30",
        "check_out": "10:00",
        "price": "素泊り：9,500円|（車中泊3,500円）|朝食付：未確認|夕食付：未確認|２食付：未確認",
        "source_url": "https://min88.jp/inn/26437/",
        "coordinate_source": "google_maps_embed_place"
      }
    },
    {
      "type": "Feature",
      "id": "min88-613",
      "geometry": {
        "type": "Point",
        "coordinates": [
          133.9100123,
          33.501783
        ]
      },
      "properties": {
        "provider": "min88",
        "source_id": "613",
        "name": "Hostel東風ノ家（こちのや）",
        "lodging_type": "guesthouse",
        "lodging_types": "guesthouse",
        "business_status": null,
        "address": "高知県安芸市矢ノ丸1丁目9-28",
        "phone": "070-4141-1004",
        "website": "https://kochinoya.com",
        "room_count": 5,
        "check_in": "16:00-20:00",
        "check_out": "10:00",
        "price": "素泊り：3,500円〜|朝食付：未確認|夕食付：未確認|２食付：未確認",
        "source_url": "https://min88.jp/inn/613/",
        "coordinate_source": "google_maps_embed_place"
      }
    },
    {
      "type": "Feature",
      "id": "min88-179",
      "geometry": {
        "type": "Point",
        "coordinates": [
          133.9080607,
          33.5017881
        ]
      },
      "properties": {
        "provider": "min88",
        "source_id": "179",
        "name": "ビジネスホテル弁長",
        "lodging_type": "hotel",
        "lodging_types": "hotel",
        "business_status": null,
        "address": "高知県安芸市矢ノ丸1丁目7-19",
        "phone": "0887-34-1177",
        "website": "http://www.bencho.jp/index.htm",
        "room_count": null,
        "check_in": null,
        "check_out": null,
        "price": "素泊り：7,000円|朝食付：設定なし|夕食付：設定なし|２食付：設定なし",
        "source_url": "https://min88.jp/inn/179/",
        "coordinate_source": "google_maps_embed_place"
      }
    },
    {
      "type": "Feature",
      "id": "min88-28893",
      "geometry": {
        "type": "Point",
        "coordinates": [
          133.9086893,
          33.5018612
        ]
      },
      "properties": {
        "provider": "min88",
        "source_id": "28893",
        "name": "ホテル TAMAI",
        "lodging_type": "ryokan",
        "lodging_types": "ryokan, hotel",
        "business_status": null,
        "address": "高知県安芸市矢ノ丸1-6",
        "phone": "0887-35-2111",
        "website": "https://hotel-tamai.net",
        "room_count": 51,
        "check_in": "15:00-24:00",
        "check_out": "10:00",
        "price": "素泊り：8,250円〜|朝食付：8,910円〜|夕食付：未確認|２食付：10,120円〜",
        "source_url": "https://min88.jp/inn/28893/",
        "coordinate_source": "google_maps_embed_place"
      }
    },
    {
      "type": "Feature",
      "id": "min88-756",
      "geometry": {
        "type": "Point",
        "coordinates": [
          133.9062581,
          33.5011238
        ]
      },
      "properties": {
        "provider": "min88",
        "source_id": "756",
        "name": "山登家旅館",
        "lodging_type": "ryokan",
        "lodging_types": "ryokan, hotel",
        "business_status": null,
        "address": "高知県安芸市本町1丁目1-34",
        "phone": "0887-35-2018",
        "website": "https://www.akikanko.or.jp/syukuhaku/yamatoya.html",
        "room_count": 9,
        "check_in": "16:00",
        "check_out": "09:30",
        "price": "素泊り：6,600円|朝食付：7,300円|夕食付：8,800円|２食付：9,300円",
        "source_url": "https://min88.jp/inn/756/",
        "coordinate_source": "google_maps_embed_place"
      }
    },
    {
      "type": "Feature",
      "id": "min88-28890",
      "geometry": {
        "type": "Point",
        "coordinates": [
          133.9061864,
          33.5021342
        ]
      },
      "properties": {
        "provider": "min88",
        "source_id": "28890",
        "name": "清月旅館",
        "lodging_type": "ryokan",
        "lodging_types": "ryokan, hotel",
        "business_status": null,
        "address": "高知県安芸市矢ノ丸2丁目2-25",
        "phone": "0887-34-8855",
        "website": "https://www.akikanko.or.jp/syukuhaku/seigetsu.html",
        "room_count": 18,
        "check_in": "15:00-18:30",
        "check_out": "10:00",
        "price": "素泊り：4,900円|朝食付：5,800円|夕食付：6,700円|２食付：7,600円|※お盆やGW等の長期休み中は宿泊費+500円",
        "source_url": "https://min88.jp/inn/28890/",
        "coordinate_source": "google_maps_embed_place"
      }
    },
    {
      "type": "Feature",
      "id": "min88-758",
      "geometry": {
        "type": "Point",
        "coordinates": [
          133.785507,
          33.5224876
        ]
      },
      "properties": {
        "provider": "min88",
        "source_id": "758",
        "name": "メルキュール高知土佐リゾート＆スパ",
        "lodging_type": "ryokan",
        "lodging_types": "ryokan, hotel",
        "business_status": null,
        "address": "高知県安芸郡芸西村西分甲2995",
        "phone": "0887-33-4510",
        "website": "https://www.daiwaresort.jp/tosa/index.html/",
        "room_count": 195,
        "check_in": "15:00-23:00",
        "check_out": "10:00",
        "price": "素泊り：13,600円〜|朝食付：16,265円〜|夕食付：未確認|２食付：23,319円〜",
        "source_url": "https://min88.jp/inn/758/",
        "coordinate_source": "google_maps_embed_place"
      }
    },
    {
      "type": "Feature",
      "id": "min88-761",
      "geometry": {
        "type": "Point",
        "coordinates": [
          133.7776009,
          33.5191152
        ]
      },
      "properties": {
        "provider": "min88",
        "source_id": "761",
        "name": "ONIWA",
        "lodging_type": "campground",
        "lodging_types": "campground, guesthouse",
        "business_status": null,
        "address": "高知県安芸郡芸西村西分乙1307",
        "phone": "0887-37-9997|予約受付: 当日13：00まで",
        "website": "https://oniwa-kochi.com",
        "room_count": null,
        "check_in": "16:00",
        "check_out": "09:00",
        "price": "素泊り：|　・ゲストハウス　未確認|　・テントサイト　未確認|朝食付：設定なし|夕食付：設定なし|２食付：設定なし",
        "source_url": "https://min88.jp/inn/761/",
        "coordinate_source": "google_maps_embed_place"
      }
    },
    {
      "type": "Feature",
      "id": "min88-466",
      "geometry": {
        "type": "Point",
        "coordinates": [
          133.7663377,
          33.5174001
        ]
      },
      "properties": {
        "provider": "min88",
        "source_id": "466",
        "name": "住吉荘",
        "lodging_type": "guesthouse",
        "lodging_types": "guesthouse",
        "business_status": null,
        "address": "高知県香南市夜須町手結山1557-7",
        "phone": "0887-55-2945",
        "website": null,
        "room_count": 8,
        "check_in": "16:00",
        "check_out": "09:00",
        "price": "素泊り：4,500円|朝食付：未確認|夕食付：未確認|２食付：7,400円",
        "source_url": "https://min88.jp/inn/466/",
        "coordinate_source": "google_maps_embed_place"
      }
    },
    {
      "type": "Feature",
      "id": "min88-764",
      "geometry": {
        "type": "Point",
        "coordinates": [
          133.7587829,
          33.5209689
        ]
      },
      "properties": {
        "provider": "min88",
        "source_id": "764",
        "name": "海のやどしおや宿",
        "lodging_type": "ryokan",
        "lodging_types": "ryokan, hotel",
        "business_status": null,
        "address": "高知県香南市夜須町手結山1304",
        "phone": "0887-55-3196",
        "website": "http://www.shioyajuku.com",
        "room_count": 15,
        "check_in": null,
        "check_out": null,
        "price": "素泊り：|　・和室3,960円|　・2段ベッド室3,850円|朝食付：＋880円|夕食付：＋1,650円|２食付：未確認",
        "source_url": "https://min88.jp/inn/764/",
        "coordinate_source": "google_maps_embed_place"
      }
    },
    {
      "type": "Feature",
      "id": "min88-13640",
      "geometry": {
        "type": "Point",
        "coordinates": [
          133.7402525,
          33.5386258
        ]
      },
      "properties": {
        "provider": "min88",
        "source_id": "13640",
        "name": "民宿かがみ宿",
        "lodging_type": "guesthouse",
        "lodging_types": "guesthouse",
        "business_status": null,
        "address": "高知県香南市香我美町岸本996-73",
        "phone": "0887-55-2091",
        "website": "http://wwwd.pikara.ne.jp/kagamizyuku/",
        "room_count": null,
        "check_in": "16:00",
        "check_out": "10:00",
        "price": "素泊り：4,950円|朝食付：5,720円〜|夕食付：6,710円〜|２食付：7,150円〜",
        "source_url": "https://min88.jp/inn/13640/",
        "coordinate_source": "google_maps_embed_place"
      }
    },
    {
      "type": "Feature",
      "id": "min88-13645",
      "geometry": {
        "type": "Point",
        "coordinates": [
          133.7368185,
          33.5387953
        ]
      },
      "properties": {
        "provider": "min88",
        "source_id": "13645",
        "name": "オリーブ・ハウス",
        "lodging_type": "guesthouse",
        "lodging_types": "guesthouse",
        "business_status": null,
        "address": "高知県香南市香我美町岸本328-196",
        "phone": "090-8699-6176",
        "website": "https://olive-house.jimdosite.com",
        "room_count": null,
        "check_in": "15:00",
        "check_out": "11:00",
        "price": "素泊り：|　・1人利用　6,600円|　・2人利用　6,600円|　・3名利用　8,800円|　・4名利用　11,000円|　・5名利用　13,200円|朝食付：設定なし|夕食付：設定なし|２食付：設定なし",
        "source_url": "https://min88.jp/inn/13645/",
        "coordinate_source": "google_maps_embed_place"
      }
    },
    {
      "type": "Feature",
      "id": "min88-13652",
      "geometry": {
        "type": "Point",
        "coordinates": [
          133.7162079,
          33.5500082
        ]
      },
      "properties": {
        "provider": "min88",
        "source_id": "13652",
        "name": "旅館かとり",
        "lodging_type": "ryokan",
        "lodging_types": "ryokan, hotel",
        "business_status": null,
        "address": "高知県香南市野市町東野1955-2",
        "phone": "0887-55-3133",
        "website": "http://www.ka-to-ri.co.jp",
        "room_count": 34,
        "check_in": "16:00",
        "check_out": "10:00",
        "price": "素泊り：4,800円|朝食付：5,500円|夕食付：7,500円|２食付：8,000円",
        "source_url": "https://min88.jp/inn/13652/",
        "coordinate_source": "google_maps_embed_place"
      }
    },
    {
      "type": "Feature",
      "id": "min88-13656",
      "geometry": {
        "type": "Point",
        "coordinates": [
          133.705055,
          33.558477
        ]
      },
      "properties": {
        "provider": "min88",
        "source_id": "13656",
        "name": "高知黒潮ホテル",
        "lodging_type": "ryokan",
        "lodging_types": "ryokan, hotel",
        "business_status": null,
        "address": "高知県香南市野市町東野1630",
        "phone": "0887-56-5800",
        "website": "https://ryusei-family.com",
        "room_count": 103,
        "check_in": "14:00",
        "check_out": "10:00",
        "price": "素泊り：9,250円|朝食付：10,350円|夕食付：未確認|２食付：12,350円",
        "source_url": "https://min88.jp/inn/13656/",
        "coordinate_source": "google_maps_embed_place"
      }
    },
    {
      "type": "Feature",
      "id": "min88-766",
      "geometry": {
        "type": "Point",
        "coordinates": [
          133.7020928,
          33.5615954
        ]
      },
      "properties": {
        "provider": "min88",
        "source_id": "766",
        "name": "丸米旅館",
        "lodging_type": "ryokan",
        "lodging_types": "ryokan, hotel",
        "business_status": "closed_or_suspended",
        "address": "高知県香南市野市町西野2682",
        "phone": "0887-56-0353",
        "website": "—",
        "room_count": null,
        "check_in": "16:00",
        "check_out": "10:00",
        "price": "素泊り：4,400円\n朝食付：4,950円\n夕食付： —\n２食付： —",
        "source_url": "https://min88.jp/inn/766/",
        "coordinate_source": "google_maps_embed_place"
      }
    },
    {
      "type": "Feature",
      "id": "min88-768",
      "geometry": {
        "type": "Point",
        "coordinates": [
          133.7021396,
          33.5743902
        ]
      },
      "properties": {
        "provider": "min88",
        "source_id": "768",
        "name": "ら・すとらーだ８１２",
        "lodging_type": "guesthouse",
        "lodging_types": "guesthouse",
        "business_status": null,
        "address": "高知県香南市野市町大谷410-6",
        "phone": "0120-145-578",
        "website": null,
        "room_count": null,
        "check_in": "16:00",
        "check_out": "11:00",
        "price": "素泊り：6,000円|朝食付：設定なし|夕食付：設定なし|２食付：設定なし",
        "source_url": "https://min88.jp/inn/768/",
        "coordinate_source": "google_maps_embed_place"
      }
    },
    {
      "type": "Feature",
      "id": "min88-770",
      "geometry": {
        "type": "Point",
        "coordinates": [
          133.696344,
          33.5747553
        ]
      },
      "properties": {
        "provider": "min88",
        "source_id": "770",
        "name": "ゲストハウス水仙",
        "lodging_type": "guesthouse",
        "lodging_types": "guesthouse",
        "business_status": null,
        "address": "高知県香南市野市町西野242-21",
        "phone": "090-9772-8761",
        "website": "http://henro-suisen.com",
        "room_count": 3,
        "check_in": "16:00",
        "check_out": "10:00",
        "price": "素泊り：6,000円|朝食付：設定なし|夕食付：設定なし|２食付：設定なし",
        "source_url": "https://min88.jp/inn/770/",
        "coordinate_source": "google_maps_embed_place"
      }
    },
    {
      "type": "Feature",
      "id": "min88-8555",
      "geometry": {
        "type": "Point",
        "coordinates": [
          133.7050536,
          33.5777508
        ]
      },
      "properties": {
        "provider": "min88",
        "source_id": "8555",
        "name": "大日寺（通夜堂）",
        "lodging_type": "pilgrim_shelter",
        "lodging_types": "pilgrim_shelter",
        "business_status": null,
        "address": "高知県香南市野市町母代寺476",
        "phone": null,
        "website": null,
        "room_count": 1,
        "check_in": null,
        "check_out": null,
        "price": "素泊り：無料|朝食付：設定なし|夕食付：設定なし|２食付：設定なし",
        "source_url": "https://min88.jp/inn/8555/",
        "coordinate_source": "google_maps_embed_place"
      }
    },
    {
      "type": "Feature",
      "id": "min88-181",
      "geometry": {
        "type": "Point",
        "coordinates": [
          133.704118,
          33.578777
        ]
      },
      "properties": {
        "provider": "min88",
        "source_id": "181",
        "name": "民宿喫茶きらく",
        "lodging_type": "guesthouse",
        "lodging_types": "guesthouse",
        "business_status": null,
        "address": "高知県香南市野市町母代寺414-5",
        "phone": "0887-56-1985",
        "website": null,
        "room_count": 3,
        "check_in": "15:00",
        "check_out": "10:00",
        "price": "素泊り：5,000円|朝食付：7,000円|夕食付：7,000円|２食付：7,800円",
        "source_url": "https://min88.jp/inn/181/",
        "coordinate_source": "google_maps_embed_place"
      }
    },
    {
      "type": "Feature",
      "id": "min88-772",
      "geometry": {
        "type": "Point",
        "coordinates": [
          133.5820561,
          33.5938231
        ]
      },
      "properties": {
        "provider": "min88",
        "source_id": "772",
        "name": "レインボー北星",
        "lodging_type": "guesthouse",
        "lodging_types": "guesthouse",
        "business_status": "closed_or_suspended",
        "address": "高知県高知市一宮東町5丁目35-1",
        "phone": "090-8973-0288",
        "website": "—",
        "room_count": 2,
        "check_in": "16:00",
        "check_out": "09:00",
        "price": "素泊り：5,000円\n（ご希望の方は朝のパン・コーヒー・サラダ付）\n朝食付： —\n夕食付： —\n２食付：6,500円",
        "source_url": "https://min88.jp/inn/772/",
        "coordinate_source": "google_maps_embed_place"
      }
    },
    {
      "type": "Feature",
      "id": "min88-988",
      "geometry": {
        "type": "Point",
        "coordinates": [
          133.5778476,
          33.5896191
        ]
      },
      "properties": {
        "provider": "min88",
        "source_id": "988",
        "name": "お宿 花鳥風月",
        "lodging_type": "guesthouse",
        "lodging_types": "guesthouse",
        "business_status": "closed_or_suspended",
        "address": "高知県高知市一宮しなね2丁目18番15号",
        "phone": "080-4032-0101",
        "website": "pilgrims-guest-house.com",
        "room_count": null,
        "check_in": "16:00",
        "check_out": "10:00",
        "price": "素泊り：\n・ドミトリー3,300円\n・女性専用個室4,400円\n朝食付： —\n夕食付： —\n２食付： —",
        "source_url": "https://min88.jp/inn/988/",
        "coordinate_source": "google_maps_embed_place"
      }
    },
    {
      "type": "Feature",
      "id": "min88-15636",
      "geometry": {
        "type": "Point",
        "coordinates": [
          133.580385,
          33.5869705
        ]
      },
      "properties": {
        "provider": "min88",
        "source_id": "15636",
        "name": "民泊･土佐指南家（女性専用）",
        "lodging_type": "guesthouse",
        "lodging_types": "guesthouse",
        "business_status": null,
        "address": "高知県高知市一宮東町2丁目18-9",
        "phone": "非公開",
        "website": "https://10347n8.com|https://www.airbnb.jp/users/show/209879556",
        "room_count": 3,
        "check_in": "17:00-21:00",
        "check_out": "10:00",
        "price": "素泊り：・ヤマモモ（1階/定員1名）5,500円| ・リュウキュウ（1階/定員2名）11,000円| ・コナツ（2階/定員2名）11,000円| ※リュウキュウ・コナツをシングルユースの場合は7,500円|朝食付：未確認|夕食付：未確認|２食付：未確認",
        "source_url": "https://min88.jp/inn/15636/",
        "coordinate_source": "google_maps_embed_place"
      }
    },
    {
      "type": "Feature",
      "id": "min88-470",
      "geometry": {
        "type": "Point",
        "coordinates": [
          133.5754026,
          33.5692877
        ]
      },
      "properties": {
        "provider": "min88",
        "source_id": "470",
        "name": "セリーズ",
        "lodging_type": "ryokan",
        "lodging_types": "ryokan, hotel",
        "business_status": null,
        "address": "高知県高知市高須砂地155番地",
        "phone": "088-866-7000",
        "website": "https://www.chres.jp",
        "room_count": 27,
        "check_in": "15:00",
        "check_out": "11:00",
        "price": "素泊り：8,300円〜|朝食付：10,100円〜|夕食付：未確認|２食付：未確認",
        "source_url": "https://min88.jp/inn/470/",
        "coordinate_source": "google_maps_embed_place"
      }
    },
    {
      "type": "Feature",
      "id": "min88-618",
      "geometry": {
        "type": "Point",
        "coordinates": [
          133.5495982,
          33.5725857
        ]
      },
      "properties": {
        "provider": "min88",
        "source_id": "618",
        "name": "かつおゲストハウス",
        "lodging_type": "guesthouse",
        "lodging_types": "guesthouse",
        "business_status": null,
        "address": "高知県高知市比島町4丁目7-28",
        "phone": "070-5352-1167|※予約専用8:00〜20:00",
        "website": "https://katuo-gh.com",
        "room_count": 6,
        "check_in": "16:00-20:00",
        "check_out": "10:00",
        "price": "素泊り：|　・ドミトリー4,000円|　・個室5,000円|朝食付：設定なし|夕食付：設定なし|２食付：設定なし",
        "source_url": "https://min88.jp/inn/618/",
        "coordinate_source": "google_maps_embed_place"
      }
    },
    {
      "type": "Feature",
      "id": "min88-20803",
      "geometry": {
        "type": "Point",
        "coordinates": [
          133.5468355,
          33.5657288
        ]
      },
      "properties": {
        "provider": "min88",
        "source_id": "20803",
        "name": "ホテルロスイン高知",
        "lodging_type": "hotel",
        "lodging_types": "hotel",
        "business_status": null,
        "address": "高知県高知市北本町2-4-8",
        "phone": "088-884-1110",
        "website": "http://www.losinn.club",
        "room_count": 100,
        "check_in": "16:00",
        "check_out": "10:00",
        "price": "素泊り：6,500円|朝食付：7,300円|夕食付：設定なし|２食付：設定なし",
        "source_url": "https://min88.jp/inn/20803/",
        "coordinate_source": "google_maps_embed_place"
      }
    },
    {
      "type": "Feature",
      "id": "min88-20951",
      "geometry": {
        "type": "Point",
        "coordinates": [
          133.5451493,
          33.565584
        ]
      },
      "properties": {
        "provider": "min88",
        "source_id": "20951",
        "name": "ホテル楽家　櫻舘",
        "lodging_type": "hotel",
        "lodging_types": "hotel",
        "business_status": null,
        "address": "高知県高知市北本町2-1-13",
        "phone": "088-804-1122",
        "website": "https://gakuya-sakurakan.com",
        "room_count": 44,
        "check_in": "16:00",
        "check_out": "10:00",
        "price": "素泊り：6,500円|朝食付：7,300円|夕食付：未確認|２食付：未確認",
        "source_url": "https://min88.jp/inn/20951/",
        "coordinate_source": "google_maps_embed_place"
      }
    },
    {
      "type": "Feature",
      "id": "min88-16959",
      "geometry": {
        "type": "Point",
        "coordinates": [
          133.5421117,
          33.5670066
        ]
      },
      "properties": {
        "provider": "min88",
        "source_id": "16959",
        "name": "ＪＲクレメントイン高知",
        "lodging_type": "hotel",
        "lodging_types": "hotel",
        "business_status": null,
        "address": "高知県高知市北本町1-10-59",
        "phone": "088-855-3111",
        "website": "https://www.jrclement.co.jp/inn/kochi/",
        "room_count": 187,
        "check_in": "15:00",
        "check_out": "11:00",
        "price": "素泊り：8,800円|朝食付：9,900円|夕食付：設定なし|２食付：設定なし",
        "source_url": "https://min88.jp/inn/16959/",
        "coordinate_source": "google_maps_embed_place"
      }
    },
    {
      "type": "Feature",
      "id": "min88-20977",
      "geometry": {
        "type": "Point",
        "coordinates": [
          133.5438889,
          33.5652778
        ]
      },
      "properties": {
        "provider": "min88",
        "source_id": "20977",
        "name": "高知パシフックホテル",
        "lodging_type": "hotel",
        "lodging_types": "hotel",
        "business_status": null,
        "address": "高知県高知市駅前町1-15",
        "phone": "088-884-0777",
        "website": "http://www.kochi-pacific.co.jp",
        "room_count": 104,
        "check_in": "14:00",
        "check_out": "11:00",
        "price": "素泊り：7,550円|朝食付：8,650円|夕食付：設定なし|２食付：設定なし",
        "source_url": "https://min88.jp/inn/20977/",
        "coordinate_source": "google_maps_embed_place"
      }
    },
    {
      "type": "Feature",
      "id": "min88-17004",
      "geometry": {
        "type": "Point",
        "coordinates": [
          133.5432319,
          33.5658819
        ]
      },
      "properties": {
        "provider": "min88",
        "source_id": "17004",
        "name": "高知ホテル",
        "lodging_type": "ryokan",
        "lodging_types": "ryokan, hotel",
        "business_status": null,
        "address": "高知県高知市駅前町4-10",
        "phone": "088-822-8008",
        "website": "http://www.kochihotel.co.jp",
        "room_count": 79,
        "check_in": "15:00",
        "check_out": "10:00",
        "price": "素泊り：8,000円〜|朝食付：9,000円〜|夕食付：設定なし|２食付：設定なし",
        "source_url": "https://min88.jp/inn/17004/",
        "coordinate_source": "google_maps_embed_place"
      }
    },
    {
      "type": "Feature",
      "id": "min88-25239",
      "geometry": {
        "type": "Point",
        "coordinates": [
          133.5440741,
          33.5651691
        ]
      },
      "properties": {
        "provider": "min88",
        "source_id": "25239",
        "name": "ホテルタウン駅前",
        "lodging_type": "hotel",
        "lodging_types": "hotel",
        "business_status": null,
        "address": "高知県高知市駅前町1-20",
        "phone": "088-884-0066",
        "website": "http://www.towngroup.co.jp/ekimae/",
        "room_count": 74,
        "check_in": "16:00-28:00",
        "check_out": "10:00",
        "price": "素泊り：5,200円|朝食付：5,400円|夕食付：設定なし|２食付：設定なし",
        "source_url": "https://min88.jp/inn/25239/",
        "coordinate_source": "google_maps_embed_place"
      }
    },
    {
      "type": "Feature",
      "id": "min88-25247",
      "geometry": {
        "type": "Point",
        "coordinates": [
          133.556035,
          33.5582354
        ]
      },
      "properties": {
        "provider": "min88",
        "source_id": "25247",
        "name": "ホテル高知プラザ",
        "lodging_type": "hotel",
        "lodging_types": "hotel",
        "business_status": null,
        "address": "高知県高知市知寄町1-6-10",
        "phone": "088-884-6661",
        "website": null,
        "room_count": 48,
        "check_in": "16:00-20:00",
        "check_out": "10:00",
        "price": "素泊り：設定なし|朝食付：4,100円|夕食付：設定なし|２食付：設定なし",
        "source_url": "https://min88.jp/inn/25247/",
        "coordinate_source": "google_maps_embed_place"
      }
    },
    {
      "type": "Feature",
      "id": "min88-17010",
      "geometry": {
        "type": "Point",
        "coordinates": [
          133.5399543,
          33.5653553
        ]
      },
      "properties": {
        "provider": "min88",
        "source_id": "17010",
        "name": "スーパーホテル高知天然温泉",
        "lodging_type": "hotel",
        "lodging_types": "hotel",
        "business_status": null,
        "address": "高知県高知市北本町1-3-20",
        "phone": "088-802-9000",
        "website": "https://www.superhotel.co.jp/s_hotels/kouchi/",
        "room_count": 120,
        "check_in": "15:00",
        "check_out": "10:00",
        "price": "素泊り：未確認|朝食付：9,000円|夕食付：設定なし|２食付：設定なし",
        "source_url": "https://min88.jp/inn/17010/",
        "coordinate_source": "google_maps_embed_place"
      }
    },
    {
      "type": "Feature",
      "id": "min88-17039",
      "geometry": {
        "type": "Point",
        "coordinates": [
          133.5429314,
          33.5631039
        ]
      },
      "properties": {
        "provider": "min88",
        "source_id": "17039",
        "name": "高知グリーンホテルはりまや橋",
        "lodging_type": "hotel",
        "lodging_types": "hotel",
        "business_status": null,
        "address": "高知県高知市はりまや町3-1-11",
        "phone": "088-822-1800",
        "website": "https://greenrichhotels.jp/kochi/",
        "room_count": 86,
        "check_in": "15:00",
        "check_out": "11:00",
        "price": "素泊り：5,900円〜|朝食付：6,700円〜|夕食付：設定なし|２食付：設定なし",
        "source_url": "https://min88.jp/inn/17039/",
        "coordinate_source": "google_maps_embed_place"
      }
    },
    {
      "type": "Feature",
      "id": "min88-1313",
      "geometry": {
        "type": "Point",
        "coordinates": [
          133.54431,
          33.5602099
        ]
      },
      "properties": {
        "provider": "min88",
        "source_id": "1313",
        "name": "はりまや橋ゲストハウス",
        "lodging_type": "guesthouse",
        "lodging_types": "guesthouse",
        "business_status": null,
        "address": "高知県高知市はりまや町1-6-11",
        "phone": "070-4032-6308",
        "website": "https://henro-guesthouse.com/harimaya/",
        "room_count": 1,
        "check_in": "16:00-20:00",
        "check_out": "12:00",
        "price": "素泊り：|　・平日2,800円/人|　・金土3,000円/人|　・GWやお盆など4,000円/人|朝食付：設定なし|夕食付：設定なし|２食付：設定なし",
        "source_url": "https://min88.jp/inn/1313/",
        "coordinate_source": "google_maps_embed_place"
      }
    },
    {
      "type": "Feature",
      "id": "min88-25251",
      "geometry": {
        "type": "Point",
        "coordinates": [
          133.5543755,
          33.5563155
        ]
      },
      "properties": {
        "provider": "min88",
        "source_id": "25251",
        "name": "ホテルベストプライス高知",
        "lodging_type": "hotel",
        "lodging_types": "hotel",
        "business_status": null,
        "address": "高知県高知市南宝永町16-12",
        "phone": "088-861-1223",
        "website": "https://www.hotel-bpk.com",
        "room_count": 64,
        "check_in": "15:00-24:00",
        "check_out": "10:00",
        "price": "素泊り：7,600円|朝食付：8,400円|夕食付：9,100円|２食付：未確認",
        "source_url": "https://min88.jp/inn/25251/",
        "coordinate_source": "google_maps_embed_place"
      }
    },
    {
      "type": "Feature",
      "id": "min88-13663",
      "geometry": {
        "type": "Point",
        "coordinates": [
          133.5891536,
          33.5588432
        ]
      },
      "properties": {
        "provider": "min88",
        "source_id": "13663",
        "name": "ホテル土佐路 たかす",
        "lodging_type": "hotel",
        "lodging_types": "hotel",
        "business_status": null,
        "address": "高知県高知市高須2-6-55",
        "phone": "088-882-7700",
        "website": "http://www.tosaji.jp",
        "room_count": 49,
        "check_in": "15:00",
        "check_out": "10:00",
        "price": "素泊り：5,000円〜|朝食付：5,600円〜|夕食付：未確認|２食付：6,600円〜",
        "source_url": "https://min88.jp/inn/13663/",
        "coordinate_source": "google_maps_embed_place"
      }
    },
    {
      "type": "Feature",
      "id": "min88-20494",
      "geometry": {
        "type": "Point",
        "coordinates": [
          133.5423251,
          33.5598485
        ]
      },
      "properties": {
        "provider": "min88",
        "source_id": "20494",
        "name": "西鉄イン高知はりまや橋",
        "lodging_type": "hotel",
        "lodging_types": "hotel",
        "business_status": null,
        "address": "高知県高知市はりまや町1-1-3",
        "phone": "088-875-5454",
        "website": "https://nnr-h.com/n-inn/kochi/",
        "room_count": 248,
        "check_in": "15:00",
        "check_out": "10:00",
        "price": "素泊り：7,800円|朝食付：9,300円|夕食付：設定なし|２食付：設定なし",
        "source_url": "https://min88.jp/inn/20494/",
        "coordinate_source": "google_maps_embed_place"
      }
    },
    {
      "type": "Feature",
      "id": "min88-32055",
      "geometry": {
        "type": "Point",
        "coordinates": [
          133.5304411,
          33.5705768
        ]
      },
      "properties": {
        "provider": "min88",
        "source_id": "32055",
        "name": "ホステルファイブ（お遍路部）",
        "lodging_type": "guesthouse",
        "lodging_types": "guesthouse",
        "business_status": null,
        "address": "高知県高知市伊勢崎町14-20 2F",
        "phone": "080-6968-8000",
        "website": "https://hostel-five.com/",
        "room_count": 2,
        "check_in": "15:00-22:00",
        "check_out": "10:00",
        "price": "素泊り：4,950円〜|朝食付：設定無し|夕食付：設定無し|２食付：設定無し",
        "source_url": "https://min88.jp/inn/32055/",
        "coordinate_source": "google_maps_embed_place"
      }
    },
    {
      "type": "Feature",
      "id": "min88-62924",
      "geometry": {
        "type": "Point",
        "coordinates": [
          133.5495926,
          33.5581828
        ]
      },
      "properties": {
        "provider": "min88",
        "source_id": "62924",
        "name": "サウスブリーズホテル 高知海月",
        "lodging_type": "hotel",
        "lodging_types": "hotel",
        "business_status": null,
        "address": "高知県高知市農人町5-29",
        "phone": "088-885-5050",
        "website": "https://hb.afl.rakuten.co.jp/hgc/0d275e50.fa31ae93.0d275e51.0ddec40e/?pc=https%3A%2F%2Ftravel.rakuten.co.jp%2FHOTEL%2F8682%2F8682.html%3Fcid%3Dtr_af_1632&link_type=hybrid_url&ut=eyJwYWdlIjoiaXRlbSIsInR5cGUiOiJoeWJyaWRfdXJsIiwic2l6ZSI6IjEwMHgxMDAiLCJuYW0iOjEsIm5hbXAiOiJyaWdodCIsImNvbSI6MSwiY29tcCI6ImRvd24iLCJwcmljZSI6MSwiYm9yIjoxLCJjb2wiOjEsImJidG4iOjEsInByb2QiOjAsImFtcCI6ZmFsc2V9",
        "room_count": 63,
        "check_in": "15:00-25:00",
        "check_out": "10:00",
        "price": "素泊り：5,650円〜|朝食付：6,750円〜|夕食付：設定なし|２食付：設定なし",
        "source_url": "https://min88.jp/inn/62924/",
        "coordinate_source": "google_maps_embed_place"
      }
    },
    {
      "type": "Feature",
      "id": "min88-17075",
      "geometry": {
        "type": "Point",
        "coordinates": [
          133.5394272,
          33.5609983
        ]
      },
      "properties": {
        "provider": "min88",
        "source_id": "17075",
        "name": "ドーミーイン高知",
        "lodging_type": "hotel",
        "lodging_types": "hotel",
        "business_status": null,
        "address": "高知県高知市帯屋町1-9-12",
        "phone": "088-872-5489",
        "website": "https://www.hotespa.net/hotels/kochi/",
        "room_count": 206,
        "check_in": "15:00",
        "check_out": "11:00",
        "price": "素泊り：9,150円|朝食付：10,950円|夕食付：設定なし|２食付：設定なし",
        "source_url": "https://min88.jp/inn/17075/",
        "coordinate_source": "google_maps_embed_place"
      }
    },
    {
      "type": "Feature",
      "id": "min88-25229",
      "geometry": {
        "type": "Point",
        "coordinates": [
          133.5431025,
          33.5580432
        ]
      },
      "properties": {
        "provider": "min88",
        "source_id": "25229",
        "name": "ホテルアベスト高知",
        "lodging_type": "hotel",
        "lodging_types": "hotel",
        "business_status": null,
        "address": "高知県高知市南はりまや町1-7-14",
        "phone": "088-885-0077",
        "website": "https://www.bhverde.com",
        "room_count": 40,
        "check_in": "15:00-25:00",
        "check_out": "10:00",
        "price": "素泊り：6,800円|朝食付：7,600円|夕食付：設定なし|２食付：設定なし",
        "source_url": "https://min88.jp/inn/25229/",
        "coordinate_source": "google_maps_embed_place"
      }
    },
    {
      "type": "Feature",
      "id": "min88-20510",
      "geometry": {
        "type": "Point",
        "coordinates": [
          133.5418702,
          33.5578734
        ]
      },
      "properties": {
        "provider": "min88",
        "source_id": "20510",
        "name": "ビジネスホテル土佐",
        "lodging_type": "hotel",
        "lodging_types": "hotel",
        "business_status": null,
        "address": "高知県高知市堺町8-4",
        "phone": "088-825-3332",
        "website": null,
        "room_count": 12,
        "check_in": "15:00",
        "check_out": "10:00",
        "price": "素泊り：4,880円〜|朝食付：設定なし|夕食付：設定なし|２食付：設定なし",
        "source_url": "https://min88.jp/inn/20510/",
        "coordinate_source": "google_maps_embed_place"
      }
    },
    {
      "type": "Feature",
      "id": "min88-20501",
      "geometry": {
        "type": "Point",
        "coordinates": [
          133.5400797,
          33.5568365
        ]
      },
      "properties": {
        "provider": "min88",
        "source_id": "20501",
        "name": "高知ビジネスホテル別館",
        "lodging_type": "hotel",
        "lodging_types": "hotel",
        "business_status": null,
        "address": "高知県高知市与力町9-5",
        "phone": "088-875-3121",
        "website": "http://www.towngroup.co.jp/bekkan/",
        "room_count": 40,
        "check_in": "16:00",
        "check_out": "11:00",
        "price": "素泊り：2,700円〜|朝食付：設定なし|夕食付：設定なし|２食付：設定なし",
        "source_url": "https://min88.jp/inn/20501/",
        "coordinate_source": "google_maps_embed_place"
      }
    },
    {
      "type": "Feature",
      "id": "min88-20642",
      "geometry": {
        "type": "Point",
        "coordinates": [
          133.540256,
          33.5549411
        ]
      },
      "properties": {
        "provider": "min88",
        "source_id": "20642",
        "name": "リバーサイドホテル松栄",
        "lodging_type": "ryokan",
        "lodging_types": "ryokan, hotel",
        "business_status": null,
        "address": "高知県高知市天神町8-1",
        "phone": "088-832-3211",
        "website": "https://www.kochi-shoei.co.jp",
        "room_count": 64,
        "check_in": "16:00",
        "check_out": "10:00",
        "price": "素泊り：5,500円|朝食付：6,500円|夕食付：未確認|２食付：8,800円",
        "source_url": "https://min88.jp/inn/20642/",
        "coordinate_source": "google_maps_embed_place"
      }
    },
    {
      "type": "Feature",
      "id": "min88-19728",
      "geometry": {
        "type": "Point",
        "coordinates": [
          133.53373,
          33.558029
        ]
      },
      "properties": {
        "provider": "min88",
        "source_id": "19728",
        "name": "ザ クラウンパレス新阪急高知",
        "lodging_type": "hotel",
        "lodging_types": "hotel",
        "business_status": null,
        "address": "高知県高知市本町4-2-50",
        "phone": "088-873-1111",
        "website": "https://www.crownpalais.jp/kochi/",
        "room_count": 242,
        "check_in": "14:00",
        "check_out": "11:00",
        "price": "素泊り：10,800円|朝食付：12,500円|夕食付：設定なし|２食付：設定なし",
        "source_url": "https://min88.jp/inn/19728/",
        "coordinate_source": "google_maps_embed_place"
      }
    },
    {
      "type": "Feature",
      "id": "min88-32166",
      "geometry": {
        "type": "Point",
        "coordinates": [
          133.51156,
          33.5561945
        ]
      },
      "properties": {
        "provider": "min88",
        "source_id": "32166",
        "name": "ゲストハウスルルル",
        "lodging_type": "guesthouse",
        "lodging_types": "guesthouse",
        "business_status": null,
        "address": "高知県高知市旭町2-2",
        "phone": "080-9297-0650",
        "website": "https://officelululu.com",
        "room_count": 20,
        "check_in": "15:00-21:00",
        "check_out": "10:00",
        "price": "素泊り：ドミトリールーム平日3,850円|朝食付：無料朝食|夕食付：無料夕食|２食付：無料",
        "source_url": "https://min88.jp/inn/32166/",
        "coordinate_source": "google_maps_embed_place"
      }
    },
    {
      "type": "Feature",
      "id": "min88-774",
      "geometry": {
        "type": "Point",
        "coordinates": [
          133.5733404,
          33.5167943
        ]
      },
      "properties": {
        "provider": "min88",
        "source_id": "774",
        "name": "海老庄",
        "lodging_type": "guesthouse",
        "lodging_types": "guesthouse",
        "business_status": null,
        "address": "高知県高知市仁井田4365",
        "phone": "088-847-0268",
        "website": null,
        "room_count": 5,
        "check_in": null,
        "check_out": null,
        "price": "素泊り：4,400円|朝食付：4,950円|夕食付：未確認|２食付：6,600円",
        "source_url": "https://min88.jp/inn/774/",
        "coordinate_source": "google_maps_embed_place"
      }
    },
    {
      "type": "Feature",
      "id": "min88-498",
      "geometry": {
        "type": "Point",
        "coordinates": [
          133.5696277,
          33.5028842
        ]
      },
      "properties": {
        "provider": "min88",
        "source_id": "498",
        "name": "種崎千松公園キャンプ場",
        "lodging_type": "campground",
        "lodging_types": "campground",
        "business_status": null,
        "address": "高知県高知市種崎",
        "phone": "088-823-9853",
        "website": "https://www.pref.kochi.lg.jp/soshiki/171801/tanezaki.html",
        "room_count": null,
        "check_in": null,
        "check_out": null,
        "price": "素泊り：無料|朝食付：設定なし|夕食付：設定なし|２食付：設定なし",
        "source_url": "https://min88.jp/inn/498/",
        "coordinate_source": "google_maps_embed_place"
      }
    },
    {
      "type": "Feature",
      "id": "min88-472",
      "geometry": {
        "type": "Point",
        "coordinates": [
          133.5723926,
          33.4966694
        ]
      },
      "properties": {
        "provider": "min88",
        "source_id": "472",
        "name": "国民宿舎桂浜荘",
        "lodging_type": "ryokan",
        "lodging_types": "ryokan, hotel",
        "business_status": "closed_or_suspended",
        "address": "高知県高知市浦戸830-25",
        "phone": "088-841-2201",
        "website": "www.katsurahama.jp",
        "room_count": null,
        "check_in": null,
        "check_out": null,
        "price": "お遍路宿泊プラン：7,990円（一泊二食付き）\n※要納経帳",
        "source_url": "https://min88.jp/inn/472/",
        "coordinate_source": "google_maps_embed_place"
      }
    },
    {
      "type": "Feature",
      "id": "min88-8635",
      "geometry": {
        "type": "Point",
        "coordinates": [
          133.5674644,
          33.495817
        ]
      },
      "properties": {
        "provider": "min88",
        "source_id": "8635",
        "name": "民宿坂本",
        "lodging_type": "guesthouse",
        "lodging_types": "guesthouse",
        "business_status": null,
        "address": "高知県高知市浦戸457",
        "phone": "088-841-2348",
        "website": null,
        "room_count": 6,
        "check_in": "17:00",
        "check_out": "09:30",
        "price": "素泊り：5,000円|朝食付：未確認|夕食付：未確認|２食付：7,500円",
        "source_url": "https://min88.jp/inn/8635/",
        "coordinate_source": "google_maps_embed_place"
      }
    },
    {
      "type": "Feature",
      "id": "min88-13609",
      "geometry": {
        "type": "Point",
        "coordinates": [
          133.5669785,
          33.4957063
        ]
      },
      "properties": {
        "provider": "min88",
        "source_id": "13609",
        "name": "民宿五色石荘",
        "lodging_type": "guesthouse",
        "lodging_types": "guesthouse",
        "business_status": null,
        "address": "高知県高知市浦戸474-3",
        "phone": "088-841-4161",
        "website": null,
        "room_count": 5,
        "check_in": "17:00",
        "check_out": "09:30",
        "price": "素泊り：未確認|朝食付：未確認|夕食付：未確認|２食付：未確認",
        "source_url": "https://min88.jp/inn/13609/",
        "coordinate_source": "google_maps_embed_place"
      }
    },
    {
      "type": "Feature",
      "id": "min88-13600",
      "geometry": {
        "type": "Point",
        "coordinates": [
          133.5636202,
          33.4938334
        ]
      },
      "properties": {
        "provider": "min88",
        "source_id": "13600",
        "name": "民宿浦戸荘",
        "lodging_type": "guesthouse",
        "lodging_types": "guesthouse",
        "business_status": null,
        "address": "高知県高知市浦戸769-1",
        "phone": "088-841-2471",
        "website": null,
        "room_count": 7,
        "check_in": "16:00",
        "check_out": "09:00",
        "price": "素泊り：未確認|朝食付：未確認|夕食付：未確認|２食付：未確認",
        "source_url": "https://min88.jp/inn/13600/",
        "coordinate_source": "google_maps_embed_place"
      }
    },
    {
      "type": "Feature",
      "id": "min88-13594",
      "geometry": {
        "type": "Point",
        "coordinates": [
          133.572168,
          33.499184
        ]
      },
      "properties": {
        "provider": "min88",
        "source_id": "13594",
        "name": "民宿まさご",
        "lodging_type": "guesthouse",
        "lodging_types": "guesthouse",
        "business_status": null,
        "address": "高知県高知市浦戸22",
        "phone": "088-841-2580",
        "website": "https://www.minshuku-masago.com",
        "room_count": 4,
        "check_in": "15:00-20:00",
        "check_out": "10:00",
        "price": "素泊り：未確認|朝食付：8,000円|夕食付：未確認|２食付：12,100円",
        "source_url": "https://min88.jp/inn/13594/",
        "coordinate_source": "google_maps_embed_place"
      }
    },
    {
      "type": "Feature",
      "id": "min88-13669",
      "geometry": {
        "type": "Point",
        "coordinates": [
          133.5497536,
          33.4970564
        ]
      },
      "properties": {
        "provider": "min88",
        "source_id": "13669",
        "name": "民宿旅館 英光",
        "lodging_type": "guesthouse",
        "lodging_types": "guesthouse",
        "business_status": null,
        "address": "高知県高知市長浜5184",
        "phone": "088-842-2164",
        "website": "http://www.eikominshuku.jp",
        "room_count": null,
        "check_in": "15:00",
        "check_out": null,
        "price": "素泊り：5,000円|朝食付：未確認|夕食付：未確認|２食付：7,500円",
        "source_url": "https://min88.jp/inn/13669/",
        "coordinate_source": "google_maps_embed_place"
      }
    },
    {
      "type": "Feature",
      "id": "min88-620",
      "geometry": {
        "type": "Point",
        "coordinates": [
          133.5456653,
          33.4996306
        ]
      },
      "properties": {
        "provider": "min88",
        "source_id": "620",
        "name": "お遍路ハウス33（女性専用）",
        "lodging_type": "guesthouse",
        "lodging_types": "guesthouse",
        "business_status": null,
        "address": "高知県高知市長浜4719-1",
        "phone": "090-2825-3387",
        "website": "https://ohenrohouse.com",
        "room_count": 2,
        "check_in": "16:00-21:00",
        "check_out": "11:00",
        "price": "素泊り：|　・お遍路さん5,000円|　・一般客　　10,000円|朝食付：設定なし|夕食付：設定なし|２食付：設定なし",
        "source_url": "https://min88.jp/inn/620/",
        "coordinate_source": "google_maps_embed_place"
      }
    },
    {
      "type": "Feature",
      "id": "min88-540",
      "geometry": {
        "type": "Point",
        "coordinates": [
          133.5430577,
          33.5008218
        ]
      },
      "properties": {
        "provider": "min88",
        "source_id": "540",
        "name": "雪蹊寺（通夜堂）",
        "lodging_type": "pilgrim_shelter",
        "lodging_types": "pilgrim_shelter",
        "business_status": null,
        "address": "高知県高知市長浜857-3",
        "phone": "非掲載",
        "website": null,
        "room_count": 1,
        "check_in": null,
        "check_out": null,
        "price": "素泊り：無料|朝食付：設定なし|夕食付：設定なし|２食付：設定なし",
        "source_url": "https://min88.jp/inn/540/",
        "coordinate_source": "google_maps_embed_place"
      }
    },
    {
      "type": "Feature",
      "id": "min88-474",
      "geometry": {
        "type": "Point",
        "coordinates": [
          133.5432509,
          33.5002266
        ]
      },
      "properties": {
        "provider": "min88",
        "source_id": "474",
        "name": "民宿高知屋",
        "lodging_type": "guesthouse",
        "lodging_types": "guesthouse",
        "business_status": null,
        "address": "高知県高知市長浜658|受付時間 6:00〜21:00",
        "phone": "088-841-3074",
        "website": "—",
        "room_count": 11,
        "check_in": "16:00-19:00",
        "check_out": "09:00",
        "price": "素泊り：6,000円|朝食付：設定なし|夕食付：8,700円|２食付：9,300円",
        "source_url": "https://min88.jp/inn/474/",
        "coordinate_source": "google_maps_embed_place"
      }
    },
    {
      "type": "Feature",
      "id": "min88-15918",
      "geometry": {
        "type": "Point",
        "coordinates": [
          133.5098483,
          33.4934143
        ]
      },
      "properties": {
        "provider": "min88",
        "source_id": "15918",
        "name": "三井家 みついんく",
        "lodging_type": "guesthouse",
        "lodging_types": "guesthouse",
        "business_status": null,
        "address": "高知県高知市春野町西諸木724",
        "phone": "080-9121-5751",
        "website": "https://www.booking.com/hotel/jp/san-jing-jia-mituinku.ja.html",
        "room_count": 3,
        "check_in": "15:00",
        "check_out": "10:00",
        "price": "素泊り：4,500円|朝食付：未確認|夕食付：未確認|２食付：5,500円",
        "source_url": "https://min88.jp/inn/15918/",
        "coordinate_source": "google_maps_embed_place"
      }
    },
    {
      "type": "Feature",
      "id": "min88-23243",
      "geometry": {
        "type": "Point",
        "coordinates": [
          133.5090966,
          33.4899064
        ]
      },
      "properties": {
        "provider": "min88",
        "source_id": "23243",
        "name": "Guesthouse Onaka",
        "lodging_type": "guesthouse",
        "lodging_types": "guesthouse",
        "business_status": null,
        "address": "高知県高知市春野町西諸木130-1",
        "phone": "080-6392-1444",
        "website": null,
        "room_count": 2,
        "check_in": "16:00-20:00",
        "check_out": "09:00",
        "price": "素泊り：設定なし|朝食付：6,000円|夕食付：設定なし|２食付：6,800円",
        "source_url": "https://min88.jp/inn/23243/",
        "coordinate_source": "google_maps_embed_place"
      }
    },
    {
      "type": "Feature",
      "id": "min88-2044",
      "geometry": {
        "type": "Point",
        "coordinates": [
          133.5019369,
          33.5096228
        ]
      },
      "properties": {
        "provider": "min88",
        "source_id": "2044",
        "name": "ホテルSPはるの",
        "lodging_type": "ryokan",
        "lodging_types": "ryokan, hotel",
        "business_status": null,
        "address": "高知県高知市春野町芳原2485",
        "phone": "088-842-0011",
        "website": null,
        "room_count": null,
        "check_in": "15:00-21:00",
        "check_out": "10:00",
        "price": "素泊り：未確認|朝食付：未確認|夕食付：未確認|２食付：7,054円〜",
        "source_url": "https://min88.jp/inn/2044/",
        "coordinate_source": "google_maps_embed_place"
      }
    },
    {
      "type": "Feature",
      "id": "min88-2047",
      "geometry": {
        "type": "Point",
        "coordinates": [
          133.4951418,
          33.5076693
        ]
      },
      "properties": {
        "provider": "min88",
        "source_id": "2047",
        "name": "天然温泉はるのの湯",
        "lodging_type": "ryokan",
        "lodging_types": "ryokan, hotel",
        "business_status": null,
        "address": "高知県高知市春野町西分3546",
        "phone": "088-894-5400",
        "website": "https://harunonoyu.co.jp",
        "room_count": 28,
        "check_in": "15:00-21:00",
        "check_out": "10:00",
        "price": "素泊り：未確認|朝食付：8,650円〜|夕食付：未確認|２食付：9,350円",
        "source_url": "https://min88.jp/inn/2047/",
        "coordinate_source": "google_maps_embed_place"
      }
    },
    {
      "type": "Feature",
      "id": "min88-63847",
      "geometry": {
        "type": "Point",
        "coordinates": [
          133.4803345,
          33.5317739
        ]
      },
      "properties": {
        "provider": "min88",
        "source_id": "63847",
        "name": "朝倉ケイケイ民宿",
        "lodging_type": "guesthouse",
        "lodging_types": "guesthouse",
        "business_status": null,
        "address": "高知県朝倉甲320-4ジュエル谷内205",
        "phone": "090-5148-0508",
        "website": null,
        "room_count": 2,
        "check_in": "16:00",
        "check_out": "10:00",
        "price": "素泊り：設定なし|朝食付：7,300円|夕食付：設定なし|２食付：設定なし",
        "source_url": "https://min88.jp/inn/63847/",
        "coordinate_source": "google_maps_embed_place"
      }
    },
    {
      "type": "Feature",
      "id": "min88-542",
      "geometry": {
        "type": "Point",
        "coordinates": [
          133.4875907,
          33.4917316
        ]
      },
      "properties": {
        "provider": "min88",
        "source_id": "542",
        "name": "種間寺（通夜堂）",
        "lodging_type": "pilgrim_shelter",
        "lodging_types": "pilgrim_shelter",
        "business_status": null,
        "address": "高知県高知市春野町秋山72",
        "phone": "非掲載",
        "website": null,
        "room_count": 1,
        "check_in": null,
        "check_out": null,
        "price": "素泊り：無料|朝食付：設定なし|夕食付：設定なし|２食付：設定なし",
        "source_url": "https://min88.jp/inn/542/",
        "coordinate_source": "google_maps_embed_place"
      }
    },
    {
      "type": "Feature",
      "id": "min88-1309",
      "geometry": {
        "type": "Point",
        "coordinates": [
          133.4565683,
          33.5016943
        ]
      },
      "properties": {
        "provider": "min88",
        "source_id": "1309",
        "name": "はるのゲストハウス",
        "lodging_type": "guesthouse",
        "lodging_types": "guesthouse",
        "business_status": null,
        "address": "高知県高知市春野町弘岡上845",
        "phone": "088-894-2536|(8:00~20:00)",
        "website": "https://www.henro-guesthouse.com/haruno/",
        "room_count": 2,
        "check_in": "16:00-20:00",
        "check_out": "11:00",
        "price": "素泊り：|＜ドミトリー＞|　・日〜木　3,000円/人|　・金、土、祝前日　3,200円/人|　・GWや特別な連休など：3,700円/人|＜個室＞|　・日〜木　8,700円/人|　・金、土、祝前日　9,300円/人|　・GWや特別な連休など：11,000円/人|朝食付：設定なし|夕食付：設定なし|２食付：設定なし",
        "source_url": "https://min88.jp/inn/1309/",
        "coordinate_source": "google_maps_embed_place"
      }
    },
    {
      "type": "Feature",
      "id": "min88-65278",
      "geometry": {
        "type": "Point",
        "coordinates": [
          133.4345797,
          33.4954935
        ]
      },
      "properties": {
        "provider": "min88",
        "source_id": "65278",
        "name": "シンデレラ城モデル 邸宅の離れ",
        "lodging_type": "guesthouse",
        "lodging_types": "guesthouse",
        "business_status": null,
        "address": "高知県土佐市高岡町甲748",
        "phone": "080-6809-4481|受付時間 8:00〜20:00",
        "website": "—",
        "room_count": 2,
        "check_in": "15:00-20:00",
        "check_out": "06:00-11:00",
        "price": "素泊り：7,000円|朝食付：設定なし|夕食付：設定なし|２食付：設定なし",
        "source_url": "https://min88.jp/inn/65278/",
        "coordinate_source": "google_maps_embed_place"
      }
    },
    {
      "type": "Feature",
      "id": "min88-544",
      "geometry": {
        "type": "Point",
        "coordinates": [
          133.4095061,
          33.5124441
        ]
      },
      "properties": {
        "provider": "min88",
        "source_id": "544",
        "name": "清瀧寺（通夜堂）",
        "lodging_type": "pilgrim_shelter",
        "lodging_types": "pilgrim_shelter",
        "business_status": null,
        "address": "高知県土佐市高岡町丁568-1",
        "phone": "非掲載",
        "website": null,
        "room_count": 2,
        "check_in": null,
        "check_out": null,
        "price": "素泊り：無料|朝食付：設定なし|夕食付：設定なし|２食付：設定なし",
        "source_url": "https://min88.jp/inn/544/",
        "coordinate_source": "google_maps_embed_place"
      }
    },
    {
      "type": "Feature",
      "id": "min88-460",
      "geometry": {
        "type": "Point",
        "coordinates": [
          133.4078282,
          33.5100031
        ]
      },
      "properties": {
        "provider": "min88",
        "source_id": "460",
        "name": "温古社",
        "lodging_type": "guesthouse",
        "lodging_types": "guesthouse",
        "business_status": null,
        "address": "高知県土佐市高岡町丁845",
        "phone": "088-821-7488",
        "website": "https://onkosya.amebaownd.com/",
        "room_count": 3,
        "check_in": "15:00",
        "check_out": "09:00",
        "price": "素泊り：4,500円|朝食付：設定なし|夕食付：設定なし|２食付：設定なし",
        "source_url": "https://min88.jp/inn/460/",
        "coordinate_source": "google_maps_embed_place"
      }
    },
    {
      "type": "Feature",
      "id": "min88-776",
      "geometry": {
        "type": "Point",
        "coordinates": [
          133.427,
          33.495814
        ]
      },
      "properties": {
        "provider": "min88",
        "source_id": "776",
        "name": "ビジネスイン土佐",
        "lodging_type": "hotel",
        "lodging_types": "hotel",
        "business_status": null,
        "address": "高知県土佐市高岡町甲1975-15",
        "phone": "088-852-5322",
        "website": "http://www.business-inn-tosa.jp",
        "room_count": 12,
        "check_in": "15:00-19:30",
        "check_out": "10:00",
        "price": "素泊り：4,860円〜|朝食付：和+750円、洋+650円|夕食付：+1,600円|２食付：未確認",
        "source_url": "https://min88.jp/inn/776/",
        "coordinate_source": "google_maps_embed_place"
      }
    },
    {
      "type": "Feature",
      "id": "min88-17",
      "geometry": {
        "type": "Point",
        "coordinates": [
          133.4355642,
          33.4387528
        ]
      },
      "properties": {
        "provider": "min88",
        "source_id": "17",
        "name": "おへんろ･ゲストハウス りり庵",
        "lodging_type": "guesthouse",
        "lodging_types": "guesthouse",
        "business_status": null,
        "address": "高知県土佐市宇佐町宇佐2841-41",
        "phone": "090-3786-9914",
        "website": "https://lilian-guesthouse.studio.site/",
        "room_count": 3,
        "check_in": "16:00-21:00",
        "check_out": "09:00",
        "price": "素泊り：4,800円〜 ※1|朝食付：設定なし|夕食付：設定なし|２食付：8,000円〜 ※1||※1. 表示料金は宿泊日や予約方法により変動します|※2. 6月15日〜9月14日の期間は素泊りのみ",
        "source_url": "https://min88.jp/inn/17/",
        "coordinate_source": "google_maps_embed_place"
      }
    },
    {
      "type": "Feature",
      "id": "min88-24567",
      "geometry": {
        "type": "Point",
        "coordinates": [
          133.4308967,
          33.4373835
        ]
      },
      "properties": {
        "provider": "min88",
        "source_id": "24567",
        "name": "ゲストハウス ジョン",
        "lodging_type": "guesthouse",
        "lodging_types": "guesthouse",
        "business_status": null,
        "address": "高知県須崎市浦ノ内灰方4-17",
        "phone": "050-3551-0808|受付時間 7:00〜21:00",
        "website": "https://www.henro-hostel-john-mang.com/",
        "room_count": 3,
        "check_in": "16:00-20:00",
        "check_out": "05:00-09:00",
        "price": "素泊り：* シングル5,500円|　　　　* 洋ツイン6,500円（1名利用）|　　　　* 和ツイン6,500円（1名利用）|　　　　* 洋ツイン11,000円（2名利用）|　　　　* 和ツイン12,000円（2名利用）||朝食付：設定なし|夕食付：設定なし|２食付：設定なし",
        "source_url": "https://min88.jp/inn/24567/",
        "coordinate_source": "google_maps_embed_place"
      }
    },
    {
      "type": "Feature",
      "id": "min88-783",
      "geometry": {
        "type": "Point",
        "coordinates": [
          133.4411983,
          33.4361851
        ]
      },
      "properties": {
        "provider": "min88",
        "source_id": "783",
        "name": "民泊汐風",
        "lodging_type": "guesthouse",
        "lodging_types": "guesthouse",
        "business_status": null,
        "address": "高知県土佐市宇佐町井尻5",
        "phone": "090-8147-4087",
        "website": "https://shiokazekochi.wixsite.com/reserve",
        "room_count": 3,
        "check_in": "15:00",
        "check_out": "09:00",
        "price": "素泊り：4,400円|朝食付：設定なし|夕食付：設定なし|２食付：設定なし",
        "source_url": "https://min88.jp/inn/783/",
        "coordinate_source": "google_maps_embed_place"
      }
    },
    {
      "type": "Feature",
      "id": "min88-785",
      "geometry": {
        "type": "Point",
        "coordinates": [
          133.4517193,
          33.4325301
        ]
      },
      "properties": {
        "provider": "min88",
        "source_id": "785",
        "name": "土佐龍温泉三陽荘",
        "lodging_type": "ryokan",
        "lodging_types": "ryokan, hotel",
        "business_status": null,
        "address": "高知県土佐市宇佐町竜504-1",
        "phone": "0120-154-592",
        "website": "https://sanyo-so.co.jp",
        "room_count": 54,
        "check_in": "15:00-21:00",
        "check_out": "09:00",
        "price": "素泊り：7,700円〜|朝食付：8,800円〜|夕食付：未確認|２食付：9,900円〜",
        "source_url": "https://min88.jp/inn/785/",
        "coordinate_source": "google_maps_embed_place"
      }
    },
    {
      "type": "Feature",
      "id": "min88-8716",
      "geometry": {
        "type": "Point",
        "coordinates": [
          133.4171501,
          33.4480627
        ]
      },
      "properties": {
        "provider": "min88",
        "source_id": "8716",
        "name": "民宿なずな",
        "lodging_type": "guesthouse",
        "lodging_types": "guesthouse",
        "business_status": null,
        "address": "高知県須崎市浦ノ内灰方1116",
        "phone": "088-879-2047",
        "website": "https://nazuna-inn.jimdofree.com",
        "room_count": 4,
        "check_in": "15:00-20:00",
        "check_out": "09:00",
        "price": "素泊り：5,000円|朝食付：設定なし|夕食付：設定なし|２食付：設定なし",
        "source_url": "https://min88.jp/inn/8716/",
        "coordinate_source": "google_maps_embed_place"
      }
    },
    {
      "type": "Feature",
      "id": "min88-5579",
      "geometry": {
        "type": "Point",
        "coordinates": [
          133.4104025,
          33.409734
        ]
      },
      "properties": {
        "provider": "min88",
        "source_id": "5579",
        "name": "民宿旭",
        "lodging_type": "guesthouse",
        "lodging_types": "guesthouse",
        "business_status": "closed_or_suspended",
        "address": "高知県須崎市浦ノ内池ノ浦241",
        "phone": "088-856-2090",
        "website": null,
        "room_count": 2,
        "check_in": null,
        "check_out": null,
        "price": "素泊り：4,000円|朝食付：未確認|夕食付：未確認|２食付：7,000円〜",
        "source_url": "https://min88.jp/inn/5579/",
        "coordinate_source": "google_maps_embed_place"
      }
    },
    {
      "type": "Feature",
      "id": "min88-5576",
      "geometry": {
        "type": "Point",
        "coordinates": [
          133.4098819,
          33.4098125
        ]
      },
      "properties": {
        "provider": "min88",
        "source_id": "5576",
        "name": "民宿みっちゃん",
        "lodging_type": "guesthouse",
        "lodging_types": "guesthouse",
        "business_status": "closed_or_suspended",
        "address": "高知県須崎市浦ノ内福良238",
        "phone": "088-856-1313",
        "website": "—",
        "room_count": 5,
        "check_in": null,
        "check_out": null,
        "price": "素泊り： —\n朝食付： —\n夕食付： —\n２食付：6,600円～",
        "source_url": "https://min88.jp/inn/5576/",
        "coordinate_source": "google_maps_embed_place"
      }
    },
    {
      "type": "Feature",
      "id": "min88-45393",
      "geometry": {
        "type": "Point",
        "coordinates": [
          133.3000681,
          33.4092728
        ]
      },
      "properties": {
        "provider": "min88",
        "source_id": "45393",
        "name": "HOTEL AZ 高知須崎店",
        "lodging_type": "hotel",
        "lodging_types": "hotel",
        "business_status": null,
        "address": "高知県須崎市神田2489-28",
        "phone": "0889-42-3301",
        "website": "https://www.az-hotel.com/susaki/",
        "room_count": 158,
        "check_in": "15:00-23:00",
        "check_out": "10:00",
        "price": "素泊り：未確認|朝食付：6,300円|夕食付：未確認|２食付：7,590円",
        "source_url": "https://min88.jp/inn/45393/",
        "coordinate_source": "google_maps_embed_place"
      }
    },
    {
      "type": "Feature",
      "id": "min88-787",
      "geometry": {
        "type": "Point",
        "coordinates": [
          133.292632,
          33.41088
        ]
      },
      "properties": {
        "provider": "min88",
        "source_id": "787",
        "name": "一福旅館",
        "lodging_type": "ryokan",
        "lodging_types": "ryokan, hotel",
        "business_status": null,
        "address": "高知県須崎市西崎町3-8",
        "phone": "0889-42-1262",
        "website": null,
        "room_count": 7,
        "check_in": "15:00",
        "check_out": "09:30",
        "price": "素泊り：4,600円|朝食付：設定なし|夕食付：設定なし|２食付：設定なし",
        "source_url": "https://min88.jp/inn/787/",
        "coordinate_source": "google_maps_embed_place"
      }
    },
    {
      "type": "Feature",
      "id": "min88-25640",
      "geometry": {
        "type": "Point",
        "coordinates": [
          133.283358,
          33.401437
        ]
      },
      "properties": {
        "provider": "min88",
        "source_id": "25640",
        "name": "ビジネスホテル鳥越",
        "lodging_type": "hotel",
        "lodging_types": "hotel",
        "business_status": null,
        "address": "高知県須崎市山手町49-1",
        "phone": "0889-42-8788",
        "website": "http://hoteltorigoe.web.fc2.com",
        "room_count": 15,
        "check_in": "16:00",
        "check_out": "09:00",
        "price": "素泊り：4,800円〜|朝食付：未確認|夕食付：未確認|２食付：未確認",
        "source_url": "https://min88.jp/inn/25640/",
        "coordinate_source": "google_maps_embed_place"
      }
    },
    {
      "type": "Feature",
      "id": "min88-308",
      "geometry": {
        "type": "Point",
        "coordinates": [
          133.283014,
          33.393407
        ]
      },
      "properties": {
        "provider": "min88",
        "source_id": "308",
        "name": "ビジネスホテルさつき",
        "lodging_type": "hotel",
        "lodging_types": "hotel",
        "business_status": null,
        "address": "高知県須崎市西糺町16-2",
        "phone": "0889-43-0300",
        "website": "https://businesssatsuki.web.fc2.com",
        "room_count": null,
        "check_in": "16:00",
        "check_out": "10:00",
        "price": "素泊り：4,950円|朝食付：5,500円|夕食付：未確認|２食付：未確認",
        "source_url": "https://min88.jp/inn/308/",
        "coordinate_source": "google_maps_embed_place"
      }
    },
    {
      "type": "Feature",
      "id": "min88-796",
      "geometry": {
        "type": "Point",
        "coordinates": [
          133.2899945,
          33.38991439999999
        ]
      },
      "properties": {
        "provider": "min88",
        "source_id": "796",
        "name": "暮らしのねっこ",
        "lodging_type": "guesthouse",
        "lodging_types": "guesthouse",
        "business_status": null,
        "address": "高知県須崎市青木町5-14",
        "phone": "050-8808-6388|受付 9:00～17:00",
        "website": "https://kurashinonekko.com",
        "room_count": 2,
        "check_in": "16:00-20:00",
        "check_out": "10:00",
        "price": "素泊り：4,000円|朝食付：未確認|夕食付：未確認|２食付：未確認",
        "source_url": "https://min88.jp/inn/796/",
        "coordinate_source": "google_maps_embed_place"
      }
    },
    {
      "type": "Feature",
      "id": "min88-31661",
      "geometry": {
        "type": "Point",
        "coordinates": [
          133.2898842,
          33.3882575
        ]
      },
      "properties": {
        "provider": "min88",
        "source_id": "31661",
        "name": "お宿＆リラクゼーション実葉土（みはど）",
        "lodging_type": "guesthouse",
        "lodging_types": "guesthouse",
        "business_status": null,
        "address": "高知県須崎市浜町2-5-7",
        "phone": "080-5518-0550|受付時間 8:00〜21:00",
        "website": "https://neccosora.net/retreat/",
        "room_count": 1,
        "check_in": null,
        "check_out": null,
        "price": "素泊り：|　（1名）5,500円 ※1|　（2名）5,000円×2 ※1|　（3名）4,500円×3 ※1|朝食付：設定無し|夕食付：設定無し|２食付：設定無し|| ※1. 表示料金は宿泊日や予約方法により変動します。",
        "source_url": "https://min88.jp/inn/31661/",
        "coordinate_source": "google_maps_embed_place"
      }
    },
    {
      "type": "Feature",
      "id": "min88-794",
      "geometry": {
        "type": "Point",
        "coordinates": [
          133.2875752,
          33.3899139
        ]
      },
      "properties": {
        "provider": "min88",
        "source_id": "794",
        "name": "吉村旅館",
        "lodging_type": "ryokan",
        "lodging_types": "ryokan, hotel",
        "business_status": null,
        "address": "高知県須崎市東古市町5-7",
        "phone": "0889-42-0009",
        "website": null,
        "room_count": 12,
        "check_in": "15:00",
        "check_out": "10:00",
        "price": "素泊り：4,700円|朝食付：6,500円～|夕食付：未確認|２食付：7,500円～",
        "source_url": "https://min88.jp/inn/794/",
        "coordinate_source": "google_maps_embed_place"
      }
    },
    {
      "type": "Feature",
      "id": "min88-791",
      "geometry": {
        "type": "Point",
        "coordinates": [
          133.282101,
          33.3878186
        ]
      },
      "properties": {
        "provider": "min88",
        "source_id": "791",
        "name": "柳屋旅館",
        "lodging_type": "ryokan",
        "lodging_types": "ryokan, hotel",
        "business_status": null,
        "address": "高知県須崎市西町1丁目1-22",
        "phone": "0889-42-0175|予約専用：080-7656-3412",
        "website": "https://www.ikkanbari.net/yanagiya/index.html",
        "room_count": 6,
        "check_in": "15:00",
        "check_out": "09:00",
        "price": "素泊り：5,700円（遍路5,000円）|朝食付：6,800円|夕食付：7,700円|２食付：8,800円（遍路7,900円）",
        "source_url": "https://min88.jp/inn/791/",
        "coordinate_source": "google_maps_embed_place"
      }
    },
    {
      "type": "Feature",
      "id": "min88-789",
      "geometry": {
        "type": "Point",
        "coordinates": [
          133.271691,
          33.386377
        ]
      },
      "properties": {
        "provider": "min88",
        "source_id": "789",
        "name": "民宿ひかり",
        "lodging_type": "guesthouse",
        "lodging_types": "guesthouse",
        "business_status": null,
        "address": "高知県須崎市下分乙728",
        "phone": "0889-42-3337",
        "website": null,
        "room_count": 7,
        "check_in": null,
        "check_out": null,
        "price": "素泊り：4,500円|朝食付：未確認|夕食付：未確認|２食付：6,500円",
        "source_url": "https://min88.jp/inn/789/",
        "coordinate_source": "google_maps_embed_place"
      }
    },
    {
      "type": "Feature",
      "id": "min88-5385",
      "geometry": {
        "type": "Point",
        "coordinates": [
          133.2575455,
          33.3635598
        ]
      },
      "properties": {
        "provider": "min88",
        "source_id": "5385",
        "name": "民宿 安和の里",
        "lodging_type": "guesthouse",
        "lodging_types": "guesthouse",
        "business_status": null,
        "address": "高知県須崎市安和919-2",
        "phone": "0889-42-8613",
        "website": null,
        "room_count": 6,
        "check_in": "16:00",
        "check_out": "09:00",
        "price": "素泊り：4,500円|朝食付：5,500円|夕食付：未確認|２食付：7,500円",
        "source_url": "https://min88.jp/inn/5385/",
        "coordinate_source": "google_maps_embed_place"
      }
    },
    {
      "type": "Feature",
      "id": "min88-799",
      "geometry": {
        "type": "Point",
        "coordinates": [
          133.2287648,
          33.3308895
        ]
      },
      "properties": {
        "provider": "min88",
        "source_id": "799",
        "name": "大谷旅館",
        "lodging_type": "guesthouse",
        "lodging_types": "guesthouse",
        "business_status": "closed_or_suspended",
        "address": "高知県高岡郡中土佐町久礼6093",
        "phone": "0889-52-2951",
        "website": "—",
        "room_count": null,
        "check_in": "15:00",
        "check_out": "10:00",
        "price": "素泊り： —\n朝食付： —\n夕食付： —\n２食付：7,800円〜",
        "source_url": "https://min88.jp/inn/799/",
        "coordinate_source": "google_maps_embed_place"
      }
    },
    {
      "type": "Feature",
      "id": "min88-802",
      "geometry": {
        "type": "Point",
        "coordinates": [
          133.2291665,
          33.3309299
        ]
      },
      "properties": {
        "provider": "min88",
        "source_id": "802",
        "name": "福屋旅館",
        "lodging_type": "guesthouse",
        "lodging_types": "guesthouse",
        "business_status": null,
        "address": "高知県高岡郡中土佐町久礼6198",
        "phone": "0889-52-2958",
        "website": null,
        "room_count": 10,
        "check_in": "15:00",
        "check_out": "10:00",
        "price": "素泊り：5,000円|朝食付：未確認|夕食付：未確認|２食付：7,500円",
        "source_url": "https://min88.jp/inn/802/",
        "coordinate_source": "google_maps_embed_place"
      }
    },
    {
      "type": "Feature",
      "id": "min88-622",
      "geometry": {
        "type": "Point",
        "coordinates": [
          133.2289465,
          33.328464
        ]
      },
      "properties": {
        "provider": "min88",
        "source_id": "622",
        "name": "ゲストハウス恵 Kei",
        "lodging_type": "guesthouse",
        "lodging_types": "guesthouse",
        "business_status": null,
        "address": "高知県高岡郡中土佐町久礼6501-7",
        "phone": "0889-52-2658|受付時間 8:00〜20:00",
        "website": null,
        "room_count": 3,
        "check_in": "15:00-19:00",
        "check_out": "10:00",
        "price": "素泊り：4,000円〜 ※1|朝食付：設定なし|夕食付：設定なし|２食付：設定なし|| ※1.     表示料金は宿泊日や予約方法により変動します。",
        "source_url": "https://min88.jp/inn/622/",
        "coordinate_source": "google_maps_embed_place"
      }
    },
    {
      "type": "Feature",
      "id": "min88-24206",
      "geometry": {
        "type": "Point",
        "coordinates": [
          133.229875,
          33.326485
        ]
      },
      "properties": {
        "provider": "min88",
        "source_id": "24206",
        "name": "ゲストハウス桂（かつら）",
        "lodging_type": "guesthouse",
        "lodging_types": "guesthouse",
        "business_status": null,
        "address": "高知県高岡郡中土佐町久礼6778-2",
        "phone": "0889-59-1842",
        "website": null,
        "room_count": 2,
        "check_in": "16:00-22:00",
        "check_out": "05:00-10:00",
        "price": "素泊り：3,500円|朝食付：設定なし|夕食付：設定なし|２食付：設定なし",
        "source_url": "https://min88.jp/inn/24206/",
        "coordinate_source": "google_maps_embed_place"
      }
    },
    {
      "type": "Feature",
      "id": "min88-627",
      "geometry": {
        "type": "Point",
        "coordinates": [
          133.1589126,
          33.2419259
        ]
      },
      "properties": {
        "provider": "min88",
        "source_id": "627",
        "name": "GUEST HOUSE 40010（しまんと）",
        "lodging_type": "guesthouse",
        "lodging_types": "guesthouse",
        "business_status": null,
        "address": "高知県高岡郡四万十町仁井田1179-1",
        "phone": "080-7960-3382",
        "website": "https://www.guesthouse40010.com",
        "room_count": 3,
        "check_in": "15:00-20:00",
        "check_out": "10:00",
        "price": "素泊り：4,500円|朝食付：設定なし|夕食付：設定なし|２食付：設定なし",
        "source_url": "https://min88.jp/inn/627/",
        "coordinate_source": "google_maps_embed_place"
      }
    },
    {
      "type": "Feature",
      "id": "min88-804",
      "geometry": {
        "type": "Point",
        "coordinates": [
          133.1487831,
          33.2290394
        ]
      },
      "properties": {
        "provider": "min88",
        "source_id": "804",
        "name": "ファミリーロッジ旅籠屋・四万十店",
        "lodging_type": "ryokan",
        "lodging_types": "ryokan, hotel",
        "business_status": null,
        "address": "高知県高岡郡四万十町東大奈路519",
        "phone": "0880-22-4858",
        "website": "https://ssl.hatagoya.co.jp/064_Shimanto/index.shtml",
        "room_count": 14,
        "check_in": "15:00-23:00",
        "check_out": "11:00",
        "price": "素泊り：4,400円〜|朝食付：設定なし|夕食付：設定なし|２食付：設定なし",
        "source_url": "https://min88.jp/inn/804/",
        "coordinate_source": "google_maps_embed_place"
      }
    },
    {
      "type": "Feature",
      "id": "min88-806",
      "geometry": {
        "type": "Point",
        "coordinates": [
          133.136519,
          33.2125907
        ]
      },
      "properties": {
        "provider": "min88",
        "source_id": "806",
        "name": "Shimanto Hütte（旧：sou. Town Hostel）",
        "lodging_type": "guesthouse",
        "lodging_types": "guesthouse",
        "business_status": null,
        "address": "高知県高岡郡四万十町琴平町15-20",
        "phone": "090-4970-4717",
        "website": "https://www.facebook.com/step.sou/",
        "room_count": null,
        "check_in": "15:00",
        "check_out": "10:00",
        "price": "素泊り：3,400円〜|朝食付：未確認|夕食付：未確認|２食付：未確認",
        "source_url": "https://min88.jp/inn/806/",
        "coordinate_source": "google_maps_embed_place"
      }
    },
    {
      "type": "Feature",
      "id": "min88-809",
      "geometry": {
        "type": "Point",
        "coordinates": [
          133.1362108,
          33.2116298
        ]
      },
      "properties": {
        "provider": "min88",
        "source_id": "809",
        "name": "まるか旅館",
        "lodging_type": "guesthouse",
        "lodging_types": "guesthouse",
        "business_status": null,
        "address": "高知県高岡郡四万十町琴平町4-3",
        "phone": "0880-22-0046",
        "website": null,
        "room_count": 8,
        "check_in": "15:00",
        "check_out": "10:00",
        "price": "素泊り：4,800円|朝食付：未確認|夕食付：未確認|２食付：7,500円",
        "source_url": "https://min88.jp/inn/809/",
        "coordinate_source": "google_maps_embed_place"
      }
    },
    {
      "type": "Feature",
      "id": "min88-811",
      "geometry": {
        "type": "Point",
        "coordinates": [
          133.1356619,
          33.2101148
        ]
      },
      "properties": {
        "provider": "min88",
        "source_id": "811",
        "name": "うなきち",
        "lodging_type": "guesthouse",
        "lodging_types": "guesthouse",
        "business_status": null,
        "address": "高知県高岡郡四万十町本町1-14",
        "phone": "0880-22-2138",
        "website": "https://shimanto-unagi.com/user_data/about_group",
        "room_count": 4,
        "check_in": "15:00",
        "check_out": "10:00",
        "price": "素泊り：3,850円|朝食付：未確認|夕食付：未確認|２食付：未確認",
        "source_url": "https://min88.jp/inn/811/",
        "coordinate_source": "google_maps_embed_place"
      }
    },
    {
      "type": "Feature",
      "id": "min88-815",
      "geometry": {
        "type": "Point",
        "coordinates": [
          133.1348215,
          33.2100197
        ]
      },
      "properties": {
        "provider": "min88",
        "source_id": "815",
        "name": "美馬旅館本館",
        "lodging_type": "ryokan",
        "lodging_types": "ryokan, hotel",
        "business_status": null,
        "address": "高知県高岡郡四万十町本町3-4",
        "phone": "0880-22-1101",
        "website": "https://www.mimaryokan.jp/honkan.html",
        "room_count": 6,
        "check_in": "15:00-22:00",
        "check_out": "10:00",
        "price": "素泊り：6,600円〜|朝食付：有（要問合せ）|夕食付：未確認|２食付：未確認",
        "source_url": "https://min88.jp/inn/815/",
        "coordinate_source": "google_maps_embed_place"
      }
    },
    {
      "type": "Feature",
      "id": "min88-813",
      "geometry": {
        "type": "Point",
        "coordinates": [
          133.1341905,
          33.210112
        ]
      },
      "properties": {
        "provider": "min88",
        "source_id": "813",
        "name": "木のホテル",
        "lodging_type": "ryokan",
        "lodging_types": "ryokan, hotel",
        "business_status": null,
        "address": "高知県高岡郡四万十町本町4-41",
        "phone": "0880-22-1103|9:00～18:00 / 20:00～22:00",
        "website": "https://www.mimaryokan.jp",
        "room_count": 7,
        "check_in": "15:00-22:00",
        "check_out": "10:00",
        "price": "素泊り：8,800円〜|朝食付：未確認|夕食付：未確認|２食付：未確認",
        "source_url": "https://min88.jp/inn/813/",
        "coordinate_source": "google_maps_embed_place"
      }
    },
    {
      "type": "Feature",
      "id": "min88-8557",
      "geometry": {
        "type": "Point",
        "coordinates": [
          133.1346769,
          33.2080162
        ]
      },
      "properties": {
        "provider": "min88",
        "source_id": "8557",
        "name": "岩本寺（通夜堂）",
        "lodging_type": "pilgrim_shelter",
        "lodging_types": "pilgrim_shelter",
        "business_status": null,
        "address": "高知県高岡郡四万十町茂串町3-13",
        "phone": null,
        "website": null,
        "room_count": 1,
        "check_in": null,
        "check_out": null,
        "price": "素泊り：無料|朝食付：設定なし|夕食付：設定なし|２食付：設定なし",
        "source_url": "https://min88.jp/inn/8557/",
        "coordinate_source": "google_maps_embed_place"
      }
    },
    {
      "type": "Feature",
      "id": "min88-546",
      "geometry": {
        "type": "Point",
        "coordinates": [
          133.1348971,
          33.2081074
        ]
      },
      "properties": {
        "provider": "min88",
        "source_id": "546",
        "name": "岩本寺（宿坊）",
        "lodging_type": "temple_lodging",
        "lodging_types": "temple_lodging",
        "business_status": null,
        "address": "高知県高岡郡四万十町茂串町3-13",
        "phone": "0880-22-0376",
        "website": "https://iwamotoji.or.jp/lodging",
        "room_count": 9,
        "check_in": "15:00",
        "check_out": "10:00",
        "price": "素泊り：5,500円|朝食付：未確認|夕食付：未確認|２食付：8,800円",
        "source_url": "https://min88.jp/inn/546/",
        "coordinate_source": "google_maps_embed_place"
      }
    },
    {
      "type": "Feature",
      "id": "min88-818",
      "geometry": {
        "type": "Point",
        "coordinates": [
          133.1250889,
          33.1373683
        ]
      },
      "properties": {
        "provider": "min88",
        "source_id": "818",
        "name": "土佐佐賀温泉こぶしのさと",
        "lodging_type": "ryokan",
        "lodging_types": "ryokan, hotel",
        "business_status": null,
        "address": "高知県幡多郡黒潮町拳ノ川2161",
        "phone": "050-5482-3321",
        "website": "https://kobushinosato-kuroshio.jp",
        "room_count": 8,
        "check_in": "15:00-21:00",
        "check_out": "10:00",
        "price": "素泊り：7,000円〜|朝食付：未確認|夕食付：未確認|２食付：未確認",
        "source_url": "https://min88.jp/inn/818/",
        "coordinate_source": "google_maps_embed_place"
      }
    },
    {
      "type": "Feature",
      "id": "min88-14780",
      "geometry": {
        "type": "Point",
        "coordinates": [
          133.0999432,
          33.1208323
        ]
      },
      "properties": {
        "provider": "min88",
        "source_id": "14780",
        "name": "農家民宿かじか",
        "lodging_type": "guesthouse",
        "lodging_types": "guesthouse",
        "business_status": "closed_or_suspended",
        "address": "高知県幡多郡黒潮町市野々川219",
        "phone": "090-1576-2516",
        "website": "kuroshiokajika.sakura.ne.jp",
        "room_count": 4,
        "check_in": "15:00",
        "check_out": "10:00",
        "price": "素泊り：5,000円（2人以上4,500円）\n朝食付： —\n夕食付： —\n２食付： —",
        "source_url": "https://min88.jp/inn/14780/",
        "coordinate_source": "google_maps_embed_place"
      }
    },
    {
      "type": "Feature",
      "id": "min88-820",
      "geometry": {
        "type": "Point",
        "coordinates": [
          133.104811,
          33.0790671
        ]
      },
      "properties": {
        "provider": "min88",
        "source_id": "820",
        "name": "漁家民宿海生丸",
        "lodging_type": "guesthouse",
        "lodging_types": "guesthouse",
        "business_status": "closed_or_suspended",
        "address": "高知県幡多郡黒潮町佐賀836",
        "phone": "0880-55-2329",
        "website": "—",
        "room_count": 2,
        "check_in": null,
        "check_out": null,
        "price": "素泊り：3,500円\n朝食付： —\n夕食付： —\n２食付：6,000円",
        "source_url": "https://min88.jp/inn/820/",
        "coordinate_source": "google_maps_embed_place"
      }
    },
    {
      "type": "Feature",
      "id": "min88-822",
      "geometry": {
        "type": "Point",
        "coordinates": [
          133.1073742,
          33.0787264
        ]
      },
      "properties": {
        "provider": "min88",
        "source_id": "822",
        "name": "漁家民宿おおまち",
        "lodging_type": "guesthouse",
        "lodging_types": "guesthouse",
        "business_status": null,
        "address": "高知県幡多郡黒潮町佐賀796-1",
        "phone": "0880-55-2353",
        "website": "https://goo.gl/maps/pfYLc8EaMtU7dV9eA",
        "room_count": 2,
        "check_in": "15:00",
        "check_out": "10:00",
        "price": "素泊り：未確認|朝食付：未確認|夕食付：未確認|２食付：大人（中学生以上）：10,000円",
        "source_url": "https://min88.jp/inn/822/",
        "coordinate_source": "google_maps_embed_place"
      }
    },
    {
      "type": "Feature",
      "id": "min88-824",
      "geometry": {
        "type": "Point",
        "coordinates": [
          133.097399,
          33.0542
        ]
      },
      "properties": {
        "provider": "min88",
        "source_id": "824",
        "name": "ニュー白浜",
        "lodging_type": "guesthouse",
        "lodging_types": "guesthouse",
        "business_status": null,
        "address": "高知県幡多郡黒潮町白濱244-1",
        "phone": "0880-55-2571",
        "website": "https://www.google.com/travel/hotels/s/xY7j3ARoy66Rx5ku5",
        "room_count": 5,
        "check_in": "14:30",
        "check_out": "09:00",
        "price": "素泊り：4,500円|朝食付：5,300円|夕食付：未確認|２食付：6,800円",
        "source_url": "https://min88.jp/inn/824/",
        "coordinate_source": "google_maps_embed_place"
      }
    },
    {
      "type": "Feature",
      "id": "min88-826",
      "geometry": {
        "type": "Point",
        "coordinates": [
          133.0764533,
          33.0357789
        ]
      },
      "properties": {
        "provider": "min88",
        "source_id": "826",
        "name": "ゲストハウスまぁる",
        "lodging_type": "guesthouse",
        "lodging_types": "guesthouse",
        "business_status": null,
        "address": "高知県幡多郡黒潮町伊田728",
        "phone": "080-2336-8773",
        "website": "https://ja-jp.facebook.com/guesthousemaaru/",
        "room_count": 4,
        "check_in": "15:00",
        "check_out": "10:00",
        "price": "素泊り：3,000円|（乳幼児・幼児は布団の必要がない場合 無料）|朝食付：4,000円|夕食付：未確認|２食付：5,500円",
        "source_url": "https://min88.jp/inn/826/",
        "coordinate_source": "google_maps_embed_place"
      }
    },
    {
      "type": "Feature",
      "id": "min88-30409",
      "geometry": {
        "type": "Point",
        "coordinates": [
          133.0761149,
          33.0336671
        ]
      },
      "properties": {
        "provider": "min88",
        "source_id": "30409",
        "name": "伊田の小さなお宿Ohana",
        "lodging_type": "guesthouse",
        "lodging_types": "guesthouse",
        "business_status": null,
        "address": "高知県幡多郡黒潮町伊田2927-19",
        "phone": "080-1455-3219",
        "website": "https://www.booking.com/hotel/jp/ohana-hei-chao-ting-yi-tian-2927-19.ja.html?aid=356980&label=gog235jc-1FCAsodUIjb2hhbmEtaGVpLWNoYW8tdGluZy15aS10aWFuLTI5MjctMTlIFVgDaHWIAQGYARW4AQfIAQ3YAQHoAQH4AQKIAgGoAgO4AtG3yL4GwAIB0gIkNTBiMDFmMzQtOGNlMi00ODU4LTg2MDctZDcyMTAxNzViNjA42AIF4AIB&sid=167b5222a70eb57fb94a74ca66ed11a2&dest_id=-237609&dest_type=city&dist=0&group_adults=2&group_children=0&hapos=1&hpos=1&no_rooms=1&req_adults=2&req_children=0&room1=A%2CA&sb_price_type=total&sr_order=popularity&srepoch=1741822990&srpvid=e9e0a6c17c450521&type=total&ucfs=1&",
        "room_count": 3,
        "check_in": "15:00",
        "check_out": "09:00",
        "price": "素泊り：5,000円|朝食付：5,800円*|夕食付：6,200円*|２食付：7,000円*|（*：遍路限定価格）",
        "source_url": "https://min88.jp/inn/30409/",
        "coordinate_source": "google_maps_embed_place"
      }
    },
    {
      "type": "Feature",
      "id": "min88-830",
      "geometry": {
        "type": "Point",
        "coordinates": [
          133.0726383,
          33.0377253
        ]
      },
      "properties": {
        "provider": "min88",
        "source_id": "830",
        "name": "民宿たかはま",
        "lodging_type": "guesthouse",
        "lodging_types": "guesthouse",
        "business_status": null,
        "address": "高知県幡多郡黒潮町伊田3",
        "phone": "0880-44-1046",
        "website": "https://takahama-kochi.com/",
        "room_count": 4,
        "check_in": "15:00",
        "check_out": "09:00",
        "price": "素泊り：5,500円|朝食付：6,600円|夕食付：7,700円|２食付：8,800円",
        "source_url": "https://min88.jp/inn/830/",
        "coordinate_source": "google_maps_embed_place"
      }
    },
    {
      "type": "Feature",
      "id": "min88-832",
      "geometry": {
        "type": "Point",
        "coordinates": [
          133.0639903,
          33.0379566
        ]
      },
      "properties": {
        "provider": "min88",
        "source_id": "832",
        "name": "海坊主",
        "lodging_type": "ryokan",
        "lodging_types": "ryokan, hotel",
        "business_status": null,
        "address": "高知県幡多郡黒潮町有井川1-2",
        "phone": "0880-44-1146",
        "website": "https://www.instagram.com/umibouzu_hotel/",
        "room_count": null,
        "check_in": "15:00",
        "check_out": "09:30",
        "price": "素泊り：4,500円|朝食付：未確認|夕食付：未確認|２食付：7,300円〜",
        "source_url": "https://min88.jp/inn/832/",
        "coordinate_source": "google_maps_embed_place"
      }
    },
    {
      "type": "Feature",
      "id": "min88-834",
      "geometry": {
        "type": "Point",
        "coordinates": [
          133.0527016,
          33.0420901
        ]
      },
      "properties": {
        "provider": "min88",
        "source_id": "834",
        "name": "民宿しらたがわ",
        "lodging_type": "guesthouse",
        "lodging_types": "guesthouse",
        "business_status": null,
        "address": "高知県幡多郡黒潮町上川口1031-1",
        "phone": "0880-44-1354|予約受付時間　9:00～17:00",
        "website": "https://www.google.com/travel/hotels/s/SJJBUCMoiJquxqJP9",
        "room_count": 2,
        "check_in": "16:00",
        "check_out": "10:00",
        "price": "素泊り：4,400円|朝食付：未確認|夕食付：未確認|２食付：未確認",
        "source_url": "https://min88.jp/inn/834/",
        "coordinate_source": "google_maps_embed_place"
      }
    },
    {
      "type": "Feature",
      "id": "min88-5404",
      "geometry": {
        "type": "Point",
        "coordinates": [
          133.043677,
          33.039216
        ]
      },
      "properties": {
        "provider": "min88",
        "source_id": "5404",
        "name": "民宿 ビッグマリーン",
        "lodging_type": "guesthouse",
        "lodging_types": "guesthouse",
        "business_status": null,
        "address": "高知県幡多郡黒潮町上川口1433-20",
        "phone": "0880-44-1239",
        "website": "https://www.google.com/travel/hotels/s/5xW1JfCYPye1XKDy6",
        "room_count": 4,
        "check_in": "15:00",
        "check_out": "10:00",
        "price": "素泊り：3,000円|朝食付：3,500円|夕食付：未確認|２食付：未確認|※繁忙期＋500円",
        "source_url": "https://min88.jp/inn/5404/",
        "coordinate_source": "google_maps_embed_place"
      }
    },
    {
      "type": "Feature",
      "id": "min88-5407",
      "geometry": {
        "type": "Point",
        "coordinates": [
          133.0427507,
          33.0389882
        ]
      },
      "properties": {
        "provider": "min88",
        "source_id": "5407",
        "name": "民宿みやこ",
        "lodging_type": "guesthouse",
        "lodging_types": "guesthouse",
        "business_status": null,
        "address": "高知県幡多郡黒潮町上川口1486-1",
        "phone": "088-044-1485",
        "website": "https://miyako.therestaurant.jp/",
        "room_count": 12,
        "check_in": "15:00",
        "check_out": "09:30",
        "price": "素泊り：3,300円|朝食付：4,180円|夕食付：未確認|２食付：6,600円|※繁忙期＋￥1,000",
        "source_url": "https://min88.jp/inn/5407/",
        "coordinate_source": "google_maps_embed_place"
      }
    },
    {
      "type": "Feature",
      "id": "min88-306",
      "geometry": {
        "type": "Point",
        "coordinates": [
          133.042788,
          33.038893
        ]
      },
      "properties": {
        "provider": "min88",
        "source_id": "306",
        "name": "民宿日の出",
        "lodging_type": "guesthouse",
        "lodging_types": "guesthouse",
        "business_status": "closed_or_suspended",
        "address": "高知県幡多郡黒潮町上川口1486-6",
        "phone": "0880-44-1483",
        "website": "—",
        "room_count": 7,
        "check_in": "15:00-19:00",
        "check_out": "09:00",
        "price": "素泊り： —\n朝食付： —\n夕食付： —\n２食付： —",
        "source_url": "https://min88.jp/inn/306/",
        "coordinate_source": "google_maps_embed_place"
      }
    },
    {
      "type": "Feature",
      "id": "min88-13675",
      "geometry": {
        "type": "Point",
        "coordinates": [
          133.0233947,
          33.0376717
        ]
      },
      "properties": {
        "provider": "min88",
        "source_id": "13675",
        "name": "サーフハウスレアリスタ",
        "lodging_type": "guesthouse",
        "lodging_types": "guesthouse",
        "business_status": null,
        "address": "高知県幡多郡黒潮町浮鞭539-15",
        "phone": "090-4265-3131",
        "website": "https://realista.blue/",
        "room_count": 4,
        "check_in": "16:00",
        "check_out": "10:00",
        "price": "素泊り：|　・平日3,950円|　・金土祝前4,950円|朝食付：|　・平日5,500円|　・金土祝前6,600円|夕食付：未確認|２食付：未確認",
        "source_url": "https://min88.jp/inn/13675/",
        "coordinate_source": "google_maps_embed_place"
      }
    },
    {
      "type": "Feature",
      "id": "min88-494",
      "geometry": {
        "type": "Point",
        "coordinates": [
          133.0230623,
          33.0308312
        ]
      },
      "properties": {
        "provider": "min88",
        "source_id": "494",
        "name": "入野松原キャンプ場",
        "lodging_type": "campground",
        "lodging_types": "campground",
        "business_status": null,
        "address": "高知県幡多郡黒潮町入野",
        "phone": "0880-43-0105|道の駅ビオスおおがた情報館",
        "website": "http://www.iwk.ne.jp/~seinan/navi_ougata_camp.html",
        "room_count": null,
        "check_in": "15:00",
        "check_out": "13:00",
        "price": "素泊り：1泊：520円（1区画）|朝食付：設定なし|夕食付：設定なし|２食付：設定なし",
        "source_url": "https://min88.jp/inn/494/",
        "coordinate_source": "google_maps_embed_place"
      }
    },
    {
      "type": "Feature",
      "id": "min88-836",
      "geometry": {
        "type": "Point",
        "coordinates": [
          133.0121002,
          33.0189819
        ]
      },
      "properties": {
        "provider": "min88",
        "source_id": "836",
        "name": "ネスト・ウエストガーデン土佐",
        "lodging_type": "ryokan",
        "lodging_types": "ryokan, hotel",
        "business_status": null,
        "address": "高知県幡多郡黒潮町入野184",
        "phone": "0880-43-0101",
        "website": "https://www.nest-wgt.jp",
        "room_count": 18,
        "check_in": "15:00",
        "check_out": "10:00",
        "price": "素泊り：5,900円～|朝食付：6,900円～|夕食付：未確認|２食付： 8,400円～",
        "source_url": "https://min88.jp/inn/836/",
        "coordinate_source": "google_maps_embed_place"
      }
    },
    {
      "type": "Feature",
      "id": "min88-29303",
      "geometry": {
        "type": "Point",
        "coordinates": [
          133.0082634,
          33.0227457
        ]
      },
      "properties": {
        "provider": "min88",
        "source_id": "29303",
        "name": "シェアパークflat",
        "lodging_type": "guesthouse",
        "lodging_types": "guesthouse",
        "business_status": null,
        "address": "高知県幡多郡黒潮町入野1518",
        "phone": "080-2041-1041",
        "website": "https://lit.link/shareparkflat",
        "room_count": 3,
        "check_in": "15:00-22:00",
        "check_out": "10:00",
        "price": "素泊り：8,000円|朝食付：設定無し|夕食付：設定無し|２食付：設定無し",
        "source_url": "https://min88.jp/inn/29303/",
        "coordinate_source": "google_maps_embed_place"
      }
    },
    {
      "type": "Feature",
      "id": "min88-13679",
      "geometry": {
        "type": "Point",
        "coordinates": [
          132.9702944,
          32.9887229
        ]
      },
      "properties": {
        "provider": "min88",
        "source_id": "13679",
        "name": "ひょうたんマジックゲストハウス",
        "lodging_type": "guesthouse",
        "lodging_types": "guesthouse",
        "business_status": null,
        "address": "高知県四万十市古津賀2949-9",
        "phone": "非公開",
        "website": "https://stayjapan.com/area/kochi/shimanto/pr/3433",
        "room_count": 2,
        "check_in": "15:00",
        "check_out": "10:00",
        "price": "素泊り：|・平日料金　4,000円|・週末料金　5,000円|朝食付：未確認|夕食付：未確認|２食付：未確認",
        "source_url": "https://min88.jp/inn/13679/",
        "coordinate_source": "google_maps_embed_place"
      }
    },
    {
      "type": "Feature",
      "id": "min88-8575",
      "geometry": {
        "type": "Point",
        "coordinates": [
          132.9449563,
          32.9816993
        ]
      },
      "properties": {
        "provider": "min88",
        "source_id": "8575",
        "name": "ニュー民宿中村",
        "lodging_type": "guesthouse",
        "lodging_types": "guesthouse",
        "business_status": null,
        "address": "高知県四万十市右山5",
        "phone": "0880-34-9311",
        "website": "http://new-minshukunakamura.com",
        "room_count": 20,
        "check_in": "15:00",
        "check_out": "09:00",
        "price": "素泊り：3,600円|朝食付：未確認|夕食付：未確認|２食付：6,000円〜",
        "source_url": "https://min88.jp/inn/8575/",
        "coordinate_source": "google_maps_embed_place"
      }
    },
    {
      "type": "Feature",
      "id": "min88-8569",
      "geometry": {
        "type": "Point",
        "coordinates": [
          132.944768,
          32.982821
        ]
      },
      "properties": {
        "provider": "min88",
        "source_id": "8569",
        "name": "民宿みはら",
        "lodging_type": "guesthouse",
        "lodging_types": "guesthouse",
        "business_status": null,
        "address": "高知県四万十市駅前町19-27",
        "phone": "0880-35-1601",
        "website": null,
        "room_count": 3,
        "check_in": null,
        "check_out": null,
        "price": "素泊り：未確認|朝食付：未確認|夕食付：未確認|２食付：未確認",
        "source_url": "https://min88.jp/inn/8569/",
        "coordinate_source": "google_maps_embed_place"
      }
    },
    {
      "type": "Feature",
      "id": "min88-8581",
      "geometry": {
        "type": "Point",
        "coordinates": [
          132.9453142,
          32.9810983
        ]
      },
      "properties": {
        "provider": "min88",
        "source_id": "8581",
        "name": "ホテルクラウンヒルズ中村",
        "lodging_type": "hotel",
        "lodging_types": "hotel",
        "business_status": null,
        "address": "高知県四万十市右山383-6",
        "phone": "0880-34-2811",
        "website": "https://breezbay-group.com/s-nakamura/",
        "room_count": 87,
        "check_in": "16:00",
        "check_out": "10:00",
        "price": "素泊り：設定なし|朝食付：5,380円〜|夕食付：設定なし|２食付：設定なし",
        "source_url": "https://min88.jp/inn/8581/",
        "coordinate_source": "google_maps_embed_place"
      }
    },
    {
      "type": "Feature",
      "id": "min88-8578",
      "geometry": {
        "type": "Point",
        "coordinates": [
          132.9449693,
          32.9813481
        ]
      },
      "properties": {
        "provider": "min88",
        "source_id": "8578",
        "name": "ホテルサンリバー四万十",
        "lodging_type": "hotel",
        "lodging_types": "hotel",
        "business_status": null,
        "address": "高知県四万十市右山383-15",
        "phone": "0880-34-8875",
        "website": "https://www.hss-40010.com",
        "room_count": 115,
        "check_in": "15:00",
        "check_out": "10:00",
        "price": "素泊り：6,000円〜|朝食付：6,500円〜|夕食付：設定なし|２食付：設定なし",
        "source_url": "https://min88.jp/inn/8578/",
        "coordinate_source": "google_maps_embed_place"
      }
    },
    {
      "type": "Feature",
      "id": "min88-8566",
      "geometry": {
        "type": "Point",
        "coordinates": [
          132.944349,
          32.98376
        ]
      },
      "properties": {
        "provider": "min88",
        "source_id": "8566",
        "name": "民宿さくら",
        "lodging_type": "guesthouse",
        "lodging_types": "guesthouse",
        "business_status": null,
        "address": "高知県四万十市駅前町9-5",
        "phone": "0880-34-3062",
        "website": "http://ww8.tiki.ne.jp/~psakura/",
        "room_count": 3,
        "check_in": "15:00",
        "check_out": "10:00",
        "price": "素泊り：3,850円|朝食付：4,400円|夕食付：5,500円|２食付：6,050円",
        "source_url": "https://min88.jp/inn/8566/",
        "coordinate_source": "google_maps_embed_place"
      }
    },
    {
      "type": "Feature",
      "id": "min88-8563",
      "geometry": {
        "type": "Point",
        "coordinates": [
          132.943807,
          32.983724
        ]
      },
      "properties": {
        "provider": "min88",
        "source_id": "8563",
        "name": "宿なかむらや ZAKONE",
        "lodging_type": "guesthouse",
        "lodging_types": "guesthouse",
        "business_status": null,
        "address": "高知県四万十市駅前町10-10",
        "phone": "0880-34-0036",
        "website": null,
        "room_count": 5,
        "check_in": null,
        "check_out": null,
        "price": "素泊り：3,500円|朝食付：未確認|夕食付：未確認|２食付：未確認",
        "source_url": "https://min88.jp/inn/8563/",
        "coordinate_source": "google_maps_embed_place"
      }
    },
    {
      "type": "Feature",
      "id": "min88-8561",
      "geometry": {
        "type": "Point",
        "coordinates": [
          132.9430357,
          32.9838672
        ]
      },
      "properties": {
        "provider": "min88",
        "source_id": "8561",
        "name": "中村第一ホテル",
        "lodging_type": "hotel",
        "lodging_types": "hotel",
        "business_status": null,
        "address": "高知県四万十市駅前町5-15",
        "phone": "0880-34-7211",
        "website": "http://park18.wakwak.com/~nd-h/",
        "room_count": 56,
        "check_in": "15:00",
        "check_out": "10:00",
        "price": "素泊り：5,600円〜|朝食付：6,300円〜|夕食付：未確認|２食付：7,800円〜",
        "source_url": "https://min88.jp/inn/8561/",
        "coordinate_source": "google_maps_embed_place"
      }
    },
    {
      "type": "Feature",
      "id": "min88-8559",
      "geometry": {
        "type": "Point",
        "coordinates": [
          132.943238,
          32.984082
        ]
      },
      "properties": {
        "provider": "min88",
        "source_id": "8559",
        "name": "民宿土佐",
        "lodging_type": "guesthouse",
        "lodging_types": "guesthouse",
        "business_status": null,
        "address": "高知県四万十市駅前町5-13",
        "phone": "0880-34-2929",
        "website": "http://www.tosa40010.net",
        "room_count": 10,
        "check_in": "15:00",
        "check_out": "09:30",
        "price": "素泊り：3,850円〜|朝食付：未確認|夕食付：未確認|２食付：|　・松：9,900円（夕食:1汁9品、朝食:1汁5品）|　・竹：8,580円（夕食:1汁7品、朝食:1汁5品）|　・梅：7,480円（夕食:1汁6品、朝食:1汁5品）",
        "source_url": "https://min88.jp/inn/8559/",
        "coordinate_source": "google_maps_embed_place"
      }
    },
    {
      "type": "Feature",
      "id": "min88-838",
      "geometry": {
        "type": "Point",
        "coordinates": [
          132.9930554,
          32.9597487
        ]
      },
      "properties": {
        "provider": "min88",
        "source_id": "838",
        "name": "ペンションひらの",
        "lodging_type": "guesthouse",
        "lodging_types": "guesthouse",
        "business_status": null,
        "address": "高知県四万十市平野4097",
        "phone": "0880-33-1839",
        "website": "http://www.pensionhirano.com",
        "room_count": 6,
        "check_in": "16:00",
        "check_out": "09:00",
        "price": "素泊り：4,500円～|（※祝日前繁忙期の値段変動あり）|朝食付：設定なし|夕食付：設定なし|２食付：設定なし",
        "source_url": "https://min88.jp/inn/838/",
        "coordinate_source": "google_maps_embed_place"
      }
    },
    {
      "type": "Feature",
      "id": "min88-8583",
      "geometry": {
        "type": "Point",
        "coordinates": [
          132.9936243,
          32.944745
        ]
      },
      "properties": {
        "provider": "min88",
        "source_id": "8583",
        "name": "四万十の宿",
        "lodging_type": "ryokan",
        "lodging_types": "ryokan, hotel",
        "business_status": null,
        "address": "高知県四万十市下田3370",
        "phone": "0880-33-1600",
        "website": "https://www.shimantonoyado.co.jp",
        "room_count": 30,
        "check_in": "15:00",
        "check_out": "10:00",
        "price": "素泊り：未確認|朝食付：未確認|夕食付：未確認|２食付：26,400円〜",
        "source_url": "https://min88.jp/inn/8583/",
        "coordinate_source": "google_maps_embed_place"
      }
    },
    {
      "type": "Feature",
      "id": "min88-492",
      "geometry": {
        "type": "Point",
        "coordinates": [
          132.9212974,
          32.9938036
        ]
      },
      "properties": {
        "provider": "min88",
        "source_id": "492",
        "name": "四万十川キャンプ場",
        "lodging_type": "campground",
        "lodging_types": "campground",
        "business_status": null,
        "address": "高知県四万十市入田",
        "phone": "0880-37-0608",
        "website": null,
        "room_count": null,
        "check_in": null,
        "check_out": null,
        "price": "素泊り：無料|朝食付：設定なし|夕食付：設定なし|２食付：設定なし",
        "source_url": "https://min88.jp/inn/492/",
        "coordinate_source": "google_maps_embed_place"
      }
    },
    {
      "type": "Feature",
      "id": "min88-28972",
      "geometry": {
        "type": "Point",
        "coordinates": [
          132.9703139,
          32.9402145
        ]
      },
      "properties": {
        "provider": "min88",
        "source_id": "28972",
        "name": "一棟貸切宿 ほとり",
        "lodging_type": "guesthouse",
        "lodging_types": "guesthouse",
        "business_status": null,
        "address": "高知県四万十市間崎857",
        "phone": "070-3772-5612",
        "website": "https://hotori-kouchi.com",
        "room_count": null,
        "check_in": "17:00-20:00",
        "check_out": "10:00",
        "price": "素泊り：6,600円/人|※1名から予約可能だが、2名料金より提供|朝食付：設定無し|夕食付：設定無し|２食付：設定無し",
        "source_url": "https://min88.jp/inn/28972/",
        "coordinate_source": "google_maps_embed_place"
      }
    },
    {
      "type": "Feature",
      "id": "min88-52950",
      "geometry": {
        "type": "Point",
        "coordinates": [
          132.9524227,
          32.8677125
        ]
      },
      "properties": {
        "provider": "min88",
        "source_id": "52950",
        "name": "民宿安宿（あんしゅく）",
        "lodging_type": "guesthouse",
        "lodging_types": "guesthouse",
        "business_status": null,
        "address": "高知県土佐清水市下ノ加江277-4",
        "phone": "0880-84-0567",
        "website": null,
        "room_count": 6,
        "check_in": "15:00",
        "check_out": null,
        "price": "素泊り：4,500円|朝食付：未確認|夕食付：未確認|２食付：6,500円",
        "source_url": "https://min88.jp/inn/52950/",
        "coordinate_source": "google_maps_embed_place"
      }
    },
    {
      "type": "Feature",
      "id": "min88-298",
      "geometry": {
        "type": "Point",
        "coordinates": [
          132.954514,
          32.8462668
        ]
      },
      "properties": {
        "provider": "min88",
        "source_id": "298",
        "name": "民宿いさりび",
        "lodging_type": "guesthouse",
        "lodging_types": "guesthouse",
        "business_status": null,
        "address": "高知県土佐清水市久百々355-5",
        "phone": "0880-84-0900",
        "website": null,
        "room_count": 5,
        "check_in": "16:00",
        "check_out": "09:30",
        "price": "素泊り：未確認|朝食付：未確認|夕食付：未確認|２食付：9,500円",
        "source_url": "https://min88.jp/inn/298/",
        "coordinate_source": "google_maps_embed_place"
      }
    },
    {
      "type": "Feature",
      "id": "min88-476",
      "geometry": {
        "type": "Point",
        "coordinates": [
          132.9521838,
          32.8440055
        ]
      },
      "properties": {
        "provider": "min88",
        "source_id": "476",
        "name": "民宿久百々",
        "lodging_type": "guesthouse",
        "lodging_types": "guesthouse",
        "business_status": null,
        "address": "高知県土佐清水市久百々120",
        "phone": "0880-84-1664",
        "website": "https://userweb.u-broad.jp/kumomo/",
        "room_count": 5,
        "check_in": "15:00",
        "check_out": "08:00",
        "price": "素泊り：4,500円|朝食付：未確認|夕食付：未確認|２食付：7,000円",
        "source_url": "https://min88.jp/inn/476/",
        "coordinate_source": "google_maps_embed_place"
      }
    },
    {
      "type": "Feature",
      "id": "min88-5236",
      "geometry": {
        "type": "Point",
        "coordinates": [
          132.9561736,
          32.8306067
        ]
      },
      "properties": {
        "provider": "min88",
        "source_id": "5236",
        "name": "民宿大岐の浜",
        "lodging_type": "guesthouse",
        "lodging_types": "guesthouse",
        "business_status": null,
        "address": "高知県土佐清水市大岐3182",
        "phone": "0880-82-8304",
        "website": "https://minsyukuookinohama.officialblog.jp",
        "room_count": 22,
        "check_in": "15:30",
        "check_out": "09:00",
        "price": "素泊り：5,500円|朝食付：6,000円|夕食付：7,200円|２食付：8,000円",
        "source_url": "https://min88.jp/inn/5236/",
        "coordinate_source": "google_maps_embed_place"
      }
    },
    {
      "type": "Feature",
      "id": "min88-194",
      "geometry": {
        "type": "Point",
        "coordinates": [
          132.952081,
          32.8260985
        ]
      },
      "properties": {
        "provider": "min88",
        "source_id": "194",
        "name": "大岐マリン",
        "lodging_type": "ryokan",
        "lodging_types": "ryokan, hotel",
        "business_status": null,
        "address": "高知県土佐清水市大岐3172-6",
        "phone": "0880-82-8410",
        "website": "https://ohkimarine.com",
        "room_count": 3,
        "check_in": "15:00-19:00",
        "check_out": "10:00",
        "price": "素泊り：7,700円|※GW、連休、夏休み等繁忙期8,800円|朝食付：未確認|夕食付：未確認|２食付：未確認",
        "source_url": "https://min88.jp/inn/194/",
        "coordinate_source": "google_maps_embed_place"
      }
    },
    {
      "type": "Feature",
      "id": "min88-13683",
      "geometry": {
        "type": "Point",
        "coordinates": [
          132.9459891,
          32.8190653
        ]
      },
      "properties": {
        "provider": "min88",
        "source_id": "13683",
        "name": "ゲストハウス大岐ビーチ",
        "lodging_type": "guesthouse",
        "lodging_types": "guesthouse",
        "business_status": "closed_or_suspended",
        "address": "高知県土佐清水市大岐884-23",
        "phone": "050-7123-3331",
        "website": "guesthouseokibeach.eyado.net",
        "room_count": 3,
        "check_in": "15:00",
        "check_out": "10:00",
        "price": "素泊り：3,900円\n朝食付： —\n夕食付： —\n２食付： —",
        "source_url": "https://min88.jp/inn/13683/",
        "coordinate_source": "google_maps_embed_place"
      }
    },
    {
      "type": "Feature",
      "id": "min88-302",
      "geometry": {
        "type": "Point",
        "coordinates": [
          132.958568,
          32.804168
        ]
      },
      "properties": {
        "provider": "min88",
        "source_id": "302",
        "name": "民宿旅路",
        "lodging_type": "guesthouse",
        "lodging_types": "guesthouse",
        "business_status": null,
        "address": "高知県土佐清水市以布利5-8",
        "phone": "0880-82-8428",
        "website": null,
        "room_count": 5,
        "check_in": "15:00",
        "check_out": null,
        "price": "素泊り：4,000円|朝食付：未確認|夕食付：未確認|２食付：7,000円",
        "source_url": "https://min88.jp/inn/302/",
        "coordinate_source": "google_maps_embed_place"
      }
    },
    {
      "type": "Feature",
      "id": "min88-8786",
      "geometry": {
        "type": "Point",
        "coordinates": [
          132.9639397,
          32.79901359999999
        ]
      },
      "properties": {
        "provider": "min88",
        "source_id": "8786",
        "name": "お遍路宿 草々（くたくた）",
        "lodging_type": "guesthouse",
        "lodging_types": "guesthouse",
        "business_status": "closed_or_suspended",
        "address": "高知県土佐清水市以布利690-6",
        "phone": "090-2981-9981",
        "website": "—",
        "room_count": 3,
        "check_in": null,
        "check_out": null,
        "price": "素泊り：3,000円\n（お遍路さん以外：3,500円）\n朝食付：\n夕食付：\n２食付：",
        "source_url": "https://min88.jp/inn/8786/",
        "coordinate_source": "google_maps_embed_place"
      }
    },
    {
      "type": "Feature",
      "id": "min88-8585",
      "geometry": {
        "type": "Point",
        "coordinates": [
          133.0186814,
          32.7255835
        ]
      },
      "properties": {
        "provider": "min88",
        "source_id": "8585",
        "name": "金剛福寺（宿坊）",
        "lodging_type": "temple_lodging",
        "lodging_types": "temple_lodging",
        "business_status": null,
        "address": "高知県土佐清水市足摺岬214-1",
        "phone": "0880-88-0038",
        "website": "kongoufukuji.com",
        "room_count": null,
        "check_in": null,
        "check_out": null,
        "price": "素泊り： —\n朝食付： —\n夕食付： —\n２食付：6,500円",
        "source_url": "https://min88.jp/inn/8585/",
        "coordinate_source": "google_maps_embed_place"
      }
    },
    {
      "type": "Feature",
      "id": "min88-5456",
      "geometry": {
        "type": "Point",
        "coordinates": [
          133.0142078,
          32.7249069
        ]
      },
      "properties": {
        "provider": "min88",
        "source_id": "5456",
        "name": "ホテル椿荘",
        "lodging_type": "ryokan",
        "lodging_types": "ryokan, hotel",
        "business_status": null,
        "address": "高知県土佐清水市足摺岬282",
        "phone": "080-6396-7477",
        "website": null,
        "room_count": 20,
        "check_in": "15:00",
        "check_out": "10:00",
        "price": "素泊り：未確認|朝食付：未確認|夕食付：未確認|２食付：7,700円〜",
        "source_url": "https://min88.jp/inn/5456/",
        "coordinate_source": "google_maps_embed_place"
      }
    },
    {
      "type": "Feature",
      "id": "min88-25642",
      "geometry": {
        "type": "Point",
        "coordinates": [
          133.0131325,
          32.7250154
        ]
      },
      "properties": {
        "provider": "min88",
        "source_id": "25642",
        "name": "シーサイドin福山",
        "lodging_type": "ryokan",
        "lodging_types": "ryokan, hotel",
        "business_status": null,
        "address": "高知県土佐清水市足摺岬493-7",
        "phone": "0880-88-0929",
        "website": "https://hb.afl.rakuten.co.jp/hgc/0d275e50.fa31ae93.0d275e51.0ddec40e/?pc=https%3A%2F%2Ftravel.rakuten.co.jp%2FHOTEL%2F18324%2F18324.html%3Fcid%3Dtr_af_1632&link_type=hybrid_url&ut=eyJwYWdlIjoiaXRlbSIsInR5cGUiOiJoeWJyaWRfdXJsIiwic2l6ZSI6IjEwMHgxMDAiLCJuYW0iOjEsIm5hbXAiOiJyaWdodCIsImNvbSI6MSwiY29tcCI6ImRvd24iLCJwcmljZSI6MCwiYm9yIjoxLCJjb2wiOjEsImJidG4iOjEsInByb2QiOjAsImFtcCI6ZmFsc2V9",
        "room_count": 8,
        "check_in": "16:00-22:00",
        "check_out": "09:00",
        "price": "素泊り：7,000円|朝食付：未確認|夕食付：未確認|２食付：未確認",
        "source_url": "https://min88.jp/inn/25642/",
        "coordinate_source": "google_maps_embed_place"
      }
    },
    {
      "type": "Feature",
      "id": "min88-25644",
      "geometry": {
        "type": "Point",
        "coordinates": [
          133.0132427,
          32.7256295
        ]
      },
      "properties": {
        "provider": "min88",
        "source_id": "25644",
        "name": "大正亭",
        "lodging_type": "guesthouse",
        "lodging_types": "guesthouse",
        "business_status": null,
        "address": "高知県土佐清水市足摺岬437-4",
        "phone": "非公開",
        "website": "https://www.airbnb.jp/rooms/51830787?source_impression_id=p3_1743118418_P3DHlwovm_kgPmXl",
        "room_count": null,
        "check_in": "16:00",
        "check_out": "09:00",
        "price": "素泊り：4,000円|朝食付：未確認|夕食付：未確認|２食付：未確認",
        "source_url": "https://min88.jp/inn/25644/",
        "coordinate_source": "google_maps_embed_place"
      }
    },
    {
      "type": "Feature",
      "id": "min88-849",
      "geometry": {
        "type": "Point",
        "coordinates": [
          133.0113636,
          32.7258905
        ]
      },
      "properties": {
        "provider": "min88",
        "source_id": "849",
        "name": "民宿ことぶき",
        "lodging_type": "guesthouse",
        "lodging_types": "guesthouse",
        "business_status": null,
        "address": "高知県土佐清水市足摺岬559",
        "phone": "0880-88-0513",
        "website": "https://ktdy.jimdofree.com",
        "room_count": 6,
        "check_in": "15:00",
        "check_out": "10:00",
        "price": "素泊り：5,000円|朝食付：未確認|夕食付：未確認|２食付：7,000円",
        "source_url": "https://min88.jp/inn/849/",
        "coordinate_source": "google_maps_embed_place"
      }
    },
    {
      "type": "Feature",
      "id": "min88-853",
      "geometry": {
        "type": "Point",
        "coordinates": [
          133.0101279,
          32.7256948
        ]
      },
      "properties": {
        "provider": "min88",
        "source_id": "853",
        "name": "民宿冠（かん）",
        "lodging_type": "guesthouse",
        "lodging_types": "guesthouse",
        "business_status": null,
        "address": "高知県土佐清水市足摺岬634",
        "phone": "0880-88-0059",
        "website": "https://ashizuri-kan.jimdofree.com",
        "room_count": 8,
        "check_in": "15:00-21:00",
        "check_out": "10:00",
        "price": "素泊り：6,050円|朝食付：未確認|夕食付：未確認|２食付：9,900円",
        "source_url": "https://min88.jp/inn/853/",
        "coordinate_source": "google_maps_embed_place"
      }
    },
    {
      "type": "Feature",
      "id": "min88-13841",
      "geometry": {
        "type": "Point",
        "coordinates": [
          133.009346,
          32.726142
        ]
      },
      "properties": {
        "provider": "min88",
        "source_id": "13841",
        "name": "民宿田村",
        "lodging_type": "guesthouse",
        "lodging_types": "guesthouse",
        "business_status": null,
        "address": "高知県土佐清水市足摺岬658-1",
        "phone": "0880-88-0605|（8:30～19:00）",
        "website": "https://minsyuku-tamura.net",
        "room_count": 6,
        "check_in": "15:00",
        "check_out": "10:00",
        "price": "素泊り：4,000円〜4,500円|朝食付：未確認|夕食付：未確認|２食付：7,000円",
        "source_url": "https://min88.jp/inn/13841/",
        "coordinate_source": "google_maps_embed_place"
      }
    },
    {
      "type": "Feature",
      "id": "min88-855",
      "geometry": {
        "type": "Point",
        "coordinates": [
          133.0092541,
          32.7257185
        ]
      },
      "properties": {
        "provider": "min88",
        "source_id": "855",
        "name": "足摺国際ホテル",
        "lodging_type": "ryokan",
        "lodging_types": "ryokan, hotel",
        "business_status": null,
        "address": "高知県土佐清水市足摺岬662",
        "phone": "0880-88-0201",
        "website": "https://www.ashizuri.co.jp",
        "room_count": 61,
        "check_in": "15:00",
        "check_out": "10:00",
        "price": "素泊り：未確認|朝食付：未確認|夕食付：未確認|２食付：未確認",
        "source_url": "https://min88.jp/inn/855/",
        "coordinate_source": "google_maps_embed_place"
      }
    },
    {
      "type": "Feature",
      "id": "min88-482",
      "geometry": {
        "type": "Point",
        "coordinates": [
          133.004911,
          32.72433
        ]
      },
      "properties": {
        "provider": "min88",
        "source_id": "482",
        "name": "民宿福田家",
        "lodging_type": "guesthouse",
        "lodging_types": "guesthouse",
        "business_status": null,
        "address": "高知県土佐清水市足摺岬1409-3",
        "phone": "0880-88-0529",
        "website": null,
        "room_count": 6,
        "check_in": "15:30-18:30",
        "check_out": "09:00",
        "price": "素泊り：未確認|朝食付：未確認|夕食付：未確認|２食付：11,000円",
        "source_url": "https://min88.jp/inn/482/",
        "coordinate_source": "google_maps_embed_place"
      }
    },
    {
      "type": "Feature",
      "id": "min88-5463",
      "geometry": {
        "type": "Point",
        "coordinates": [
          133.002714,
          32.725217
        ]
      },
      "properties": {
        "provider": "min88",
        "source_id": "5463",
        "name": "The Mana Village（旧:足摺パシフィックホテル花椿）",
        "lodging_type": "ryokan",
        "lodging_types": "ryokan, hotel",
        "business_status": null,
        "address": "高知県土佐清水市足摺岬783",
        "phone": "0880-88-1111",
        "website": "https://www.ashizuri.com",
        "room_count": 48,
        "check_in": "16:00",
        "check_out": "10:00",
        "price": "素泊り：7,700円〜|朝食付：8,500円〜|夕食付：未確認|２食付：14,850円〜",
        "source_url": "https://min88.jp/inn/5463/",
        "coordinate_source": "google_maps_embed_place"
      }
    },
    {
      "type": "Feature",
      "id": "min88-860",
      "geometry": {
        "type": "Point",
        "coordinates": [
          132.9944758,
          32.7323045
        ]
      },
      "properties": {
        "provider": "min88",
        "source_id": "860",
        "name": "農家民宿あさり",
        "lodging_type": "guesthouse",
        "lodging_types": "guesthouse",
        "business_status": null,
        "address": "高知県土佐清水市足摺岬1162",
        "phone": "0880-88-0100",
        "website": null,
        "room_count": 1,
        "check_in": "16:00-22:00",
        "check_out": "10:00",
        "price": "素泊り：未確認|朝食付：未確認|夕食付：未確認|２食付：未確認",
        "source_url": "https://min88.jp/inn/860/",
        "coordinate_source": "google_maps_embed_place"
      }
    },
    {
      "type": "Feature",
      "id": "min88-5476",
      "geometry": {
        "type": "Point",
        "coordinates": [
          132.9901566,
          32.7316169
        ]
      },
      "properties": {
        "provider": "min88",
        "source_id": "5476",
        "name": "足摺サニーサイドホテル",
        "lodging_type": "ryokan",
        "lodging_types": "ryokan, hotel",
        "business_status": null,
        "address": "高知県土佐清水市松尾19-2",
        "phone": "0880-88-0331",
        "website": "http://ashizuri-sunny.jp",
        "room_count": 44,
        "check_in": "15:00",
        "check_out": "10:00",
        "price": "素泊り：8,000円|朝食付：9,000円|夕食付：未確認|２食付：9,500円",
        "source_url": "https://min88.jp/inn/5476/",
        "coordinate_source": "google_maps_embed_place"
      }
    },
    {
      "type": "Feature",
      "id": "min88-5479",
      "geometry": {
        "type": "Point",
        "coordinates": [
          132.9781507,
          32.7347797
        ]
      },
      "properties": {
        "provider": "min88",
        "source_id": "5479",
        "name": "ペンションつりの里",
        "lodging_type": "guesthouse",
        "lodging_types": "guesthouse",
        "business_status": null,
        "address": "高知県土佐清水市松尾516-2",
        "phone": "0880-88-0335",
        "website": "http://turinosato.sakura.ne.jp",
        "room_count": 9,
        "check_in": "15:30",
        "check_out": "09:00",
        "price": "素泊り：4,000円〜4,500円|朝食付：未確認|夕食付：未確認|２食付：7,700円〜9,000円",
        "source_url": "https://min88.jp/inn/5479/",
        "coordinate_source": "google_maps_embed_place"
      }
    },
    {
      "type": "Feature",
      "id": "min88-862",
      "geometry": {
        "type": "Point",
        "coordinates": [
          132.9756299,
          32.7364831
        ]
      },
      "properties": {
        "provider": "min88",
        "source_id": "862",
        "name": "民宿青岬",
        "lodging_type": "guesthouse",
        "lodging_types": "guesthouse",
        "business_status": null,
        "address": "高知県土佐清水市松尾うすばえ1042",
        "phone": "0880-88-1955",
        "website": "https://www.kojyanto.net/aomisaki/",
        "room_count": 7,
        "check_in": "16:00-18:00",
        "check_out": "10:00",
        "price": "素泊り：未確認|朝食付：未確認|夕食付：未確認|２食付：9,200円",
        "source_url": "https://min88.jp/inn/862/",
        "coordinate_source": "google_maps_embed_place"
      }
    },
    {
      "type": "Feature",
      "id": "min88-864",
      "geometry": {
        "type": "Point",
        "coordinates": [
          132.9713316,
          32.7439155
        ]
      },
      "properties": {
        "provider": "min88",
        "source_id": "864",
        "name": "民宿夕日",
        "lodging_type": "guesthouse",
        "lodging_types": "guesthouse",
        "business_status": null,
        "address": "高知県土佐清水市松尾921-9",
        "phone": "0880-82-9864",
        "website": null,
        "room_count": 5,
        "check_in": "16:00-24:00",
        "check_out": "10:00",
        "price": "素泊り：未確認|朝食付：未確認|夕食付：未確認|２食付：未確認",
        "source_url": "https://min88.jp/inn/864/",
        "coordinate_source": "google_maps_embed_place"
      }
    },
    {
      "type": "Feature",
      "id": "min88-866",
      "geometry": {
        "type": "Point",
        "coordinates": [
          132.9656217,
          32.7774758
        ]
      },
      "properties": {
        "provider": "min88",
        "source_id": "866",
        "name": "民宿みかんの家",
        "lodging_type": "guesthouse",
        "lodging_types": "guesthouse",
        "business_status": null,
        "address": "高知県土佐清水市緑ケ丘9-29",
        "phone": "0880-83-0121",
        "website": null,
        "room_count": null,
        "check_in": null,
        "check_out": null,
        "price": "素泊り：4,000円〜5,000円|朝食付：未確認|夕食付：未確認|２食付：7,000円",
        "source_url": "https://min88.jp/inn/866/",
        "coordinate_source": "google_maps_embed_place"
      }
    },
    {
      "type": "Feature",
      "id": "min88-868",
      "geometry": {
        "type": "Point",
        "coordinates": [
          132.9481313,
          32.7798099
        ]
      },
      "properties": {
        "provider": "min88",
        "source_id": "868",
        "name": "足摺倶楽部",
        "lodging_type": "guesthouse",
        "lodging_types": "guesthouse",
        "business_status": null,
        "address": "高知県土佐清水市浜町3",
        "phone": "0880-83-0183",
        "website": "http://ashizuriclub.web.fc2.com",
        "room_count": null,
        "check_in": "16:00",
        "check_out": "09:30",
        "price": "素泊り：3,500円|朝食付：未確認|夕食付：未確認|２食付：未確認",
        "source_url": "https://min88.jp/inn/868/",
        "coordinate_source": "google_maps_embed_place"
      }
    },
    {
      "type": "Feature",
      "id": "min88-870",
      "geometry": {
        "type": "Point",
        "coordinates": [
          132.94824,
          32.783199
        ]
      },
      "properties": {
        "provider": "min88",
        "source_id": "870",
        "name": "土佐民宿大平",
        "lodging_type": "guesthouse",
        "lodging_types": "guesthouse",
        "business_status": null,
        "address": "高知県土佐清水市汐見町15-8",
        "phone": "0880-82-1576",
        "website": "http://tosaoohira.web.fc2.com/index.html",
        "room_count": null,
        "check_in": "17:00",
        "check_out": "09:00",
        "price": "素泊り：4,400円|朝食付：未確認|夕食付：未確認|２食付：7,150円",
        "source_url": "https://min88.jp/inn/870/",
        "coordinate_source": "google_maps_embed_place"
      }
    },
    {
      "type": "Feature",
      "id": "min88-872",
      "geometry": {
        "type": "Point",
        "coordinates": [
          132.9211207,
          32.7819926
        ]
      },
      "properties": {
        "provider": "min88",
        "source_id": "872",
        "name": "ペンション木のくじら",
        "lodging_type": "guesthouse",
        "lodging_types": "guesthouse",
        "business_status": "closed_or_suspended",
        "address": "高知県土佐清水市加久見1464-461",
        "phone": "0880-83-0377",
        "website": "—",
        "room_count": 5,
        "check_in": "16:00",
        "check_out": "10:00",
        "price": "素泊り：4,700円〜\n朝食付：5,700円〜\n夕食付： —\n２食付：8,800円〜",
        "source_url": "https://min88.jp/inn/872/",
        "coordinate_source": "google_maps_embed_place"
      }
    },
    {
      "type": "Feature",
      "id": "min88-878",
      "geometry": {
        "type": "Point",
        "coordinates": [
          132.866701,
          32.7890312
        ]
      },
      "properties": {
        "provider": "min88",
        "source_id": "878",
        "name": "ホテル南国",
        "lodging_type": "ryokan",
        "lodging_types": "ryokan, hotel",
        "business_status": null,
        "address": "高知県土佐清水市竜串28-5",
        "phone": "0880-85-0109",
        "website": "http://tosashimizu-nangoku.com",
        "room_count": null,
        "check_in": "15:00",
        "check_out": "10:00",
        "price": "素泊り：4,400円〜|朝食付：5,170円〜|夕食付：未確認|２食付：7,700円〜",
        "source_url": "https://min88.jp/inn/878/",
        "coordinate_source": "google_maps_embed_place"
      }
    },
    {
      "type": "Feature",
      "id": "min88-880",
      "geometry": {
        "type": "Point",
        "coordinates": [
          132.8653001,
          32.7896255
        ]
      },
      "properties": {
        "provider": "min88",
        "source_id": "880",
        "name": "民宿竜串苑",
        "lodging_type": "guesthouse",
        "lodging_types": "guesthouse",
        "business_status": null,
        "address": "高知県土佐清水市竜串28-20",
        "phone": "0880-85-0608",
        "website": null,
        "room_count": 7,
        "check_in": "13:00",
        "check_out": "10:00",
        "price": "素泊り：4,000円|朝食付：未確認|夕食付：未確認|２食付：7,500円",
        "source_url": "https://min88.jp/inn/880/",
        "coordinate_source": "google_maps_embed_place"
      }
    },
    {
      "type": "Feature",
      "id": "min88-5487",
      "geometry": {
        "type": "Point",
        "coordinates": [
          132.8663872,
          32.7891445
        ]
      },
      "properties": {
        "provider": "min88",
        "source_id": "5487",
        "name": "観光旅館 千竜",
        "lodging_type": "ryokan",
        "lodging_types": "ryokan, hotel",
        "business_status": null,
        "address": "高知県土佐清水市竜串28-8",
        "phone": "0880-85-0257",
        "website": null,
        "room_count": 8,
        "check_in": "16:00",
        "check_out": "10:00",
        "price": "素泊り：未確認|朝食付：未確認|夕食付：未確認|２食付：未確認",
        "source_url": "https://min88.jp/inn/5487/",
        "coordinate_source": "google_maps_embed_place"
      }
    },
    {
      "type": "Feature",
      "id": "min88-882",
      "geometry": {
        "type": "Point",
        "coordinates": [
          132.8595721,
          32.7905412
        ]
      },
      "properties": {
        "provider": "min88",
        "source_id": "882",
        "name": "ホテルオレンジ",
        "lodging_type": "ryokan",
        "lodging_types": "ryokan, hotel",
        "business_status": null,
        "address": "高知県土佐清水市三崎4163",
        "phone": "0880-85-0146",
        "website": "http://hotel-orange.jp",
        "room_count": 14,
        "check_in": "15:00",
        "check_out": "10:00",
        "price": "素泊り：4,500円〜|朝食付：未確認|夕食付：未確認|２食付：6,900円〜",
        "source_url": "https://min88.jp/inn/882/",
        "coordinate_source": "google_maps_embed_place"
      }
    },
    {
      "type": "Feature",
      "id": "min88-5492",
      "geometry": {
        "type": "Point",
        "coordinates": [
          132.8594111,
          32.7895396
        ]
      },
      "properties": {
        "provider": "min88",
        "source_id": "5492",
        "name": "スノーピーク土佐清水",
        "lodging_type": "campground",
        "lodging_types": "campground",
        "business_status": null,
        "address": "高知県土佐清水市三崎字エジリ4145番1",
        "phone": "0880-87-9789",
        "website": null,
        "room_count": null,
        "check_in": "13:00",
        "check_out": "11:00",
        "price": "素泊り：ソロプラン：2,100円|朝食付：設定なし|夕食付：設定なし|２食付：設定なし",
        "source_url": "https://min88.jp/inn/5492/",
        "coordinate_source": "google_maps_embed_place"
      }
    },
    {
      "type": "Feature",
      "id": "min88-25650",
      "geometry": {
        "type": "Point",
        "coordinates": [
          132.7690944,
          32.7628542
        ]
      },
      "properties": {
        "provider": "min88",
        "source_id": "25650",
        "name": "よっちみたや（善根宿）",
        "lodging_type": "pilgrim_shelter",
        "lodging_types": "pilgrim_shelter",
        "business_status": null,
        "address": "高知県幡多郡大月町才角",
        "phone": null,
        "website": null,
        "room_count": 1,
        "check_in": null,
        "check_out": null,
        "price": "素泊り：無料|朝食付：設定無し|夕食付：設定無し|２食付：設定無し",
        "source_url": "https://min88.jp/inn/25650/",
        "coordinate_source": "google_maps_embed_place"
      }
    },
    {
      "type": "Feature",
      "id": "min88-25652",
      "geometry": {
        "type": "Point",
        "coordinates": [
          132.7301679,
          32.7797605
        ]
      },
      "properties": {
        "provider": "min88",
        "source_id": "25652",
        "name": "魚の宿 海と西",
        "lodging_type": "guesthouse",
        "lodging_types": "guesthouse",
        "business_status": null,
        "address": "高知県幡多郡大月町西泊516-1",
        "phone": "050-5444-6620",
        "website": "https://www.umitonishi.com",
        "room_count": 1,
        "check_in": "15:00-19:00",
        "check_out": "10:00",
        "price": "素泊り：2名まで一泊11,000円|（ひとり増えるごとに+5,000円）|朝食付：未確認|夕食付：未確認|２食付：未確認",
        "source_url": "https://min88.jp/inn/25652/",
        "coordinate_source": "google_maps_embed_place"
      }
    },
    {
      "type": "Feature",
      "id": "min88-884",
      "geometry": {
        "type": "Point",
        "coordinates": [
          132.7092318,
          32.8301357
        ]
      },
      "properties": {
        "provider": "min88",
        "source_id": "884",
        "name": "カーサリブレ",
        "lodging_type": "guesthouse",
        "lodging_types": "guesthouse",
        "business_status": null,
        "address": "高知県幡多郡大月町弘見4106-128",
        "phone": "090-7781-1755",
        "website": "https://www.facebook.com/casaribre/",
        "room_count": 4,
        "check_in": null,
        "check_out": null,
        "price": "素泊り：2,500円|朝食付：設定なし|夕食付：設定なし|２食付：設定なし",
        "source_url": "https://min88.jp/inn/884/",
        "coordinate_source": "google_maps_embed_place"
      }
    },
    {
      "type": "Feature",
      "id": "min88-886",
      "geometry": {
        "type": "Point",
        "coordinates": [
          132.712692,
          32.847589
        ]
      },
      "properties": {
        "provider": "min88",
        "source_id": "886",
        "name": "幡多郷（はたご）",
        "lodging_type": "guesthouse",
        "lodging_types": "guesthouse",
        "business_status": "closed_or_suspended",
        "address": "高知県幡多郡大月町弘見1379-1",
        "phone": "0880-73-1324",
        "website": "hatago.boy.jp",
        "room_count": 3,
        "check_in": "15:00",
        "check_out": "09:30",
        "price": "素泊り：2,500円\n朝食付： —\n夕食付：4,000円\n２食付： —",
        "source_url": "https://min88.jp/inn/886/",
        "coordinate_source": "google_maps_embed_place"
      }
    },
    {
      "type": "Feature",
      "id": "min88-888",
      "geometry": {
        "type": "Point",
        "coordinates": [
          132.7227922,
          32.8816886
        ]
      },
      "properties": {
        "provider": "min88",
        "source_id": "888",
        "name": "大島旅館",
        "lodging_type": "guesthouse",
        "lodging_types": "guesthouse",
        "business_status": null,
        "address": "高知県宿毛市小筑紫町121",
        "phone": "0880-67-0103",
        "website": null,
        "room_count": 6,
        "check_in": "15:00",
        "check_out": "09:00",
        "price": "素泊り：3,000円|朝食付：未確認|夕食付：未確認|２食付：未確認",
        "source_url": "https://min88.jp/inn/888/",
        "coordinate_source": "google_maps_embed_place"
      }
    },
    {
      "type": "Feature",
      "id": "min88-25648",
      "geometry": {
        "type": "Point",
        "coordinates": [
          132.8982795,
          32.8908634
        ]
      },
      "properties": {
        "provider": "min88",
        "source_id": "25648",
        "name": "安宿 よろずや",
        "lodging_type": "guesthouse",
        "lodging_types": "guesthouse",
        "business_status": null,
        "address": "高知県幡多郡三原村芳子92-3",
        "phone": "090-9259-9392",
        "website": null,
        "room_count": null,
        "check_in": null,
        "check_out": null,
        "price": "素泊り：2,000円|朝食付：未確認|夕食付：未確認|２食付：未確認",
        "source_url": "https://min88.jp/inn/25648/",
        "coordinate_source": "google_maps_embed_place"
      }
    },
    {
      "type": "Feature",
      "id": "min88-890",
      "geometry": {
        "type": "Point",
        "coordinates": [
          132.8922117,
          32.8923335
        ]
      },
      "properties": {
        "provider": "min88",
        "source_id": "890",
        "name": "リバー・マウンテン リトリート",
        "lodging_type": "guesthouse",
        "lodging_types": "guesthouse",
        "business_status": null,
        "address": "高知県幡多郡三原村芳井17",
        "phone": "080-2990-2948|予約受付: 当日13:00まで",
        "website": null,
        "room_count": 2,
        "check_in": "16:00",
        "check_out": "08:00",
        "price": "素泊り：3,500円|朝食付：未確認|夕食付：未確認|２食付：未確認",
        "source_url": "https://min88.jp/inn/890/",
        "coordinate_source": "google_maps_embed_place"
      }
    },
    {
      "type": "Feature",
      "id": "min88-496",
      "geometry": {
        "type": "Point",
        "coordinates": [
          132.8871017,
          32.8876354
        ]
      },
      "properties": {
        "provider": "min88",
        "source_id": "496",
        "name": "三原キャンプ場",
        "lodging_type": "campground",
        "lodging_types": "campground",
        "business_status": null,
        "address": "高知県幡多郡三原村下長谷",
        "phone": "0880-46-2437",
        "website": "https://www.attaka.or.jp/kanko/dtl.php?ID=853",
        "room_count": null,
        "check_in": null,
        "check_out": null,
        "price": "素泊り：無料|朝食付：設定なし|夕食付：設定なし|２食付：設定なし",
        "source_url": "https://min88.jp/inn/496/",
        "coordinate_source": "google_maps_embed_place"
      }
    },
    {
      "type": "Feature",
      "id": "min88-892",
      "geometry": {
        "type": "Point",
        "coordinates": [
          132.8745082,
          32.8947227
        ]
      },
      "properties": {
        "provider": "min88",
        "source_id": "892",
        "name": "農家民宿くろうさぎ",
        "lodging_type": "guesthouse",
        "lodging_types": "guesthouse",
        "business_status": null,
        "address": "高知県幡多郡三原村下長谷1110-1",
        "phone": "0880-46-2505|午前8時～午後8時",
        "website": null,
        "room_count": 5,
        "check_in": "16:00-18:00",
        "check_out": "09:00",
        "price": "素泊り：5,000円|朝食付：未確認|夕食付：未確認|２食付：7,700円",
        "source_url": "https://min88.jp/inn/892/",
        "coordinate_source": "google_maps_embed_place"
      }
    },
    {
      "type": "Feature",
      "id": "min88-894",
      "geometry": {
        "type": "Point",
        "coordinates": [
          132.871623,
          32.9267613
        ]
      },
      "properties": {
        "provider": "min88",
        "source_id": "894",
        "name": "農家民宿今ちゃん",
        "lodging_type": "guesthouse",
        "lodging_types": "guesthouse",
        "business_status": null,
        "address": "高知県幡多郡三原村上長谷884-1",
        "phone": "0880-46-2050",
        "website": null,
        "room_count": null,
        "check_in": "16:00-18:00",
        "check_out": "09:00",
        "price": "素泊り：5,000円|朝食付：未確認|夕食付：未確認|２食付：7,700円",
        "source_url": "https://min88.jp/inn/894/",
        "coordinate_source": "google_maps_embed_place"
      }
    },
    {
      "type": "Feature",
      "id": "min88-897",
      "geometry": {
        "type": "Point",
        "coordinates": [
          132.863407,
          32.9192121
        ]
      },
      "properties": {
        "provider": "min88",
        "source_id": "897",
        "name": "農家民宿かざぐるま",
        "lodging_type": "guesthouse",
        "lodging_types": "guesthouse",
        "business_status": null,
        "address": "高知県幡多郡三原村上長谷1145",
        "phone": "0880-46-3666",
        "website": null,
        "room_count": null,
        "check_in": "16:00-18:00",
        "check_out": "10:00",
        "price": "素泊り：5,000円|朝食付：未確認|夕食付：未確認|２食付：7,700円",
        "source_url": "https://min88.jp/inn/897/",
        "coordinate_source": "google_maps_embed_place"
      }
    },
    {
      "type": "Feature",
      "id": "min88-904",
      "geometry": {
        "type": "Point",
        "coordinates": [
          132.8499443,
          32.9177721
        ]
      },
      "properties": {
        "provider": "min88",
        "source_id": "904",
        "name": "森本まる",
        "lodging_type": "guesthouse",
        "lodging_types": "guesthouse",
        "business_status": null,
        "address": "高知県幡多郡三原村宮ノ川514−2",
        "phone": "0880-46-2622|受付時間19時まで",
        "website": null,
        "room_count": null,
        "check_in": "16:00-18:00",
        "check_out": "09:00",
        "price": "素泊り：5,000円|朝食付：未確認|夕食付：未確認|２食付：7,700円",
        "source_url": "https://min88.jp/inn/904/",
        "coordinate_source": "google_maps_embed_place"
      }
    },
    {
      "type": "Feature",
      "id": "min88-13687",
      "geometry": {
        "type": "Point",
        "coordinates": [
          132.8337401,
          32.920355
        ]
      },
      "properties": {
        "provider": "min88",
        "source_id": "13687",
        "name": "清水川荘",
        "lodging_type": "guesthouse",
        "lodging_types": "guesthouse",
        "business_status": null,
        "address": "高知県幡多郡三原村宮ノ川1562",
        "phone": "090-4334-0661",
        "website": "https://userweb.u-broad.jp/ikiikimihara/yado/shimizugawasou.htm",
        "room_count": 2,
        "check_in": "14:00",
        "check_out": "08:00",
        "price": "素泊り：3,000円|朝食付：未確認|夕食付：未確認|２食付：5,500円",
        "source_url": "https://min88.jp/inn/13687/",
        "coordinate_source": "google_maps_embed_place"
      }
    },
    {
      "type": "Feature",
      "id": "min88-13692",
      "geometry": {
        "type": "Point",
        "coordinates": [
          132.7936161,
          32.9569343
        ]
      },
      "properties": {
        "provider": "min88",
        "source_id": "13692",
        "name": "ひらた荘",
        "lodging_type": "guesthouse",
        "lodging_types": "guesthouse",
        "business_status": "closed_or_suspended",
        "address": "高知県宿毛市平田町1664-2",
        "phone": "0880-66-0310",
        "website": "—",
        "room_count": 11,
        "check_in": "16:00",
        "check_out": "09:00",
        "price": "素泊り： —\n朝食付： —\n夕食付： —\n２食付： —",
        "source_url": "https://min88.jp/inn/13692/",
        "coordinate_source": "google_maps_embed_place"
      }
    },
    {
      "type": "Feature",
      "id": "min88-304",
      "geometry": {
        "type": "Point",
        "coordinates": [
          132.793221,
          32.956661
        ]
      },
      "properties": {
        "provider": "min88",
        "source_id": "304",
        "name": "鶴の家旅館",
        "lodging_type": "ryokan",
        "lodging_types": "ryokan, hotel",
        "business_status": null,
        "address": "高知県宿毛市平田町戸内1659",
        "phone": "0880-66-0007",
        "website": "http://turunoya007.sakura.ne.jp",
        "room_count": 5,
        "check_in": null,
        "check_out": "10:00",
        "price": "素泊り：5,000円|朝食付：6,300円|夕食付：6,700円|２食付：8,000円",
        "source_url": "https://min88.jp/inn/304/",
        "coordinate_source": "google_maps_embed_place"
      }
    },
    {
      "type": "Feature",
      "id": "min88-906",
      "geometry": {
        "type": "Point",
        "coordinates": [
          132.7937155,
          32.888224
        ]
      },
      "properties": {
        "provider": "min88",
        "source_id": "906",
        "name": "民宿NOKO",
        "lodging_type": "guesthouse",
        "lodging_types": "guesthouse",
        "business_status": null,
        "address": "高知県幡多郡三原村下切576",
        "phone": "0880-46-2149|受付時間19時まで",
        "website": null,
        "room_count": 1,
        "check_in": "16:00-18:00",
        "check_out": "09:00",
        "price": "素泊り：未確認|朝食付：未確認|夕食付：未確認|２食付：7,700円",
        "source_url": "https://min88.jp/inn/906/",
        "coordinate_source": "google_maps_embed_place"
      }
    },
    {
      "type": "Feature",
      "id": "min88-13702",
      "geometry": {
        "type": "Point",
        "coordinates": [
          132.729149,
          32.93715
        ]
      },
      "properties": {
        "provider": "min88",
        "source_id": "13702",
        "name": "ビジネス吉の家",
        "lodging_type": "hotel",
        "lodging_types": "hotel",
        "business_status": null,
        "address": "高知県宿毛市中央5-2-13",
        "phone": "0880-63-2258",
        "website": "http://www.gallery.ne.jp/~yoshinoya/",
        "room_count": null,
        "check_in": null,
        "check_out": null,
        "price": "素泊り：3,500円〜|朝食付：未確認|夕食付：未確認|２食付：未確認",
        "source_url": "https://min88.jp/inn/13702/",
        "coordinate_source": "google_maps_embed_place"
      }
    },
    {
      "type": "Feature",
      "id": "min88-915",
      "geometry": {
        "type": "Point",
        "coordinates": [
          132.7295642,
          32.9422203
        ]
      },
      "properties": {
        "provider": "min88",
        "source_id": "915",
        "name": "旅館宿毛城",
        "lodging_type": "hotel",
        "lodging_types": "hotel",
        "business_status": null,
        "address": "高知県宿毛市松田町9-15",
        "phone": "0880-63-3835",
        "website": null,
        "room_count": 7,
        "check_in": "16:00-18:00",
        "check_out": "10:00",
        "price": "素泊り：6,000円|朝食付：7,000円|夕食付：8,500円|２食付：9,500円",
        "source_url": "https://min88.jp/inn/915/",
        "coordinate_source": "google_maps_embed_place"
      }
    },
    {
      "type": "Feature",
      "id": "min88-5507",
      "geometry": {
        "type": "Point",
        "coordinates": [
          132.7206591,
          32.9342105
        ]
      },
      "properties": {
        "provider": "min88",
        "source_id": "5507",
        "name": "ビジネスホテル上村",
        "lodging_type": "hotel",
        "lodging_types": "hotel",
        "business_status": null,
        "address": "高知県宿毛市幸町5-10",
        "phone": "0880-63-2118",
        "website": null,
        "room_count": 17,
        "check_in": "15:00",
        "check_out": "10:00",
        "price": "素泊り：4,200円|朝食付：未確認|夕食付：未確認|２食付：未確認",
        "source_url": "https://min88.jp/inn/5507/",
        "coordinate_source": "google_maps_embed_place"
      }
    },
    {
      "type": "Feature",
      "id": "min88-917",
      "geometry": {
        "type": "Point",
        "coordinates": [
          132.7206725,
          32.9338337
        ]
      },
      "properties": {
        "provider": "min88",
        "source_id": "917",
        "name": "秋沢ホテル",
        "lodging_type": "hotel",
        "lodging_types": "hotel",
        "business_status": null,
        "address": "高知県宿毛市幸町6-43",
        "phone": "0880-63-2129",
        "website": "http://www.akisawa.com",
        "room_count": 47,
        "check_in": "15:00",
        "check_out": "10:00",
        "price": "素泊り：3,200円〜|朝食付：3,900円〜|夕食付：未確認|２食付：5,800円〜",
        "source_url": "https://min88.jp/inn/917/",
        "coordinate_source": "google_maps_embed_place"
      }
    },
    {
      "type": "Feature",
      "id": "min88-920",
      "geometry": {
        "type": "Point",
        "coordinates": [
          132.7181745,
          32.9333548
        ]
      },
      "properties": {
        "provider": "min88",
        "source_id": "920",
        "name": "まなべ旅館",
        "lodging_type": "guesthouse",
        "lodging_types": "guesthouse",
        "business_status": null,
        "address": "高知県宿毛市駅東町3丁目3-302",
        "phone": "0880-63-3408",
        "website": "https://www.guesthouse-manabe.com",
        "room_count": 9,
        "check_in": "15:00",
        "check_out": "10:00",
        "price": "素泊り：4,500円|朝食付：5,500円|夕食付：6,500円|２食付：8,800円",
        "source_url": "https://min88.jp/inn/920/",
        "coordinate_source": "google_maps_embed_place"
      }
    },
    {
      "type": "Feature",
      "id": "min88-922",
      "geometry": {
        "type": "Point",
        "coordinates": [
          132.7182993,
          32.9315978
        ]
      },
      "properties": {
        "provider": "min88",
        "source_id": "922",
        "name": "ホテルアバン宿毛",
        "lodging_type": "hotel",
        "lodging_types": "hotel",
        "business_status": null,
        "address": "高知県宿毛市宿毛1108",
        "phone": "0880-63-1180",
        "website": "http://www.avan-sukumo.com",
        "room_count": 60,
        "check_in": "14:00",
        "check_out": "10:00",
        "price": "素泊り：5,000円〜|朝食付：5,800円（和・洋）※要予約|夕食付：設定なし|２食付：設定なし",
        "source_url": "https://min88.jp/inn/922/",
        "coordinate_source": "google_maps_embed_place"
      }
    },
    {
      "type": "Feature",
      "id": "min88-13696",
      "geometry": {
        "type": "Point",
        "coordinates": [
          132.7106933,
          32.9282684
        ]
      },
      "properties": {
        "provider": "min88",
        "source_id": "13696",
        "name": "ホテルマツヤ",
        "lodging_type": "ryokan",
        "lodging_types": "ryokan, hotel",
        "business_status": null,
        "address": "高知県宿毛市宿毛5343-10",
        "phone": "0880-63-1185",
        "website": "https://www.hotel-matsuya.co.jp",
        "room_count": 76,
        "check_in": "15:00",
        "check_out": "10:00",
        "price": "素泊り：5,000円〜|朝食付：5,800円〜|夕食付：未確認|２食付：7,000円〜",
        "source_url": "https://min88.jp/inn/13696/",
        "coordinate_source": "google_maps_embed_place"
      }
    },
    {
      "type": "Feature",
      "id": "min88-13706",
      "geometry": {
        "type": "Point",
        "coordinates": [
          132.7042944,
          32.9260782
        ]
      },
      "properties": {
        "provider": "min88",
        "source_id": "13706",
        "name": "ビジネスホテルあさひ",
        "lodging_type": "hotel",
        "lodging_types": "hotel",
        "business_status": null,
        "address": "高知県宿毛市高砂7-12",
        "phone": "0880-65-6707",
        "website": "https://www.hotelasahi.co.jp",
        "room_count": 45,
        "check_in": "15:00",
        "check_out": "10:00",
        "price": "素泊り：4,500円〜|朝食付：+500円|夕食付：+700円（土、日曜日休み）|２食付：未確認",
        "source_url": "https://min88.jp/inn/13706/",
        "coordinate_source": "google_maps_embed_place"
      }
    },
    {
      "type": "Feature",
      "id": "min88-52431",
      "geometry": {
        "type": "Point",
        "coordinates": [
          132.7000432,
          32.9198835
        ]
      },
      "properties": {
        "provider": "min88",
        "source_id": "52431",
        "name": "みなと館「華」",
        "lodging_type": "guesthouse",
        "lodging_types": "guesthouse",
        "business_status": null,
        "address": "高知県宿毛市片島5-100-6",
        "phone": "0880-63-9185",
        "website": "https://www.minatokan.net/",
        "room_count": 4,
        "check_in": "15:00-22:00",
        "check_out": "07:00-10:00",
        "price": "素泊り：4,500円|朝食付：5,400円|夕食付：6,500円|２食付：7,400円",
        "source_url": "https://min88.jp/inn/52431/",
        "coordinate_source": "google_maps_embed_place"
      }
    },
    {
      "type": "Feature",
      "id": "min88-5587",
      "geometry": {
        "type": "Point",
        "coordinates": [
          132.658332,
          32.967764
        ]
      },
      "properties": {
        "provider": "min88",
        "source_id": "5587",
        "name": "一本松温泉あけぼの荘",
        "lodging_type": "ryokan",
        "lodging_types": "ryokan, hotel",
        "business_status": null,
        "address": "愛媛県南宇和郡愛南町増田5470",
        "phone": "0895-84-3260",
        "website": "https://www.town.ainan.ehime.jp/kanko/sightseeing/shukuhaku/akebonoso.html",
        "room_count": 10,
        "check_in": "16:00",
        "check_out": "09:00",
        "price": "素泊り：5,000円|朝食付：5,700円|夕食付：未確認|２食付：未確認",
        "source_url": "https://min88.jp/inn/5587/",
        "coordinate_source": "google_maps_embed_place"
      }
    },
    {
      "type": "Feature",
      "id": "min88-926",
      "geometry": {
        "type": "Point",
        "coordinates": [
          132.6487766,
          32.9646259
        ]
      },
      "properties": {
        "provider": "min88",
        "source_id": "926",
        "name": "ホテルセレクト愛媛愛南町",
        "lodging_type": "hotel",
        "lodging_types": "hotel",
        "business_status": null,
        "address": "愛媛県南宇和郡愛南町広見3367-1",
        "phone": "0895-84-3311",
        "website": "https://hotelselect-ainan.com",
        "room_count": 52,
        "check_in": "15:00-23:30",
        "check_out": "10:00",
        "price": "素泊り：3,800円〜|朝食付：4,000円〜|夕食付：未確認|２食付：4,750円〜",
        "source_url": "https://min88.jp/inn/926/",
        "coordinate_source": "google_maps_embed_place"
      }
    },
    {
      "type": "Feature",
      "id": "min88-924",
      "geometry": {
        "type": "Point",
        "coordinates": [
          132.647378,
          32.960973
        ]
      },
      "properties": {
        "provider": "min88",
        "source_id": "924",
        "name": "大盛屋民宿",
        "lodging_type": "guesthouse",
        "lodging_types": "guesthouse",
        "business_status": null,
        "address": "愛媛県南宇和郡愛南町一本松1271-2",
        "phone": "0895-84-3292",
        "website": null,
        "room_count": 5,
        "check_in": "15:00",
        "check_out": "10:00",
        "price": "素泊り：5,000円|朝食付：未確認|夕食付：未確認|２食付：6,500円",
        "source_url": "https://min88.jp/inn/924/",
        "coordinate_source": "google_maps_embed_place"
      }
    },
    {
      "type": "Feature",
      "id": "min88-5908",
      "geometry": {
        "type": "Point",
        "coordinates": [
          132.6321473,
          32.9706027
        ]
      },
      "properties": {
        "provider": "min88",
        "source_id": "5908",
        "name": "札掛の宿",
        "lodging_type": "guesthouse",
        "lodging_types": "guesthouse",
        "business_status": null,
        "address": "愛媛県南宇和郡愛南町広見576",
        "phone": "0895-84-2223",
        "website": null,
        "room_count": null,
        "check_in": null,
        "check_out": null,
        "price": "素泊り：未確認|朝食付：未確認|夕食付：未確認|２食付：6,500円",
        "source_url": "https://min88.jp/inn/5908/",
        "coordinate_source": "google_maps_embed_place"
      }
    },
    {
      "type": "Feature",
      "id": "min88-8705",
      "geometry": {
        "type": "Point",
        "coordinates": [
          132.56704,
          32.96341
        ]
      },
      "properties": {
        "provider": "min88",
        "source_id": "8705",
        "name": "さくらや旅館",
        "lodging_type": "ryokan",
        "lodging_types": "ryokan, hotel",
        "business_status": null,
        "address": "愛媛県南宇和郡愛南町御荘平城2978",
        "phone": "0895-72-0240",
        "website": null,
        "room_count": null,
        "check_in": null,
        "check_out": null,
        "price": "素泊り：未確認|朝食付：未確認|夕食付：未確認|２食付：未確認",
        "source_url": "https://min88.jp/inn/8705/",
        "coordinate_source": "google_maps_embed_place"
      }
    },
    {
      "type": "Feature",
      "id": "min88-6327",
      "geometry": {
        "type": "Point",
        "coordinates": [
          132.5640912,
          32.9645961
        ]
      },
      "properties": {
        "provider": "min88",
        "source_id": "6327",
        "name": "観自在寺宿坊 信徒会館",
        "lodging_type": "temple_lodging",
        "lodging_types": "temple_lodging",
        "business_status": "closed_or_suspended",
        "address": "愛媛県南宇和郡愛南町御荘平城2253-1",
        "phone": "0895-72-0416",
        "website": "—",
        "room_count": 16,
        "check_in": "15:00",
        "check_out": "08:00",
        "price": "素泊り：4,000円\n朝食付： —\n夕食付： —\n２食付： —",
        "source_url": "https://min88.jp/inn/6327/",
        "coordinate_source": "google_maps_embed_place"
      }
    },
    {
      "type": "Feature",
      "id": "min88-928",
      "geometry": {
        "type": "Point",
        "coordinates": [
          132.563603,
          32.9631474
        ]
      },
      "properties": {
        "provider": "min88",
        "source_id": "928",
        "name": "山代屋旅館",
        "lodging_type": "ryokan",
        "lodging_types": "ryokan, hotel",
        "business_status": null,
        "address": "愛媛県南宇和郡愛南町御荘平城2270",
        "phone": "0895-72-0001",
        "website": "https://www.yamashiroyaryokan.jp",
        "room_count": 7,
        "check_in": "12:00-20:00",
        "check_out": "09:00",
        "price": "素泊り：4,800円|朝食付：5,500円|夕食付：未確認|２食付：7,300円",
        "source_url": "https://min88.jp/inn/928/",
        "coordinate_source": "google_maps_embed_place"
      }
    },
    {
      "type": "Feature",
      "id": "min88-5914",
      "geometry": {
        "type": "Point",
        "coordinates": [
          132.561218,
          32.963346
        ]
      },
      "properties": {
        "provider": "min88",
        "source_id": "5914",
        "name": "きさらぎ旅館",
        "lodging_type": "ryokan",
        "lodging_types": "ryokan, hotel",
        "business_status": null,
        "address": "愛媛県南宇和郡愛南町御荘平城1972",
        "phone": "0895-72-1307",
        "website": "https://kisaragiryokan.info",
        "room_count": 9,
        "check_in": "16:00",
        "check_out": "09:00",
        "price": "素泊り：4,800円|朝食付：5,500円|夕食付：未確認|２食付：7,000円",
        "source_url": "https://min88.jp/inn/5914/",
        "coordinate_source": "google_maps_embed_place"
      }
    },
    {
      "type": "Feature",
      "id": "min88-933",
      "geometry": {
        "type": "Point",
        "coordinates": [
          132.5608304,
          32.9595726
        ]
      },
      "properties": {
        "provider": "min88",
        "source_id": "933",
        "name": "青い国ホテル",
        "lodging_type": "hotel",
        "lodging_types": "hotel",
        "business_status": null,
        "address": "愛媛県南宇和郡愛南町御荘平城3929-3",
        "phone": "0895-72-2131",
        "website": "https://www.aoikunihotel.co.jp",
        "room_count": 47,
        "check_in": "15:00",
        "check_out": "10:00",
        "price": "素泊り：|　・洋室5,800円〜|　・和室8,800円〜|朝食付：+800円|夕食付：設定なし|２食付：設定なし",
        "source_url": "https://min88.jp/inn/933/",
        "coordinate_source": "google_maps_embed_place"
      }
    },
    {
      "type": "Feature",
      "id": "min88-937",
      "geometry": {
        "type": "Point",
        "coordinates": [
          132.5509748,
          32.9652237
        ]
      },
      "properties": {
        "provider": "min88",
        "source_id": "937",
        "name": "ホテルサンパール",
        "lodging_type": "ryokan",
        "lodging_types": "ryokan, hotel",
        "business_status": "closed_or_suspended",
        "address": "愛媛県南宇和郡愛南町御荘平城681",
        "phone": "0895-72-3131",
        "website": "www.sunpearl.net",
        "room_count": 19,
        "check_in": "15:00",
        "check_out": "10:00",
        "price": "素泊り：6,000円\n朝食付：7,500円\n夕食付： —\n２食付：10,900円",
        "source_url": "https://min88.jp/inn/937/",
        "coordinate_source": "google_maps_embed_place"
      }
    },
    {
      "type": "Feature",
      "id": "min88-36629",
      "geometry": {
        "type": "Point",
        "coordinates": [
          132.5501141,
          32.965611
        ]
      },
      "properties": {
        "provider": "min88",
        "source_id": "36629",
        "name": "HOTEL AZ 愛媛愛南店",
        "lodging_type": "hotel",
        "lodging_types": "hotel",
        "business_status": null,
        "address": "愛媛県南宇和郡愛南町御荘平城681-2",
        "phone": "0895-72-3311",
        "website": "https://www.az-hotel.com/ainan/",
        "room_count": 158,
        "check_in": "15:00-23:00",
        "check_out": "10:00",
        "price": "素泊り：未確認|朝食付：6,380円|夕食付：未確認|２食付：7,590円",
        "source_url": "https://min88.jp/inn/36629/",
        "coordinate_source": "google_maps_embed_place"
      }
    },
    {
      "type": "Feature",
      "id": "min88-8708",
      "geometry": {
        "type": "Point",
        "coordinates": [
          132.544167,
          32.971967
        ]
      },
      "properties": {
        "provider": "min88",
        "source_id": "8708",
        "name": "よしもと民宿",
        "lodging_type": "guesthouse",
        "lodging_types": "guesthouse",
        "business_status": null,
        "address": "愛媛県南宇和郡愛南町御荘長洲1309-3",
        "phone": "0895-72-2285",
        "website": null,
        "room_count": null,
        "check_in": null,
        "check_out": null,
        "price": "素泊り：未確認|朝食付：未確認|夕食付：未確認|２食付：未確認",
        "source_url": "https://min88.jp/inn/8708/",
        "coordinate_source": "google_maps_embed_place"
      }
    },
    {
      "type": "Feature",
      "id": "min88-27463",
      "geometry": {
        "type": "Point",
        "coordinates": [
          132.535063,
          32.970717
        ]
      },
      "properties": {
        "provider": "min88",
        "source_id": "27463",
        "name": "御荘湾 上甲商会（民宿）",
        "lodging_type": "guesthouse",
        "lodging_types": "guesthouse",
        "business_status": null,
        "address": "愛媛県南宇和郡愛南町御荘平山443",
        "phone": "0895-74-0136|※3日前からの予約が必要になります",
        "website": "https://ehime-kaki.com",
        "room_count": 3,
        "check_in": "15:00",
        "check_out": null,
        "price": "素泊り：4,200円|朝食付：未確認|夕食付：6,000円|２食付：未確認",
        "source_url": "https://min88.jp/inn/27463/",
        "coordinate_source": "google_maps_embed_place"
      }
    },
    {
      "type": "Feature",
      "id": "min88-5234",
      "geometry": {
        "type": "Point",
        "coordinates": [
          132.4975231,
          33.0179227
        ]
      },
      "properties": {
        "provider": "min88",
        "source_id": "5234",
        "name": "カフェ＆ランチ・宿泊かしわ",
        "lodging_type": "guesthouse",
        "lodging_types": "guesthouse",
        "business_status": null,
        "address": "愛媛県南宇和郡愛南町柏372",
        "phone": "0895-85-0417",
        "website": null,
        "room_count": null,
        "check_in": null,
        "check_out": null,
        "price": "素泊り：4,500円|朝食付：設定なし|夕食付：設定なし|２食付：設定なし",
        "source_url": "https://min88.jp/inn/5234/",
        "coordinate_source": "google_maps_embed_place"
      }
    },
    {
      "type": "Feature",
      "id": "min88-13711",
      "geometry": {
        "type": "Point",
        "coordinates": [
          132.4994694,
          33.0184031
        ]
      },
      "properties": {
        "provider": "min88",
        "source_id": "13711",
        "name": "かめや旅館",
        "lodging_type": "ryokan",
        "lodging_types": "ryokan, hotel",
        "business_status": null,
        "address": "愛媛県南宇和郡愛南町柏2053-6",
        "phone": "0895-85-0007",
        "website": null,
        "room_count": 3,
        "check_in": "15:00",
        "check_out": "09:00",
        "price": "素泊り：5,000円|朝食付：未確認|夕食付：未確認|２食付：8,000円",
        "source_url": "https://min88.jp/inn/13711/",
        "coordinate_source": "google_maps_embed_place"
      }
    },
    {
      "type": "Feature",
      "id": "min88-488",
      "geometry": {
        "type": "Point",
        "coordinates": [
          132.4869878,
          33.0410788
        ]
      },
      "properties": {
        "provider": "min88",
        "source_id": "488",
        "name": "須ノ川公園キャンプ場",
        "lodging_type": "campground",
        "lodging_types": "campground",
        "business_status": null,
        "address": "愛媛県南宇和郡愛南町須ノ川288",
        "phone": "0895-85-0200",
        "website": "https://www.town.ainan.ehime.jp/kanko/sightseeing/zekkei/sunokawa-koen.html",
        "room_count": null,
        "check_in": null,
        "check_out": null,
        "price": "素泊り：1人1泊　300円（清掃協力費）|朝食付：設定なし|夕食付：設定なし|２食付：設定なし",
        "source_url": "https://min88.jp/inn/488/",
        "coordinate_source": "google_maps_embed_place"
      }
    },
    {
      "type": "Feature",
      "id": "min88-8710",
      "geometry": {
        "type": "Point",
        "coordinates": [
          132.4807441,
          33.0711704
        ]
      },
      "properties": {
        "provider": "min88",
        "source_id": "8710",
        "name": "民宿 西遊漁センター",
        "lodging_type": "guesthouse",
        "lodging_types": "guesthouse",
        "business_status": null,
        "address": "愛媛県宇和島市津島町針木260-1",
        "phone": "0895-35-0917",
        "website": "http://www.kitanada.net/yu-gyo/info.html",
        "room_count": 5,
        "check_in": "15:00",
        "check_out": "10:00",
        "price": "素泊り：4,600円|朝食付：未確認|夕食付：未確認|２食付：|　・生魚料理（刺身、煮魚、旬な魚介類）7,500円|　・貝賊焼料理（アワビ、エビ、緋扇貝、地鶏、魚料理）9,800円",
        "source_url": "https://min88.jp/inn/8710/",
        "coordinate_source": "google_maps_embed_place"
      }
    },
    {
      "type": "Feature",
      "id": "min88-939",
      "geometry": {
        "type": "Point",
        "coordinates": [
          132.5219495,
          33.122642
        ]
      },
      "properties": {
        "provider": "min88",
        "source_id": "939",
        "name": "三好旅館",
        "lodging_type": "ryokan",
        "lodging_types": "ryokan, hotel",
        "business_status": null,
        "address": "愛媛県宇和島市津島町岩松814-1",
        "phone": "0895-32-2107",
        "website": null,
        "room_count": 11,
        "check_in": "15:00",
        "check_out": "10:00",
        "price": "素泊り：5,000円|朝食付：未確認|夕食付：未確認|２食付：8,300円",
        "source_url": "https://min88.jp/inn/939/",
        "coordinate_source": "google_maps_embed_place"
      }
    },
    {
      "type": "Feature",
      "id": "min88-8587",
      "geometry": {
        "type": "Point",
        "coordinates": [
          132.520877,
          33.124339
        ]
      },
      "properties": {
        "provider": "min88",
        "source_id": "8587",
        "name": "よしのや旅館",
        "lodging_type": "guesthouse",
        "lodging_types": "guesthouse",
        "business_status": null,
        "address": "愛媛県宇和島市津島町岩松495-1",
        "phone": "090-5915-9869",
        "website": "https://hotel.travel.rakuten.co.jp/hinfo/40408/",
        "room_count": 3,
        "check_in": "14:00-19:00",
        "check_out": "09:00",
        "price": "素泊り：4,500円|朝食付：設定なし|夕食付：設定なし|２食付：設定なし",
        "source_url": "https://min88.jp/inn/8587/",
        "coordinate_source": "google_maps_embed_place"
      }
    },
    {
      "type": "Feature",
      "id": "min88-941",
      "geometry": {
        "type": "Point",
        "coordinates": [
          132.522713,
          33.125056
        ]
      },
      "properties": {
        "provider": "min88",
        "source_id": "941",
        "name": "大畑旅館",
        "lodging_type": "ryokan",
        "lodging_types": "ryokan, hotel",
        "business_status": "closed_or_suspended",
        "address": "愛媛県宇和島市津島町岩松753",
        "phone": "0895-32-2121",
        "website": "—",
        "room_count": null,
        "check_in": "15:00",
        "check_out": "10:00",
        "price": "※お遍路さん特別価格\n素泊り：4,500円\n朝食付： —\n夕食付： —\n２食付：7,000円",
        "source_url": "https://min88.jp/inn/941/",
        "coordinate_source": "google_maps_embed_place"
      }
    },
    {
      "type": "Feature",
      "id": "min88-944",
      "geometry": {
        "type": "Point",
        "coordinates": [
          132.5243677,
          33.1320334
        ]
      },
      "properties": {
        "provider": "min88",
        "source_id": "944",
        "name": "ホテルアイリン",
        "lodging_type": "hotel",
        "lodging_types": "hotel",
        "business_status": null,
        "address": "愛媛県宇和島市津島町高田2743-1",
        "phone": "0895-20-8211",
        "website": null,
        "room_count": null,
        "check_in": "15:00",
        "check_out": "10:00",
        "price": "素泊り：5,500円|朝食付：未確認|夕食付：未確認|２食付：未確認",
        "source_url": "https://min88.jp/inn/944/",
        "coordinate_source": "google_maps_embed_place"
      }
    },
    {
      "type": "Feature",
      "id": "min88-514",
      "geometry": {
        "type": "Point",
        "coordinates": [
          132.499141,
          33.132038
        ]
      },
      "properties": {
        "provider": "min88",
        "source_id": "514",
        "name": "南レクオートキャンプ場",
        "lodging_type": "campground",
        "lodging_types": "campground",
        "business_status": null,
        "address": "愛媛県宇和島市津島町近家1604",
        "phone": "0895-32-6211",
        "website": "http://www.nanreku.jp/site/uwajima/auto-camp.html",
        "room_count": null,
        "check_in": "14:00-18:00",
        "check_out": "06:00-10:00",
        "price": "素泊り：|　・個別サイト （1泊基本料金）：3,830円|　・フリーサイト（1泊基本料金）：2,730円|朝食付：設定なし|夕食付：設定なし|２食付：設定なし",
        "source_url": "https://min88.jp/inn/514/",
        "coordinate_source": "google_maps_embed_place"
      }
    },
    {
      "type": "Feature",
      "id": "min88-946",
      "geometry": {
        "type": "Point",
        "coordinates": [
          132.5670287,
          33.2183634
        ]
      },
      "properties": {
        "provider": "min88",
        "source_id": "946",
        "name": "宇和島リージェントホテル",
        "lodging_type": "hotel",
        "lodging_types": "hotel",
        "business_status": null,
        "address": "愛媛県宇和島市丸之内1丁目2-24",
        "phone": "0895-23-0808",
        "website": "http://www.uwajima-regent.jp",
        "room_count": 61,
        "check_in": "15:00",
        "check_out": "10:00",
        "price": "素泊り：6,400円〜|朝食付：7,150円〜|夕食付：7,200円〜|２食付：8,000円〜",
        "source_url": "https://min88.jp/inn/946/",
        "coordinate_source": "google_maps_embed_place"
      }
    },
    {
      "type": "Feature",
      "id": "min88-948",
      "geometry": {
        "type": "Point",
        "coordinates": [
          132.561466,
          33.222665
        ]
      },
      "properties": {
        "provider": "min88",
        "source_id": "948",
        "name": "民宿奴（やっこ）",
        "lodging_type": "guesthouse",
        "lodging_types": "guesthouse",
        "business_status": null,
        "address": "愛媛県宇和島市栄町港2丁目5-3",
        "phone": "0895-22-1545",
        "website": null,
        "room_count": null,
        "check_in": null,
        "check_out": null,
        "price": "素泊り：4,320円|朝食付：未確認|夕食付：未確認|２食付：7,020円",
        "source_url": "https://min88.jp/inn/948/",
        "coordinate_source": "google_maps_embed_place"
      }
    },
    {
      "type": "Feature",
      "id": "min88-14501",
      "geometry": {
        "type": "Point",
        "coordinates": [
          132.5687123,
          33.2207546
        ]
      },
      "properties": {
        "provider": "min88",
        "source_id": "14501",
        "name": "宇和島第一ホテル",
        "lodging_type": "hotel",
        "lodging_types": "hotel",
        "business_status": null,
        "address": "愛媛県宇和島市中央町1-3-9",
        "phone": "0895-25-0001",
        "website": "https://www.uwajima-d1hotel.com",
        "room_count": 103,
        "check_in": "15:00",
        "check_out": "10:00",
        "price": "素泊り：6,000円|朝食付：6,500円|夕食付：未確認|２食付：未確認",
        "source_url": "https://min88.jp/inn/14501/",
        "coordinate_source": "google_maps_embed_place"
      }
    },
    {
      "type": "Feature",
      "id": "min88-11889",
      "geometry": {
        "type": "Point",
        "coordinates": [
          132.5668679,
          33.2241384
        ]
      },
      "properties": {
        "provider": "min88",
        "source_id": "11889",
        "name": "スーパーホテル 宇和島駅前天然温泉",
        "lodging_type": "hotel",
        "lodging_types": "hotel",
        "business_status": null,
        "address": "愛媛県宇和島市錦町4番1号",
        "phone": "0895-22-9002",
        "website": "https://www.superhotel.co.jp/s_hotels/uwajima/",
        "room_count": 126,
        "check_in": "15:00",
        "check_out": "10:00",
        "price": "素泊り：未確認|朝食付：7,600円〜|夕食付：未確認|２食付：未確認",
        "source_url": "https://min88.jp/inn/11889/",
        "coordinate_source": "google_maps_embed_place"
      }
    },
    {
      "type": "Feature",
      "id": "min88-950",
      "geometry": {
        "type": "Point",
        "coordinates": [
          132.568412,
          33.225529
        ]
      },
      "properties": {
        "provider": "min88",
        "source_id": "950",
        "name": "宇和島ターミナルホテル",
        "lodging_type": "hotel",
        "lodging_types": "hotel",
        "business_status": null,
        "address": "愛媛県宇和島市天神町3-22",
        "phone": "0895-22-2280",
        "website": "https://uwajima-terminal.com",
        "room_count": 38,
        "check_in": "15:00-24:00",
        "check_out": "10:00",
        "price": "素泊り：|　・シングル5,200円|　・和室4,000円|朝食付：設定なし|夕食付：設定なし|２食付：設定なし",
        "source_url": "https://min88.jp/inn/950/",
        "coordinate_source": "google_maps_embed_place"
      }
    },
    {
      "type": "Feature",
      "id": "min88-952",
      "geometry": {
        "type": "Point",
        "coordinates": [
          132.5657331,
          33.2273375
        ]
      },
      "properties": {
        "provider": "min88",
        "source_id": "952",
        "name": "宇和島オリエンタルホテル",
        "lodging_type": "hotel",
        "lodging_types": "hotel",
        "business_status": null,
        "address": "愛媛県宇和島市鶴島町6-10",
        "phone": "0895-23-2828",
        "website": "http://www.oriental-web.co.jp/uwajima/",
        "room_count": 125,
        "check_in": "15:00",
        "check_out": "10:00",
        "price": "素泊り：5,800円|朝食付：6,500円|夕食付：未確認|２食付：未確認",
        "source_url": "https://min88.jp/inn/952/",
        "coordinate_source": "google_maps_embed_place"
      }
    },
    {
      "type": "Feature",
      "id": "min88-954",
      "geometry": {
        "type": "Point",
        "coordinates": [
          132.5715179,
          33.2437454
        ]
      },
      "properties": {
        "provider": "min88",
        "source_id": "954",
        "name": "へんろ宿もやい",
        "lodging_type": "guesthouse",
        "lodging_types": "guesthouse",
        "business_status": null,
        "address": "愛媛県宇和島市高串1-505-1",
        "phone": "0895-22-5508",
        "website": "https://www.henroyadomoyai.com",
        "room_count": 2,
        "check_in": null,
        "check_out": null,
        "price": "素泊り：4,000円|朝食付：未確認|夕食付：未確認|２食付：未確認",
        "source_url": "https://min88.jp/inn/954/",
        "coordinate_source": "google_maps_embed_place"
      }
    },
    {
      "type": "Feature",
      "id": "min88-956",
      "geometry": {
        "type": "Point",
        "coordinates": [
          132.5985236,
          33.28316
        ]
      },
      "properties": {
        "provider": "min88",
        "source_id": "956",
        "name": "民宿みま",
        "lodging_type": "guesthouse",
        "lodging_types": "guesthouse",
        "business_status": "closed_or_suspended",
        "address": "愛媛県宇和島市三間町務田711",
        "phone": "0895-58-3231",
        "website": "http://yadoyamima.web.fc2.com",
        "room_count": 3,
        "check_in": "15:00",
        "check_out": "10:00",
        "price": "素泊り：4,000円|朝食付：4,700円|夕食付：6,000円|２食付：6,500円",
        "source_url": "https://min88.jp/inn/956/",
        "coordinate_source": "google_maps_embed_place"
      }
    },
    {
      "type": "Feature",
      "id": "min88-959",
      "geometry": {
        "type": "Point",
        "coordinates": [
          132.5792199,
          33.3143635
        ]
      },
      "properties": {
        "provider": "min88",
        "source_id": "959",
        "name": "民宿とうべや",
        "lodging_type": "guesthouse",
        "lodging_types": "guesthouse",
        "business_status": null,
        "address": "愛媛県宇和島市三間町則1582",
        "phone": "0895-58-2382",
        "website": null,
        "room_count": null,
        "check_in": null,
        "check_out": null,
        "price": "素泊り：未確認|朝食付：未確認|夕食付：未確認|２食付：未確認",
        "source_url": "https://min88.jp/inn/959/",
        "coordinate_source": "google_maps_embed_place"
      }
    },
    {
      "type": "Feature",
      "id": "min88-961",
      "geometry": {
        "type": "Point",
        "coordinates": [
          132.5372783,
          33.3466515
        ]
      },
      "properties": {
        "provider": "min88",
        "source_id": "961",
        "name": "ゲストハウスうめや",
        "lodging_type": "guesthouse",
        "lodging_types": "guesthouse",
        "business_status": null,
        "address": "愛媛県西予市宇和町皆田561",
        "phone": "090-2892-1924",
        "website": "https://sites.google.com/view/guesthouseumeya",
        "room_count": 4,
        "check_in": "15:00",
        "check_out": "11:00",
        "price": "素泊り：4,600円|朝食付：未確認|夕食付：未確認|２食付：未確認",
        "source_url": "https://min88.jp/inn/961/",
        "coordinate_source": "google_maps_embed_place"
      }
    },
    {
      "type": "Feature",
      "id": "min88-5609",
      "geometry": {
        "type": "Point",
        "coordinates": [
          132.533391,
          33.352955
        ]
      },
      "properties": {
        "provider": "min88",
        "source_id": "5609",
        "name": "民宿りんの宿（旧：民宿みやこ）",
        "lodging_type": "guesthouse",
        "lodging_types": "guesthouse",
        "business_status": null,
        "address": "愛媛県西予市宇和町稲生307",
        "phone": "0894-62-5872",
        "website": null,
        "room_count": null,
        "check_in": null,
        "check_out": null,
        "price": "素泊り：5,000円|朝食付：未確認|夕食付：未確認|２食付：未確認",
        "source_url": "https://min88.jp/inn/5609/",
        "coordinate_source": "google_maps_embed_place"
      }
    },
    {
      "type": "Feature",
      "id": "min88-963",
      "geometry": {
        "type": "Point",
        "coordinates": [
          132.5326156,
          33.3545336
        ]
      },
      "properties": {
        "provider": "min88",
        "source_id": "963",
        "name": "おめぐり庵",
        "lodging_type": "guesthouse",
        "lodging_types": "guesthouse",
        "business_status": null,
        "address": "愛媛県西予市宇和町稲生325-2",
        "phone": "090-2829-4360",
        "website": "http://omeguri.com",
        "room_count": 2,
        "check_in": "15:00-22:00",
        "check_out": "10:00",
        "price": "素泊り：5,500円|朝食付：6,300円|夕食付：7,000円|２食付：7,800円",
        "source_url": "https://min88.jp/inn/963/",
        "coordinate_source": "google_maps_embed_place"
      }
    },
    {
      "type": "Feature",
      "id": "min88-965",
      "geometry": {
        "type": "Point",
        "coordinates": [
          132.5137994,
          33.3626973
        ]
      },
      "properties": {
        "provider": "min88",
        "source_id": "965",
        "name": "第１ビジネスホテル松屋",
        "lodging_type": "hotel",
        "lodging_types": "hotel",
        "business_status": null,
        "address": "愛媛県西予市宇和町卯之町3丁目207",
        "phone": "0894-62-3232",
        "website": "https://www.matsuya-ryokan.jp",
        "room_count": 20,
        "check_in": "16:00",
        "check_out": "09:00",
        "price": "素泊り：6,050円|朝食付：6,600円|夕食付：未確認|２食付：8,530円",
        "source_url": "https://min88.jp/inn/965/",
        "coordinate_source": "google_maps_embed_place"
      }
    },
    {
      "type": "Feature",
      "id": "min88-967",
      "geometry": {
        "type": "Point",
        "coordinates": [
          132.5111283,
          33.3637717
        ]
      },
      "properties": {
        "provider": "min88",
        "source_id": "967",
        "name": "冨士廼家旅館（ふじのや）",
        "lodging_type": "ryokan",
        "lodging_types": "ryokan, hotel",
        "business_status": null,
        "address": "愛媛県西予市宇和町卯之町3丁目318",
        "phone": "0894-62-0050",
        "website": "http://fujinoyaryokan.p-kit.com",
        "room_count": 13,
        "check_in": "16:00",
        "check_out": "10:00",
        "price": "素泊り：4,950円|朝食付：5,720円|夕食付：未確認|２食付：8,250円、9,900円、12,100円",
        "source_url": "https://min88.jp/inn/967/",
        "coordinate_source": "google_maps_embed_place"
      }
    },
    {
      "type": "Feature",
      "id": "min88-969",
      "geometry": {
        "type": "Point",
        "coordinates": [
          132.5109476,
          33.3638062
        ]
      },
      "properties": {
        "provider": "min88",
        "source_id": "969",
        "name": "まつちや旅館",
        "lodging_type": "ryokan",
        "lodging_types": "ryokan, hotel",
        "business_status": null,
        "address": "愛媛県西予市宇和町卯之町3丁目324",
        "phone": "0894-62-0126",
        "website": null,
        "room_count": 5,
        "check_in": "15:00",
        "check_out": "10:00",
        "price": "素泊り：4,500円|朝食付：未確認|夕食付：未確認|２食付：7,000円",
        "source_url": "https://min88.jp/inn/969/",
        "coordinate_source": "google_maps_embed_place"
      }
    },
    {
      "type": "Feature",
      "id": "min88-13065",
      "geometry": {
        "type": "Point",
        "coordinates": [
          132.5104685,
          33.3648725
        ]
      },
      "properties": {
        "provider": "min88",
        "source_id": "13065",
        "name": "いそき屋",
        "lodging_type": "guesthouse",
        "lodging_types": "guesthouse",
        "business_status": null,
        "address": "愛媛県西予市宇和町卯之町二丁目329",
        "phone": "080-1992-3793",
        "website": "https://r.goope.jp/isokiya/",
        "room_count": 2,
        "check_in": "15:00",
        "check_out": "10:00",
        "price": "素泊り：4,500円|朝食付：5,500円|夕食付：8,500円|２食付：9,000円",
        "source_url": "https://min88.jp/inn/13065/",
        "coordinate_source": "google_maps_embed_place"
      }
    },
    {
      "type": "Feature",
      "id": "min88-971",
      "geometry": {
        "type": "Point",
        "coordinates": [
          132.504304,
          33.383984
        ]
      },
      "properties": {
        "provider": "min88",
        "source_id": "971",
        "name": "宇和パークホテル",
        "lodging_type": "ryokan",
        "lodging_types": "ryokan, hotel",
        "business_status": null,
        "address": "愛媛県西予市宇和町上松葉330",
        "phone": "0894-62-2211",
        "website": "https://www.uwapark.com/hotel",
        "room_count": 20,
        "check_in": "16:00",
        "check_out": "11:00",
        "price": "素泊り：6,600円〜7,700円|朝食付：+1,100円|夕食付：+2,200円|２食付：+3,300円",
        "source_url": "https://min88.jp/inn/971/",
        "coordinate_source": "google_maps_embed_place"
      }
    },
    {
      "type": "Feature",
      "id": "min88-30130",
      "geometry": {
        "type": "Point",
        "coordinates": [
          132.4780395,
          33.393892
        ]
      },
      "properties": {
        "provider": "min88",
        "source_id": "30130",
        "name": "古民家民宿カルフール",
        "lodging_type": "guesthouse",
        "lodging_types": "guesthouse",
        "business_status": null,
        "address": "愛媛県西予市宇和町岩木871",
        "phone": "070-8970-2979",
        "website": "https://www.carrefour-line.com",
        "room_count": 2,
        "check_in": "16:00-20:00",
        "check_out": "05:30-10:00",
        "price": "素泊り：4,500円|朝食付：5,300円|夕食付：7,300円|２食付：7,300円",
        "source_url": "https://min88.jp/inn/30130/",
        "coordinate_source": "google_maps_embed_place"
      }
    },
    {
      "type": "Feature",
      "id": "min88-8931",
      "geometry": {
        "type": "Point",
        "coordinates": [
          132.542509,
          33.507493
        ]
      },
      "properties": {
        "provider": "min88",
        "source_id": "8931",
        "name": "松楽旅館（しょうらく）",
        "lodging_type": "ryokan",
        "lodging_types": "ryokan, hotel",
        "business_status": null,
        "address": "愛媛県大洲市大洲727-2",
        "phone": "0893-24-4143",
        "website": "https://hb.afl.rakuten.co.jp/hgc/0d275e50.fa31ae93.0d275e51.0ddec40e/?pc=https%3A%2F%2Ftravel.rakuten.co.jp%2FHOTEL%2F145082%2F145082.html&link_type=hybrid_url&ut=eyJwYWdlIjoiaXRlbSIsInR5cGUiOiJoeWJyaWRfdXJsIiwic2l6ZSI6IjB4MCIsIm5hbSI6MSwibmFtcCI6InJpZ2h0IiwiY29tIjoxLCJjb21wIjoidXAiLCJwcmljZSI6MCwiYm9yIjowLCJjb2wiOjAsImJidG4iOjEsInByb2QiOjAsImFtcCI6ZmFsc2V9",
        "room_count": 15,
        "check_in": "16:00",
        "check_out": "09:00",
        "price": "素泊り：3,300円〜|朝食付：なし|夕食付：なし|２食付：なし",
        "source_url": "https://min88.jp/inn/8931/",
        "coordinate_source": "google_maps_embed_place"
      }
    },
    {
      "type": "Feature",
      "id": "min88-5950",
      "geometry": {
        "type": "Point",
        "coordinates": [
          132.5411179,
          33.5083764
        ]
      },
      "properties": {
        "provider": "min88",
        "source_id": "5950",
        "name": "NIPPONIA HOTEL 大洲 城下町",
        "lodging_type": "ryokan",
        "lodging_types": "ryokan, hotel",
        "business_status": null,
        "address": "愛媛県大洲市大洲378",
        "phone": "0120-210-289",
        "website": "https://www.ozucastle.com",
        "room_count": 20,
        "check_in": "15:00",
        "check_out": "12:00",
        "price": "素泊り：未確認|朝食付：27,830円〜|夕食付：未確認|２食付：30,008円〜",
        "source_url": "https://min88.jp/inn/5950/",
        "coordinate_source": "google_maps_embed_place"
      }
    },
    {
      "type": "Feature",
      "id": "min88-977",
      "geometry": {
        "type": "Point",
        "coordinates": [
          132.54037,
          33.510118
        ]
      },
      "properties": {
        "provider": "min88",
        "source_id": "977",
        "name": "大洲郷土館ユースホステル",
        "lodging_type": "guesthouse",
        "lodging_types": "guesthouse",
        "business_status": "closed_or_suspended",
        "address": "愛媛県大洲市大洲886-1 三の丸",
        "phone": "0893-24-2258",
        "website": "www.jyh.or.jp",
        "room_count": null,
        "check_in": "16:00-20:00",
        "check_out": "06:00-10:00",
        "price": "素泊り：ドミトリー3,800円\n朝食付： —\n夕食付： —\n２食付： —",
        "source_url": "https://min88.jp/inn/977/",
        "coordinate_source": "google_maps_embed_place"
      }
    },
    {
      "type": "Feature",
      "id": "min88-979",
      "geometry": {
        "type": "Point",
        "coordinates": [
          132.5464978,
          33.5148403
        ]
      },
      "properties": {
        "provider": "min88",
        "source_id": "979",
        "name": "ときわ旅館",
        "lodging_type": "guesthouse",
        "lodging_types": "guesthouse",
        "business_status": null,
        "address": "愛媛県大洲市中村629",
        "phone": "0893-24-3634",
        "website": "https://tokiwa-ryokan.com",
        "room_count": 5,
        "check_in": "15:00",
        "check_out": "08:00",
        "price": "素泊り：6,000円|朝食付：6,500円|夕食付：7,500円|２食付：8,000円",
        "source_url": "https://min88.jp/inn/979/",
        "coordinate_source": "google_maps_embed_place"
      }
    },
    {
      "type": "Feature",
      "id": "min88-981",
      "geometry": {
        "type": "Point",
        "coordinates": [
          132.5473964,
          33.5151359
        ]
      },
      "properties": {
        "provider": "min88",
        "source_id": "981",
        "name": "ホテルオータ",
        "lodging_type": "hotel",
        "lodging_types": "hotel",
        "business_status": null,
        "address": "愛媛県大洲市田口36-4",
        "phone": "0893-24-3533",
        "website": "https://hotel-ota.com",
        "room_count": 40,
        "check_in": "15:00",
        "check_out": "10:00",
        "price": "素泊り：6,600円|朝食付：7,590円|夕食付：未確認|２食付：未確認",
        "source_url": "https://min88.jp/inn/981/",
        "coordinate_source": "google_maps_embed_place"
      }
    },
    {
      "type": "Feature",
      "id": "min88-983",
      "geometry": {
        "type": "Point",
        "coordinates": [
          132.546372,
          33.517864
        ]
      },
      "properties": {
        "provider": "min88",
        "source_id": "983",
        "name": "料苑たる井",
        "lodging_type": "ryokan",
        "lodging_types": "ryokan, hotel",
        "business_status": null,
        "address": "愛媛県大洲市若宮465-1",
        "phone": "0893-24-4585",
        "website": "https://www.oozu-taruiryokan.com",
        "room_count": 5,
        "check_in": "16:00",
        "check_out": "10:00",
        "price": "素泊り：7,700円|朝食付：8,800円|夕食付：未確認|２食付：13,200円、15,400円、22,000円",
        "source_url": "https://min88.jp/inn/983/",
        "coordinate_source": "google_maps_embed_place"
      }
    },
    {
      "type": "Feature",
      "id": "min88-990",
      "geometry": {
        "type": "Point",
        "coordinates": [
          132.5516038,
          33.520025
        ]
      },
      "properties": {
        "provider": "min88",
        "source_id": "990",
        "name": "ホテルウェストリバー・にし川",
        "lodging_type": "hotel",
        "lodging_types": "hotel",
        "business_status": null,
        "address": "愛媛県大洲市田口甲392-6",
        "phone": "0893-24-4046",
        "website": "http://www.west-nisikawa.jp",
        "room_count": 12,
        "check_in": "16:00",
        "check_out": "10:00",
        "price": "素泊り：5,500円|朝食付：未確認|夕食付：未確認|２食付：9,000円",
        "source_url": "https://min88.jp/inn/990/",
        "coordinate_source": "google_maps_embed_place"
      }
    },
    {
      "type": "Feature",
      "id": "min88-993",
      "geometry": {
        "type": "Point",
        "coordinates": [
          132.5698509,
          33.5303643
        ]
      },
      "properties": {
        "provider": "min88",
        "source_id": "993",
        "name": "オオズプラザホテル",
        "lodging_type": "hotel",
        "lodging_types": "hotel",
        "business_status": null,
        "address": "愛媛県大洲市東大洲1341",
        "phone": "0893-25-1100",
        "website": "http://ozu-plazahotel.jp",
        "room_count": 57,
        "check_in": "15:00",
        "check_out": "11:00",
        "price": "素泊り：シングル7,480円|朝食付：設定なし|夕食付：設定なし|２食付：設定なし",
        "source_url": "https://min88.jp/inn/993/",
        "coordinate_source": "google_maps_embed_place"
      }
    },
    {
      "type": "Feature",
      "id": "min88-997",
      "geometry": {
        "type": "Point",
        "coordinates": [
          132.571096,
          33.5307515
        ]
      },
      "properties": {
        "provider": "min88",
        "source_id": "997",
        "name": "スーパーホテル愛媛・大洲インター",
        "lodging_type": "hotel",
        "lodging_types": "hotel",
        "business_status": null,
        "address": "愛媛県大洲市東大洲1487",
        "phone": "0893-37-9000",
        "website": "https://www.superhotel.co.jp/s_hotels/ehime_ozu/",
        "room_count": 103,
        "check_in": "15:00",
        "check_out": "10:00",
        "price": "素泊り：設定なし|朝食付：5,580円|夕食付：設定なし|２食付：設定なし",
        "source_url": "https://min88.jp/inn/997/",
        "coordinate_source": "google_maps_embed_place"
      }
    },
    {
      "type": "Feature",
      "id": "min88-548",
      "geometry": {
        "type": "Point",
        "coordinates": [
          132.57544,
          33.5317736
        ]
      },
      "properties": {
        "provider": "min88",
        "source_id": "548",
        "name": "十夜ヶ橋（御野宿所）",
        "lodging_type": "pilgrim_shelter",
        "lodging_types": "pilgrim_shelter",
        "business_status": null,
        "address": "愛媛県大洲市東大洲1808",
        "phone": "非掲載",
        "website": null,
        "room_count": null,
        "check_in": null,
        "check_out": null,
        "price": "素泊り：未確認|朝食付：設定なし|夕食付：設定なし|２食付：設定なし",
        "source_url": "https://min88.jp/inn/548/",
        "coordinate_source": "google_maps_embed_place"
      }
    },
    {
      "type": "Feature",
      "id": "min88-19497",
      "geometry": {
        "type": "Point",
        "coordinates": [
          132.5745244,
          33.5322692
        ]
      },
      "properties": {
        "provider": "min88",
        "source_id": "19497",
        "name": "十夜ヶ橋（永徳寺）通夜堂",
        "lodging_type": "pilgrim_shelter",
        "lodging_types": "pilgrim_shelter",
        "business_status": null,
        "address": "愛媛県大洲市東大洲1808",
        "phone": null,
        "website": null,
        "room_count": 1,
        "check_in": null,
        "check_out": null,
        "price": "素泊り：無料|朝食付：設定なし|夕食付：設定なし|２食付：設定なし",
        "source_url": "https://min88.jp/inn/19497/",
        "coordinate_source": "google_maps_embed_place"
      }
    },
    {
      "type": "Feature",
      "id": "min88-999",
      "geometry": {
        "type": "Point",
        "coordinates": [
          132.6483668,
          33.5468912
        ]
      },
      "properties": {
        "provider": "min88",
        "source_id": "999",
        "name": "お遍路ハウス・民宿やまもも",
        "lodging_type": "guesthouse",
        "lodging_types": "guesthouse",
        "business_status": null,
        "address": "愛媛県喜多郡喜多郡内子町内子885-7",
        "phone": "090-5912-8785",
        "website": "https://www.we-love-uchiko.jp/stay/2697/",
        "room_count": 1,
        "check_in": "15:00",
        "check_out": "10:00",
        "price": "素泊り：3,500円|朝食付：設定なし|夕食付：設定なし|２食付：設定なし",
        "source_url": "https://min88.jp/inn/999/",
        "coordinate_source": "google_maps_embed_place"
      }
    },
    {
      "type": "Feature",
      "id": "min88-1002",
      "geometry": {
        "type": "Point",
        "coordinates": [
          132.6525969,
          33.5499336
        ]
      },
      "properties": {
        "provider": "min88",
        "source_id": "1002",
        "name": "Hotel AZ愛媛内子店",
        "lodging_type": "hotel",
        "lodging_types": "hotel",
        "business_status": null,
        "address": "愛媛県喜多郡内子町内子1529-1",
        "phone": "0893-44-3371",
        "website": "https://www.az-hotel.com/uchiko/",
        "room_count": 133,
        "check_in": "15:00",
        "check_out": "10:00",
        "price": "素泊り：未確認|朝食付：4,950円〜|夕食付：未確認|２食付：5,910円〜",
        "source_url": "https://min88.jp/inn/1002/",
        "coordinate_source": "google_maps_embed_place"
      }
    },
    {
      "type": "Feature",
      "id": "min88-592",
      "geometry": {
        "type": "Point",
        "coordinates": [
          132.6550469,
          33.5516942
        ]
      },
      "properties": {
        "provider": "min88",
        "source_id": "592",
        "name": "民宿シャロン",
        "lodging_type": "guesthouse",
        "lodging_types": "guesthouse",
        "business_status": null,
        "address": "愛媛県喜多郡内子町内子1619",
        "phone": "0893-44-3339",
        "website": null,
        "room_count": 5,
        "check_in": null,
        "check_out": null,
        "price": "素泊り：4,500円|朝食付：設定なし|夕食付：設定なし|２食付：設定なし",
        "source_url": "https://min88.jp/inn/592/",
        "coordinate_source": "google_maps_embed_place"
      }
    },
    {
      "type": "Feature",
      "id": "min88-30522",
      "geometry": {
        "type": "Point",
        "coordinates": [
          132.6536958,
          33.5534286
        ]
      },
      "properties": {
        "provider": "min88",
        "source_id": "30522",
        "name": "Ted’s Guest House & Cycle Activity Center",
        "lodging_type": "guesthouse",
        "lodging_types": "guesthouse",
        "business_status": null,
        "address": "愛媛県喜多郡内子町内子1973",
        "phone": "0893-23-9533|受付時間 24時間",
        "website": "https://www.teds.jp",
        "room_count": 12,
        "check_in": "15:00-21:00",
        "check_out": "11:00",
        "price": "素泊り：6,000円〜|朝食付：7,500円〜|夕食付：設定無し|２食付：設定無し",
        "source_url": "https://min88.jp/inn/30522/",
        "coordinate_source": "google_maps_embed_place"
      }
    },
    {
      "type": "Feature",
      "id": "min88-1005",
      "geometry": {
        "type": "Point",
        "coordinates": [
          132.6533816,
          33.5543115
        ]
      },
      "properties": {
        "provider": "min88",
        "source_id": "1005",
        "name": "内子晴れ",
        "lodging_type": "guesthouse",
        "lodging_types": "guesthouse",
        "business_status": null,
        "address": "愛媛県喜多郡内子町内子3025",
        "phone": "0893-57-6330",
        "website": "https://uchikobare.jp",
        "room_count": null,
        "check_in": "17:00",
        "check_out": "10:00",
        "price": "素泊り：3,000円|朝食付：未確認|夕食付：未確認|２食付：5,200円",
        "source_url": "https://min88.jp/inn/1005/",
        "coordinate_source": "google_maps_embed_place"
      }
    },
    {
      "type": "Feature",
      "id": "min88-29144",
      "geometry": {
        "type": "Point",
        "coordinates": [
          132.653512,
          33.556321
        ]
      },
      "properties": {
        "provider": "min88",
        "source_id": "29144",
        "name": "民宿御宿月乃家",
        "lodging_type": "guesthouse",
        "lodging_types": "guesthouse",
        "business_status": null,
        "address": "愛媛県喜多郡内子町内子2646",
        "phone": "0893-43-1160",
        "website": "http://uchiko-tsukinoya.com",
        "room_count": 4,
        "check_in": "15:00",
        "check_out": "10:00",
        "price": "素泊り：6,300円|朝食付：7,350円|夕食付：8,610円|２食付：9,660円",
        "source_url": "https://min88.jp/inn/29144/",
        "coordinate_source": "google_maps_embed_place"
      }
    },
    {
      "type": "Feature",
      "id": "min88-196",
      "geometry": {
        "type": "Point",
        "coordinates": [
          132.6538007,
          33.5568049
        ]
      },
      "properties": {
        "provider": "min88",
        "source_id": "196",
        "name": "中芳我邸ゲストハウス",
        "lodging_type": "guesthouse",
        "lodging_types": "guesthouse",
        "business_status": null,
        "address": "愛媛県喜多郡内子町内子 2655",
        "phone": "0893-50-6270",
        "website": null,
        "room_count": null,
        "check_in": "13:00",
        "check_out": "10:30",
        "price": "素泊り：8,800円|（6,000円/人・2～4名利用）|朝食付：設定なし|夕食付：設定なし|２食付：設定なし",
        "source_url": "https://min88.jp/inn/196/",
        "coordinate_source": "google_maps_embed_place"
      }
    },
    {
      "type": "Feature",
      "id": "min88-1007",
      "geometry": {
        "type": "Point",
        "coordinates": [
          132.6756375,
          33.5597255
        ]
      },
      "properties": {
        "provider": "min88",
        "source_id": "1007",
        "name": "ファームインRAUM古久里来（こくりこ）",
        "lodging_type": "guesthouse",
        "lodging_types": "guesthouse",
        "business_status": null,
        "address": "愛媛県喜多郡内子町五百木636",
        "phone": "0893-44-2079",
        "website": "https://kokuriko2.wixsite.com/home",
        "room_count": 4,
        "check_in": "15:00",
        "check_out": "10:00",
        "price": "素泊り：6,500円|朝食付：7,500円|夕食付：8,800円|２食付：9,800円",
        "source_url": "https://min88.jp/inn/1007/",
        "coordinate_source": "google_maps_embed_place"
      }
    },
    {
      "type": "Feature",
      "id": "min88-6372",
      "geometry": {
        "type": "Point",
        "coordinates": [
          132.686491,
          33.5639926
        ]
      },
      "properties": {
        "provider": "min88",
        "source_id": "6372",
        "name": "五百木遍路無料宿",
        "lodging_type": "pilgrim_shelter",
        "lodging_types": "pilgrim_shelter",
        "business_status": null,
        "address": "愛媛県喜多郡内子町五百木",
        "phone": null,
        "website": null,
        "room_count": 1,
        "check_in": null,
        "check_out": null,
        "price": "素泊り：無料|朝食付：設定なし|夕食付：設定なし|２食付：設定なし",
        "source_url": "https://min88.jp/inn/6372/",
        "coordinate_source": "google_maps_embed_place"
      }
    },
    {
      "type": "Feature",
      "id": "min88-1009",
      "geometry": {
        "type": "Point",
        "coordinates": [
          132.7168271,
          33.5747786
        ]
      },
      "properties": {
        "provider": "min88",
        "source_id": "1009",
        "name": "大瀬の館",
        "lodging_type": "guesthouse",
        "lodging_types": "guesthouse",
        "business_status": null,
        "address": "愛媛県喜多郡内子町大瀬中央4610-1",
        "phone": "080-2982-2052",
        "website": "http://大瀬の館.com",
        "room_count": null,
        "check_in": null,
        "check_out": null,
        "price": "素泊り：4,000円|朝食付：未確認|夕食付：未確認|２食付：未確認",
        "source_url": "https://min88.jp/inn/1009/",
        "coordinate_source": "google_maps_embed_place"
      }
    },
    {
      "type": "Feature",
      "id": "min88-550",
      "geometry": {
        "type": "Point",
        "coordinates": [
          132.7469411,
          33.5817152
        ]
      },
      "properties": {
        "provider": "min88",
        "source_id": "550",
        "name": "千人宿記念大師堂（通夜堂）",
        "lodging_type": "pilgrim_shelter",
        "lodging_types": "pilgrim_shelter",
        "business_status": null,
        "address": "愛媛県喜多郡内子町大瀬東3660",
        "phone": "非掲載",
        "website": null,
        "room_count": 1,
        "check_in": null,
        "check_out": null,
        "price": "素泊り：無料|朝食付：設定なし|夕食付：設定なし|２食付：設定なし",
        "source_url": "https://min88.jp/inn/550/",
        "coordinate_source": "google_maps_embed_place"
      }
    },
    {
      "type": "Feature",
      "id": "min88-5625",
      "geometry": {
        "type": "Point",
        "coordinates": [
          132.7487403,
          33.5839559
        ]
      },
      "properties": {
        "provider": "min88",
        "source_id": "5625",
        "name": "いかだや",
        "lodging_type": "ryokan",
        "lodging_types": "ryokan, hotel",
        "business_status": null,
        "address": "愛媛県喜多郡内子町大瀬東3581",
        "phone": "0893-59-9900",
        "website": null,
        "room_count": 4,
        "check_in": "15:00",
        "check_out": "10:00",
        "price": "素泊り：5,000円|朝食付：未確認|夕食付：未確認|２食付：8,200円",
        "source_url": "https://min88.jp/inn/5625/",
        "coordinate_source": "google_maps_embed_place"
      }
    },
    {
      "type": "Feature",
      "id": "min88-1013",
      "geometry": {
        "type": "Point",
        "coordinates": [
          132.7899371,
          33.5703172
        ]
      },
      "properties": {
        "provider": "min88",
        "source_id": "1013",
        "name": "大福旅館",
        "lodging_type": "ryokan",
        "lodging_types": "ryokan, hotel",
        "business_status": null,
        "address": "愛媛県喜多郡内子町寺村1140",
        "phone": "0892-52-2402",
        "website": "https://travel.rakuten.co.jp/HOTEL/147850/147850.html",
        "room_count": 2,
        "check_in": "15:00",
        "check_out": "10:00",
        "price": "素泊り：4,500円|朝食付：未確認|夕食付：未確認|２食付：8,500円",
        "source_url": "https://min88.jp/inn/1013/",
        "coordinate_source": "google_maps_embed_place"
      }
    },
    {
      "type": "Feature",
      "id": "min88-14583",
      "geometry": {
        "type": "Point",
        "coordinates": [
          132.7469411,
          33.5817152
        ]
      },
      "properties": {
        "provider": "min88",
        "source_id": "14583",
        "name": "堂山大師通夜堂",
        "lodging_type": "pilgrim_shelter",
        "lodging_types": "pilgrim_shelter",
        "business_status": null,
        "address": "愛媛県喜多郡内子町寺村",
        "phone": null,
        "website": null,
        "room_count": 2,
        "check_in": null,
        "check_out": null,
        "price": "素泊り：無料ですが「お心使い」のさい銭箱があります。|朝食付：設定なし|夕食付：設定なし|２食付：設定なし",
        "source_url": "https://min88.jp/inn/14583/",
        "coordinate_source": "google_maps_embed_place"
      }
    },
    {
      "type": "Feature",
      "id": "min88-1016",
      "geometry": {
        "type": "Point",
        "coordinates": [
          132.8040768,
          33.5695173
        ]
      },
      "properties": {
        "provider": "min88",
        "source_id": "1016",
        "name": "ふじや旅館",
        "lodging_type": "ryokan",
        "lodging_types": "ryokan, hotel",
        "business_status": null,
        "address": "愛媛県喜多郡内子町小田253",
        "phone": "0892-52-2002",
        "website": null,
        "room_count": 5,
        "check_in": "15:00",
        "check_out": "10:00",
        "price": "素泊り：5,000円|朝食付：未確認|夕食付：未確認|２食付：8,000円",
        "source_url": "https://min88.jp/inn/1016/",
        "coordinate_source": "google_maps_embed_place"
      }
    },
    {
      "type": "Feature",
      "id": "min88-8592",
      "geometry": {
        "type": "Point",
        "coordinates": [
          132.7879637,
          33.6131605
        ]
      },
      "properties": {
        "provider": "min88",
        "source_id": "8592",
        "name": "たどビレッジ",
        "lodging_type": "guesthouse",
        "lodging_types": "guesthouse",
        "business_status": null,
        "address": "愛媛県喜多郡内子町上田渡283",
        "phone": "090-7145-6664",
        "website": "https://tadovillage.localinfo.jp",
        "room_count": 5,
        "check_in": "16:00",
        "check_out": "09:00",
        "price": "素泊り：洋室4,000円／和室3,000円|※部屋貸し（和室のみ）の場合は3,000円加算|朝食付：設定なし|夕食付：設定なし|２食付：設定なし",
        "source_url": "https://min88.jp/inn/8592/",
        "coordinate_source": "google_maps_embed_place"
      }
    },
    {
      "type": "Feature",
      "id": "min88-8589",
      "geometry": {
        "type": "Point",
        "coordinates": [
          132.8246925,
          33.5730247
        ]
      },
      "properties": {
        "provider": "min88",
        "source_id": "8589",
        "name": "山宿むらや",
        "lodging_type": "guesthouse",
        "lodging_types": "guesthouse",
        "business_status": null,
        "address": "愛媛県喜多郡内子町本川3073",
        "phone": "0892-52-2120",
        "website": "https://www.we-love-uchiko.jp/stay/700/",
        "room_count": null,
        "check_in": "15:00",
        "check_out": "11:00",
        "price": "素泊り：未確認|朝食付：未確認|夕食付：未確認|２食付：8,640円〜",
        "source_url": "https://min88.jp/inn/8589/",
        "coordinate_source": "google_maps_embed_place"
      }
    },
    {
      "type": "Feature",
      "id": "min88-594",
      "geometry": {
        "type": "Point",
        "coordinates": [
          132.7980103,
          33.628069
        ]
      },
      "properties": {
        "provider": "min88",
        "source_id": "594",
        "name": "えびすや旅館",
        "lodging_type": "guesthouse",
        "lodging_types": "guesthouse",
        "business_status": null,
        "address": "愛媛県伊予郡砥部町総津790",
        "phone": "089-969-2209",
        "website": null,
        "room_count": 3,
        "check_in": "16:00",
        "check_out": "09:00",
        "price": "素泊り：未確認|朝食付：未確認|夕食付：未確認|２食付：7,500円",
        "source_url": "https://min88.jp/inn/594/",
        "coordinate_source": "google_maps_embed_place"
      }
    },
    {
      "type": "Feature",
      "id": "min88-6307",
      "geometry": {
        "type": "Point",
        "coordinates": [
          132.7964521,
          33.6319407
        ]
      },
      "properties": {
        "provider": "min88",
        "source_id": "6307",
        "name": "たちばな旅館",
        "lodging_type": "ryokan",
        "lodging_types": "ryokan, hotel",
        "business_status": "closed_or_suspended",
        "address": "愛媛県伊予郡砥部町総津1108",
        "phone": "089-969-2322",
        "website": "—",
        "room_count": null,
        "check_in": null,
        "check_out": null,
        "price": "素泊り： —\n朝食付： —\n夕食付： —\n２食付： —",
        "source_url": "https://min88.jp/inn/6307/",
        "coordinate_source": "google_maps_embed_place"
      }
    },
    {
      "type": "Feature",
      "id": "min88-1011",
      "geometry": {
        "type": "Point",
        "coordinates": [
          132.8767218,
          33.6414881
        ]
      },
      "properties": {
        "provider": "min88",
        "source_id": "1011",
        "name": "Tentsuki Place",
        "lodging_type": "guesthouse",
        "lodging_types": "guesthouse",
        "business_status": null,
        "address": "愛媛県上浮穴群久万高原町二名乙787-13",
        "phone": "080-6382-8896",
        "website": "https://www.facebook.com/Tentsuki-Place-Guest-House-115632663208860/",
        "room_count": 3,
        "check_in": "16:00",
        "check_out": "10:00",
        "price": "素泊り：8,800円|朝食付：設定なし|夕食付：設定なし|２食付：設定なし",
        "source_url": "https://min88.jp/inn/1011/",
        "coordinate_source": "google_maps_embed_place"
      }
    },
    {
      "type": "Feature",
      "id": "min88-31570",
      "geometry": {
        "type": "Point",
        "coordinates": [
          132.8963333,
          33.6119249
        ]
      },
      "properties": {
        "provider": "min88",
        "source_id": "31570",
        "name": "民泊ときや",
        "lodging_type": "guesthouse",
        "lodging_types": "guesthouse",
        "business_status": null,
        "address": "愛媛県上浮穴郡久万高原町露峰甲924-1",
        "phone": "080-5592-4676",
        "website": "https://www.instagram.com/minpaku_tokiya/",
        "room_count": 1,
        "check_in": "16:00-21:00",
        "check_out": "10:00",
        "price": "素泊り：5,500円|朝食付：応相談|夕食付：応相談|２食付：応相談",
        "source_url": "https://min88.jp/inn/31570/",
        "coordinate_source": "google_maps_embed_place"
      }
    },
    {
      "type": "Feature",
      "id": "min88-1020",
      "geometry": {
        "type": "Point",
        "coordinates": [
          132.90199,
          33.654211
        ]
      },
      "properties": {
        "provider": "min88",
        "source_id": "1020",
        "name": "ガーデンタイム",
        "lodging_type": "guesthouse",
        "lodging_types": "guesthouse",
        "business_status": null,
        "address": "愛媛県上浮穴郡久万高原町久万1471",
        "phone": "0892-21-0005",
        "website": "https://gardentime-ehime.com/page/hotel.html",
        "room_count": 16,
        "check_in": "15:00",
        "check_out": "10:00",
        "price": "素泊り：6,000円|朝食付：6,800円|夕食付：7,500円|２食付：8,300円",
        "source_url": "https://min88.jp/inn/1020/",
        "coordinate_source": "google_maps_embed_place"
      }
    },
    {
      "type": "Feature",
      "id": "min88-1022",
      "geometry": {
        "type": "Point",
        "coordinates": [
          132.902535,
          33.657233
        ]
      },
      "properties": {
        "provider": "min88",
        "source_id": "1022",
        "name": "おもご旅館",
        "lodging_type": "ryokan",
        "lodging_types": "ryokan, hotel",
        "business_status": "closed_or_suspended",
        "address": "愛媛県上浮穴郡久万高原町久万348",
        "phone": "0892-21-0024",
        "website": "—",
        "room_count": null,
        "check_in": "16:00",
        "check_out": "09:00",
        "price": "素泊り：3,000円\n朝食付： —\n夕食付： —\n２食付：7,000円",
        "source_url": "https://min88.jp/inn/1022/",
        "coordinate_source": "google_maps_embed_place"
      }
    },
    {
      "type": "Feature",
      "id": "min88-1024",
      "geometry": {
        "type": "Point",
        "coordinates": [
          132.8983653,
          33.66289769999999
        ]
      },
      "properties": {
        "provider": "min88",
        "source_id": "1024",
        "name": "民宿一里木",
        "lodging_type": "guesthouse",
        "lodging_types": "guesthouse",
        "business_status": null,
        "address": "愛媛県上浮穴郡久万高原町入野1331-1",
        "phone": "0892-21-0505",
        "website": null,
        "room_count": 9,
        "check_in": "15:00",
        "check_out": "10:00",
        "price": "素泊り：5,000円|朝食付：設定なし|夕食付：設定なし|２食付：設定なし",
        "source_url": "https://min88.jp/inn/1024/",
        "coordinate_source": "google_maps_embed_place"
      }
    },
    {
      "type": "Feature",
      "id": "min88-1026",
      "geometry": {
        "type": "Point",
        "coordinates": [
          132.8970889,
          33.6644464
        ]
      },
      "properties": {
        "provider": "min88",
        "source_id": "1026",
        "name": "やすらぎの宿でんこ",
        "lodging_type": "guesthouse",
        "lodging_types": "guesthouse",
        "business_status": null,
        "address": "愛媛県上浮穴郡久万高原町入野1363-1",
        "phone": "0892-21-0092",
        "website": "http://yasuragi-denko.com",
        "room_count": 10,
        "check_in": "15:00",
        "check_out": "10:00",
        "price": "素泊り：6,000円|朝食付：未確認|夕食付：未確認|２食付：9,500円",
        "source_url": "https://min88.jp/inn/1026/",
        "coordinate_source": "google_maps_embed_place"
      }
    },
    {
      "type": "Feature",
      "id": "min88-7693",
      "geometry": {
        "type": "Point",
        "coordinates": [
          132.9114791,
          33.6611323
        ]
      },
      "properties": {
        "provider": "min88",
        "source_id": "7693",
        "name": "大寶寺（宿坊）",
        "lodging_type": "temple_lodging",
        "lodging_types": "temple_lodging",
        "business_status": null,
        "address": "愛媛県上浮穴郡久万高原町菅生2-1173-2",
        "phone": "0892-21-0044",
        "website": null,
        "room_count": null,
        "check_in": null,
        "check_out": null,
        "price": "素泊り：未確認|朝食付：未確認|夕食付：未確認|２食付：6,600円",
        "source_url": "https://min88.jp/inn/7693/",
        "coordinate_source": "google_maps_embed_place"
      }
    },
    {
      "type": "Feature",
      "id": "min88-596",
      "geometry": {
        "type": "Point",
        "coordinates": [
          132.9313995,
          33.6714249
        ]
      },
      "properties": {
        "provider": "min88",
        "source_id": "596",
        "name": "和佐路",
        "lodging_type": "guesthouse",
        "lodging_types": "guesthouse",
        "business_status": null,
        "address": "愛媛県上浮穴郡久万高原町下畑野川1528-1",
        "phone": "0892-41-0651",
        "website": null,
        "room_count": 7,
        "check_in": "15:00",
        "check_out": "10:00",
        "price": "素泊り：4,400円|朝食付：未確認|夕食付：未確認|２食付：7,000円",
        "source_url": "https://min88.jp/inn/596/",
        "coordinate_source": "google_maps_embed_place"
      }
    },
    {
      "type": "Feature",
      "id": "min88-320",
      "geometry": {
        "type": "Point",
        "coordinates": [
          132.9346723,
          33.6707282
        ]
      },
      "properties": {
        "provider": "min88",
        "source_id": "320",
        "name": "いやしの宿・八丁坂",
        "lodging_type": "guesthouse",
        "lodging_types": "guesthouse",
        "business_status": null,
        "address": "愛媛県上浮穴郡久万高原町下畑野川甲1609−7",
        "phone": "0892-41-0678",
        "website": "http://www.8-cho-zaka.jp",
        "room_count": 29,
        "check_in": "16:00",
        "check_out": "09:00",
        "price": "素泊り：5,500円|朝食付：未確認|夕食付：未確認|２食付|　・久万山夕定食 8,580円|　・八丁坂夕定食 9,680円",
        "source_url": "https://min88.jp/inn/320/",
        "coordinate_source": "google_maps_embed_place"
      }
    },
    {
      "type": "Feature",
      "id": "min88-1028",
      "geometry": {
        "type": "Point",
        "coordinates": [
          132.9381407,
          33.669788
        ]
      },
      "properties": {
        "provider": "min88",
        "source_id": "1028",
        "name": "民宿観光農園・狩場苑",
        "lodging_type": "guesthouse",
        "lodging_types": "guesthouse",
        "business_status": null,
        "address": "愛媛県上浮穴郡久万高原町下畑野川東狩場甲1670",
        "phone": "0892-41-0550",
        "website": "https://actbeecolor777.wixsite.com/karibaen",
        "room_count": 6,
        "check_in": "16:00",
        "check_out": "10:00",
        "price": "素泊り：5,500円|朝食付：6,800円|夕食付：7,700円|２食付：8,900円",
        "source_url": "https://min88.jp/inn/1028/",
        "coordinate_source": "google_maps_embed_place"
      }
    },
    {
      "type": "Feature",
      "id": "min88-1030",
      "geometry": {
        "type": "Point",
        "coordinates": [
          132.9734295,
          33.6674756
        ]
      },
      "properties": {
        "provider": "min88",
        "source_id": "1030",
        "name": "国民宿舎・古岩屋荘",
        "lodging_type": "ryokan",
        "lodging_types": "ryokan, hotel",
        "business_status": null,
        "address": "愛媛県上浮穴郡久万高原町直瀬乙1636",
        "phone": "0892-41-0431",
        "website": "https://www.furuiwaya.com",
        "room_count": 29,
        "check_in": "16:00",
        "check_out": "09:00",
        "price": "素泊り：未確認|朝食付：未確認|夕食付：未確認|２食付：未確認",
        "source_url": "https://min88.jp/inn/1030/",
        "coordinate_source": "google_maps_embed_place"
      }
    },
    {
      "type": "Feature",
      "id": "min88-5993",
      "geometry": {
        "type": "Point",
        "coordinates": [
          132.9867274,
          33.6576504
        ]
      },
      "properties": {
        "provider": "min88",
        "source_id": "5993",
        "name": "民宿かどた屋",
        "lodging_type": "guesthouse",
        "lodging_types": "guesthouse",
        "business_status": null,
        "address": "愛媛県上浮穴郡久万高原町七鳥1500",
        "phone": "0892-57-0801",
        "website": null,
        "room_count": 5,
        "check_in": "15:00",
        "check_out": null,
        "price": "素泊り：4,000円|朝食付：未確認|夕食付：未確認|２食付：6,500円",
        "source_url": "https://min88.jp/inn/5993/",
        "coordinate_source": "google_maps_embed_place"
      }
    },
    {
      "type": "Feature",
      "id": "min88-598",
      "geometry": {
        "type": "Point",
        "coordinates": [
          132.8779804,
          33.6988905
        ]
      },
      "properties": {
        "provider": "min88",
        "source_id": "598",
        "name": "桃李庵",
        "lodging_type": "guesthouse",
        "lodging_types": "guesthouse",
        "business_status": null,
        "address": "愛媛県上浮穴郡久万高原町東明神乙685",
        "phone": "0892-21-1075",
        "website": null,
        "room_count": 4,
        "check_in": "16:00",
        "check_out": "07:00",
        "price": "素泊り：5,000円|朝食付：未確認|夕食付：未確認|２食付：7,100円",
        "source_url": "https://min88.jp/inn/598/",
        "coordinate_source": "google_maps_embed_place"
      }
    },
    {
      "type": "Feature",
      "id": "min88-1032",
      "geometry": {
        "type": "Point",
        "coordinates": [
          132.820075,
          33.753235
        ]
      },
      "properties": {
        "provider": "min88",
        "source_id": "1032",
        "name": "長珍屋",
        "lodging_type": "ryokan",
        "lodging_types": "ryokan, hotel",
        "business_status": null,
        "address": "愛媛県松山市浄瑠璃町118",
        "phone": "089-963-0280",
        "website": "http://www.chotinya.jp",
        "room_count": 43,
        "check_in": "15:00",
        "check_out": null,
        "price": "本館（新館）|素泊り：5,500円（6,050円）|朝食付：6,380円（6,930円）|夕食付：7,370円（7,920円）|２食付：8,250円（8,800円）|※新館（バス･トイレ付き）",
        "source_url": "https://min88.jp/inn/1032/",
        "coordinate_source": "google_maps_embed_place"
      }
    },
    {
      "type": "Feature",
      "id": "min88-554",
      "geometry": {
        "type": "Point",
        "coordinates": [
          132.8128038,
          33.7777557
        ]
      },
      "properties": {
        "provider": "min88",
        "source_id": "554",
        "name": "札始大師堂（通夜堂）",
        "lodging_type": "pilgrim_shelter",
        "lodging_types": "pilgrim_shelter",
        "business_status": null,
        "address": "愛媛県松山市小村町41-3",
        "phone": "非掲載",
        "website": null,
        "room_count": 1,
        "check_in": null,
        "check_out": null,
        "price": "素泊り：無料|朝食付：設定なし|夕食付：設定なし|２食付：設定なし",
        "source_url": "https://min88.jp/inn/554/",
        "coordinate_source": "google_maps_embed_place"
      }
    },
    {
      "type": "Feature",
      "id": "min88-1034",
      "geometry": {
        "type": "Point",
        "coordinates": [
          132.8082643,
          33.813604
        ]
      },
      "properties": {
        "provider": "min88",
        "source_id": "1034",
        "name": "たかのこのホテル",
        "lodging_type": "hotel",
        "lodging_types": "hotel",
        "business_status": null,
        "address": "愛媛県松山市鷹子町737番地2",
        "phone": "089-960-1588",
        "website": "http://takanokono.jp",
        "room_count": 88,
        "check_in": "13:00",
        "check_out": "11:00",
        "price": "素泊り：6,000円〜|朝食付：7,700円〜|夕食付：未確認|２食付：9,880円〜",
        "source_url": "https://min88.jp/inn/1034/",
        "coordinate_source": "google_maps_embed_place"
      }
    },
    {
      "type": "Feature",
      "id": "min88-1036",
      "geometry": {
        "type": "Point",
        "coordinates": [
          132.8049492,
          33.8185581
        ]
      },
      "properties": {
        "provider": "min88",
        "source_id": "1036",
        "name": "東道後のそらともり",
        "lodging_type": "ryokan",
        "lodging_types": "ryokan, hotel",
        "business_status": null,
        "address": "愛媛県松山市南久米町3-1",
        "phone": "089-970-1026",
        "website": "http://www.soratomori.com",
        "room_count": 17,
        "check_in": "16:00",
        "check_out": "10:00",
        "price": "素泊り：未確認|朝食付：未確認|夕食付：未確認|２食付：未確認",
        "source_url": "https://min88.jp/inn/1036/",
        "coordinate_source": "google_maps_embed_place"
      }
    },
    {
      "type": "Feature",
      "id": "min88-8602",
      "geometry": {
        "type": "Point",
        "coordinates": [
          132.7964742,
          33.8478959
        ]
      },
      "properties": {
        "provider": "min88",
        "source_id": "8602",
        "name": "石手寺（通夜堂）",
        "lodging_type": "pilgrim_shelter",
        "lodging_types": "pilgrim_shelter",
        "business_status": "closed_or_suspended",
        "address": "愛媛県松山市石手2丁目9-21",
        "phone": "※非掲載",
        "website": "—",
        "room_count": null,
        "check_in": null,
        "check_out": null,
        "price": "無料",
        "source_url": "https://min88.jp/inn/8602/",
        "coordinate_source": "google_maps_embed_place"
      }
    },
    {
      "type": "Feature",
      "id": "min88-1038",
      "geometry": {
        "type": "Point",
        "coordinates": [
          132.7958519,
          33.8461436
        ]
      },
      "properties": {
        "provider": "min88",
        "source_id": "1038",
        "name": "民宿みかん（旧：Eco宿みかん）",
        "lodging_type": "guesthouse",
        "lodging_types": "guesthouse",
        "business_status": null,
        "address": "愛媛県松山市石手3丁目7-23",
        "phone": "089-906-0803|受付時間 8:00～20:00",
        "website": "https://minshukumikan.crayonsite.net",
        "room_count": 7,
        "check_in": "16:00-20:00",
        "check_out": "09:00",
        "price": "素泊り：5,500円（シングル）|朝食付：設定なし|夕食付：設定なし|２食付：設定なし|（土曜・休前日・GWは1,000円増し）",
        "source_url": "https://min88.jp/inn/1038/",
        "coordinate_source": "google_maps_embed_place"
      }
    },
    {
      "type": "Feature",
      "id": "min88-1040",
      "geometry": {
        "type": "Point",
        "coordinates": [
          132.7907172,
          33.849218
        ]
      },
      "properties": {
        "provider": "min88",
        "source_id": "1040",
        "name": "大江戸温泉物語 道後（旧：道後彩朝楽）",
        "lodging_type": "ryokan",
        "lodging_types": "ryokan, hotel",
        "business_status": null,
        "address": "愛媛県松山市道後姫塚112番地１",
        "phone": "050-3615-3456",
        "website": "https://yukai-r.jp/dogo-saichoraku/",
        "room_count": 83,
        "check_in": "15:00",
        "check_out": "12:00",
        "price": "素泊り：6,820円〜|朝食付：7,810円〜|夕食付：未確認|２食付：8,800円〜",
        "source_url": "https://min88.jp/inn/1040/",
        "coordinate_source": "google_maps_embed_place"
      }
    },
    {
      "type": "Feature",
      "id": "min88-5638",
      "geometry": {
        "type": "Point",
        "coordinates": [
          132.7904566,
          33.8496157
        ]
      },
      "properties": {
        "provider": "min88",
        "source_id": "5638",
        "name": "松山ユースホステル",
        "lodging_type": "ryokan",
        "lodging_types": "ryokan, hotel",
        "business_status": null,
        "address": "愛媛県松山市道後姫塚乙22−3",
        "phone": "089-933-6366",
        "website": null,
        "room_count": 23,
        "check_in": "16:00",
        "check_out": "10:00",
        "price": "素泊り：3,850円|朝食付：4,400円|夕食付：4,950円 |２食付：5,500円",
        "source_url": "https://min88.jp/inn/5638/",
        "coordinate_source": "google_maps_embed_place"
      }
    },
    {
      "type": "Feature",
      "id": "min88-1044",
      "geometry": {
        "type": "Point",
        "coordinates": [
          132.7940131,
          33.8472095
        ]
      },
      "properties": {
        "provider": "min88",
        "source_id": "1044",
        "name": "夏目旅館",
        "lodging_type": "guesthouse",
        "lodging_types": "guesthouse",
        "business_status": null,
        "address": "愛媛県松山市道後湯月町1-19",
        "phone": "089-921-7778",
        "website": "http://natsume.ftw.jp",
        "room_count": 6,
        "check_in": "15:00",
        "check_out": "10:00",
        "price": "素泊り：4,000円〜|朝食付：未確認|夕食付：未確認|２食付：未確認",
        "source_url": "https://min88.jp/inn/1044/",
        "coordinate_source": "google_maps_embed_place"
      }
    },
    {
      "type": "Feature",
      "id": "min88-5652",
      "geometry": {
        "type": "Point",
        "coordinates": [
          132.7878277,
          33.8518139
        ]
      },
      "properties": {
        "provider": "min88",
        "source_id": "5652",
        "name": "ホテルエコ道後",
        "lodging_type": "guesthouse",
        "lodging_types": "guesthouse",
        "business_status": null,
        "address": "愛媛県松山市道後湯月町2-17",
        "phone": "089-908-5444",
        "website": "http://www.ecodogo.com",
        "room_count": 12,
        "check_in": "15:00",
        "check_out": "10:00",
        "price": "素泊り：5,900円〜|※ドミトリー（大部屋2段ベッド）：2,200円（シュラフ持参の方）|朝食付：設定なし|夕食付：設定なし|２食付：設定なし",
        "source_url": "https://min88.jp/inn/5652/",
        "coordinate_source": "google_maps_embed_place"
      }
    },
    {
      "type": "Feature",
      "id": "min88-1048",
      "geometry": {
        "type": "Point",
        "coordinates": [
          132.7873766,
          33.8517441
        ]
      },
      "properties": {
        "provider": "min88",
        "source_id": "1048",
        "name": "旅館常磐荘",
        "lodging_type": "ryokan",
        "lodging_types": "ryokan, hotel",
        "business_status": null,
        "address": "愛媛県松山市道後湯月町4-2",
        "phone": "089-931-5520",
        "website": null,
        "room_count": 6,
        "check_in": "15:00",
        "check_out": "10:00",
        "price": "素泊り：16,500円|朝食付：18,700円|夕食付：24,200円|２食付：27,500円",
        "source_url": "https://min88.jp/inn/1048/",
        "coordinate_source": "google_maps_embed_place"
      }
    },
    {
      "type": "Feature",
      "id": "min88-1052",
      "geometry": {
        "type": "Point",
        "coordinates": [
          132.784215,
          33.853123
        ]
      },
      "properties": {
        "provider": "min88",
        "source_id": "1052",
        "name": "道後やや",
        "lodging_type": "ryokan",
        "lodging_types": "ryokan, hotel",
        "business_status": null,
        "address": "愛媛県松山市道後多幸町6-1",
        "phone": "089-907-1181",
        "website": "https://www.yayahotel.jp",
        "room_count": 65,
        "check_in": "15:00",
        "check_out": "11:00",
        "price": "素泊り：7,200円|朝食付：7,905円|夕食付：未確認|２食付：9,800円",
        "source_url": "https://min88.jp/inn/1052/",
        "coordinate_source": "google_maps_embed_place"
      }
    },
    {
      "type": "Feature",
      "id": "min88-1050",
      "geometry": {
        "type": "Point",
        "coordinates": [
          132.7841489,
          33.8509619
        ]
      },
      "properties": {
        "provider": "min88",
        "source_id": "1050",
        "name": "ゲストハウスふじや",
        "lodging_type": "guesthouse",
        "lodging_types": "guesthouse",
        "business_status": null,
        "address": "愛媛県松山市道後湯之町7-23",
        "phone": "080-1750-5454",
        "website": "http://yado-fujiya.com",
        "room_count": null,
        "check_in": "17:00",
        "check_out": "10:00",
        "price": "素泊り：|　・ドミトリー2,000円|　・個室2,500円|朝食付：設定なし|夕食付：設定なし|２食付：設定なし",
        "source_url": "https://min88.jp/inn/1050/",
        "coordinate_source": "google_maps_embed_place"
      }
    },
    {
      "type": "Feature",
      "id": "min88-17081",
      "geometry": {
        "type": "Point",
        "coordinates": [
          132.784495,
          33.8524845
        ]
      },
      "properties": {
        "provider": "min88",
        "source_id": "17081",
        "name": "エグレット道後",
        "lodging_type": "ryokan",
        "lodging_types": "ryokan, hotel",
        "business_status": null,
        "address": "愛媛県松山市道後多幸町1-1|エグレット道後ビル2Ｆ",
        "phone": "089-934-1515",
        "website": "https://www.egret-dogo.com",
        "room_count": 6,
        "check_in": "15:00",
        "check_out": "11:00",
        "price": "素泊り：5,300円〜|朝食付：設定なし|夕食付：設定なし|２食付：設定なし",
        "source_url": "https://min88.jp/inn/17081/",
        "coordinate_source": "google_maps_embed_place"
      }
    },
    {
      "type": "Feature",
      "id": "min88-1058",
      "geometry": {
        "type": "Point",
        "coordinates": [
          132.780209,
          33.850634
        ]
      },
      "properties": {
        "provider": "min88",
        "source_id": "1058",
        "name": "松山道後ゲストハウスじょじょに",
        "lodging_type": "guesthouse",
        "lodging_types": "guesthouse",
        "business_status": null,
        "address": "愛媛県松山市道後喜多町5-47",
        "phone": "080-3880-9411|受付時間：10:00-22:00",
        "website": "https://guesthouse-jojoni.com",
        "room_count": 1,
        "check_in": "18:00-22:00",
        "check_out": "10:00",
        "price": "素泊り：2,800円|朝食付：設定なし|夕食付：設定なし|２食付：設定なし",
        "source_url": "https://min88.jp/inn/1058/",
        "coordinate_source": "google_maps_embed_place"
      }
    },
    {
      "type": "Feature",
      "id": "min88-6353",
      "geometry": {
        "type": "Point",
        "coordinates": [
          132.7751034,
          33.8411652
        ]
      },
      "properties": {
        "provider": "min88",
        "source_id": "6353",
        "name": "スマイルホテル松山",
        "lodging_type": "hotel",
        "lodging_types": "hotel",
        "business_status": null,
        "address": "愛媛県松山市勝山町1丁目18-1",
        "phone": "089-915-0011",
        "website": "https://smile-hotels.com/hotels/show/matsuyama",
        "room_count": 97,
        "check_in": "15:00",
        "check_out": "11:00",
        "price": "素泊り：3,800円〜|朝食付：未確認|夕食付：未確認|２食付：未確認",
        "source_url": "https://min88.jp/inn/6353/",
        "coordinate_source": "google_maps_embed_place"
      }
    },
    {
      "type": "Feature",
      "id": "min88-6351",
      "geometry": {
        "type": "Point",
        "coordinates": [
          132.7740011,
          33.8413979
        ]
      },
      "properties": {
        "provider": "min88",
        "source_id": "6351",
        "name": "東横INN松山一番町",
        "lodging_type": "hotel",
        "lodging_types": "hotel",
        "business_status": null,
        "address": "愛媛県松山市一番町１丁目10-8",
        "phone": "089-941-1045",
        "website": "https://www.toyoko-inn.com/search/detail/00064/",
        "room_count": 216,
        "check_in": "16:00",
        "check_out": "10:00",
        "price": "素泊り：3,800円|朝食付：未確認|夕食付：未確認|２食付：未確認",
        "source_url": "https://min88.jp/inn/6351/",
        "coordinate_source": "google_maps_embed_place"
      }
    },
    {
      "type": "Feature",
      "id": "min88-6293",
      "geometry": {
        "type": "Point",
        "coordinates": [
          132.7681821,
          33.839072
        ]
      },
      "properties": {
        "provider": "min88",
        "source_id": "6293",
        "name": "松山ニューグランドホテル",
        "lodging_type": "hotel",
        "lodging_types": "hotel",
        "business_status": null,
        "address": "愛媛県松山市二番町3丁目4-10",
        "phone": "089-933-3661",
        "website": "https://www.newgrandhotel.jp",
        "room_count": 150,
        "check_in": "15:00",
        "check_out": "11:00",
        "price": "素泊り：3,200円〜|朝食付：設定なし|夕食付：設定なし|２食付：設定なし",
        "source_url": "https://min88.jp/inn/6293/",
        "coordinate_source": "google_maps_embed_place"
      }
    },
    {
      "type": "Feature",
      "id": "min88-1060",
      "geometry": {
        "type": "Point",
        "coordinates": [
          132.7683293,
          33.8478167
        ]
      },
      "properties": {
        "provider": "min88",
        "source_id": "1060",
        "name": "お遍路ハウス平和通り",
        "lodging_type": "guesthouse",
        "lodging_types": "guesthouse",
        "business_status": null,
        "address": "愛媛県松山市平和通3-4-6",
        "phone": "非公開",
        "website": "https://henrohouse.jp/ja/houses/11",
        "room_count": null,
        "check_in": "16:00",
        "check_out": "09:00",
        "price": "素泊り：2,800円|朝食付：設定なし|夕食付：設定なし|２食付：設定なし",
        "source_url": "https://min88.jp/inn/1060/",
        "coordinate_source": "google_maps_embed_place"
      }
    },
    {
      "type": "Feature",
      "id": "min88-1063",
      "geometry": {
        "type": "Point",
        "coordinates": [
          132.76597,
          33.847829
        ]
      },
      "properties": {
        "provider": "min88",
        "source_id": "1063",
        "name": "サンガーデン松山",
        "lodging_type": "ryokan",
        "lodging_types": "ryokan, hotel",
        "business_status": null,
        "address": "愛媛県松山市平和通3丁目2-10",
        "phone": "089-926-4411",
        "website": "https://www.sun-garden.jp",
        "room_count": 45,
        "check_in": "15:00",
        "check_out": "11:00",
        "price": "素泊り：未確認|朝食付：未確認|夕食付：未確認|２食付：未確認",
        "source_url": "https://min88.jp/inn/1063/",
        "coordinate_source": "google_maps_embed_place"
      }
    },
    {
      "type": "Feature",
      "id": "min88-6348",
      "geometry": {
        "type": "Point",
        "coordinates": [
          132.758421,
          33.83965
        ]
      },
      "properties": {
        "provider": "min88",
        "source_id": "6348",
        "name": "ホテルマイステイズ松山",
        "lodging_type": "hotel",
        "lodging_types": "hotel",
        "business_status": null,
        "address": "愛媛県松山市大手町1丁目10-10",
        "phone": "089-913-2580",
        "website": "https://www.mystays.com/hotel-mystays-matsuyama-ehime/",
        "room_count": 162,
        "check_in": "14:00",
        "check_out": "11:00",
        "price": "素泊り：4,000円〜|朝食付：設定なし|夕食付：設定なし|２食付：設定なし",
        "source_url": "https://min88.jp/inn/6348/",
        "coordinate_source": "google_maps_embed_place"
      }
    },
    {
      "type": "Feature",
      "id": "min88-6346",
      "geometry": {
        "type": "Point",
        "coordinates": [
          132.7530618,
          33.8385098
        ]
      },
      "properties": {
        "provider": "min88",
        "source_id": "6346",
        "name": "スカイホテル",
        "lodging_type": "hotel",
        "lodging_types": "hotel",
        "business_status": null,
        "address": "愛媛県松山市三番町8丁目9-1",
        "phone": "089-947-7776",
        "website": "http://www.shikoku-sky.com",
        "room_count": 106,
        "check_in": "15:00",
        "check_out": "10:00",
        "price": "素泊り：未確認|朝食付：3,752円〜|夕食付：未確認|２食付：未確認",
        "source_url": "https://min88.jp/inn/6346/",
        "coordinate_source": "google_maps_embed_place"
      }
    },
    {
      "type": "Feature",
      "id": "min88-6343",
      "geometry": {
        "type": "Point",
        "coordinates": [
          132.7535226,
          33.8404152
        ]
      },
      "properties": {
        "provider": "min88",
        "source_id": "6343",
        "name": "ホテルカジワラ",
        "lodging_type": "hotel",
        "lodging_types": "hotel",
        "business_status": null,
        "address": "愛媛県松山市大手町2丁目9-10",
        "phone": "089-941-0402",
        "website": "https://www.hotel-kajiwara.jp",
        "room_count": 115,
        "check_in": "15:00",
        "check_out": "10:00",
        "price": "素泊り：5,000円〜|朝食付：設定なし|夕食付：設定なし|２食付：設定なし",
        "source_url": "https://min88.jp/inn/6343/",
        "coordinate_source": "google_maps_embed_place"
      }
    },
    {
      "type": "Feature",
      "id": "min88-6340",
      "geometry": {
        "type": "Point",
        "coordinates": [
          132.7521362,
          33.8409047
        ]
      },
      "properties": {
        "provider": "min88",
        "source_id": "6340",
        "name": "ターミナルホテル松山",
        "lodging_type": "hotel",
        "lodging_types": "hotel",
        "business_status": null,
        "address": "愛媛県松山市宮田町9-1",
        "phone": "089-947-5388",
        "website": "http://www.th-matsuyama.jp",
        "room_count": 77,
        "check_in": "16:00",
        "check_out": "10:00",
        "price": "素泊り：3,680円〜|朝食付：設定なし|夕食付：設定なし|２食付：設定なし",
        "source_url": "https://min88.jp/inn/6340/",
        "coordinate_source": "google_maps_embed_place"
      }
    },
    {
      "type": "Feature",
      "id": "min88-6337",
      "geometry": {
        "type": "Point",
        "coordinates": [
          132.7520365,
          33.8449839
        ]
      },
      "properties": {
        "provider": "min88",
        "source_id": "6337",
        "name": "ホテルクラウンヒルズ松山",
        "lodging_type": "hotel",
        "lodging_types": "hotel",
        "business_status": null,
        "address": "愛媛県松山市宮西1丁目3-40",
        "phone": "089-924-2121",
        "website": "https://breezbay-group.com/hch-matsuyama/",
        "room_count": 154,
        "check_in": "15:00",
        "check_out": "10:00",
        "price": "素泊り：3,200円〜|朝食付：設定なし|夕食付：設定なし|２食付：設定なし",
        "source_url": "https://min88.jp/inn/6337/",
        "coordinate_source": "google_maps_embed_place"
      }
    },
    {
      "type": "Feature",
      "id": "min88-68966",
      "geometry": {
        "type": "Point",
        "coordinates": [
          132.7296952,
          33.8569357
        ]
      },
      "properties": {
        "provider": "min88",
        "source_id": "68966",
        "name": "ホテルファインガーデン松山",
        "lodging_type": "ryokan",
        "lodging_types": "ryokan, hotel",
        "business_status": null,
        "address": "愛媛県松山市古三津3-6-7",
        "phone": "089-952-5700|受付時間 24時間",
        "website": "https://www.hotel-fine.co.jp/hotel/g-matsuyama/|https://d-reserve.jp/GSEA001F01300/GSEA001A01?hotelCode=0000002022",
        "room_count": 52,
        "check_in": "18:00",
        "check_out": "12:00",
        "price": "素泊り：4,800円〜|朝食付：5,300円〜|夕食付：設定なし|２食付：5,800円〜",
        "source_url": "https://min88.jp/inn/68966/",
        "coordinate_source": "google_maps_embed_place"
      }
    },
    {
      "type": "Feature",
      "id": "min88-64945",
      "geometry": {
        "type": "Point",
        "coordinates": [
          132.7196303,
          33.8607257
        ]
      },
      "properties": {
        "provider": "min88",
        "source_id": "64945",
        "name": "麦宿 伝 Guest House Brew",
        "lodging_type": "guesthouse",
        "lodging_types": "guesthouse",
        "business_status": null,
        "address": "愛媛県松山市祓川2丁目5−13",
        "phone": "090-5274-1013|木曜日を除く10:00~23:00（17時以降が確実です）",
        "website": "https://bakushuku-den.studio.site/",
        "room_count": 5,
        "check_in": "17:00-21:00",
        "check_out": "10:00",
        "price": "素泊り：6,000円|朝食付：7,000円|夕食付：設定なし|２食付：設定なし",
        "source_url": "https://min88.jp/inn/64945/",
        "coordinate_source": "google_maps_embed_place"
      }
    },
    {
      "type": "Feature",
      "id": "min88-6378",
      "geometry": {
        "type": "Point",
        "coordinates": [
          132.7203577,
          33.8622213
        ]
      },
      "properties": {
        "provider": "min88",
        "source_id": "6378",
        "name": "HOTEL AZ 愛媛松山西店",
        "lodging_type": "hotel",
        "lodging_types": "hotel",
        "business_status": null,
        "address": "愛媛県松山市祓川2丁目12-18",
        "phone": "089-953-3301",
        "website": "https://www.az-hotel.com/matsuyamanishi/",
        "room_count": 91,
        "check_in": "15:00",
        "check_out": "10:00",
        "price": "素泊り：未確認|朝食付：5,280円|夕食付：未確認|２食付：6,240円",
        "source_url": "https://min88.jp/inn/6378/",
        "coordinate_source": "google_maps_embed_place"
      }
    },
    {
      "type": "Feature",
      "id": "min88-5659",
      "geometry": {
        "type": "Point",
        "coordinates": [
          132.7393326,
          33.8907973
        ]
      },
      "properties": {
        "provider": "min88",
        "source_id": "5659",
        "name": "民宿上松",
        "lodging_type": "guesthouse",
        "lodging_types": "guesthouse",
        "business_status": null,
        "address": "愛媛県松山市和気町1丁目119",
        "phone": "089-979-1500",
        "website": null,
        "room_count": null,
        "check_in": null,
        "check_out": null,
        "price": "素泊り：未確認|朝食付：未確認|夕食付：未確認|２食付：6,500円",
        "source_url": "https://min88.jp/inn/5659/",
        "coordinate_source": "google_maps_embed_place"
      }
    },
    {
      "type": "Feature",
      "id": "min88-1065",
      "geometry": {
        "type": "Point",
        "coordinates": [
          132.7402357,
          33.9025739
        ]
      },
      "properties": {
        "provider": "min88",
        "source_id": "1065",
        "name": "民宿佐伊知",
        "lodging_type": "guesthouse",
        "lodging_types": "guesthouse",
        "business_status": null,
        "address": "愛媛県松山市堀江町843-7",
        "phone": "089-979-0303",
        "website": null,
        "room_count": null,
        "check_in": null,
        "check_out": null,
        "price": "素泊り：3,500円|朝食付：未確認|夕食付：未確認|２食付：6,500円",
        "source_url": "https://min88.jp/inn/1065/",
        "coordinate_source": "google_maps_embed_place"
      }
    },
    {
      "type": "Feature",
      "id": "min88-1068",
      "geometry": {
        "type": "Point",
        "coordinates": [
          132.7420207,
          33.903381
        ]
      },
      "properties": {
        "provider": "min88",
        "source_id": "1068",
        "name": "リゾートインマーメイド",
        "lodging_type": "guesthouse",
        "lodging_types": "guesthouse",
        "business_status": null,
        "address": "愛媛県松山市堀江町849-3",
        "phone": "089-978-5237",
        "website": null,
        "room_count": 7,
        "check_in": "16:00",
        "check_out": "09:00",
        "price": "素泊り：未確認|朝食付：未確認|夕食付：未確認|２食付：6,830円",
        "source_url": "https://min88.jp/inn/1068/",
        "coordinate_source": "google_maps_embed_place"
      }
    },
    {
      "type": "Feature",
      "id": "min88-1070",
      "geometry": {
        "type": "Point",
        "coordinates": [
          132.769381,
          33.9493206
        ]
      },
      "properties": {
        "provider": "min88",
        "source_id": "1070",
        "name": "汐風ライダーハウス",
        "lodging_type": "guesthouse",
        "lodging_types": "guesthouse",
        "business_status": null,
        "address": "愛媛県松山市河野中須賀270ｰ15",
        "phone": "070-9104-8193",
        "website": "https://sites.google.com/view/shiokaze-rider-house/",
        "room_count": 3,
        "check_in": "15:00-21:00",
        "check_out": "08:00-10:00",
        "price": "素泊り：|　◉１人１泊　　　2,000円|　◉布団貸し出し　　300円　※持込OK|　◉寝袋貸し出し　　200円　※持込OK|　◉シャワー利用　　200円　※15分|朝食付：設定なし|夕食付：設定なし|２食付：設定なし",
        "source_url": "https://min88.jp/inn/1070/",
        "coordinate_source": "google_maps_embed_place"
      }
    },
    {
      "type": "Feature",
      "id": "min88-1072",
      "geometry": {
        "type": "Point",
        "coordinates": [
          132.7752205,
          33.9769965
        ]
      },
      "properties": {
        "provider": "min88",
        "source_id": "1072",
        "name": "太田屋旅館 北条店",
        "lodging_type": "ryokan",
        "lodging_types": "ryokan, hotel",
        "business_status": null,
        "address": "愛媛県松山市北条9",
        "phone": "089-993-0021",
        "website": "https://iyo-ootaya.info",
        "room_count": 11,
        "check_in": "16:00",
        "check_out": "09:00",
        "price": "素泊り：|　・4,500円（バス･トイレ共同）|　・4,950円（バス･トイレ付）|朝食付：＋500円|夕食付：＋2,000円（要予約）|２食付：＋2,500円（要予約）",
        "source_url": "https://min88.jp/inn/1072/",
        "coordinate_source": "google_maps_embed_place"
      }
    },
    {
      "type": "Feature",
      "id": "min88-16813",
      "geometry": {
        "type": "Point",
        "coordinates": [
          132.7714326,
          33.9776326
        ]
      },
      "properties": {
        "provider": "min88",
        "source_id": "16813",
        "name": "シーパMAKOTO",
        "lodging_type": "ryokan",
        "lodging_types": "ryokan, hotel",
        "business_status": null,
        "address": "愛媛県松山市北条1180",
        "phone": "089-993-0101",
        "website": "https://seapa.jp",
        "room_count": 14,
        "check_in": "16:00",
        "check_out": "10:00",
        "price": "素泊り：平日12,000円（休前日17,000円）※1室2名まで|朝食付：未確認|夕食付：未確認|２食付：平日11,000円（休前日18,000円）※1名",
        "source_url": "https://min88.jp/inn/16813/",
        "coordinate_source": "google_maps_embed_place"
      }
    },
    {
      "type": "Feature",
      "id": "min88-1074",
      "geometry": {
        "type": "Point",
        "coordinates": [
          132.7741062,
          33.9788391
        ]
      },
      "properties": {
        "provider": "min88",
        "source_id": "1074",
        "name": "カフェと御宿まほろば",
        "lodging_type": "guesthouse",
        "lodging_types": "guesthouse",
        "business_status": null,
        "address": "愛媛県松山市北条1063-2",
        "phone": "089-995-8088",
        "website": "https://korepano.jp/maholoba/",
        "room_count": 2,
        "check_in": "15:00",
        "check_out": "08:00",
        "price": "素泊り：5,800円|朝食付：設定なし|夕食付：設定なし|２食付：8,000円",
        "source_url": "https://min88.jp/inn/1074/",
        "coordinate_source": "google_maps_embed_place"
      }
    },
    {
      "type": "Feature",
      "id": "min88-6253",
      "geometry": {
        "type": "Point",
        "coordinates": [
          132.8003167,
          34.0082393
        ]
      },
      "properties": {
        "provider": "min88",
        "source_id": "6253",
        "name": "浅海原大師堂（通夜堂）",
        "lodging_type": "pilgrim_shelter",
        "lodging_types": "pilgrim_shelter",
        "business_status": null,
        "address": "愛媛県松山市浅海原743",
        "phone": null,
        "website": null,
        "room_count": 1,
        "check_in": null,
        "check_out": null,
        "price": "素泊り：無料|朝食付：設定なし|夕食付：設定なし|２食付：設定なし",
        "source_url": "https://min88.jp/inn/6253/",
        "coordinate_source": "google_maps_embed_place"
      }
    },
    {
      "type": "Feature",
      "id": "min88-6041",
      "geometry": {
        "type": "Point",
        "coordinates": [
          132.8055095,
          34.0082154
        ]
      },
      "properties": {
        "provider": "min88",
        "source_id": "6041",
        "name": "浅海本谷大師堂（通夜堂）",
        "lodging_type": "pilgrim_shelter",
        "lodging_types": "pilgrim_shelter",
        "business_status": null,
        "address": "愛媛県松山市浅海本谷",
        "phone": null,
        "website": null,
        "room_count": 1,
        "check_in": null,
        "check_out": null,
        "price": "素泊り：無料|朝食付：設定なし|夕食付：設定なし|２食付：設定なし",
        "source_url": "https://min88.jp/inn/6041/",
        "coordinate_source": "google_maps_embed_place"
      }
    },
    {
      "type": "Feature",
      "id": "min88-8596",
      "geometry": {
        "type": "Point",
        "coordinates": [
          132.8048384,
          34.0136048
        ]
      },
      "properties": {
        "provider": "min88",
        "source_id": "8596",
        "name": "海辺のお宿 巡る",
        "lodging_type": "guesthouse",
        "lodging_types": "guesthouse",
        "business_status": "closed_or_suspended",
        "address": "愛媛県松山市浅海本谷甲229",
        "phone": "090-4033-2973|※10時〜20時",
        "website": "https://meguru-oyado.jimdofree.com/",
        "room_count": 2,
        "check_in": "16:00",
        "check_out": "09:00",
        "price": "素泊り：5,000円|朝食付：5,500円|夕食付：6,500円|２食付：7,000円",
        "source_url": "https://min88.jp/inn/8596/",
        "coordinate_source": "google_maps_embed_place"
      }
    },
    {
      "type": "Feature",
      "id": "min88-1076",
      "geometry": {
        "type": "Point",
        "coordinates": [
          132.836314,
          34.034035
        ]
      },
      "properties": {
        "provider": "min88",
        "source_id": "1076",
        "name": "ヤマイチマリン・マリーナシーガル",
        "lodging_type": "guesthouse",
        "lodging_types": "guesthouse",
        "business_status": null,
        "address": "愛媛県今治市菊間町浜66",
        "phone": "0898-54-3555",
        "website": "http://www.m-seagull.com/stay/",
        "room_count": null,
        "check_in": null,
        "check_out": null,
        "price": "素泊り：4,400円|朝食付：未確認|夕食付：未確認|２食付：未確認",
        "source_url": "https://min88.jp/inn/1076/",
        "coordinate_source": "google_maps_embed_place"
      }
    },
    {
      "type": "Feature",
      "id": "min88-556",
      "geometry": {
        "type": "Point",
        "coordinates": [
          132.8630832,
          34.0499132
        ]
      },
      "properties": {
        "provider": "min88",
        "source_id": "556",
        "name": "青木地蔵堂（通夜堂）",
        "lodging_type": "pilgrim_shelter",
        "lodging_types": "pilgrim_shelter",
        "business_status": null,
        "address": "愛媛県今治市菊間町種",
        "phone": "0898-54-2491",
        "website": null,
        "room_count": 1,
        "check_in": null,
        "check_out": null,
        "price": "素泊り：無料|朝食付：設定なし|夕食付：設定なし|２食付：設定なし",
        "source_url": "https://min88.jp/inn/556/",
        "coordinate_source": "google_maps_embed_place"
      }
    },
    {
      "type": "Feature",
      "id": "min88-1079",
      "geometry": {
        "type": "Point",
        "coordinates": [
          132.9240176,
          34.0603773
        ]
      },
      "properties": {
        "provider": "min88",
        "source_id": "1079",
        "name": "ビジネスホテルつよし",
        "lodging_type": "hotel",
        "lodging_types": "hotel",
        "business_status": null,
        "address": "愛媛県今治市大西町宮脇甲448",
        "phone": "0898-53-4116",
        "website": null,
        "room_count": 23,
        "check_in": "16:00",
        "check_out": "10:00",
        "price": "素泊り：5,000円|朝食付：未確認|夕食付：未確認|２食付：6,800円",
        "source_url": "https://min88.jp/inn/1079/",
        "coordinate_source": "google_maps_embed_place"
      }
    },
    {
      "type": "Feature",
      "id": "min88-1081",
      "geometry": {
        "type": "Point",
        "coordinates": [
          132.9279321,
          34.0627096
        ]
      },
      "properties": {
        "provider": "min88",
        "source_id": "1081",
        "name": "ますや旅館オーベルジュ",
        "lodging_type": "ryokan",
        "lodging_types": "ryokan, hotel",
        "business_status": null,
        "address": "愛媛県今治市大西町宮脇甲1416-3",
        "phone": "0898-53-2104",
        "website": "http://masuya-auberge.com",
        "room_count": 6,
        "check_in": "15:30",
        "check_out": "09:00",
        "price": "素泊り：4,000円|朝食付：未確認|夕食付：5,500円|２食付：6,000円",
        "source_url": "https://min88.jp/inn/1081/",
        "coordinate_source": "google_maps_embed_place"
      }
    },
    {
      "type": "Feature",
      "id": "min88-6060",
      "geometry": {
        "type": "Point",
        "coordinates": [
          132.9298938,
          34.0659618
        ]
      },
      "properties": {
        "provider": "min88",
        "source_id": "6060",
        "name": "ニュースガノヤ",
        "lodging_type": "hotel",
        "lodging_types": "hotel",
        "business_status": null,
        "address": "愛媛県今治市大西町新町甲454-5",
        "phone": "0898-53-2035",
        "website": null,
        "room_count": 14,
        "check_in": "16:00",
        "check_out": "10:00",
        "price": "素泊り：未確認|朝食付：未確認|夕食付：未確認|２食付：5,775円〜",
        "source_url": "https://min88.jp/inn/6060/",
        "coordinate_source": "google_maps_embed_place"
      }
    },
    {
      "type": "Feature",
      "id": "min88-1083",
      "geometry": {
        "type": "Point",
        "coordinates": [
          132.9299241,
          34.0659777
        ]
      },
      "properties": {
        "provider": "min88",
        "source_id": "1083",
        "name": "あさひや旅館",
        "lodging_type": "ryokan",
        "lodging_types": "ryokan, hotel",
        "business_status": null,
        "address": "愛媛県今治市大西町新町甲454-1",
        "phone": "0898-53-2032",
        "website": null,
        "room_count": 8,
        "check_in": "15:00",
        "check_out": "09:30",
        "price": "素泊り：未確認|朝食付：未確認|夕食付：未確認|２食付：5,800円",
        "source_url": "https://min88.jp/inn/1083/",
        "coordinate_source": "google_maps_embed_place"
      }
    },
    {
      "type": "Feature",
      "id": "min88-1085",
      "geometry": {
        "type": "Point",
        "coordinates": [
          132.998068,
          34.067578
        ]
      },
      "properties": {
        "provider": "min88",
        "source_id": "1085",
        "name": "今治プラザホテル",
        "lodging_type": "hotel",
        "lodging_types": "hotel",
        "business_status": null,
        "address": "愛媛県今治市別宮町1丁目3-5",
        "phone": "0898-25-2500",
        "website": "http://imabari-plazahotel.com",
        "room_count": 108,
        "check_in": "15:00",
        "check_out": "10:00",
        "price": "素泊り：5,900円|朝食付：6,600円|夕食付：設定なし|２食付：設定なし",
        "source_url": "https://min88.jp/inn/1085/",
        "coordinate_source": "google_maps_embed_place"
      }
    },
    {
      "type": "Feature",
      "id": "min88-1090",
      "geometry": {
        "type": "Point",
        "coordinates": [
          132.9943943,
          34.0650538
        ]
      },
      "properties": {
        "provider": "min88",
        "source_id": "1090",
        "name": "今治ステーションホテル",
        "lodging_type": "hotel",
        "lodging_types": "hotel",
        "business_status": null,
        "address": "愛媛県今治市北宝来町2丁目2-23",
        "phone": "0898-22-5340",
        "website": "http://stationhotel.jp",
        "room_count": 35,
        "check_in": "15:00",
        "check_out": "10:00",
        "price": "素泊り：5,000円〜|朝食付：設定なし|夕食付：設定なし|２食付：設定なし",
        "source_url": "https://min88.jp/inn/1090/",
        "coordinate_source": "google_maps_embed_place"
      }
    },
    {
      "type": "Feature",
      "id": "min88-1092",
      "geometry": {
        "type": "Point",
        "coordinates": [
          132.9950119,
          34.0648008
        ]
      },
      "properties": {
        "provider": "min88",
        "source_id": "1092",
        "name": "ホテルクラウンヒルズ今治",
        "lodging_type": "hotel",
        "lodging_types": "hotel",
        "business_status": null,
        "address": "愛媛県今治市北宝来町1-5-9",
        "phone": "0898-23-0005",
        "website": "https://breezbay-group.com/hch-imabari/",
        "room_count": 82,
        "check_in": "15:00",
        "check_out": "10:00",
        "price": "素泊り：設定なし|朝食付：|　・ドミトリー：4,000円|　・セミダブル：5,871円|夕食付：設定なし|２食付：設定なし",
        "source_url": "https://min88.jp/inn/1092/",
        "coordinate_source": "google_maps_embed_place"
      }
    },
    {
      "type": "Feature",
      "id": "min88-1094",
      "geometry": {
        "type": "Point",
        "coordinates": [
          132.9956584,
          34.0640225
        ]
      },
      "properties": {
        "provider": "min88",
        "source_id": "1094",
        "name": "今治アーバンホテル新館",
        "lodging_type": "hotel",
        "lodging_types": "hotel",
        "business_status": null,
        "address": "愛媛県今治市北宝来町1丁目3-2",
        "phone": "0898-22-5311",
        "website": "https://www.imabari-urban-hotel.com",
        "room_count": 120,
        "check_in": "14:00",
        "check_out": "11:00",
        "price": "素泊り：6,200円|朝食付：設定なし|夕食付：設定なし|２食付：設定なし",
        "source_url": "https://min88.jp/inn/1094/",
        "coordinate_source": "google_maps_embed_place"
      }
    },
    {
      "type": "Feature",
      "id": "min88-1096",
      "geometry": {
        "type": "Point",
        "coordinates": [
          132.9949003,
          34.0640258
        ]
      },
      "properties": {
        "provider": "min88",
        "source_id": "1096",
        "name": "しまなみゲストハウス・シクロの家",
        "lodging_type": "guesthouse",
        "lodging_types": "guesthouse",
        "business_status": null,
        "address": "愛媛県今治市北宝来町1丁目1-12",
        "phone": "0898-35-4496",
        "website": "http://www.cyclonoie.com",
        "room_count": null,
        "check_in": "16:00",
        "check_out": "10:00",
        "price": "素泊り：|　・女性専用ドミトリー：3,200円|　・ミックスドミトリー：3,200円|　・個室：7,400円（2名/1部屋）|朝食付：設定なし|夕食付：設定なし|２食付：設定なし",
        "source_url": "https://min88.jp/inn/1096/",
        "coordinate_source": "google_maps_embed_place"
      }
    },
    {
      "type": "Feature",
      "id": "min88-1100",
      "geometry": {
        "type": "Point",
        "coordinates": [
          132.9923198,
          34.0629144
        ]
      },
      "properties": {
        "provider": "min88",
        "source_id": "1100",
        "name": "しまなみ温泉喜助の湯",
        "lodging_type": "guesthouse",
        "lodging_types": "guesthouse",
        "business_status": null,
        "address": "愛媛県今治市中日吉町1丁目2-30",
        "phone": "0898-22-0026",
        "website": "https://www.kisuke.com/yu-imabari/",
        "room_count": 30,
        "check_in": "15:00",
        "check_out": "10:00",
        "price": "素泊り：3,500円※|朝食付：4,000円※|夕食付：5,500円※|２食付：6,000円※|※：お遍路プラン、要御朱印帳",
        "source_url": "https://min88.jp/inn/1100/",
        "coordinate_source": "google_maps_embed_place"
      }
    },
    {
      "type": "Feature",
      "id": "min88-5598",
      "geometry": {
        "type": "Point",
        "coordinates": [
          133.004263,
          34.0692901
        ]
      },
      "properties": {
        "provider": "min88",
        "source_id": "5598",
        "name": "ホテル菊水今治",
        "lodging_type": "ryokan",
        "lodging_types": "ryokan, hotel",
        "business_status": null,
        "address": "愛媛県今治市中浜町1-2-5",
        "phone": "0898-23-3330",
        "website": "https://h-kikusui.jp",
        "room_count": 56,
        "check_in": "15:00",
        "check_out": "10:00",
        "price": "素泊り：5,148円〜|朝食付：6,358円〜|夕食付：未確認|２食付：6,468円〜",
        "source_url": "https://min88.jp/inn/5598/",
        "coordinate_source": "google_maps_embed_place"
      }
    },
    {
      "type": "Feature",
      "id": "min88-6270",
      "geometry": {
        "type": "Point",
        "coordinates": [
          133.0049264,
          34.0587907
        ]
      },
      "properties": {
        "provider": "min88",
        "source_id": "6270",
        "name": "スーパーホテル今治",
        "lodging_type": "hotel",
        "lodging_types": "hotel",
        "business_status": null,
        "address": "愛媛県今治市松本町4丁目6-10",
        "phone": "0898-27-9010",
        "website": "https://www.superhotel.co.jp/s_hotels/imabari/",
        "room_count": 146,
        "check_in": "15:00",
        "check_out": "10:00",
        "price": "素泊り：設定なし|朝食付：5,200円〜|夕食付：設定なし|２食付：設定なし",
        "source_url": "https://min88.jp/inn/6270/",
        "coordinate_source": "google_maps_embed_place"
      }
    },
    {
      "type": "Feature",
      "id": "min88-25353",
      "geometry": {
        "type": "Point",
        "coordinates": [
          132.9567256,
          34.0236345
        ]
      },
      "properties": {
        "provider": "min88",
        "source_id": "25353",
        "name": "ティコゼ",
        "lodging_type": "guesthouse",
        "lodging_types": "guesthouse",
        "business_status": null,
        "address": "愛媛県今治市玉川町中村甲486-2",
        "phone": "090-5147-0123",
        "website": "https://www.teacozy.jp/",
        "room_count": 2,
        "check_in": "16:00",
        "check_out": "06:00-10:00",
        "price": "素泊り：4,000円|朝食付：4,500円|夕食付：設定なし|２食付：設定なし",
        "source_url": "https://min88.jp/inn/25353/",
        "coordinate_source": "google_maps_embed_place"
      }
    },
    {
      "type": "Feature",
      "id": "min88-8599",
      "geometry": {
        "type": "Point",
        "coordinates": [
          132.9775316,
          34.0134348
        ]
      },
      "properties": {
        "provider": "min88",
        "source_id": "8599",
        "name": "仙遊寺（通夜堂）",
        "lodging_type": "pilgrim_shelter",
        "lodging_types": "pilgrim_shelter",
        "business_status": null,
        "address": "愛媛県今治市玉川町別所甲483",
        "phone": "※非掲載",
        "website": null,
        "room_count": null,
        "check_in": null,
        "check_out": null,
        "price": "素泊り：無料|朝食付：設定なし|夕食付：設定なし|２食付：設定なし",
        "source_url": "https://min88.jp/inn/8599/",
        "coordinate_source": "google_maps_embed_place"
      }
    },
    {
      "type": "Feature",
      "id": "min88-558",
      "geometry": {
        "type": "Point",
        "coordinates": [
          132.9776175,
          34.0136437
        ]
      },
      "properties": {
        "provider": "min88",
        "source_id": "558",
        "name": "仙遊寺（宿坊）",
        "lodging_type": "temple_lodging",
        "lodging_types": "temple_lodging",
        "business_status": null,
        "address": "愛媛県今治市玉川町別所甲483",
        "phone": "0898-55-2141|受付時間：8時から21時まで",
        "website": "http://www.shikoku88-58senyuji.com",
        "room_count": 12,
        "check_in": "15:00",
        "check_out": "08:00",
        "price": "素泊り：5,000円|朝食付：未確認|夕食付：未確認|２食付：8,000円",
        "source_url": "https://min88.jp/inn/558/",
        "coordinate_source": "google_maps_embed_place"
      }
    },
    {
      "type": "Feature",
      "id": "min88-13719",
      "geometry": {
        "type": "Point",
        "coordinates": [
          133.000439,
          34.034444
        ]
      },
      "properties": {
        "provider": "min88",
        "source_id": "13719",
        "name": "ホテル バリ・イン",
        "lodging_type": "hotel",
        "lodging_types": "hotel",
        "business_status": "closed_or_suspended",
        "address": "愛媛県今治市中寺239-1",
        "phone": "0898-33-0909",
        "website": "bari-inn.jp",
        "room_count": 67,
        "check_in": "15:00",
        "check_out": "10:00",
        "price": "素泊り：4,000円〜\n朝食付：4,400円〜\n夕食付： —\n２食付： —",
        "source_url": "https://min88.jp/inn/13719/",
        "coordinate_source": "google_maps_embed_place"
      }
    },
    {
      "type": "Feature",
      "id": "min88-39368",
      "geometry": {
        "type": "Point",
        "coordinates": [
          133.0004706,
          34.0344397
        ]
      },
      "properties": {
        "provider": "min88",
        "source_id": "39368",
        "name": "COZY HOTEL NUKUI shimanami",
        "lodging_type": "ryokan",
        "lodging_types": "ryokan, hotel",
        "business_status": null,
        "address": "愛媛県今治市中寺239-1",
        "phone": "0898-33-0909",
        "website": "https://cozyhotel-nukui.com/shimanami/",
        "room_count": 74,
        "check_in": "15:00-22:00",
        "check_out": "10:00",
        "price": "素泊り：6,250円〜|朝食付：6,850円〜|夕食付：7,250円〜|２食付：7,850円〜",
        "source_url": "https://min88.jp/inn/39368/",
        "coordinate_source": "google_maps_embed_place"
      }
    },
    {
      "type": "Feature",
      "id": "min88-1107",
      "geometry": {
        "type": "Point",
        "coordinates": [
          133.0525,
          33.9955452
        ]
      },
      "properties": {
        "provider": "min88",
        "source_id": "1107",
        "name": "ホテルアジュール汐の丸",
        "lodging_type": "ryokan",
        "lodging_types": "ryokan, hotel",
        "business_status": null,
        "address": "愛媛県今治市湯ノ浦30",
        "phone": "0898-47-0707",
        "website": "https://www.hotel-ajour.jp",
        "room_count": 35,
        "check_in": "15:00",
        "check_out": "10:00",
        "price": "素泊り：6,600円|朝食付：8,250円|夕食付：未確認|２食付：12,870円",
        "source_url": "https://min88.jp/inn/1107/",
        "coordinate_source": "google_maps_embed_place"
      }
    },
    {
      "type": "Feature",
      "id": "min88-602",
      "geometry": {
        "type": "Point",
        "coordinates": [
          133.0553141,
          33.9968164
        ]
      },
      "properties": {
        "provider": "min88",
        "source_id": "602",
        "name": "いまばり湯ノ浦ハイツ",
        "lodging_type": "ryokan",
        "lodging_types": "ryokan, hotel",
        "business_status": "closed_or_suspended",
        "address": "愛媛県今治市湯ノ浦23",
        "phone": "0898-48-2000",
        "website": "—",
        "room_count": null,
        "check_in": null,
        "check_out": null,
        "price": "素泊り： —\n朝食付： —\n夕食付： —\n２食付： —",
        "source_url": "https://min88.jp/inn/602/",
        "coordinate_source": "google_maps_embed_place"
      }
    },
    {
      "type": "Feature",
      "id": "min88-508",
      "geometry": {
        "type": "Point",
        "coordinates": [
          133.063312,
          33.986283
        ]
      },
      "properties": {
        "provider": "min88",
        "source_id": "508",
        "name": "休暇村瀬戸内東予シーサイドキャンプ場",
        "lodging_type": "campground",
        "lodging_types": "campground",
        "business_status": null,
        "address": "愛媛県西条市河原津",
        "phone": "0898-48-0311",
        "website": "https://www.qkamura.or.jp/toyo/camp/",
        "room_count": null,
        "check_in": "13:00-20:00",
        "check_out": "11:00",
        "price": "素泊り：持込サイト|　・電源なし：大人520円＋サイト利用料3,150円|　・電源あり：大人520円＋サイト利用料4,200円|朝食付：設定なし|夕食付：設定なし|２食付：設定なし",
        "source_url": "https://min88.jp/inn/508/",
        "coordinate_source": "google_maps_embed_place"
      }
    },
    {
      "type": "Feature",
      "id": "min88-560",
      "geometry": {
        "type": "Point",
        "coordinates": [
          133.059215,
          33.949526
        ]
      },
      "properties": {
        "provider": "min88",
        "source_id": "560",
        "name": "光明寺（遍路宿）",
        "lodging_type": "pilgrim_shelter",
        "lodging_types": "pilgrim_shelter",
        "business_status": null,
        "address": "愛媛県西条市三芳1603",
        "phone": "0898-66-4606",
        "website": null,
        "room_count": 1,
        "check_in": null,
        "check_out": null,
        "price": "素泊り：無料|朝食付：設定なし|夕食付：設定なし|２食付：設定なし",
        "source_url": "https://min88.jp/inn/560/",
        "coordinate_source": "google_maps_embed_place"
      }
    },
    {
      "type": "Feature",
      "id": "min88-13715",
      "geometry": {
        "type": "Point",
        "coordinates": [
          133.0630122,
          33.9511796
        ]
      },
      "properties": {
        "provider": "min88",
        "source_id": "13715",
        "name": "敷島旅館",
        "lodging_type": "guesthouse",
        "lodging_types": "guesthouse",
        "business_status": null,
        "address": "愛媛県西条市三芳1796-4",
        "phone": "090-8155-1288",
        "website": "https://www.instagram.com/shikishima_ryokan/",
        "room_count": 9,
        "check_in": "16:00-21:00",
        "check_out": "10:00",
        "price": "素泊り：ドミトリー3,980円／個室5,980円|朝食付：+300円|夕食付：+1,300円、+2,000円から選択|２食付：未確認",
        "source_url": "https://min88.jp/inn/13715/",
        "coordinate_source": "google_maps_embed_place"
      }
    },
    {
      "type": "Feature",
      "id": "min88-1109",
      "geometry": {
        "type": "Point",
        "coordinates": [
          133.0947498,
          33.9358676
        ]
      },
      "properties": {
        "provider": "min88",
        "source_id": "1109",
        "name": "お宿すけ家",
        "lodging_type": "guesthouse",
        "lodging_types": "guesthouse",
        "business_status": null,
        "address": "愛媛県西条市三津屋722番地3",
        "phone": "090-1571-1911",
        "website": "http://www.oyadosukeya.link",
        "room_count": 5,
        "check_in": "15:00",
        "check_out": "10:00",
        "price": "素泊り：3,000円|朝食付：3,400円|夕食付：未確認|２食付：未確認",
        "source_url": "https://min88.jp/inn/1109/",
        "coordinate_source": "google_maps_embed_place"
      }
    },
    {
      "type": "Feature",
      "id": "min88-6316",
      "geometry": {
        "type": "Point",
        "coordinates": [
          133.0579071,
          33.9096918
        ]
      },
      "properties": {
        "provider": "min88",
        "source_id": "6316",
        "name": "いしづち安藤家",
        "lodging_type": "guesthouse",
        "lodging_types": "guesthouse",
        "business_status": null,
        "address": "愛媛県西条市丹原町池田1337-1",
        "phone": "090-8370-6015",
        "website": "https://www.airbnb.jp/rooms/41112399?_set_bev_on_new_domain=1643587851_MDU1MzZhZTQ2MmYz&guests=1&adults=1&source_impression_id=p3_1754962196_P3JVDuNjUlG-uhyz",
        "room_count": 3,
        "check_in": "16:00",
        "check_out": "10:00",
        "price": "素泊り：4,000円|朝食付：未確認|夕食付：未確認|２食付：未確認",
        "source_url": "https://min88.jp/inn/6316/",
        "coordinate_source": "google_maps_embed_place"
      }
    },
    {
      "type": "Feature",
      "id": "min88-1328",
      "geometry": {
        "type": "Point",
        "coordinates": [
          133.059633,
          33.9005116
        ]
      },
      "properties": {
        "provider": "min88",
        "source_id": "1328",
        "name": "ゲストハウスBEKKU",
        "lodging_type": "guesthouse",
        "lodging_types": "guesthouse",
        "business_status": null,
        "address": "愛媛県西条市丹原町今井444-1",
        "phone": "090-7578-7053",
        "website": "https://r.goope.jp/3820612311",
        "room_count": 2,
        "check_in": "16:00",
        "check_out": "10:00",
        "price": "素泊り：|　・相部屋4,000円|　・個室　5,100円|朝食付：未確認|夕食付：未確認|２食付：未確認",
        "source_url": "https://min88.jp/inn/1328/",
        "coordinate_source": "google_maps_embed_place"
      }
    },
    {
      "type": "Feature",
      "id": "min88-1111",
      "geometry": {
        "type": "Point",
        "coordinates": [
          133.0800781,
          33.9225349
        ]
      },
      "properties": {
        "provider": "min88",
        "source_id": "1111",
        "name": "東予温泉いやしのリゾート",
        "lodging_type": "ryokan",
        "lodging_types": "ryokan, hotel",
        "business_status": null,
        "address": "愛媛県西条市周布687-1",
        "phone": "0898-64-0080",
        "website": "http://www.touyoonsen.com",
        "room_count": 12,
        "check_in": "19:00",
        "check_out": "10:00",
        "price": "素泊り：8,000円〜（1室2名まで）|朝食付：未確認|夕食付：未確認|２食付：未確認|※別途大人1名様につき入湯料150円",
        "source_url": "https://min88.jp/inn/1111/",
        "coordinate_source": "google_maps_embed_place"
      }
    },
    {
      "type": "Feature",
      "id": "min88-24707",
      "geometry": {
        "type": "Point",
        "coordinates": [
          133.0660745,
          33.8770225
        ]
      },
      "properties": {
        "provider": "min88",
        "source_id": "24707",
        "name": "ゲストハウス60BASE（ろくまるベース）",
        "lodging_type": "guesthouse",
        "lodging_types": "guesthouse",
        "business_status": null,
        "address": "愛媛県西条市小松町大頭甲653-2",
        "phone": "0898-72-2644",
        "website": "https://gh60base.wixsite.com/gh60base",
        "room_count": 2,
        "check_in": "15:00-20:00",
        "check_out": "10:00",
        "price": "素泊り：5,000円|朝食付：未確認|夕食付：未確認|２食付：8,000円",
        "source_url": "https://min88.jp/inn/24707/",
        "coordinate_source": "google_maps_embed_place"
      }
    },
    {
      "type": "Feature",
      "id": "min88-913",
      "geometry": {
        "type": "Point",
        "coordinates": [
          133.0645955,
          33.8761739
        ]
      },
      "properties": {
        "provider": "min88",
        "source_id": "913",
        "name": "湯の里小町温泉しこくや",
        "lodging_type": "ryokan",
        "lodging_types": "ryokan, hotel",
        "business_status": null,
        "address": "愛媛県西条市小松町明穂甲47",
        "phone": "0898-76-3388",
        "website": "https://www.rinrinpark.com/shikokuya.html",
        "room_count": 42,
        "check_in": "15:00",
        "check_out": "10:00",
        "price": "素泊り：7,200円|朝食付：8,300円|夕食付：9,730円|２食付：10,660円",
        "source_url": "https://min88.jp/inn/913/",
        "coordinate_source": "google_maps_embed_place"
      }
    },
    {
      "type": "Feature",
      "id": "min88-562",
      "geometry": {
        "type": "Point",
        "coordinates": [
          133.1110441,
          33.8376667
        ]
      },
      "properties": {
        "provider": "min88",
        "source_id": "562",
        "name": "横峰寺（通夜堂）",
        "lodging_type": "pilgrim_shelter",
        "lodging_types": "pilgrim_shelter",
        "business_status": null,
        "address": "愛媛県西条市小松町石鎚甲2253",
        "phone": "非掲載",
        "website": null,
        "room_count": null,
        "check_in": null,
        "check_out": null,
        "price": "素泊り：無料|朝食付：設定なし|夕食付：設定なし|２食付：設定なし",
        "source_url": "https://min88.jp/inn/562/",
        "coordinate_source": "google_maps_embed_place"
      }
    },
    {
      "type": "Feature",
      "id": "min88-506",
      "geometry": {
        "type": "Point",
        "coordinates": [
          133.1116826,
          33.8862131
        ]
      },
      "properties": {
        "provider": "min88",
        "source_id": "506",
        "name": "石鎚山ハイウェイオアシスキャンプ場",
        "lodging_type": "campground",
        "lodging_types": "campground",
        "business_status": null,
        "address": "愛媛県西条市小松町新屋敷乙22番地29",
        "phone": "0898-76-3111",
        "website": "https://store.montbell.jp/common/system/information/disp.php?c=5&id=316",
        "room_count": null,
        "check_in": "16:00",
        "check_out": "09:00",
        "price": "素泊り：|　・フリーサイト1泊：1,000円|　・電源使用料：500円（先着3組のみ）|朝食付：設定なし|夕食付：設定なし|２食付：設定なし",
        "source_url": "https://min88.jp/inn/506/",
        "coordinate_source": "google_maps_embed_place"
      }
    },
    {
      "type": "Feature",
      "id": "min88-600",
      "geometry": {
        "type": "Point",
        "coordinates": [
          133.1172275,
          33.8942422
        ]
      },
      "properties": {
        "provider": "min88",
        "source_id": "600",
        "name": "ビジネス旅館小松",
        "lodging_type": "ryokan",
        "lodging_types": "ryokan, hotel",
        "business_status": null,
        "address": "愛媛県西条市小松町新屋敷201",
        "phone": "0898-72-5881",
        "website": null,
        "room_count": 11,
        "check_in": "15:00",
        "check_out": "08:00",
        "price": "素泊り：5,500円|朝食付：未確認|夕食付：未確認|２食付：8,800円",
        "source_url": "https://min88.jp/inn/600/",
        "coordinate_source": "google_maps_embed_place"
      }
    },
    {
      "type": "Feature",
      "id": "min88-13790",
      "geometry": {
        "type": "Point",
        "coordinates": [
          133.1558411,
          33.8894657
        ]
      },
      "properties": {
        "provider": "min88",
        "source_id": "13790",
        "name": "石鎚神社会館",
        "lodging_type": "temple_lodging",
        "lodging_types": "temple_lodging",
        "business_status": null,
        "address": "愛媛県西条市西田甲797",
        "phone": "0897-55-4168",
        "website": "https://ishizuchisan.jp/about/abouthall/",
        "room_count": 20,
        "check_in": "15:00",
        "check_out": "10:00",
        "price": "素泊り：7,000円|朝食付：未確認|夕食付：未確認|２食付：9,500円",
        "source_url": "https://min88.jp/inn/13790/",
        "coordinate_source": "google_maps_embed_place"
      }
    },
    {
      "type": "Feature",
      "id": "min88-1118",
      "geometry": {
        "type": "Point",
        "coordinates": [
          133.1641511,
          33.8929471
        ]
      },
      "properties": {
        "provider": "min88",
        "source_id": "1118",
        "name": "湯之谷温泉",
        "lodging_type": "ryokan",
        "lodging_types": "ryokan, hotel",
        "business_status": null,
        "address": "愛媛県西条市洲之内甲1193",
        "phone": "0897-55-2135",
        "website": "http://yunotani.cside.com",
        "room_count": 10,
        "check_in": "15:00",
        "check_out": "10:00",
        "price": "素泊り：|　・相部屋3,520円|　・個室　5,000円|朝食付：6,600円|夕食付：未確認|２食付：8,250円",
        "source_url": "https://min88.jp/inn/1118/",
        "coordinate_source": "google_maps_embed_place"
      }
    },
    {
      "type": "Feature",
      "id": "min88-1121",
      "geometry": {
        "type": "Point",
        "coordinates": [
          133.183803,
          33.901807
        ]
      },
      "properties": {
        "provider": "min88",
        "source_id": "1121",
        "name": "ビジネスホテル・イレブン",
        "lodging_type": "hotel",
        "lodging_types": "hotel",
        "business_status": null,
        "address": "愛媛県西条市中野468-1",
        "phone": "0897-56-1212",
        "website": null,
        "room_count": null,
        "check_in": "16:00",
        "check_out": "10:00",
        "price": "素泊り：4,500円|朝食付：未確認|夕食付：未確認|２食付：未確認",
        "source_url": "https://min88.jp/inn/1121/",
        "coordinate_source": "google_maps_embed_place"
      }
    },
    {
      "type": "Feature",
      "id": "min88-1129",
      "geometry": {
        "type": "Point",
        "coordinates": [
          133.1851041,
          33.9129481
        ]
      },
      "properties": {
        "provider": "min88",
        "source_id": "1129",
        "name": "にぎたつ旅館",
        "lodging_type": "ryokan",
        "lodging_types": "ryokan, hotel",
        "business_status": "closed_or_suspended",
        "address": "愛媛県西条市大町1511-1",
        "phone": "0897-56-2792",
        "website": "—",
        "room_count": 11,
        "check_in": null,
        "check_out": null,
        "price": "素泊り： —\n朝食付： —\n夕食付： —\n２食付：5,250円〜",
        "source_url": "https://min88.jp/inn/1129/",
        "coordinate_source": "google_maps_embed_place"
      }
    },
    {
      "type": "Feature",
      "id": "min88-1125",
      "geometry": {
        "type": "Point",
        "coordinates": [
          133.1873374,
          33.9135013
        ]
      },
      "properties": {
        "provider": "min88",
        "source_id": "1125",
        "name": "ホテル青木",
        "lodging_type": "hotel",
        "lodging_types": "hotel",
        "business_status": null,
        "address": "愛媛県西条市大町802-18",
        "phone": "0897-53-1118",
        "website": "http://www.aokihotel.co.jp",
        "room_count": 30,
        "check_in": "15:00",
        "check_out": "11:00",
        "price": "素泊り：4,860円〜|朝食付：設定なし|夕食付：設定なし|２食付：設定なし",
        "source_url": "https://min88.jp/inn/1125/",
        "coordinate_source": "google_maps_embed_place"
      }
    },
    {
      "type": "Feature",
      "id": "min88-1123",
      "geometry": {
        "type": "Point",
        "coordinates": [
          133.187908,
          33.912906
        ]
      },
      "properties": {
        "provider": "min88",
        "source_id": "1123",
        "name": "ホテルオレール西条",
        "lodging_type": "hotel",
        "lodging_types": "hotel",
        "business_status": null,
        "address": "愛媛県西条市大町798-9",
        "phone": "0897-55-2440",
        "website": "https://www.horaire.co.jp",
        "room_count": 62,
        "check_in": "15:00",
        "check_out": "10:00",
        "price": "素泊り：設定なし|朝食付：4,500円|（朝クロワッサン無料サービス・フリードリンク付）|夕食付：設定なし|２食付：設定なし",
        "source_url": "https://min88.jp/inn/1123/",
        "coordinate_source": "google_maps_embed_place"
      }
    },
    {
      "type": "Feature",
      "id": "min88-5665",
      "geometry": {
        "type": "Point",
        "coordinates": [
          133.189736,
          33.913526
        ]
      },
      "properties": {
        "provider": "min88",
        "source_id": "5665",
        "name": "エクストールイン西条駅前",
        "lodging_type": "ryokan",
        "lodging_types": "ryokan, hotel",
        "business_status": null,
        "address": "愛媛県西条市大町771-1",
        "phone": "0897-56-4800",
        "website": "https://extol-saijou.com",
        "room_count": 156,
        "check_in": "15:00",
        "check_out": "10:00",
        "price": "素泊り：設定なし|朝食付：5,200円〜|夕食付：設定なし|２食付：設定なし",
        "source_url": "https://min88.jp/inn/5665/",
        "coordinate_source": "google_maps_embed_place"
      }
    },
    {
      "type": "Feature",
      "id": "min88-6092",
      "geometry": {
        "type": "Point",
        "coordinates": [
          133.187768,
          33.913009
        ]
      },
      "properties": {
        "provider": "min88",
        "source_id": "6092",
        "name": "西条ステーションホテル",
        "lodging_type": "hotel",
        "lodging_types": "hotel",
        "business_status": null,
        "address": "愛媛県西条市大町798",
        "phone": "0897-56-2000",
        "website": "http://saijostation-hotel.com",
        "room_count": null,
        "check_in": "15:00",
        "check_out": "10:00",
        "price": "素泊り：未確認|朝食付：6,380円|夕食付：設定なし|２食付：設定なし",
        "source_url": "https://min88.jp/inn/6092/",
        "coordinate_source": "google_maps_embed_place"
      }
    },
    {
      "type": "Feature",
      "id": "min88-70302",
      "geometry": {
        "type": "Point",
        "coordinates": [
          133.2761338,
          33.9293285
        ]
      },
      "properties": {
        "provider": "min88",
        "source_id": "70302",
        "name": "憩の遍路宿",
        "lodging_type": "guesthouse",
        "lodging_types": "guesthouse",
        "business_status": null,
        "address": "愛媛県新居浜市萩生671-1",
        "phone": "0897-38-0082|受付時間 6:00〜17:00",
        "website": "https://ikoi.eyado.net",
        "room_count": 2,
        "check_in": "15:00",
        "check_out": "09:00",
        "price": "素泊り：5,000円|朝食付：5,500円|夕食付：6,500円|２食付：7,000円",
        "source_url": "https://min88.jp/inn/70302/",
        "coordinate_source": "google_maps_embed_place"
      }
    },
    {
      "type": "Feature",
      "id": "min88-1131",
      "geometry": {
        "type": "Point",
        "coordinates": [
          133.3068819,
          33.9345424
        ]
      },
      "properties": {
        "provider": "min88",
        "source_id": "1131",
        "name": "お遍路宿横屋",
        "lodging_type": "guesthouse",
        "lodging_types": "guesthouse",
        "business_status": "closed_or_suspended",
        "address": "愛媛県新居浜市北内町1丁目2-12",
        "phone": "090-2743-8674\n当日の午後3時まで受付",
        "website": "—",
        "room_count": null,
        "check_in": "16:00",
        "check_out": "09:00",
        "price": "素泊り：3,000円\n朝食付： —\n夕食付： —\n２食付： —",
        "source_url": "https://min88.jp/inn/1131/",
        "coordinate_source": "google_maps_embed_place"
      }
    },
    {
      "type": "Feature",
      "id": "min88-66455",
      "geometry": {
        "type": "Point",
        "coordinates": [
          133.3082376,
          33.9338429
        ]
      },
      "properties": {
        "provider": "min88",
        "source_id": "66455",
        "name": "ゲストハウスはなり",
        "lodging_type": "guesthouse",
        "lodging_types": "guesthouse",
        "business_status": null,
        "address": "愛媛県新居浜市北内町1丁目3-19",
        "phone": "090-9637-2703|受付時間 8:00〜20:00",
        "website": "https://honahlee.jp",
        "room_count": 2,
        "check_in": "16:00-20:00",
        "check_out": "06:00-10:00",
        "price": "素泊り：5,500円|朝食付：6,000円|夕食付：7,000円|２食付：7,500円",
        "source_url": "https://min88.jp/inn/66455/",
        "coordinate_source": "google_maps_embed_place"
      }
    },
    {
      "type": "Feature",
      "id": "min88-1133",
      "geometry": {
        "type": "Point",
        "coordinates": [
          133.313875,
          33.9387284
        ]
      },
      "properties": {
        "provider": "min88",
        "source_id": "1133",
        "name": "ビジネスホテルＭＩＳＯＲＡ",
        "lodging_type": "hotel",
        "lodging_types": "hotel",
        "business_status": null,
        "address": "愛媛県新居浜市外山町18-12",
        "phone": "0897-41-7822",
        "website": "http://www.misora1966.com",
        "room_count": 20,
        "check_in": "16:00",
        "check_out": "10:00",
        "price": "素泊り：5,100円|朝食付：5,800円|夕食付：未確認|２食付：未確認",
        "source_url": "https://min88.jp/inn/1133/",
        "coordinate_source": "google_maps_embed_place"
      }
    },
    {
      "type": "Feature",
      "id": "min88-504",
      "geometry": {
        "type": "Point",
        "coordinates": [
          133.3537952,
          33.9454707
        ]
      },
      "properties": {
        "provider": "min88",
        "source_id": "504",
        "name": "新居浜市市民の森キャンプ場",
        "lodging_type": "campground",
        "lodging_types": "campground",
        "business_status": null,
        "address": "愛媛県新居浜市船木 乙 21",
        "phone": "0897-40-2121",
        "website": "https://www.city.niihama.lg.jp/soshiki/nousui/shiminnomori.html",
        "room_count": null,
        "check_in": null,
        "check_out": null,
        "price": "素泊り：無料|朝食付：設定なし|夕食付：設定なし|２食付：設定なし",
        "source_url": "https://min88.jp/inn/504/",
        "coordinate_source": "google_maps_embed_place"
      }
    },
    {
      "type": "Feature",
      "id": "min88-1135",
      "geometry": {
        "type": "Point",
        "coordinates": [
          133.385924,
          33.94502
        ]
      },
      "properties": {
        "provider": "min88",
        "source_id": "1135",
        "name": "五葉松荘（ごようまつそう）",
        "lodging_type": "guesthouse",
        "lodging_types": "guesthouse",
        "business_status": null,
        "address": "愛媛県四国中央市土居町上野1480-1",
        "phone": "0896-74-3523",
        "website": "http://www.shikochu-kankou.jp/?page_id=8354",
        "room_count": 4,
        "check_in": "16:00",
        "check_out": "08:00",
        "price": "素泊り：4,000円|朝食付：未確認|夕食付：未確認|２食付：6,700円",
        "source_url": "https://min88.jp/inn/1135/",
        "coordinate_source": "google_maps_embed_place"
      }
    },
    {
      "type": "Feature",
      "id": "min88-1137",
      "geometry": {
        "type": "Point",
        "coordinates": [
          133.428697,
          33.957974
        ]
      },
      "properties": {
        "provider": "min88",
        "source_id": "1137",
        "name": "蔦廼家（つたのや）",
        "lodging_type": "ryokan",
        "lodging_types": "ryokan, hotel",
        "business_status": null,
        "address": "愛媛県四国中央市土居町土居48",
        "phone": "0896-74-2025",
        "website": "https://www.facebook.com/蔦廼家-551306904959452/",
        "room_count": 11,
        "check_in": "16:00",
        "check_out": "10:00",
        "price": "素泊り：5,000円|朝食付：未確認|夕食付：未確認|２食付：7,600円",
        "source_url": "https://min88.jp/inn/1137/",
        "coordinate_source": "google_maps_embed_place"
      }
    },
    {
      "type": "Feature",
      "id": "min88-1139",
      "geometry": {
        "type": "Point",
        "coordinates": [
          133.430369,
          33.958613
        ]
      },
      "properties": {
        "provider": "min88",
        "source_id": "1139",
        "name": "松屋旅館",
        "lodging_type": "ryokan",
        "lodging_types": "ryokan, hotel",
        "business_status": null,
        "address": "愛媛県四国中央市土居町中村1127",
        "phone": "0896-74-2008",
        "website": null,
        "room_count": 12,
        "check_in": "15:00",
        "check_out": "10:00",
        "price": "素泊り：未確認|朝食付：未確認|夕食付：未確認|２食付：6,800円",
        "source_url": "https://min88.jp/inn/1139/",
        "coordinate_source": "google_maps_embed_place"
      }
    },
    {
      "type": "Feature",
      "id": "min88-6406",
      "geometry": {
        "type": "Point",
        "coordinates": [
          133.5025749,
          33.9596611
        ]
      },
      "properties": {
        "provider": "min88",
        "source_id": "6406",
        "name": "ユースホステル新長谷寺",
        "lodging_type": "ryokan",
        "lodging_types": "ryokan, hotel",
        "business_status": null,
        "address": "愛媛県四国中央市寒川町3214",
        "phone": "0896-25-0202",
        "website": "http://www.jyh.or.jp/info.php?jyhno=7301",
        "room_count": null,
        "check_in": "15:00-20:00",
        "check_out": "07:00-10:00",
        "price": "素泊り：|　・ドミトリー：4,000円|　・個室：5,000円|朝食付：未確認|夕食付：未確認|２食付：未確認",
        "source_url": "https://min88.jp/inn/6406/",
        "coordinate_source": "google_maps_embed_place"
      }
    },
    {
      "type": "Feature",
      "id": "min88-1141",
      "geometry": {
        "type": "Point",
        "coordinates": [
          133.5416226,
          33.9811633
        ]
      },
      "properties": {
        "provider": "min88",
        "source_id": "1141",
        "name": "ホテルリブマックス伊予三島",
        "lodging_type": "hotel",
        "lodging_types": "hotel",
        "business_status": null,
        "address": "愛媛県四国中央市三島中央3丁目14-5",
        "phone": "0896-23-2011",
        "website": "https://www.hotel-livemax.com/ehime/iyomishima/",
        "room_count": 112,
        "check_in": "15:00",
        "check_out": "10:00",
        "price": "素泊り：2,380円〜|朝食付：設定なし|夕食付：設定なし|２食付：設定なし",
        "source_url": "https://min88.jp/inn/1141/",
        "coordinate_source": "google_maps_embed_place"
      }
    },
    {
      "type": "Feature",
      "id": "min88-1144",
      "geometry": {
        "type": "Point",
        "coordinates": [
          133.546652,
          33.9798188
        ]
      },
      "properties": {
        "provider": "min88",
        "source_id": "1144",
        "name": "御宿・大成（おおなる）",
        "lodging_type": "guesthouse",
        "lodging_types": "guesthouse",
        "business_status": null,
        "address": "愛媛県四国中央市三島宮川4丁目2-3",
        "phone": "0896-23-2122",
        "website": null,
        "room_count": 3,
        "check_in": "15:00",
        "check_out": "10:00",
        "price": "素泊り：4,500円|朝食付：未確認|夕食付：未確認|２食付：8,000円",
        "source_url": "https://min88.jp/inn/1144/",
        "coordinate_source": "google_maps_embed_place"
      }
    },
    {
      "type": "Feature",
      "id": "min88-13736",
      "geometry": {
        "type": "Point",
        "coordinates": [
          133.553667,
          33.9845173
        ]
      },
      "properties": {
        "provider": "min88",
        "source_id": "13736",
        "name": "ビジネスホテルマイルド",
        "lodging_type": "hotel",
        "lodging_types": "hotel",
        "business_status": null,
        "address": "愛媛県四国中央市三島朝日3-1-12",
        "phone": "0896-24-3090",
        "website": "https://hotel-mild.jp",
        "room_count": 78,
        "check_in": "14:30",
        "check_out": "11:00",
        "price": "素泊り：5,300円|朝食付：5,900円|夕食付：6,800円|２食付：7,400円|※税抜価格（シングル）",
        "source_url": "https://min88.jp/inn/13736/",
        "coordinate_source": "google_maps_embed_place"
      }
    },
    {
      "type": "Feature",
      "id": "min88-1148",
      "geometry": {
        "type": "Point",
        "coordinates": [
          133.5704722,
          33.986975
        ]
      },
      "properties": {
        "provider": "min88",
        "source_id": "1148",
        "name": "スーパーホテル 四国中央",
        "lodging_type": "hotel",
        "lodging_types": "hotel",
        "business_status": null,
        "address": "愛媛県四国中央市下柏町852-1",
        "phone": "0896-22-9000",
        "website": "https://www.superhotel.co.jp/s_hotels/shikokuchuo/",
        "room_count": 100,
        "check_in": "15:00",
        "check_out": "10:00",
        "price": "素泊り：設定なし|朝食付：5,400円〜|夕食付：設定なし|２食付：設定なし",
        "source_url": "https://min88.jp/inn/1148/",
        "coordinate_source": "google_maps_embed_place"
      }
    },
    {
      "type": "Feature",
      "id": "min88-6111",
      "geometry": {
        "type": "Point",
        "coordinates": [
          133.6165183,
          33.9807523
        ]
      },
      "properties": {
        "provider": "min88",
        "source_id": "6111",
        "name": "善根宿ゆき工房",
        "lodging_type": "pilgrim_shelter",
        "lodging_types": "pilgrim_shelter",
        "business_status": null,
        "address": "愛媛県四国中央市金田町半田丙226",
        "phone": "建物の張り紙案内に記載",
        "website": null,
        "room_count": 1,
        "check_in": null,
        "check_out": null,
        "price": "素泊り：無料|朝食付：設定なし|夕食付：設定なし|２食付：設定なし",
        "source_url": "https://min88.jp/inn/6111/",
        "coordinate_source": "google_maps_embed_place"
      }
    },
    {
      "type": "Feature",
      "id": "min88-1150",
      "geometry": {
        "type": "Point",
        "coordinates": [
          133.6289904,
          33.9863353
        ]
      },
      "properties": {
        "provider": "min88",
        "source_id": "1150",
        "name": "お遍路ハウス毛利荘",
        "lodging_type": "guesthouse",
        "lodging_types": "guesthouse",
        "business_status": null,
        "address": "愛媛県四国中央市川滝町領家1123",
        "phone": "非公開",
        "website": null,
        "room_count": 2,
        "check_in": "16:00",
        "check_out": "09:00",
        "price": "素泊り：3,000円|朝食付：設定なし|夕食付：設定なし|２食付：設定なし",
        "source_url": "https://min88.jp/inn/1150/",
        "coordinate_source": "google_maps_embed_place"
      }
    },
    {
      "type": "Feature",
      "id": "min88-394",
      "geometry": {
        "type": "Point",
        "coordinates": [
          133.70438,
          34.001799
        ]
      },
      "properties": {
        "provider": "min88",
        "source_id": "394",
        "name": "民宿岡田",
        "lodging_type": "guesthouse",
        "lodging_types": "guesthouse",
        "business_status": null,
        "address": "徳島県三好市池田町佐野牛頭586",
        "phone": "0883-74-1001",
        "website": null,
        "room_count": 7,
        "check_in": "15:00",
        "check_out": "08:00",
        "price": "素泊り：4,000円|朝食付：未確認|夕食付：未確認|２食付：7,200円",
        "source_url": "https://min88.jp/inn/394/",
        "coordinate_source": "google_maps_embed_place"
      }
    },
    {
      "type": "Feature",
      "id": "min88-419",
      "geometry": {
        "type": "Point",
        "coordinates": [
          133.723446,
          34.0354189
        ]
      },
      "properties": {
        "provider": "min88",
        "source_id": "419",
        "name": "雲辺寺（通夜堂）",
        "lodging_type": "pilgrim_shelter",
        "lodging_types": "pilgrim_shelter",
        "business_status": null,
        "address": "徳島県三好市池田町ノロウチ白地 763-2",
        "phone": "非掲載",
        "website": null,
        "room_count": 1,
        "check_in": null,
        "check_out": null,
        "price": "素泊り：無料|朝食付：設定なし|夕食付：設定なし|２食付：設定なし",
        "source_url": "https://min88.jp/inn/419/",
        "coordinate_source": "google_maps_embed_place"
      }
    },
    {
      "type": "Feature",
      "id": "min88-6381",
      "geometry": {
        "type": "Point",
        "coordinates": [
          133.7070309,
          34.0571257
        ]
      },
      "properties": {
        "provider": "min88",
        "source_id": "6381",
        "name": "四国遍路の駅 オハネフの宿",
        "lodging_type": "guesthouse",
        "lodging_types": "guesthouse",
        "business_status": null,
        "address": "香川県観音寺市大野原町丸井1974-57",
        "phone": "090-6286-0325|受付時間：10時〜16時",
        "website": "https://shikokuhenronoeki.jimdofree.com",
        "room_count": null,
        "check_in": null,
        "check_out": null,
        "price": "素泊り：|　・デュエット（二人用個室）1室：12,000円|　・開放型B寝台1席：5,000円|朝食付：未確認|夕食付：未確認|２食付：未確認",
        "source_url": "https://min88.jp/inn/6381/",
        "coordinate_source": "google_maps_embed_place"
      }
    },
    {
      "type": "Feature",
      "id": "min88-396",
      "geometry": {
        "type": "Point",
        "coordinates": [
          133.7231036,
          34.0710667
        ]
      },
      "properties": {
        "provider": "min88",
        "source_id": "396",
        "name": "民宿青空屋",
        "lodging_type": "guesthouse",
        "lodging_types": "guesthouse",
        "business_status": null,
        "address": "香川県観音寺市粟井町4117-3",
        "phone": "0875-27-7309",
        "website": null,
        "room_count": 5,
        "check_in": "15:00",
        "check_out": "08:00",
        "price": "素泊り：4,400円|朝食付：未確認|夕食付：8,250円|２食付：未確認",
        "source_url": "https://min88.jp/inn/396/",
        "coordinate_source": "google_maps_embed_place"
      }
    },
    {
      "type": "Feature",
      "id": "min88-1156",
      "geometry": {
        "type": "Point",
        "coordinates": [
          133.7142198,
          34.0992785
        ]
      },
      "properties": {
        "provider": "min88",
        "source_id": "1156",
        "name": "お遍路ハウス・大原66-67",
        "lodging_type": "guesthouse",
        "lodging_types": "guesthouse",
        "business_status": "closed_or_suspended",
        "address": "香川県観音寺市新田町418-1",
        "phone": "090-3181-5497",
        "website": "oohara66-67.crayonsite.net",
        "room_count": null,
        "check_in": "16:00",
        "check_out": "09:00",
        "price": "素泊り：3,000円\n朝食付： —\n夕食付： —\n２食付： —",
        "source_url": "https://min88.jp/inn/1156/",
        "coordinate_source": "google_maps_embed_place"
      }
    },
    {
      "type": "Feature",
      "id": "min88-1159",
      "geometry": {
        "type": "Point",
        "coordinates": [
          133.711822,
          34.10861
        ]
      },
      "properties": {
        "provider": "min88",
        "source_id": "1159",
        "name": "民宿四国路",
        "lodging_type": "guesthouse",
        "lodging_types": "guesthouse",
        "business_status": null,
        "address": "香川県観音寺市原町764-1",
        "phone": "0875-27-9444",
        "website": null,
        "room_count": 5,
        "check_in": "14:00",
        "check_out": "09:30",
        "price": "素泊り：4,500円|朝食付：未確認|夕食付：未確認|２食付：7,500円",
        "source_url": "https://min88.jp/inn/1159/",
        "coordinate_source": "google_maps_embed_place"
      }
    },
    {
      "type": "Feature",
      "id": "min88-1164",
      "geometry": {
        "type": "Point",
        "coordinates": [
          133.6901885,
          34.108781
        ]
      },
      "properties": {
        "provider": "min88",
        "source_id": "1164",
        "name": "亀の井ホテル観音寺",
        "lodging_type": "ryokan",
        "lodging_types": "ryokan, hotel",
        "business_status": null,
        "address": "香川県観音寺市池之尻町1101-4",
        "phone": "0875-27-6161",
        "website": "https://kamenoi-hotels.com/kanonji/",
        "room_count": 55,
        "check_in": "15:00",
        "check_out": "10:00",
        "price": "素泊り：２名利用時 6,700円/人～|朝食付：２名利用時 7,910円/人～|夕食付：２名利用時 9,560円/人～|２食付：未確認",
        "source_url": "https://min88.jp/inn/1164/",
        "coordinate_source": "google_maps_embed_place"
      }
    },
    {
      "type": "Feature",
      "id": "min88-6129",
      "geometry": {
        "type": "Point",
        "coordinates": [
          133.6555142,
          34.1355963
        ]
      },
      "properties": {
        "provider": "min88",
        "source_id": "6129",
        "name": "善根宿銭形",
        "lodging_type": "pilgrim_shelter",
        "lodging_types": "pilgrim_shelter",
        "business_status": null,
        "address": "香川県観音寺市植田町346-3",
        "phone": "0875-25-6441",
        "website": null,
        "room_count": 1,
        "check_in": null,
        "check_out": null,
        "price": "素泊り：無料|朝食付：設定なし|夕食付：設定なし|２食付：設定なし",
        "source_url": "https://min88.jp/inn/6129/",
        "coordinate_source": "google_maps_embed_place"
      }
    },
    {
      "type": "Feature",
      "id": "min88-1166",
      "geometry": {
        "type": "Point",
        "coordinates": [
          133.663418,
          34.1248321
        ]
      },
      "properties": {
        "provider": "min88",
        "source_id": "1166",
        "name": "ファミリーロッジ旅籠屋・讃岐観音寺店",
        "lodging_type": "ryokan",
        "lodging_types": "ryokan, hotel",
        "business_status": null,
        "address": "香川県観音寺市坂本町5丁目1-25",
        "phone": "0875-25-1858",
        "website": "https://ssl.hatagoya.co.jp/040_Sanukikanonji/index.shtml",
        "room_count": 14,
        "check_in": "15:00",
        "check_out": "11:00",
        "price": "素泊り：4,400円|朝食付：設定なし|夕食付：設定なし|２食付：設定なし",
        "source_url": "https://min88.jp/inn/1166/",
        "coordinate_source": "google_maps_embed_place"
      }
    },
    {
      "type": "Feature",
      "id": "min88-59601",
      "geometry": {
        "type": "Point",
        "coordinates": [
          133.6607345,
          34.1222089
        ]
      },
      "properties": {
        "provider": "min88",
        "source_id": "59601",
        "name": "HOTEL AZ 香川観音寺店",
        "lodging_type": "hotel",
        "lodging_types": "hotel",
        "business_status": null,
        "address": "香川県観音寺市坂本町5丁目16番25号",
        "phone": "0875-23-3311",
        "website": "https://www.az-hotel.com/kanonji/",
        "room_count": 158,
        "check_in": "15:00-23:00",
        "check_out": "10:00",
        "price": "素泊り：未確認|朝食付：6,380円|夕食付：未確認|２食付：7,590円",
        "source_url": "https://min88.jp/inn/59601/",
        "coordinate_source": "google_maps_embed_place"
      }
    },
    {
      "type": "Feature",
      "id": "min88-14549",
      "geometry": {
        "type": "Point",
        "coordinates": [
          133.6590063,
          34.1223197
        ]
      },
      "properties": {
        "provider": "min88",
        "source_id": "14549",
        "name": "観音寺グランドホテル",
        "lodging_type": "ryokan",
        "lodging_types": "ryokan, hotel",
        "business_status": null,
        "address": "香川県観音寺市坂本町5-18-40",
        "phone": "0875-25-5151",
        "website": "http://www.kanonji-gh.com",
        "room_count": 99,
        "check_in": "15:00",
        "check_out": "10:00",
        "price": "素泊り：4,600円〜|朝食付：5,590円〜|夕食付：未確認|２食付：7,950円〜",
        "source_url": "https://min88.jp/inn/14549/",
        "coordinate_source": "google_maps_embed_place"
      }
    },
    {
      "type": "Feature",
      "id": "min88-1169",
      "geometry": {
        "type": "Point",
        "coordinates": [
          133.654615,
          34.1255961
        ]
      },
      "properties": {
        "provider": "min88",
        "source_id": "1169",
        "name": "ホテルサニーイン",
        "lodging_type": "hotel",
        "lodging_types": "hotel",
        "business_status": null,
        "address": "香川県観音寺市観音寺町甲1235",
        "phone": "0875-23-3210",
        "website": "http://www.sunny-inn.com",
        "room_count": 63,
        "check_in": "16:00",
        "check_out": "10:00",
        "price": "素泊り：6,000円|朝食付：6,800円|夕食付：未確認|２食付：9,800円",
        "source_url": "https://min88.jp/inn/1169/",
        "coordinate_source": "google_maps_embed_place"
      }
    },
    {
      "type": "Feature",
      "id": "min88-1171",
      "geometry": {
        "type": "Point",
        "coordinates": [
          133.65399,
          34.124022
        ]
      },
      "properties": {
        "provider": "min88",
        "source_id": "1171",
        "name": "白梅旅館 別館",
        "lodging_type": "ryokan",
        "lodging_types": "ryokan, hotel",
        "business_status": null,
        "address": "香川県観音寺市栄町1丁目4-16",
        "phone": "0875-25-9891",
        "website": null,
        "room_count": null,
        "check_in": "16:00",
        "check_out": "10:00",
        "price": "素泊り：4,200円|朝食付：未確認|夕食付：未確認|２食付：6,300円",
        "source_url": "https://min88.jp/inn/1171/",
        "coordinate_source": "google_maps_embed_place"
      }
    },
    {
      "type": "Feature",
      "id": "min88-1174",
      "geometry": {
        "type": "Point",
        "coordinates": [
          133.6529685,
          34.1300136
        ]
      },
      "properties": {
        "provider": "min88",
        "source_id": "1174",
        "name": "晩翠（ばんすい）",
        "lodging_type": "ryokan",
        "lodging_types": "ryokan, hotel",
        "business_status": null,
        "address": "香川県観音寺市観音寺町3099-1",
        "phone": "0875-25-2158",
        "website": "http://www.bansui.net",
        "room_count": null,
        "check_in": "16:00",
        "check_out": "10:00",
        "price": "お遍路さん優待プラン（バストイレなし）|素泊り：4,400円|朝食付：5,170円|夕食付：5,830円|２食付：6,600円|※バストイレ付きは＋1,100円",
        "source_url": "https://min88.jp/inn/1174/",
        "coordinate_source": "google_maps_embed_place"
      }
    },
    {
      "type": "Feature",
      "id": "min88-6391",
      "geometry": {
        "type": "Point",
        "coordinates": [
          133.652829,
          34.130957
        ]
      },
      "properties": {
        "provider": "min88",
        "source_id": "6391",
        "name": "若松家 本館",
        "lodging_type": "ryokan",
        "lodging_types": "ryokan, hotel",
        "business_status": null,
        "address": "香川県観音寺市観音寺町甲3331-1",
        "phone": "0875-25-4501",
        "website": "http://www.wakamatsuya-hotel.com",
        "room_count": 14,
        "check_in": "15:30",
        "check_out": "10:00",
        "price": "素泊り：7,920円|朝食付：未確認|夕食付：未確認|２食付：未確認",
        "source_url": "https://min88.jp/inn/6391/",
        "coordinate_source": "google_maps_embed_place"
      }
    },
    {
      "type": "Feature",
      "id": "min88-398",
      "geometry": {
        "type": "Point",
        "coordinates": [
          133.650865,
          34.129074
        ]
      },
      "properties": {
        "provider": "min88",
        "source_id": "398",
        "name": "若松家 別館",
        "lodging_type": "ryokan",
        "lodging_types": "ryokan, hotel",
        "business_status": null,
        "address": "香川県観音寺市観音寺町3049-6",
        "phone": "0875-25-3277",
        "website": "http://www.wakamatsuya-bek.sakura.ne.jp",
        "room_count": 10,
        "check_in": "15:00",
        "check_out": "08:00",
        "price": "素泊り：4,100円|朝食付：未確認|夕食付：未確認|２食付：6,500円",
        "source_url": "https://min88.jp/inn/398/",
        "coordinate_source": "google_maps_embed_place"
      }
    },
    {
      "type": "Feature",
      "id": "min88-1178",
      "geometry": {
        "type": "Point",
        "coordinates": [
          133.651254,
          34.129285
        ]
      },
      "properties": {
        "provider": "min88",
        "source_id": "1178",
        "name": "藤川旅館",
        "lodging_type": "ryokan",
        "lodging_types": "ryokan, hotel",
        "business_status": null,
        "address": "香川県観音寺市観音寺町甲3082-11",
        "phone": "0875-25-3548",
        "website": "http://ww8.tiki.ne.jp/~fujikawa/",
        "room_count": null,
        "check_in": "16:00",
        "check_out": "09:00",
        "price": "素泊り：3,500円|朝食付：4,000円|夕食付：4,500円|２食付：5,000円",
        "source_url": "https://min88.jp/inn/1178/",
        "coordinate_source": "google_maps_embed_place"
      }
    },
    {
      "type": "Feature",
      "id": "min88-1180",
      "geometry": {
        "type": "Point",
        "coordinates": [
          133.642593,
          34.131837
        ]
      },
      "properties": {
        "provider": "min88",
        "source_id": "1180",
        "name": "Tabist 琴弾荘",
        "lodging_type": "ryokan",
        "lodging_types": "ryokan, hotel",
        "business_status": null,
        "address": "香川県観音寺市有明町10-22",
        "phone": "0875-23-6579",
        "website": "https://a.r10.to/h5g4uR",
        "room_count": 16,
        "check_in": "15:00-27:00",
        "check_out": "10:00",
        "price": "素泊り：4,410円〜|朝食付：5,400円〜|夕食付：6,605円〜|２食付：7,105円〜",
        "source_url": "https://min88.jp/inn/1180/",
        "coordinate_source": "google_maps_embed_place"
      }
    },
    {
      "type": "Feature",
      "id": "min88-502",
      "geometry": {
        "type": "Point",
        "coordinates": [
          133.6433906,
          34.1457962
        ]
      },
      "properties": {
        "provider": "min88",
        "source_id": "502",
        "name": "観音寺ファミリーキャンプ場",
        "lodging_type": "campground",
        "lodging_types": "campground",
        "business_status": null,
        "address": "香川県観音寺市室本町1312-2",
        "phone": "0875-23-3941",
        "website": "http://kanonji-kankou.jp/play/03/002.html",
        "room_count": null,
        "check_in": null,
        "check_out": null,
        "price": "素泊り：1張り 1,560円（24時間以内）|朝食付：設定なし|夕食付：設定なし|２食付：設定なし",
        "source_url": "https://min88.jp/inn/502/",
        "coordinate_source": "google_maps_embed_place"
      }
    },
    {
      "type": "Feature",
      "id": "min88-1183",
      "geometry": {
        "type": "Point",
        "coordinates": [
          133.6555142,
          34.1355963
        ]
      },
      "properties": {
        "provider": "min88",
        "source_id": "1183",
        "name": "民宿・民泊銭形 HOTEL ZENIGATA",
        "lodging_type": "guesthouse",
        "lodging_types": "guesthouse",
        "business_status": null,
        "address": "香川県観音寺市八幡町3丁目10-62",
        "phone": "080-3167-7311",
        "website": null,
        "room_count": 1,
        "check_in": "15:00",
        "check_out": null,
        "price": "素泊り：3,000円|朝食付：設定なし|夕食付：設定なし|２食付：設定なし",
        "source_url": "https://min88.jp/inn/1183/",
        "coordinate_source": "google_maps_embed_place"
      }
    },
    {
      "type": "Feature",
      "id": "min88-21715",
      "geometry": {
        "type": "Point",
        "coordinates": [
          133.6800739,
          34.1431746
        ]
      },
      "properties": {
        "provider": "min88",
        "source_id": "21715",
        "name": "古民家ゲストハウス 瀬戸内ベース",
        "lodging_type": "guesthouse",
        "lodging_types": "guesthouse",
        "business_status": null,
        "address": "香川県三豊市豊中町岡本2328",
        "phone": "090-4501-1909",
        "website": "https://setobase.fc2.page/",
        "room_count": 3,
        "check_in": "16:00",
        "check_out": "06:00-10:00",
        "price": "素泊り：4,000円〜|朝食付：設定なし|夕食付：設定なし|２食付：設定なし",
        "source_url": "https://min88.jp/inn/21715/",
        "coordinate_source": "google_maps_embed_place"
      }
    },
    {
      "type": "Feature",
      "id": "min88-6277",
      "geometry": {
        "type": "Point",
        "coordinates": [
          133.6946552,
          34.1355703
        ]
      },
      "properties": {
        "provider": "min88",
        "source_id": "6277",
        "name": "Tabist 本大ビジネスホテル観音寺",
        "lodging_type": "hotel",
        "lodging_types": "hotel",
        "business_status": null,
        "address": "香川県観音寺市本大町1677-2",
        "phone": "0875-24-1384",
        "website": "https://tabist.co.jp/h/B37HKNJ",
        "room_count": 28,
        "check_in": "16:00",
        "check_out": "10:00",
        "price": "素泊り：4,300円〜|朝食付：設定なし|夕食付：設定なし|２食付：設定なし",
        "source_url": "https://min88.jp/inn/6277/",
        "coordinate_source": "google_maps_embed_place"
      }
    },
    {
      "type": "Feature",
      "id": "min88-1185",
      "geometry": {
        "type": "Point",
        "coordinates": [
          133.6945801,
          34.1394806
        ]
      },
      "properties": {
        "provider": "min88",
        "source_id": "1185",
        "name": "一富士旅館",
        "lodging_type": "ryokan",
        "lodging_types": "ryokan, hotel",
        "business_status": null,
        "address": "香川県三豊市豊中町本山1766-2",
        "phone": "0875-62-2036",
        "website": null,
        "room_count": 6,
        "check_in": "15:00",
        "check_out": null,
        "price": "素泊り：4,500円|朝食付：未確認|夕食付：未確認|２食付：6,500円",
        "source_url": "https://min88.jp/inn/1185/",
        "coordinate_source": "google_maps_embed_place"
      }
    },
    {
      "type": "Feature",
      "id": "min88-1193",
      "geometry": {
        "type": "Point",
        "coordinates": [
          133.6874787,
          34.1457586
        ]
      },
      "properties": {
        "provider": "min88",
        "source_id": "1193",
        "name": "ウドンハウス",
        "lodging_type": "guesthouse",
        "lodging_types": "guesthouse",
        "business_status": null,
        "address": "香川県三豊市豊中町岡本1651-3",
        "phone": "0875-89-1362",
        "website": "https://udonhouse.jp",
        "room_count": 3,
        "check_in": null,
        "check_out": null,
        "price": "素泊り：未確認|朝食付：未確認|夕食付：未確認|２食付：未確認",
        "source_url": "https://min88.jp/inn/1193/",
        "coordinate_source": "google_maps_embed_place"
      }
    },
    {
      "type": "Feature",
      "id": "min88-1189",
      "geometry": {
        "type": "Point",
        "coordinates": [
          133.7062316,
          34.1529604
        ]
      },
      "properties": {
        "provider": "min88",
        "source_id": "1189",
        "name": "ゲストハウス檜の家・花鳥苑",
        "lodging_type": "guesthouse",
        "lodging_types": "guesthouse",
        "business_status": null,
        "address": "香川県三豊市豊中町笠田笠岡1764-1",
        "phone": "090-8285-7040",
        "website": "https://www.kachoen.jp",
        "room_count": 1,
        "check_in": "17:00",
        "check_out": "10:00",
        "price": "素泊り：7,840円|朝食付：設定なし|夕食付：設定なし|２食付：設定なし",
        "source_url": "https://min88.jp/inn/1189/",
        "coordinate_source": "google_maps_embed_place"
      }
    },
    {
      "type": "Feature",
      "id": "min88-1199",
      "geometry": {
        "type": "Point",
        "coordinates": [
          133.713711,
          34.186877
        ]
      },
      "properties": {
        "provider": "min88",
        "source_id": "1199",
        "name": "千歳旅館",
        "lodging_type": "ryokan",
        "lodging_types": "ryokan, hotel",
        "business_status": null,
        "address": "香川県三豊市高瀬町新名1174-3",
        "phone": "0875-72-5072",
        "website": null,
        "room_count": 6,
        "check_in": "15:00",
        "check_out": "09:30",
        "price": "素泊り：4,700円|朝食付：未確認|夕食付：未確認|２食付：8,200円",
        "source_url": "https://min88.jp/inn/1199/",
        "coordinate_source": "google_maps_embed_place"
      }
    },
    {
      "type": "Feature",
      "id": "min88-1202",
      "geometry": {
        "type": "Point",
        "coordinates": [
          133.7185714,
          34.207949
        ]
      },
      "properties": {
        "provider": "min88",
        "source_id": "1202",
        "name": "BED N CHILL Shippoya 七宝屋",
        "lodging_type": "guesthouse",
        "lodging_types": "guesthouse",
        "business_status": null,
        "address": "香川県三豊市三野町大見甲436-1",
        "phone": "090-4970-1654|0875-82-9436",
        "website": "https://www.bncshippoya.com",
        "room_count": 10,
        "check_in": "17:00",
        "check_out": "10:00",
        "price": "素泊り：|　・ドミトリー：3,500円|　・個室素泊り：7,000円〜|　※BBQセット：950円／人|朝食付：設定なし|夕食付：設定なし|２食付：設定なし",
        "source_url": "https://min88.jp/inn/1202/",
        "coordinate_source": "google_maps_embed_place"
      }
    },
    {
      "type": "Feature",
      "id": "min88-1204",
      "geometry": {
        "type": "Point",
        "coordinates": [
          133.7226771,
          34.2263222
        ]
      },
      "properties": {
        "provider": "min88",
        "source_id": "1204",
        "name": "いやだに温泉大師の湯 ふれあいパークみの",
        "lodging_type": "ryokan",
        "lodging_types": "ryokan, hotel",
        "business_status": null,
        "address": "香川県三豊市三野町大見乙74",
        "phone": "0875-72-2601",
        "website": "https://www.park-mino.info/",
        "room_count": 17,
        "check_in": "15:00",
        "check_out": "10:00",
        "price": "素泊り：6,000円|朝食付：7,200円|夕食付：未確認|２食付：9,700円〜",
        "source_url": "https://min88.jp/inn/1204/",
        "coordinate_source": "google_maps_embed_place"
      }
    },
    {
      "type": "Feature",
      "id": "min88-198",
      "geometry": {
        "type": "Point",
        "coordinates": [
          133.7544178,
          34.2395662
        ]
      },
      "properties": {
        "provider": "min88",
        "source_id": "198",
        "name": "遍路民宿鶴吉",
        "lodging_type": "guesthouse",
        "lodging_types": "guesthouse",
        "business_status": null,
        "address": "香川県善通寺市弘田町999-1",
        "phone": "080-2514-4854|受付時間 8:00～20:00",
        "website": "https://tsurukichi-henroyado.jimdofree.com",
        "room_count": 5,
        "check_in": "16:00-20:00",
        "check_out": "07:00-09:00",
        "price": "素泊り：5,000円|朝食付：5,700円|夕食付：8,000円|２食付：8,800円",
        "source_url": "https://min88.jp/inn/198/",
        "coordinate_source": "google_maps_embed_place"
      }
    },
    {
      "type": "Feature",
      "id": "min88-631",
      "geometry": {
        "type": "Point",
        "coordinates": [
          133.7748631,
          34.2246956
        ]
      },
      "properties": {
        "provider": "min88",
        "source_id": "631",
        "name": "善通寺（宿坊）いろは会館",
        "lodging_type": "temple_lodging",
        "lodging_types": "temple_lodging",
        "business_status": null,
        "address": "香川県善通寺市善通寺町3丁目3-1",
        "phone": "0877-62-0111",
        "website": "https://www.zentsuji.com/shukubou/",
        "room_count": 50,
        "check_in": "15:00",
        "check_out": "09:00",
        "price": "素泊り：5,000円|朝食付：6,000円|夕食付：7,000円|２食付：8,000円",
        "source_url": "https://min88.jp/inn/631/",
        "coordinate_source": "google_maps_embed_place"
      }
    },
    {
      "type": "Feature",
      "id": "min88-13724",
      "geometry": {
        "type": "Point",
        "coordinates": [
          133.7786762,
          34.2308587
        ]
      },
      "properties": {
        "provider": "min88",
        "source_id": "13724",
        "name": "善通寺グランドホテル",
        "lodging_type": "ryokan",
        "lodging_types": "ryokan, hotel",
        "business_status": null,
        "address": "香川県善通寺市上吉田町8-8-5",
        "phone": "0877-63-2111",
        "website": "https://zentsuji.sakaide-grandhotel.jp",
        "room_count": 43,
        "check_in": "15:00",
        "check_out": "11:00",
        "price": "素泊り：4,000円〜|朝食付：5,500円〜|夕食付：未確認|２食付：7,000円〜",
        "source_url": "https://min88.jp/inn/13724/",
        "coordinate_source": "google_maps_embed_place"
      }
    },
    {
      "type": "Feature",
      "id": "min88-13728",
      "geometry": {
        "type": "Point",
        "coordinates": [
          133.7854355,
          34.2286474
        ]
      },
      "properties": {
        "provider": "min88",
        "source_id": "13728",
        "name": "善通寺ステーションホテル SAKURAYA",
        "lodging_type": "hotel",
        "lodging_types": "hotel",
        "business_status": null,
        "address": "香川県善通寺市上吉田町2-1-2",
        "phone": "0877-62-6222",
        "website": "http://0877-62-6222.com",
        "room_count": 17,
        "check_in": "16:00",
        "check_out": "10:00",
        "price": "素泊り：5,500円|朝食付：設定なし|夕食付：設定なし|２食付：設定なし",
        "source_url": "https://min88.jp/inn/13728/",
        "coordinate_source": "google_maps_embed_place"
      }
    },
    {
      "type": "Feature",
      "id": "min88-409",
      "geometry": {
        "type": "Point",
        "coordinates": [
          133.7898266,
          34.2357182
        ]
      },
      "properties": {
        "provider": "min88",
        "source_id": "409",
        "name": "風のくぐる",
        "lodging_type": "guesthouse",
        "lodging_types": "guesthouse",
        "business_status": null,
        "address": "香川県善通寺市上吉田町306-1",
        "phone": "0877-63-6110",
        "website": "http://kuguru.net/index.html",
        "room_count": 4,
        "check_in": "16:00-22:00",
        "check_out": "10:00",
        "price": "素泊り：|　・個室4,500円〜5,000円／1名利用|　・ドミトリー4,000円|朝食付：設定なし|夕食付：設定なし|２食付：設定なし",
        "source_url": "https://min88.jp/inn/409/",
        "coordinate_source": "google_maps_embed_place"
      }
    },
    {
      "type": "Feature",
      "id": "min88-1206",
      "geometry": {
        "type": "Point",
        "coordinates": [
          133.7777802,
          34.2481714
        ]
      },
      "properties": {
        "provider": "min88",
        "source_id": "1206",
        "name": "ゲストハウス・ミカサスカサ",
        "lodging_type": "guesthouse",
        "lodging_types": "guesthouse",
        "business_status": null,
        "address": "香川県善通寺市金蔵寺町1230-1",
        "phone": "080-3926-1353",
        "website": "https://www.micasasucasa.jp",
        "room_count": 11,
        "check_in": "16:00",
        "check_out": "10:00",
        "price": "素泊り：4,000円|朝食付：設定なし|夕食付：設定なし|２食付：設定なし",
        "source_url": "https://min88.jp/inn/1206/",
        "coordinate_source": "google_maps_embed_place"
      }
    },
    {
      "type": "Feature",
      "id": "min88-1209",
      "geometry": {
        "type": "Point",
        "coordinates": [
          133.755882,
          34.2711885
        ]
      },
      "properties": {
        "provider": "min88",
        "source_id": "1209",
        "name": "ホテルトヨタ",
        "lodging_type": "hotel",
        "lodging_types": "hotel",
        "business_status": null,
        "address": "香川県仲多度郡多度津町栄町3丁目2番10号",
        "phone": "0877-33-0088",
        "website": null,
        "room_count": 9,
        "check_in": "15:00",
        "check_out": "10:00",
        "price": "素泊り：5,600円|朝食付：設定なし|夕食付：設定なし|２食付：設定なし",
        "source_url": "https://min88.jp/inn/1209/",
        "coordinate_source": "google_maps_embed_place"
      }
    },
    {
      "type": "Feature",
      "id": "min88-1215",
      "geometry": {
        "type": "Point",
        "coordinates": [
          133.7948956,
          34.2894824
        ]
      },
      "properties": {
        "provider": "min88",
        "source_id": "1215",
        "name": "丸亀プラザホテル",
        "lodging_type": "hotel",
        "lodging_types": "hotel",
        "business_status": null,
        "address": "香川県丸亀市塩飽町50‐3",
        "phone": "0877-23-1391",
        "website": "https://www.m-plaza-h.com",
        "room_count": 67,
        "check_in": "15:00",
        "check_out": "10:00",
        "price": "素泊り：設定なし|朝食付：5,300円|夕食付：設定なし|２食付：設定なし",
        "source_url": "https://min88.jp/inn/1215/",
        "coordinate_source": "google_maps_embed_place"
      }
    },
    {
      "type": "Feature",
      "id": "min88-1213",
      "geometry": {
        "type": "Point",
        "coordinates": [
          133.794956,
          34.2881501
        ]
      },
      "properties": {
        "provider": "min88",
        "source_id": "1213",
        "name": "アパホテル丸亀駅前大通",
        "lodging_type": "hotel",
        "lodging_types": "hotel",
        "business_status": null,
        "address": "香川県丸亀市大手町3丁目6-1",
        "phone": "0877-21-0111",
        "website": "https://www.apahotel.com/hotel/shikoku/marugame-ekimaeodori/",
        "room_count": 172,
        "check_in": "15:00",
        "check_out": "11:00",
        "price": "素泊り：4,100円〜|朝食付：設定なし|夕食付：設定なし|２食付：設定なし",
        "source_url": "https://min88.jp/inn/1213/",
        "coordinate_source": "google_maps_embed_place"
      }
    },
    {
      "type": "Feature",
      "id": "min88-1217",
      "geometry": {
        "type": "Point",
        "coordinates": [
          133.7960032,
          34.291327
        ]
      },
      "properties": {
        "provider": "min88",
        "source_id": "1217",
        "name": "スーパーホテル丸亀駅前",
        "lodging_type": "hotel",
        "lodging_types": "hotel",
        "business_status": null,
        "address": "香川県丸亀市通町142-1",
        "phone": "0877-83-9000",
        "website": "https://www.superhotel.co.jp/s_hotels/marugame/",
        "room_count": 108,
        "check_in": "15:00",
        "check_out": "10:00",
        "price": "素泊り：設定なし|朝食付：6,180円|夕食付：設定なし|２食付：設定なし",
        "source_url": "https://min88.jp/inn/1217/",
        "coordinate_source": "google_maps_embed_place"
      }
    },
    {
      "type": "Feature",
      "id": "min88-1219",
      "geometry": {
        "type": "Point",
        "coordinates": [
          133.7945516,
          34.2919806
        ]
      },
      "properties": {
        "provider": "min88",
        "source_id": "1219",
        "name": "ホテルアルファーワン丸亀",
        "lodging_type": "hotel",
        "lodging_types": "hotel",
        "business_status": null,
        "address": "香川県丸亀市浜町10-1",
        "phone": "0877-24-4422",
        "website": "http://www.alpha-1.co.jp/marugame/",
        "room_count": 115,
        "check_in": "15:00",
        "check_out": "10:00",
        "price": "素泊り：設定なし|朝食付：3,960円〜|夕食付：設定なし|２食付：設定なし",
        "source_url": "https://min88.jp/inn/1219/",
        "coordinate_source": "google_maps_embed_place"
      }
    },
    {
      "type": "Feature",
      "id": "min88-1221",
      "geometry": {
        "type": "Point",
        "coordinates": [
          133.7944809,
          34.2923864
        ]
      },
      "properties": {
        "provider": "min88",
        "source_id": "1221",
        "name": "丸亀ゲストハウス・ウェルかめ",
        "lodging_type": "guesthouse",
        "lodging_types": "guesthouse",
        "business_status": null,
        "address": "香川県丸亀市浜町115-13",
        "phone": "080-1997-3983",
        "website": "https://welkame.webnode.jp",
        "room_count": 4,
        "check_in": "17:00",
        "check_out": "10:00",
        "price": "素泊り：|　・男性専用ドミトリー：2,600円|　・女性専用ドミトリー：2,600円|　・2名用個室：3,200円/人|朝食付：設定なし|夕食付：設定なし|２食付：設定なし",
        "source_url": "https://min88.jp/inn/1221/",
        "coordinate_source": "google_maps_embed_place"
      }
    },
    {
      "type": "Feature",
      "id": "min88-1302",
      "geometry": {
        "type": "Point",
        "coordinates": [
          133.7948111,
          34.2938414
        ]
      },
      "properties": {
        "provider": "min88",
        "source_id": "1302",
        "name": "獅々友旅館（ししとも）",
        "lodging_type": "ryokan",
        "lodging_types": "ryokan, hotel",
        "business_status": "closed_or_suspended",
        "address": "香川県丸亀市西平山町145",
        "phone": "0877-22-5757",
        "website": "—",
        "room_count": 6,
        "check_in": null,
        "check_out": null,
        "price": "素泊り：3,800円\n朝食付：4,300円\n夕食付： —\n２食付：6,000円",
        "source_url": "https://min88.jp/inn/1302/",
        "coordinate_source": "google_maps_embed_place"
      }
    },
    {
      "type": "Feature",
      "id": "min88-1226",
      "geometry": {
        "type": "Point",
        "coordinates": [
          133.8140717,
          34.305717
        ]
      },
      "properties": {
        "provider": "min88",
        "source_id": "1226",
        "name": "ホテルアネシス瀬戸大橋",
        "lodging_type": "hotel",
        "lodging_types": "hotel",
        "business_status": null,
        "address": "香川県綾歌郡宇多津町浜六番丁81-1",
        "phone": "0877-49-2311",
        "website": "http://www.anesis-seto.com",
        "room_count": 118,
        "check_in": "15:00",
        "check_out": "10:00",
        "price": "素泊り：設定なし|朝食付：4,290円|夕食付：設定なし|２食付：設定なし",
        "source_url": "https://min88.jp/inn/1226/",
        "coordinate_source": "google_maps_embed_place"
      }
    },
    {
      "type": "Feature",
      "id": "min88-1228",
      "geometry": {
        "type": "Point",
        "coordinates": [
          133.826676,
          34.3082854
        ]
      },
      "properties": {
        "provider": "min88",
        "source_id": "1228",
        "name": "古街の家",
        "lodging_type": "ryokan",
        "lodging_types": "ryokan, hotel",
        "business_status": null,
        "address": "香川県綾歌郡宇多津町2126-1",
        "phone": "0877-85-6941",
        "website": "https://www.co-machi-no-ie.jp",
        "room_count": 2,
        "check_in": "15:00",
        "check_out": "11:00",
        "price": "素泊り：未確認|朝食付：未確認|夕食付：未確認|２食付：未確認",
        "source_url": "https://min88.jp/inn/1228/",
        "coordinate_source": "google_maps_embed_place"
      }
    },
    {
      "type": "Feature",
      "id": "min88-1437",
      "geometry": {
        "type": "Point",
        "coordinates": [
          133.8271383,
          34.3084393
        ]
      },
      "properties": {
        "provider": "min88",
        "source_id": "1437",
        "name": "善根宿うたんぐら",
        "lodging_type": "pilgrim_shelter",
        "lodging_types": "pilgrim_shelter",
        "business_status": "closed_or_suspended",
        "address": "香川県綾歌郡宇多津町2201",
        "phone": null,
        "website": "—",
        "room_count": null,
        "check_in": null,
        "check_out": null,
        "price": "素泊り：1,000円\n朝食付： —\n夕食付： —\n２食付： —",
        "source_url": "https://min88.jp/inn/1437/",
        "coordinate_source": "google_maps_embed_place"
      }
    },
    {
      "type": "Feature",
      "id": "min88-1230",
      "geometry": {
        "type": "Point",
        "coordinates": [
          133.8314609,
          34.3127453
        ]
      },
      "properties": {
        "provider": "min88",
        "source_id": "1230",
        "name": "HOTEL AZ・香川宇多津店",
        "lodging_type": "hotel",
        "lodging_types": "hotel",
        "business_status": null,
        "address": "香川県綾歌郡宇多津町新開2419-5",
        "phone": "0877-49-0501",
        "website": "https://www.az-hotel.com/utazu/",
        "room_count": 158,
        "check_in": "15:00",
        "check_out": "10:00",
        "price": "素泊り：設定なし|朝食付：5,280円|夕食付：設定なし|２食付：設定なし",
        "source_url": "https://min88.jp/inn/1230/",
        "coordinate_source": "google_maps_embed_place"
      }
    },
    {
      "type": "Feature",
      "id": "min88-1234",
      "geometry": {
        "type": "Point",
        "coordinates": [
          133.8515747,
          34.317233
        ]
      },
      "properties": {
        "provider": "min88",
        "source_id": "1234",
        "name": "旅館みき",
        "lodging_type": "ryokan",
        "lodging_types": "ryokan, hotel",
        "business_status": null,
        "address": "香川県坂出市本町3丁目3-25",
        "phone": "0877-46-5441",
        "website": null,
        "room_count": 9,
        "check_in": "16:00",
        "check_out": "09:00",
        "price": "素泊り：4,400円|朝食付：5,000円|夕食付：6,000円|２食付：6,600円",
        "source_url": "https://min88.jp/inn/1234/",
        "coordinate_source": "google_maps_embed_place"
      }
    },
    {
      "type": "Feature",
      "id": "min88-1236",
      "geometry": {
        "type": "Point",
        "coordinates": [
          133.853974,
          34.317477
        ]
      },
      "properties": {
        "provider": "min88",
        "source_id": "1236",
        "name": "ビジネスホテル三中井",
        "lodging_type": "hotel",
        "lodging_types": "hotel",
        "business_status": "closed_or_suspended",
        "address": "香川県坂出市元町3丁目3-1",
        "phone": "0877-45-2209",
        "website": "—",
        "room_count": 8,
        "check_in": "16:00",
        "check_out": "10:00",
        "price": "◯和室\n素泊り：4,100円\n朝食付：4,900円\n夕食付： —\n２食付：6,100円\n◯シングル\n素泊り：4,600円\n朝食付：5,400円\n夕食付： —\n２食付：6,600円",
        "source_url": "https://min88.jp/inn/1236/",
        "coordinate_source": "google_maps_embed_place"
      }
    },
    {
      "type": "Feature",
      "id": "min88-1232",
      "geometry": {
        "type": "Point",
        "coordinates": [
          133.853844,
          34.314831
        ]
      },
      "properties": {
        "provider": "min88",
        "source_id": "1232",
        "name": "旅館川久米",
        "lodging_type": "ryokan",
        "lodging_types": "ryokan, hotel",
        "business_status": null,
        "address": "香川県坂出市元町1丁目7-12",
        "phone": "0877-46-2119",
        "website": null,
        "room_count": 8,
        "check_in": "16:00",
        "check_out": "10:00",
        "price": "素泊り：4,800円|朝食付：未確認|夕食付：未確認|２食付：未確認",
        "source_url": "https://min88.jp/inn/1232/",
        "coordinate_source": "google_maps_embed_place"
      }
    },
    {
      "type": "Feature",
      "id": "min88-6404",
      "geometry": {
        "type": "Point",
        "coordinates": [
          133.9001837,
          34.3053372
        ]
      },
      "properties": {
        "provider": "min88",
        "source_id": "6404",
        "name": "城山温泉",
        "lodging_type": "ryokan",
        "lodging_types": "ryokan, hotel",
        "business_status": null,
        "address": "香川県坂出市府中町5913-3",
        "phone": "0877-48-0211",
        "website": "https://kiyamaonsen.co.jp",
        "room_count": 9,
        "check_in": "16:00",
        "check_out": "10:00",
        "price": "素泊り：4,500円〜|朝食付：5,700円〜|夕食付：未確認|２食付：8,460円〜",
        "source_url": "https://min88.jp/inn/6404/",
        "coordinate_source": "google_maps_embed_place"
      }
    },
    {
      "type": "Feature",
      "id": "min88-1238",
      "geometry": {
        "type": "Point",
        "coordinates": [
          133.9456452,
          34.2981165
        ]
      },
      "properties": {
        "provider": "min88",
        "source_id": "1238",
        "name": "Tabist ホテル・ジェンティール 高松香川",
        "lodging_type": "ryokan",
        "lodging_types": "ryokan, hotel",
        "business_status": null,
        "address": "香川県高松市国分寺町国分740-1",
        "phone": "087-874-3003",
        "website": "https://www.pearl-hotel.net/hotel-genteel/",
        "room_count": 21,
        "check_in": "18:00",
        "check_out": "12:00",
        "price": "素泊り：シングル4,200円|朝食付：設定なし|夕食付：設定なし|２食付：設定なし",
        "source_url": "https://min88.jp/inn/1238/",
        "coordinate_source": "google_maps_embed_place"
      }
    },
    {
      "type": "Feature",
      "id": "min88-1244",
      "geometry": {
        "type": "Point",
        "coordinates": [
          133.9534,
          34.302719
        ]
      },
      "properties": {
        "provider": "min88",
        "source_id": "1244",
        "name": "せと国民旅館",
        "lodging_type": "ryokan",
        "lodging_types": "ryokan, hotel",
        "business_status": null,
        "address": "香川県高松市国分寺町国分356",
        "phone": "087-874-0353",
        "website": null,
        "room_count": null,
        "check_in": null,
        "check_out": null,
        "price": "素泊り：未確認|朝食付：未確認|夕食付：未確認|２食付：6,900円",
        "source_url": "https://min88.jp/inn/1244/",
        "coordinate_source": "google_maps_embed_place"
      }
    },
    {
      "type": "Feature",
      "id": "min88-1240",
      "geometry": {
        "type": "Point",
        "coordinates": [
          133.9449268,
          34.3019274
        ]
      },
      "properties": {
        "provider": "min88",
        "source_id": "1240",
        "name": "旅館えびすや",
        "lodging_type": "ryokan",
        "lodging_types": "ryokan, hotel",
        "business_status": null,
        "address": "香川県高松市国分寺町国分2066-1",
        "phone": "087-874-0567",
        "website": null,
        "room_count": 7,
        "check_in": "15:00-17:00",
        "check_out": "08:00",
        "price": "素泊り：未確認|朝食付：未確認|夕食付：未確認|２食付：7,500円",
        "source_url": "https://min88.jp/inn/1240/",
        "coordinate_source": "google_maps_embed_place"
      }
    },
    {
      "type": "Feature",
      "id": "min88-1242",
      "geometry": {
        "type": "Point",
        "coordinates": [
          133.9522386,
          34.3021733
        ]
      },
      "properties": {
        "provider": "min88",
        "source_id": "1242",
        "name": "旅館あずさ",
        "lodging_type": "ryokan",
        "lodging_types": "ryokan, hotel",
        "business_status": null,
        "address": "香川県高松市国分寺町国分348-3",
        "phone": "087-874-0273",
        "website": null,
        "room_count": null,
        "check_in": null,
        "check_out": null,
        "price": "素泊り：未確認|朝食付：未確認|夕食付：未確認|２食付：未確認",
        "source_url": "https://min88.jp/inn/1242/",
        "coordinate_source": "google_maps_embed_place"
      }
    },
    {
      "type": "Feature",
      "id": "min88-1246",
      "geometry": {
        "type": "Point",
        "coordinates": [
          133.9230794,
          34.3317076
        ]
      },
      "properties": {
        "provider": "min88",
        "source_id": "1246",
        "name": "ニューサンピア坂出",
        "lodging_type": "ryokan",
        "lodging_types": "ryokan, hotel",
        "business_status": "closed_or_suspended",
        "address": "香川県坂出市高屋町2048-91",
        "phone": "0877-47-0531",
        "website": "skd.ns-hotels.jp",
        "room_count": 41,
        "check_in": "15:00",
        "check_out": "10:00",
        "price": "素泊り： —\n朝食付： —\n夕食付： —\n２食付： —",
        "source_url": "https://min88.jp/inn/1246/",
        "coordinate_source": "google_maps_embed_place"
      }
    },
    {
      "type": "Feature",
      "id": "min88-1248",
      "geometry": {
        "type": "Point",
        "coordinates": [
          133.9552728,
          34.3426972
        ]
      },
      "properties": {
        "provider": "min88",
        "source_id": "1248",
        "name": "喝破道場（かっぱ道場）悠遊",
        "lodging_type": "temple_lodging",
        "lodging_types": "temple_lodging",
        "business_status": null,
        "address": "香川県高松市中山町1501-9",
        "phone": "087-882-4022",
        "website": "https://www.kappa.or.jp/遍路宿/",
        "room_count": 4,
        "check_in": "14:00-16:00",
        "check_out": "09:00",
        "price": "素泊り：設定なし|朝食付：設定なし|夕食付：設定なし|２食付：6,000円",
        "source_url": "https://min88.jp/inn/1248/",
        "coordinate_source": "google_maps_embed_place"
      }
    },
    {
      "type": "Feature",
      "id": "min88-1252",
      "geometry": {
        "type": "Point",
        "coordinates": [
          133.9946734,
          34.3262697
        ]
      },
      "properties": {
        "provider": "min88",
        "source_id": "1252",
        "name": "百百家旅館",
        "lodging_type": "ryokan",
        "lodging_types": "ryokan, hotel",
        "business_status": null,
        "address": "香川県高松市鬼無町54-1",
        "phone": "087-882-0874",
        "website": null,
        "room_count": null,
        "check_in": null,
        "check_out": null,
        "price": "素泊り：3,500円〜|朝食付：未確認|夕食付：未確認|２食付：6,000円〜",
        "source_url": "https://min88.jp/inn/1252/",
        "coordinate_source": "google_maps_embed_place"
      }
    },
    {
      "type": "Feature",
      "id": "min88-1320",
      "geometry": {
        "type": "Point",
        "coordinates": [
          133.9802749,
          34.3064487
        ]
      },
      "properties": {
        "provider": "min88",
        "source_id": "1320",
        "name": "かえるゲストハウス",
        "lodging_type": "guesthouse",
        "lodging_types": "guesthouse",
        "business_status": null,
        "address": "香川県高松市御厩町1616-1",
        "phone": "090-1009-7735",
        "website": "https://www.booking.com/hotel/jp/caravan-guest-house-sanjyo.ja.html",
        "room_count": 4,
        "check_in": "15:00",
        "check_out": "10:00",
        "price": "素泊り：2,700円〜|朝食付：未確認|夕食付：未確認|２食付：未確認",
        "source_url": "https://min88.jp/inn/1320/",
        "coordinate_source": "google_maps_embed_place"
      }
    },
    {
      "type": "Feature",
      "id": "min88-24590",
      "geometry": {
        "type": "Point",
        "coordinates": [
          133.9958134,
          34.2965103
        ]
      },
      "properties": {
        "provider": "min88",
        "source_id": "24590",
        "name": "農家民宿 河西園",
        "lodging_type": "guesthouse",
        "lodging_types": "guesthouse",
        "business_status": null,
        "address": "香川県高松市檀紙町88",
        "phone": "080-5951-7227",
        "website": "https://kawanishien.hp.peraichi.com/",
        "room_count": 1,
        "check_in": "16:00-22:00",
        "check_out": "05:30-10:00",
        "price": "素泊り：8,800円|朝食付：設定なし|夕食付：設定なし|２食付：設定なし",
        "source_url": "https://min88.jp/inn/24590/",
        "coordinate_source": "google_maps_embed_place"
      }
    },
    {
      "type": "Feature",
      "id": "min88-1256",
      "geometry": {
        "type": "Point",
        "coordinates": [
          134.0264981,
          34.2822578
        ]
      },
      "properties": {
        "provider": "min88",
        "source_id": "1256",
        "name": "だんらん旅人宿 そらうみ",
        "lodging_type": "guesthouse",
        "lodging_types": "guesthouse",
        "business_status": null,
        "address": "香川県高松市一宮町393-8",
        "phone": "※電話対応なし",
        "website": "https://www.sanuki-soraumi.jp",
        "room_count": null,
        "check_in": "17:00",
        "check_out": "10:00",
        "price": "素泊り：未確認|朝食付：未確認|夕食付：5,700円|２食付：未確認",
        "source_url": "https://min88.jp/inn/1256/",
        "coordinate_source": "google_maps_embed_place"
      }
    },
    {
      "type": "Feature",
      "id": "min88-411",
      "geometry": {
        "type": "Point",
        "coordinates": [
          134.0305622,
          34.2882939
        ]
      },
      "properties": {
        "provider": "min88",
        "source_id": "411",
        "name": "天然温泉きらら",
        "lodging_type": "ryokan",
        "lodging_types": "ryokan, hotel",
        "business_status": null,
        "address": "香川県高松市一宮町800-1",
        "phone": "087-815-6622",
        "website": "https://www.kiraraonsen.com/index.html",
        "room_count": null,
        "check_in": "15:00",
        "check_out": "11:00",
        "price": "素泊り：|　・平日6,500円|　・土祝7,500円|　・日曜8,500円|朝食付：設定なし|夕食付：設定なし|２食付：設定なし",
        "source_url": "https://min88.jp/inn/411/",
        "coordinate_source": "google_maps_embed_place"
      }
    },
    {
      "type": "Feature",
      "id": "min88-1254",
      "geometry": {
        "type": "Point",
        "coordinates": [
          134.0423613,
          34.2835401
        ]
      },
      "properties": {
        "provider": "min88",
        "source_id": "1254",
        "name": "はまたに旅館",
        "lodging_type": "ryokan",
        "lodging_types": "ryokan, hotel",
        "business_status": null,
        "address": "香川県高松市仏生山町甲301-30",
        "phone": "087-887-7053",
        "website": "https://ryokan-hamatani.com",
        "room_count": 4,
        "check_in": null,
        "check_out": null,
        "price": "素泊り：未確認|朝食付：5,400円|夕食付：未確認|２食付：未確認",
        "source_url": "https://min88.jp/inn/1254/",
        "coordinate_source": "google_maps_embed_place"
      }
    },
    {
      "type": "Feature",
      "id": "min88-8604",
      "geometry": {
        "type": "Point",
        "coordinates": [
          134.0359745,
          34.3057057
        ]
      },
      "properties": {
        "provider": "min88",
        "source_id": "8604",
        "name": "ファミリーロッジ旅籠屋 高松店",
        "lodging_type": "ryokan",
        "lodging_types": "ryokan, hotel",
        "business_status": null,
        "address": "香川県高松市田村町1265-1",
        "phone": "087-867-8858",
        "website": "https://ssl.hatagoya.co.jp/031_Takamatsu/index.shtml",
        "room_count": 14,
        "check_in": "15:00",
        "check_out": "11:00",
        "price": "素泊り：4,400円|朝食付：設定なし|夕食付：設定なし|２食付：あり（無料）",
        "source_url": "https://min88.jp/inn/8604/",
        "coordinate_source": "google_maps_embed_place"
      }
    },
    {
      "type": "Feature",
      "id": "min88-1258",
      "geometry": {
        "type": "Point",
        "coordinates": [
          134.0469728,
          34.3284536
        ]
      },
      "properties": {
        "provider": "min88",
        "source_id": "1258",
        "name": "ビジネスホテル イーストパーク栗林",
        "lodging_type": "hotel",
        "lodging_types": "hotel",
        "business_status": null,
        "address": "香川県高松市栗林町1丁目14-3",
        "phone": "087-861-5252",
        "website": "https://www.t-palace.co.jp/eastpark/",
        "room_count": 42,
        "check_in": "15:00",
        "check_out": "10:00",
        "price": "素泊り：3,900円〜|朝食付：4,550円〜|夕食付：設定なし|２食付：設定なし",
        "source_url": "https://min88.jp/inn/1258/",
        "coordinate_source": "google_maps_embed_place"
      }
    },
    {
      "type": "Feature",
      "id": "min88-24573",
      "geometry": {
        "type": "Point",
        "coordinates": [
          134.0454013,
          34.3327237
        ]
      },
      "properties": {
        "provider": "min88",
        "source_id": "24573",
        "name": "Hostel JAQ takamatsu",
        "lodging_type": "guesthouse",
        "lodging_types": "guesthouse",
        "business_status": null,
        "address": "香川県高松市中野町28-18",
        "phone": "087-813-4075",
        "website": "https://hosteljaq.snack.chillnn.com/",
        "room_count": 20,
        "check_in": "15:00-22:00",
        "check_out": "05:00-10:00",
        "price": "素泊り：3,500円|朝食付：3,500円|夕食付：設定なし|２食付：設定なし",
        "source_url": "https://min88.jp/inn/24573/",
        "coordinate_source": "google_maps_embed_place"
      }
    },
    {
      "type": "Feature",
      "id": "min88-1262",
      "geometry": {
        "type": "Point",
        "coordinates": [
          134.0431879,
          34.333275
        ]
      },
      "properties": {
        "provider": "min88",
        "source_id": "1262",
        "name": "ゲストハウスAnchor",
        "lodging_type": "guesthouse",
        "lodging_types": "guesthouse",
        "business_status": null,
        "address": "香川県高松市中野町24-13",
        "phone": "087-810-3204",
        "website": null,
        "room_count": null,
        "check_in": "13:00",
        "check_out": "10:00",
        "price": "素泊り：未確認|朝食付：3,500円|夕食付：未確認|２食付：未確認",
        "source_url": "https://min88.jp/inn/1262/",
        "coordinate_source": "google_maps_embed_place"
      }
    },
    {
      "type": "Feature",
      "id": "min88-1260",
      "geometry": {
        "type": "Point",
        "coordinates": [
          134.0529516,
          34.3327677
        ]
      },
      "properties": {
        "provider": "min88",
        "source_id": "1260",
        "name": "ビジネスホテルサンシャイン高松",
        "lodging_type": "hotel",
        "lodging_types": "hotel",
        "business_status": null,
        "address": "香川県高松市藤塚町3丁目17-15",
        "phone": "087-837-6161",
        "website": "https://www.t-palace.co.jp/sunshine/",
        "room_count": 86,
        "check_in": "15:00",
        "check_out": "10:00",
        "price": "素泊り：3,800円〜|朝食付：4,900円〜|夕食付：設定なし|２食付：設定なし",
        "source_url": "https://min88.jp/inn/1260/",
        "coordinate_source": "google_maps_embed_place"
      }
    },
    {
      "type": "Feature",
      "id": "min88-1273",
      "geometry": {
        "type": "Point",
        "coordinates": [
          134.0537223,
          34.3379323
        ]
      },
      "properties": {
        "provider": "min88",
        "source_id": "1273",
        "name": "瓦町ドミトリー",
        "lodging_type": "guesthouse",
        "lodging_types": "guesthouse",
        "business_status": null,
        "address": "香川県高松市塩上町1丁目4-16",
        "phone": "090-8979-9981",
        "website": "https://kawaramachidormitory.business.site/",
        "room_count": null,
        "check_in": "16:00",
        "check_out": "10:00",
        "price": "素泊り：24,500円（1～4名まで）|朝食付：設定なし|夕食付：設定なし|２食付：設定なし",
        "source_url": "https://min88.jp/inn/1273/",
        "coordinate_source": "google_maps_embed_place"
      }
    },
    {
      "type": "Feature",
      "id": "min88-1275",
      "geometry": {
        "type": "Point",
        "coordinates": [
          134.053546,
          34.338233
        ]
      },
      "properties": {
        "provider": "min88",
        "source_id": "1275",
        "name": "トラディショナルアパートメント",
        "lodging_type": "guesthouse",
        "lodging_types": "guesthouse",
        "business_status": null,
        "address": "香川県高松市塩上町1丁目3-7",
        "phone": "090-2893-2640",
        "website": "http://traditional-apt.com",
        "room_count": 3,
        "check_in": "16:00",
        "check_out": "10:00",
        "price": "素泊り：3,500円〜|朝食付：設定なし|夕食付：設定なし|２食付：設定なし",
        "source_url": "https://min88.jp/inn/1275/",
        "coordinate_source": "google_maps_embed_place"
      }
    },
    {
      "type": "Feature",
      "id": "min88-1264",
      "geometry": {
        "type": "Point",
        "coordinates": [
          134.0427148,
          34.3351563
        ]
      },
      "properties": {
        "provider": "min88",
        "source_id": "1264",
        "name": "旅館・静",
        "lodging_type": "ryokan",
        "lodging_types": "ryokan, hotel",
        "business_status": null,
        "address": "香川県高松市中野町4-10",
        "phone": "087-861-0530",
        "website": null,
        "room_count": 7,
        "check_in": "15:00",
        "check_out": "10:00",
        "price": "素泊り：未確認|朝食付：未確認|夕食付：未確認|２食付：未確認",
        "source_url": "https://min88.jp/inn/1264/",
        "coordinate_source": "google_maps_embed_place"
      }
    },
    {
      "type": "Feature",
      "id": "min88-1271",
      "geometry": {
        "type": "Point",
        "coordinates": [
          134.0545287,
          34.336179
        ]
      },
      "properties": {
        "provider": "min88",
        "source_id": "1271",
        "name": "ホテルNO.1高松",
        "lodging_type": "hotel",
        "lodging_types": "hotel",
        "business_status": null,
        "address": "香川県高松市観光通2丁目4-1",
        "phone": "087-812-2222",
        "website": "http://www.hotelno1.jp/takamatsu/",
        "room_count": 215,
        "check_in": "15:00",
        "check_out": "10:00",
        "price": "素泊り：5,000円|朝食付：5,500円|夕食付：未確認|２食付：未確認",
        "source_url": "https://min88.jp/inn/1271/",
        "coordinate_source": "google_maps_embed_place"
      }
    },
    {
      "type": "Feature",
      "id": "min88-1268",
      "geometry": {
        "type": "Point",
        "coordinates": [
          134.0563612,
          34.3354841
        ]
      },
      "properties": {
        "provider": "min88",
        "source_id": "1268",
        "name": "Kinco. hostel + cafe",
        "lodging_type": "guesthouse",
        "lodging_types": "guesthouse",
        "business_status": "closed_or_suspended",
        "address": "香川県高松市花園町1丁目6-6",
        "phone": "087-887-0747",
        "website": "kinco.jp",
        "room_count": null,
        "check_in": "16:00",
        "check_out": "11:00",
        "price": "素泊り：3,200円\n朝食付：3,700円\n夕食付： —\n２食付： —",
        "source_url": "https://min88.jp/inn/1268/",
        "coordinate_source": "google_maps_embed_place"
      }
    },
    {
      "type": "Feature",
      "id": "min88-1277",
      "geometry": {
        "type": "Point",
        "coordinates": [
          134.0616818,
          34.3342662
        ]
      },
      "properties": {
        "provider": "min88",
        "source_id": "1277",
        "name": "ゲストハウス若葉屋",
        "lodging_type": "guesthouse",
        "lodging_types": "guesthouse",
        "business_status": null,
        "address": "香川県高松市観光町603-1",
        "phone": "070-5683-5335",
        "website": "https://wakabaya.main.jp|▲ 詳しい客室案内や空室状況も確認できます。",
        "room_count": 4,
        "check_in": "17:00",
        "check_out": "10:00",
        "price": "素泊り：|朝食付：|夕食付：|２食付：",
        "source_url": "https://min88.jp/inn/1277/",
        "coordinate_source": "google_maps_embed_place"
      }
    },
    {
      "type": "Feature",
      "id": "min88-1295",
      "geometry": {
        "type": "Point",
        "coordinates": [
          134.04771,
          34.34496
        ]
      },
      "properties": {
        "provider": "min88",
        "source_id": "1295",
        "name": "紺屋町ゲストハウス久々（くく）",
        "lodging_type": "guesthouse",
        "lodging_types": "guesthouse",
        "business_status": null,
        "address": "香川県高松市紺屋町3-13",
        "phone": "087-887-5665",
        "website": "https://kuku81.com",
        "room_count": null,
        "check_in": "16:00",
        "check_out": "10:00",
        "price": "素泊り：5,000円|朝食付：設定なし|夕食付：設定なし|２食付：設定なし",
        "source_url": "https://min88.jp/inn/1295/",
        "coordinate_source": "google_maps_embed_place"
      }
    },
    {
      "type": "Feature",
      "id": "min88-1293",
      "geometry": {
        "type": "Point",
        "coordinates": [
          134.0507984,
          34.3417983
        ]
      },
      "properties": {
        "provider": "min88",
        "source_id": "1293",
        "name": "WeBase高松",
        "lodging_type": "hotel",
        "lodging_types": "hotel",
        "business_status": null,
        "address": "香川県高松市瓦町1丁目2-3",
        "phone": "087-813-4415",
        "website": "https://we-base.jp/takamatsu/",
        "room_count": 256,
        "check_in": "15:00",
        "check_out": "11:00",
        "price": "素泊り：4,680円〜|朝食付：5,010円〜|夕食付：設定なし|２食付：設定なし",
        "source_url": "https://min88.jp/inn/1293/",
        "coordinate_source": "google_maps_embed_place"
      }
    },
    {
      "type": "Feature",
      "id": "min88-13232",
      "geometry": {
        "type": "Point",
        "coordinates": [
          134.0567921,
          34.3424229
        ]
      },
      "properties": {
        "provider": "min88",
        "source_id": "13232",
        "name": "高野山讃岐別院（宿坊）",
        "lodging_type": "temple_lodging",
        "lodging_types": "temple_lodging",
        "business_status": null,
        "address": "香川県高松市築地町7-1",
        "phone": "087-821-5937",
        "website": null,
        "room_count": null,
        "check_in": null,
        "check_out": null,
        "price": "素泊り：未確認|朝食付：未確認|夕食付：未確認|２食付：未確認",
        "source_url": "https://min88.jp/inn/13232/",
        "coordinate_source": "google_maps_embed_place"
      }
    },
    {
      "type": "Feature",
      "id": "min88-28466",
      "geometry": {
        "type": "Point",
        "coordinates": [
          134.0488957,
          34.3454053
        ]
      },
      "properties": {
        "provider": "min88",
        "source_id": "28466",
        "name": "リーガホテルゼスト高松",
        "lodging_type": "hotel",
        "lodging_types": "hotel",
        "business_status": null,
        "address": "香川県高松市古新町9-1",
        "phone": "087-822-3555",
        "website": "https://www.rihga-takamatsu.co.jp",
        "room_count": 102,
        "check_in": "15:00-25:00",
        "check_out": "11:00",
        "price": "素泊り：8,650円〜|朝食付：9,220円〜|夕食付：設定無し|２食付：設定無し",
        "source_url": "https://min88.jp/inn/28466/",
        "coordinate_source": "google_maps_embed_place"
      }
    },
    {
      "type": "Feature",
      "id": "min88-28460",
      "geometry": {
        "type": "Point",
        "coordinates": [
          134.0481128,
          34.3462432
        ]
      },
      "properties": {
        "provider": "min88",
        "source_id": "28460",
        "name": "高松東急REIホテル",
        "lodging_type": "hotel",
        "lodging_types": "hotel",
        "business_status": null,
        "address": "香川県高松市兵庫町9-9",
        "phone": "087-821-0109",
        "website": "https://www.tokyuhotels.co.jp/takamatsu-r/index.html",
        "room_count": 191,
        "check_in": "15:00-24:00",
        "check_out": "10:00",
        "price": "素泊り：9,400円|朝食付：11,400円|夕食付：設定無し|２食付：設定無し",
        "source_url": "https://min88.jp/inn/28460/",
        "coordinate_source": "google_maps_embed_place"
      }
    },
    {
      "type": "Feature",
      "id": "min88-28457",
      "geometry": {
        "type": "Point",
        "coordinates": [
          134.0482513,
          34.3465675
        ]
      },
      "properties": {
        "provider": "min88",
        "source_id": "28457",
        "name": "東横INN高松兵庫町",
        "lodging_type": "hotel",
        "lodging_types": "hotel",
        "business_status": null,
        "address": "香川県高松市兵庫町3-1",
        "phone": "087-821-1045",
        "website": "https://www.toyoko-inn.com/index.php/search/detail/00130/",
        "room_count": 147,
        "check_in": "15:00-29:00",
        "check_out": "10:00",
        "price": "素泊り：設定無し|朝食付：8,400円|夕食付：設定無し|２食付：設定無し",
        "source_url": "https://min88.jp/inn/28457/",
        "coordinate_source": "google_maps_embed_place"
      }
    },
    {
      "type": "Feature",
      "id": "min88-28483",
      "geometry": {
        "type": "Point",
        "coordinates": [
          134.055174,
          34.345124
        ]
      },
      "properties": {
        "provider": "min88",
        "source_id": "28483",
        "name": "ニューグランデみまつ",
        "lodging_type": "hotel",
        "lodging_types": "hotel",
        "business_status": null,
        "address": "香川県高松市通町2-3",
        "phone": "087-823-4111",
        "website": "http://www.nmimatsu.com",
        "room_count": 51,
        "check_in": "16:00-23:00",
        "check_out": "10:00",
        "price": "素泊り：4,730円〜|朝食付：5,410円〜|夕食付：未確認|２食付：7,140円〜",
        "source_url": "https://min88.jp/inn/28483/",
        "coordinate_source": "google_maps_embed_place"
      }
    },
    {
      "type": "Feature",
      "id": "min88-28451",
      "geometry": {
        "type": "Point",
        "coordinates": [
          134.0472515,
          34.3479621
        ]
      },
      "properties": {
        "provider": "min88",
        "source_id": "28451",
        "name": "ホテルパレス高松",
        "lodging_type": "hotel",
        "lodging_types": "hotel",
        "business_status": null,
        "address": "香川県高松市西内町2-7",
        "phone": "087-851-3232",
        "website": "https://www.t-palace.co.jp/palace/",
        "room_count": 63,
        "check_in": "15:00-25:30",
        "check_out": "10:00",
        "price": "素泊り：10,800円|朝食付：設定無し|夕食付：設定無し|２食付：設定無し",
        "source_url": "https://min88.jp/inn/28451/",
        "coordinate_source": "google_maps_embed_place"
      }
    },
    {
      "type": "Feature",
      "id": "min88-28480",
      "geometry": {
        "type": "Point",
        "coordinates": [
          134.055899,
          34.3453614
        ]
      },
      "properties": {
        "provider": "min88",
        "source_id": "28480",
        "name": "Tabist ビジネスホテル丸登美",
        "lodging_type": "hotel",
        "lodging_types": "hotel",
        "business_status": null,
        "address": "香川県高松市通町6-12",
        "phone": "087-851-2971",
        "website": "https://tabist.co.jp/h/B37HMTM?utm_source=GMB_JP&utm_medium=organic&utm_campaign=B37HMTM",
        "room_count": 33,
        "check_in": "17:00-23:00",
        "check_out": "12:00",
        "price": "素泊り：4,400円〜|朝食付：未確認|夕食付：未確認|２食付：未確認",
        "source_url": "https://min88.jp/inn/28480/",
        "coordinate_source": "google_maps_embed_place"
      }
    },
    {
      "type": "Feature",
      "id": "min88-28463",
      "geometry": {
        "type": "Point",
        "coordinates": [
          134.047776,
          34.3491988
        ]
      },
      "properties": {
        "provider": "min88",
        "source_id": "28463",
        "name": "ハイパーイン高松駅前",
        "lodging_type": "hotel",
        "lodging_types": "hotel",
        "business_status": null,
        "address": "香川県高松市西の丸町10-17",
        "phone": "087-826-0818",
        "website": "https://www.hyper-inn.net/asp/newsitem.asp?nw_id=812",
        "room_count": 48,
        "check_in": "16:00-23:30",
        "check_out": "10:00",
        "price": "素泊り：6,000円〜|朝食付：6,700円〜|夕食付：設定無し|２食付：設定無し",
        "source_url": "https://min88.jp/inn/28463/",
        "coordinate_source": "google_maps_embed_place"
      }
    },
    {
      "type": "Feature",
      "id": "min88-28454",
      "geometry": {
        "type": "Point",
        "coordinates": [
          134.0449341,
          34.347591
        ]
      },
      "properties": {
        "provider": "min88",
        "source_id": "28454",
        "name": "ホテルリブマックス高松駅前",
        "lodging_type": "hotel",
        "lodging_types": "hotel",
        "business_status": null,
        "address": "香川県高松市錦町1-8-9",
        "phone": "087-811-8860",
        "website": "https://www.hotel-livemax.com/kagawa/takamatsust/",
        "room_count": 92,
        "check_in": "15:00-23:00",
        "check_out": "10:00",
        "price": "素泊り：5,950円〜|朝食付：設定無し|夕食付：設定無し|２食付：設定無し",
        "source_url": "https://min88.jp/inn/28454/",
        "coordinate_source": "google_maps_embed_place"
      }
    },
    {
      "type": "Feature",
      "id": "min88-28438",
      "geometry": {
        "type": "Point",
        "coordinates": [
          134.0464348,
          34.3494113
        ]
      },
      "properties": {
        "provider": "min88",
        "source_id": "28438",
        "name": "Art Setouchi Triennale Hotel",
        "lodging_type": "guesthouse",
        "lodging_types": "guesthouse",
        "business_status": null,
        "address": "香川県高松市西の丸町12-15",
        "phone": "087-813-3817",
        "website": "https://travel.rakuten.co.jp/HOTEL/178924/178924.html?cid=tr_af_1632&scid=af_pc_etc&sc2id=af_101_0_0",
        "room_count": 9,
        "check_in": "15:00-22:00",
        "check_out": "11:00",
        "price": "素泊り：2,750円〜|朝食付：設定無し|夕食付：設定無し|２食付：設定無し",
        "source_url": "https://min88.jp/inn/28438/",
        "coordinate_source": "google_maps_embed_place"
      }
    },
    {
      "type": "Feature",
      "id": "min88-28477",
      "geometry": {
        "type": "Point",
        "coordinates": [
          134.0572939,
          34.3474016
        ]
      },
      "properties": {
        "provider": "min88",
        "source_id": "28477",
        "name": "東宝イン高松",
        "lodging_type": "hotel",
        "lodging_types": "hotel",
        "business_status": null,
        "address": "香川県高松市城東町1-5-18",
        "phone": "087-823-1000",
        "website": "https://www.t-palace.co.jp/tohoinn/",
        "room_count": 166,
        "check_in": "15:00-29:30",
        "check_out": "10:00",
        "price": "素泊り：5,500円〜|朝食付：6,200円〜|夕食付：設定無し|２食付：設定無し",
        "source_url": "https://min88.jp/inn/28477/",
        "coordinate_source": "google_maps_embed_place"
      }
    },
    {
      "type": "Feature",
      "id": "min88-28469",
      "geometry": {
        "type": "Point",
        "coordinates": [
          134.055676,
          34.3478071
        ]
      },
      "properties": {
        "provider": "min88",
        "source_id": "28469",
        "name": "ファーストイン高松",
        "lodging_type": "hotel",
        "lodging_types": "hotel",
        "business_status": null,
        "address": "香川県高松市鶴屋町2-3",
        "phone": "087-822-1919",
        "website": "https://first-inn.flips.jp",
        "room_count": 69,
        "check_in": "15:00-24:00",
        "check_out": "10:00",
        "price": "素泊り：|　・カプセル2,900円〜|　・個室（バス、トイレなし）4,400円〜|朝食付：設定無し|夕食付：設定無し|２食付：設定無し",
        "source_url": "https://min88.jp/inn/28469/",
        "coordinate_source": "google_maps_embed_place"
      }
    },
    {
      "type": "Feature",
      "id": "min88-1300",
      "geometry": {
        "type": "Point",
        "coordinates": [
          134.030989,
          34.3459733
        ]
      },
      "properties": {
        "provider": "min88",
        "source_id": "1300",
        "name": "ゲストハウスちょっとこま",
        "lodging_type": "guesthouse",
        "lodging_types": "guesthouse",
        "business_status": "closed_or_suspended",
        "address": "香川県高松市扇町3丁目7-5",
        "phone": "—",
        "website": "chottoco-ma.com",
        "room_count": null,
        "check_in": "16:00",
        "check_out": "10:00",
        "price": "素泊り：3,000円〜\n朝食付： —\n夕食付： —\n２食付： —",
        "source_url": "https://min88.jp/inn/1300/",
        "coordinate_source": "google_maps_embed_place"
      }
    },
    {
      "type": "Feature",
      "id": "min88-28473",
      "geometry": {
        "type": "Point",
        "coordinates": [
          134.0577778,
          34.3483333
        ]
      },
      "properties": {
        "provider": "min88",
        "source_id": "28473",
        "name": "シャトーエスト高松",
        "lodging_type": "hotel",
        "lodging_types": "hotel",
        "business_status": null,
        "address": "香川県高松市城東町2-2-7",
        "phone": "087-823-8100",
        "website": "http://ww8.tiki.ne.jp/~syato-est/",
        "room_count": 58,
        "check_in": "16:00-25:00",
        "check_out": "10:00",
        "price": "素泊り：3,600円〜|朝食付：未確認|夕食付：未確認|２食付：未確認",
        "source_url": "https://min88.jp/inn/28473/",
        "coordinate_source": "google_maps_embed_place"
      }
    },
    {
      "type": "Feature",
      "id": "min88-5775",
      "geometry": {
        "type": "Point",
        "coordinates": [
          134.100727,
          34.3396525
        ]
      },
      "properties": {
        "provider": "min88",
        "source_id": "5775",
        "name": "屋島ロイヤルホテル",
        "lodging_type": "ryokan",
        "lodging_types": "ryokan, hotel",
        "business_status": null,
        "address": "香川県高松市屋島西町1090-3",
        "phone": "087-841-1000",
        "website": "https://mitsushige-hotels.jp/yashima/",
        "room_count": 90,
        "check_in": "16:00",
        "check_out": "10:00",
        "price": "素泊り：4,300円〜|朝食付：4,780円〜|夕食付：設定なし|２食付：設定なし",
        "source_url": "https://min88.jp/inn/5775/",
        "coordinate_source": "google_maps_embed_place"
      }
    },
    {
      "type": "Feature",
      "id": "min88-1280",
      "geometry": {
        "type": "Point",
        "coordinates": [
          134.1063354,
          34.3440922
        ]
      },
      "properties": {
        "provider": "min88",
        "source_id": "1280",
        "name": "ささや旅館",
        "lodging_type": "ryokan",
        "lodging_types": "ryokan, hotel",
        "business_status": null,
        "address": "香川県高松市屋島中町168-2",
        "phone": "087-841-9533",
        "website": "http://wwwa.pikara.ne.jp/sasaya/",
        "room_count": 13,
        "check_in": "15:00",
        "check_out": "10:00",
        "price": "素泊り：5,000円|朝食付：未確認|夕食付：未確認|２食付：7,700円",
        "source_url": "https://min88.jp/inn/1280/",
        "coordinate_source": "google_maps_embed_place"
      }
    },
    {
      "type": "Feature",
      "id": "min88-1285",
      "geometry": {
        "type": "Point",
        "coordinates": [
          134.100087,
          34.3591966
        ]
      },
      "properties": {
        "provider": "min88",
        "source_id": "1285",
        "name": "屋島の宿・桃太郎",
        "lodging_type": "ryokan",
        "lodging_types": "ryokan, hotel",
        "business_status": null,
        "address": "香川県高松市屋島東町1821",
        "phone": "087-841-9464",
        "website": "http://www.r-momotaro.com",
        "room_count": 3,
        "check_in": "15:00",
        "check_out": "11:00",
        "price": "素泊り：未確認|朝食付：未確認|夕食付：未確認|２食付：未確認",
        "source_url": "https://min88.jp/inn/1285/",
        "coordinate_source": "google_maps_embed_place"
      }
    },
    {
      "type": "Feature",
      "id": "min88-1283",
      "geometry": {
        "type": "Point",
        "coordinates": [
          134.0988692,
          34.3588453
        ]
      },
      "properties": {
        "provider": "min88",
        "source_id": "1283",
        "name": "ホテル望海荘",
        "lodging_type": "ryokan",
        "lodging_types": "ryokan, hotel",
        "business_status": null,
        "address": "香川県高松市屋島東町1784-15",
        "phone": "087-841-9111",
        "website": "http://www.bokaiso.com",
        "room_count": 8,
        "check_in": "15:00",
        "check_out": "10:00",
        "price": "素泊り：未確認|朝食付：未確認|夕食付：未確認|２食付：未確認",
        "source_url": "https://min88.jp/inn/1283/",
        "coordinate_source": "google_maps_embed_place"
      }
    },
    {
      "type": "Feature",
      "id": "min88-201",
      "geometry": {
        "type": "Point",
        "coordinates": [
          134.1163881,
          34.3431354
        ]
      },
      "properties": {
        "provider": "min88",
        "source_id": "201",
        "name": "Ryu-chan House（リュウチャンハウス）",
        "lodging_type": "guesthouse",
        "lodging_types": "guesthouse",
        "business_status": null,
        "address": "香川県高松市高松町2271番地",
        "phone": "087-841-7276",
        "website": null,
        "room_count": 2,
        "check_in": "15:00-18:00",
        "check_out": "10:00",
        "price": "素泊り：6,000円|朝食付：設定なし|夕食付：設定なし|２食付：設定なし",
        "source_url": "https://min88.jp/inn/201/",
        "coordinate_source": "google_maps_embed_place"
      }
    },
    {
      "type": "Feature",
      "id": "min88-203",
      "geometry": {
        "type": "Point",
        "coordinates": [
          134.116953,
          34.3382124
        ]
      },
      "properties": {
        "provider": "min88",
        "source_id": "203",
        "name": "ゲストハウス屋島",
        "lodging_type": "guesthouse",
        "lodging_types": "guesthouse",
        "business_status": null,
        "address": "香川県高松市高松町1933-1",
        "phone": "090-3989-5834",
        "website": null,
        "room_count": null,
        "check_in": null,
        "check_out": null,
        "price": "素泊り：2,500円〜|朝食付：設定なし|夕食付：設定なし|２食付：設定なし",
        "source_url": "https://min88.jp/inn/203/",
        "coordinate_source": "google_maps_embed_place"
      }
    },
    {
      "type": "Feature",
      "id": "min88-21742",
      "geometry": {
        "type": "Point",
        "coordinates": [
          134.1307252,
          34.3530652
        ]
      },
      "properties": {
        "provider": "min88",
        "source_id": "21742",
        "name": "御宿鷹柳",
        "lodging_type": "ryokan",
        "lodging_types": "ryokan, hotel",
        "business_status": null,
        "address": "香川県高松市牟礼町牟礼3137-1",
        "phone": "087-845-1516|受付時間 8:00〜20:00",
        "website": "https://onyadotakayanagi.com",
        "room_count": 6,
        "check_in": "15:00",
        "check_out": "09:00",
        "price": "素泊り：9,900円〜|朝食付：設定なし|夕食付：設定なし|２食付：設定なし",
        "source_url": "https://min88.jp/inn/21742/",
        "coordinate_source": "google_maps_embed_place"
      }
    },
    {
      "type": "Feature",
      "id": "min88-413",
      "geometry": {
        "type": "Point",
        "coordinates": [
          134.1724379,
          34.3236095
        ]
      },
      "properties": {
        "provider": "min88",
        "source_id": "413",
        "name": "たいや旅館",
        "lodging_type": "ryokan",
        "lodging_types": "ryokan, hotel",
        "business_status": null,
        "address": "香川県さぬき市志度547-3",
        "phone": "087-894-0038",
        "website": "http://ameblo.jp/taiya-sanuki",
        "room_count": 7,
        "check_in": "16:00-22:00",
        "check_out": "10:00",
        "price": "素泊り：3,800円|朝食付：4,500円|夕食付：設定なし|２食付：設定なし",
        "source_url": "https://min88.jp/inn/413/",
        "coordinate_source": "google_maps_embed_place"
      }
    },
    {
      "type": "Feature",
      "id": "min88-5782",
      "geometry": {
        "type": "Point",
        "coordinates": [
          134.1727088,
          34.3238424
        ]
      },
      "properties": {
        "provider": "min88",
        "source_id": "5782",
        "name": "冨士屋旅館",
        "lodging_type": "ryokan",
        "lodging_types": "ryokan, hotel",
        "business_status": null,
        "address": "香川県さぬき市志度548-8",
        "phone": "087-894-1175",
        "website": "https://fujiyaryokan.info",
        "room_count": 10,
        "check_in": "15:30",
        "check_out": "10:30",
        "price": "素泊り：4,000円〜|朝食付：5,000円〜|夕食付：未確認|２食付：8,500円",
        "source_url": "https://min88.jp/inn/5782/",
        "coordinate_source": "google_maps_embed_place"
      }
    },
    {
      "type": "Feature",
      "id": "min88-1287",
      "geometry": {
        "type": "Point",
        "coordinates": [
          134.1743715,
          34.3232114
        ]
      },
      "properties": {
        "provider": "min88",
        "source_id": "1287",
        "name": "栄荘",
        "lodging_type": "ryokan",
        "lodging_types": "ryokan, hotel",
        "business_status": null,
        "address": "香川県さぬき市志度573-1",
        "phone": "087-894-0029",
        "website": "http://ew.sanuki.ne.jp/iseda.r/",
        "room_count": 8,
        "check_in": "16:00",
        "check_out": "10:00",
        "price": "素泊り：未確認|朝食付：未確認|夕食付：未確認|２食付：6,500円",
        "source_url": "https://min88.jp/inn/1287/",
        "coordinate_source": "google_maps_embed_place"
      }
    },
    {
      "type": "Feature",
      "id": "min88-1289",
      "geometry": {
        "type": "Point",
        "coordinates": [
          134.1754313,
          34.3233692
        ]
      },
      "properties": {
        "provider": "min88",
        "source_id": "1289",
        "name": "以志や旅館（いしや旅館）",
        "lodging_type": "ryokan",
        "lodging_types": "ryokan, hotel",
        "business_status": null,
        "address": "香川県さぬき市志度599-1",
        "phone": "087-894-0021",
        "website": null,
        "room_count": 4,
        "check_in": "15:00",
        "check_out": "09:00",
        "price": "素泊り：5,000円|朝食付：5,800円|夕食付：6,900円|２食付：7,700円",
        "source_url": "https://min88.jp/inn/1289/",
        "coordinate_source": "google_maps_embed_place"
      }
    },
    {
      "type": "Feature",
      "id": "min88-206",
      "geometry": {
        "type": "Point",
        "coordinates": [
          134.1787106,
          34.3223325
        ]
      },
      "properties": {
        "provider": "min88",
        "source_id": "206",
        "name": "民泊對馬（つしま）",
        "lodging_type": "guesthouse",
        "lodging_types": "guesthouse",
        "business_status": null,
        "address": "香川県さぬき市志度874-1",
        "phone": "080-6055-2876",
        "website": null,
        "room_count": 3,
        "check_in": "15:00",
        "check_out": "10:00",
        "price": "素泊り：未確認|朝食付：未確認|夕食付：4,800円|２食付：未確認",
        "source_url": "https://min88.jp/inn/206/",
        "coordinate_source": "google_maps_embed_place"
      }
    },
    {
      "type": "Feature",
      "id": "min88-415",
      "geometry": {
        "type": "Point",
        "coordinates": [
          134.171535,
          34.266019
        ]
      },
      "properties": {
        "provider": "min88",
        "source_id": "415",
        "name": "結願の宿ながお路",
        "lodging_type": "guesthouse",
        "lodging_types": "guesthouse",
        "business_status": null,
        "address": "香川県さぬき市長尾西982",
        "phone": "0879-52-3084",
        "website": "https://nagaozi.com",
        "room_count": 10,
        "check_in": "15:00",
        "check_out": "09:00",
        "price": "素泊り：4,400円|朝食付：5,280円|夕食付：6,160円|２食付：6,930円",
        "source_url": "https://min88.jp/inn/415/",
        "coordinate_source": "google_maps_embed_place"
      }
    },
    {
      "type": "Feature",
      "id": "min88-5788",
      "geometry": {
        "type": "Point",
        "coordinates": [
          134.17177,
          34.265947
        ]
      },
      "properties": {
        "provider": "min88",
        "source_id": "5788",
        "name": "あづまや旅館",
        "lodging_type": "ryokan",
        "lodging_types": "ryokan, hotel",
        "business_status": "closed_or_suspended",
        "address": "香川県さぬき市長尾西973-9",
        "phone": "0879-52-2415",
        "website": "—",
        "room_count": null,
        "check_in": "15:00",
        "check_out": "10:00",
        "price": "素泊り：3,500円〜\n朝食付： —\n夕食付： —\n２食付：6,000円～",
        "source_url": "https://min88.jp/inn/5788/",
        "coordinate_source": "google_maps_embed_place"
      }
    },
    {
      "type": "Feature",
      "id": "min88-8258",
      "geometry": {
        "type": "Point",
        "coordinates": [
          134.1720215,
          34.2650428
        ]
      },
      "properties": {
        "provider": "min88",
        "source_id": "8258",
        "name": "宿InnTEK-TEK",
        "lodging_type": "guesthouse",
        "lodging_types": "guesthouse",
        "business_status": null,
        "address": "香川県さぬき市長尾西979-4",
        "phone": "0879-52-5292|受付：9:00〜19:00",
        "website": "https://tek-tek.jp",
        "room_count": 15,
        "check_in": "15:00",
        "check_out": "10:00",
        "price": "素泊り：4,200円〜5,500円|朝食付：設定なし|夕食付：設定なし|２食付：設定なし",
        "source_url": "https://min88.jp/inn/8258/",
        "coordinate_source": "google_maps_embed_place"
      }
    },
    {
      "type": "Feature",
      "id": "min88-1291",
      "geometry": {
        "type": "Point",
        "coordinates": [
          134.1855468,
          34.1759986
        ]
      },
      "properties": {
        "provider": "min88",
        "source_id": "1291",
        "name": "野田屋竹屋敷",
        "lodging_type": "ryokan",
        "lodging_types": "ryokan, hotel",
        "business_status": null,
        "address": "香川県さぬき市多和竹屋敷123-1",
        "phone": "0879-56-2288",
        "website": "https://takeyashiki.com",
        "room_count": 12,
        "check_in": "15:30",
        "check_out": "10:00",
        "price": "素泊り：未確認|朝食付：未確認|夕食付：未確認|２食付：未確認",
        "source_url": "https://min88.jp/inn/1291/",
        "coordinate_source": "google_maps_embed_place"
      }
    },
    {
      "type": "Feature",
      "id": "min88-417",
      "geometry": {
        "type": "Point",
        "coordinates": [
          134.2079959,
          34.1905595
        ]
      },
      "properties": {
        "provider": "min88",
        "source_id": "417",
        "name": "八十窪",
        "lodging_type": "guesthouse",
        "lodging_types": "guesthouse",
        "business_status": null,
        "address": "香川県さぬき市多和兼割103-5",
        "phone": "0879-56-2031",
        "website": "https://www.facebook.com/yasokubo/",
        "room_count": 6,
        "check_in": "15:00-19:00",
        "check_out": "09:00",
        "price": "素泊り：4,500円|朝食付：未確認|夕食付：未確認|２食付：7,500円",
        "source_url": "https://min88.jp/inn/417/",
        "coordinate_source": "google_maps_embed_place"
      }
    },
    {
      "type": "Feature",
      "id": "min88-26140",
      "geometry": {
        "type": "Point",
        "coordinates": [
          134.4046837,
          34.2254318
        ]
      },
      "properties": {
        "provider": "min88",
        "source_id": "26140",
        "name": "お宿＆カフェバーもか",
        "lodging_type": "guesthouse",
        "lodging_types": "guesthouse",
        "business_status": null,
        "address": "香川県東かがわ市引田2400-1",
        "phone": "080-2101-8489",
        "website": "https://www.instagram.com/guesthouse_mocha/profilecard/?igsh=NmRqMnk1cThjYm1o",
        "room_count": 4,
        "check_in": "15:00-21:00",
        "check_out": "10:00",
        "price": "素泊り：5,000円|朝食付：5,500円|夕食付：6,500円|２食付：7,000円",
        "source_url": "https://min88.jp/inn/26140/",
        "coordinate_source": "google_maps_embed_place"
      }
    }
  ]
}
