<?xml version="1.0" encoding="UTF-8"?>
<kml xmlns="http://www.opengis.net/kml/2.2">
<Document>
	<name>36_shikoku_tokushima</name>
	<Style id="lineStyle0">
		<LineStyle>
			<color>ff0000ff</color>
			<width>3</width>
		</LineStyle>
	</Style>
	<Style id="lineStyle1">
		<LineStyle>
			<color>ff4080ff</color>
			<width>3</width>
		</LineStyle>
	</Style>
	<Placemark>
		<name>SHIKOKU_TKS_01</name>
		<description>渦潮の見えるみち</description>
		<styleUrl>#lineStyle0</styleUrl>
		<LineString>
			<coordinates> 134.64326200,34.23897800 134.64320500,34.23879700 134.64320500,34.23845100 134.64307200,34.23827800 134.64294800,34.23809000 134.64273000,34.23802700 134.64258700,34.23787000 134.64221600,34.23773600 134.64183600,34.23760200 134.64158900,34.23750800 134.64134100,34.23741400 134.64116100,34.23731900 134.64105600,34.23721700 134.64090400,34.23739000 134.64079000,34.23733500 134.64075200,34.23715400 134.64060900,34.23709100 134.64042900,34.23704400 134.64032400,34.23689500 134.64033400,34.23671400 134.64050500,34.23654100 134.64046700,34.23630600 134.64043800,34.23605400 134.64041900,34.23588900 134.64022900,34.23571600 134.64034300,34.23552000 134.64047600,34.23525200 134.64035300,34.23478900 134.64026700,34.23456800 134.64022000,34.23449000 134.64025800,34.23405400 134.64011500,34.23374000 134.64001000,34.23350400 134.63992500,34.23327600 134.63979200,34.23318200 134.63946900,34.23319000 134.63939200,34.23295400 134.63914500,34.23280500 134.63888900,34.23264000 134.63860300,34.23253000 134.63839400,34.23239600 134.63810000,34.23205800 134.63794700,34.23187700 134.63762400,34.23184600 134.63776700,34.23150000 134.63790900,34.23135800 134.63793800,34.23121700 134.63781400,34.23107500 134.63777600,34.23095800 134.63765300,34.23094200 134.63757700,34.23091800 134.63767200,34.23073000 134.63775700,34.23055700 134.63774800,34.23027400 134.63761500,34.23012400 134.63732200,34.22978800 134.63683500,34.22946300 134.63664500,34.22935500 134.63612200,34.22896200 134.63514700,34.22841200 134.63489800,34.22841200 134.63346000,34.22781300 134.63267500,34.22748800 134.63153400,34.22712500 134.63134400,34.22691900 134.63105900,34.22650600 134.63075000,34.22611300 134.63038200,34.22572000 134.63002500,34.22557200 134.62989400,34.22550400 134.63003700,34.22526800 134.62956200,34.22509100 134.62914600,34.22527800 134.62856300,34.22551300 134.62841800,34.22553300 134.62806200,34.22478600 134.62789600,34.22444200 134.62763500,34.22461900 134.62750000,34.22479800 134.62722900,34.22483000 134.62669000,34.22475900 134.62645800,34.22474800 134.62626800,34.22470200 134.62523600,34.22457800 134.62519200,34.22458300 134.62511900,34.22463500 134.62502600,34.22474400 134.62493600,34.22475500 134.62404300,34.22426300 134.62377300,34.22408400 134.62358300,34.22402200 134.62352100,34.22395300 134.62346400,34.22395300 134.62344000,34.22386700 134.62337600,34.22381300 134.62329300,34.22380300 134.62318600,34.22374600 134.62311200,34.22373900 134.62291700,34.22367700 134.62286900,34.22370100 134.62276900,34.22377000 134.62266500,34.22374600 134.62255400,34.22376900 134.62245100,34.22380700 134.62233700,34.22372700 134.62221200,34.22366200 134.62215800,34.22362000 134.62210900,34.22359000 134.62199200,34.22359400 134.62191900,34.22356700 134.62186000,34.22356500 134.62169000,34.22360700 134.62151300,34.22360800 134.62148600,34.22362100 134.62137800,34.22358900 134.62130400,34.22358900 134.62124900,34.22360900 134.62122500,34.22367100 134.62117100,34.22374200 134.62108900,34.22378000 134.62102800,34.22389800 134.62103200,34.22402200 134.62105500,34.22412100 134.62106600,34.22418400 134.62101300,34.22420700 134.62076200,34.22417300 134.62055800,34.22417500 134.62041000,34.22419400 134.62021600,34.22428100 134.62009800,34.22439400 134.61995900,34.22444900 134.61988600,34.22464200 134.61989100,34.22470200 134.61991600,34.22476000 134.62009200,34.22485600 134.62022700,34.22489700 134.62056300,34.22490800 134.62057500,34.22491700 134.62057800,34.22495900 134.62044100,34.22508300 134.62036300,34.22520300 134.62036300,34.22532200 134.62050600,34.22559300 134.62057500,34.22563600 134.62057200,34.22568100 134.62047500,34.22574100 134.62048000,34.22583800 134.62042200,34.22594600 134.62043700,34.22607600 134.62033000,34.22615000 134.62017800,34.22635400 134.62012100,34.22684200 134.62008300,34.22715600 134.61957000,34.22748600 134.61953200,34.22767500 134.61949400,34.22791100 134.61935100,34.22809200 134.61929400,34.22831200 134.61938900,34.22868100 134.61905600,34.22946700 134.61884700,34.23001800 134.61860900,34.23018300 134.61849500,34.23021400 134.61851400,34.23041800 134.61849500,34.23059900 134.61841900,34.23069400 134.61821000,34.23074900 134.61790600,34.23082700 134.61773500,34.23090600 134.61741100,34.23095300 134.61721200,34.23117300 134.61712600,34.23143200 134.61709800,34.23173900 134.61676500,34.23243800 134.61623300,34.23336100 134.61596600,34.23419400 134.61588100,34.23441500 134.61544300,34.23474500 134.61526100,34.23482000 134.61504700,34.23493800 134.61493300,34.23512700 134.61497600,34.23529200 134.61506100,34.23546900 134.61494700,34.23570400 134.61467600,34.23584600 134.61450500,34.23595200 134.61429100,34.23620000 134.61436300,34.23625800 134.61476200,34.23623500 134.61497600,34.23636500 134.61517500,34.23643500 134.61531800,34.23630600 134.61546100,34.23618800 134.61557500,34.23620000 134.61561700,34.23667100 134.61568900,34.23686000 134.61560300,34.23717800 134.61561700,34.23740200 134.61556000,34.23746100 134.61587400,34.23782600 134.61584600,34.23803900 134.61581700,34.23820400 134.61557500,34.23834500 134.61553200,34.23853400 134.61571700,34.23894600 134.61580300,34.23908800 134.61577400,34.23932400 134.61580300,34.23953600 134.61587400,34.23964200 134.61584600,34.23983100 134.61571700,34.23992500 134.61537500,34.23997200 134.61489000,34.24005500 134.61479000,34.24022000 134.61453400,34.24065600 134.61459100,34.24079700 134.61487600,34.24104500 134.61501900,34.24130400 134.61509000,34.24150500 134.61527500,34.24169300 134.61537500,34.24190600 134.61538900,34.24214100 134.61530400,34.24240300 134.61558900,34.24281600 134.61576000,34.24299200 134.61597400,34.24302800 134.61644500,34.24295700 134.61675800,34.24291000 134.61710100,34.24294500 134.61744300,34.24304000 134.61764200,34.24322800 134.61772800,34.24349900 134.61779900,34.24374700 134.61782800,34.24395900 134.61774200,34.24416000 134.61744300,34.24424200 134.61711500,34.24437200 134.61690100,34.24451300 134.61685800,34.24473700 134.61681500,34.24482000 134.61658700,34.24494900 134.61638800,34.24523200 134.61624500,34.24550300 134.61620200,34.24609300 134.61611700,34.24651700 134.61596000,34.24683600 134.61583100,34.24711800 134.61571700,34.24733100 134.61568900,34.24767300 134.61573200,34.24800300 134.61578900,34.24810900 134.61573200,34.24828600 134.61557500,34.24845100 134.61534600,34.24868600 134.61519000,34.24888700 134.61500400,34.24919300 134.61491900,34.24944100 134.61480500,34.24973500 134.61474800,34.24984400 134.61439100,34.25009100 134.61392000,34.25035100 134.61360700,34.25045700 134.61309300,34.25050400 134.61290800,34.25050400 134.61262300,34.25039800 134.61238000,34.25030400 134.61173900,34.25019800 134.61119700,34.25009100 134.61079700,34.25018600 134.61034100,34.25017400 134.61006800,34.25019800 134.60942200,34.24955300 134.60888900,34.24909800 134.60843300,34.24881500 134.60797700,34.24848500 134.60772900,34.24823300 134.60752000,34.24780900 134.60733000,34.24744700 134.60696900,34.24710200 134.60637900,34.24696000 134.60561900,34.24688100 134.60541000,34.24677100 134.60529600,34.24647300 134.60510500,34.24600100 134.60470600,34.24564000 134.60438300,34.24537300 134.60388900,34.24476000 134.60377500,34.24457200 134.60284800,34.24490600 134.60276500,34.24479800 134.60274100,34.24454300 134.60267000,34.24434600 134.60256300,34.24426800 134.60248000,34.24419900 134.60244400,34.24405100 134.60238500,34.24388400 134.60208800,34.24348200 134.60186200,34.24324600 134.60133900,34.24297100 134.60126800,34.24292200 134.60117200,34.24269600 134.60111300,34.24247000 134.60095900,34.24252900 134.60092300,34.24264700 134.60087500,34.24283300 134.60082800,34.24289200 134.60061400,34.24295100 134.60034100,34.24291200 134.60012700,34.24291200 134.59981800,34.24300000 134.59947300,34.24316700 134.59911700,34.24342300 134.59890300,34.24363900 134.59873600,34.24376700 134.59857000,34.24377600 134.59821300,34.24365800 134.59785700,34.24346200 134.59753600,34.24331500 134.59729800,34.24329500 134.59704900,34.24334400 134.59682300,34.24329500 134.59671600,34.24308900 134.59649000,34.24300000 134.59621700,34.24288200 134.59608600,34.24285300 134.59599100,34.24274500 134.59571800,34.24268600 134.59563500,34.24255800 134.59544400,34.24250900 134.59543300,34.24245000 134.59513500,34.24242100 134.59499300,34.24239100 134.59488600,34.24234200 134.59480300,34.24235200 134.59468300,34.24229600 134.59451600,34.24211900 134.59448100,34.24182400 134.59430200,34.24162800 134.59414800,34.24147100 134.59404100,34.24130400 134.59400500,34.24117600 134.59386300,34.24112700 134.59381500,34.24097000 134.59369600,34.24080300 134.59373200,34.24068500 134.59379100,34.24055700 134.59381500,34.24037000 134.59397000,34.24016400 134.59411200,34.23993800 134.59414800,34.23959400 134.59410000,34.23934900 134.59397000,34.23909300 134.59392200,34.23897500 134.59381500,34.23890600 134.59377900,34.23873900 134.59369600,34.23864100 134.59363700,34.23851300 134.59356500,34.23835600 134.59351800,34.23830700 134.59345900,34.23810100 134.59339900,34.23803200 134.59334000,34.23794400 134.59341100,34.23783600 134.59368400,34.23762900 134.59372900,34.23756900 134.59372000,34.23741900 134.59379600,34.23729400 134.59391000,34.23710500 134.59398600,34.23688500 134.59410000,34.23672000 134.59419500,34.23657800 134.59425200,34.23641300 134.59416700,34.23617000 134.59398600,34.23598900 134.59384300,34.23586300 134.59376700,34.23573700 134.59373900,34.23554100 134.59369100,34.23539200 134.59352000,34.23528900 134.59324400,34.23520300 134.59317800,34.23510900 134.59313000,34.23498300 134.59320600,34.23473900 134.59315900,34.23461300 134.59296900,34.23446400 134.59270300,34.23426800 134.59258800,34.23418100 134.59247400,34.23400800 134.59242700,34.23383500 134.59249300,34.23366200 134.59245500,34.23352100 134.59225600,34.23341100 134.59209400,34.23333200 134.59195100,34.23318300 134.59183100,34.23302200 134.59173600,34.23298300 134.59160500,34.23284500 134.59154600,34.23266900 134.59133200,34.23271800 134.59115400,34.23279600 134.59101100,34.23288500 134.59089200,34.23295400 134.59082100,34.23289500 134.59088000,34.23280600 134.59090400,34.23272800 134.59090400,34.23258000 134.59080900,34.23250200 134.59073800,34.23245200 134.59073800,34.23229500 134.59060700,34.23235400 134.59051200,34.23242300 134.59046400,34.23246200 134.59028600,34.23238400 134.59036900,34.23216700 134.59039300,34.23206900 134.59039300,34.23203000 134.59031000,34.23199100 134.59022700,34.23201000 134.59004800,34.23212800 134.58962100,34.23256000 134.58946600,34.23258000 134.58913300,34.23259000 134.58896700,34.23255100 134.58878900,34.23246200 134.58865800,34.23232500 134.58863400,34.23216700 134.58872900,34.23210900 134.58890700,34.23203000 134.58912100,34.23179400 134.58921600,34.23168600 134.58927600,34.23150900 134.58926400,34.23131300 134.58931200,34.23115500 134.58956100,34.23091000 134.58970400,34.23075300 134.58971600,34.23048700 134.58805200,34.23018300
			</coordinates>
		</LineString>
	</Placemark>
	<Placemark>
		<name>SHIKOKU_TKS_02</name>
		<description>大麻山探勝のみち</description>
		<styleUrl>#lineStyle0</styleUrl>
		<LineString>
			<coordinates> 134.50239100,34.15890400 134.50239000,34.15901400 134.50214000,34.15912200 134.50229500,34.16028200 134.50225900,34.16058700 134.50235400,34.16117700 134.50236600,34.16180600 134.50234200,34.16210100 134.50254400,34.16329100 134.50265100,34.16395000 134.50266300,34.16442600 134.50268700,34.16589100 134.50262700,34.16659900 134.50240200,34.16744500 134.50225900,34.16796600 134.50220000,34.16821200 134.50217600,34.16848700 134.50221200,34.16883100 134.50239000,34.16952300 134.50272300,34.16979900 134.50299600,34.17023100 134.50318600,34.17087000 134.50313800,34.17128300 134.50305500,34.17147000 134.50315000,34.17181400 134.50315000,34.17211100 134.50267500,34.17232800 134.50244900,34.17243600 134.50225900,34.17253000 134.50244000,34.17294700 134.50277200,34.17341900 134.50331400,34.17343500 134.50330500,34.17397000 134.50338100,34.17420600 134.50330500,34.17422900 134.50326700,34.17434700 134.50323800,34.17447300 134.50308600,34.17452800 134.50306700,34.17462200 134.50302900,34.17463800 134.50303900,34.17482700 134.50296300,34.17493700 134.50304800,34.17502400 134.50304800,34.17516500 134.50298200,34.17530700 134.50294400,34.17554700 134.50280100,34.17579900 134.50268700,34.17604300 134.50260100,34.17627100 134.50249700,34.17655400 134.50240200,34.17682900 134.50240200,34.17696300 134.50226900,34.17716800 134.50229700,34.17724600 134.50221200,34.17733300 134.50216400,34.17743500 134.50203100,34.17751400 134.50170800,34.17758500 134.50160300,34.17797800 134.50146000,34.17820600 134.50150800,34.17828500 134.50157500,34.17835500 134.50140300,34.17843400 134.50143200,34.17853600 134.50128900,34.17853600 134.50135600,34.17867800 134.50125100,34.17867800 134.50114700,34.17867000 134.50100400,34.17881100 134.50077600,34.17922800 134.50052900,34.17977100 134.50044300,34.17998300 134.50039600,34.18020400 134.50024400,34.18041600 134.50009100,34.18047900 134.49998700,34.18058900 134.49995800,34.18069900 134.49998700,34.18083300 134.49990100,34.18086400 134.49993000,34.18091900 134.49990100,34.18102200 134.50000600,34.18107300 134.50002500,34.18115200 134.49994900,34.18119900 134.49997700,34.18124700 134.49993900,34.18127800 134.50004400,34.18138000 134.50006300,34.18143500 134.49992000,34.18146700 134.49996800,34.18151400 134.50000600,34.18152200 134.49992000,34.18160000 134.49978700,34.18166300 134.49976800,34.18174200 134.49984400,34.18178900 134.50001500,34.18180500 134.50003400,34.18189100 134.50007200,34.18197000 134.50007200,34.18201700 134.49997700,34.18201700 134.49983500,34.18202500 134.49984305,34.18208506 134.49978145,34.18211804 134.49993000,34.18230000 134.50014900,34.18237500 134.50014900,34.18258100 134.50012500,34.18281700 134.50001900,34.18302400 134.49988800,34.18323000 134.49990158,34.18338312 134.49995900,34.18366300 134.49979300,34.18383000 134.49954300,34.18388900 134.49938900,34.18400700 134.49931034,34.18417821 134.49925800,34.18423300 134.49925800,34.18433100 134.49934100,34.18448800 134.49922200,34.18451800 134.49923400,34.18461600 134.49941200,34.18476400 134.49944800,34.18485200 134.49922200,34.18500000 134.49916300,34.18505900 134.49923400,34.18515700 134.49943600,34.18521600 134.49946000,34.18527500 134.49932900,34.18538300 134.49917500,34.18538300 134.49916300,34.18547200 134.49942400,34.18566800 134.49936500,34.18574700 134.49919900,34.18578600 134.49944800,34.18586500 134.49959100,34.18587500 134.49953100,34.18603200 134.49956063,34.18615809 134.49954300,34.18613000 134.49953100,34.18603200 134.49959100,34.18587500 134.49944800,34.18586500 134.49919900,34.18578600 134.49936500,34.18574700 134.49942400,34.18566800 134.49916300,34.18547200 134.49917500,34.18538300 134.49932900,34.18538300 134.49946000,34.18527500 134.49943600,34.18521600 134.49923400,34.18515700 134.49916300,34.18505900 134.49922200,34.18500000 134.49944800,34.18485200 134.49941200,34.18476400 134.49923400,34.18461600 134.49922200,34.18451800 134.49934100,34.18448800 134.49931700,34.18443900 134.49925800,34.18433100 134.49925800,34.18423300 134.49932900,34.18414400 134.49938900,34.18400700 134.49954300,34.18388900 134.49979300,34.18383000 134.49995900,34.18366300 134.49994700,34.18353500 134.49987600,34.18338700 134.49988800,34.18323000 134.50001900,34.18302400 134.50012500,34.18281700 134.50014900,34.18258100 134.50014900,34.18237500 134.49993000,34.18230000 134.49969000,34.18238500 134.49938100,34.18295500 134.49925000,34.18313200 134.49915500,34.18349600 134.49903600,34.18363300 134.49898900,34.18397700 134.49879800,34.18416400 134.49869100,34.18448800 134.49858500,34.18459700 134.49835900,34.18466500 134.49807400,34.18480300 134.49791900,34.18506800 134.49790700,34.18529500 134.49784800,34.18546200 134.49769300,34.18562900 134.49752700,34.18584500 134.49728900,34.18587500 134.49699200,34.18593400 134.49662400,34.18584500 134.49637400,34.18575700 134.49618400,34.18563900 134.49607700,34.18551100 134.49597000,34.18532400 134.49589900,34.18518600 134.49582700,34.18513700 134.49549500,34.18516700 134.49518600,34.18509800 134.49484100,34.18491100 134.49478200,34.18478300 134.49467500,34.18472400 134.49429400,34.18469500 134.49391400,34.18465600 134.49367600,34.18459700 134.49359300,34.18446900 134.49360500,34.18436100 134.49364100,34.18428200 134.49373600,34.18424300 134.49393800,34.18424300 134.49404500,34.18424300 134.49436600,34.18413500 134.49459200,34.18403600 134.49468700,34.18395800 134.49478200,34.18366300 134.49482900,34.18334800 134.49491200,34.18307300 134.49505500,34.18274800 134.49517400,34.18256200 134.49520900,34.18231600 134.49512600,34.18210900 134.49491200,34.18197200 134.49478200,34.18188300 134.49475800,34.18152000 134.49467500,34.18130300 134.49436600,34.18107700 134.49412800,34.18095900 134.49399700,34.18092000 134.49385500,34.18065400 134.49367600,34.18042400 134.49355800,34.18035500 134.49329600,34.18044400 134.49311800,34.18035500 134.49292800,34.18029600 134.49277300,34.18014900 134.49254700,34.18008000 134.49223800,34.18002100 134.49216700,34.17986400 134.49204800,34.17965700 134.49173900,34.17945100 134.49145400,34.17942200 134.49126400,34.17935300 134.49116900,34.17928400 134.49075300,34.17926400 134.49064600,34.17921500 134.49061000,34.17909700 134.49049200,34.17895000 134.49034400,34.17881200 134.49000000,34.17865500 134.48978600,34.17858600 134.48964300,34.17856600 134.48951200,34.17830100 134.48937000,34.17824200 134.48897800,34.17818300 134.48889400,34.17802500 134.48862100,34.17788800 134.48850200,34.17777000 134.48834800,34.17754400 134.48820500,34.17750400 134.48795600,34.17750400 134.48781300,34.17747500 134.48770600,34.17741600 134.48733800,34.17768100 134.48691000,34.17791700 134.48656500,34.17807500 134.48642200,34.17800600 134.48622000,34.17792700 134.48599500,34.17781900 134.48595900,34.17768100 134.48572100,34.17758300 134.48548400,34.17749500 134.48535300,34.17736700 134.48527700,34.17735600 134.48522500,34.17734000 134.48506800,34.17721000 134.48495400,34.17718300 134.48480100,34.17715500 134.48464000,34.17711600 134.48445900,34.17704100 134.48430200,34.17689600 134.48428800,34.17677800 134.48429800,34.17670700 134.48438800,34.17668300 134.48446400,34.17669100 134.48457800,34.17668300 134.48476300,34.17667200 134.48485400,34.17661700 134.48493500,34.17656500 134.48499600,34.17652200 134.48509600,34.17650600 134.48525300,34.17652600 134.48544300,34.17660500 134.48563300,34.17670300 134.48577600,34.17677000 134.48581900,34.17677400 134.48598500,34.17673500 134.48618000,34.17689200 134.48638900,34.17706900 134.48650300,34.17712000 134.48664100,34.17706100 134.48670800,34.17691900 134.48671700,34.17679700 134.48667900,34.17669900 134.48673600,34.17648700 134.48681700,34.17640800 134.48695000,34.17630600 134.48697400,34.17618400 134.48694100,34.17589300 134.48694500,34.17579500 134.48706900,34.17564900 134.48732600,34.17540100 134.48746400,34.17539700 134.48755400,34.17548000 134.48777700,34.17588500 134.48787700,34.17593600 134.48796700,34.17595600 134.48814300,34.17584200 134.48835700,34.17566900 134.48851400,34.17552700 134.48859500,34.17544500 134.48882200,34.17536800 134.48915500,34.17531200 134.48933500,34.17540700 134.48936400,34.17565900 134.48948800,34.17583200 134.48972500,34.17587100 134.48987700,34.17558800 134.49018200,34.17500600 134.49039100,34.17493500 134.49061900,34.17488800 134.49075200,34.17501400 134.49091400,34.17510000 134.49103700,34.17508400 134.49133200,34.17474600 134.49165500,34.17475400 134.49189300,34.17468300 134.49205500,34.17471500 134.49217800,34.17494300 134.49218800,34.17513200 134.49200700,34.17528900 134.49178800,34.17543800 134.49175000,34.17554100 134.49174100,34.17561900 134.49181700,34.17567400 134.49209300,34.17565100 134.49261500,34.17551700 134.49285300,34.17528100 134.49292000,34.17508400 134.49295800,34.17484100 134.49302400,34.17475400 134.49313800,34.17473800 134.49328100,34.17482500 134.49338600,34.17485600 134.49348100,34.17480100 134.49359500,34.17468300 134.49372800,34.17462000 134.49387000,34.17461200 134.49396500,34.17485600 134.49397500,34.17507600 134.49403200,34.17518700 134.49408900,34.17521800 134.49422200,34.17517100 134.49432700,34.17506100 134.49444100,34.17440800 134.49456400,34.17436100 134.49481200,34.17434500 134.49505900,34.17435300 134.49517300,34.17449400 134.49525800,34.17458900 134.49538200,34.17459700 134.49549600,34.17434500 134.49565000,34.17388900 134.49641100,34.17351900 134.49692400,34.17322800 134.49716200,34.17274800 134.49754200,34.17190700 134.49764700,34.17174100 134.49784600,34.17163900 134.49816000,34.17161600 134.49881600,34.17185200 134.49918700,34.17197700 134.49957700,34.17194600 134.50008000,34.17181200 134.50050800,34.17160000 134.50091700,34.17127700 134.50089800,34.17104100 134.50074600,34.17049200 134.50065100,34.17013800 134.50058400,34.16953300 134.50041300,34.16914700 134.50014700,34.16870700 134.49991900,34.16836800 134.49984300,34.16811700 134.49983300,34.16786500 134.49987100,34.16725100 134.49990000,34.16664600 134.49990000,34.16626000 134.49971900,34.16567000 134.49960500,34.16526100 134.49956700,34.16468700 134.49928700,34.16436100 134.49885000,34.16410900 134.49852600,34.16398300 134.49829800,34.16414100 134.49835500,34.16458100 134.49833600,34.16481700 134.49808900,34.16503700 134.49784200,34.16473800 134.49761400,34.16503700 134.49753800,34.16539900 134.49727200,34.16569800 134.49696700,34.16558800 134.49692900,34.16561900 134.49683400,34.16565100 134.49658700,34.16547800 134.49643500,34.16495900 134.49622600,34.16464400 134.49607000,34.16441700 134.49602300,34.16415700 134.49598500,34.16393700 134.49606100,34.16374800 134.49632700,34.16358300 134.49663100,34.16336300 134.49658400,34.16330000 134.49642200,34.16331600 134.49635600,34.16324500 134.49626100,34.16315000 134.49610800,34.16309500 134.49601300,34.16301700 134.49619400,34.16300900 134.49634600,34.16305600 134.49628000,34.16297700 134.49618500,34.16292200 134.49604200,34.16289100 134.49627000,34.16285900 134.49640300,34.16289100 134.49630800,34.16279600 134.49634600,34.16263900 134.49643200,34.16245000 134.49646000,34.16194700 134.49661300,34.16170100 134.49658500,34.16151300 134.49661300,34.16137900 134.49672700,34.16128400 134.49677500,34.16104100 134.49678400,34.16086000 134.49684100,34.16068700 134.49685100,34.16050600 134.49688900,34.16041900 134.49693700,34.16025400 134.49689900,34.16004900 134.49684100,34.15992300 134.49680300,34.15975800 134.49685100,34.15957700 134.49688900,34.15944400 134.49696500,34.15924700 134.49696500,34.15909700 134.49685100,34.15885400 134.49681300,34.15865700 134.49680300,34.15835000 134.49680300,34.15809500 134.49677500,34.15774900
			</coordinates>
		</LineString>
	</Placemark>
	<Placemark>
		<name>SHIKOKU_TKS_03</name>
		<description>阿波歴史のみち</description>
		<styleUrl>#lineStyle0</styleUrl>
		<LineString>
			<coordinates> 134.54199200,34.16227800 134.54149800,34.16227800 134.54109800,34.16224700 134.54058500,34.16219900 134.53978600,34.16197900 134.53891200,34.16158600 134.53845500,34.16124000 134.53807500,34.16127100 134.53777100,34.16130300 134.53780900,34.16144400 134.53760000,34.16155400 134.53742100,34.16156800 134.53723600,34.16156200 134.53712900,34.16160300 134.53701500,34.16168000 134.53693700,34.16169200 134.53686500,34.16165700 134.53682200,34.16155600 134.53685100,34.16122000 134.53683700,34.16060000 134.53679900,34.16011800 134.53673300,34.15993600 134.53646000,34.15972000 134.53623400,34.15954300 134.53602000,34.15935100 134.53579500,34.15918900 134.53558700,34.15910500 134.53554500,34.15897200 134.53550900,34.15875100 134.53553300,34.15850000 134.53558100,34.15812600 134.53563400,34.15794000 134.53509300,34.15763600 134.53461200,34.15736500 134.53429700,34.15733100 134.53375600,34.15720300 134.53307300,34.15696700 134.53261000,34.15676500 134.53198600,34.15644600 134.53155800,34.15627400 134.53129000,34.15617000 134.53086300,34.15609700 134.53019100,34.15601800 134.53005100,34.15600800 134.52972400,34.15605700 134.52945100,34.15606700 134.52917200,34.15602300 134.52898700,34.15590500 134.52887400,34.15581600 134.52859500,34.15568900 134.52838100,34.15557100 134.52784100,34.15556600 134.52692000,34.15565900 134.52681500,34.15561700 134.52656700,34.15555000 134.52640100,34.15547500 134.52623000,34.15536500 134.52603000,34.15527900 134.52568800,34.15514500 134.52556400,34.15506600 134.52541200,34.15502300 134.52508000,34.15501900 134.52484200,34.15502700 134.52462300,34.15507000 134.52432400,34.15512100 134.52408600,34.15519200 134.52395300,34.15528300 134.52377200,34.15541600 134.52360100,34.15545600 134.52345400,34.15547500 134.52332500,34.15553400 134.52321100,34.15560900 134.52314000,34.15581800 134.52304000,34.15566800 134.52289800,34.15552600 134.52275500,34.15544400 134.52253200,34.15542400 134.52232200,34.15542800 134.52221800,34.15528600 134.52209000,34.15522000 134.52193700,34.15520800 134.52107700,34.15507400 134.52061100,34.15499500 134.52026900,34.15497600 134.51991700,34.15498800 134.51986000,34.15492200 134.51974100,34.15473700 134.51958400,34.15450100 134.51968900,34.15435200 134.51981300,34.15352600 134.51944700,34.15351400 134.51857700,34.15345900 134.51767800,34.15336100 134.51744100,34.15332900 134.51703000,34.15326300 134.51694100,34.15323600 134.51684300,34.15320200 134.51674500,34.15314000 134.51664100,34.15305000 134.51659000,34.15300300 134.51649500,34.15296100 134.51641200,34.15292700 134.51630500,34.15290900 134.51597200,34.15287700 134.51568700,34.15285500 134.51541400,34.15285300 134.51514900,34.15288300 134.51505800,34.15286700 134.51500100,34.15274500 134.51443600,34.15281600 134.51422700,34.15282400 134.51392700,34.15278800 134.51373700,34.15272100 134.51357500,34.15267400 134.51350400,34.15261100 134.51346100,34.15251300 134.51339500,34.15241900 134.51336100,34.15236300 134.51310900,34.15235600 134.51263400,34.15234800 134.51234400,34.15238300 134.51146100,34.15241400 134.51034900,34.15250100 134.51008300,34.15246100 134.50978800,34.15238300 134.50957900,34.15234300 134.50942700,34.15239800 134.50915100,34.15251600 134.50893200,34.15254800 134.50898000,34.15291000 134.50904700,34.15291000 134.50901800,34.15313800 134.50886600,34.15346800 134.50882800,34.15363400 134.50879900,34.15389300 134.50880900,34.15401100 134.50826700,34.15408200 134.50822900,34.15442800 134.50827600,34.15462500 134.50837200,34.15475900 134.50850500,34.15482200 134.50848600,34.15512800 134.50855900,34.15525300 134.50873000,34.15519800 134.50892000,34.15657500 134.50941400,34.15653600 134.50931900,34.15673200 134.50915700,34.15730700 134.50901500,34.15778700 134.50876800,34.15821900 134.50853000,34.15847100 134.50808300,34.15872300 134.50720800,34.15867600 134.50677100,34.15864400 134.50637200,34.15866800 134.50530700,34.15880100 134.50467300,34.15884600 134.50296200,34.15890400 134.50239100,34.15890400 134.50192100,34.15881000 134.50152100,34.15863300 134.50090800,34.15839700 134.50052300,34.15819600 134.50013800,34.15811400 134.49889700,34.15781900 134.49682800,34.15747600 134.49672800,34.15745600 134.49558000,34.15723000 134.49459400,34.15688600 134.49351300,34.15649200 134.49268100,34.15606900 134.49203900,34.15557800 134.49181200,34.15535000 134.49141300,34.15541300 134.49121400,34.15536500 134.49120400,34.15527100 134.49113700,34.15512100 134.49115600,34.15476000 134.49111800,34.15465700 134.49096600,34.15462600 134.49073800,34.15459400 134.49072900,34.15448400 134.49050000,34.15411400 134.49055800,34.15392600 134.49045300,34.15366600 134.49044300,34.15350100 134.49044300,34.15332000 134.49037700,34.15318600 134.49026300,34.15302100 134.48992100,34.15277700 134.48945500,34.15251700 134.48925500,34.15239100 134.48893200,34.15232900 134.48860900,34.15232100 134.48836100,34.15228100 134.48806700,34.15223400 134.48761000,34.15200600 134.48724000,34.15184900 134.48696400,34.15173100 134.48683100,34.15165200 134.48672600,34.15149500 134.48663100,34.15128200 134.48634600,34.15103000 134.48544800,34.15036800 134.48462100,34.14984100 134.48423100,34.14966800 134.48379300,34.14948700 134.48344200,34.14926700 134.48316600,34.14914100 134.48276700,34.14911000 134.48232900,34.14907800 134.48174000,34.14902300 134.48146400,34.14902300 134.48100800,34.14914100 134.48049400,34.14909400 134.48032300,34.14894400 134.48011400,34.14884200 134.47996200,34.14877900 134.47976200,34.14875500 134.47913300,34.14835700 134.47870500,34.14805800 134.47841000,34.14796400 134.47808700,34.14789300 134.47778300,34.14785400 134.47748800,34.14786200 134.47708900,34.14792500 134.47649000,34.14796400 134.47591000,34.14787700 134.47545400,34.14783800 134.47494000,34.14812100 134.47447300,34.14829400 134.47392100,34.14828700 134.47315100,34.14816900 134.47216200,34.14797200 134.47081900,34.14773800 134.47066800,34.14764200
			</coordinates>
		</LineString>
	</Placemark>
	<Placemark>
		<name>SHIKOKU_TKS_04</name>
		<description>山里のみち</description>
		<styleUrl>#lineStyle0</styleUrl>
		<LineString>
			<coordinates> 134.45040200,34.14181700 134.45025900,34.14201800 134.45025900,34.14256000 134.45015900,34.14260800 134.45004500,34.14310300 134.44997400,34.14348100 134.45004500,34.14387100 134.45020200,34.14405900 134.45025900,34.14422500 134.45037300,34.14480300 134.45031600,34.14505100 134.45033100,34.14548800 134.45034500,34.14590100 134.45034500,34.14620700 134.45052500,34.14670000 134.45036900,34.14729000 134.45072500,34.14785700 134.45098200,34.14895400 134.45109600,34.14927300 134.45116700,34.14948600 134.45118100,34.14961500 134.45103900,34.14987500 134.45098200,34.15017000 134.45108200,34.15093700 134.45146700,34.15212900 134.45143800,34.15256600 134.45149500,34.15288400 134.45172300,34.15323400 134.45188000,34.15368200 134.45193700,34.15403600 134.45185200,34.15420100 134.45143800,34.15466200 134.45113900,34.15502800 134.45049700,34.15568800 134.45018300,34.15613700 134.44998400,34.15652600 134.44958400,34.15678600 134.44938500,34.15698600 134.44931300,34.15721100 134.44959800,34.15747000 134.44967000,34.15769500 134.44947000,34.15808400 134.44934200,34.15837900 134.44961300,34.15885100 134.44954100,34.15899700 134.44947600,34.15903200 134.44950600,34.15907600 134.44955300,34.15908600 134.44954100,34.15913000 134.44951800,34.15917400 134.44950000,34.15924300 134.44953500,34.15928800 134.44961900,34.15926800 134.44969000,34.15930200 134.44969000,34.15937600 134.44972000,34.15942500 134.44972000,34.15948400 134.44965400,34.15956300 134.44944000,34.15967600 134.44927400,34.15979400 134.44913700,34.15988700 134.44903600,34.16006000 134.44901300,34.16024100 134.44901900,34.16057600 134.44901300,34.16081700 134.44903600,34.16101800 134.44906600,34.16133300 134.44914300,34.16147100 134.44931000,34.16149000 134.44942900,34.16147100 134.44949400,34.16150500 134.44953500,34.16154900 134.44952400,34.16170100 134.44946400,34.16178400 134.44946400,34.16188800 134.44954700,34.16217800 134.44955900,34.16236500 134.44951200,34.16257600 134.44953500,34.16270900 134.44960100,34.16301400 134.44976700,34.16307300 134.44988000,34.16308200 134.45005200,34.16313200 134.45021900,34.16321500 134.45032000,34.16335800 134.45032600,34.16344600 134.45038500,34.16352500 134.45046200,34.16354900 134.45077100,34.16352500 134.45100900,34.16352000 134.45122900,34.16357900 134.45138300,34.16365800 134.45148000,34.16376200 134.45157200,34.16385600 134.45169400,34.16388500 134.45185000,34.16382000 134.45200700,34.16382600 134.45225700,34.16393800 134.45235700,34.16405100 134.45240700,34.16416900 134.45250600,34.16419800 134.45259200,34.16422800 134.45281300,34.16441600 134.45289900,34.16446900 134.45300600,34.16454000 134.45314100,34.16472900 134.45283400,34.16490000 134.45264900,34.16501800 134.45245700,34.16511300 134.45211400,34.16529000 134.45181500,34.16539600 134.45180100,34.16559600 134.45172200,34.16566700 134.45156500,34.16573800 134.45164400,34.16595000 134.45177200,34.16618600 134.45168600,34.16614500 134.45154400,34.16600300 134.45144400,34.16588000 134.45135100,34.16575600 134.45128700,34.16570300 134.45120200,34.16569100 134.45111600,34.16571400 134.45114200,34.16589800 134.45104200,34.16609200 134.45090000,34.16608100 134.45080000,34.16619300 134.45078600,34.16629900 134.45081400,34.16652300 134.45072900,34.16663500 134.45070000,34.16670000 134.45073600,34.16678900 134.45073600,34.16704200 134.45095000,34.16717800 134.45116400,34.16746700 134.45155600,34.16789800 134.45164800,34.16805100 134.45186900,34.16819900 134.45200500,34.16832200 134.45226900,34.16844600 134.45234700,34.16860600 134.45241900,34.16878300 134.45250400,34.16881800 134.45278900,34.16887100 134.45313200,34.16893600 134.45358100,34.16906600 134.45380200,34.16919000 134.45389700,34.16920800 134.45304400,34.16950500 134.45272000,34.16980400 134.45283400,34.17022900 134.45241600,34.17082700 134.45289200,34.17101600 134.45218300,34.17189300 134.45256400,34.17208900 134.45218300,34.17269900 134.45187400,34.17293500 134.45130400,34.17376100 134.45175500,34.17405600 134.45170800,34.17433100 134.45151800,34.17470500 134.45132800,34.17517700 134.45125600,34.17541300 134.45085200,34.17588500 134.45054300,34.17604200 134.45044800,34.17625800 134.45004400,34.17688700 134.44945000,34.17704500 134.44930700,34.17718200 134.44876100,34.17732000 134.44835200,34.17752300 134.44773400,34.17762200 134.44721100,34.17785800 134.44694900,34.17823100 134.44678300,34.17882100 134.44680700,34.17933200 134.44685400,34.17966700 134.44704400,34.18015800 134.44692600,34.18057100 134.44694900,34.18102300 134.44690200,34.18157400 134.44685400,34.18222300 134.44637900,34.18495600 134.44675900,34.18497600 134.44706800,34.18511300 134.44718700,34.18529000 134.44721100,34.18560500 134.44699700,34.18609600 134.44666400,34.18652900 134.44626000,34.18704000 134.44599900,34.18745300 134.44580900,34.18796400 134.44550000,34.18837700 134.44500000,34.18845200 134.44447800,34.18910000 134.44388300,34.18910000 134.44381200,34.18941500 134.44390700,34.18963100 134.44431100,34.18951300 134.44447800,34.18949400 134.44497700,34.18955300 134.44504800,34.18971000 134.44459600,34.19043700 134.44516700,34.19039800 134.44469100,34.19073200 134.44407400,34.19104700 134.44355100,34.19126300 134.44340800,34.19126300 134.44317000,34.19147900 134.44250500,34.19187200 134.44229100,34.19201000 134.44150700,34.19183300 134.44067500,34.19157800 134.43979100,34.19127000 134.43943900,34.19121500 134.43914400,34.19104200 134.43950500,34.19144300 134.43924900,34.19175500 134.43899900,34.19210700 134.43867800,34.19256100 134.43841700,34.19320900 134.43844000,34.19346500 134.43858300,34.19397600 134.43884500,34.19456600 134.43934400,34.19505700 134.43958100,34.19549000 134.43960500,34.19668900 134.43936700,34.19712200 134.43912400,34.19715600
			</coordinates>
		</LineString>
	</Placemark>
	<Placemark>
		<name>SHIKOKU_TKS_05</name>
		<description>山寺のみち</description>
		<styleUrl>#lineStyle0</styleUrl>
		<LineString>
			<coordinates> 134.43166100,34.13675100 134.43161400,34.13726200 134.43137600,34.13804900 134.43154300,34.13828500 134.43187500,34.13810800 134.43249300,34.13816700 134.43296900,34.13814700 134.43318300,34.13799000 134.43349200,34.13791100 134.43396700,34.13787200 134.43437100,34.13779300 134.43380000,34.13820600 134.43299200,34.13869800 134.43223200,34.13893400 134.43194700,34.13940600 134.43151900,34.14015400 134.43123400,34.14100000 134.43094800,34.14168800 134.43071100,34.14194400 134.43021200,34.14261300 134.42992600,34.14290800 134.42992600,34.14345900 134.42968900,34.14422600 134.42957000,34.14475700 134.42968900,34.14530800 134.42987900,34.14607500 134.42974200,34.14616700 134.42955800,34.14637900 134.42930800,34.14679700 134.42915400,34.14696900 134.42881500,34.14699300 134.42870200,34.14698300 134.42833900,34.14710600 134.42826200,34.14717000 134.42808400,34.14754400 134.42799500,34.14763300 134.42766800,34.14780500 134.42746600,34.14798200 134.42715100,34.14820300 134.42681800,34.14841000 134.42663400,34.14846400 134.42615300,34.14863100 134.42579000,34.14849800 134.42568300,34.14850300 134.42529700,34.14854200 134.42511300,34.14865500 134.42521400,34.14854200 134.42541000,34.14846400 134.42579600,34.14842900 134.42602800,34.14836000 134.42617100,34.14829200 134.42623000,34.14822800 134.42619400,34.14818800 134.42601000,34.14820800 134.42593300,34.14823300 134.42588500,34.14821300 134.42587900,34.14813400 134.42598600,34.14807000 134.42621800,34.14795700 134.42632500,34.14788300 134.42630100,34.14783900 134.42605200,34.14793300 134.42594500,34.14797200 134.42577300,34.14790300 134.42571300,34.14790300 134.42550500,34.14797200 134.42525000,34.14808000 134.42514900,34.14808500 134.42503000,34.14807500 134.42445900,34.14822700 134.42405500,34.14830600 134.42367400,34.14840400 134.42290200,34.14877800 134.42247400,34.14890600 134.42197500,34.14896500 134.42110800,34.14920100 134.42010900,34.14970200 134.41936100,34.15036100 134.41902700,34.15078500 134.41869900,34.15156400 134.41815700,34.15184700 134.41788600,34.15220100 134.41737300,34.15256700 134.41725900,34.15300400 134.41704500,34.15328700 134.41661700,34.15393600 134.41636100,34.15432500 134.41616100,34.15465600 134.41551900,34.15519900 134.41509100,34.15514000 134.41460600,34.15498600 134.41423600,34.15493900 134.41383600,34.15492700 134.41343700,34.15498600 134.41330900,34.15449100 134.41320900,34.15427800 134.41316600,34.15417200 134.41320900,34.15394800 134.41328000,34.15370000 134.41328000,34.15351100 134.41310900,34.15328700 134.41298100,34.15312200 134.41305200,34.15277900 134.41323700,34.15210700 134.41320900,34.15178800 134.41308100,34.15141000 134.41271000,34.15138700 134.41232500,34.15154000 134.41181100,34.15198900 134.41166900,34.15227200 134.41155500,34.15263800 134.41141200,34.15294500 134.41134100,34.15308600 134.41116500,34.15293200 134.41092300,34.15263700 134.41063800,34.15243600 134.41049500,34.15238900 134.41022400,34.15241300 134.40989600,34.15261400 134.40973900,34.15293200 134.40972500,34.15336900 134.40983900,34.15371100 134.40983900,34.15388800 134.40978200,34.15398200 134.40952500,34.15399400 134.40931100,34.15399400 134.40908300,34.15413600 134.40889800,34.15445400 134.40865500,34.15471400 134.40848400,34.15486800 134.40835600,34.15498600 134.40824200,34.15525700 134.40824200,34.15559900 134.40844100,34.15608300 134.40852700,34.15649600 134.40848400,34.15688600 134.40818500,34.15695600 134.40774300,34.15701500 134.40741500,34.15700400 134.40691300,34.15698700 134.40611400,34.15714400 134.40544900,34.15725500 134.40512600,34.15738000 134.40487900,34.15750600 134.40463100,34.15793100 134.40425100,34.15802600 134.40389000,34.15801000 134.40366200,34.15786800 134.40360500,34.15761600 134.40379500,34.15733300 134.40430800,34.15698700 134.40462900,34.15665300 134.40508500,34.15619800 134.40546300,34.15577900 134.40555600,34.15557900 134.40561300,34.15529600 134.40558400,34.15500100 134.40532800,34.15465200 134.40485700,34.15423300 134.40468600,34.15409800 134.40459300,34.15397400 134.40457200,34.15376700 134.40464300,34.15346000 134.40498800,34.15233800 134.40508300,34.15198400 134.40512100,34.15153500 134.40515900,34.15129100 134.40528300,34.15101600 134.40557800,34.15075600 134.40580600,34.15067000 134.40607200,34.15070100 134.40659500,34.15090600 134.40683300,34.15092200 134.40689000,34.15086700 134.40681400,34.15071700 134.40663300,34.15059900 134.40658600,34.15050500 134.40648100,34.15035500 134.40644300,34.15020600 134.40647100,34.15006400 134.40651000,34.14989100 134.40644300,34.14963900 134.40644300,34.14931700 134.40645200,34.14908800 134.40636700,34.14893900 134.40620500,34.14890000 134.40572000,34.14891500 134.40549200,34.14902500 134.40544500,34.14912000 134.40537800,34.14935600 134.40526400,34.14941100 134.40495000,34.14940300 134.40472200,34.14941100 134.40444600,34.14949000 134.40427500,34.14952100 134.40419900,34.14944200 134.40412300,34.14921400 134.40413300,34.14904900 134.40430400,34.14886800 134.40444600,34.14870300 134.40450300,34.14853100 134.40453200,34.14827200 134.40447500,34.14795700 134.40443700,34.14778400 134.40443700,34.14758700 134.40451300,34.14750100 134.40462700,34.14752400 134.40473200,34.14774500 134.40476000,34.14805100 134.40484600,34.14817700 134.40496900,34.14814600 134.40504500,34.14802000 134.40504500,34.14784700 134.40494100,34.14747700 134.40496900,34.14724900 134.40514000,34.14667400 134.40521700,34.14632800 134.40534000,34.14601400 134.40535000,34.14582500 134.40518800,34.14569100 134.40496900,34.14558100 134.40460800,34.14558900 134.40438900,34.14558900 134.40430400,34.14555700 134.40431300,34.14547100 134.40440800,34.14540800 134.40466500,34.14532100 134.40493100,34.14530500 134.40534000,34.14536000 134.40546400,34.14532100 134.40548300,34.14525000 134.40530200,34.14513200 134.40498800,34.14506100 134.40440800,34.14500600 134.40423700,34.14513200 134.40390500,34.14553400 134.40367600,34.14574600 134.40351500,34.14603700 134.40351500,34.14635200 134.40340100,34.14649300 134.40308700,34.14663500 134.40289700,34.14691100 134.40283000,34.14752400 134.40278300,34.14794900 134.40260200,34.14809100 134.40242100,34.14809900 134.40235500,34.14790200 134.40235500,34.14771300 134.40223100,34.14725700 134.40224100,34.14704400 134.40231700,34.14683200 134.40285900,34.14567500 134.40305200,34.14562300 134.40319500,34.14541600 134.40331400,34.14515100 134.40342100,34.14481600 134.40361100,34.14461000 134.40383700,34.14444200 134.40414600,34.14399000 134.40471600,34.14325200 134.40516800,34.14267200 134.40533400,34.14254400 134.40585700,34.14238700 134.40614200,34.14222000 134.40652300,34.14181600 134.40648700,34.14114800 134.40640400,34.14064600 134.40639200,34.13994800 134.40645100,34.13922600 134.40607100,34.13901900 134.40581000,34.13876300 134.40556000,34.13853700 134.40521500,34.13826200 134.40513200,34.13817300 134.40481100,34.13800600 134.40441900,34.13792700 134.40430000,34.13582200 134.40427700,34.13518300 134.40438300,34.13431300 134.40440700,34.13401800 134.40430000,34.13388000 134.40418100,34.13378200 134.40373000,34.13380200 134.40333800,34.13395900 134.40282700,34.13405800 134.40187600,34.13438200 134.40134100,34.13454900 134.40104400,34.13483500 134.40086600,34.13488400 134.40062800,34.13495300 134.40048600,34.13505100 134.40029500,34.13517900 134.39954700,34.13539500 134.39902400,34.13541500 134.39856000,34.13541500 134.39878600,34.13520800 134.39911900,34.13515900 134.39917800,34.13511000 134.39921400,34.13496300 134.39913100,34.13479500 134.39905900,34.13461800 134.39908300,34.13449000 134.39926100,34.13431300 134.39942800,34.13402800 134.39951100,34.13382100 134.39961800,34.13360500 134.39965400,34.13348700 134.39978400,34.13338900 134.40003400,34.13333900 134.40030700,34.13326100 134.40109200,34.13319200 134.40188800,34.13321200 134.40256500,34.13309400 134.40276700,34.13310300 134.40336100,34.13295600 134.40373000,34.13292600 134.40405100,34.13294600 134.40446700,34.13304400 134.40487100,34.13259200 134.40506100,34.13210000 134.40522700,34.13176600 134.40521500,34.13152000 134.40513200,34.13127400 134.40475200,34.13072300 134.40469200,34.13065400 134.40453800,34.13074300 134.40420500,34.13092900 134.40390800,34.13099800 134.40356300,34.13106700 134.40326600,34.13115600 134.40292200,34.13121500 134.40255300,34.13121500 134.40224400,34.13121500 134.40186400,34.13137200 134.40142400,34.13154900 134.40116300,34.13154900 134.40081800,34.13163800 134.40050900,34.13161800 134.40008100,34.13173600 134.39981000,34.13214100 134.39808700,34.13157100 134.39795600,34.13134500 134.39770600,34.13106900 134.39738500,34.13074500 134.39706500,34.13028200 134.39686200,34.13000700 134.39670800,34.12976100 134.39655400,34.12947600 134.39632800,34.12902300 134.39610200,34.12867900 134.39588800,34.12823800 134.39553100,34.12787400 134.39511600,34.12762800 134.39473500,34.12737200 134.39441400,34.12721500 134.39411700,34.12715600 134.39392700,34.12703800 134.39383200,34.12688100 134.39385600,34.12667400 134.39393900,34.12629000 134.39396300,34.12585700 134.39397500,34.12532600 134.39390300,34.12497200 134.39351800,34.12424800 134.39329300,34.12389400 134.39316200,34.12351000 134.39311400,34.12311700 134.39304300,34.12279200 134.39290000,34.12245700 134.39271000,34.12207400 134.39237700,34.12123800 134.39214000,34.12082400 134.39195000,34.12050900 134.39174800,34.12039100 134.39139100,34.12022400 134.39098700,34.12017500 134.39088000,34.12006700 134.39088000,34.11996800 134.39104600,34.11980100 134.39116500,34.11962400 134.39129600,34.11946700 134.39141500,34.11922100 134.39132000,34.11914200 134.39121300,34.11907300 134.39117700,34.11887600 134.39113000,34.11874800 134.39096300,34.11868900 134.39053500,34.11859100 134.39015500,34.11841400 134.38973900,34.11824700 134.38950200,34.11810900 134.38935900,34.11801100
			</coordinates>
		</LineString>
	</Placemark>
	<Placemark>
		<name>SHIKOKU_TKS_05</name>
		<description>山寺のみち</description>
		<styleUrl>#lineStyle0</styleUrl>
		<LineString>
			<coordinates> 134.44483000,34.14113300 134.44416300,34.14078300 134.44337900,34.14060600 134.44266600,34.14048800 134.44204800,34.14031100 134.44143000,34.14011500 134.44093100,34.13987900 134.44012300,34.13974100 134.43969500,34.13964200 134.43910100,34.13966200 134.43850700,34.13987900 134.43810200,34.13987900 134.43767500,34.14011500 134.43684300,34.14029200 134.43627200,34.14033100 134.43591600,34.14039000 134.43544000,34.14023300 134.43494100,34.14041000 134.43503600,34.14078300 134.43484600,34.14105900 134.43453700,34.14117700 134.43449000,34.14143300 134.43413300,34.14157000 134.43394300,34.14208200 134.43375300,34.14237700 134.43380000,34.14288800 134.43375300,34.14334100 134.43365800,34.14385200 134.43330100,34.14436400 134.43277800,34.14495400 134.43230300,34.14536700 134.43149500,34.14611400 134.43123400,34.14627200 134.43080600,34.14639000 134.43014000,34.14639000 134.42999800,34.14621800 134.43008500,34.14708900 134.43018000,34.14762400 134.43018000,34.14850500 134.43035100,34.14933900 134.43033200,34.14990500 134.43031300,34.15042500 134.43037000,34.15073900 134.43052300,34.15097500 134.43065600,34.15118000
			</coordinates>
		</LineString>
	</Placemark>
	<Placemark>
		<name>SHIKOKU_TKS_06</name>
		<description>丘陵地果樹園のみち</description>
		<styleUrl>#lineStyle0</styleUrl>
		<LineString>
			<coordinates> 134.38927600,34.11789200 134.38929400,34.11878200 134.38749700,34.11831000 134.38584300,34.11820300 134.38508700,34.11822700 134.38465900,34.11841600 134.38418900,34.11875800 134.38343300,34.11916000 134.38307600,34.11927800 134.38287700,34.11927800 134.38247700,34.11914800 134.38219200,34.11903000 134.38202100,34.11900600 134.38137900,34.11923100 134.38083700,34.11921900 134.38042400,34.11913600 134.38016700,34.11913600 134.37992500,34.11920700 134.37935400,34.11965600 134.37911200,34.11973800 134.37868400,34.11972600 134.37822800,34.11962000 134.37745800,34.11937200 134.37721500,34.11919500 134.37653100,34.11927800 134.37616000,34.11940800 134.37509000,34.11993900 134.37459700,34.12009200 134.37426900,34.12025800 134.37402200,34.12017000 134.37366500,34.12018000 134.37308300,34.12025900 134.37248900,34.12035700 134.37222700,34.12038700 134.37195400,34.12034700 134.37163300,34.12046500 134.37120500,34.12063200 134.37087200,34.12071100 134.37067000,34.12075100 134.37029000,34.12091800 134.37006400,34.12107500 134.36980300,34.12142900 134.36948200,34.12180300 134.36894700,34.12191100 134.36859100,34.12214800 134.36824600,34.12256100 134.36787800,34.12303300 134.36767600,34.12322000 134.36722400,34.12353500 134.36683200,34.12379000 134.36622600,34.12492200 134.36596400,34.12551200 134.36569100,34.12619900 134.36538200,34.12685800 134.36500200,34.12730100 134.36444300,34.12764500 134.36373000,34.12792000 134.36274400,34.12809700 134.36151300,34.12827400 134.35984900,34.12844200 134.35895700,34.12853000 134.35872000,34.12859900 134.35853000,34.12874700 134.35834000,34.12895300 134.35825600,34.12904200 134.35797100,34.12910100 134.35772200,34.12918900 134.35727000,34.12937600 134.35715100,34.12950400 134.35689000,34.12960300 134.35579600,34.12964200 134.35552300,34.12954400 134.35525000,34.12943500 134.35492900,34.12926800 134.35457200,34.12920900 134.35404900,34.12915000 134.35376400,34.12918000 134.35350300,34.12934700 134.35334800,34.12946500 134.35287300,34.13046800 134.35251600,34.13122600 134.35232600,34.13177700 134.35202900,34.13201300 134.35163700,34.13282900 134.35144600,34.13350400 134.35130400,34.13377200 134.35124600,34.13397700 134.35124600,34.13425200 134.35107500,34.13456700 134.35100900,34.13463000 134.35080000,34.13468500 134.35061900,34.13516500 134.35047600,34.13545600 134.35036200,34.13579400 134.35035300,34.13627400 134.35044800,34.13693500 134.35055200,34.13728200 134.35085700,34.13771400 134.35106600,34.13825000 134.35128400,34.13905100
			</coordinates>
		</LineString>
	</Placemark>
	<Placemark>
		<name>SHIKOKU_TKS_06</name>
		<description>丘陵地果樹園のみち</description>
		<styleUrl>#lineStyle0</styleUrl>
		<LineString>
			<coordinates> 134.35540500,34.14806300 134.35532100,34.14825900 134.35514300,34.14849500 134.35488200,34.14869200 134.35459700,34.14903600 134.35454900,34.14923300 134.35447800,34.14947900 134.35458500,34.14967600 134.35472700,34.14984300 134.35497700,34.14999000 134.35513100,34.15006900 134.35550000,34.15010800 134.35564200,34.15017700 134.35566600,34.15022600 134.35563000,34.15031500 134.35541700,34.15033500 134.35516700,34.15040300 134.35491700,34.15053100 134.35460800,34.15085600 134.35443000,34.15111200 134.35444200,34.15142600 134.35453700,34.15159300 134.35451300,34.15218400 134.35445400,34.15228200 134.35446600,34.15257700 134.35465600,34.15281300 134.35501300,34.15311800 134.35514300,34.15327500 134.35529800,34.15359000 134.35529800,34.15418000 134.35522600,34.15448300 134.35497700,34.15454200
			</coordinates>
		</LineString>
	</Placemark>
	<Placemark>
		<name>SHIKOKU_TKS_07</name>
		<description>山峡からの遍路みち</description>
		<styleUrl>#lineStyle0</styleUrl>
		<LineString>
			<coordinates> 134.35214000,34.15273100 134.35129900,34.15247100 134.35074300,34.15208200 134.34978700,34.15112600 134.34917400,34.15030000 134.34874600,34.14958000 134.34826100,34.14874200 134.34740600,34.14763200 134.34633600,34.14644000 134.34605500,34.14604700 134.34538900,34.14554600 134.34421300,34.14472900 134.34321500,34.14388300 134.34227600,34.14316500 134.34162200,34.14264400 134.34081400,34.14218200 134.34033900,34.14152300 134.33984000,34.14098200 134.33928100,34.14046100 134.33885300,34.14023400 134.33858000,34.14008700 134.33810500,34.13999800 134.33730800,34.13983100 134.33673800,34.13974200 134.33644100,34.13963400 134.33638100,34.13947700 134.33639300,34.13933900 134.33672600,34.13901100 134.33722500,34.13862700 134.33761700,34.13846000 134.33768900,34.13832200 134.33754600,34.13820400 134.33704700,34.13809600 134.33682100,34.13796800 134.33676200,34.13765300 134.33686900,34.13712200 134.33688000,34.13673800 134.33688000,34.13651200 134.33685700,34.13634500 134.33697600,34.13623700 134.33727300,34.13636500 134.33734400,34.13672900 134.33745100,34.13696500 134.33757000,34.13700400 134.33772400,34.13690600 134.33776000,34.13678800 134.33765300,34.13663000 134.33760500,34.13644300 134.33760500,34.13624700 134.33770000,34.13603000 134.33781900,34.13586300 134.33791400,34.13575500 134.33806900,34.13570600 134.33814000,34.13556800 134.33811600,34.13531200 134.33814000,34.13515500 134.33830700,34.13512500 134.33834200,34.13497800 134.33844900,34.13468300 134.33858000,34.13443700 134.33875800,34.13434800 134.33881800,34.13423000 134.33873400,34.13410200 134.33861600,34.13399400 134.33855600,34.13333500 134.33837800,34.13248900 134.33809300,34.13168200 134.33786700,34.13122600 134.33765300,34.13092100 134.33746300,34.13049800 134.33715400,34.13012400 134.33694000,34.12966200 134.33691200,34.12941800 134.33668800,34.12918300 134.33662900,34.12894700 134.33668800,34.12860200 134.33676000,34.12825800 134.33667600,34.12786400 134.33666500,34.12741200 134.33666500,34.12715600 134.33657000,34.12686100 134.33659300,34.12671300 134.33646300,34.12637900 134.33642700,34.12612300 134.33627200,34.12587900 134.33617700,34.12561400 134.33614200,34.12526900 134.33611800,34.12469900 134.33611800,34.12404000 134.33628400,34.12343900 134.33633200,34.12303600 134.33653400,34.12319400 134.33666500,34.12334100 134.33680700,34.12331200 134.33717600,34.12301600 134.33742500,34.12288900 134.33766300,34.12289800 134.33785300,34.12303600 134.33831600,34.12293800 134.33869700,34.12280000 134.33886300,34.12258400 134.33913600,34.12243600 134.33963600,34.12241600 134.33988500,34.12244600 134.33981400,34.12225900 134.33974300,34.12198300 134.33976600,34.12161900 134.33981400,34.12148200 134.34004000,34.12140300 134.34031300,34.12084200 134.34042000,34.12043900 134.34047900,34.12016300 134.34002800,34.12008500 134.33951700,34.12006500 134.33891100,34.12011400 134.33765100,34.12029100 134.33696200,34.12040900 134.33637900,34.12048800 134.33571400,34.12068500 134.33578500,34.11886500 134.33583300,34.11778000 134.33572600,34.11638300 134.33614200,34.11469100 134.33634400,34.11390400 134.33640300,34.11361900 134.33645100,34.11299900 134.33642700,34.11259500 134.33630800,34.11235900 134.33627200,34.11162100 134.33624900,34.11116900 134.33610600,34.11111000 134.33597500,34.11105100 134.33588000,34.11088300 134.33576100,34.11035200 134.33567800,34.10994900 134.33555900,34.10967300 134.33539300,34.10945700 134.33506000,34.10930900 134.33424200,34.10892400 134.33381400,34.10869800 134.33404000,34.10759600 134.33362400,34.10752700 134.33402800,34.10490000 134.33421800,34.10379000 134.33412300,34.10374000 134.33381400,34.10370100 134.33351700,34.10349400 134.33196000,34.10332700 134.33213800,34.10236300 134.33122300,34.10227400 134.33079600,34.10213600 134.33029600,34.10205800 134.32913200,34.10183100 134.32745600,34.10151600 134.32643900,34.10116200 134.32638000,34.10086700 134.32453800,34.10063100 134.32424000,34.10063100 134.32396700,34.10062100 134.32365800,34.10075900 134.32330200,34.10100500 134.32299300,34.10109300 134.32205400,34.10124100 134.32090100,34.10141800 134.32086500,34.10052300 134.32028300,34.10048300 134.31970100,34.10045400 134.31930900,34.10045400 134.31900000,34.10025700 134.31752600,34.10031600 134.31746800,34.10008500 134.31632700,34.10005000 134.31555400,34.10000600 134.31547100,34.10008500 134.31537600,34.10011900 134.31514400,34.10020300 134.31497200,34.10020800 134.31465100,34.10012400 134.31398000,34.10013900 134.31352800,34.10014400 134.31322900,34.10015800 134.31294900,34.10014900 134.31277100,34.10012400 134.31263500,34.10004000 134.31251600,34.09982900 134.31246800,34.09966200 134.31233100,34.09947500 134.31214100,34.09954300 134.31187400,34.09964200 134.31166000,34.09996200 134.31147000,34.10039500 134.31139300,34.10081300 134.31137500,34.10090100 134.31143400,34.10117200 134.31141000,34.10126600 134.31127400,34.10131500 134.31118500,34.10132000 134.31106600,34.10129500 134.31092900,34.10118200 134.31082200,34.10111300 134.31050700,34.10104900 134.31018600,34.10096500 134.30993100,34.10094100 134.30973700,34.10087200 134.30917900,34.10085700 134.30814500,34.10087200 134.30752700,34.10098000 134.30623100,34.10128500 134.30593400,34.10134900 134.30551800,34.10133000 134.30515200,34.10112800 134.30468300,34.10128000 134.30427900,34.10138400 134.30376800,34.10144800 134.30338200,34.10143800 134.30363100,34.10240700 134.30383900,34.10305600 134.30383900,34.10322000 134.30370800,34.10334800 134.30365500,34.10347100 134.30354800,34.10385000 134.30336400,34.10427300 134.30327400,34.10481400 134.30325000,34.10503000 134.30323200,34.10532000 134.30330300,34.10562000 134.30336300,34.10591600 134.30360000,34.10672300 134.30404000,34.10698300 134.30408200,34.10728500
			</coordinates>
		</LineString>
	</Placemark>
	<Placemark>
		<name>SHIKOKU_TKS_08</name>
		<description>四国三郎と語るみち</description>
		<styleUrl>#lineStyle0</styleUrl>
		<LineString>
			<coordinates> 134.34887500,34.05155400 134.34861300,34.05233800 134.34861300,34.05263300 134.34879800,34.05269200 134.34881300,34.05278700 134.34877000,34.05291700 134.34865600,34.05315300 134.34871300,34.05360200 134.34887000,34.05401600 134.34887800,34.05442000 134.34887800,34.05479800 134.34892100,34.05502200 134.34883500,34.05535300 134.34857900,34.05564800 134.34830800,34.05595600 134.34808000,34.05612100 134.34802300,34.05647500 134.34803700,34.05660500 134.34796600,34.05705400 134.34732400,34.05691300 134.34676800,34.05686500 134.34661100,34.05693600 134.34618300,34.05694800 134.34534200,34.05690100 134.34484200,34.05683000 134.34437200,34.05680600 134.34387300,34.05685400 134.34375900,34.05685400 134.34377300,34.05711300 134.34378700,34.05727900 134.34388700,34.05750300 134.34367300,34.05755100 134.34224700,34.05768100 134.34052100,34.05785800 134.34016500,34.05788100 134.33905300,34.05790500 134.33913800,34.05733800 134.33908100,34.05704300 134.33886700,34.05717300 134.33848200,34.05705400 134.33815400,34.05703100 134.33819700,34.05673500 134.33812600,34.05652300 134.33796900,34.05628600 134.33795400,34.05592000 134.33784000,34.05573100 134.33786900,34.05524700 134.33779800,34.05479800 134.33762600,34.05465600 134.33741000,34.05452400 134.33724900,34.05430300 134.33704900,34.05422500 134.33686800,34.05424800 134.33661200,34.05436600 134.33632800,34.05456100 134.33592900,34.05505700 134.33538700,34.05556100 134.33503500,34.05586800 134.33504400,34.05616800 134.33488300,34.05619100 134.33439800,34.05628600 134.33385600,34.05643500 134.33395100,34.05669500 134.33398000,34.05701000 134.33390400,34.05727800 134.33377100,34.05748300 134.33359000,34.05753000 134.33348500,34.05758500 134.33350100,34.05785800 134.33350100,34.05831500 134.33332900,34.05881900 134.33329100,34.05944900 134.33319600,34.05996900 134.33298700,34.06023700 134.33274000,34.06042600 134.33258800,34.06064700 134.33241700,34.06096200 134.33241100,34.06150900 134.33212600,34.06187300 134.33171000,34.06225700 134.33138900,34.06237500 134.33114000,34.06263100 134.33027200,34.06284800 134.33007000,34.06284800 134.32964200,34.06328100 134.32934500,34.06357600 134.32904800,34.06398000 134.32882200,34.06441300 134.32876300,34.06460000 134.32857300,34.06464900 134.32790700,34.06475800 134.32763400,34.06501400 134.32732500,34.06548600 134.32677800,34.06615600 134.32658800,34.06613600 134.32617600,34.06624800 134.32566500,34.06634600 134.32521300,34.06628700 134.32483300,34.06617900 134.32422700,34.06618800 134.32410800,34.06627700 134.32359700,34.06668100 134.32321700,34.06677900 134.32256300,34.06694600 134.32187400,34.06693700 134.32091100,34.06710400 134.32046000,34.06715300 134.31979400,34.06714300 134.31936600,34.06716300 134.31869300,34.06717400 134.31819400,34.06699700 134.31792100,34.06684900 134.31767200,34.06675200 134.31834300,34.06730700 134.31897000,34.06791000 134.31897000,34.06800400 134.31602300,34.06997300 134.31673600,34.07105600 134.31939800,34.07428500 134.32015900,34.07776900 134.31968400,34.07910000 134.31947500,34.07973000 134.31894900,34.07991100 134.31798000,34.08031500 134.31764700,34.08044800 134.31748700,34.08084100 134.31723100,34.08134300 134.31676800,34.08241600 134.31657800,34.08282400 134.31645900,34.08308000 134.31625700,34.08308900 134.31557300,34.08297100 134.31563300,34.08315800 134.31588200,34.08345800 134.31594200,34.08362100 134.31588800,34.08379800 134.31568600,34.08421100 134.31522900,34.08491500 134.31496700,34.08531400 134.31475300,34.08553000 134.31468200,34.08565300 134.31467600,34.08583100 134.31463500,34.08623000 134.31451600,34.08655000 134.31440900,34.08687000 134.31427200,34.08761800 134.31383800,34.08762800 134.31339900,34.08770600 134.31325600,34.08782000 134.31322000,34.08803600 134.31315500,34.08838600 134.31306600,34.08847400 134.31280400,34.08855300 134.31259100,34.08856300 134.31196700,34.08838100 134.31118200,34.08825300 134.31055800,34.08811000 134.31017200,34.08796200 134.30991100,34.08829700 134.30967300,34.08854300 134.30931700,34.08879400 134.30904300,34.08890700 134.30893500,34.08899000 134.30872700,34.08921600 134.30857300,34.08951100 134.30856100,34.09001300 134.30841800,34.09053500 134.30841200,34.09074700 134.30836500,34.09086000 134.30822200,34.09119400 134.30822200,34.09131200 134.30828100,34.09163100 134.30783000,34.09183800 134.30756800,34.09201500 134.30687900,34.09221200 134.30689100,34.09261600 134.30691500,34.09278300 134.30708100,34.09308800 134.30704600,34.09320600 134.30677200,34.09348200 134.30645100,34.09368800 134.30604700,34.09381600 134.30596400,34.09396400 134.30591700,34.09419000 134.30591700,34.09456400 134.30577400,34.09502700 134.30566700,34.09536100 134.30538200,34.09573500 134.30493000,34.09647300 134.30447900,34.09721100 134.30387200,34.09771300 134.30364700,34.09798700 134.30375400,34.09906900 134.30380100,34.09989600 134.30340900,34.10005300 134.30321900,34.10020100 134.30321900,34.10030900 134.30326600,34.10065400 134.30338200,34.10143800 134.30363100,34.10240700 134.30383900,34.10305600 134.30383900,34.10322000 134.30370800,34.10334800 134.30365500,34.10347100 134.30354800,34.10385000 134.30336400,34.10427300 134.30327400,34.10481400 134.30325000,34.10503000 134.30323200,34.10532000 134.30330300,34.10562000 134.30336300,34.10591600 134.30360000,34.10672300 134.30404000,34.10698300 134.30408200,34.10728500
			</coordinates>
		</LineString>
	</Placemark>
	<Placemark>
		<name>SHIKOKU_TKS_09</name>
		<description>焼山寺山峡の遍路みち</description>
		<styleUrl>#lineStyle0</styleUrl>
		<LineString>
			<coordinates> 134.34887500,34.05155400 134.34866500,34.05106600 134.34817100,34.04927000 134.34800000,34.04834000 134.34603700,34.04737300 134.34556600,34.04723200 134.34502400,34.04698300 134.34442500,34.04667600 134.34445400,34.04608500 134.34455400,34.04563600 134.34459600,34.04529400 134.34449700,34.04497500 134.34429700,34.04456100 134.34389800,34.04417100 134.34364100,34.04394700 134.34352700,34.04373400 134.34358400,34.04348600 134.34394000,34.04339100 134.34445400,34.04320200 134.34466800,34.04309600 134.34485300,34.04282400 134.34518100,34.04259900 134.34575200,34.04243400 134.34643600,34.04222100 134.34685000,34.04191400 134.34733400,34.04146500 134.34764800,34.04098300 134.34796200,34.04054600 134.34830400,34.04016800 134.34867500,34.03983700 134.34897400,34.03954100 134.34910300,34.03929300 134.34906000,34.03876100 134.34896000,34.03815900 134.34893200,34.03781600 134.34894600,34.03763900 134.34870400,34.03749700 134.34851800,34.03730800 134.34839000,34.03700000 134.34840400,34.03662200 134.34834700,34.03638600 134.34824700,34.03623200 134.34791900,34.03600800 134.34770500,34.03590100 134.34742000,34.03572400 134.34713500,34.03555900 134.34689200,34.03534600 134.34673600,34.03522800 134.34669300,34.03509800 134.34673600,34.03470800 134.34670700,34.03449300 134.34645000,34.03413800 134.34610800,34.03367700 134.34569400,34.03341700 134.34525200,34.03318100 134.34485300,34.03296800 134.34432500,34.03275500 134.34365500,34.03249500 134.34319900,34.03222400 134.34294200,34.03198700 134.34275700,34.03159700 134.34241500,34.03165600 134.34220100,34.03164500 134.34160200,34.03165600 134.34124500,34.03166800 134.34087400,34.03175100 134.34074600,34.03172700 134.34040400,34.03164500 134.33990500,34.03170400 134.33953400,34.03164500 134.33913500,34.03172700 134.33840700,34.03182200 134.33800800,34.03179800 134.33745200,34.03168000 134.33698100,34.03155000 134.33661000,34.03149100 134.33608700,34.03138500 134.33570200,34.03117200 134.33546000,34.03092400 134.33520300,34.03049800 134.33491800,34.03026200 134.33466100,34.03012000 134.33471800,34.02986000 134.33467500,34.02956500 134.33457500,34.02926900 134.33456100,34.02897400 134.33467500,34.02858400 134.33467500,34.02817000 134.33494600,34.02734300 134.33494600,34.02711600 134.33514600,34.02686700 134.33526000,34.02659600 134.33528800,34.02631200 134.33518900,34.02592200 134.33510300,34.02510600 134.33500300,34.02490600 134.33496000,34.02463400 134.33510300,34.02437400 134.33513200,34.02417300 134.33497500,34.02380600 134.33498900,34.02360500 134.33476100,34.02323900 134.33466100,34.02301400 134.33451800,34.02281300 134.33443300,34.02268300 134.33420500,34.02195100 134.33404800,34.02110000 134.33406200,34.02081600 134.33410500,34.02032000 134.33387700,34.02010700 134.33344900,34.01985900 134.33260700,34.01945900 134.33215100,34.01911600 134.33179400,34.01877300 134.33176600,34.01823000 134.33173700,34.01800500 134.33165200,34.01786300 134.33145200,34.01772100 134.33126700,34.01758000 134.33125300,34.01730800 134.33125300,34.01703600 134.33129500,34.01679900 134.33126700,34.01664600 134.33113800,34.01653900 134.33089600,34.01637400 134.33089600,34.01606700 134.33096700,34.01585400 134.33081100,34.01558200 134.33065400,34.01548700 134.33042500,34.01531000 134.33038300,34.01522700 134.33044000,34.01513300 134.33039700,34.01499100 134.33016900,34.01492000 134.32982700,34.01499100 134.32958400,34.01488500 134.32951300,34.01470700 134.32949900,34.01441200 134.32967000,34.01392700 134.32975500,34.01362000 134.32976900,34.01344200 134.32941300,34.01314700 134.32890000,34.01292700 134.32844300,34.01258400 134.32808700,34.01233600 134.32785900,34.01205200 134.32777300,34.01176900 134.32768700,34.01160300 134.32738800,34.01129600 134.32716000,34.01109500 134.32688900,34.01076400 134.32666100,34.01053900 134.32631800,34.01048000 134.32591900,34.01039700 134.32559100,34.01026700 134.32532000,34.01010200 134.32502100,34.01005400 134.32479200,34.00986500 134.32456400,34.00970000 134.32416500,34.00919200 134.32388000,34.00901400 134.32358000,34.00886100 134.32346600,34.00877800 134.32329500,34.00855300 134.32328100,34.00831700 134.32339500,34.00815100 134.32346600,34.00795000 134.32352300,34.00748900 134.32356600,34.00707500 134.32370900,34.00674400 134.32399400,34.00650800 134.32409400,34.00609400 134.32413600,34.00574000 134.32393700,34.00557400 134.32373700,34.00545600 134.32362300,34.00531400 134.32386600,34.00519600 134.32410800,34.00505400 134.32432200,34.00468700 134.32447900,34.00435900 134.32479200,34.00368500 134.32512000,34.00312900 134.32532000,34.00286900 134.32519200,34.00279800 134.32510600,34.00266800 134.32504900,34.00253800 134.32480700,34.00245500 134.32462100,34.00238400 134.32449300,34.00230200 134.32440700,34.00231400 134.32435000,34.00247900 134.32422200,34.00258500 134.32403700,34.00251500 134.32370900,34.00243200 134.32345200,34.00244400 134.32343800,34.00258500 134.32332400,34.00272700 134.32321000,34.00279800 134.32289600,34.00270400 134.32272500,34.00249100 134.32261100,34.00221900 134.32251100,34.00195900 134.32228300,34.00171100 134.32213100,34.00147400 134.32188900,34.00107200 134.32164700,34.00064700 134.32149000,34.00037500 134.32130400,33.99981900 134.32109000,33.99934600 134.32093300,33.99907400 134.32054800,33.99875500 134.32052000,33.99849500 134.32029200,33.99850200 134.31987800,33.99856100 134.31960700,33.99864400 134.32017800,33.99817100 134.32012100,33.99801700 134.32009200,33.99792300 134.31977800,33.99762700 134.31945000,33.99726000 134.31920800,33.99707100 134.31909400,33.99679900 134.31885100,33.99659800 134.31869500,33.99643300 134.31846600,33.99626700 134.31829500,33.99607800 134.31822400,33.99586500 134.31802400,33.99570000 134.31815300,33.99559300 134.31833800,33.99541600 134.31850900,33.99534500 134.31862300,33.99521500 134.31855200,33.99510900 134.31848100,33.99502600 134.31855200,33.99494300 134.31865200,33.99494300 134.31870900,33.99483700 134.31843800,33.99484900 134.31769600,33.99468300 134.31721100,33.99436400 134.31658400,33.99428100 134.31611300,33.99431600 134.31582800,33.99439900 134.31560000,33.99452900 134.31558600,33.99474200 134.31558600,33.99487200 134.31548600,33.99494300 134.31528600,33.99499000 134.31475900,33.99493100 134.31461600,33.99489600 134.31451600,33.99482500 134.31448800,33.99470700 134.31457300,33.99464800 134.31475900,33.99458800 134.31477300,33.99448200 134.31481600,33.99422200 134.31498700,33.99398800 134.31520100,33.99376300 134.31521500,33.99364500 134.31504400,33.99347900 134.31517200,33.99326700 134.31508700,33.99293500 134.31514400,33.99272300 134.31524300,33.99241500 134.31520100,33.99216700 134.31512900,33.99208400 134.31495800,33.99202500 134.31475900,33.99194200 134.31448800,33.99195400 134.31430200,33.99196600 134.31421700,33.99188300 134.31418800,33.99161100 134.31404600,33.99161100 134.31388900,33.99155200 134.31370300,33.99159900 134.31348900,33.99156400 134.31326100,33.99142200 134.31296200,33.99103200 134.31281900,33.99085400 134.31237700,33.99064200 134.31209200,33.99039300 134.31190600,33.99029900 134.31159300,33.98986100 134.31142200,33.98962500 134.31129300,33.98948300 134.31110800,33.98898600 134.31095100,33.98869100 134.31075100,33.98847800 134.31038100,33.98815900 134.31023800,33.98791000 134.31008100,33.98767400 134.30998100,33.98730700 134.30996700,33.98714200 134.31013800,33.98697600 134.31020900,33.98659800 134.31048000,33.98623100 134.31079400,33.98552200 134.31093700,33.98519100 134.31093700,33.98477700 134.31100800,33.98455200 134.31115100,33.98439800 134.31157800,33.98423300 134.31167800,33.98393700 134.31253400,33.98379500 134.31388900,33.98378300 134.31430200,33.98386600 134.31488700,33.98425600 134.31550000,33.98459900 134.31667000,33.98484800 134.31718300,33.98496600 134.31729700,33.98491900 134.31724000,33.98470600 134.31668400,33.98415000 134.31665500,33.98402000 134.31669800,33.98389000 134.31688300,33.98384300 134.31735400,33.98386600 134.31753900,33.98381900 134.31791000,33.98372400 134.31803900,33.98372400 134.31825200,33.98393700 134.31842400,33.98391400 134.31900800,33.98385400 134.31983500,33.98381900 134.32020600,33.98377200 134.32058600,33.98386600 134.32085600,33.98394900 134.32108500,33.98390200 134.32135600,33.98380700 134.32145500,33.98386600 134.32138400,33.98397300 134.32121300,33.98411500 134.32127000,33.98433900 134.32147000,33.98469400 134.32174100,33.98508400 134.32202600,33.98541500 134.32221100,33.98579400 134.32226800,33.98593600 134.32239700,33.98600600 134.32245400,33.98592400 134.32251100,33.98564000 134.32266800,33.98547400 134.32273900,33.98565200 134.32279600,33.98595900 134.32293900,33.98632600 134.32309500,33.98668100 134.32319500,33.98708300 134.32323800,33.98759100 134.32323800,33.98838300 134.32312400,33.98878500 134.32316700,33.98899800 134.32305300,33.98910500 134.32295300,33.98918700 134.32303800,33.98927000 134.32318100,33.98922300 134.32338100,33.98905700 134.32352300,33.98888000 134.32378000,33.98832400 134.32412200,33.98793400 134.32443600,33.98750800 134.32452200,33.98734300 134.32497800,33.98708300 134.32517800,33.98711800 134.32547700,33.98721300 134.32666100,33.98740200 134.32706000,33.98743700 134.32754500,33.98737800 134.32768700,33.98726000 134.32781600,33.98715300 134.32821500,33.98690500 134.32850000,33.98669200
			</coordinates>
		</LineString>
	</Placemark>
	<Placemark>
		<name>SHIKOKU_TKS_10</name>
		<description>柴小屋・旭ヶ丸分水嶺のみち</description>
		<styleUrl>#lineStyle0</styleUrl>
		<LineString>
			<coordinates> 134.34567000,33.96762200 134.34578900,33.96715900 134.34582500,33.96701100 134.34578900,33.96682400 134.34555100,33.96659700 134.34525400,33.96628200 134.34504000,33.96572000 134.34457700,33.96528600 134.34405400,33.96509900 134.34303200,33.96466600 134.34243800,33.96441900 134.34239000,33.96436000 134.34140400,33.96385700 134.34130900,33.96377800 134.34088100,33.96321700 134.34076200,33.96314800 134.34021500,33.96275300 134.33999000,33.96247700 134.33979900,33.96224100 134.33947800,33.96214200 134.33941900,33.96208300 134.33922900,33.96178700 134.33909800,33.96173800 134.33867600,33.96160600 134.33826000,33.96143900 134.33813000,33.96136000 134.33802300,33.96121200 134.33785600,33.96090600 134.33776100,33.96069900 134.33707200,33.96047300 134.33664400,33.96031500 134.33652500,33.95975300 134.33651300,33.95952600 134.33616900,33.95901400 134.33608600,33.95891500 134.33596700,33.95852100 134.33561000,33.95803800 134.33557500,33.95736800 134.33575300,33.95709200 134.33577700,33.95688500 134.33568200,33.95660700 134.33563400,33.95646900 134.33562200,33.95636000 134.33574100,33.95612400 134.33580000,33.95590700 134.33578900,33.95571000 134.33571700,33.95553200 134.33552700,33.95536500 134.33530100,33.95519700 134.33513500,33.95507900 134.33496900,33.95486200 134.33479000,33.95456600 134.33456400,33.95422100 134.33441000,33.95401400 134.33422000,33.95380700 134.33414900,33.95364000 134.33412500,33.95318200 134.33403000,33.95273900 134.33403000,33.95240300 134.33416000,33.95218600 134.33441000,33.95204800 134.33451700,33.95197900 134.33490900,33.95137800 134.33526600,33.95083600 134.33479000,33.95097400 134.33435100,33.95107300 134.33420800,33.95106300 134.33437400,33.95093500 134.33466000,33.95082600 134.33469500,33.95072800 134.33425500,33.95063900 134.33394600,33.95062900 134.33350700,33.95038200 134.33319800,33.95015600 134.33278200,33.94996800 134.33255600,33.94982100 134.33261500,33.94963300 134.33269900,33.94950500 134.33254400,33.94931800 134.33228300,33.94914000 134.33215200,33.94892300 134.33204500,33.94872600 134.33186700,33.94858800 134.33178400,33.94842100 134.33168900,33.94825300 134.33155800,33.94797700 134.33148700,33.94779000 134.33128400,33.94778000 134.33064300,33.94775000 134.32974800,33.94775900 134.32863100,33.94755200 134.32813200,33.94739500 134.32790600,33.94705900 134.32762100,33.94666500 134.32755000,33.94621200 134.32772800,33.94576800 134.32783500,33.94547200 134.32818000,33.94502900 134.32829900,33.94486100 134.32865500,33.94458500 134.32888100,33.94442700 134.32884500,33.94435800 134.32846500,33.94440700 134.32769300,33.94459500 134.32686100,33.94472300 134.32614800,33.94482200 134.32583900,33.94480200 134.32537500,33.94472300 134.32503100,33.94455500 134.32501900,33.94445700 134.32564800,33.94426000 134.32668200,33.94403300 134.32690800,33.94395400 134.32720500,33.94385500 134.32745500,33.94364800 134.32772800,33.94353000 134.32812000,33.94342200 134.32834600,33.94322400 134.32826300,33.94314600 134.32749100,33.94331300 134.32709800,33.94339200 134.32674200,33.94332300 134.32630200,33.94314600 134.32610000,33.94309600 134.32568400,33.94318500 134.32519700,33.94329300 134.32478100,33.94329300 134.32452000,33.94320500 134.32425800,33.94304700 134.32404400,33.94287000 134.32393700,33.94266600 134.32383000,33.94236100 134.32387800,33.94218300 134.32399700,33.94201600 134.32434100,33.94173000 134.32460300,33.94141400 134.32465000,33.94128600 134.32452000,33.94109900 134.32416300,33.94081300 134.32387800,33.94059600 134.32370000,33.94056600 134.32350900,33.94069500 134.32331900,33.94089200 134.32320000,33.94116800 134.32304600,33.94117800 134.32297500,33.94109900 134.32302200,33.94100000 134.32333100,33.94050700 134.32346200,33.94034000 134.32365200,33.94020200 134.32387800,33.94017200 134.32406800,33.93999500 134.32419900,33.93987600 134.32434100,33.93983700 134.32442400,33.93995500 134.32452000,33.94014200 134.32460300,33.94017200 134.32481700,33.94015200 134.32512600,33.93999500 134.32531600,33.93992600 134.32585100,33.93990600 134.32608800,33.93987600 134.32637300,33.93987600 134.32659900,33.94001400 134.32681300,33.94008300 134.32705100,33.94009300 134.32731200,33.94005400 134.32745500,33.94002400 134.32750200,33.93989600 134.32740700,33.93974800 134.32730000,33.93960000 134.32721700,33.93940300 134.32721700,33.93924300 134.32722900,33.93898700 134.32725300,33.93871100 134.32730500,33.93858500 134.32730500,33.93850200 134.32733400,33.93843500 134.32739100,33.93841100 134.32756200,33.93841100 134.32774700,33.93852200 134.32815100,33.93886100 134.32838400,33.93893600 134.32868400,33.93893600 134.32895500,33.93890800 134.32962500,33.93878200 134.33064200,33.93875000 134.33133100,33.93879400 134.33147400,33.93882900 134.33173100,33.93902400 134.33197300,33.93915500 134.33210900,33.93918400 134.33272900,33.93919000 134.33300700,33.93913700 134.33328500,33.93916100 134.33375600,33.93923200 134.33392000,33.93920200 134.33406900,33.93920200 134.33438300,33.93933800 134.33489700,33.93962800 134.33501100,33.93963400 134.33511800,33.93959800 134.33513200,33.93945600 134.33507500,33.93933200 134.33482500,33.93907200 134.33431200,33.93862800 134.33394100,33.93833800 134.33376300,33.93814300 134.33370600,33.93803200 134.33362700,33.93777700 134.33346300,33.93750500 134.33327800,33.93737500 134.33284300,33.93720400 134.33251500,33.93707900 134.33231500,33.93696700 134.33210200,33.93677800 134.33181600,33.93667100 134.33148800,33.93658200 134.33108900,33.93656500 134.33074000,33.93656500 134.33051100,33.93651100 134.33039000,33.93647600 134.33031900,33.93638700 134.33029800,33.93625700 134.33026200,33.93608000 134.33028300,33.93596100 134.33036900,33.93586100 134.33071100,33.93573600 134.33090400,33.93565400 134.33108200,33.93551200 134.33114600,33.93537600 134.33111800,33.93521000 134.33100300,33.93502700 134.33093900,33.93484900 134.33094600,33.93473100 134.33106000,33.93456500 134.33118900,33.93446500 134.33131700,33.93442300 134.33151000,33.93439400 134.33151700,33.93425200 134.33158100,33.93413900 134.33179500,33.93409200 134.33199500,33.93409800 134.33252900,33.93420400 134.33275000,33.93418100 134.33286400,33.93406200 134.33292200,33.93387900 134.33284300,33.93367800 134.33272200,33.93353600 134.33248700,33.93340600 134.33241500,33.93335200 134.33236500,33.93323400 134.33268600,33.93292100 134.33310700,33.93266000 134.33315700,33.93239400 134.33337100,33.93216300 134.33360600,33.93186700 134.33385800,33.93138000 134.33401200,33.93122300 134.33444000,33.93101600 134.33471400,33.93087800 134.33535500,33.93064100 134.33570000,33.93045400 134.33599700,33.93021700 134.33628200,33.93002000 134.33655600,33.92979300 134.33678100,33.92974400 134.33697200,33.92966500 134.33705500,33.92956600 134.33704300,33.92940800 134.33696000,33.92933900 134.33675800,33.92932000 134.33652000,33.92941800 134.33646100,33.92920100 134.33649600,33.92900400 134.33667400,33.92870800 134.33684100,33.92850100 134.33688800,33.92830400 134.33675800,33.92812600 134.33669800,33.92804800 134.33674600,33.92779100 134.33678100,33.92763300 134.33707900,33.92750500 134.33776800,33.92696300 134.33791000,33.92675600 134.33800500,33.92648000 134.33813600,33.92629200 134.33843300,33.92601600 134.33873000,33.92568700 134.33899200,33.92551900 134.33915800,33.92545000 134.33944300,33.92547000 134.33965700,33.92546000 134.33996600,33.92530200 134.34016800,33.92513500 134.34052500,33.92496700 134.34066700,33.92474000 134.34090500,33.92448400 134.34120200,33.92426700 134.34152300,33.92404000 134.34177300,33.92383300 134.34196300,33.92348800 134.34209400,33.92337900 134.34227200,33.92358700 134.34233100,33.92383300 134.34224800,33.92407000 134.34211700,33.92423700 134.34202200,33.92445400 134.34193900,33.92469100 134.34176100,33.92485900 134.34165400,33.92489800 134.34167800,33.92499700 134.34204600,33.92523300 134.34234300,33.92547000 134.34241400,33.92555900 134.34230700,33.92562800 134.34223600,33.92570700 134.34222400,33.92579500 134.34240300,33.92595300 134.34267600,33.92605200 134.34294900,33.92614100 134.34359100,33.92639700 134.34447000,33.92665300 134.34591500,33.92721500 134.34642600,33.92762000 134.34680700,33.92806300 134.34716300,33.92841800 134.34741300,33.92888200 134.34782900,33.92945400 134.34819700,33.92976900 134.34868400,33.92999600 134.34913600,33.93026200 134.34940900,33.93056800 134.34965900,33.93096200 134.34992000,33.93120900 134.35065700,33.93155400 134.35146500,33.93189900 134.35219000,33.93223400 134.35258200,33.93245100 134.35311700,33.93236200 134.35362800,33.93226400 134.35436500,33.93257000 134.35484800,33.93271000 134.35527500,33.93273900 134.35671300,33.93253200 134.35707000,33.93254200 134.35751000,33.93276900 134.35817500,33.93287700 134.35873400,33.93299600 134.35956500,33.93302500 134.35994600,33.93316300 134.36026700,33.93318300 134.36069400,33.93317300 134.36122900,33.93316300 134.36172800,33.93309400 134.36216800,33.93316300 134.36269100,33.93319300 134.36351100,33.93340000 134.36405800,33.93355800 134.36422400,33.93356800 134.36450900,33.93344900 134.36465200,33.93335100 134.36512700,33.93322300 134.36527000,33.93312400 134.36601800,33.93229600 134.36617300,33.93230600 134.36641100,33.93251300 134.36636300,33.93276900 134.36628000,33.93300600 134.36649400,33.93338000 134.36675400,33.93360700 134.36690900,33.93366600 134.36721800,33.93363700 134.36756200,33.93359700 134.36776400,33.93360700 134.36785900,33.93368600 134.36791900,33.93382400 134.36793100,33.93394200 134.36778800,33.93410000 134.36774000,33.93425800 134.36770500,33.93457300 134.36757400,33.93486900 134.36762200,33.93526400 134.36769300,33.93551000 134.36783600,33.93574700 134.36783600,33.93595800 134.36772900,33.93613500 134.36768100,33.93629300 134.36770500,33.93645100 134.36777600,33.93651000 134.36809700,33.93657900 134.36831100,33.93673700 134.36844200,33.93689400 134.36865600,33.93735800 134.36875700,33.93802700 134.36932800,33.93886400 134.36959400,33.93896000 134.36995600,33.93888300 134.37029800,33.93856000 134.37088900,33.93757000 134.37134500,33.93717000 134.37180200,33.93713200 134.37233500,33.93717000 134.37328700,33.93749400 134.37446700,33.93814100 134.37585700,33.93907400 134.37654200,33.93989200 134.37673300,33.94061600 134.37690400,33.94124400 134.37697500,33.94165800 134.37704400,33.94199600 134.37726500,33.94171100 134.37754100,33.94141600 134.37782600,33.94125500 134.37818800,33.94127400 134.37857800,33.94144500 134.37964400,33.94204500 134.38060500,33.94261600 134.38083400,33.94269200 134.38111000,33.94259700 134.38129100,33.94244400 134.38146200,33.94236800 134.38168100,33.94234900 134.38188100,33.94250100 134.38202400,33.94268200 134.38212800,33.94287300 134.38230000,33.94300600 134.38244200,33.94308200 134.38262300,33.94309200 134.38276700,33.94305200 134.38307700,33.94243100 134.38354000,33.94220500 134.38440800,33.94181000 134.38466900,33.94164300 134.38491900,33.94166200 134.38524000,33.94177100 134.38582200,33.94195800 134.38598800,33.94200700 134.38614300,33.94188900 134.38640400,33.94123800 134.38657100,33.94097200 134.38728400,33.94048900 134.38773500,33.94021300 134.38805600,33.93979900 134.38841300,33.93946400 134.38859100,33.93930600 134.38890000,33.93945400 134.38928000,33.93939500 134.38937500,33.93950300 134.38944700,33.93968100 134.38957700,33.93976900 134.38994200,33.93969000 134.39025100,33.93955200 134.39060800,33.93951300 134.39082200,33.93952300 134.39096400,33.93968100 134.39104700,33.93986800 134.39108300,33.94013400 134.39103500,33.94047900 134.39121400,33.94079500 134.39121400,33.94104100 134.39113000,33.94126800 134.39096400,33.94171200 134.39105900,33.94177100 134.39128500,33.94180000 134.39140400,33.94180000 134.39177200,33.94151400 134.39203400,33.94130700 134.39223600,33.94123800 134.39246200,33.94124800 134.39279400,33.94113000 134.39306800,33.94107100 134.39327000,33.94106100 134.39337700,33.94113000 134.39351900,33.94127800 134.39378100,33.94174100 134.39398300,33.94214500 134.39404200,33.94221400 134.39414900,33.94217500 134.39448200,33.94186900 134.39460100,33.94187900 134.39489800,33.94214500 134.39500500,33.94223400 134.39510000,33.94228300 134.39525400,33.94227400 134.39534900,33.94223400 134.39533700,33.94212600 134.39545600,33.94186000 134.39553900,33.94183000 134.39582500,33.94186900 134.39609800,33.94187900 134.39625200,33.94183000 134.39633600,33.94167200 134.39630000,33.94153400 134.39622900,33.94125800 134.39628800,33.94112000 134.39641900,33.94097200 134.39665700,33.94095200 134.39678700,33.94107100 134.39683500,33.94129800 134.39681100,33.94144500 134.39668000,33.94183000 134.39665700,33.94212600 134.39677500,33.94232300 134.39714400,33.94262800 134.39741700,33.94278600 134.39776200,33.94295400 134.39809500,33.94306200 134.39830800,33.94305200 134.39848700,33.94299300 134.39853400,33.94283600 134.39845100,33.94262800 134.39839200,33.94210600 134.39846300,33.94196800 134.39876000,33.94195800 134.39902100,33.94196800 134.39944900,33.94180000 134.39961600,33.94171200 134.39991300,33.94171200 134.40022200,33.94180000 134.40060200,33.94196800 134.40071700,33.94200700 134.40087200,33.94199800 134.40113300,33.94181000 134.40132300,33.94176100 134.40151400,33.94182000 134.40159700,33.94191900 134.40160900,33.94210600 134.40169200,33.94229300 134.40173900,33.94237200 134.40197700,33.94244100 134.40226200,33.94275700 134.40245200,33.94255000 134.40255900,33.94257900 134.40267800,33.94264800 134.40277300,33.94298300 134.40278500,33.94341700 134.40310600,33.94368300 134.40326000,33.94398900 134.40362900,33.94427700 134.40400900,33.94469100 134.40421100,33.94494700 134.40441300,33.94531200 134.40438900,33.94578500 134.40421100,33.94605100 134.40385500,33.94626800 134.40356900,33.94642600 134.40368800,33.94668200 134.40361700,33.94686000 134.40346300,33.94694900 134.40336700,33.94697800 134.40310600,33.94730300 134.40260700,33.94751000 134.40232200,33.94759900 134.40203600,33.94758900 134.40183400,33.94758900 134.40163200,33.94762900 134.40114500,33.94777700 134.40090700,33.94810200 134.40071700,33.94836800 134.40067000,33.94866400 134.40056300,33.94899900 134.40048000,33.94941300 134.40045600,33.94970900 134.40053900,33.94992600 134.40077700,33.95032000 134.40091900,33.95052900 134.40131200,33.95091400 134.40176300,33.95122900 134.40209600,33.95130800 134.40245200,33.95146600 134.40295200,33.95158400 134.40400900,33.95184000 134.40467500,33.95201800 134.40549500,33.95217500 134.40611300,33.95230300 134.40689700,33.95245100 134.40747900,33.95278700 134.40778800,33.95296400 134.40809700,33.95315100 134.40858500,33.95321000 134.40906000,33.95312200 134.40945200,33.95317100 134.40993900,33.95340800 134.41042700,33.95334800 134.41075900,33.95335800 134.41099700,33.95347700 134.41136500,33.95370300 134.41161500,33.95382200 134.41228000,33.95392000 134.41278000,33.95400900 134.41342800,33.95421600 134.41402300,33.95455100 134.41448600,33.95475800 134.41483100,33.95476800 134.41505700,33.95464000 134.41543700,33.95444300 134.41585300,33.95441300 134.41611400,33.95457100 134.41624500,33.95471900 134.41619700,33.95481700 134.41594800,33.95489600 134.41578100,33.95494500 134.41568600,33.95515200 134.41566300,33.95523100 134.41544900,33.95536900 134.41533000,33.95542800 134.41542500,33.95550700 134.41562700,33.95548800 134.41588800,33.95525100 134.41603100,33.95513300 134.41641100,33.95511300 134.41664900,33.95501400 134.41679200,33.95492600 134.41687500,33.95482700 134.41729100,33.95493500 134.41777800,33.95506400 134.41828900,33.95517200 134.41851500,33.95534000 134.41827700,33.95549700 134.41800400,33.95558600 134.41780200,33.95563500 134.41756400,33.95559600 134.41742100,33.95550700 134.41718400,33.95536900 134.41704100,33.95536900 134.41687500,33.95551700 134.41678000,33.95559600 134.41649400,33.95562600 134.41631600,33.95569500 134.41625700,33.95588200 134.41612600,33.95604900 134.41597200,33.95610900 134.41582900,33.95604000 134.41561500,33.95605900 134.41531800,33.95616800 134.41527000,33.95634500 134.41517500,33.95646300 134.41505700,33.95654200 134.41478300,33.95659200 134.41452600,33.95691700 134.41444100,33.95687000 134.41434800,33.95678700 134.41432700,33.95656200 134.41437700,33.95642600 134.41439800,33.95626000 134.41440500,33.95615400 134.41432700,33.95610100 134.41419100,33.95607700 134.41404200,33.95610700 134.41382800,33.95610700 134.41373500,33.95602400 134.41365700,33.95593500 134.41357100,33.95591700 134.41345700,33.95595300 134.41335000,33.95605900 134.41330700,33.95613000 134.41337100,33.95637900 134.41334300,33.95653200 134.41325700,33.95660900 134.41305800,33.95665700 134.41287200,33.95671000 134.41285100,33.95687500 134.41290800,33.95707100 134.41300800,33.95724800 134.41305100,33.95737200 134.41300800,33.95755600 134.41295800,33.95773300 134.41295800,33.95798100 134.41299300,33.95809400 134.41294400,33.95825300 134.41285800,33.95852000 134.41285800,33.95870900 134.41289400,33.95893400 134.41292200,33.95907000 134.41247000,33.95932000 134.41231500,33.95949700 134.41190000,33.95970400 134.41166200,33.95998000 134.41161400,33.96016700 134.41166200,33.96036400 134.41175700,33.96040400 134.41210200,33.96037400 134.41226800,33.96060100 134.41243400,33.96072900 134.41254100,33.96090700 134.41281500,33.96095600 134.41300500,33.96087700 134.41318300,33.96083800 134.41339700,33.96094600 134.41363500,33.96094600 134.41397900,33.96118300 134.41428800,33.96140900 134.41463300,33.96175400 134.41508400,33.96204000 134.41552400,33.96206000 134.41586900,33.96205000 134.41624900,33.96221800 134.41655800,33.96237500 134.41687900,33.96264100 134.41703300,33.96280900 134.41742600,33.96297600 134.41783000,33.96313400 134.41804400,33.96317400 134.41823400,33.96334100 134.41815100,33.96354800 134.41798400,33.96363700 134.41775800,33.96375500 134.41754400,33.96371600 134.41731900,33.96365700 134.41696200,33.96367600 134.41662900,33.96358800 134.41634400,33.96354800 134.41624900,33.96365700 134.41640400,33.96389300 134.41647500,33.96409000 134.41655800,33.96423800 134.41652200,33.96437600 134.41617800,33.96440600 134.41607100,33.96466200 134.41589300,33.96480000 134.41591600,33.96503800 134.41603500,33.96528500 134.41616600,33.96553100 134.41636800,33.96597500 134.41671300,33.96621100 134.41683100,33.96668400 134.41705700,33.96727600 134.41705700,33.96750200 134.41695000,33.96760100 134.41684300,33.96762100 134.41676000,33.96758100 134.41657000,33.96766000 134.41666500,33.96784700 134.41667700,33.96803500 134.41659400,33.96811400 134.41638000,33.96813300 134.41607100,33.96805400 134.41585700,33.96806400 134.41561900,33.96816300 134.41548900,33.96827100 134.41542900,33.96852800 134.41552400,33.96875400 134.41589300,33.96925700 134.41633200,33.96979900 134.41668900,33.97019300 134.41678400,33.97029200 134.41696200,33.97025200 134.41699800,33.97012400 134.41691500,33.96987800 134.41685500,33.96976900 134.41679600,33.96955300 134.41674800,33.96951300 134.41676900,33.96933700 134.41678400,33.96921700 134.41672400,33.96889200 134.41704500,33.96893200 134.41747300,33.96893200 134.41778200,33.96887200 134.41817400,33.96881300 134.41848300,33.96897100 134.41882800,33.96903000 134.41925600,33.96910900 134.41950500,33.96911900 134.41955300,33.96922700 134.41914900,33.96945400 134.41879200,33.96962200 134.41867300,33.96989700 134.41873300,33.97060700 134.41863100,33.97090600 134.41862600,33.97092200 134.41869700,33.97123800 134.41885200,33.97161000 134.41899400,33.97192600 134.41895900,33.97214300 134.41881600,33.97235000 134.41854300,33.97247800 134.41822200,33.97264500 134.41779400,33.97256600 134.41762800,33.97273400 134.41777000,33.97287200 134.41807900,33.97304900 134.41834100,33.97319700 134.41859000,33.97338400 134.41884000,33.97354200 134.41912500,33.97371900 134.41919600,33.97386700 134.41870900,33.97429100 134.41854300,33.97446800 134.41825700,33.97471500 134.41803200,33.97478400 134.41786500,33.97478400 134.41742600,33.97471500 134.41720000,33.97476400 134.41749700,33.97522700 134.41771100,33.97525700 134.41778200,33.97535500 134.41753300,33.97559200 134.41759200,33.97583800 134.41785300,33.97592700 134.41816200,33.97596600 134.41828100,33.97606500 134.41829300,33.97628200 134.41840000,33.97645900 134.41857800,33.97666600 134.41880400,33.97677500 134.41949300,33.97685300 134.41982600,33.97665600 134.42013500,33.97632100 134.42032500,33.97555300 134.42037300,33.97492200 134.42070600,33.97454700 134.42111000,33.97427100 134.42175100,33.97407400 134.42239300,33.97413300 134.42284500,33.97437000 134.42301100,33.97468500 134.42310600,33.97488200 134.42322500,33.97511900 134.42358200,33.97531600 134.42391400,33.97551300 134.42396200,33.97575000 134.42346300,33.97578900 134.42289200,33.97596600 134.42260700,33.97600600 134.42225000,33.97592700 134.42217900,33.97610400 134.42253600,33.97632100 134.42296400,33.97663700 134.42313700,33.97707100 134.42318400,33.97753400 134.42320800,33.97824400 134.42265000,33.97865800 134.42288700,33.97866800 134.42330300,33.97859900 134.42349300,33.97858900 134.42400400,33.97828300 134.42445600,33.97832300 134.42461000,33.97830300 134.42475300,33.97813500 134.42471700,33.97785900 134.42476500,33.97770200 134.42487200,33.97765200 134.42538300,33.97772100 134.42584600,33.97770200 134.42609600,33.97753400 134.42625000,33.97737700 134.42648800,33.97727800 134.42676100,33.97730800 134.42697500,33.97747500 134.42736800,33.97744600 134.42778300,33.97753400 134.42808100,33.97771200 134.42846100,33.97783000 134.42852000,33.97756400 134.42859200,33.97733700 134.42888900,33.97739600 134.42903100,33.97762300 134.42916200,33.97774100 134.42925700,33.97779000 134.42941200,33.97744600 134.42967300,33.97702200 134.42973200,33.97662800 134.42972100,33.97630200 134.42962600,33.97610500 134.42962600,33.97592800 134.42975600,33.97589800 134.42989900,33.97598700 134.42991100,33.97617400 134.42992300,33.97649000 134.42995800,33.97681500 134.42987500,33.97712000 134.42974300,33.97758500 134.42969300,33.97797500 134.42956400,33.97830600 134.42937900,33.97854900 134.42920800,33.97883800 134.42910800,33.97911000 134.42905100,33.97940600 134.42907200,33.97979000 134.42910800,33.97997400 134.42935000,33.98017100 134.42956400,33.98029500 134.43000600,33.98043100 134.43021300,33.98056100 134.43024900,33.98074500 134.43048400,33.98118800 134.43079100,33.98156100 134.43101200,33.98166100 134.43150400,33.98176800 134.43178900,33.98185000 134.43209600,33.98203400 134.43242400,33.98217600 134.43269900,33.98225600 134.43281300,33.98241000 134.43284900,33.98265500 134.43286800,33.98297000 134.43282000,33.98316700 134.43263900,33.98338000 134.43244000,33.98364800 134.43230700,33.98392400 134.43225900,33.98420000 134.43226900,33.98455400 134.43232600,33.98483000 134.43235400,33.98502700 134.43227800,33.98528000 134.43219300,33.98557100 134.43217400,33.98583900 134.43219300,33.98596600 134.43227800,33.98610700 134.43263900,33.98629700 134.43321900,33.98719400 134.43363800,33.98822600 134.43383700,33.98910100 134.43370400,33.98974000 134.43347600,33.99070900
			</coordinates>
		</LineString>
	</Placemark>
	<Placemark>
		<description></description>
		<styleUrl>#lineStyle1</styleUrl>
		<LineString>
			<coordinates> 134.45748800,33.95669800 134.45767200,33.95676700 134.45770200,33.95660000 134.45772500,33.95642200 134.45779100,33.95638800 134.45792100,33.95658000 134.45804000,33.95672800 134.45813500,33.95656000 134.45817700,33.95648100 134.45826000,33.95647200 134.45836100,33.95661900 134.45845000,33.95678700 134.45852200,33.95683600 134.45859300,33.95681700 134.45868800,33.95684600 134.45881300,33.95696000 134.45889600,33.95709300 134.45901500,33.95717600 134.45905000,33.95717100 134.45908000,33.95709300 134.45908600,33.95702400 134.45916900,33.95701900 134.45931800,33.95709300 134.45952000,33.95728500 134.45976300,33.95742300 134.46032800,33.95788100 134.46061300,33.95800900 134.46070200,33.95807300 134.46071400,33.95814200 134.46081500,33.95825600 134.46097600,33.95835400 134.46149300,33.95853200 134.46171800,33.95866500 134.46214000,33.95881300 134.46229500,33.95882900 134.46234200,33.95885400 134.46235400,33.95890300 134.46232400,33.95898200 134.46218200,33.95924800 134.46215800,33.95958800 134.46173000,33.96005700 134.46155200,33.96029800 134.46137400,33.96051500 134.46129600,33.96054900 134.46113600,33.96059400 134.46059500,33.96065300 134.46024500,33.96113800 134.45953200,33.96258700 134.45873000,33.96407500 134.45848600,33.96459200 134.45844400,33.96474000 134.45843200,33.96513900 134.45841500,33.96540500 134.45836100,33.96561700 134.45829600,33.96572000 134.45825400,33.96576500 134.45826600,33.96583800 134.45848000,33.96612900 134.45866400,33.96641000 134.45877700,33.96664200 134.45881300,33.96693900 134.45881300,33.96708200 134.45876500,33.96743200 134.45876500,33.96802800 134.45868200,33.96832400 134.45851600,33.96864900 134.45850400,33.96885600 134.45862300,33.96920600 134.45857500,33.96933800 134.45854500,33.96956500 134.45826000,33.96996900 134.45820700,33.97047200 134.45789200,33.97076300 134.45771300,33.97092500 134.45773700,33.97110700 134.45781400,33.97128500 134.45835500,33.97187600 134.45845600,33.97207800 134.45829600,33.97214600 134.45780800,33.97218600 134.45747000,33.97227900 134.45739300,33.97241200 134.45744600,33.97301400 134.45762400,33.97328900 134.45791000,33.97342300 134.45833100,33.97350100 134.45862300,33.97362000 134.45888400,33.97385100 134.45877700,33.97402900 134.45852700,33.97429500 134.45836700,33.97442300 134.45831400,33.97469400 134.45833700,33.97511100 134.45830800,33.97539700 134.45804600,33.97647100 134.45796300,33.97689000 134.45792700,33.97718500 134.45797500,33.97756000 134.45821300,33.97816600 134.45823600,33.97851000 134.45817100,33.97870700 134.45811200,33.97933700 134.45812300,33.98003700 134.45818300,33.98094400 134.45828400,33.98188600
			</coordinates>
		</LineString>
	</Placemark>
	<Placemark>
		<name>SHIKOKU_TKS_11</name>
		<description>探鳥のみち</description>
		<styleUrl>#lineStyle0</styleUrl>
		<LineString>
			<coordinates> 134.43347600,33.99070900 134.43370400,33.98974000 134.43383700,33.98910100 134.43363800,33.98822600 134.43321900,33.98719400 134.43263900,33.98629700 134.43227800,33.98610700 134.43219300,33.98596600 134.43217400,33.98583900 134.43219300,33.98557100 134.43227800,33.98528000 134.43235400,33.98502700 134.43232600,33.98483000 134.43226900,33.98455400 134.43225900,33.98420000 134.43230700,33.98392400 134.43244000,33.98364800 134.43263900,33.98338000 134.43282000,33.98316700 134.43286800,33.98297000 134.43284900,33.98265500 134.43281300,33.98241000 134.43269900,33.98225600 134.43242400,33.98217600 134.43209600,33.98203400 134.43178900,33.98185000 134.43150400,33.98176800 134.43101200,33.98166100 134.43079100,33.98156100 134.43048400,33.98118800 134.43024900,33.98074500 134.43021300,33.98056100 134.43000600,33.98043100 134.42956400,33.98029500 134.42935000,33.98017100 134.42910800,33.97997400 134.42907200,33.97979000 134.42905100,33.97940600 134.42910800,33.97911000 134.42920800,33.97883800 134.42937900,33.97854900 134.42956400,33.97830600 134.42969300,33.97797500 134.42974300,33.97758500 134.42987500,33.97712000 134.42995800,33.97681500 134.42992300,33.97649000 134.42991100,33.97617400 134.42989900,33.97598700 134.42975600,33.97589800 134.42962600,33.97592800 134.42962600,33.97610500 134.42972100,33.97630200 134.42973200,33.97662800 134.42967300,33.97702200 134.42941200,33.97744600 134.42925700,33.97779000 134.42916200,33.97774100 134.42903100,33.97762300 134.42888900,33.97739600 134.42859200,33.97733700 134.42852000,33.97756400 134.42846100,33.97783000 134.42808100,33.97771200 134.42778300,33.97753400 134.42736800,33.97744600 134.42697500,33.97747500 134.42676100,33.97730800 134.42648800,33.97727800 134.42625000,33.97737700 134.42609600,33.97753400 134.42584600,33.97770200 134.42538300,33.97772100 134.42487200,33.97765200 134.42476500,33.97770200 134.42471700,33.97785900 134.42475300,33.97813500 134.42461000,33.97830300 134.42445600,33.97832300 134.42400400,33.97828300 134.42349300,33.97858900 134.42330300,33.97859900 134.42288700,33.97866800 134.42265000,33.97865800 134.42320800,33.97824400 134.42318400,33.97753400 134.42313700,33.97707100 134.42296400,33.97663700 134.42253600,33.97632100 134.42258000,33.97648900 134.42259000,33.97664600 134.42253300,33.97676500 134.42245700,33.97681200 134.42230500,33.97697000 134.42221900,33.97714300 134.42217200,33.97732400 134.42216200,33.97763200 134.42202900,33.97769500 134.42191500,33.97765500 134.42191500,33.97753700 134.42194400,33.97738700 134.42194400,33.97709600 134.42203900,33.97685900 134.42204800,33.97669400 134.42197200,33.97656000 134.42185800,33.97642600 134.42163900,33.97631500 134.42163900,33.97626000 134.42146800,33.97603100 134.42134500,33.97573200 134.42126900,33.97586600 134.42124900,33.97596000 134.42124900,33.97615000 134.42131600,33.97624400 134.42135400,33.97636300 134.42140200,33.97655200 134.42148700,33.97659900 134.42161100,33.97659100 134.42166800,33.97666200 134.42169600,33.97675700 134.42164900,33.97683600 134.42135400,33.97700900 134.42130700,33.97708800 134.42121100,33.97734800 134.42121100,33.97738000 134.42115400,33.97745800 134.42108800,33.97746600 134.42095500,33.97742700 134.42072700,33.97732400 134.42053600,33.97723800 134.42032700,33.97711900 134.42001400,33.97693800 134.41975700,33.97685900 134.41949300,33.97685300 134.41880400,33.97677500 134.41857800,33.97666600 134.41840000,33.97645900 134.41829300,33.97628200 134.41828100,33.97606500 134.41816200,33.97596600 134.41785300,33.97592700 134.41759200,33.97583800 134.41753300,33.97559200 134.41778200,33.97535500 134.41771100,33.97525700 134.41749700,33.97522700 134.41720000,33.97476400 134.41742600,33.97471500 134.41786500,33.97478400 134.41803200,33.97478400 134.41825700,33.97471500 134.41854300,33.97446800 134.41870900,33.97429100 134.41919600,33.97386700 134.41912500,33.97371900 134.41884000,33.97354200 134.41859000,33.97338400 134.41834100,33.97319700 134.41807900,33.97304900 134.41777000,33.97287200 134.41762800,33.97273400 134.41779400,33.97256600 134.41822200,33.97264500 134.41854300,33.97247800 134.41881600,33.97235000 134.41895900,33.97214300 134.41899400,33.97192600 134.41885200,33.97161000 134.41869700,33.97123800 134.41862600,33.97092200 134.41873300,33.97060700 134.41867300,33.96989700 134.41879200,33.96962200 134.41914900,33.96945400 134.41955300,33.96922700 134.41950500,33.96911900 134.41925600,33.96910900 134.41882800,33.96903000 134.41848300,33.96897100 134.41817400,33.96881300 134.41778200,33.96887200 134.41747300,33.96893200 134.41704500,33.96893200 134.41672400,33.96889200 134.41678400,33.96921700 134.41676900,33.96933700 134.41674800,33.96951300 134.41679600,33.96955300 134.41685500,33.96976900 134.41691500,33.96987800 134.41699800,33.97012400 134.41696200,33.97025200 134.41678400,33.97029200 134.41668900,33.97019300 134.41633200,33.96979900 134.41589300,33.96925700 134.41552400,33.96875400 134.41542900,33.96852800 134.41548900,33.96827100 134.41561900,33.96816300 134.41585700,33.96806400 134.41607100,33.96805400 134.41638000,33.96813300 134.41659400,33.96811400 134.41667700,33.96803500 134.41666500,33.96784700 134.41657000,33.96766000 134.41676000,33.96758100 134.41684300,33.96762100 134.41695000,33.96760100 134.41705700,33.96750200 134.41705700,33.96727600 134.41683100,33.96668400 134.41671300,33.96621100 134.41636800,33.96597500 134.41616600,33.96553100 134.41603500,33.96528500 134.41591600,33.96503800 134.41589300,33.96480000 134.41607100,33.96466200 134.41617800,33.96440600 134.41652200,33.96437600 134.41655800,33.96423800 134.41647500,33.96409000 134.41640400,33.96389300 134.41624900,33.96365700 134.41634400,33.96354800 134.41662900,33.96358800 134.41696200,33.96367600 134.41731900,33.96365700 134.41754400,33.96371600 134.41775800,33.96375500 134.41798400,33.96363700 134.41815100,33.96354800 134.41823400,33.96334100 134.41804400,33.96317400 134.41783000,33.96313400 134.41742600,33.96297600 134.41703300,33.96280900 134.41687900,33.96264100 134.41655800,33.96237500 134.41624900,33.96221800 134.41586900,33.96205000 134.41552400,33.96206000 134.41508400,33.96204000 134.41463300,33.96175400 134.41428800,33.96140900 134.41397900,33.96118300 134.41363500,33.96094600 134.41339700,33.96094600 134.41318300,33.96083800 134.41300500,33.96087700 134.41281500,33.96095600 134.41254100,33.96090700 134.41243400,33.96072900 134.41226800,33.96060100 134.41210200,33.96037400 134.41175700,33.96040400 134.41166200,33.96036400 134.41161400,33.96016700 134.41166200,33.95998000 134.41190000,33.95970400 134.41231500,33.95949700 134.41247000,33.95932000 134.41292200,33.95907000 134.41289400,33.95893400 134.41285800,33.95870900 134.41285800,33.95852000 134.41294400,33.95825300 134.41299300,33.95809400 134.41295800,33.95798100 134.41295800,33.95773300 134.41300800,33.95755600 134.41305100,33.95737200 134.41300800,33.95724800 134.41290800,33.95707100 134.41285100,33.95687500 134.41287200,33.95671000 134.41305800,33.95665700 134.41325700,33.95660900 134.41334300,33.95653200 134.41337100,33.95637900 134.41330700,33.95613000 134.41335000,33.95605900 134.41345700,33.95595300 134.41357100,33.95591700 134.41365700,33.95593500 134.41373500,33.95602400 134.41382800,33.95610700 134.41404200,33.95610700 134.41419100,33.95607700 134.41432700,33.95610100 134.41440500,33.95615400 134.41439800,33.95626000 134.41437700,33.95642600 134.41432700,33.95656200 134.41434800,33.95678700 134.41444100,33.95687000 134.41452600,33.95691700 134.41478300,33.95659200 134.41505700,33.95654200 134.41517500,33.95646300 134.41527000,33.95634500 134.41531800,33.95616800 134.41561500,33.95605900 134.41582900,33.95604000 134.41597200,33.95610900 134.41612600,33.95604900 134.41625700,33.95588200 134.41631600,33.95569500 134.41649400,33.95562600 134.41678000,33.95559600 134.41687500,33.95551700 134.41704100,33.95536900 134.41718400,33.95536900 134.41742100,33.95550700 134.41756400,33.95559600 134.41780200,33.95563500 134.41800400,33.95558600 134.41827700,33.95549700 134.41851500,33.95534000 134.41871600,33.95524900 134.41878700,33.95535500 134.41964200,33.95552100 134.42086900,33.95576900 134.42139700,33.95597100 134.42193800,33.95585200 134.42243800,33.95542600 134.42265200,33.95510700 134.42289400,33.95495300 134.42312200,33.95487000 134.42343600,33.95491800 134.42363600,33.95517800 134.42397800,33.95573400 134.42437700,33.95603000 134.42493300,33.95623100 134.42546100,33.95624300 134.42573200,33.95624300 134.42647300,33.95653800 134.42697300,33.95655000 134.42737200,33.95647900 134.42794200,33.95630200 134.42824200,33.95611200 134.42855500,33.95624300 134.42891200,33.95612400 134.42919700,33.95614800 134.42935400,33.95638500 134.42936800,33.95668000 134.42941100,33.95703500 134.42955400,33.95739000 134.42995300,33.95814700 134.43012300,33.95829800 134.43027200,33.95832700 134.43070500,33.95821400 134.43135900,33.95801200 134.43153700,33.95788400 134.43166200,33.95770100 134.43164400,33.95740600 134.43171500,33.95728300 134.43178700,33.95721400 134.43201800,33.95709000 134.43210200,33.95695200 134.43225600,33.95647400 134.43238700,33.95637100 134.43297500,33.95626200 134.43343300,33.95610000 134.43379500,33.95598100 134.43419300,33.95590700 134.43484700,33.95585300 134.43595500,33.95588800 134.43674500,33.95594700 134.43760100,33.95606000 134.43798100,33.95617400 134.43818900,33.95619800 134.43830800,33.95612400 134.43831400,33.95599600 134.43825500,33.95568600 134.43818300,33.95546000 134.43819500,33.95512000 134.43838500,33.95467100 134.43859300,33.95452300 134.43878300,33.95448900 134.43904500,33.95446400 134.43940100,33.95431600 134.43964900,33.95422800 134.44010700,33.95437600 134.44023700,33.95438500 134.44045700,33.95432600 134.44087300,33.95422300 134.44167500,33.95420800 134.44181800,33.95418300 134.44230500,33.95393700 134.44258500,33.95384300 134.44304800,33.95383300 134.44325000,33.95377400 134.44383800,33.95339500 134.44404000,33.95333100 134.44415900,33.95334500 134.44436700,33.95352800 134.44443800,33.95381400 134.44443800,33.95396200 134.44453900,33.95427700 134.44495500,33.95512000 134.44496700,33.95530700 134.44502700,33.95552900 134.44516300,33.95565700 134.44550000,33.95642900 134.44555300,33.95650800 134.44577900,33.95664600 134.44599300,33.95688700 134.44615300,33.95683300 134.44639700,33.95654700 134.44686600,33.95622200 134.44703900,33.95622700 134.44740100,33.95641900 134.44756200,33.95643900 134.44765700,33.95639900 134.44772200,33.95630600 134.44772200,33.95613300 134.44779900,33.95591100 134.44791200,33.95577800 134.44805500,33.95576400 134.44846500,33.95580800 134.44864900,33.95587700 134.44870800,33.95585700 134.44874400,33.95580800 134.44876200,33.95571400 134.44880900,33.95560600 134.44884500,33.95558600 134.44899400,33.95557600 134.44910100,33.95560100 134.44923100,33.95573900 134.44933200,33.95587700 134.44957000,33.95610400 134.45001000,33.95721700 134.45034600,33.95764100 134.45063100,33.95781900 134.45101700,33.95788800 134.45152200,33.95792700 134.45190900,33.95786300 134.45206300,33.95779900 134.45214600,33.95771000 134.45213400,33.95760200 134.45203900,33.95748900 134.45202200,33.95738500 134.45204500,33.95727700 134.45223000,33.95713900 134.45254400,33.95694600 134.45262800,33.95683300 134.45262200,33.95672500 134.45246700,33.95658200 134.45234800,33.95646800 134.45231900,33.95633000 134.45232500,33.95620700 134.45224700,33.95605900 134.45213400,33.95592600 134.45198600,33.95578800 134.45189700,33.95568500 134.45192700,33.95554700 134.45187300,33.95535400 134.45183100,33.95523600 134.45170100,33.95514700 134.45155200,33.95509300 134.45132000,33.95507800 134.45117800,33.95498500 134.45110700,33.95484700 134.45110700,33.95470900 134.45118400,33.95461000 134.45133200,33.95455100 134.45146900,33.95449200 134.45174200,33.95414300 134.45203300,33.95393100 134.45233700,33.95372900 134.45252700,33.95356600 134.45287700,33.95345300 134.45312100,33.95340900 134.45343600,33.95342300 134.45376300,33.95334000 134.45394100,33.95326100 134.45417900,33.95314200 134.45433300,33.95314200 134.45444000,33.95319700 134.45458300,33.95320600 134.45479600,33.95314200 134.45498700,33.95315200 134.45514700,33.95326600 134.45535500,33.95353700 134.45545000,33.95355200 134.45555600,33.95350700 134.45562100,33.95335900 134.45587700,33.95287100 134.45595400,33.95285200 134.45604900,33.95291100 134.45633400,33.95317200 134.45659000,33.95341800 134.45670900,33.95346300 134.45685700,33.95345300 134.45703500,33.95340900 134.45717800,33.95332500 134.45726700,33.95321100 134.45728500,33.95287100 134.45752300,33.95274800 134.45780800,33.95268900 134.45797400,33.95275800 134.45830700,33.95324100 134.45842000,33.95334400 134.45855700,33.95336900 134.45871100,33.95331500 134.45894900,33.95314700 134.45907400,33.95308800 134.45916900,33.95308300 134.45943000,33.95331000 134.45959000,33.95349700 134.45973300,33.95358100 134.45988800,33.95359100 134.46000000,33.95353700 134.46001200,33.95337900 134.45999500,33.95316200 134.46000000,33.95304900 134.46008400,33.95299500 134.46019700,33.95306400 134.46033300,33.95325100 134.46048200,33.95327500 134.46074300,33.95322100 134.46131800,33.95312800 134.46169300,33.95313700 134.46233500,33.95325600 134.46245300,33.95321100 134.46254200,33.95313700 134.46256000,33.95297000 134.46254800,33.95276300 134.46259000,33.95259500 134.46266100,33.95240800 134.46263800,33.95224000 134.46251300,33.95196900 134.46247100,33.95176200 134.46247700,33.95159100 134.46247700,33.95146800 134.46254800,33.95138900 134.46267300,33.95134900 134.46285100,33.95134400 134.46297600,33.95141300 134.46303600,33.95149700 134.46308300,33.95184700 134.46314900,33.95201500 134.46327900,33.95215300 134.46352300,33.95245300 134.46358800,33.95345600 134.46358200,33.95365300 134.46351700,33.95376100 134.46340400,33.95380100 134.46317800,33.95375700 134.46307100,33.95377600 134.46288100,33.95388500 134.46269700,33.95405200 134.46250700,33.95406700 134.46229300,33.95406200 134.46218000,33.95408700 134.46218600,33.95418000 134.46228100,33.95466800 134.46234600,33.95495400 134.46234600,33.95508400 134.46229900,33.95521200 134.46213200,33.95529600 134.46171100,33.95505500 134.46151500,33.95499100 134.46139000,33.95500500 134.46134800,33.95504500 134.46134800,33.95550300 134.46141400,33.95577400 134.46140200,33.95590300 134.46122900,33.95614900 134.46107500,33.95628200 134.46097400,33.95632600 134.46086100,33.95633600 134.46063100,33.95625700 134.46037500,33.95614900 134.46023300,33.95614900 134.46007800,33.95619300 134.45988200,33.95614400 134.45971000,33.95604100 134.45949600,33.95580400 134.45925800,33.95553300 134.45911000,33.95542400 134.45898500,33.95540000 134.45890200,33.95550800 134.45885400,33.95567600 134.45884800,33.95582400 134.45875900,33.95609500 134.45861100,33.95617900 134.45846200,33.95619300 134.45821800,33.95611400 134.45796900,33.95601600 134.45786200,33.95600100 134.45775500,33.95601100 134.45765400,33.95608000 134.45753500,33.95622300 134.45751100,33.95633600
			</coordinates>
		</LineString>
	</Placemark>
	<Placemark>
		<name>SHIKOKU_TKS_12</name>
		<description>自然林を訪ねるみち</description>
		<styleUrl>#lineStyle0</styleUrl>
		<LineString>
			<coordinates> 134.45748800,33.95669800 134.45767200,33.95676700 134.45770200,33.95660000 134.45772500,33.95642200 134.45779100,33.95638800 134.45792100,33.95658000 134.45804000,33.95672800 134.45813500,33.95656000 134.45817700,33.95648100 134.45826000,33.95647200 134.45836100,33.95661900 134.45845000,33.95678700 134.45852200,33.95683600 134.45859300,33.95681700 134.45868800,33.95684600 134.45881300,33.95696000 134.45889600,33.95709300 134.45901500,33.95717600 134.45905000,33.95717100 134.45908000,33.95709300 134.45908600,33.95702400 134.45916900,33.95701900 134.45931800,33.95709300 134.45952000,33.95728500 134.45976300,33.95742300 134.46032800,33.95788100 134.46061300,33.95800900 134.46070200,33.95807300 134.46071400,33.95814200 134.46081500,33.95825600 134.46097600,33.95835400 134.46149300,33.95853200 134.46171800,33.95866500 134.46214000,33.95881300 134.46229500,33.95882900 134.46234200,33.95885400 134.46235400,33.95890300 134.46232400,33.95898200 134.46218200,33.95924800 134.46215800,33.95958800 134.46173000,33.96005700 134.46155200,33.96029800 134.46137400,33.96051500 134.46129600,33.96054900 134.46113600,33.96059400 134.46059500,33.96065300 134.46024500,33.96113800 134.45953200,33.96258700 134.45873000,33.96407500 134.45848600,33.96459200 134.45844400,33.96474000 134.45843200,33.96513900 134.45841500,33.96540500 134.45836100,33.96561700 134.45829600,33.96572000 134.45825400,33.96576500 134.45826600,33.96583800 134.45848000,33.96612900 134.45866400,33.96641000 134.45877700,33.96664200 134.45881300,33.96693900 134.45881300,33.96708200 134.45876500,33.96743200 134.45876500,33.96802800 134.45868200,33.96832400 134.45851600,33.96864900 134.45850400,33.96885600 134.45862300,33.96920600 134.45857500,33.96933800 134.45854500,33.96956500 134.45826000,33.96996900 134.45820700,33.97047200 134.45789200,33.97076300 134.45771300,33.97092500 134.45773700,33.97110700 134.45781400,33.97128500 134.45835500,33.97187600 134.45845600,33.97207800 134.45829600,33.97214600 134.45780800,33.97218600 134.45747000,33.97227900 134.45739300,33.97241200 134.45744600,33.97301400 134.45762400,33.97328900 134.45791000,33.97342300 134.45833100,33.97350100 134.45862300,33.97362000 134.45888400,33.97385100 134.45877700,33.97402900 134.45852700,33.97429500 134.45836700,33.97442300 134.45831400,33.97469400 134.45833700,33.97511100 134.45830800,33.97539700 134.45804600,33.97647100 134.45796300,33.97689000 134.45792700,33.97718500 134.45797500,33.97756000 134.45821300,33.97816600 134.45823600,33.97851000 134.45817100,33.97870700 134.45811200,33.97933700 134.45812300,33.98003700 134.45818300,33.98094400 134.45828400,33.98188600
			</coordinates>
		</LineString>
	</Placemark>
	<Placemark>
		<name>SHIKOKU_TKS_12</name>
		<description>自然林を訪ねるみち</description>
		<styleUrl>#lineStyle0</styleUrl>
		<LineString>
			<coordinates> 134.45748800,33.95669800 134.45751100,33.95633600 134.45753500,33.95622300 134.45765400,33.95608000 134.45775500,33.95601100 134.45786200,33.95600100 134.45796900,33.95601600 134.45821800,33.95611400 134.45846200,33.95619300 134.45861100,33.95617900 134.45875900,33.95609500 134.45884800,33.95582400 134.45885400,33.95567600 134.45890200,33.95550800 134.45898500,33.95540000 134.45911000,33.95542400 134.45925800,33.95553300 134.45949600,33.95580400 134.45971000,33.95604100 134.45988200,33.95614400 134.46007800,33.95619300 134.46023300,33.95614900 134.46037500,33.95614900 134.46063100,33.95625700 134.46086100,33.95633600 134.46097400,33.95632600 134.46107500,33.95628200 134.46122900,33.95614900 134.46140200,33.95590300 134.46141400,33.95577400 134.46134800,33.95550300 134.46134800,33.95504500 134.46139000,33.95500500 134.46151500,33.95499100 134.46171100,33.95505500 134.46213200,33.95529600 134.46229900,33.95521200 134.46234600,33.95508400 134.46234600,33.95495400 134.46228100,33.95466800 134.46218600,33.95418000 134.46218000,33.95408700 134.46229300,33.95406200 134.46250700,33.95406700 134.46269700,33.95405200 134.46288100,33.95388500 134.46307100,33.95377600 134.46317800,33.95375700 134.46340400,33.95380100 134.46351700,33.95376100 134.46358200,33.95365300 134.46358800,33.95345600 134.46352300,33.95245300 134.46327900,33.95215300 134.46314900,33.95201500 134.46308300,33.95184700 134.46303600,33.95149700 134.46297600,33.95141300 134.46285100,33.95134400 134.46311500,33.95122100 134.46369700,33.95110300 134.46399400,33.95109300 134.46441000,33.95116200 134.46501600,33.95139900 134.46557500,33.95162500 134.46602600,33.95175400 134.46660900,33.95176300 134.46728600,33.95183200 134.46782100,33.95192100 134.46828400,33.95207900 134.46862900,33.95235500 134.46900900,33.95266000 134.46949600,33.95329100 134.46986500,33.95376500 134.47030500,33.95419800 134.47086300,33.95461200 134.47139800,33.95498700 134.47154100,33.95512500 134.47142200,33.95526700 134.47136200,33.95532600 134.47116000,33.95537500 134.47112500,33.95558200 134.47131500,33.95597700 134.47163600,33.95638100 134.47202800,33.95659800 134.47265800,33.95696200 134.47283600,33.95723800 134.47295500,33.95759300 134.47321600,33.95839200 134.47345400,33.95896300 134.47369200,33.95948600 134.47391400,33.95997900 134.47422300,33.96082600 134.47440100,33.96156600 134.47448400,33.96193000 134.47449600,33.96214700 134.47456700,33.96226500 134.47490000,33.96254100 134.47550600,33.96299500 134.47574400,33.96319200 134.47579100,33.96337900 134.47579100,33.96354700 134.47583900,33.96370400 134.47594600,33.96384200 134.47617200,33.96397800 134.47632600,33.96426400 134.47632600,33.96463900 134.47624300,33.96490500 134.47606500,33.96511200 134.47589800,33.96527900 134.47578000,33.96540800 134.47570800,33.96559500 134.47579100,33.96579200 134.47607700,33.96604800 134.47617200,33.96604800 134.47643300,33.96589100 134.47662300,33.96573300 134.47721800,33.96552600 134.47740800,33.96557500 134.47747900,33.96560500 134.47788300,33.96544700 134.47809700,33.96526000 134.47865500,33.96503300 134.47910700,33.96484600 134.47922600,33.96474700 134.47948700,33.96424500 134.48011700,33.96446100 134.48072300,33.96459000 134.48125800,33.96460900 134.48194700,33.96460900 134.48226800,33.96470800 134.48242300,33.96484600 134.48254200,33.96505300 134.48260100,33.96549600 134.48261300,33.96582200 134.48268400,33.96613700 134.48286200,33.96646200 134.48314800,33.96685600 134.48333800,33.96718200 134.48352800,33.96716200 134.48393200,33.96702400 134.48422900,33.96701400 134.48463300,33.96711300 134.48506100,33.96725100 134.48573800,33.96755600 134.48646300,33.96782200 134.48661800,33.96775300 134.48696200,33.96751700 134.48717300,33.96733900 134.48763600,33.96736900 134.48825400,33.96751700 134.48894300,33.96789100 134.48946600,33.96830500 134.49001300,33.96841400 134.49044100,33.96855200 134.49070200,33.96869000 134.49097600,33.96871900 134.49114200,33.96855200 134.49149800,33.96841400 134.49190300,33.96813800 134.49210500,33.96793100 134.49230700,33.96775300 134.49258000,33.96777300 134.49283000,33.96791100 134.49336400,33.96805900 134.49382800,33.96812800 134.49429100,33.96814800 134.49476700,33.96809800 134.49514700,33.96806900 134.49553900,33.96804900 134.49594300,33.96808800 134.49614500,33.96816700 134.49590700,33.96829500 134.49586000,33.96837400 134.49590700,33.96849300 134.49612100,33.96870900 134.49647800,33.96888700 134.49698900,33.96904400 134.49727400,33.96910400 134.49740500,33.96879800 134.49767800,33.96821700 134.49797500,33.96781200 134.49820100,33.96759600 134.49830800,33.96782400 134.49853600,33.96806100 134.49870700,33.96816700 134.49896400,33.96849800 134.49946300,33.96888900 134.49966300,33.96909000 134.49996200,33.96950400 134.50004000,33.96964600 134.50014100,33.96966500 134.50029500,33.96964100 134.50046100,33.96960600 134.50057400,33.96953200 134.50068100,33.96941400 134.50087700,33.96928600 134.50101400,33.96916800 134.50107300,33.96908900 134.50115700,33.96888700 134.50124600,33.96877300 134.50134700,33.96872900 134.50153100,33.96876900 134.50169700,33.96883300 134.50187600,33.96881300 134.50202400,33.96878800 134.50210700,33.96886200 134.50210100,33.96898500 134.50210700,33.96922700 134.50200000,33.96935500 134.50207200,33.96950300 134.50222000,33.96962100 134.50239800,33.96963100 134.50263000,33.96959100 134.50289200,33.96959100 134.50310600,33.96955700 134.50332000,33.96944900 134.50349200,33.96927600 134.50362300,33.96919200 134.50374700,33.96915800 134.50396700,33.96918200 134.50409200,33.96915800 134.50424600,33.96909400 134.50431200,33.96904000 134.50437100,33.96899000 134.50450800,33.96900000 134.50487000,33.96915800 134.50503100,33.96915300 134.50523900,33.96917300 134.50536900,33.96928100 134.50541100,33.96940400 134.50542900,33.96951300 134.50538700,33.96960100 134.50533400,33.96965600 134.50523900,33.96973900 134.50519100,33.96984300 134.50519100,33.96995100 134.50529800,33.97005500 134.50542900,33.97014800 134.50544100,33.97023200 134.50537500,33.97037000 134.50532800,33.97046400 134.50538700,33.97060200 134.50543500,33.97066600 134.50542300,33.97094700 134.50550000,33.97107000 134.50564500,33.97121200 134.50577600,33.97132000 134.50589500,33.97136500 134.50603100,33.97139400 134.50610300,33.97142900 134.50594800,33.97145800 134.50553200,33.97165000 134.50540200,33.97180300 134.50530100,33.97204900 134.50516400,33.97234500 134.50493200,33.97270000 134.50469400,33.97297600 134.50461100,33.97315300 134.50450400,33.97341900 134.50443900,33.97358200 134.50430800,33.97372000 134.50414200,33.97379400 134.50404100,33.97380400 134.50390400,33.97379900 134.50373200,33.97372000 134.50362500,33.97362100 134.50355400,33.97345900 134.50348200,33.97315800 134.50335200,33.97298100 134.50327400,33.97274400 134.50320300,33.97243400 134.50317900,33.97219200 134.50310800,33.97203500 134.50293600,33.97215800 134.50275100,33.97225600 134.50256100,33.97232100 134.50241900,33.97237500 134.50234700,33.97247800 134.50228200,33.97247800 134.50219900,33.97248800 134.50200300,33.97266500 134.50195500,33.97278400 134.50190800,33.97297600 134.50174100,33.97315800 134.50149200,33.97325200 134.50130200,33.97341000 134.50115900,33.97354800 134.50108800,33.97368500 134.50093000,33.97388900 134.50073400,33.97409600 134.50053800,33.97433800 134.50036000,33.97455500 134.50039500,33.97472700 134.50049600,33.97493400 134.50046100,33.97511200 134.50055000,33.97538700 134.50052000,33.97565800 134.50059700,33.97614600 134.50060900,33.97662400 134.50068100,33.97703800 134.50098400,33.97747600 134.50113800,33.97774200 134.50119200,33.97817100 134.50108500,33.97851100 134.50105500,33.97877200 134.50114400,33.97907700 134.50131100,33.97932400 134.50164300,33.97952600 134.50206500,33.97972800 134.50232700,33.97992500 134.50236800,33.98002200 134.50236800,33.98025900 134.50224300,33.98042100 134.50222000,33.98060400 134.50216000,33.98079600 134.50205300,33.98093900 134.50170900,33.98111100 134.50153600,33.98122900 134.50142300,33.98136700 134.50141200,33.98157400 134.50146500,33.98174700 134.50153000,33.98192400 134.50164900,33.98214100 134.50168500,33.98223000 134.50160800,33.98230800 134.50145300,33.98229900 134.50126300,33.98226900 134.50106700,33.98228900 134.50096600,33.98237300 134.50088300,33.98257000 134.50080000,33.98282000 134.50074000,33.98296800 134.50051400,33.98317500 134.50042500,33.98332700 134.50016400,33.98362300 134.50001500,33.98388900 134.49993200,33.98423900 134.49991400,33.98454400 134.49994400,33.98474600 134.50005100,33.98487400 134.50024700,33.98501700 134.50047900,33.98506200 134.50061500,33.98521000 134.50065100,33.98536700 134.50063900,33.98567000 134.50065100,33.98580300 134.50075800,33.98599000 134.50085900,33.98622200 134.50080500,33.98635000 134.50068100,33.98652200 134.50074600,33.98673900 134.50075200,33.98695100 134.50074600,33.98709800 134.50062700,33.98726100 134.50046700,33.98742400 134.50039000,33.98755700 134.50028800,33.98768500 134.50025900,33.98783800 134.50025300,33.98799900 134.50031200,33.98815700 134.50046700,33.98827000 134.50069800,33.98840800 134.50089500,33.98864900 134.50112600,33.98889100 134.50139400,33.98919100 134.50153600,33.98932000 134.50175000,33.98936900 134.50202400,33.98939800 134.50224900,33.98947200 134.50243400,33.98961500 134.50255200,33.98985200 134.50274300,33.99011800
			</coordinates>
		</LineString>
	</Placemark>
	<Placemark>
		<name>SHIKOKU_TKS_13</name>
		<description>中津峰山越のみち</description>
		<styleUrl>#lineStyle0</styleUrl>
		<LineString>
			<coordinates> 134.50987267,33.96259584 134.50965385,33.96238507 134.50944914,33.96196939 134.50943400,33.96158400 134.50934900,33.96155200 134.50910100,33.96152100 134.50864500,33.96116600 134.50829300,33.96078800 134.50806500,33.96062200 134.50781800,33.96050400 134.50753300,33.96036200 134.50727600,33.96016500 134.50718100,33.95994400 134.50715200,33.95958900 134.50723800,33.95942300 134.50732400,33.95886400 134.50731400,33.95846900 134.50734300,33.95835900 134.50745700,33.95809100 134.50763700,33.95782300 134.50768500,33.95761000 134.50765600,33.95742000 134.50758000,33.95727100 134.50747700,33.95706300 134.50739400,33.95689500 134.50738200,33.95679600 134.50739400,33.95666300 134.50751800,33.95647100 134.50759600,33.95631800 134.50761900,33.95610200 134.50763100,33.95585000 134.50766700,33.95572200 134.50775600,33.95563300 134.50791700,33.95555900 134.50830300,33.95483500 134.50856400,33.95439000 134.50883200,33.95387300 134.50886100,33.95368500 134.50883800,33.95281800 134.50885500,33.95240900 134.50892700,33.95221500 134.50908100,33.95200300 134.50916400,33.95182000 134.50932500,33.95182000 134.50952700,33.95162300 134.50969900,33.95145600 134.51009100,33.95117500 134.51031100,33.95094800 134.51048300,33.95063700 134.51050100,33.95043500 134.51050700,33.95017400 134.51039400,33.94974500 134.51038200,33.94963200 134.51038200,33.94954800 134.51043600,33.94944000 134.51054900,33.94926700 134.51055500,33.94894600 134.51053331,33.94875968 134.51051177,33.94827730 134.51078000,33.94832000 134.51133100,33.94823300 134.51196800,33.94814600 134.51256700,33.94812300 134.51298500,33.94809900 134.51342300,33.94820200 134.51364100,33.94826500 134.51363200,33.94807500 134.51357500,33.94794900 134.51374600,33.94785500 134.51393600,33.94787000 134.51431600,33.94821000 134.51457300,33.94841500 134.51477300,33.94832000 134.51515300,33.94788600 134.51544800,33.94752300 134.51589500,33.94713700 134.51663600,33.94672700 134.51702600,33.94641100 134.51711200,33.94614300 134.51706400,33.94593000 134.51695000,33.94573300 134.51679800,33.94463700 134.51656000,33.94302900 134.51642700,33.94241400 134.51630300,33.94190900 134.51633200,33.94128600 134.51655100,33.94079700 134.51689300,33.94019000 134.51712100,33.93949600 134.51717800,33.93895200 134.51726700,33.93884100 134.51806600,33.93863600 134.51907400,33.93838400 134.51958700,33.93813900 134.51993900,33.93789500 134.52015800,33.93769000 134.52051900,33.93702700 134.52079500,33.93642800 134.52101300,33.93628600 134.52132900,33.93625700 134.52150200,33.93619800 134.52157300,33.93607000 134.52159100,33.93587300 134.52165300,33.93460000 134.52031200,33.93461600 134.51914300,33.93456100 134.52027400,33.93298000 134.52084500,33.93215200 134.52130100,33.93129200 134.52143400,33.93086600
			</coordinates>
		</LineString>
	</Placemark>
	<Placemark>
		<name>SHIKOKU_TKS_13</name>
		<description>中津峰山越のみち</description>
		<styleUrl>#lineStyle0</styleUrl>
		<LineString>
			<coordinates> 134.50942797,33.96245533 134.50940679,33.96254900 134.50892300,33.96297200 134.50821000,33.96370200 134.50786500,33.96437200 134.50769900,33.96488500 134.50724700,33.96526900 134.50672400,33.96552500 134.50591600,33.96567300 134.50534600,33.96582100 134.50491800,33.96598900 134.50487000,33.96660000 134.50466800,33.96681600 134.50447800,33.96673800 134.50434700,33.96636300 134.50403800,33.96631400 134.50353900,33.96637300 134.50307600,33.96656000 134.50274300,33.96685600 134.50249400,33.96729900 134.50233900,33.96763500 134.50216100,33.96798900 134.50199400,33.96806800 134.50157800,33.96806800 134.50136500,33.96821600 134.50126900,33.96851200 134.50134700,33.96872900 134.50153100,33.96876900 134.50169700,33.96883300 134.50187600,33.96881300 134.50202400,33.96878800 134.50210700,33.96886200 134.50210100,33.96898500 134.50210700,33.96922700 134.50200000,33.96935500 134.50207200,33.96950300 134.50222000,33.96962100 134.50239800,33.96963100 134.50263000,33.96959100 134.50289200,33.96959100 134.50310600,33.96955700 134.50332000,33.96944900 134.50349200,33.96927600 134.50362300,33.96919200 134.50374700,33.96915800 134.50396700,33.96918200 134.50409200,33.96915800 134.50424600,33.96909400 134.50431200,33.96904000 134.50437100,33.96899000 134.50450800,33.96900000 134.50487000,33.96915800 134.50503100,33.96915300 134.50523900,33.96917300 134.50536900,33.96928100 134.50541100,33.96940400 134.50542900,33.96951300 134.50538700,33.96960100 134.50533400,33.96965600 134.50523900,33.96973900 134.50519100,33.96984300 134.50519100,33.96995100 134.50529800,33.97005500 134.50542900,33.97014800 134.50544100,33.97023200 134.50537500,33.97037000 134.50532800,33.97046400 134.50538700,33.97060200 134.50543500,33.97066600 134.50542300,33.97094700 134.50550000,33.97107000 134.50564500,33.97121200 134.50577600,33.97132000 134.50589500,33.97136500 134.50603100,33.97139400
			</coordinates>
		</LineString>
	</Placemark>
	<Placemark>
		<name>SHIKOKU_TKS_13</name>
		<description>中津峰山越のみち</description>
		<styleUrl>#lineStyle0</styleUrl>
		<LineString>
			<coordinates> 134.50989600,33.96269100 134.51006300,33.96286900 134.51013400,33.96309500 134.51038400,33.96327300 134.51044300,33.96341100 134.51021700,33.96374600 134.51036000,33.96397300 134.51033600,33.96408100 134.51027700,33.96429800 134.51022900,33.96452500 134.51025300,33.96473200 134.51038400,33.96486000 134.51039600,33.96498800 134.51039600,33.96523400 134.51046500,33.96534600 134.51046500,33.96570700 134.51040000,33.96588400 134.51030100,33.96613200 134.51027900,33.96631000 134.51029300,33.96642200 134.51037900,33.96660500 134.51040700,33.96678300 134.51038600,33.96684800 134.51033600,33.96701300 134.51040700,33.96708400 134.51039300,33.96714400 134.51030800,33.96714900 134.51027200,33.96714900 134.51026500,33.96720900 134.51030100,33.96724100 134.51044300,33.96721700 134.51051400,33.96728800 134.51062900,33.96727700 134.51074300,33.96738300 134.51082800,33.96744200 134.51082800,33.96757200 134.51094200,33.96745400 134.51107100,33.96733600 134.51134200,33.96728800 134.51142700,33.96747800 134.51159800,33.96765500 134.51175500,33.96785600 134.51189800,33.96809300 134.51205500,33.96835300 134.51231100,33.96850700 134.51244000,33.96873100 134.51262500,33.96895600 134.51286700,33.96929900 134.51315300,33.96921600 134.51355200,33.96935800 134.51375200,33.96933500 134.51392300,33.96938800 134.51475700,33.96958300 134.51521300,33.96975400 134.51562700,33.97009700 134.51598300,33.97043400 134.51619000,33.97042900 134.51677300,33.97037400 134.51676600,33.97043300 134.51685200,33.97062200 134.51683700,33.97075800 134.51669500,33.97107200 134.51657300,33.97127300 134.51648100,33.97149200 134.51646600,33.97171100 134.51652400,33.97188800 134.51665900,33.97209500 134.51684400,33.97239100 134.51726500,33.97281600 134.51740100,33.97302300 134.51722900,33.97317700 134.51706100,33.97328900 134.51690400,33.97335400 134.51672600,33.97336000 134.51656900,33.97326600 134.51636200,33.97305300 134.51619100,33.97295200 134.51608400,33.97282800 134.51592700,33.97253800 134.51559200,33.97223100 134.51544300,33.97206500 134.51508600,33.97187600 134.51489400,33.97176400 134.51475800,33.97151500 134.51454400,33.97127300 134.51394500,33.97095400 134.51356700,33.97085300 134.51323900,33.97085900 134.51303200,33.97075300 134.51280400,33.97077600 134.51270400,33.97087700 134.51271900,33.97097100 134.51281900,33.97113100 134.51289000,33.97130300 134.51282600,33.97152100 134.51264700,33.97159800 134.51244800,33.97162800 134.51220500,33.97188200 134.51216300,33.97200000 134.51221200,33.97223700 134.51217700,33.97236100 134.51203400,33.97246700 134.51199900,33.97257400 134.51202000,33.97273400 134.51204800,33.97291700 134.51197700,33.97310000 134.51199100,33.97325400 134.51205800,33.97355200 134.51177300,33.97423200 134.51136900,33.97442900 134.51096500,33.97439900 134.51050100,33.97423200 134.51034700,33.97428100 134.51027500,33.97442900 134.51025200,33.97464500 134.51054900,33.97557200 134.50955000,33.97614300 134.50953900,33.97564100 134.50937200,33.97542400 134.50900400,33.97486200 134.50876600,33.97465500 134.50888500,33.97434000 134.50896800,33.97402500 134.50902800,33.97386700 134.50902800,33.97369000 134.50887300,33.97345300 134.50883700,33.97319700 134.50858800,33.97304900 134.50845700,33.97279300 134.50849300,33.97247700 134.50841000,33.97232000 134.50807700,33.97230000 134.50763700,33.97234900 134.50749500,33.97228000 134.50729300,33.97179700 134.50715000,33.97167900 134.50685300,33.97170900 134.50672200,33.97182700 134.50642500,33.97188600 134.50614000,33.97186600 134.50610400,33.97165900 134.50610300,33.97142900
			</coordinates>
		</LineString>
	</Placemark>
	<Placemark>
		<name>SHIKOKU_TKS_13</name>
		<description>中津峰山越のみち</description>
		<styleUrl>#lineStyle0</styleUrl>
		<LineString>
			<coordinates> 134.50610300,33.97142900 134.50594800,33.97145800 134.50553200,33.97165000 134.50540200,33.97180300 134.50530100,33.97204900 134.50516400,33.97234500 134.50493200,33.97270000 134.50469400,33.97297600 134.50461100,33.97315300 134.50450400,33.97341900 134.50443900,33.97358200 134.50430800,33.97372000 134.50414200,33.97379400 134.50404100,33.97380400 134.50390400,33.97379900 134.50373200,33.97372000 134.50362500,33.97362100 134.50355400,33.97345900 134.50348200,33.97315800 134.50335200,33.97298100 134.50327400,33.97274400 134.50320300,33.97243400 134.50317900,33.97219200 134.50310800,33.97203500 134.50293600,33.97215800 134.50275100,33.97225600 134.50256100,33.97232100 134.50241900,33.97237500 134.50234700,33.97247800 134.50228200,33.97247800 134.50219900,33.97248800 134.50200300,33.97266500 134.50195500,33.97278400 134.50190800,33.97297600 134.50174100,33.97315800 134.50149200,33.97325200 134.50130200,33.97341000 134.50115900,33.97354800 134.50108800,33.97368500 134.50093000,33.97388900 134.50073400,33.97409600 134.50053800,33.97433800 134.50036000,33.97455500 134.50039500,33.97472700 134.50049600,33.97493400 134.50046100,33.97511200 134.50055000,33.97538700 134.50052000,33.97565800 134.50059700,33.97614600 134.50060900,33.97662400 134.50068100,33.97703800 134.50098400,33.97747600 134.50113800,33.97774200 134.50119200,33.97817100 134.50108500,33.97851100 134.50105500,33.97877200 134.50114400,33.97907700 134.50131100,33.97932400 134.50164300,33.97952600 134.50206500,33.97972800 134.50232700,33.97992500 134.50236800,33.98002200 134.50236800,33.98025900 134.50224300,33.98042100 134.50222000,33.98060400 134.50216000,33.98079600 134.50205300,33.98093900 134.50170900,33.98111100 134.50153600,33.98122900 134.50142300,33.98136700 134.50141200,33.98157400 134.50146500,33.98174700 134.50153000,33.98192400 134.50164900,33.98214100 134.50168500,33.98223000 134.50160800,33.98230800 134.50145300,33.98229900 134.50126300,33.98226900 134.50106700,33.98228900 134.50096600,33.98237300 134.50088300,33.98257000 134.50080000,33.98282000 134.50074000,33.98296800 134.50051400,33.98317500 134.50042500,33.98332700 134.50016400,33.98362300 134.50001500,33.98388900 134.49993200,33.98423900 134.49991400,33.98454400 134.49994400,33.98474600 134.50005100,33.98487400 134.50024700,33.98501700 134.50047900,33.98506200 134.50061500,33.98521000 134.50065100,33.98536700 134.50063900,33.98567000 134.50065100,33.98580300 134.50075800,33.98599000 134.50085900,33.98622200 134.50080500,33.98635000 134.50068100,33.98652200 134.50074600,33.98673900 134.50075200,33.98695100 134.50074600,33.98709800 134.50062700,33.98726100 134.50046700,33.98742400 134.50039000,33.98755700 134.50028800,33.98768500 134.50025900,33.98783800 134.50025300,33.98799900 134.50031200,33.98815700 134.50046700,33.98827000 134.50069800,33.98840800 134.50089500,33.98864900 134.50112600,33.98889100 134.50139400,33.98919100 134.50153600,33.98932000 134.50175000,33.98936900 134.50202400,33.98939800 134.50224900,33.98947200 134.50243400,33.98961500 134.50255200,33.98985200 134.50274300,33.99011800
			</coordinates>
		</LineString>
	</Placemark>
	<Placemark>
		<name>SHIKOKU_TKS_14</name>
		<description>みかん畑のみち</description>
		<styleUrl>#lineStyle0</styleUrl>
		<LineString>
			<coordinates> 134.51881200,33.92978100 134.51833700,33.92905100 134.51783700,33.92836100 134.51758800,33.92823300 134.51739800,33.92812500 134.51714800,33.92803600 134.51680400,33.92777000 134.51663700,33.92765100 134.51643500,33.92760200 134.51629300,33.92751300 134.51619700,33.92739500 134.51620900,33.92718800 134.51635200,33.92687200 134.51635200,33.92666500 134.51625700,33.92647800 134.51611400,33.92639900 134.51588800,33.92645800 134.51565100,33.92637900 134.51556800,33.92636000 134.51549600,33.92624100 134.51553200,33.92604400 134.51536600,33.92572800 134.51514000,33.92544200 134.51511600,33.92532400 134.51533000,33.92496700 134.51529400,33.92460200 134.51525900,33.92379400 134.51527100,33.92338900 134.51534200,33.92296500 134.51528200,33.92251200 134.51525900,33.92216700 134.51518700,33.92191000 134.51506900,33.92167400 134.51508000,33.92135800 134.51514000,33.92101300 134.51533000,33.92045100 134.51543700,33.92022400 134.51555600,33.92019400 134.51554400,33.91978000 134.51562700,33.91973100 134.51567500,33.91939600 134.51535400,33.91945500 134.51521100,33.91941500 134.51484300,33.91907000 134.51465300,33.91900100 134.51467600,33.91872500 134.51489000,33.91863600 134.51490200,33.91846900 134.51493800,33.91830100 134.51467600,33.91833000 134.51458100,33.91821200 134.51436700,33.91812300 134.51424900,33.91807400 134.51413000,33.91792600 134.51411800,33.91784700 134.51401100,33.91778800 134.51382100,33.91767000 134.51369000,33.91758100 134.51366600,33.91749200 134.51350000,33.91726500 134.51352400,33.91712700 134.51352400,33.91702900 134.51347600,33.91681200 134.51342900,33.91670300 134.51320300,33.91659500 134.51309600,33.91644700 134.51295300,33.91622000 134.51297700,33.91608200 134.51294100,33.91588500 134.51291800,33.91573700 134.51282200,33.91553000 134.51258500,33.91546100 134.51249000,33.91539200 134.51226600,33.91537900 134.51207600,33.91535000 134.51199300,33.91514300 134.51175500,33.91501400 134.51164800,33.91480700 134.51144600,33.91470900 134.51137500,33.91479700 134.51120800,33.91471900 134.51095900,33.91466900 134.51078000,33.91460000 134.51044800,33.91463000 134.51009100,33.91491600 134.50988900,33.91498500 134.50983000,33.91509300 134.50943700,33.91507400 134.50917600,33.91507400 134.50852200,33.91516200 134.50830800,33.91517200 134.50742900,33.91500500 134.50707800,33.91506200 134.50677100,33.91512700 134.50628600,33.91480500 134.50592200,33.91436300 134.50575100,33.91394400 134.50586700,33.91398700 134.50592700,33.91393900 134.50593100,33.91383000 134.50588900,33.91377500 134.50595300,33.91377800 134.50601000,33.91382700 134.50616700,33.91390100 134.50633600,33.91388700 134.50644500,33.91394200 134.50653100,33.91390400 134.50662400,33.91400400 134.50666000,33.91401100 134.50666000,33.91392500 134.50661400,33.91385600 134.50660500,33.91378700 134.50664100,33.91370400 134.50695800,33.91359600 134.50761400,33.91325300 134.50818400,33.91286200 134.50864100,33.91257800 134.50916800,33.91214000 134.50919700,33.91179700 134.50926800,33.91152500 134.50926800,33.91107500 134.50925400,33.91062500 134.50921100,33.91036500 134.50932500,33.91017600 134.50979600,33.90990300 134.51008100,33.90978500 134.51013100,33.90963100 134.51023100,33.90945400 134.51028100,33.90932900 134.51030200,33.90924100 134.51057300,33.90892700 134.51093000,33.90870800 134.51117200,33.90863700 134.51139300,33.90870200 134.51142200,33.90898000 134.51153600,33.90905700 134.51184900,33.90895600 134.51237000,33.90901000 134.51320400,33.90925200 134.51344000,33.90925800 134.51396000,33.90909800 134.51453800,33.90903900 134.51475200,33.90899800 134.51527900,33.90915800 134.51565000,33.90914600 134.51613500,33.90895600 134.51649100,33.90873800 134.51677400,33.90864900 134.51735200,33.90863100 134.51765900,33.90854800 134.51805800,33.90836500 134.51815800,33.90824000 134.51812900,33.90805100 134.51822200,33.90780300 134.51850700,33.90710400 134.51852100,33.90693400 134.51816500,33.90611700
			</coordinates>
		</LineString>
	</Placemark>
	<Placemark>
		<name>SHIKOKU_TKS_15</name>
		<description>深山幽谷の遍路みち</description>
		<styleUrl>#lineStyle0</styleUrl>
		<LineString>
			<coordinates> 134.51816500,33.90611700 134.52042700,33.90535600 134.52060600,33.90529100 134.52062700,33.90523700 134.52056300,33.90508900 134.52032800,33.90493000 134.52029900,33.90484100 134.52027800,33.90468100 134.52077600,33.90454300 134.52047800,33.90397100 134.52011000,33.90370400 134.51977700,33.90349200 134.51964100,33.90336900 134.51955800,33.90321600 134.51954000,33.90304400 134.51959300,33.90292500 134.51970600,33.90281700 134.51992000,33.90272800 134.51998500,33.90264400 134.51997900,33.90250100 134.51981900,33.90228900 134.51967600,33.90216400 134.51954600,33.90210000 134.51948600,33.90206000 134.51943900,33.90198600 134.51943900,33.90183800 134.51952200,33.90168000 134.51966400,33.90156700 134.51984300,33.90129600 134.52003900,33.90102900 134.52012200,33.90086700 134.52021700,33.90058100 134.52041300,33.90056600 134.52067500,33.90054100 134.52086500,33.90045700 134.52119200,33.90012200 134.52147700,33.89989500 134.52190100,33.89964200 134.52206700,33.89949900 134.52211500,33.89939000 134.52210300,33.89918800 134.52199600,33.89900000 134.52188300,33.89869500 134.52188300,33.89837900 134.52184800,33.89817200 134.52187700,33.89807800 134.52190700,33.89799400 134.52205600,33.89773300 134.52221000,33.89734400 134.52234100,33.89702400 134.52244200,33.89688600 134.52254300,33.89669800 134.52260800,33.89629900 134.52270300,33.89584000 134.52272700,33.89551400 134.52272700,33.89525800 134.52262000,33.89508500 134.52247700,33.89491300 134.52229300,33.89479400 134.52222200,33.89470100 134.52217400,33.89440400 134.52213900,33.89428000 134.52208500,33.89413700 134.52199600,33.89404900 134.52180000,33.89393500 134.52168700,33.89384600 134.52168100,33.89377200 134.52179400,33.89361400 134.52190100,33.89340200 134.52189500,33.89323500 134.52181200,33.89304700 134.52167500,33.89282000 134.52157400,33.89262300 134.52156800,33.89202600 134.52189500,33.89149000 134.52203200,33.89125800 134.52203800,33.89119400 134.52204400,33.89101600 134.52192500,33.89080400 134.52168700,33.89054800 134.52158000,33.89011300 134.52149100,33.88960000 134.52157400,33.88943800 134.52239400,33.88890000 134.52254900,33.88850600 134.52304800,33.88742600 134.52337500,33.88707100 134.52344000,33.88677000 134.52352300,33.88620300 134.52352300,33.88600000 134.52359400,33.88584200 134.52376700,33.88574800 134.52390300,33.88562000 134.52398100,33.88555100 134.52389200,33.88555100 134.52385600,33.88559000 134.52373700,33.88556600 134.52380800,33.88548200 134.52386800,33.88535300 134.52389800,33.88519100 134.52389800,33.88506200 134.52409869,33.88495123 134.52433009,33.88485060 134.52452843,33.88468595 134.52398850,33.88434748 134.52419786,33.88393584 134.52358200,33.88342000 134.52341100,33.88320700 134.52319700,33.88300600 134.52298300,33.88279800 134.52278400,33.88250200 134.52247700,33.88228900 134.52203123,33.88235506 134.52144725,33.88225443 134.52203123,33.88235506 134.52247700,33.88228900 134.52278400,33.88250200 134.52298300,33.88279800 134.52319700,33.88300600 134.52341100,33.88320700 134.52358200,33.88342000 134.52392238,33.88368885 134.52419786,33.88393584 134.52398850,33.88434748 134.52452843,33.88468595 134.52463800,33.88451500 134.52474400,33.88430800 134.52483700,33.88414200 134.52490800,33.88389900 134.52490800,33.88364500 134.52494400,33.88334300 134.52504400,33.88318900 134.52507200,33.88303500 134.52499400,33.88284600 134.52473700,33.88274500 134.52451600,33.88265000 134.52441600,33.88251400 134.52440900,33.88225300 134.52433100,33.88208100 134.52421000,33.88187400 134.52443800,33.88163100 134.52465900,33.88144800 134.52488700,33.88121700 134.52490100,33.88109800 134.52478700,33.88095000 134.52465200,33.88086200 134.52443100,33.88071400 134.52429500,33.88057700 134.52421700,33.88045300 134.52418800,33.88028700 134.52416000,33.88012200 134.52419500,33.88000300 134.52496600,33.88028100 134.52565000,33.88058900 134.52609900,33.88083200 134.52622000,33.88095000 134.52640600,33.88127600 134.52661300,33.88144200 134.52675500,33.88153600 134.52734700,33.88184400 134.52756800,33.88211700 134.52782500,33.88221100 134.52818800,33.88223500 134.52838100,33.88229400 134.52880200,33.88253700 134.52944200,33.88276300 134.52974200,33.88288100 134.52995600,33.88292100 134.53042100,33.88296800 134.53068300,33.88305900 134.53160000,33.88347300 134.53186200,33.88357600 134.53200400,33.88358400 134.53226100,33.88343400 134.53235600,33.88339400 134.53271300,33.88332300 134.53308300,33.88324800 134.53331100,33.88318500 134.53344400,33.88317300 134.53357200,33.88324000 134.53387200,33.88348500 134.53407100,33.88361100 134.53449900,33.88372600 134.53557800,33.88400200 134.53611500,33.88414800 134.53647700,33.88428200 134.53658100,33.88434500 134.53668600,33.88449500 134.53672400,33.88467600 134.53682400,33.88492500 134.53694700,33.88503500 134.53705700,33.88505100 134.53720400,33.88501500 134.53733700,33.88485800 134.53751300,33.88460500 134.53771300,33.88441200 134.53789800,33.88435300 134.53804500,33.88431300 134.53833900,33.88432100 134.53858100,33.88432900 134.53884200,33.88428500 134.53909900,33.88427800 134.53982600,33.88451000 134.54006900,33.88451800 134.54027800,33.88458500 134.54079600,33.88480200 134.54102900,33.88487700 134.54134300,33.88497600 134.54150900,33.88496800 134.54156600,33.88491700 134.54148100,33.88485400 134.54121500,33.88473900 134.54083900,33.88461300 134.54056800,33.88447500 134.54014500,33.88419100 134.53995000,33.88405700 134.53982600,33.88395000 134.53983600,33.88389100 134.53994500,33.88388700 134.54011200,33.88395800 134.54029700,33.88406000 134.54069200,33.88436000 134.54081000,33.88442000 134.54116700,33.88444300 134.54168000,33.88434500 134.54185600,33.88434500 134.54198900,33.88437200 134.54224100,33.88437200 134.54242700,33.88433700 134.54258400,33.88434100 134.54281600,33.88439600 134.54299600,33.88450200 134.54324800,33.88472700 134.54339100,33.88488500 134.54347200,33.88503500 134.54353300,33.88552100 134.54362400,33.88562700 134.54389000,33.88574600 134.54415100,33.88576100 134.54450800,33.88543000 134.54502100,33.88498400 134.54562000,33.88453400 134.54585800,33.88444300 134.54611900,33.88442000 134.54648500,33.88445500 134.54724100,33.88455000 134.54741600,33.88451700 134.54761800,33.88441800 134.54770700,33.88433400 134.54771300,33.88421100 134.54767700,33.88410700 134.54757600,33.88397900 134.54755200,33.88381600 134.54748700,33.88372700 134.54712400,33.88364800 134.54691100,33.88357400 134.54686300,33.88350500 134.54691700,33.88339700 134.54706500,33.88334300 134.54739200,33.88337700 134.54773100,33.88335200 134.54789100,33.88321900 134.54804600,33.88288400 134.54811100,33.88262200 134.54843800,33.88229700 134.54886600,33.88177400 134.54912200,33.88147800 134.54937900,33.88105200 134.54980700,33.88069700 134.54994200,33.88057300 134.55030600,33.88007500 134.55084100,33.87981500 134.55147500,33.87953700 134.55193900,33.87930000 134.55216000,33.87916500 134.55227400,33.87878000 134.55257400,33.87794000 134.55272300,33.87756100 134.55311500,33.87719400 134.55337200,33.87691500 134.55342200,33.87666700 134.55340100,33.87621700 134.55333700,33.87584500 134.55323700,33.87549000 134.55322200,33.87520600 134.55334400,33.87494500 134.55358600,33.87467900 134.55442700,33.87398600 134.55474800,33.87369600 134.55489100,33.87340600 134.55502200,33.87297500 134.55537900,33.87235900 134.55574200,33.87195100 134.55617700,33.87146500 134.55656200,33.87105700 134.55667600,33.87074900 134.55675500,33.87051100
			</coordinates>
		</LineString>
	</Placemark>
	<Placemark>
		<name>SHIKOKU_TKS_16</name>
		<description>竹林とスダチ香るみち</description>
		<styleUrl>#lineStyle0</styleUrl>
		<LineString>
			<coordinates> 134.55684700,33.87003300 134.55766900,33.86958700 134.55821600,33.86933000 134.55863200,33.86919200 134.55927300,33.86891600 134.55985600,33.86861000 134.56034300,33.86841200 134.56018200,33.86786600 134.56011100,33.86767900 134.56012900,33.86756000 134.56021800,33.86733300 134.56036100,33.86694800 134.56059800,33.86642000 134.56065200,33.86625800 134.56064600,33.86571000 134.56068200,33.86562400 134.56074100,33.86554500 134.56084800,33.86550100 134.56109800,33.86544600 134.56122200,33.86536800 134.56123400,33.86525900 134.56109800,33.86467700 134.56085400,33.86420300 134.56066400,33.86393200 134.56061000,33.86379400 134.56059800,33.86369500 134.56063400,33.86345800 134.56064600,33.86324100 134.56065800,33.86301900 134.56073500,33.86276200 134.56081800,33.86252600 134.56094900,33.86219000 134.56098500,33.86200300 134.56110300,33.86177600 134.56122200,33.86139200 134.56125800,33.86121900 134.56135900,33.86094300 134.56148400,33.86054800 134.56160300,33.86020700 134.56032100,33.86018600 134.55993600,33.85996100 134.55967900,33.85966500 134.55952200,33.85918000 134.55929400,33.85838600 134.55898100,33.85741500 134.55862400,33.85700100 134.55762600,33.85651500 134.55677000,33.85600600 134.55652800,33.85565100 134.55661300,33.85530700 134.55638500,33.85471500 134.55621400,33.85443100 134.55558700,33.85450200 134.55475900,33.85446600 134.55416000,33.85437200 134.55387500,33.85436000 134.55276300,33.85444300 134.55186400,33.85453800 134.55085920,33.85451891 134.55186400,33.85453800 134.55276300,33.85444300 134.55387500,33.85436000 134.55416000,33.85437200 134.55475900,33.85446600 134.55558700,33.85450200 134.55621400,33.85443100 134.55661300,33.85530700 134.55652800,33.85565100 134.55677000,33.85600600 134.55762600,33.85651500 134.55862400,33.85700100 134.55898100,33.85741500 134.55929400,33.85838600 134.55967900,33.85966500 134.55993600,33.85996100 134.56032100,33.86018600 134.56160300,33.86020700 134.56159747,33.85997638 134.56179900,33.86017800 134.56210200,33.86018300 134.56227400,33.86015800 134.56235700,33.86000500 134.56228000,33.85961500 134.56212500,33.85913700 134.56207200,33.85891500 134.56205400,33.85881100 134.56214900,33.85861900 134.56229900,33.85855500 134.56274500,33.85837300 134.56307700,33.85825900 134.56331500,33.85809700 134.56360600,33.85787000 134.56403400,33.85778600 134.56446800,33.85758300 134.56468800,33.85741100 134.56470600,33.85732700 134.56471700,33.85695700 134.56485400,33.85655200 134.56512100,33.85614700 134.56538000,33.85584900 134.56565300,33.85560800 134.56584300,33.85548400 134.56607500,33.85525200 134.56624200,33.85517300 134.56636000,33.85521800 134.56651500,33.85532600 134.56663400,33.85532600 134.56678200,33.85525200 134.56693700,33.85524200 134.56735900,33.85539100 134.56766200,33.85547900 134.56797700,33.85553400 134.56816100,33.85558800 134.56830900,33.85569600 134.56843400,33.85585900 134.56858900,33.85594800 134.56871900,33.85587400 134.56890400,33.85570600 134.56907000,33.85562200 134.56936700,33.85549900 134.56956900,33.85542500 134.56959900,33.85535100 134.56939100,33.85523300 134.56890900,33.85497600 134.56860600,33.85477900 134.56830300,33.85451700 134.56799400,33.85422600 134.56784600,33.85398900 134.56770300,33.85362900 134.56760800,33.85329000 134.56757800,33.85315200 134.56743600,33.85276200 134.56732900,33.85246600 134.56728700,33.85225400 134.56731100,33.85212100 134.56750100,33.85193300 134.56776900,33.85168200 134.56798300,33.85153400 134.56818500,33.85142000 134.56855300,33.85124200 134.56874300,33.85111400 134.56874900,33.85104000 134.56859500,33.85091200 134.56849900,33.85078800 134.56856100,33.85070800 134.56895900,33.85004600 134.56940400,33.84928100 134.56960100,33.84891100 134.56976100,33.84877300 134.56992100,33.84865000 134.57026600,33.84850200 134.57074700,33.84822000 134.57133600,33.84819600 134.57158500,33.84812700 134.57171000,33.84805300 134.57185800,33.84784500 134.57194500,33.84771500 134.57209300,33.84755700 134.57247300,33.84726100 134.57318700,33.84724100 134.57443400,33.84723600 134.57465400,33.84719700 134.57524200,33.84687600 134.57650200,33.84758700 134.57733400,33.84804600 134.57790900,33.84833700 134.57847300,33.84858900 134.57883600,33.84885000 134.57985800,33.84965300 134.58146800,33.85085800 134.58204400,33.85104000 134.58227000,33.85116800 134.58250800,33.85135100 134.58258500,33.85124200 134.58267400,33.85097600 134.58277500,33.85070500 134.58292400,33.85051700 134.58316700,33.85031000 134.58324500,33.84992500 134.58331300,33.84968000 134.58340300,33.84940400 134.58356300,33.84915700 134.58378900,33.84862400 134.58433500,33.84798300 134.58474500,33.84752400 134.58505400,33.84722300 134.58518500,33.84700500 134.58526200,33.84661100 134.58533400,33.84622400 134.58565500,33.84584400 134.58610600,33.84507900 134.58640300,33.84454500 134.58642700,33.84438700 134.58637400,33.84398200 134.58630800,33.84363200 134.58634400,33.84340000 134.58651000,33.84306400 134.58718800,33.84156400 134.58754100,33.84111100 134.58810000,33.84058300 134.58819500,33.84048000 134.58828400,33.84030200 134.58836100,33.84002600 134.58830200,33.83967600 134.58803400,33.83882700 134.58758300,33.83823000 134.58750000,33.83769700 134.58745200,33.83743900 134.58742200,33.83711300 134.58745200,33.83625900 134.58754700,33.83592400 134.58768400,33.83569700 134.58794500,33.83548400 134.58829000,33.83508500 134.58848600,33.83479300 134.58852200,33.83464100 134.58860500,33.83411300 134.58872400,33.83355600 134.58887800,33.83312100 134.58898500,33.83273100 134.58928800,33.83214900 134.58975200,33.83163100 134.58967400,33.83103900 134.58956100,33.83085200 134.58913400,33.83050600 134.58893200,33.83027900 134.58877700,33.82989400 134.58867600,33.82881800 134.58818300,33.82777600 134.58850400,33.82702500 134.58945400,33.82732600 134.58966800,33.82736600 134.58976300,33.82731600 134.58980500,33.82722800 134.58976300,33.82709400 134.58960300,33.82695100 134.58940700,33.82677800 134.58933600,33.82667000 134.58934200,33.82653200 134.58944300,33.82639300 134.58960900,33.82621100 134.58962100,33.82613700 134.58960900,33.82606300 134.58950200,33.82601800 134.58940100,33.82593900 134.58935300,33.82582100 134.58933600,33.82535400 134.58924100,33.82519100 134.58868800,33.82493400 134.58797500,33.82442100 134.58800500,33.82432700 134.58814100,33.82429300 134.58846800,33.82444100 134.58878900,33.82442100 134.58907400,33.82461300 134.58928800,33.82459900 134.58944900,33.82451000 134.58964500,33.82437200 134.58966800,33.82405600 134.58972800,33.82391700 134.58982300,33.82380900 134.59007200,33.82367600 134.59014400,33.82354200 134.59014400,33.82323100 134.59048800,33.82304900 134.59072600,33.82310800 134.59085700,33.82308300 134.59097000,33.82306300 134.59127300,33.82303900 134.59133200,33.82295000 134.59145100,33.82283100 134.59169500,33.82266400 134.59183400,33.82259700 134.59198900,33.82256800 134.59222000,33.82255800 134.59231600,33.82253300 134.59235700,33.82244900 134.59244000,33.82223200 134.59248800,33.82219300 134.59258300,33.82221700 134.59283300,33.82243000 134.59316500,33.82237000 134.59343900,33.82236500 134.59352200,33.82229100 134.59352800,33.82217300 134.59350400,33.82210400 134.59361700,33.82171900 134.59367600,33.82157600 134.59377700,33.82142300 134.59378900,33.82136300 134.59375900,33.82123000 134.59362300,33.82112600 134.59337300,33.82099300 134.59329600,33.82088900 134.59329600,33.82076600 134.59331400,33.82072600 134.59386000,33.82079600 134.59396200,33.82070700 134.59408000,33.82056900 134.59435400,33.82044500 134.59442500,33.82036100 134.59441300,33.82016500 134.59438900,33.81999200 134.59439500,33.81971500 134.59446700,33.81963600 134.59491200,33.81947400 134.59509000,33.81935500 134.59533400,33.81921200 134.59613000,33.81897000 134.59614600,33.81890600 134.59599100,33.81862400 134.59601500,33.81857500 134.59611000,33.81844700 134.59632400,33.81835800 134.59648400,33.81836300 134.59696000,33.81851600 134.59705500,33.81847100 134.59711400,33.81836300 134.59716800,33.81810600 134.59649000,33.81772100 134.59646700,33.81763200 134.59647900,33.81730600 134.59652000,33.81720300
			</coordinates>
		</LineString>
	</Placemark>
	<Placemark>
		<name>SHIKOKU_TKS_17</name>
		<description>明神山大海原のみち</description>
		<styleUrl>#lineStyle0</styleUrl>
		<LineString>
			<coordinates> 134.63595600,33.79244200 134.63612200,33.79249100 134.63690700,33.79244200 134.63721600,33.79230300 134.63763200,33.79198700 134.63794100,33.79196800 134.63810700,33.79188900 134.63849900,33.79165100 134.63863000,33.79174000 134.63886700,33.79198700 134.63910500,33.79222400 134.63935500,33.79242200 134.63964000,33.79266900 134.63984200,33.79305400 134.64008000,33.79369600 134.64019800,33.79382400 134.64038900,33.79390300 134.64035300,33.79409100 134.64050000,33.79427700 134.64074300,33.79453900 134.64098700,33.79480600 134.64111800,33.79511200 134.64115300,33.79539300 134.64101700,33.79563500 134.64101700,33.79590700 134.64094500,33.79609900 134.64087400,33.79638600 134.64091000,33.79657300 134.64101700,33.79705200 134.64102300,33.79735000 134.64107000,33.79758200 134.64118900,33.79778400 134.64159300,33.79820400 134.64195000,33.79881100 134.64197300,33.79890500 134.64198500,33.79911200 134.64195000,33.79917200 134.64195000,33.79928000 134.64197300,33.79946800 134.64197900,33.79960600 134.64198500,33.79987300 134.64197300,33.80013900 134.64207400,33.80048000 134.64214600,33.80064300 134.64225900,33.80082400 134.64238300,33.80096200 134.64245500,33.80103600 134.64251400,33.80103600 134.64257400,33.80101600 134.64269800,33.80095200 134.64278200,33.80092800 134.64283500,33.80097200 134.64290000,33.80116500 134.64292400,33.80145100 134.64292400,33.80191000 134.64289400,33.80198400 134.64260300,33.80211300 134.64255000,33.80216700 134.64255000,33.80237400 134.64207400,33.80243300 134.64190200,33.80251700 134.64178300,33.80276400 134.64174200,33.80310500 134.64172400,33.80334200 134.64163500,33.80345100 134.64139700,33.80370300 134.64147600,33.80415300 134.64154000,33.80423000 134.64165400,33.80425400 134.64200375,33.80432008 134.64241000,33.80440800 134.64263800,33.80452600 134.64304500,33.80461500 134.64345800,33.80465100 134.64372900,33.80465700 134.64395700,33.80470400 134.64404660,33.80477265 134.64439900,33.80471000 134.64457000,33.80475100 134.64469900,33.80482800 134.64505943,33.80523918 134.64527961,33.80536725 134.64557685,33.80524833 134.64569795,33.80540384 134.64599200,33.80538700 134.64637700,33.80542900 134.64634200,33.80552400 134.64649900,33.80571900 134.64669800,33.80573100 134.64699800,33.80574300 134.64726122,33.80566913 134.64782268,33.80562339 134.64811992,33.80550447 134.64838414,33.80531237 134.64907770,33.80563253 134.64965000,33.80575500 134.65005750,33.80565083 134.65060795,33.80564168 134.65094923,33.80572401 134.65069602,33.80534896 134.65094923,33.80572401 134.65060795,33.80564168 134.65021163,33.80566913 134.64994200,33.80571300 134.64985934,33.80568742 134.64965000,33.80575500 134.64907770,33.80563253 134.64838414,33.80531237 134.64811992,33.80550447 134.64782268,33.80562339 134.64726122,33.80566913 134.64699800,33.80574300 134.64669800,33.80573100 134.64649900,33.80571900 134.64637000,33.80560700 134.64634200,33.80552400 134.64637700,33.80542900 134.64599200,33.80538700 134.64569795,33.80540384 134.64557685,33.80524833 134.64527961,33.80536725 134.64505943,33.80523918 134.64469900,33.80482800 134.64457000,33.80475100 134.64439900,33.80471000 134.64425700,33.80472800 134.64404660,33.80477265 134.64395700,33.80470400 134.64372900,33.80465700 134.64345800,33.80465100 134.64304500,33.80461500 134.64277400,33.80460900 134.64263800,33.80452600 134.64241000,33.80440800 134.64200375,33.80432008 134.64200375,33.80432008 134.64165400,33.80425400 134.64154000,33.80423000 134.64147600,33.80415300 134.64143300,33.80392800 134.64139700,33.80370300 134.64127900,33.80377000 134.64116500,33.80386500 134.64074700,33.80388900 134.64036600,33.80402300 134.64020500,33.80410200 134.64000500,33.80399900 134.63979600,33.80387300 134.63936800,33.80389700 134.63897800,33.80388900 134.63880700,33.80391200 134.63839800,33.80418100 134.63827500,33.80418100 134.63795100,33.80434700 134.63779900,33.80445800 134.63733400,33.80445000 134.63723800,33.80465500 134.63711500,33.80476600 134.63701000,33.80496300 134.63690600,33.80512900 134.63683900,33.80528700 134.63653500,33.80527900 134.63635400,33.80519200 134.63599300,33.80537400 134.63566000,33.80540600 134.63541300,33.80548500 134.63509900,33.80576100 134.63489000,33.80587200 134.63456700,33.80591100 134.63434800,33.80588000 134.63382500,33.80564300 134.63342600,33.80554000 134.63317900,33.80555600 134.63282700,33.80564300 134.63243700,33.80570600 134.63213300,33.80583200 134.63203900,33.80606800 134.63189000,33.80638900 134.63177700,33.80656700 134.63158100,33.80687300 134.63136100,33.80705000 134.63122500,33.80715900 134.63094000,33.80731700 134.63097500,33.80756400 134.63104600,33.80777100 134.63104100,33.80789000 134.63095700,33.80804800 134.63086200,33.80844300 134.63079700,33.80854100 134.63060100,33.80859600 134.63030400,33.80861100 134.62961400,33.80869900 134.62944200,33.80872400 134.62926400,33.80878300 134.62891300,33.80896600 134.62877700,33.80903500 134.62856300,33.80903500 134.62834300,33.80899600 134.62801000,33.80900100 134.62779000,33.80908500 134.62770100,33.80924300 134.62770700,33.80932200 134.62776600,33.80956300 134.62778400,33.80976100 134.62778400,33.80999300 134.62775500,33.81012100 134.62769500,33.81021000 134.62741000,33.81030400 134.62717800,33.81036300 134.62698800,33.81045700 134.62675000,33.81059500 134.62662600,33.81070900 134.62653600,33.81085200 134.62654200,33.81105000 134.62659000,33.81120700 134.62674400,33.81147900 134.62686300,33.81169600 134.62686300,33.81179500 134.62681600,33.81187400 134.62643000,33.81207100 134.62610900,33.81220000 134.62588300,33.81235300 134.62572800,33.81242200 134.62531200,33.81247600 134.62483700,33.81285200 134.62474200,33.81281700 134.62435000,33.81271300 134.62329200,33.81240700 134.62228200,33.81203200 134.62102200,33.81131100 134.62064700,33.81115800 134.61971700,33.81077300 134.61838300,33.81028200 134.61826200,33.81025200 134.61772000,33.81023400 134.61653300,33.80999400 134.61653300,33.81002400 134.61654000,33.81011600 134.61657600,33.81018100 134.61673300,33.81020200 134.61686100,33.81023700 134.61692200,33.81026700 134.61695700,33.81039700 134.61699300,33.81054200 134.61706800,33.81068700 134.61723500,33.81070200 134.61733900,33.81070800 134.61745600,33.81075600 134.61751300,33.81082100 134.61761000,33.81092400 134.61772400,33.81098100 134.61785600,33.81101300 134.61804500,33.81110200 134.61818700,33.81124100 134.61839400,33.81132700 134.61844400,33.81139800 134.61841700,33.81176700 134.61817400,33.81182100 134.61799300,33.81190500 134.61792400,33.81207000 134.61785300,33.81243800 134.61775800,33.81257600 134.61761200,33.81265500 134.61751100,33.81266300 134.61738100,33.81259100 134.61721100,33.81245300 134.61708400,33.81239600 134.61700000,33.81239800 134.61686100,33.81243800 134.61651600,33.81246000 134.61634400,33.81248700 134.61613300,33.81252400 134.61596700,33.81257400 134.61573200,33.81269000 134.61553300,33.81278400 134.61516800,33.81288800 134.61487800,33.81299000 134.61474200,33.81312500 134.61466400,33.81318000 134.61443000,33.81326400 134.61415300,33.81337700 134.61393600,33.81353000 134.61379700,33.81368600 134.61364200,33.81389800 134.61351200,33.81406900 134.61336600,33.81431900 134.61331600,33.81444400 134.61325000,33.81467200 134.61320300,33.81474600 134.61302400,33.81488100 134.61292300,33.81497300 134.61287300,33.81506400 134.61285500,33.81517300 134.61278400,33.81541200 134.61259300,33.81583200 134.61251100,33.81596900 134.61239400,33.81608700 134.61221900,33.81620600 134.61196200,33.81638300 134.61168800,33.81662300 134.61161300,33.81671500 134.61159800,33.81678900 134.61158400,33.81699400 134.61154900,33.81712400 134.61142000,33.81721900 134.61131300,33.81723900 134.61110600,33.81726000 134.61092600,33.81726800 134.61081200,33.81728600 134.61069800,33.81740500 134.61052000,33.81757100 134.61024900,33.81778400 134.61015600,33.81783700 134.61009900,33.81803300 134.61007100,33.81829900 134.60997800,33.81838800 134.60970700,33.81855400 134.60908000,33.81884400 134.60885100,33.81899800 134.60878000,33.81916400 134.60868000,33.81941900 134.60856600,33.81952000 134.60835900,33.81958500 134.60811700,33.81957300 134.60772800,33.81960000 134.60761400,33.81962400 134.60744300,33.81970100 134.60698000,33.82031100 134.60689400,33.82036400 134.60656600,33.82047700 134.60635200,33.82056600 134.60628800,33.82066100 134.60622400,33.82077300 134.60625200,33.82097400 134.60630200,33.82117000 134.60626000,33.82130600 134.60611700,33.82141900 134.60590300,33.82150200 134.60529000,33.82165000 134.60445600,33.82191600 134.60409900,33.82200500 134.60376400,33.82221300 134.60380000,33.82228400 134.60501200,33.82357300
			</coordinates>
		</LineString>
	</Placemark>
	<Placemark>
		<name>SHIKOKU_TKS_18</name>
		<description>阿部由岐湖騒のみち</description>
		<styleUrl>#lineStyle0</styleUrl>
		<LineString>
			<coordinates> 134.63571800,33.79245100 134.63547100,33.79247700 134.63534300,33.79258300 134.63522200,33.79277900 134.63505100,33.79288000 134.63486500,33.79288000 134.63467300,33.79277900 134.63468000,33.79263700 134.63477300,33.79245300 134.63490800,33.79219800 134.63507900,33.79203200 134.63530000,33.79192600 134.63557100,33.79187200 134.63602000,33.79183700 134.63649100,33.79177200 134.63681200,33.79159400 134.63679100,33.79132700 134.63634100,33.79109600 134.63629100,33.79097200 134.63634800,33.79090600 134.63660500,33.79053100 134.63660500,33.79032900 134.63649800,33.79004500 134.63615600,33.78950600 134.63603500,33.78923300 134.63614200,33.78908500 134.63634800,33.78905500 134.63656200,33.78902000 134.63666200,33.78889500 134.63677600,33.78852800 134.63720400,33.78797100 134.63735400,33.78785800 134.63744700,33.78785200 134.63781700,33.78803600 134.63796700,33.78804200 134.63803800,33.78799400 134.63802400,33.78790000 134.63782400,33.78773400 134.63762500,33.78752600 134.63763200,33.78734800 134.63795300,33.78689800 134.63791700,33.78679100 134.63774600,33.78680300 134.63750400,33.78695100 134.63725400,33.78704000 134.63714000,33.78714100 134.63693300,33.78743700 134.63659800,33.78769800 134.63647700,33.78791100 134.63631300,33.78803000 134.63594200,33.78802400 134.63575700,33.78804200 134.63512200,33.78807100 134.63489400,33.78812500 134.63476500,33.78824500 134.63427300,33.78865300 134.63393100,33.78890200 134.63353100,33.78912200 134.63324600,33.78925200 134.63296800,33.78926400 134.63269000,33.78914500 134.63235500,33.78893200 134.63218400,33.78870700 134.63219100,33.78853500 134.63219100,33.78820300 134.63216900,33.78798400 134.63208400,33.78785300 134.63187700,33.78774100 134.63169200,33.78774100 134.63141400,33.78781200 134.63132100,33.78790700 134.63120000,33.78839900 134.63101400,33.78917500 134.63091400,33.78944200 134.63066500,33.78951900 134.63026600,33.78953600 134.62968800,33.78949500 134.62940200,33.78965000 134.62921000,33.78984600 134.62907400,33.79007700 134.62884600,33.79026100 134.62841100,33.79036700 134.62804000,33.79033800 134.62779800,33.79017200 134.62749100,33.79000600 134.62723500,33.79001800 134.62705600,33.79016000 134.62686400,33.79039700 134.62671400,33.79091300 134.62665000,33.79104300 134.62647200,33.79118500 134.62604400,33.79140100 134.62563700,33.79165000 134.62490300,33.79150700 134.62452500,33.79141900 134.62428300,33.79141300 134.62409000,33.79146600 134.62390500,33.79157900 134.62377600,33.79197000 134.62366900,33.79213000 134.62347700,33.79231300 134.62320600,33.79247300 134.62308500,33.79266300 134.62313500,33.79293000 134.62317700,33.79321400 134.62334100,33.79332100 134.62349100,33.79343900 134.62362700,33.79363500 134.62359100,33.79388400 134.62355500,33.79414400 134.62359100,33.79426500 134.62367700,33.79431300 134.62389800,33.79436000 134.62410400,33.79447900 134.62419700,33.79462100 134.62436100,33.79473300 134.62452500,33.79487600 134.62456100,33.79500000 134.62459600,33.79527300 134.62488900,33.79571100 134.62509600,33.79593000 134.62513100,33.79606100 134.62500300,33.79612000 134.62473200,33.79611400 134.62432500,33.79610800 134.62383600,33.79600700 134.62318700,33.79599000 134.62297400,33.79604300 134.62258900,33.79607300 134.62231000,33.79608400 134.62220300,33.79617900 134.62223900,33.79637500 134.62228900,33.79653500 134.62235300,33.79676000 134.62240300,33.79700900 134.62248200,33.79721600 134.62239600,33.79731700 134.62216800,33.79741200 134.62190400,33.79748300 134.62176900,33.79758400 134.62157600,33.79777900 134.62136200,33.79782100 134.62115500,33.79773800 134.62102700,33.79759500 134.62071300,33.79729900 134.62037100,33.79680100 134.62024300,33.79651100 134.62032100,33.79631600 134.62032100,33.79617900 134.62018600,33.79596000 134.62008600,33.79581000 134.62004300,33.79552500 134.62001400,33.79528800 134.61987900,33.79519300 134.61964400,33.79508700 134.61915900,33.79503900 134.61870200,33.79516400 134.61854200,33.79528200 134.61824300,33.79559600 134.61807900,33.79569700 134.61784300,33.79576200 134.61769300,33.79575000 134.61759400,33.79568500 134.61726600,33.79560200 134.61676700,33.79534700 134.61671000,33.79506900 134.61666700,33.79493300 134.61653100,33.79490300 134.61633200,33.79498000 134.61616800,33.79497400 134.61609600,33.79490300 134.61599600,33.79470700 134.61591100,33.79464800 134.61569700,33.79469600 134.61548300,33.79469600 134.61537600,33.79466600 134.61499800,33.79410900 134.61476300,33.79378300 134.61474900,33.79365900 134.61492000,33.79354000 134.61521900,33.79352200 134.61551900,33.79351000 134.61573300,33.79333900 134.61581100,33.79318400 134.61576100,33.79310200 134.61575400,33.79283500 134.61563300,33.79266900 134.61540500,33.79258600 134.61497700,33.79249700 134.61467700,33.79234300 134.61439900,33.79228400 134.61418500,33.79211800 134.61397900,33.79201700 134.61379300,33.79202300 134.61359400,33.79201100 134.61349400,33.79189300 134.61349400,33.79166700 134.61365800,33.79133000 134.61366500,33.79114000 134.61358600,33.79087900 134.61335800,33.79054700 134.61324400,33.79028700 134.61300900,33.79011600 134.61280900,33.79003300 134.61272400,33.78968300 134.61235300,33.78903800 134.61236000,33.78893100 134.61244600,33.78888900 134.61286600,33.78875300 134.61307300,33.78848000 134.61325100,33.78834400 134.61347200,33.78827900 134.61375000,33.78830900 134.61387200,33.78837400 134.61407100,33.78855200 134.61429900,33.78873500 134.61454200,33.78875900 134.61471300,33.78865200 134.61493400,33.78837400 134.61509800,33.78827900 134.61528300,33.78829700 134.61552600,33.78838600 134.61578300,33.78845700 134.61643100,33.78839800 134.61657400,33.78844500 134.61688100,33.78860500 134.61696600,33.78855200 134.61699500,33.78839800 134.61699500,33.78792900 134.61694500,33.78781700 134.61678100,33.78768000 134.61659500,33.78762100 134.61635300,33.78731900 134.61618900,33.78690400 134.61589700,33.78673800 134.61579000,33.78647200 134.61550400,33.78623400 134.61539000,33.78605100 134.61539000,33.78585500 134.61549856,33.78548017 134.61544221,33.78535137 134.61499842,33.78519330 134.61512700,33.78498000 134.61513300,33.78464900 134.61513900,33.78445700 134.61508665,33.78409015 134.61513900,33.78445700 134.61513300,33.78464900 134.61512700,33.78498000 134.61499842,33.78519330 134.61470961,33.78513475 134.61463500,33.78510900 134.61419200,33.78500200 134.61389300,33.78476500 134.61346500,33.78462300 134.61296600,33.78446800 134.61258100,33.78419600 134.61244963,33.78384663 134.61169021,33.78355390 134.61115091,33.78347158 134.61090878,33.78317885 134.61071067,33.78262999 134.61066665,33.78231896 134.61075469,33.78187072 134.61083174,33.78141333 134.61085375,33.78124867 134.61021540,33.78112974 134.61036948,33.78086446 134.61006131,33.78042535 134.60985220,33.78058087 134.60919183,33.78037047 134.60875159,33.78058087 134.60842141,33.78077298 134.60838839,33.78109315 134.60858650,33.78141333 134.60850945,33.78174265 134.60802519,33.78198050 134.60759595,33.78171521 134.60761796,33.78142248 134.60735382,33.78110230 134.60713900,33.78090400 134.60701600,33.78088100 134.60695900,33.78092000 134.60695900,33.78099900 134.60719600,33.78138600 134.60712000,33.78147300 134.60703500,33.78145700 134.60681600,33.78109400 134.60653100,33.78093600 134.60601700,33.78090400 134.60541800,33.78099100 134.60472400,33.78111800 134.60406800,33.78119700 134.60362200,33.78121200 134.60250300,33.78082500 134.60217000,33.78057200 134.60161800,33.78006700 134.60145700,33.78001900 134.60095300,33.77988500 134.60050600,33.77984500 134.60017300,33.77986900 134.59945100,33.77992400 134.59902300,33.77975000 134.59827200,33.77958900 134.59793000,33.77940800 134.59766300,33.77921000 134.59757800,33.77899700 134.59754900,33.77868100 134.59754900,33.77831700 134.59753000,33.77799300 134.59748300,33.77779500 134.59680800,33.77728200 134.59660800,33.77707600 134.59656100,33.77692600 134.59665600,33.77672900 134.59666000,33.77655900 134.59661800,33.77628600 134.59643200,33.77599000 134.59580500,33.77551600 134.59516300,33.77523100 134.59476400,33.77519600 134.59430700,33.77479300 134.59368000,33.77446100 134.59313800,33.77437800 134.59255300,33.77442500 134.59212500,33.77449600 134.59196900,33.77557500 134.59176900,33.77570500
			</coordinates>
		</LineString>
	</Placemark>
	<Placemark>
		<name>SHIKOKU_TKS_19</name>
		<description>白砂と海亀のみち</description>
		<styleUrl>#lineStyle0</styleUrl>
		<LineString>
			<coordinates> 134.59196900,33.77557500 134.59212500,33.77449600 134.59204900,33.77303700 134.59110800,33.77300200 134.59098000,33.77152000 134.59078229,33.77128812 134.59047415,33.77106857 134.59017702,33.77102283 134.59017702,33.77083073 134.58987989,33.77098624 134.58989090,33.77073925 134.58983587,33.77069351 134.58954975,33.77062947 134.58960477,33.77052884 134.58949472,33.77042822 134.58896649,33.77015378 134.58850429,33.76998911 134.58833586,33.76995904 134.58841474,33.77008550 134.58840347,33.77027753 134.58851053,33.77039463 134.58867956,33.77058198 134.58864575,33.77071781 134.58861434,33.77090391 134.58876971,33.77086300 134.58871900,33.77097073 134.58885986,33.77099415 134.58880915,33.77119555 134.58886550,33.77142974 134.58874718,33.77158430 134.58868520,33.77133138 134.58861758,33.77125176 134.58841474,33.77132201 134.58847672,33.77144379 134.58832459,33.77158898 134.58834713,33.77175291 134.58827388,33.77185596 134.58831896,33.77200115 134.58832633,33.77215390 134.58826261,33.77231027 134.58820627,33.77250699 134.58836403,33.77274585 134.58863449,33.77288636 134.58836403,33.77274585 134.58820627,33.77250699 134.58832633,33.77215390 134.58831896,33.77200115 134.58827388,33.77185596 134.58834713,33.77175291 134.58832459,33.77158898 134.58847672,33.77144379 134.58841474,33.77132201 134.58861758,33.77125176 134.58868520,33.77133138 134.58874718,33.77158430 134.58886550,33.77142974 134.58880915,33.77119555 134.58885986,33.77099415 134.58871900,33.77097073 134.58876971,33.77086300 134.58861434,33.77090391 134.58867956,33.77058198 134.58851053,33.77039463 134.58840347,33.77027753 134.58841474,33.77008550 134.58832633,33.76992913 134.58814039,33.76982609 134.58808611,33.76979700 134.58777977,33.76948418 134.58785302,33.76923125 134.58772906,33.76902985 134.58785302,33.76923125 134.58777977,33.76948418 134.58774458,33.76958339 134.58763752,33.76961618 134.58739800,33.76995000 134.58723748,33.77010797 134.58720931,33.77024849 134.58700647,33.77027190 134.58689378,33.77040773 134.58691069,33.77052482 134.58674165,33.77079180 134.58674729,33.77093231 134.58667404,33.77104003 134.58681490,33.77110092 134.58651064,33.77139599 134.58634000,33.77160000 134.58626900,33.77202400 134.58619700,33.77225200 134.58596000,33.77229100 134.58573400,33.77241000 134.58555600,33.77253800 134.58542500,33.77284400 134.58515200,33.77326900 134.58491400,33.77343700 134.58447400,33.77315100 134.58388000,33.77293300 134.58251300,33.77250800 134.58185100,33.77230100 134.58154200,33.77223200 134.58086500,33.77204400 134.58072200,33.77195500 134.58066300,33.77172800 134.58066300,33.77116500 134.58018800,33.77066100 134.57977200,33.77018700 134.57959300,33.76985100 134.57939100,33.76933700 134.57930800,33.76894200 134.57927300,33.76837900 134.57930800,33.76707100 134.57910600,33.76678500 134.57834600,33.76594500 134.57778700,33.76544100 134.57739500,33.76519400 134.57738900,33.76499600 134.57711600,33.76471500 134.57694300,33.76452700 134.57683000,33.76447300 134.57661100,33.76455700 134.57655700,33.76460600 134.57645600,33.76461600 134.57644400,33.76456200 134.57666400,33.76427000 134.57694900,33.76410200 134.57674100,33.76403300 134.57643800,33.76393900 134.57633100,33.76384100 134.57638500,33.76352400 134.57634900,33.76324800 134.57588000,33.76328200 134.57517900,33.76343500 134.57471500,33.76359900 134.57423400,33.76384600 134.57387100,33.76419600 134.57346700,33.76485300 134.57327600,33.76521500 134.57286700,33.76626600 134.57247700,33.76636100 134.57217300,33.76652700 134.57169800,33.76683500 134.57159300,33.76689800 134.57152700,33.76694600 134.57140300,33.76694600 134.57131700,33.76683500 134.57120300,33.76643200 134.57104200,33.76565700 134.57157400,33.76551500 134.57165000,33.76524600 134.57166000,33.76485100 134.57158400,33.76461400 134.57166000,33.76426600 134.57164100,33.76407700 134.57140300,33.76348400 134.57127000,33.76331000 134.57106100,33.76316800 134.57050000,33.76303300 134.56963500,33.76301800 134.56949900,33.76234300 134.56944200,33.76156600 134.56954200,33.76151900 134.56957700,33.76141800 134.56954900,33.76115700 134.56975600,33.75992000 134.57045900,33.75926000 134.57056400,33.75918100 134.57093000,33.75903000 134.57126800,33.75890800 134.57155300,33.75876600 134.57168600,33.75878900 134.57178600,33.75877000 134.57179500,33.75873800 134.57172400,33.75864300 134.57156200,33.75847300 134.57140100,33.75818500 134.57127700,33.75797100 134.57106800,33.75793400 134.57094400,33.75790300 134.57084000,33.75782000 134.57065900,33.75756300 134.57056900,33.75745600 134.57052600,33.75724600 134.57056400,33.75717500 134.57071100,33.75712400 134.57089200,33.75716300 134.57102500,33.75716300 134.57117200,33.75709200 134.57118700,33.75706500 134.57145300,33.75705300 134.57152900,33.75701700 134.57150000,33.75696200 134.57131500,33.75683200 134.57117700,33.75668500 134.57109600,33.75655500 134.57106300,33.75631800 134.57103900,33.75623900 134.57048800,33.75606500 134.57010300,33.75589600 134.56990000,33.75583200 134.56979400,33.75576800 134.56972800,33.75566400 134.56975200,33.75557000 134.56978800,33.75549100 134.56982900,33.75521500 134.56965100,33.75504200 134.56951400,33.75491800 134.56937200,33.75475500 134.56917000,33.75464700 134.56902700,33.75449800 134.56893200,33.75442400 134.56872400,33.75440400 134.56861100,33.75443900 134.56848600,33.75438500 134.56840300,33.75427100 134.56820700,33.75413300 134.56811200,33.75390500 134.56809400,33.75349500 134.56817100,33.75318400 134.56808200,33.75293700 134.56794600,33.75279400 134.56766600,33.75280900 134.56731000,33.75291200 134.56711400,33.75292700 134.56691800,33.75283800 134.56650800,33.75244800 134.56632300,33.75224100 134.56629400,33.75211200 134.56628800,33.75200800 134.56638900,33.75193900 134.56660900,33.75185500 134.56677500,33.75181100 134.56683400,33.75173700 134.56682800,33.75162300 134.56647800,33.75130600 134.56640700,33.75120700 134.56640100,33.75109800 134.56643600,33.75097500 134.56663800,33.75077200 134.56678700,33.75064400 134.56679300,33.75053500 134.56676900,33.75039700 134.56637700,33.75012000 134.56629400,33.75009500 134.56592500,33.75014000 134.56567000,33.75009000 134.56532500,33.74994200 134.56523000,33.74976400 134.56508700,33.74961600 134.56463200,33.74956700 134.56454900,33.74948300 134.56437100,33.74911700 134.56418100,33.74901800 134.56393700,33.74895900 134.56366400,33.74895400 134.56339000,33.74895900 134.56308700,33.74895400 134.56286800,33.74892900 134.56268900,33.74883600 134.56252900,33.74873700 134.56235700,33.74867700 134.56212500,33.74849500 134.56204800,33.74845500 134.56186300,33.74842000 134.56116800,33.74823900 134.56078700,33.74802100 134.56059100,33.74781900 134.56040100,33.74771000 134.56008000,33.74766000 134.55991400,33.74754700 134.55990200,33.74730000 134.55987200,33.74707700 134.55962300,33.74703800 134.55938500,33.74700800 134.55926000,33.74690500 134.55910100,33.74674000 134.55902300,33.74649700 134.55902300,33.74557800 134.55903000,33.74431500 134.55985700,33.74392900 134.55973600,33.74348800 134.55941500,33.74337000 134.55922300,33.74326300 134.55890200,33.74313300 134.55848800,33.74296700 134.55816700,33.74272900 134.55793200,33.74256300 134.55776100,33.74226100 134.55769700,33.74213600 134.55773200,33.74199400 134.55782500,33.74181600 134.55783900,33.74169200 134.55774700,33.74157300 134.55756100,33.74148400 134.55731200,33.74134800 134.55720300,33.74127800 134.55684626,33.74069422 134.55645199,33.74005022 134.55641800,33.73987700 134.55630400,33.73964400 134.55623700,33.73951400 134.55623700,33.73935600 134.55621400,33.73917800 134.55635600,33.73908700 134.55674600,33.73898800 134.55689300,33.73887700 134.55698400,33.73882200 134.55751400,33.73849300 134.55785600,33.73824800 134.55801300,33.73807000 134.55808000,33.73781300 134.55815751,33.73757849 134.55814600,33.73741400 134.55803200,33.73720800 134.55796601,33.73707733 134.55791800,33.73701100 134.55782332,33.73684013 134.55789090,33.73654036 134.55823200,33.73637000 134.55847000,33.73634700 134.55863100,33.73640200 134.55900700,33.73646900 134.55928700,33.73646900 134.55941912,33.73637477 134.55955300,33.73630700 134.55973400,33.73628300 134.56001500,33.73621200 134.56020000,33.73618100 134.56040385,33.73610809 134.56061800,33.73593900 134.56080400,33.73584800 134.56107900,33.73582900 134.56131200,33.73576900 134.56144500,33.73577700 134.56162100,33.73580100 134.56180700,33.73572600 134.56192637,33.73573356 134.56217418,33.73558368 134.56243890,33.73555558 134.56272051,33.73566799 134.56278809,33.73557431 134.56324430,33.73549469 134.56362728,33.73556495 134.56376687,33.73533530 134.56388636,33.73533544 134.56393142,33.73550406 134.56388636,33.73533544 134.56362728,33.73556495 134.56324430,33.73549469 134.56278809,33.73557431 134.56272051,33.73566799 134.56243890,33.73555558 134.56217418,33.73558368 134.56192637,33.73573356 134.56180700,33.73572600 134.56162100,33.73580100 134.56144500,33.73577700 134.56131200,33.73576900 134.56107900,33.73582900 134.56080400,33.73584800 134.56061800,33.73593900 134.56040385,33.73610809 134.56020000,33.73618100 134.56001500,33.73621200 134.55955300,33.73630700 134.55941912,33.73637477 134.55928700,33.73646900 134.55900700,33.73646900 134.55863100,33.73640200 134.55847000,33.73634700 134.55828705,33.73640756 134.55789090,33.73654036 134.55782332,33.73684013 134.55791800,33.73701100 134.55796601,33.73707733 134.55803200,33.73720800 134.55814600,33.73741400 134.55815751,33.73757849 134.55808000,33.73781300 134.55801300,33.73807000 134.55785600,33.73824800 134.55751400,33.73849300 134.55689300,33.73887700 134.55674600,33.73898800 134.55635600,33.73908700 134.55621400,33.73917800 134.55623700,33.73935600 134.55623700,33.73951400 134.55641800,33.73987700 134.55645199,33.74005022 134.55657872,33.74039564 134.55662096,33.74046590 134.55667200,33.74052500 134.55667200,33.74052500 134.55669400,33.74078600 134.55658700,33.74117200 134.55637300,33.74142700 134.55609500,33.74165800 134.55561700,33.74193100 134.55530300,33.74210900 134.55481100,33.74222700 134.55417000,33.74222100 134.55369900,33.74218000 134.55319300,33.74202600 134.55299300,33.74190700 134.55265100,33.74159300 134.55246600,33.74140300 134.55226600,33.74061400 134.55227300,33.74041900 134.55247300,33.74017000 134.55249400,33.73999200 134.55225200,33.73945800 134.55218700,33.73929200 134.55220900,33.73916800 134.55224400,33.73899000 134.55223000,33.73894000 134.55212300,33.73888100 134.55186700,33.73854300 134.55172400,33.73832900 134.55167400,33.73797300 134.55153900,33.73774800 134.55132500,33.73754100 134.55110400,33.73742200 134.55077600,33.73725000 134.55070400,33.73706000 134.55061200,33.73674000 134.55056643,33.73670123 134.55045942,33.73661692 134.55071286,33.73627032 134.55072000,33.73621600 134.55075300,33.73610600 134.55093252,33.73601272 134.55120850,33.73596120 134.55118100,33.73588000 134.55104516,33.73574574 134.55084804,33.73571296 134.55070723,33.73562397 134.55061100,33.73559600 134.55043000,33.73556800 134.55026800,33.73556000 134.55015900,33.73556000 134.55003700,33.73553029 134.54990183,33.73571296 134.54995252,33.73582068 134.55008769,33.73591436 134.55019200,33.73594800 134.55032100,33.73600300 134.55040100,33.73604300 134.55051100,33.73612200 134.55059459,33.73641552 134.55045942,33.73661692 134.55038057,33.73668718 134.55026400,33.73673400 134.55001600,33.73694400 134.54986900,33.73708600 134.54940800,33.73737100 134.54900400,33.73764800 134.54869500,33.73777400 134.54850000,33.73781700 134.54844900,33.73780600 134.54820700,33.73771500 134.54807400,33.73770700 134.54765500,33.73777400 134.54741800,33.73780600 134.54725600,33.73798700 134.54707500,33.73809700 134.54691400,33.73820000 134.54677600,33.73833100 134.54656200,33.73837000 134.54625300,33.73843300 134.54605300,33.73841800 134.54577300,33.73839800 134.54553000,33.73836600 134.54525000,33.73825900 134.54496500,33.73810500 134.54492700,33.73800200 134.54488400,33.73747300 134.54486500,33.73729900 134.54480900,33.73725100 134.54468500,33.73722700 134.54444800,33.73725900 134.54428600,33.73723500 134.54404800,33.73721900 134.54380100,33.73712000 134.54362500,33.73700600 134.54341600,33.73697000 134.54325400,33.73686700 134.54307400,33.73675300 134.54293600,33.73671700 134.54281700,33.73673300 134.54267500,33.73676300 134.54252700,33.73673100 134.54239400,33.73665600 134.54235600,33.73660100 134.54235100,33.73645400 134.54236600,33.73634000 134.54236600,33.73628100 134.54225100,33.73619400 134.54202800,33.73608700 134.54184300,33.73597200 134.54167200,33.73583400 134.54163300,33.73577100 134.54163300,33.73570700 134.54157200,33.73564000 134.54156200,33.73551400 134.54137700,33.73505100 134.54109600,33.73448200 134.54099700,33.73434200 134.54024100,33.73445500 134.53952100,33.73452600 134.53894300,33.73456800 134.53766700,33.73451400 134.53781000,33.73496500 134.53788800,33.73539200 134.53792400,33.73569400 134.53796600,33.73589000 134.53789100,33.73598800 134.53789100,33.73619000 134.53795100,33.73635600 134.53805800,33.73649900 134.53817900,33.73656500 134.53831500,33.73654700 134.53841100,33.73653700 134.53853600,33.73657600 134.53871100,33.73669000 134.53894000,33.73682900 134.53937100,33.73701100 134.53988753,33.73721593 134.53983253,33.73749951 134.54017000,33.73782900 134.53983253,33.73783798 134.53993153,33.73807582 134.54012954,33.73826792 134.54039355,33.73850576 134.53989853,33.73845087 134.53967852,33.73846917 134.53944752,33.73834110 134.53955752,33.73856065 134.53921651,33.73863383 134.53865549,33.73857894 134.53847949,33.73841428 134.53821548,33.73837769 134.53788547,33.73825877 134.53772046,33.73822218 134.53734645,33.73794775 134.53697244,33.73761843 134.53644442,33.73767332 134.53600441,33.73749036 134.53553500,33.73749000 134.53543800,33.73744300 134.53527400,33.73734800 134.53502100,33.73723900 134.53478200,33.73712900 134.53470000,33.73702200 134.53454638,33.73685357 134.53446937,33.73661573 134.53448037,33.73625897 134.53439237,33.73607601 134.53412837,33.73590220 134.53408437,33.73565521 134.53420537,33.73532589 134.53417237,33.73509719 134.53376537,33.73497827 134.53378737,33.73474043 134.53400737,33.73474957 134.53388637,33.73450258 134.53358936,33.73431047 134.53390800,33.73325700 134.53391300,33.73315400 134.53388400,33.73294900 134.53361800,33.73233600 134.53341700,33.73191500 134.53337000,33.73099400 134.53331700,33.73072900 134.53307000,33.72977600 134.53302800,33.72951200
			</coordinates>
		</LineString>
	</Placemark>
	<Placemark>
		<name>SHIKOKU_TKS_20</name>
		<description>千羽海崖を望むみち</description>
		<styleUrl>#lineStyle0</styleUrl>
		<LineString>
			<coordinates> 134.48499600,33.71515200 134.48456800,33.71451900 134.48383200,33.71375800 134.48324900,33.71318500 134.48322500,33.71297700 134.48323700,33.71275000 134.48296400,33.71258200 134.48261900,33.71226500 134.48238200,33.71199800 134.48235800,33.71171200 134.48251200,33.71128700 134.48288100,33.71060500 134.48297600,33.71025900 134.48289300,33.71004100 134.48261900,33.70992200 134.48238200,33.70979400 134.48234600,33.70965500 134.48238200,33.70943800 134.48266700,33.70921700 134.48345100,33.70895000 134.48411700,33.70874200 134.48488900,33.70836600 134.48502000,33.70810900 134.48504400,33.70780300 134.48488900,33.70744700 134.48465200,33.70722000 134.48447300,33.70707100 134.48429500,33.70683400 134.48422400,33.70663600 134.48429500,33.70635900 134.48441800,33.70608800 134.48469326,33.70599354 134.48513733,33.70579156 134.48554270,33.70581966 134.48601563,33.70574472 134.48651670,33.70566042 134.48686577,33.70553396 134.48712475,33.70544028 134.48733870,33.70532788 134.48790600,33.70513400 134.48827700,33.70493800 134.48905600,33.70518000 134.48974500,33.70546200 134.49040400,33.70549100 134.49136700,33.70554100 134.49165200,33.70557600 134.49189600,33.70571900 134.49227000,33.70589700 134.49264400,33.70598100 134.49326200,33.70608000 134.49361700,33.70609500 134.49387900,33.70617900 134.49408100,33.70632700 134.49422300,33.70650000 134.49437200,33.70654900 134.49487700,33.70662800 134.49492400,33.70674200 134.49497800,33.70686100 134.49515600,33.70701400 134.49536400,33.70714700 134.49543000,33.70720700 134.49551300,33.70733900 134.49557200,33.70753200 134.49566100,33.70762100 134.49581000,33.70767000 134.49601200,33.70771500 134.49614300,33.70779900 134.49622600,33.70804600 134.49629100,33.70814500 134.49647500,33.70816000 134.49674900,33.70818900 134.49687900,33.70829300 134.49691500,33.70852100 134.49695700,33.70865400 134.49710500,33.70876300 134.49715900,33.70892600 134.49721200,33.70913400 134.49726600,33.70928200 134.49739000,33.70932600 134.49764000,33.70941000 134.49789500,33.70955900 134.49826400,33.70986000 134.49838900,33.70991900 134.49852500,33.70991900 134.49877500,33.70982100 134.49925400,33.70969500 134.49959600,33.70966300 134.49986200,33.70978900 134.50024300,33.70999500 134.50043300,33.71008200 134.50058500,33.71013000 134.50071800,33.71008200 134.50084100,33.70994000 134.50088900,33.70974200 134.50100300,33.70960000 134.50131700,33.70949700 134.50157400,33.70895900 134.50194400,33.70854000 134.50233400,33.70816800 134.50251500,33.70804200 134.50349400,33.70880100 134.50432100,33.70945700 134.50465400,33.70962300 134.50544300,33.70997100 134.50645800,33.71044600 134.50726600,33.71078600 134.50772300,33.71088900 134.50811300,33.71057200 134.50855900,33.71016100 134.50910100,33.70975800 134.50964300,33.70950500 134.51066100,33.70916500 134.51159200,33.70910900 134.51240000,33.70914900 134.51327500,33.70923600 134.51399800,33.70898300 134.51418600,33.70891900 134.51421000,33.70871100 134.51432800,33.70859300 134.51442300,33.70837500 134.51442300,33.70821700 134.51453000,33.70827600 134.51475600,33.70804900 134.51537400,33.70811800 134.51609900,33.70825600 134.51646700,33.70837500 134.51672900,33.70856300 134.51703800,33.70868200 134.51732300,33.70871100 134.51773900,33.70861200 134.51826200,33.70874100 134.51877300,33.70877000 134.51904600,33.70880000 134.51946200,33.70871100 134.51968800,33.70865200 134.51980700,33.70855300 134.51989000,33.70837500 134.52005600,33.70850400 134.52010400,33.70839500 134.52031800,33.70845400 134.52040100,33.70833600 134.52041300,33.70829600 134.52074600,33.70834500 134.52094800,33.70839500 134.52108300,33.70833600 134.52116600,33.70800900 134.52141600,33.70806900 134.52128500,33.70832600 134.52191500,33.70809800 134.52220000,33.70818700 134.52258100,33.70832600 134.52316300,33.70852300 134.52362600,33.70878000 134.52394700,33.70890900 134.52435100,33.70893900 134.52475500,33.70912600 134.52520700,33.70938300 134.52550400,33.70958100 134.52554000,33.70981800 134.52564700,33.70994700 134.52573000,33.70992700 134.52580100,33.70983800 134.52597900,33.71000600 134.52662100,33.71041200 134.52703700,33.71058900 134.52751200,33.71074800 134.52777400,33.71092600 134.52814200,33.71100500 134.52857000,33.71127200 134.52890800,33.71126200 134.52924000,33.71148900 134.52964400,33.71180500 134.52983500,33.71213200 134.52993000,33.71241800 134.52998900,33.71319900 134.53001300,33.71384000 134.52995300,33.71398800 134.52998900,33.71420600 134.53019100,33.71437400 134.53058300,33.71466000 134.53067800,33.71471000 134.53085700,33.71454200 134.53102300,33.71449200 134.53147500,33.71462100 134.53177200,33.71468000 134.53199700,33.71461100 134.53215200,33.71453200 134.53228300,33.71451200 134.53243700,33.71462100 134.53258200,33.71465400 134.53276000,33.71464800 134.53294600,33.71463000 134.53308100,33.71465400 134.53314500,33.71471900 134.53326700,33.71484400 134.53344500,33.71489100 134.53350900,33.71502800 134.53356600,33.71510500 134.53364500,33.71517000 134.53383000,33.71521700 134.53405100,33.71529400 134.53424400,33.71546100 134.53447900,33.71574500 134.53457900,33.71613700 134.53462900,33.71623200 134.53479300,33.71637400 134.53502100,33.71642700 134.53520600,33.71638600 134.53533500,33.71638600 134.53544100,33.71642100 134.53564100,33.71648700 134.53569100,33.71650400 134.53583400,33.71645100 134.53597400,33.71634400 134.53610200,33.71626100 134.53632300,33.71616600 134.53658000,33.71637400 134.53680800,33.71655800 134.53693000,33.71661100 134.53709400,33.71666500 134.53717200,33.71675400 134.53730700,33.71692600 134.53734300,33.71707400 134.53743600,33.71703200 134.53742900,33.71714500 134.53751800,33.71713900 134.53750400,33.71719500 134.53751400,33.71723400 134.53757100,33.71729000 134.53759300,33.71734700 134.53766400,33.71748900 134.53771400,33.71752700 134.53778900,33.71754800 134.53781700,33.71758400 134.53783200,33.71767900 134.53783900,33.71769900 134.53803800,33.71757500 134.53806300,33.71758700 134.53806000,33.71769100 134.53806700,33.71772400 134.53809500,33.71774800 134.53814900,33.71771600 134.53830200,33.71762700 134.53837300,33.71763000 134.53845500,33.71766800 134.53861600,33.71779000 134.53865500,33.71783700 134.53872300,33.71787600 134.53880800,33.71789600 134.53900500,33.71789000 134.53921100,33.71788500 134.53935700,33.71788800 134.53949300,33.71794700 134.53958200,33.71800900 134.53966100,33.71808300 134.53971400,33.71812800 134.53981000,33.71811600 134.53993900,33.71809200 134.54006000,33.71809500 134.54036200,33.71817900 134.54076100,33.71836900 134.54099000,33.71864200 134.54097500,33.71922300 134.54060500,33.71953100 134.54100400,33.71984000 134.54144600,33.72008900 134.54203100,33.72029000 134.54250100,33.72068200 134.54254400,33.72108500 134.54237300,33.72173700 134.54198800,33.72205800 134.54153200,33.72253200 134.54128900,33.72330300 134.54100400,33.72377800 134.54084700,33.72411200 134.54099000,33.72442000 134.54131800,33.72474100 134.54200200,33.72510800 134.54121800,33.72508500 134.54044800,33.72509700 134.54014800,33.72521500 134.54007700,33.72536900 134.54013900,33.72558400 134.54017400,33.72568800 134.54023700,33.72579100 134.54033800,33.72589500 134.54046300,33.72597900 134.54058200,33.72607300 134.54058100,33.72617600 134.54058800,33.72627400 134.54057000,33.72635800 134.54044500,33.72648600 134.54031500,33.72663900 134.54016600,33.72673300 134.54005300,33.72679300 134.53989300,33.72690600 134.53970900,33.72704000 134.53948900,33.72711900 134.53930500,33.72723200 134.53913800,33.72733100 134.53899600,33.72742500 134.53897200,33.72753900 134.53899000,33.72769200 134.53901900,33.72781600 134.53906700,33.72789500 134.53918000,33.72801300 134.53931000,33.72817100 134.53940000,33.72825500 134.53953000,33.72840400 134.53967900,33.72854200 134.53980600,33.72863200 134.53987500,33.72867300 134.53995500,33.72872000 134.54005600,33.72879600 134.54017800,33.72887000 134.54030000,33.72896400 134.54037700,33.72902900 134.54043600,33.72908800 134.54049500,33.72918500 134.54047200,33.72933500 134.54038300,33.72941900 134.54021700,33.72951300 134.54006200,33.72960200 134.53988400,33.72959700 134.53969400,33.72957700 134.53955100,33.72953300 134.53931900,33.72945400 134.53896900,33.72928100 134.53858800,33.72909300 134.53833300,33.72895900 134.53811900,33.72892500 134.53797000,33.72892500 134.53782800,33.72898900 134.53773300,33.72907800 134.53759000,33.72918200 134.53745300,33.72934500 134.53718000,33.72947800 134.53689500,33.72961700 134.53667700,33.72970100 134.53634500,33.72972900 134.53611600,33.72965000 134.53612600,33.72950800 134.53631600,33.72934600 134.53661100,33.72903300 134.53683400,33.72867700 134.53690500,33.72836900 134.53689100,33.72802000 134.53681000,33.72768400 134.53665800,33.72742700 134.53649700,33.72722100 134.53635400,33.72704700 134.53616400,33.72687700 134.53596400,33.72673900 134.53574100,33.72671900 134.53554600,33.72681400 134.53544100,33.72691300 134.53545100,33.72703500 134.53559800,33.72745400 134.53531800,33.72781400 134.53437900,33.72747900 134.53398700,33.72789400 134.53358800,33.72859400 134.53331000,33.72909800 134.53302800,33.72951200 134.53088200,33.72927500
			</coordinates>
		</LineString>
	</Placemark>
	<Placemark>
		<name>SHIKOKU_TKS_21</name>
		<description>潮風そよぐみち</description>
		<styleUrl>#lineStyle0</styleUrl>
		<LineString>
			<coordinates> 134.48499600,33.71515200 134.48456800,33.71451900 134.48383200,33.71375800 134.48324900,33.71318500 134.48322500,33.71297700 134.48323700,33.71275000 134.48296400,33.71258200 134.48261900,33.71226500 134.48238200,33.71199800 134.48235800,33.71171200 134.48251200,33.71128700 134.48288100,33.71060500 134.48297600,33.71025900 134.48289300,33.71004100 134.48261900,33.70992200 134.48238200,33.70979400 134.48234600,33.70965500 134.48238200,33.70943800 134.48266700,33.70921700 134.48345100,33.70895000 134.48411700,33.70874200 134.48488900,33.70836600 134.48502000,33.70810900 134.48504400,33.70780300 134.48488900,33.70744700 134.48465200,33.70722000 134.48447300,33.70707100 134.48429500,33.70683400 134.48422400,33.70663600 134.48429500,33.70635900 134.48441800,33.70608800 134.48469326,33.70599354 134.48513733,33.70579156 134.48554270,33.70581966 134.48552585,33.70550771 134.48525110,33.70527915 134.48512949,33.70507681 134.48506193,33.70487448 134.48485925,33.70474333 134.48482322,33.70440985 134.48496600,33.70422700 134.48487000,33.70406900 134.48448100,33.70370500 134.48437600,33.70327800 134.48431900,33.70308800 134.48380600,33.70278700 134.48345400,33.70255800 134.48330200,33.70238400 134.48325400,33.70206800 134.48298900,33.70188900 134.48271100,33.70170500 134.48254700,33.70145000 134.48214800,33.70081000 134.48185500,33.70040600 134.48129900,33.70003800 134.48098800,33.69998300 134.48076000,33.69975400 134.48070300,33.69945300 134.48065500,33.69941400 134.48053100,33.69945300 134.48050300,33.69953200 134.48041700,33.69946900 134.48040800,33.69939800 134.48014200,33.69916000 134.47991300,33.69889200 134.47972300,33.69878100 134.47947600,33.69858300 134.47920000,33.69818800 134.47902900,33.69795800 134.47890300,33.69783600 134.47844600,33.69762300 134.47781900,33.69722700 134.47728700,33.69674500 134.47677300,33.69625400 134.47638300,33.69594600 134.47606500,33.69585200 134.47517100,33.69582000 134.47454400,33.69566200 134.47406800,33.69542500 134.47378300,33.69533000 134.47334600,33.69514000 134.47292800,33.69476000 134.47276840,33.69460157 134.47268396,33.69439666 134.47284314,33.69431214 134.47301469,33.69425029 134.47261000,33.69401400 134.47215400,33.69385500 134.47181200,33.69369700 134.47134600,33.69349100 134.47108695,33.69300230 134.47064363,33.69265102 134.47064363,33.69265102 134.47042550,33.69247538 134.47008070,33.69220020 134.46985552,33.69199529 134.46958109,33.69170840 134.46985552,33.69199529 134.47008070,33.69220020 134.47042550,33.69247538 134.47064363,33.69265102 134.47108695,33.69300230 134.47134600,33.69349100 134.47181200,33.69369700 134.47215400,33.69385500 134.47261000,33.69401400 134.47301469,33.69425029 134.47308537,33.69421421 134.47315600,33.69419100 134.47403000,33.69381100 134.47444900,33.69354200 134.47448700,33.69343100 134.47418200,33.69324200 134.47382100,33.69317800 134.47372600,33.69287800 134.47346000,33.69262500 134.47321300,33.69213400 134.47308000,33.69180200 134.47285100,33.69158000 134.47262300,33.69140600 134.47233800,33.69063800 134.47254700,33.69032100 134.47271800,33.69013100 134.47283200,33.68957800 134.47271800,33.68934000 134.47245200,33.68927700 134.47211000,33.68923000 134.47192000,33.68878700 134.47157800,33.68824900 134.47134900,33.68798000 134.47131100,33.68777400 134.47148200,33.68748900 134.47150100,33.68723600 134.47138700,33.68696700 134.47121600,33.68663500 134.47125400,33.68644500 134.47133000,33.68625500 134.47146300,33.68609700 134.47110200,33.68579600 134.47072200,33.68491000 134.47036100,33.68423000 134.47034200,33.68392900 134.47032300,33.68356500 134.47020800,33.68337600 134.47047500,33.68320100 134.47095000,33.68318600 134.47144400,33.68336000 134.47155900,33.68366000 134.47171100,33.68380300 134.47193900,33.68392900 134.47197700,33.68410300 134.47199600,33.68432500 134.47228100,33.68465700 134.47247100,33.68461000 134.47255900,33.68450500 134.47244500,33.68435400 134.47234000,33.68425900 134.47224500,33.68407000 134.47219700,33.68385600 134.47218800,33.68376100 134.47203600,33.68365000 134.47195000,33.68347600 134.47188400,33.68332600 134.47166500,33.68286700 134.47163600,33.68272500 134.47167400,33.68260600 134.47168400,33.68251900 134.47165500,33.68243200 134.47151300,33.68236900 134.47145600,33.68221800 134.47147500,33.68206000 134.47144600,33.68194900 134.47132300,33.68183900 134.47101800,33.68176000 134.47059100,33.68176000 134.47054300,33.68201300 134.47044800,33.68219500 134.47023900,33.68237700 134.47010600,33.68263800 134.46994400,33.68266900 134.46957300,33.68268500 134.46945000,33.68264600 134.46943100,33.68246400 134.46972600,33.68234500 134.46962100,33.68181500 134.46972600,33.68170400 134.46977300,33.68160900 134.46972600,33.68152200 134.46957300,33.68146700 134.46908900,33.68148300 134.46883200,33.68150600 134.46872800,33.68135900 134.46832800,33.68115200 134.46758600,33.68087500 134.46743400,33.68085200 134.46651200,33.68089100 134.46631200,33.68079600 134.46581800,33.68075700 134.46548500,33.68064600 134.46547600,33.68043200 134.46522800,33.68035300 134.46521900,33.68015500 134.46499100,33.68005200 134.46491500,33.67980700 134.46480100,33.67964100 134.46462000,33.67953000 134.46444900,33.67949100 134.46420400,33.67972000 134.46411900,33.67972800 134.46398600,33.67967300 134.46391000,33.67955400 134.46392900,33.67914300 134.46381500,33.67907900 134.46368200,33.67899200 134.46347200,33.67882600 134.46328200,33.67873100 134.46316800,33.67872300 134.46310200,33.67879500 134.46304500,33.67889700 134.46313000,33.67920600 134.46311100,33.67930900 134.46309200,33.67935600 134.46276900,33.67919800 134.46253100,33.67919800 134.46237000,33.67916600 134.46232200,33.67908700 134.46233200,33.67886600 134.46204600,33.67859700 134.46199900,33.67837500 134.46191300,33.67818500 134.46175200,33.67808300 134.46146600,33.67806700 134.46115300,33.67813000 134.46091500,33.67815400 134.46080100,33.67824100 134.46052500,33.67866800 134.46044000,33.67870000 134.46034500,33.67867600 134.46035400,33.67822500 134.46025900,33.67805900 134.46026900,33.67785300 134.46010700,33.67767900 134.45990700,33.67766300 134.45965100,33.67772600 134.45944100,33.67773400 134.45916600,33.67764700 134.45891600,33.67777500 134.45883300,33.67782900 134.45867200,33.67786400 134.45851800,33.67795800 134.45846500,33.67798800 134.45838700,33.67799700 134.45832800,33.67792800 134.45834000,33.67784400 134.45813800,33.67750300 134.45801300,33.67737400 134.45793600,33.67736900 134.45769200,33.67744900 134.45736500,33.67755700 134.45722900,33.67747800 134.45705600,33.67737400 134.45687800,33.67730500 134.45670000,33.67729500 134.45656900,33.67731500 134.45637300,33.67736900 134.45601000,33.67745800 134.45582600,33.67751800 134.45571900,33.67747800 134.45564800,33.67739900 134.45561800,33.67730500 134.45560000,33.67723600 134.45561800,33.67717200 134.45570200,33.67710700 134.45573700,33.67701300 134.45569000,33.67692900 134.45559500,33.67687000 134.45551100,33.67683100 134.45542800,33.67672200 134.45532700,33.67654900 134.45507500,33.67645500 134.45483100,33.67639000 134.45471800,33.67631600 134.45454600,33.67604400 134.45435600,33.67588600 134.45437900,33.67617300 134.45438500,33.67634600 134.45435000,33.67639500 134.45411800,33.67646000 134.45393400,33.67642000 134.45379100,33.67643000 134.45352400,33.67647900 134.45328600,33.67643500 134.45292400,33.67648900 134.45266200,33.67637600 134.45250200,33.67636100 134.45241300,33.67640500 134.45238900,33.67654900 134.45237100,33.67662800 134.45228800,33.67669700 134.45223400,33.67672700 134.45210400,33.67672700 134.45202600,33.67663300 134.45188400,33.67650400 134.45171700,33.67639000 134.45161600,33.67633100 134.45140800,33.67628700 134.45132000,33.67621200 134.45113000,33.67609900 134.45097600,33.67611400 134.45081500,33.67604400 134.45070200,33.67597500 134.45053600,33.67592100 134.45047100,33.67589100 134.45036400,33.67574800 134.45029300,33.67567300 134.45023300,33.67563900 134.45018000,33.67559400 134.45011400,33.67557000 134.44996000,33.67560400 134.44983500,33.67569300 134.44974000,33.67575700 134.44966300,33.67579700 134.44940700,33.67576200 134.44925900,33.67576200 134.44909800,33.67577700 134.44895000,33.67587600 134.44873600,33.67605400 134.44854000,33.67618300 134.44830800,33.67622700 134.44814200,33.67624200 134.44808800,33.67617300 134.44803500,33.67605900 134.44801100,33.67589600 134.44801100,33.67581200 134.44806400,33.67573300 134.44822500,33.67560900 134.44830200,33.67553000 134.44832000,33.67545600 134.44814700,33.67535700 134.44769000,33.67508500 134.44721500,33.67483800 134.44696500,33.67470900 134.44690000,33.67464500 134.44682200,33.67463000 134.44669200,33.67466500 134.44655500,33.67473400 134.44649000,33.67477800 134.44638300,33.67475400 134.44629900,33.67466500 134.44626400,33.67460000 134.44618700,33.67455600 134.44609200,33.67459500 134.44601400,33.67462000 134.44595500,33.67463000 134.44580600,33.67458100 134.44565200,33.67451100 134.44543300,33.67470700 134.44537100,33.67472400 134.44529600,33.67473600 134.44522500,33.67471200 134.44512700,33.67464500 134.44489800,33.67444500 134.44470500,33.67450700 134.44450600,33.67458100 134.44441400,33.67458100 134.44420300,33.67436600 134.44417000,33.67431900 134.44403400,33.67431100 134.44386700,33.67432600 134.44379600,33.67430900 134.44371900,33.67420500 134.44365000,33.67415300 134.44354300,33.67414300 134.44345700,33.67416500 134.44342200,33.67429400 134.44342200,33.67445700 134.44340700,33.67448900 134.44333800,33.67450200 134.44310100,33.67441800 134.44291100,33.67437600 134.44273500,33.67436300 134.44268300,33.67435000 134.44244100,33.67416300 134.44216600,33.67391300 134.44198100,33.67376800 134.44191000,33.67368200 134.44179200,33.67367300 134.44167100,33.67368800 134.44155700,33.67375900 134.44148900,33.67380700 134.44138600,33.67381800 134.44128600,33.67376800 134.44121100,33.67369100 134.44093600,33.67358400 134.44065100,33.67346800 134.44047300,33.67339100 134.44034100,33.67339100 134.44015600,33.67347400 134.44002700,33.67358400 134.43988800,33.67362900 134.43969600,33.67361100 134.43961700,33.67353700 134.43957100,33.67341500 134.43955700,33.67319800 134.43968400,33.67248400 134.43988600,33.67205900 134.44011800,33.67182700 134.44038600,33.67161900 134.44047500,33.67140100 134.44064100,33.67119400 134.44086100,33.67109000 134.44125300,33.67104000 134.44151500,33.67095600 134.44171100,33.67081800 134.44181800,33.67067400 134.44184700,33.67047700 134.44174600,33.67025000 134.44169300,33.67001300 134.44166300,33.66974600 134.44171100,33.66945400 134.44182900,33.66895400 134.44194800,33.66859300 134.44216800,33.66843000 134.44218900,33.66829100 134.44225100,33.66807800 134.44234600,33.66788800 134.44244600,33.66770600 134.44256400,33.66758700 134.44261200,33.66750800 134.44260200,33.66740900 134.44252600,33.66734200 134.44235500,33.66738500 134.44224100,33.66739300 134.44206000,33.66728600 134.44194600,33.66714000 134.44192300,33.66699400 134.44189400,33.66686300 134.44180900,33.66667700 134.44177100,33.66661700 134.44161400,33.66637600 134.44141900,33.66626900 134.44115300,33.66623300 134.44075800,33.66617800 134.44053500,33.66594500 134.44028700,33.66573500 134.43994000,33.66560800 134.43925400,33.66561500 134.43916800,33.66549700 134.43902500,33.66529500 134.43896100,33.66512900 134.43878300,33.66498600 134.43867600,33.66485000 134.43855500,33.66466600 134.43855500,33.66447000 134.43844800,33.66437500 134.43829100,33.66438100 134.43824100,33.66426200 134.43807700,33.66421500 134.43793400,33.66423300 134.43770600,33.66434500 134.43747100,33.66443400 134.43715000,33.66445200 134.43687900,33.66450600 134.43626600,33.66447600 134.43597600,33.66447000 134.43569100,33.66447600 134.43538500,33.66436900 134.43504200,33.66423300 134.43460700,33.66415500 134.43424400,33.66416100 134.43391600,33.66416700 134.43346600,33.66413800 134.43303900,33.66403700 134.43257500,33.66396000 134.43219700,33.66397700 134.43163400,33.66403700 134.43130600,33.66410800 134.43092100,33.66420300 134.43043600,33.66428600 134.43017200,33.66425600 134.42991600,33.66419700 134.42978000,33.66416700 134.42969700,33.66417300 134.42958300,33.66422100 134.42954700,33.66423300 134.42948300,33.66420300 134.42943300,33.66413800 134.42928300,33.66410200 134.42891900,33.66406000 134.42872700,33.66401900 134.42847700,33.66392400 134.42824200,33.66383500 134.42795000,33.66369800 134.42775700,33.66361500 134.42772900,33.66350300 134.42777900,33.66337800 134.42786400,33.66334800 134.42790000,33.66328700 134.42780000,33.66315600 134.42767900,33.66297200 134.42755000,33.66285300 134.42750800,33.66272300 134.42744300,33.66266300 134.42737200,33.66258000 134.42735800,33.66238500 134.42733600,33.66230100 134.42714400,33.66223600 134.42703700,33.66223600 134.42680200,33.66240200 134.42677300,33.66242000 134.42672300,33.66239000 134.42669500,33.66226000 134.42661600,33.66216500 134.42648100,33.66208800 134.42644500,33.66203400 134.42633100,33.66191000 134.42638100,33.66177300 134.42634500,33.66171400 134.42619600,33.66168400 134.42605300,33.66179100 134.42601700,33.66186200 134.42593200,33.66190400 134.42579600,33.66185000 134.42569600,33.66175500 134.42569600,33.66190400 134.42582500,33.66207000 134.42583200,33.66223600 134.42565400,33.66238500 134.42546100,33.66260400 134.42546800,33.66289500 134.42550400,33.66315000 134.42558200,33.66352400 134.42565400,33.66375000 134.42589600,33.66393900 134.42609600,33.66414700 134.42616000,33.66429500 134.42624600,33.66437900 134.42645200,33.66440200 134.42663100,33.66442000 134.42673800,33.66452100 134.42665900,33.66488800 134.42688700,33.66522600 134.42704400,33.66557600 134.42712300,33.66575400 134.42733600,33.66592000 134.42781400,33.66603300 134.42815600,33.66608700 134.42820600,33.66649600 134.42795700,33.66690600 134.42783600,33.66719600 134.42779300,33.66765300 134.42766400,33.66823600 134.42752900,33.66884700 134.42743000,33.66935800 134.42709700,33.66963500 134.42668800,33.66981700 134.42607000,33.66999100 134.42562400,33.67008600 134.42527200,33.67026800 134.42486300,33.67044200 134.42457800,33.67059300 134.42422600,33.67072700 134.42396000,33.67076700 134.42369400,33.67074300 134.42336100,33.67080600 134.42275200,33.67106000 134.42230600,33.67114700 134.42171600,33.67117800 134.42100700,33.67126500 134.42014200,33.67137600 134.41903800,33.67163800 134.41837000,33.67178800
			</coordinates>
		</LineString>
	</Placemark>
	<Placemark>
		<name>SHIKOKU_TKS_22</name>
		<description>八坂八浜磯の香るみち</description>
		<styleUrl>#lineStyle0</styleUrl>
		<LineString>
			<coordinates> 134.35897000,33.62660300 134.35869400,33.62577200 134.35932200,33.62602500 134.35965400,33.62603300 134.36051900,33.62620000 134.36116600,33.62640500 134.36161300,33.62655600 134.36218300,33.62663500 134.36220200,33.62810000 134.36278200,33.62897800 134.36318100,33.62943800 134.36352400,33.62969900 134.36394200,33.62988900 134.36445500,33.63006400 134.36450300,33.63148000 134.36461700,33.63165500 134.36487400,33.63180500 134.36573900,33.63224800 134.36609100,33.63239900 134.36669000,33.63236700 134.36708900,33.63232700 134.36763100,33.63242200 134.36789700,33.63258100 134.36824900,33.63292100 134.36862900,33.63333300 134.36915200,33.63398200 134.36959000,33.63446300 134.37011300,33.63487900 134.37063600,33.63526500 134.37130200,33.63556100 134.37183600,33.63569000 134.37218100,33.63570000 134.37317900,33.63563100 134.37378500,33.63579900 134.37478400,33.63617500 134.37563900,33.63659000 134.37628100,33.63709500 134.37685100,33.63758000 134.37717200,33.63794600 134.37736700,33.63827300 134.37754800,33.63876400 134.37800400,33.63938900 134.37850800,33.63988800 134.37869800,33.64006200 134.37905000,33.64025200 134.38016200,33.64079800 134.38203500,33.64163700 134.38267400,33.64191500 134.38312600,33.64215200 134.38338700,33.64240900 134.38358900,33.64275600 134.38373200,33.64312200 134.38398100,33.64341800 134.38437300,33.64371500 134.38496800,33.64409100 134.38538400,33.64437800 134.38557400,33.64460600 134.38575200,33.64499100 134.38577600,33.64528800 134.38570400,33.64586200 134.38565700,33.64639600 134.38578800,33.64681200 134.38594100,33.64705600 134.38727200,33.64854000 134.38811600,33.64960800 134.38866300,33.65011300 134.38945900,33.65100300 134.39027300,33.65187600 134.39104300,33.65271900 134.39216900,33.65396600 134.39273300,33.65454700 134.39292500,33.65469700 134.39340100,33.65488700 134.39385700,33.65510800 134.39434200,33.65532200 134.39473200,33.65566200 134.39515000,33.65603400 134.39568200,33.65664300 134.39619600,33.65725300 134.39686100,33.65772800 134.39751300,33.65820600 134.39918700,33.65904500 134.40048000,33.65966200 134.40159200,33.66017700 134.40286600,33.66046900 134.40362600,33.66058800 134.40429200,33.66057200 134.40526800,33.66045900 134.40560000,33.66041000 134.40596300,33.66040000 134.40626600,33.66045400 134.40651500,33.66058800 134.40681800,33.66073100 134.40709800,33.66083500 134.40727000,33.66083000 134.40735900,33.66071100 134.40736500,33.66054300 134.40727000,33.66033000 134.40724000,33.66018200 134.40724000,33.66004800 134.40727600,33.65994500 134.40740700,33.65982100 134.40751400,33.65975200 134.40762700,33.65978600 134.40776300,33.65988000 134.40797700,33.65997900 134.40809000,33.65998900 134.40815500,33.65996400 134.40842900,33.65986500 134.40878500,33.65990000 134.40895800,33.65989500 134.40904100,33.65984100 134.40910000,33.65970200 134.40905300,33.65955900 134.40894000,33.65947000 134.40881500,33.65930700 134.40882700,33.65920800 134.40903500,33.65884700 134.40921900,33.65857500 134.40946900,33.65860400 134.40991400,33.65872800 134.41034200,33.65887100 134.41052000,33.65895500 134.41074600,33.65909400 134.41088900,33.65926200 134.41093600,33.65947000 134.41090100,33.65972700 134.41099600,33.65988500 134.41115000,33.65994500 134.41131700,33.65989800 134.41160200,33.65979900 134.41178000,33.65981900 134.41187500,33.65992800 134.41189900,33.66011600 134.41185200,33.66031300 134.41188700,33.66055100 134.41191100,33.66067900 134.41206600,33.66075900 134.41241000,33.66080800 134.41251700,33.66095600 134.41251700,33.66114400 134.41374100,33.66195500 134.41371700,33.66243000 134.41361000,33.66278600 134.41346800,33.66359700 134.41359900,33.66379500 134.41384800,33.66390400 134.41447800,33.66415100 134.41485800,33.66458700 134.41565400,33.66512100 134.41617600,33.66554100 134.41543000,33.66578800 134.41552500,33.66625400 134.41563900,33.66685900 134.41577200,33.66757900 134.41588600,33.66814900 134.41607600,33.66859200 134.41627600,33.66886100 134.41659000,33.66918500 134.41677000,33.66931500 134.41715000,33.66952900 134.41832000,33.67008300 134.41856700,33.67030400 134.41890000,33.67123000 134.41903800,33.67163800 134.41837000,33.67178800
			</coordinates>
		</LineString>
	</Placemark>
	<Placemark>
		<name>SHIKOKU_TKS_23</name>
		<description>洋々と広がる松原のみち</description>
		<styleUrl>#lineStyle0</styleUrl>
		<LineString>
			<coordinates> 134.35220200,33.59342900 134.35290800,33.59329800 134.35248000,33.59249000 134.35212300,33.59110900 134.35149600,33.58894100 134.35156000,33.58855900 134.35171500,33.58830100 134.35191700,33.58812300 134.35230900,33.58795500 134.35279600,33.58787600 134.35321200,33.58793500 134.35358000,33.58810300 134.35390100,33.58837100 134.35408000,33.58872700 134.35442400,33.58926200 134.35460200,33.58931100 134.35501800,33.58878600 134.35591000,33.58866800 134.35724100,33.58853900 134.35730000,33.58811300 134.35757300,33.58805400 134.35787100,33.58806400 134.35804900,33.58832100 134.35851200,33.58822200 134.35907100,33.58811300 134.35949500,33.58810400 134.35994100,33.58808400 134.36037500,33.58816400 134.36072500,33.58827300 134.36114100,33.58840600 134.36138500,33.58857400 134.36157500,33.58879200 134.36171700,33.58894100 134.36181800,33.58912400 134.36196700,33.58931200 134.36208600,33.58936200 134.36227600,33.58939000 134.36247200,33.58941500 134.36273400,33.58942500 134.36298300,33.58947400 134.36314900,33.58957300 134.36322700,33.58969700 134.36322100,33.58980600 134.36307800,33.58989000 134.36291200,33.58997900 134.36278100,33.59008800 134.36282300,33.59024200 134.36292400,33.59035000 134.36309600,33.59043500 134.36338100,33.59049400 134.36364900,33.59059300 134.36378500,33.59069700 134.36398100,33.59088500 134.36414200,33.59104800 134.36418300,33.59117200 134.36410000,33.59128600 134.36400500,33.59133100 134.36372600,33.59125100 134.36343500,33.59118200 134.36328000,33.59119200 134.36322700,33.59127600 134.36321500,33.59145900 134.36316100,33.59163200 134.36306000,33.59167700 134.36293700,33.59171500 134.36247400,33.59168500 134.36197500,33.59172500 134.36173700,33.59175500 134.36138100,33.59192300 134.36116700,33.59198200 134.36094100,33.59194300 134.36081000,33.59185400 134.36069100,33.59166600 134.36050100,33.59153700 134.36029900,33.59152700 134.35999000,33.59205200 134.35975300,33.59229900 134.35968100,33.59256600 134.35997800,33.59376400 134.36016800,33.59436800 134.36014500,33.59457600 134.35991900,33.59483300 134.35964600,33.59511100 134.35927700,33.59532800 134.35908700,33.59538800 134.35858800,33.59558600 134.35811300,33.59577400 134.35763700,33.59566500 134.35724500,33.59559600 134.35675800,33.59567500 134.35633000,33.59575400 134.35577100,33.59576400 134.35524800,33.59885600 134.35694500,33.59848100 134.35791400,33.59823600 134.35891300,33.59793500 134.36012000,33.59767400 134.36061400,33.59763400 134.36097600,33.59765800 134.36125100,33.59778400 134.36132700,33.59803000 134.36132700,33.59822000 134.36125100,33.59853700 134.36116600,33.59907500 134.36113700,33.59970900 134.36211600,33.59942400 134.36235400,33.60005700 134.36289600,33.60111800 134.36351400,33.60222700 134.36391300,33.60289600 134.36506600,33.60449000 134.36635000,33.60606300 134.36814400,33.60778500 134.36918900,33.60872200 134.36958100,33.60912800 134.37004500,33.60945500 134.37117400,33.61006800 134.37324200,33.61125600 134.37515500,33.61239400 134.37710400,33.61341100 134.37708000,33.61348100 134.37683100,33.61357000 134.37652200,33.61361900 134.37635500,33.61368900 134.37621300,33.61394600 134.37582000,33.61438100 134.37551100,33.61477700 134.37500000,33.61504400 134.37458400,33.61514300 134.37415700,33.61639000 134.37378800,33.61657800 134.37293300,33.61714300 134.37236200,33.61759200 134.37250500,33.61762200 134.37293300,33.61771100 134.37337200,33.61782900 134.37356200,33.61798800 134.37394300,33.61827500 134.37420400,33.61856200 134.37431100,33.61885900 134.37447700,33.61911600 134.37479800,33.61925400 134.37504800,33.61939300 134.37462000,33.61978900 134.37492900,33.61989800 134.37504800,33.62017500 134.37488200,33.62041200 134.37416800,33.62068900 134.37355100,33.62101600 134.37340800,33.62128300 134.37336000,33.62166900 134.37345200,33.62255100 134.37354800,33.62291700 134.37369600,33.62316000 134.37397500,33.62365500 134.37407600,33.62382800 134.37407000,33.62405500 134.37388600,33.62426300 134.37345200,33.62451600 134.37329800,33.62437700 134.37323900,33.62429300 134.37310800,33.62419400 134.37300700,33.62418900 134.37277500,33.62415400 134.37264400,33.62410500 134.37252400,33.62405900 134.37238100,33.62406900 134.37213700,33.62412800 134.37203600,33.62410300 134.37186400,33.62399400 134.37170400,33.62383600 134.37156100,33.62381100 134.37135300,33.62383100 134.37118700,33.62389100 134.37100200,33.62401400 134.37072300,33.62421200 134.37042600,33.62448900 134.37026000,33.62462300 134.36992700,33.62473700 134.36960000,33.62483100 134.36939800,33.62485000 134.36889200,33.62482800 134.36826400,33.62480400 134.36789400,33.62485100 134.36746600,33.62470900 134.36706600,33.62470900 134.36679500,33.62469700 134.36618200,33.62462600 134.36594000,33.62444800 134.36588300,33.62431700 134.36592600,33.62413900 134.36578300,33.62400800 134.36539800,33.62378300 134.36501300,33.62365200 134.36478500,33.62359300 134.36475600,33.62337900 134.36474200,33.62314100 134.36465600,33.62285600 134.36435700,33.62267800 134.36391500,33.62270200 134.36375800,33.62275000 134.36343000,33.62283300 134.36313000,33.62308200 134.36290200,33.62365200 134.36248900,33.62475600 134.36217500,33.62584900 134.36218300,33.62663500 134.36161300,33.62655600 134.36116600,33.62640500 134.36051900,33.62620000 134.35965400,33.62603300 134.35932200,33.62602500 134.35869400,33.62577200 134.35897000,33.62660300
			</coordinates>
		</LineString>
	</Placemark>
	<Placemark>
		<name>SHIKOKU_TKS_24</name>
		<description>水床探求のみち</description>
		<styleUrl>#lineStyle0</styleUrl>
		<LineString>
			<coordinates> 134.35149600,33.58894100 134.35136500,33.58852200 134.35132200,33.58789200 134.35105100,33.58728600 134.35060900,33.58660900 134.35012500,33.58625300 134.34975400,33.58601500 134.34901200,33.58581300 134.34774300,33.58565900 134.34674500,33.58555200 134.34577500,33.58539800 134.34507600,33.58539800 134.34389300,33.58548100 134.34346500,33.58546900 134.34322200,33.58545700 134.34266600,33.58524300 134.34219600,33.58512400 134.34173900,33.58517200 134.34134000,33.58527900 134.34044100,33.58574200 134.34004200,33.58584900 134.33927200,33.58584900 134.33766500,33.58573500 134.33595400,33.58563600 134.33490800,33.58551700 134.33424300,33.58541800 134.33351800,33.58507200 134.33310200,33.58489400 134.33254300,33.58477500 134.33164000,33.58459700 134.33107700,33.58448500 134.33069700,33.58435900 134.33048800,33.58416100 134.33011700,33.58367000 134.32983200,33.58319400 134.32960400,33.58302800 134.32910000,33.58282200 134.32814000,33.58266400 134.32760700,33.58253700 134.32688500,33.58234700 134.32633300,33.58228400 134.32576300,33.58229100 134.32532600,33.58230700 134.32488800,33.58220400 134.32440300,33.58210100 134.32412700,33.58204700 134.32372000,33.58207700 134.32326400,33.58222600 134.32272200,33.58250500 134.32216600,33.58274800 134.32185900,33.58283200 134.32081800,33.58270700 134.31944900,33.58241000 134.31854400,33.58221400 134.31806600,33.58204700 134.31765200,33.58181600 134.31721700,33.58153700 134.31666800,33.58106100 134.31646100,33.58090900 134.31610500,33.58068100 134.31551600,33.58060200 134.31498800,33.58057700 134.31453600,33.58047300 134.31428600,33.58034000 134.31402500,33.58005700 134.31368600,33.57962200 134.31324400,33.57922300 134.31281600,33.57892100 134.31256305,33.57885606 134.31175300,33.57874800 134.31120154,33.57867311 134.31072000,33.57843300 134.31033413,33.57818828 134.31003768,33.57797789 134.30955000,33.57776800 134.30925100,33.57766700 134.30868715,33.57748391 134.30834678,33.57728266 134.30812718,33.57705396 134.30806130,33.57676123 134.30807228,33.57637702 134.30808326,33.57613003 134.30817110,33.57588304 134.30829300,33.57555100 134.30861400,33.57506600 134.30888800,33.57451200 134.30903000,33.57409600 134.30892300,33.57368000 134.30862600,33.57293700 134.30817500,33.57182800 134.30818600,33.57136900 134.30822200,33.57081400 134.30824600,33.57036900 134.30803200,33.56990300 134.30785400,33.56930900 134.30769900,33.56856700 134.30758000,33.56796700 134.30753300,33.56709500 134.30753300,33.56617400 134.30778200,33.56479800 134.30816300,33.56332200 134.30598381,33.56348383 134.30474547,33.56358628 134.30446443,33.56226899 134.30473000,33.56163400 134.30495800,33.56136100 134.30644100,33.56102800 134.30765300,33.56100400 134.30793800,33.56106400 134.30820900,33.56098100 134.30860900,33.56075500 134.30935000,33.56038600 134.31042000,33.56071900 134.31057700,33.56071900 134.31076200,33.56036300 134.31081900,33.56005400 134.31114700,33.55979200 134.31150400,33.55967300 134.31177400,33.55973300 134.31194600,33.56004200 134.31199600,33.56027900 134.31210200,33.56042800 134.31225200,33.56044600 134.31233800,33.56036900 134.31235200,33.56018400 134.31239500,33.55987500 134.31282300,33.55907300 134.31300800,33.55897800 134.31312900,33.55889500 134.31313600,33.55875200 134.31307200,33.55861000 134.31284400,33.55830100 134.31264400,33.55789200 134.31254000,33.55738500 134.31254000,33.55712300 134.31260600,33.55696500 134.31255900,33.55676700 134.31244500,33.55651300 134.31239700,33.55643400 134.31239700,33.55618800 134.31253000,33.55593500 134.31283500,33.55572900 134.31333800,33.55553900 134.31361400,33.55552300 134.31386100,33.55555500 134.31395600,33.55565000 134.31407000,33.55584000 134.31416600,33.55593500 134.31434600,33.55593500 134.31443200,33.55587900 134.31451700,33.55569700 134.31451700,33.55553100 134.31459300,33.55539600 134.31473600,33.55524600 134.31497000,33.55509200 134.31518400,33.55499300 134.31543300,33.55496400 134.31570700,33.55500300 134.31532600,33.55470600 134.31491000,33.55433000 134.31482700,33.55409200 134.31482700,33.55357700 134.31459337,33.55311127 134.31426408,33.55304267 134.31364666,33.55256243 134.31315272,33.55263103 134.31265879,33.55234518 134.31223345,33.55197928 134.31205509,33.55168198 134.31216485,33.55140755 134.31230206,33.55138468 134.31234322,33.55089300 134.31242554,33.55069861 134.31247114,33.54999531 134.31266433,33.54992945 134.31273458,33.54983431 134.31286629,33.54990017 134.31297436,33.54977241 134.31278726,33.54970258 134.31260555,33.54965257 134.31313995,33.54938880 134.31333313,33.54923512 134.31352632,33.54903753 134.31387000,33.54891500 134.31481712,33.54857648 134.31507177,33.54832766 134.31541500,33.54800300 134.31647800,33.54739900 134.31671600,33.54700300 134.31713400,33.54659900 134.31753923,33.54635171 134.31804700,33.54594100 134.31840800,33.54558500 134.31858417,33.54536175 134.31871904,33.54526807 134.31913490,33.54527744 134.31944397,33.54530554 134.31973057,33.54531491 134.31979239,33.54516972 134.32010147,33.54516972 134.32060400,33.54510900 134.32108490,33.54494490 134.32128159,33.54480907 134.32125349,33.54459362 134.32120291,33.54448121 134.32123200,33.54435600 134.32122539,33.54427045 134.32115795,33.54409247 134.32124225,33.54398474 134.32120853,33.54375992 134.32107928,33.54360536 134.32101746,33.54342737 134.32079830,33.54318850 134.32062971,33.54310888 134.32038807,33.54312293 134.32002279,33.54322597 134.31962380,33.54325876 134.31939902,33.54331965 134.31915737,33.54345079 134.31893821,33.54342737 134.31866847,33.54345548 134.31848864,33.54346953 134.31821890,33.54360536 134.31793230,33.54363814 134.31780305,33.54370840 134.31757264,33.54393322 134.31734786,33.54397537 134.31724109,33.54402689 134.31698258,33.54422829 134.31685099,33.54428974 134.31707578,33.54441620 134.31707578,33.54445367 134.31702520,33.54458482 134.31710949,33.54462229 134.31722189,33.54446772 134.31730852,33.54442033 134.31739844,33.54443906 134.31758388,33.54457957 134.31769627,33.54450932 134.31786486,33.54467324 134.31790982,33.54485123 134.31813460,33.54485591 134.31842120,33.54476224 134.31851674,33.54487933 134.31839873,33.54496832 134.31857293,33.54532428 134.31840800,33.54558500 134.31804700,33.54594100 134.31753923,33.54635171 134.31713400,33.54659900 134.31671600,33.54700300 134.31647800,33.54739900 134.31541500,33.54800300 134.31481712,33.54857648 134.31387000,33.54891500 134.31352632,33.54903753 134.31333313,33.54923512 134.31313995,33.54938880 134.31260555,33.54965257 134.31207500,33.54965700 134.31149643,33.54962208 134.31123300,33.54972454 134.31072100,33.54985600 134.30990705,33.54987822 134.30938018,33.54987822 134.30903300,33.54985600 134.30866500,33.54992500 134.30843900,33.55002400 134.30821300,33.55019200 134.30807000,33.55034100 134.30784500,33.55050900 134.30775000,33.55056900 134.30744100,33.55051900 134.30712000,33.55040000 134.30650200,33.55029100 134.30633500,33.55036100 134.30606200,33.55081600 134.30588400,33.55098500 134.30568200,33.55102400 134.30549200,33.55099500
			</coordinates>
		</LineString>
	</Placemark>
	<Placemark>
		<name>SHIKOKU_TKS_24</name>
		<description>水床探求のみち</description>
		<styleUrl>#lineStyle0</styleUrl>
		<LineString>
			<coordinates> 134.30449078,33.56297155 134.30386722,33.56304473 134.30238297,33.56339601 134.30153985,33.56360092 134.30034542,33.56420101 134.29967000,33.56447200 134.29971100,33.56468500 134.29923000,33.56527900 134.29970996,33.56578614 134.29923918,33.56626038 134.29902839,33.56652384 134.29876138,33.56689855 134.29833277,33.56771236 134.29754580,33.56908820 134.29732095,33.56951558 134.29687126,33.57012446 134.29768500,33.56976700 134.29815412,33.57055728 134.29797986,33.57063691 134.29694551,33.57106313 134.29637774,33.57134416 134.29617537,33.57159240 134.29643396,33.57200925 134.29651266,33.57225749 134.29653520,33.57241672 134.29649023,33.57273052 134.29639894,33.57294666 134.29634835,33.57315275 134.29635900,33.57349500 134.29630900,33.57363200 134.29626402,33.57379444 134.29620900,33.57398800 134.29608975,33.57411762 134.29609500,33.57426100 134.29620200,33.57437400 134.29634500,33.57445800 134.29639332,33.57449232 134.29659382,33.57468615 134.29674560,33.57489692 134.29693674,33.57511706 134.29697610,33.57521542 134.29659944,33.57522947 134.29650387,33.57534657 134.29653760,33.57550581 134.29681307,33.57561823 134.29700420,33.57572127 134.29713351,33.57590394 134.29743708,33.57648941 134.29747081,33.57659245 134.29724032,33.57655030 134.29718972,33.57660182 134.29736962,33.57671423 134.29739773,33.57691094 134.29738086,33.57712639 134.29727967,33.57712639 134.29721221,33.57688752 134.29704356,33.57712171 134.29699296,33.57735121 134.29692985,33.57773116 134.29661142,33.57787753 134.29665534,33.57807879 134.29641377,33.57850875 134.29629298,33.57884723 134.29608435,33.57897530 134.29618318,33.57871001 134.29599651,33.57873745 134.29574396,33.57895701 134.29554631,33.57931378 134.29516200,33.57939612 134.29479964,33.57963396 134.29529376,33.57984437 134.29546945,33.57994500 134.29566710,33.58025603 134.29551337,33.58037495 134.29564514,33.58050302 134.29567808,33.58070427 134.29538161,33.58064939 134.29548043,33.58081405 134.29531572,33.58082320 134.29531572,33.58097871 134.29523886,33.58089638 134.29492809,33.58092323 134.29507907,33.58120909 134.29524377,33.58122053 134.29532613,33.58140348 134.29568298,33.58136918 134.29599866,33.58159787 134.29645160,33.58173508 134.29664375,33.58156356 134.29690453,33.58157500
			</coordinates>
		</LineString>
	</Placemark>
	<Placemark>
		<name>接続コース</name>
		<description></description>
		<styleUrl>#lineStyle1</styleUrl>
		<LineString>
			<coordinates> 134.49381500,33.71780600 134.49321600,33.71767500 134.49247500,33.71765200 134.49141900,33.71785300 134.49064900,33.71800700 134.49013600,33.71794800 134.48973700,33.71782900 134.48916600,33.71767500 134.48855300,33.71766300 134.48784000,33.71771100 134.48704100,33.71768700 134.48644200,33.71748500 134.48540100,33.71692800 134.48430300,33.71635900 134.48277700,33.71549300 134.48190700,33.71493500 134.48153700,33.71443700 134.48120900,33.71396200 134.48095200,33.71347600 134.48070900,33.71307300 134.48003900,33.71257500 134.47955400,33.71232500 134.47933900,33.71231200 134.47846200,33.71243700 134.47779900,33.71265000 134.47728500,33.71267400 134.47594500,33.71237800 134.47458300,33.71211700 134.47373500,33.71187900 134.47310700,33.71153500 134.47233700,33.71106700 134.47131600,33.71032600 134.47005100,33.70945600 134.46912900,33.70883900 134.46858700,33.70855400 134.46781700,33.70836500 134.46719000,33.70829300 134.46584900,33.70822200 134.46546900,33.70816700 134.46458500,33.70781100 134.46420900,33.70763700 134.46361700,33.70748300 134.46304700,33.70743000 134.46235500,33.70748900 134.46174200,33.70757800 134.46089400,33.70770300 134.46023800,33.70773200 134.45919600,33.70770300 134.45832700,33.70763100 134.45784500,33.70750100 134.45746700,33.70737600 134.45699600,33.70703800 134.45663200,33.70688400 134.45544900,33.70668200 134.45425800,33.70652200 134.45355200,33.70639800 134.45303200,33.70630900 134.45258900,33.70614300 134.45180200,33.70608300 134.45116000,33.70594700 134.44985500,33.70558400 134.44917000,33.70541200 134.44858600,33.70525800 134.44799400,33.70503200 134.44725200,33.70478900 134.44646400,33.70480100 134.44594300,33.70474200 134.44550100,33.70462300 134.44496600,33.70434400 134.44461000,33.70397600 134.44445300,33.70360900 134.44441000,33.70308100 134.44439600,33.70255300 134.44428900,33.70212600 134.44403200,33.70176800 134.44304100,33.70032100 134.44261300,33.69999500 134.44231900,33.70000300 134.44181500,33.69978100 134.44099700,33.69948900 134.44024600,33.69950400 134.43965700,33.69943300 134.43892500,33.69926700 134.43840200,33.69919600 134.43722300,33.69912500 134.43649100,33.69909300 134.43571100,33.69899800 134.43532100,33.69884800 134.43507400,33.69862600 134.43497900,33.69832600 134.43500800,33.69787500 134.43506500,33.69759000 134.43530200,33.69725800 134.43551100,33.69704400 134.43595800,33.69672000 134.43666200,33.69616000 134.43714700,33.69579600 134.43742200,33.69544800 134.43755500,33.69502100 134.43750800,33.69445900 134.43686100,33.69299600 134.43645300,33.69240400 134.43617700,33.69223000 134.43582500,33.69208000 134.43450400,33.69177200 134.43362000,33.69156600 134.43313500,33.69151100 134.43273500,33.69134400 134.43226000,33.69101200 134.43168000,33.69062500 134.43078800,33.69032300 134.42975400,33.69002200 134.42936200,33.68991800 134.42900600,33.68988800 134.42859000,33.68995300 134.42805500,33.69003700 134.42772800,33.69005600 134.42743700,33.68994300 134.42722900,33.68981400 134.42659900,33.68919600 134.42610800,33.68854500 134.42578700,33.68824800 134.42554500,33.68799300 134.42520300,33.68774400 134.42485300,33.68755400 134.42439700,33.68739400 134.42399100,33.68726900 134.42339200,33.68716200 134.42287800,33.68715600 134.42250800,33.68716200 134.42212200,33.68713800 134.42198000,33.68712700 134.42202800,33.68688200 134.42163800,33.68639900 134.42139100,33.68612300 134.42128600,33.68599600 134.42068700,33.68602800 134.42059200,33.68554500 134.42061100,33.68482500 134.42060200,33.68378700 134.42085800,33.68315400 134.42129600,33.68230000 134.42156200,33.68168300 134.42177100,33.68098700 134.42185600,33.68047200 134.42181800,33.68017200 134.42179900,33.67897100 134.42170400,33.67805300 134.42159000,33.67722200 134.42141900,33.67658200 134.42092500,33.67585500 134.42038300,33.67504000 134.42015500,33.67447900 134.41987900,33.67380600 134.41946100,33.67289100 134.41903800,33.67163800
			</coordinates>
		</LineString>
	</Placemark>
	<Placemark>
		<name>接続コース</name>
		<description></description>
		<styleUrl>#lineStyle1</styleUrl>
		<LineString>
			<coordinates> 134.59665500,33.81697800 134.59779600,33.81731000 134.59880800,33.81780800 134.59973500,33.81825800 134.60056200,33.81873200 134.60130400,33.81940700 134.60187400,33.81996400 134.60211700,33.82088800 134.60326100,33.82209100 134.60358700,33.82246700
			</coordinates>
		</LineString>
	</Placemark>
	<Placemark>
		<description></description>
		<styleUrl>#lineStyle1</styleUrl>
		<LineString>
			<coordinates> 134.51881200,33.92978100 134.51902300,33.93010100 134.51996400,33.93008900 134.52062000,33.93020700 134.52149000,33.93032600
			</coordinates>
		</LineString>
	</Placemark>
	<Placemark>
		<name>接続コース</name>
		<description></description>
		<styleUrl>#lineStyle1</styleUrl>
		<LineString>
			<coordinates> 134.32850000,33.98669200 134.32865600,33.98642200 134.32898400,33.98617300 134.32939800,33.98586600 134.32961200,33.98559400 134.32971100,33.98542800 134.32964000,33.98501500 134.32972600,33.98489600 134.32994000,33.98487300 134.33041000,33.98487300 134.33046700,33.98464800 134.33062400,33.98400900 134.33073800,33.98366600 134.33071000,33.98282700 134.33071000,33.98257900 134.33055300,33.98217700 134.33055300,33.98199900 134.33065300,33.98186900 134.33139400,33.98145500 134.33149400,33.98121900 134.33148000,33.98097000 134.33136600,33.98081700 134.33098100,33.98063900 134.33095200,33.98052100 134.33093800,33.98037900 134.33128000,33.98008300 134.33197900,33.97991800 134.33266300,33.97974100 134.33303400,33.97955600 134.33320500,33.97933100 134.33319100,33.97877600 134.33322000,33.97843300 134.33327700,33.97831400 134.33369000,33.97825500 134.33481700,33.97822000 134.33538700,33.97818400 134.33551600,33.97810100 134.33558700,33.97798300 134.33538700,33.97768800 134.33545900,33.97742700 134.33563000,33.97706100 134.33530200,33.97651700 134.33530200,33.97632800 134.33538700,33.97618600 134.33548700,33.97603200 134.33598600,33.97576000 134.33730100,33.97517500 134.33763900,33.97496300 134.33767500,33.97472100 134.33763300,33.97430300 134.33765100,33.97408100 134.33771600,33.97388400 134.33779400,33.97381000 134.33796000,33.97380000 134.33828100,33.97394800 134.33854800,33.97397200 134.33881600,33.97381500 134.33954100,33.97303600 134.33975500,33.97256300 134.33985200,33.97229500 134.33980500,33.97205800 134.33971000,33.97188500 134.33945300,33.97173500 134.33916800,33.97161700 134.33894900,33.97161700 134.33858800,33.97176700 134.33842600,33.97179000 134.33836000,33.97171900 134.33836000,33.97155400 134.33858800,33.97104900 134.33851200,33.97079700 134.33840700,33.97069400 134.33807500,33.97060800 134.33774200,33.97052100 134.33754200,33.97037900 134.33758000,33.97012700 134.33799900,33.96988200 134.33849300,33.96970100 134.33935800,33.96955900 134.34010900,33.96950400 134.34061300,33.96952000 134.34176300,33.96972500 134.34234300,33.96796600 134.34332900,33.96823300 134.34359000,33.96826300 134.34382800,33.96825300 134.34424400,33.96814400 134.34481400,33.96793700 134.34551600,33.96766100
			</coordinates>
		</LineString>
	</Placemark>
	<Placemark>
		<name>接続コース</name>
		<description></description>
		<styleUrl>#lineStyle1</styleUrl>
		<LineString>
			<coordinates> 134.35129400,34.13945200 134.35117500,34.14022100 134.35123500,34.14051600 134.35175700,34.14133300 134.35187600,34.14195200 134.35225700,34.14300500 134.35289800,34.14382100 134.35361100,34.14465700 134.35384900,34.14524100 134.35440800,34.14590000 134.35484700,34.14650000 134.35483500,34.14684400 134.35466900,34.14709000 134.35426500,34.14729700
			</coordinates>
		</LineString>
	</Placemark>
	<Placemark>
		<name>接続コース</name>
		<description></description>
		<styleUrl>#lineStyle1</styleUrl>
		<LineString>
			<coordinates> 134.35529800,34.15402100 134.35379500,34.15412300 134.35353800,34.15381600 134.35316700,34.15344600 134.35292000,34.15298200
			</coordinates>
		</LineString>
	</Placemark>
	<Placemark>
		<name>連絡コース</name>
		<description></description>
		<styleUrl>#lineStyle1</styleUrl>
		<LineString>
			<coordinates> 134.47066800,34.14764200 134.47051300,34.14742500 134.47029900,34.14710100 134.46994300,34.14673700 134.46946700,34.14668800 134.46915800,34.14661900 134.46874200,34.14642200 134.46821900,34.14611700 134.46760200,34.14600900 134.46707900,34.14584200 134.46642500,34.14541900 134.46629400,34.14522200 134.46612800,34.14494700 134.46567600,34.14449500 134.46541500,34.14410300 134.46515300,34.14379800 134.46489200,34.14366000 134.46434500,34.14355200 134.46331100,34.14342400 134.46286000,34.14338500 134.46230100,34.14351300 134.46195700,34.14365100 134.46155300,34.14360100 134.46124100,34.14358400 134.46046200,34.14363100 134.45963400,34.14360700 134.45918800,34.14352100 134.45854100,34.14330100 134.45785700,34.14291500 134.45735300,34.14251400 134.45686800,34.14222300 134.45651600,34.14204900 134.45620200,34.14197900 134.45507100,34.14200200 134.45467200,34.14204200 134.45410100,34.14225400 134.45317900,34.14222300 134.45239800,34.14221800 134.45184200,34.14204100 134.45150000,34.14195900 134.45054400,34.14185200 134.45040200,34.14181700 134.45014400,34.14195200 134.44975400,34.14202300 134.44849000,34.14162100 134.44830000,34.14123600 134.44739700,34.14100700 134.44710200,34.14099200 134.44641700,34.14120400 134.44570400,34.14119600 134.44483000,34.14113300
			</coordinates>
		</LineString>
	</Placemark>
	<Placemark>
		<name>連絡コース</name>
		<description></description>
		<styleUrl>#lineStyle1</styleUrl>
		<LineString>
			<coordinates> 134.58805200,34.23018300 134.58663800,34.22994600 134.58594800,34.22976900 134.58556800,34.22975000 134.58487900,34.22965200 134.58445100,34.22965200 134.58407100,34.22978900 134.58359500,34.23012300 134.58338100,34.23061400 134.58333400,34.23114500 134.58312000,34.23124300 134.58240700,34.23163600 134.58202700,34.23204900 134.58176500,34.23257900 134.58145600,34.23273700 134.58105200,34.23265800 134.57884200,34.23151800 134.57751100,34.23081100 134.57689300,34.23061400 134.57660800,34.23037900 134.57644100,34.23018200 134.57634600,34.22986800 134.57613200,34.22933700 134.57420700,34.22809900 134.57377900,34.22780400 134.57339900,34.22743100 134.57335100,34.22725400 134.57358900,34.22692000 134.57366000,34.22635000 134.57351800,34.22591800 134.57335100,34.22564300 134.57358900,34.22513600 134.57385000,34.22472300 134.57451600,34.22468400 134.57494400,34.22466400 134.57534800,34.22417300 134.57539500,34.22387800 134.57515800,34.22348500 134.57499100,34.22321000 134.57513400,34.22307200 134.57551400,34.22279700 134.57551400,34.22250200 134.57558600,34.22226600 134.57568100,34.22195200 134.57558600,34.22155900 134.57527700,34.22122500 134.57496800,34.22089100 134.57449200,34.22063500 134.57399300,34.22045800 134.57370800,34.22043900 134.57299500,34.22112600 134.57277600,34.22130300 134.57227700,34.22124400 134.57187300,34.22128400 134.57170700,34.22146100 134.57156400,34.22181400 134.57146900,34.22214800 134.57137400,34.22240400 134.57113600,34.22262000 134.57085100,34.22267900 134.57023300,34.22246300 134.56949600,34.22234500 134.56873600,34.22234500 134.56811800,34.22205000 134.56569300,34.22071400 134.56531300,34.22059600 134.56424300,34.22045800 134.56091600,34.22028100 134.56005300,34.22024600 134.56026700,34.21992200 134.56036700,34.21973300 134.56063300,34.21954400 134.56089900,34.21896300 134.56084200,34.21872700 134.56101300,34.21801900 134.56105100,34.21792500 134.56105100,34.21756300 134.56114600,34.21737500 134.56156500,34.21726500 134.56173600,34.21707600 134.56167900,34.21671400 134.56148900,34.21625800 134.56145100,34.21600700 134.56160300,34.21570800 134.56177400,34.21547200 134.56169800,34.21515800 134.56162200,34.21489000 134.56150800,34.21454400 134.56135600,34.21423000 134.56133700,34.21408800 134.56126100,34.21380500 134.56126100,34.21350700 134.56129900,34.21327100 134.56050000,34.21295600 134.56046200,34.21272000 134.55945400,34.21223300 134.55920600,34.21226300 134.55896900,34.21216100 134.55835100,34.21199600 134.55812300,34.21187000 134.55795100,34.21175200 134.55789400,34.21146100 134.55779900,34.21104400 134.55760000,34.21077700 134.55696300,34.21035200 134.55675400,34.21019500 134.55665800,34.21009300 134.55635400,34.20966800 134.55586900,34.20956600 134.55558400,34.20944000 134.55539400,34.20920400 134.55525100,34.20907900 134.55513700,34.20900000 134.55489000,34.20896100 134.55449100,34.20896100 134.55427200,34.20892100 134.55413000,34.20885100 134.55405300,34.20874100 134.55405300,34.20855200 134.55413000,34.20830800 134.55405300,34.20820600 134.55316000,34.20765600 134.55308900,34.20750600 134.55299400,34.20690800 134.55288000,34.20672800 134.55283200,34.20651500 134.55283200,34.20614600 134.55273700,34.20588600 134.55268000,34.20571300 134.55271800,34.20552500 134.55279400,34.20542200 134.55284200,34.20521800 134.55278500,34.20455000 134.55306000,34.20403100 134.55315500,34.20381800 134.55316500,34.20367700 134.55311700,34.20357500 134.55294600,34.20350400 134.55287000,34.20336200 134.55287000,34.20324400 134.55292700,34.20309500 134.55306000,34.20302300 134.55326000,34.20277900 134.55333600,34.20254300 134.55332700,34.20214200 134.55347900,34.20175700 134.55359300,34.20115100 134.55365000,34.20075800 134.55361200,34.20054600 134.55358300,34.20042800 134.55368800,34.20023900 134.55379200,34.19997200 134.55387800,34.19972800 134.55388700,34.19955500 134.55392500,34.19932700 134.55394400,34.19917000 134.55385900,34.19909100 134.55370700,34.19906100 134.55357400,34.19901400 134.55352600,34.19892000 134.55354500,34.19884100 134.55361200,34.19878600 134.55377300,34.19877000 134.55400200,34.19872300 134.55401100,34.19842400 134.55400200,34.19825900 134.55384900,34.19812500 134.55368800,34.19785800 134.55362100,34.19773200 134.55369700,34.19762200 134.55383000,34.19749600 134.55381100,34.19740200 134.55371600,34.19736300 134.55361200,34.19736300 134.55353600,34.19755900 134.55342200,34.19765400 134.55338400,34.19774000 134.55346000,34.19784200 134.55358300,34.19800700 134.55363100,34.19822800 134.55365900,34.19833000 134.55365000,34.19837700 134.55353600,34.19838500 134.55344100,34.19834600 134.55345000,34.19823500 134.55346000,34.19808600 134.55346000,34.19798400 134.55328800,34.19792900 134.55318400,34.19789000 134.55308900,34.19780300 134.55308900,34.19768500 134.55326900,34.19753600 134.55332700,34.19745700 134.55337400,34.19716600 134.55339300,34.19696900 134.55345000,34.19686700 134.55370700,34.19657600 134.55371600,34.19636400 134.55369700,34.19617500 134.55377300,34.19596300 134.55429600,34.19605700 134.55447700,34.19607300 134.55453400,34.19602600 134.55455300,34.19593900 134.55453400,34.19584500 134.55431500,34.19582100 134.55418200,34.19579000 134.55404900,34.19570300 134.55391600,34.19560100 134.55372600,34.19533400 134.55351700,34.19520000 134.55327900,34.19503500 134.55296500,34.19471300 134.55244200,34.19422200 134.55210000,34.19409600 134.55198600,34.19368700 134.55204300,34.19341200 134.55200500,34.19314500 134.55194800,34.19290100 134.55199600,34.19275900 134.55229000,34.19242900 134.55231900,34.19233500 134.55215700,34.19208300 134.55213800,34.19196500 134.55221400,34.19186300 134.55237600,34.19166600 134.55249900,34.19138300 134.55250900,34.19113900 134.55243300,34.19082500 134.55246100,34.19069900 134.55262300,34.19051800 134.55272800,34.19036100 134.55275600,34.19016400 134.55266100,34.19006200 134.55252800,34.18996800 134.55242300,34.18958800 134.55237600,34.18935300 134.55222400,34.18910100 134.55219500,34.18897500 134.55226200,34.18871600 134.55226200,34.18859000 134.55215700,34.18842500 134.55202400,34.18781100 134.55208100,34.18743400 134.55215700,34.18700900 134.55226200,34.18684400 134.55222400,34.18624600 134.55224300,34.18597900 134.55213800,34.18579800 134.55210000,34.18565600 134.55216700,34.18552300 134.55246100,34.18539700 134.55271800,34.18526300 134.55278500,34.18515300 134.55280400,34.18494100 134.55274700,34.18481500 134.55255600,34.18479900 134.55216700,34.18479900 134.55182400,34.18456600 134.55134000,34.18419700 134.55095900,34.18393700 134.55063600,34.18377200 134.55028400,34.18362200 134.55018900,34.18349700 134.54993200,34.18256100 134.54977100,34.18223800 134.54945700,34.18201800 134.54898200,34.18109000 134.54871600,34.18059500 134.54850600,34.18043700 134.54836400,34.18012300 134.54830700,34.17987100 134.54833500,34.17957200 134.54835400,34.17939300 134.54812600,34.17877900 134.54781200,34.17848800 134.54757500,34.17833100 134.54710900,34.17819700 134.54689000,34.17791400 134.54658600,34.17773300 134.54632900,34.17758400 134.54626300,34.17745800 134.54634800,34.17702500 134.54595800,34.17666300 134.54522600,34.17631700 134.54487500,34.17620700 134.54454200,34.17612100 134.54440900,34.17588500 134.54405700,34.17583800 134.54360100,34.17564900 134.54317300,34.17538100 134.54292600,34.17519300 134.54267800,34.17485600 134.54243100,34.17431300 134.54246900,34.17384100 134.54249800,34.17326700 134.54225100,34.17252000 134.54190800,34.17207900 134.54169000,34.17171000 134.54162300,34.17151300 134.54125200,34.17083700 134.54112700,34.17058600 134.54095600,34.17002800 134.54085100,34.16928900 134.54077500,34.16838400 134.54080400,34.16777000 134.54079400,34.16739300 134.54069000,34.16688200 134.54090800,34.16644700 134.54104100,34.16589700 134.54102200,34.16558200 134.54125000,34.16485800 134.54125000,34.16419800 134.54144100,34.16344200 134.54176400,34.16282900 134.54197300,34.16259300 134.54199200,34.16227800
			</coordinates>
		</LineString>
	</Placemark>
</Document>
</kml>
