<?xml version="1.0" encoding="UTF-8"?>
<gpx version="1.1" creator="ChizuTaro - http://www.tcg.co.jp" xmlns="http://www.topografix.com/GPX/1/1" xmlns:xsi="http://www.w3.org/2001/XMLSchema-instance" xsi:schemaLocation="http://www.topografix.com/GPX/1/1 http://www.topografix.com/GPX/1/1/gpx.xsd">
 <rte>
  <name>SHIKOKU_TKS_01(渦潮の見えるみち)</name>
   <rtept lat="34.23897800" lon="134.64326200">
   </rtept>
   <rtept lat="34.23879700" lon="134.64320500">
   </rtept>
   <rtept lat="34.23845100" lon="134.64320500">
   </rtept>
   <rtept lat="34.23827800" lon="134.64307200">
   </rtept>
   <rtept lat="34.23809000" lon="134.64294800">
   </rtept>
   <rtept lat="34.23802700" lon="134.64273000">
   </rtept>
   <rtept lat="34.23787000" lon="134.64258700">
   </rtept>
   <rtept lat="34.23773600" lon="134.64221600">
   </rtept>
   <rtept lat="34.23760200" lon="134.64183600">
   </rtept>
   <rtept lat="34.23750800" lon="134.64158900">
   </rtept>
   <rtept lat="34.23741400" lon="134.64134100">
   </rtept>
   <rtept lat="34.23731900" lon="134.64116100">
   </rtept>
   <rtept lat="34.23721700" lon="134.64105600">
   </rtept>
   <rtept lat="34.23739000" lon="134.64090400">
   </rtept>
   <rtept lat="34.23733500" lon="134.64079000">
   </rtept>
   <rtept lat="34.23715400" lon="134.64075200">
   </rtept>
   <rtept lat="34.23709100" lon="134.64060900">
   </rtept>
   <rtept lat="34.23704400" lon="134.64042900">
   </rtept>
   <rtept lat="34.23689500" lon="134.64032400">
   </rtept>
   <rtept lat="34.23671400" lon="134.64033400">
   </rtept>
   <rtept lat="34.23654100" lon="134.64050500">
   </rtept>
   <rtept lat="34.23630600" lon="134.64046700">
   </rtept>
   <rtept lat="34.23605400" lon="134.64043800">
   </rtept>
   <rtept lat="34.23588900" lon="134.64041900">
   </rtept>
   <rtept lat="34.23571600" lon="134.64022900">
   </rtept>
   <rtept lat="34.23552000" lon="134.64034300">
   </rtept>
   <rtept lat="34.23525200" lon="134.64047600">
   </rtept>
   <rtept lat="34.23478900" lon="134.64035300">
   </rtept>
   <rtept lat="34.23456800" lon="134.64026700">
   </rtept>
   <rtept lat="34.23449000" lon="134.64022000">
   </rtept>
   <rtept lat="34.23405400" lon="134.64025800">
   </rtept>
   <rtept lat="34.23374000" lon="134.64011500">
   </rtept>
   <rtept lat="34.23350400" lon="134.64001000">
   </rtept>
   <rtept lat="34.23327600" lon="134.63992500">
   </rtept>
   <rtept lat="34.23318200" lon="134.63979200">
   </rtept>
   <rtept lat="34.23319000" lon="134.63946900">
   </rtept>
   <rtept lat="34.23295400" lon="134.63939200">
   </rtept>
   <rtept lat="34.23280500" lon="134.63914500">
   </rtept>
   <rtept lat="34.23264000" lon="134.63888900">
   </rtept>
   <rtept lat="34.23253000" lon="134.63860300">
   </rtept>
   <rtept lat="34.23239600" lon="134.63839400">
   </rtept>
   <rtept lat="34.23205800" lon="134.63810000">
   </rtept>
   <rtept lat="34.23187700" lon="134.63794700">
   </rtept>
   <rtept lat="34.23184600" lon="134.63762400">
   </rtept>
   <rtept lat="34.23150000" lon="134.63776700">
   </rtept>
   <rtept lat="34.23135800" lon="134.63790900">
   </rtept>
   <rtept lat="34.23121700" lon="134.63793800">
   </rtept>
   <rtept lat="34.23107500" lon="134.63781400">
   </rtept>
   <rtept lat="34.23095800" lon="134.63777600">
   </rtept>
   <rtept lat="34.23094200" lon="134.63765300">
   </rtept>
   <rtept lat="34.23091800" lon="134.63757700">
   </rtept>
   <rtept lat="34.23073000" lon="134.63767200">
   </rtept>
   <rtept lat="34.23055700" lon="134.63775700">
   </rtept>
   <rtept lat="34.23027400" lon="134.63774800">
   </rtept>
   <rtept lat="34.23012400" lon="134.63761500">
   </rtept>
   <rtept lat="34.22978800" lon="134.63732200">
   </rtept>
   <rtept lat="34.22946300" lon="134.63683500">
   </rtept>
   <rtept lat="34.22935500" lon="134.63664500">
   </rtept>
   <rtept lat="34.22896200" lon="134.63612200">
   </rtept>
   <rtept lat="34.22841200" lon="134.63514700">
   </rtept>
   <rtept lat="34.22841200" lon="134.63489800">
   </rtept>
   <rtept lat="34.22781300" lon="134.63346000">
   </rtept>
   <rtept lat="34.22748800" lon="134.63267500">
   </rtept>
   <rtept lat="34.22712500" lon="134.63153400">
   </rtept>
   <rtept lat="34.22691900" lon="134.63134400">
   </rtept>
   <rtept lat="34.22650600" lon="134.63105900">
   </rtept>
   <rtept lat="34.22611300" lon="134.63075000">
   </rtept>
   <rtept lat="34.22572000" lon="134.63038200">
   </rtept>
   <rtept lat="34.22557200" lon="134.63002500">
   </rtept>
   <rtept lat="34.22550400" lon="134.62989400">
   </rtept>
   <rtept lat="34.22526800" lon="134.63003700">
   </rtept>
   <rtept lat="34.22509100" lon="134.62956200">
   </rtept>
   <rtept lat="34.22527800" lon="134.62914600">
   </rtept>
   <rtept lat="34.22551300" lon="134.62856300">
   </rtept>
   <rtept lat="34.22553300" lon="134.62841800">
   </rtept>
   <rtept lat="34.22478600" lon="134.62806200">
   </rtept>
   <rtept lat="34.22444200" lon="134.62789600">
   </rtept>
   <rtept lat="34.22461900" lon="134.62763500">
   </rtept>
   <rtept lat="34.22479800" lon="134.62750000">
   </rtept>
   <rtept lat="34.22483000" lon="134.62722900">
   </rtept>
   <rtept lat="34.22475900" lon="134.62669000">
   </rtept>
   <rtept lat="34.22474800" lon="134.62645800">
   </rtept>
   <rtept lat="34.22470200" lon="134.62626800">
   </rtept>
   <rtept lat="34.22457800" lon="134.62523600">
   </rtept>
   <rtept lat="34.22458300" lon="134.62519200">
   </rtept>
   <rtept lat="34.22463500" lon="134.62511900">
   </rtept>
   <rtept lat="34.22474400" lon="134.62502600">
   </rtept>
   <rtept lat="34.22475500" lon="134.62493600">
   </rtept>
   <rtept lat="34.22426300" lon="134.62404300">
   </rtept>
   <rtept lat="34.22408400" lon="134.62377300">
   </rtept>
   <rtept lat="34.22402200" lon="134.62358300">
   </rtept>
   <rtept lat="34.22395300" lon="134.62352100">
   </rtept>
   <rtept lat="34.22395300" lon="134.62346400">
   </rtept>
   <rtept lat="34.22386700" lon="134.62344000">
   </rtept>
   <rtept lat="34.22381300" lon="134.62337600">
   </rtept>
   <rtept lat="34.22380300" lon="134.62329300">
   </rtept>
   <rtept lat="34.22374600" lon="134.62318600">
   </rtept>
   <rtept lat="34.22373900" lon="134.62311200">
   </rtept>
   <rtept lat="34.22367700" lon="134.62291700">
   </rtept>
   <rtept lat="34.22370100" lon="134.62286900">
   </rtept>
   <rtept lat="34.22377000" lon="134.62276900">
   </rtept>
   <rtept lat="34.22374600" lon="134.62266500">
   </rtept>
   <rtept lat="34.22376900" lon="134.62255400">
   </rtept>
   <rtept lat="34.22380700" lon="134.62245100">
   </rtept>
   <rtept lat="34.22372700" lon="134.62233700">
   </rtept>
   <rtept lat="34.22366200" lon="134.62221200">
   </rtept>
   <rtept lat="34.22362000" lon="134.62215800">
   </rtept>
   <rtept lat="34.22359000" lon="134.62210900">
   </rtept>
   <rtept lat="34.22359400" lon="134.62199200">
   </rtept>
   <rtept lat="34.22356700" lon="134.62191900">
   </rtept>
   <rtept lat="34.22356500" lon="134.62186000">
   </rtept>
   <rtept lat="34.22360700" lon="134.62169000">
   </rtept>
   <rtept lat="34.22360800" lon="134.62151300">
   </rtept>
   <rtept lat="34.22362100" lon="134.62148600">
   </rtept>
   <rtept lat="34.22358900" lon="134.62137800">
   </rtept>
   <rtept lat="34.22358900" lon="134.62130400">
   </rtept>
   <rtept lat="34.22360900" lon="134.62124900">
   </rtept>
   <rtept lat="34.22367100" lon="134.62122500">
   </rtept>
   <rtept lat="34.22374200" lon="134.62117100">
   </rtept>
   <rtept lat="34.22378000" lon="134.62108900">
   </rtept>
   <rtept lat="34.22389800" lon="134.62102800">
   </rtept>
   <rtept lat="34.22402200" lon="134.62103200">
   </rtept>
   <rtept lat="34.22412100" lon="134.62105500">
   </rtept>
   <rtept lat="34.22418400" lon="134.62106600">
   </rtept>
   <rtept lat="34.22420700" lon="134.62101300">
   </rtept>
   <rtept lat="34.22417300" lon="134.62076200">
   </rtept>
   <rtept lat="34.22417500" lon="134.62055800">
   </rtept>
   <rtept lat="34.22419400" lon="134.62041000">
   </rtept>
   <rtept lat="34.22428100" lon="134.62021600">
   </rtept>
   <rtept lat="34.22439400" lon="134.62009800">
   </rtept>
   <rtept lat="34.22444900" lon="134.61995900">
   </rtept>
   <rtept lat="34.22464200" lon="134.61988600">
   </rtept>
   <rtept lat="34.22470200" lon="134.61989100">
   </rtept>
   <rtept lat="34.22476000" lon="134.61991600">
   </rtept>
   <rtept lat="34.22485600" lon="134.62009200">
   </rtept>
   <rtept lat="34.22489700" lon="134.62022700">
   </rtept>
   <rtept lat="34.22490800" lon="134.62056300">
   </rtept>
   <rtept lat="34.22491700" lon="134.62057500">
   </rtept>
   <rtept lat="34.22495900" lon="134.62057800">
   </rtept>
   <rtept lat="34.22508300" lon="134.62044100">
   </rtept>
   <rtept lat="34.22520300" lon="134.62036300">
   </rtept>
   <rtept lat="34.22532200" lon="134.62036300">
   </rtept>
   <rtept lat="34.22559300" lon="134.62050600">
   </rtept>
   <rtept lat="34.22563600" lon="134.62057500">
   </rtept>
   <rtept lat="34.22568100" lon="134.62057200">
   </rtept>
   <rtept lat="34.22574100" lon="134.62047500">
   </rtept>
   <rtept lat="34.22583800" lon="134.62048000">
   </rtept>
   <rtept lat="34.22594600" lon="134.62042200">
   </rtept>
   <rtept lat="34.22607600" lon="134.62043700">
   </rtept>
   <rtept lat="34.22615000" lon="134.62033000">
   </rtept>
   <rtept lat="34.22635400" lon="134.62017800">
   </rtept>
   <rtept lat="34.22684200" lon="134.62012100">
   </rtept>
   <rtept lat="34.22715600" lon="134.62008300">
   </rtept>
   <rtept lat="34.22748600" lon="134.61957000">
   </rtept>
   <rtept lat="34.22767500" lon="134.61953200">
   </rtept>
   <rtept lat="34.22791100" lon="134.61949400">
   </rtept>
   <rtept lat="34.22809200" lon="134.61935100">
   </rtept>
   <rtept lat="34.22831200" lon="134.61929400">
   </rtept>
   <rtept lat="34.22868100" lon="134.61938900">
   </rtept>
   <rtept lat="34.22946700" lon="134.61905600">
   </rtept>
   <rtept lat="34.23001800" lon="134.61884700">
   </rtept>
   <rtept lat="34.23018300" lon="134.61860900">
   </rtept>
   <rtept lat="34.23021400" lon="134.61849500">
   </rtept>
   <rtept lat="34.23041800" lon="134.61851400">
   </rtept>
   <rtept lat="34.23059900" lon="134.61849500">
   </rtept>
   <rtept lat="34.23069400" lon="134.61841900">
   </rtept>
   <rtept lat="34.23074900" lon="134.61821000">
   </rtept>
   <rtept lat="34.23082700" lon="134.61790600">
   </rtept>
   <rtept lat="34.23090600" lon="134.61773500">
   </rtept>
   <rtept lat="34.23095300" lon="134.61741100">
   </rtept>
   <rtept lat="34.23117300" lon="134.61721200">
   </rtept>
   <rtept lat="34.23143200" lon="134.61712600">
   </rtept>
   <rtept lat="34.23173900" lon="134.61709800">
   </rtept>
   <rtept lat="34.23243800" lon="134.61676500">
   </rtept>
   <rtept lat="34.23336100" lon="134.61623300">
   </rtept>
   <rtept lat="34.23419400" lon="134.61596600">
   </rtept>
   <rtept lat="34.23441500" lon="134.61588100">
   </rtept>
   <rtept lat="34.23474500" lon="134.61544300">
   </rtept>
   <rtept lat="34.23482000" lon="134.61526100">
   </rtept>
   <rtept lat="34.23493800" lon="134.61504700">
   </rtept>
   <rtept lat="34.23512700" lon="134.61493300">
   </rtept>
   <rtept lat="34.23529200" lon="134.61497600">
   </rtept>
   <rtept lat="34.23546900" lon="134.61506100">
   </rtept>
   <rtept lat="34.23570400" lon="134.61494700">
   </rtept>
   <rtept lat="34.23584600" lon="134.61467600">
   </rtept>
   <rtept lat="34.23595200" lon="134.61450500">
   </rtept>
   <rtept lat="34.23620000" lon="134.61429100">
   </rtept>
   <rtept lat="34.23625800" lon="134.61436300">
   </rtept>
   <rtept lat="34.23623500" lon="134.61476200">
   </rtept>
   <rtept lat="34.23636500" lon="134.61497600">
   </rtept>
   <rtept lat="34.23643500" lon="134.61517500">
   </rtept>
   <rtept lat="34.23630600" lon="134.61531800">
   </rtept>
   <rtept lat="34.23618800" lon="134.61546100">
   </rtept>
   <rtept lat="34.23620000" lon="134.61557500">
   </rtept>
   <rtept lat="34.23667100" lon="134.61561700">
   </rtept>
   <rtept lat="34.23686000" lon="134.61568900">
   </rtept>
   <rtept lat="34.23717800" lon="134.61560300">
   </rtept>
   <rtept lat="34.23740200" lon="134.61561700">
   </rtept>
   <rtept lat="34.23746100" lon="134.61556000">
   </rtept>
   <rtept lat="34.23782600" lon="134.61587400">
   </rtept>
   <rtept lat="34.23803900" lon="134.61584600">
   </rtept>
   <rtept lat="34.23820400" lon="134.61581700">
   </rtept>
   <rtept lat="34.23834500" lon="134.61557500">
   </rtept>
   <rtept lat="34.23853400" lon="134.61553200">
   </rtept>
   <rtept lat="34.23894600" lon="134.61571700">
   </rtept>
   <rtept lat="34.23908800" lon="134.61580300">
   </rtept>
   <rtept lat="34.23932400" lon="134.61577400">
   </rtept>
   <rtept lat="34.23953600" lon="134.61580300">
   </rtept>
   <rtept lat="34.23964200" lon="134.61587400">
   </rtept>
   <rtept lat="34.23983100" lon="134.61584600">
   </rtept>
   <rtept lat="34.23992500" lon="134.61571700">
   </rtept>
   <rtept lat="34.23997200" lon="134.61537500">
   </rtept>
   <rtept lat="34.24005500" lon="134.61489000">
   </rtept>
   <rtept lat="34.24022000" lon="134.61479000">
   </rtept>
   <rtept lat="34.24065600" lon="134.61453400">
   </rtept>
   <rtept lat="34.24079700" lon="134.61459100">
   </rtept>
   <rtept lat="34.24104500" lon="134.61487600">
   </rtept>
   <rtept lat="34.24130400" lon="134.61501900">
   </rtept>
   <rtept lat="34.24150500" lon="134.61509000">
   </rtept>
   <rtept lat="34.24169300" lon="134.61527500">
   </rtept>
   <rtept lat="34.24190600" lon="134.61537500">
   </rtept>
   <rtept lat="34.24214100" lon="134.61538900">
   </rtept>
   <rtept lat="34.24240300" lon="134.61530400">
   </rtept>
   <rtept lat="34.24281600" lon="134.61558900">
   </rtept>
   <rtept lat="34.24299200" lon="134.61576000">
   </rtept>
   <rtept lat="34.24302800" lon="134.61597400">
   </rtept>
   <rtept lat="34.24295700" lon="134.61644500">
   </rtept>
   <rtept lat="34.24291000" lon="134.61675800">
   </rtept>
   <rtept lat="34.24294500" lon="134.61710100">
   </rtept>
   <rtept lat="34.24304000" lon="134.61744300">
   </rtept>
   <rtept lat="34.24322800" lon="134.61764200">
   </rtept>
   <rtept lat="34.24349900" lon="134.61772800">
   </rtept>
   <rtept lat="34.24374700" lon="134.61779900">
   </rtept>
   <rtept lat="34.24395900" lon="134.61782800">
   </rtept>
   <rtept lat="34.24416000" lon="134.61774200">
   </rtept>
   <rtept lat="34.24424200" lon="134.61744300">
   </rtept>
   <rtept lat="34.24437200" lon="134.61711500">
   </rtept>
   <rtept lat="34.24451300" lon="134.61690100">
   </rtept>
   <rtept lat="34.24473700" lon="134.61685800">
   </rtept>
   <rtept lat="34.24482000" lon="134.61681500">
   </rtept>
   <rtept lat="34.24494900" lon="134.61658700">
   </rtept>
   <rtept lat="34.24523200" lon="134.61638800">
   </rtept>
   <rtept lat="34.24550300" lon="134.61624500">
   </rtept>
   <rtept lat="34.24609300" lon="134.61620200">
   </rtept>
   <rtept lat="34.24651700" lon="134.61611700">
   </rtept>
   <rtept lat="34.24683600" lon="134.61596000">
   </rtept>
   <rtept lat="34.24711800" lon="134.61583100">
   </rtept>
   <rtept lat="34.24733100" lon="134.61571700">
   </rtept>
   <rtept lat="34.24767300" lon="134.61568900">
   </rtept>
   <rtept lat="34.24800300" lon="134.61573200">
   </rtept>
   <rtept lat="34.24810900" lon="134.61578900">
   </rtept>
   <rtept lat="34.24828600" lon="134.61573200">
   </rtept>
   <rtept lat="34.24845100" lon="134.61557500">
   </rtept>
   <rtept lat="34.24868600" lon="134.61534600">
   </rtept>
   <rtept lat="34.24888700" lon="134.61519000">
   </rtept>
   <rtept lat="34.24919300" lon="134.61500400">
   </rtept>
   <rtept lat="34.24944100" lon="134.61491900">
   </rtept>
   <rtept lat="34.24973500" lon="134.61480500">
   </rtept>
   <rtept lat="34.24984400" lon="134.61474800">
   </rtept>
   <rtept lat="34.25009100" lon="134.61439100">
   </rtept>
   <rtept lat="34.25035100" lon="134.61392000">
   </rtept>
   <rtept lat="34.25045700" lon="134.61360700">
   </rtept>
   <rtept lat="34.25050400" lon="134.61309300">
   </rtept>
   <rtept lat="34.25050400" lon="134.61290800">
   </rtept>
   <rtept lat="34.25039800" lon="134.61262300">
   </rtept>
   <rtept lat="34.25030400" lon="134.61238000">
   </rtept>
   <rtept lat="34.25019800" lon="134.61173900">
   </rtept>
   <rtept lat="34.25009100" lon="134.61119700">
   </rtept>
   <rtept lat="34.25018600" lon="134.61079700">
   </rtept>
   <rtept lat="34.25017400" lon="134.61034100">
   </rtept>
   <rtept lat="34.25019800" lon="134.61006800">
   </rtept>
   <rtept lat="34.24955300" lon="134.60942200">
   </rtept>
   <rtept lat="34.24909800" lon="134.60888900">
   </rtept>
   <rtept lat="34.24881500" lon="134.60843300">
   </rtept>
   <rtept lat="34.24848500" lon="134.60797700">
   </rtept>
   <rtept lat="34.24823300" lon="134.60772900">
   </rtept>
   <rtept lat="34.24780900" lon="134.60752000">
   </rtept>
   <rtept lat="34.24744700" lon="134.60733000">
   </rtept>
   <rtept lat="34.24710200" lon="134.60696900">
   </rtept>
   <rtept lat="34.24696000" lon="134.60637900">
   </rtept>
   <rtept lat="34.24688100" lon="134.60561900">
   </rtept>
   <rtept lat="34.24677100" lon="134.60541000">
   </rtept>
   <rtept lat="34.24647300" lon="134.60529600">
   </rtept>
   <rtept lat="34.24600100" lon="134.60510500">
   </rtept>
   <rtept lat="34.24564000" lon="134.60470600">
   </rtept>
   <rtept lat="34.24537300" lon="134.60438300">
   </rtept>
   <rtept lat="34.24476000" lon="134.60388900">
   </rtept>
   <rtept lat="34.24457200" lon="134.60377500">
   </rtept>
   <rtept lat="34.24490600" lon="134.60284800">
   </rtept>
   <rtept lat="34.24479800" lon="134.60276500">
   </rtept>
   <rtept lat="34.24454300" lon="134.60274100">
   </rtept>
   <rtept lat="34.24434600" lon="134.60267000">
   </rtept>
   <rtept lat="34.24426800" lon="134.60256300">
   </rtept>
   <rtept lat="34.24419900" lon="134.60248000">
   </rtept>
   <rtept lat="34.24405100" lon="134.60244400">
   </rtept>
   <rtept lat="34.24388400" lon="134.60238500">
   </rtept>
   <rtept lat="34.24348200" lon="134.60208800">
   </rtept>
   <rtept lat="34.24324600" lon="134.60186200">
   </rtept>
   <rtept lat="34.24297100" lon="134.60133900">
   </rtept>
   <rtept lat="34.24292200" lon="134.60126800">
   </rtept>
   <rtept lat="34.24269600" lon="134.60117200">
   </rtept>
   <rtept lat="34.24247000" lon="134.60111300">
   </rtept>
   <rtept lat="34.24252900" lon="134.60095900">
   </rtept>
   <rtept lat="34.24264700" lon="134.60092300">
   </rtept>
   <rtept lat="34.24283300" lon="134.60087500">
   </rtept>
   <rtept lat="34.24289200" lon="134.60082800">
   </rtept>
   <rtept lat="34.24295100" lon="134.60061400">
   </rtept>
   <rtept lat="34.24291200" lon="134.60034100">
   </rtept>
   <rtept lat="34.24291200" lon="134.60012700">
   </rtept>
   <rtept lat="34.24300000" lon="134.59981800">
   </rtept>
   <rtept lat="34.24316700" lon="134.59947300">
   </rtept>
   <rtept lat="34.24342300" lon="134.59911700">
   </rtept>
   <rtept lat="34.24363900" lon="134.59890300">
   </rtept>
   <rtept lat="34.24376700" lon="134.59873600">
   </rtept>
   <rtept lat="34.24377600" lon="134.59857000">
   </rtept>
   <rtept lat="34.24365800" lon="134.59821300">
   </rtept>
   <rtept lat="34.24346200" lon="134.59785700">
   </rtept>
   <rtept lat="34.24331500" lon="134.59753600">
   </rtept>
   <rtept lat="34.24329500" lon="134.59729800">
   </rtept>
   <rtept lat="34.24334400" lon="134.59704900">
   </rtept>
   <rtept lat="34.24329500" lon="134.59682300">
   </rtept>
   <rtept lat="34.24308900" lon="134.59671600">
   </rtept>
   <rtept lat="34.24300000" lon="134.59649000">
   </rtept>
   <rtept lat="34.24288200" lon="134.59621700">
   </rtept>
   <rtept lat="34.24285300" lon="134.59608600">
   </rtept>
   <rtept lat="34.24274500" lon="134.59599100">
   </rtept>
   <rtept lat="34.24268600" lon="134.59571800">
   </rtept>
   <rtept lat="34.24255800" lon="134.59563500">
   </rtept>
   <rtept lat="34.24250900" lon="134.59544400">
   </rtept>
   <rtept lat="34.24245000" lon="134.59543300">
   </rtept>
   <rtept lat="34.24242100" lon="134.59513500">
   </rtept>
   <rtept lat="34.24239100" lon="134.59499300">
   </rtept>
   <rtept lat="34.24234200" lon="134.59488600">
   </rtept>
   <rtept lat="34.24235200" lon="134.59480300">
   </rtept>
   <rtept lat="34.24229600" lon="134.59468300">
   </rtept>
   <rtept lat="34.24211900" lon="134.59451600">
   </rtept>
   <rtept lat="34.24182400" lon="134.59448100">
   </rtept>
   <rtept lat="34.24162800" lon="134.59430200">
   </rtept>
   <rtept lat="34.24147100" lon="134.59414800">
   </rtept>
   <rtept lat="34.24130400" lon="134.59404100">
   </rtept>
   <rtept lat="34.24117600" lon="134.59400500">
   </rtept>
   <rtept lat="34.24112700" lon="134.59386300">
   </rtept>
   <rtept lat="34.24097000" lon="134.59381500">
   </rtept>
   <rtept lat="34.24080300" lon="134.59369600">
   </rtept>
   <rtept lat="34.24068500" lon="134.59373200">
   </rtept>
   <rtept lat="34.24055700" lon="134.59379100">
   </rtept>
   <rtept lat="34.24037000" lon="134.59381500">
   </rtept>
   <rtept lat="34.24016400" lon="134.59397000">
   </rtept>
   <rtept lat="34.23993800" lon="134.59411200">
   </rtept>
   <rtept lat="34.23959400" lon="134.59414800">
   </rtept>
   <rtept lat="34.23934900" lon="134.59410000">
   </rtept>
   <rtept lat="34.23909300" lon="134.59397000">
   </rtept>
   <rtept lat="34.23897500" lon="134.59392200">
   </rtept>
   <rtept lat="34.23890600" lon="134.59381500">
   </rtept>
   <rtept lat="34.23873900" lon="134.59377900">
   </rtept>
   <rtept lat="34.23864100" lon="134.59369600">
   </rtept>
   <rtept lat="34.23851300" lon="134.59363700">
   </rtept>
   <rtept lat="34.23835600" lon="134.59356500">
   </rtept>
   <rtept lat="34.23830700" lon="134.59351800">
   </rtept>
   <rtept lat="34.23810100" lon="134.59345900">
   </rtept>
   <rtept lat="34.23803200" lon="134.59339900">
   </rtept>
   <rtept lat="34.23794400" lon="134.59334000">
   </rtept>
   <rtept lat="34.23783600" lon="134.59341100">
   </rtept>
   <rtept lat="34.23762900" lon="134.59368400">
   </rtept>
   <rtept lat="34.23756900" lon="134.59372900">
   </rtept>
   <rtept lat="34.23741900" lon="134.59372000">
   </rtept>
   <rtept lat="34.23729400" lon="134.59379600">
   </rtept>
   <rtept lat="34.23710500" lon="134.59391000">
   </rtept>
   <rtept lat="34.23688500" lon="134.59398600">
   </rtept>
   <rtept lat="34.23672000" lon="134.59410000">
   </rtept>
   <rtept lat="34.23657800" lon="134.59419500">
   </rtept>
   <rtept lat="34.23641300" lon="134.59425200">
   </rtept>
   <rtept lat="34.23617000" lon="134.59416700">
   </rtept>
   <rtept lat="34.23598900" lon="134.59398600">
   </rtept>
   <rtept lat="34.23586300" lon="134.59384300">
   </rtept>
   <rtept lat="34.23573700" lon="134.59376700">
   </rtept>
   <rtept lat="34.23554100" lon="134.59373900">
   </rtept>
   <rtept lat="34.23539200" lon="134.59369100">
   </rtept>
   <rtept lat="34.23528900" lon="134.59352000">
   </rtept>
   <rtept lat="34.23520300" lon="134.59324400">
   </rtept>
   <rtept lat="34.23510900" lon="134.59317800">
   </rtept>
   <rtept lat="34.23498300" lon="134.59313000">
   </rtept>
   <rtept lat="34.23473900" lon="134.59320600">
   </rtept>
   <rtept lat="34.23461300" lon="134.59315900">
   </rtept>
   <rtept lat="34.23446400" lon="134.59296900">
   </rtept>
   <rtept lat="34.23426800" lon="134.59270300">
   </rtept>
   <rtept lat="34.23418100" lon="134.59258800">
   </rtept>
   <rtept lat="34.23400800" lon="134.59247400">
   </rtept>
   <rtept lat="34.23383500" lon="134.59242700">
   </rtept>
   <rtept lat="34.23366200" lon="134.59249300">
   </rtept>
   <rtept lat="34.23352100" lon="134.59245500">
   </rtept>
   <rtept lat="34.23341100" lon="134.59225600">
   </rtept>
   <rtept lat="34.23333200" lon="134.59209400">
   </rtept>
   <rtept lat="34.23318300" lon="134.59195100">
   </rtept>
   <rtept lat="34.23302200" lon="134.59183100">
   </rtept>
   <rtept lat="34.23298300" lon="134.59173600">
   </rtept>
   <rtept lat="34.23284500" lon="134.59160500">
   </rtept>
   <rtept lat="34.23266900" lon="134.59154600">
   </rtept>
   <rtept lat="34.23271800" lon="134.59133200">
   </rtept>
   <rtept lat="34.23279600" lon="134.59115400">
   </rtept>
   <rtept lat="34.23288500" lon="134.59101100">
   </rtept>
   <rtept lat="34.23295400" lon="134.59089200">
   </rtept>
   <rtept lat="34.23289500" lon="134.59082100">
   </rtept>
   <rtept lat="34.23280600" lon="134.59088000">
   </rtept>
   <rtept lat="34.23272800" lon="134.59090400">
   </rtept>
   <rtept lat="34.23258000" lon="134.59090400">
   </rtept>
   <rtept lat="34.23250200" lon="134.59080900">
   </rtept>
   <rtept lat="34.23245200" lon="134.59073800">
   </rtept>
   <rtept lat="34.23229500" lon="134.59073800">
   </rtept>
   <rtept lat="34.23235400" lon="134.59060700">
   </rtept>
   <rtept lat="34.23242300" lon="134.59051200">
   </rtept>
   <rtept lat="34.23246200" lon="134.59046400">
   </rtept>
   <rtept lat="34.23238400" lon="134.59028600">
   </rtept>
   <rtept lat="34.23216700" lon="134.59036900">
   </rtept>
   <rtept lat="34.23206900" lon="134.59039300">
   </rtept>
   <rtept lat="34.23203000" lon="134.59039300">
   </rtept>
   <rtept lat="34.23199100" lon="134.59031000">
   </rtept>
   <rtept lat="34.23201000" lon="134.59022700">
   </rtept>
   <rtept lat="34.23212800" lon="134.59004800">
   </rtept>
   <rtept lat="34.23256000" lon="134.58962100">
   </rtept>
   <rtept lat="34.23258000" lon="134.58946600">
   </rtept>
   <rtept lat="34.23259000" lon="134.58913300">
   </rtept>
   <rtept lat="34.23255100" lon="134.58896700">
   </rtept>
   <rtept lat="34.23246200" lon="134.58878900">
   </rtept>
   <rtept lat="34.23232500" lon="134.58865800">
   </rtept>
   <rtept lat="34.23216700" lon="134.58863400">
   </rtept>
   <rtept lat="34.23210900" lon="134.58872900">
   </rtept>
   <rtept lat="34.23203000" lon="134.58890700">
   </rtept>
   <rtept lat="34.23179400" lon="134.58912100">
   </rtept>
   <rtept lat="34.23168600" lon="134.58921600">
   </rtept>
   <rtept lat="34.23150900" lon="134.58927600">
   </rtept>
   <rtept lat="34.23131300" lon="134.58926400">
   </rtept>
   <rtept lat="34.23115500" lon="134.58931200">
   </rtept>
   <rtept lat="34.23091000" lon="134.58956100">
   </rtept>
   <rtept lat="34.23075300" lon="134.58970400">
   </rtept>
   <rtept lat="34.23048700" lon="134.58971600">
   </rtept>
   <rtept lat="34.23018300" lon="134.58805200">
   </rtept>
 </rte>
 <rte>
  <name>SHIKOKU_TKS_02(大麻山探勝のみち)</name>
   <rtept lat="34.15890400" lon="134.50239100">
   </rtept>
   <rtept lat="34.15901400" lon="134.50239000">
   </rtept>
   <rtept lat="34.15912200" lon="134.50214000">
   </rtept>
   <rtept lat="34.16028200" lon="134.50229500">
   </rtept>
   <rtept lat="34.16058700" lon="134.50225900">
   </rtept>
   <rtept lat="34.16117700" lon="134.50235400">
   </rtept>
   <rtept lat="34.16180600" lon="134.50236600">
   </rtept>
   <rtept lat="34.16210100" lon="134.50234200">
   </rtept>
   <rtept lat="34.16329100" lon="134.50254400">
   </rtept>
   <rtept lat="34.16395000" lon="134.50265100">
   </rtept>
   <rtept lat="34.16442600" lon="134.50266300">
   </rtept>
   <rtept lat="34.16589100" lon="134.50268700">
   </rtept>
   <rtept lat="34.16659900" lon="134.50262700">
   </rtept>
   <rtept lat="34.16744500" lon="134.50240200">
   </rtept>
   <rtept lat="34.16796600" lon="134.50225900">
   </rtept>
   <rtept lat="34.16821200" lon="134.50220000">
   </rtept>
   <rtept lat="34.16848700" lon="134.50217600">
   </rtept>
   <rtept lat="34.16883100" lon="134.50221200">
   </rtept>
   <rtept lat="34.16952300" lon="134.50239000">
   </rtept>
   <rtept lat="34.16979900" lon="134.50272300">
   </rtept>
   <rtept lat="34.17023100" lon="134.50299600">
   </rtept>
   <rtept lat="34.17087000" lon="134.50318600">
   </rtept>
   <rtept lat="34.17128300" lon="134.50313800">
   </rtept>
   <rtept lat="34.17147000" lon="134.50305500">
   </rtept>
   <rtept lat="34.17181400" lon="134.50315000">
   </rtept>
   <rtept lat="34.17211100" lon="134.50315000">
   </rtept>
   <rtept lat="34.17232800" lon="134.50267500">
   </rtept>
   <rtept lat="34.17243600" lon="134.50244900">
   </rtept>
   <rtept lat="34.17253000" lon="134.50225900">
   </rtept>
   <rtept lat="34.17294700" lon="134.50244000">
   </rtept>
   <rtept lat="34.17341900" lon="134.50277200">
   </rtept>
   <rtept lat="34.17343500" lon="134.50331400">
   </rtept>
   <rtept lat="34.17397000" lon="134.50330500">
   </rtept>
   <rtept lat="34.17420600" lon="134.50338100">
   </rtept>
   <rtept lat="34.17422900" lon="134.50330500">
   </rtept>
   <rtept lat="34.17434700" lon="134.50326700">
   </rtept>
   <rtept lat="34.17447300" lon="134.50323800">
   </rtept>
   <rtept lat="34.17452800" lon="134.50308600">
   </rtept>
   <rtept lat="34.17462200" lon="134.50306700">
   </rtept>
   <rtept lat="34.17463800" lon="134.50302900">
   </rtept>
   <rtept lat="34.17482700" lon="134.50303900">
   </rtept>
   <rtept lat="34.17493700" lon="134.50296300">
   </rtept>
   <rtept lat="34.17502400" lon="134.50304800">
   </rtept>
   <rtept lat="34.17516500" lon="134.50304800">
   </rtept>
   <rtept lat="34.17530700" lon="134.50298200">
   </rtept>
   <rtept lat="34.17554700" lon="134.50294400">
   </rtept>
   <rtept lat="34.17579900" lon="134.50280100">
   </rtept>
   <rtept lat="34.17604300" lon="134.50268700">
   </rtept>
   <rtept lat="34.17627100" lon="134.50260100">
   </rtept>
   <rtept lat="34.17655400" lon="134.50249700">
   </rtept>
   <rtept lat="34.17682900" lon="134.50240200">
   </rtept>
   <rtept lat="34.17696300" lon="134.50240200">
   </rtept>
   <rtept lat="34.17716800" lon="134.50226900">
   </rtept>
   <rtept lat="34.17724600" lon="134.50229700">
   </rtept>
   <rtept lat="34.17733300" lon="134.50221200">
   </rtept>
   <rtept lat="34.17743500" lon="134.50216400">
   </rtept>
   <rtept lat="34.17751400" lon="134.50203100">
   </rtept>
   <rtept lat="34.17758500" lon="134.50170800">
   </rtept>
   <rtept lat="34.17797800" lon="134.50160300">
   </rtept>
   <rtept lat="34.17820600" lon="134.50146000">
   </rtept>
   <rtept lat="34.17828500" lon="134.50150800">
   </rtept>
   <rtept lat="34.17835500" lon="134.50157500">
   </rtept>
   <rtept lat="34.17843400" lon="134.50140300">
   </rtept>
   <rtept lat="34.17853600" lon="134.50143200">
   </rtept>
   <rtept lat="34.17853600" lon="134.50128900">
   </rtept>
   <rtept lat="34.17867800" lon="134.50135600">
   </rtept>
   <rtept lat="34.17867800" lon="134.50125100">
   </rtept>
   <rtept lat="34.17867000" lon="134.50114700">
   </rtept>
   <rtept lat="34.17881100" lon="134.50100400">
   </rtept>
   <rtept lat="34.17922800" lon="134.50077600">
   </rtept>
   <rtept lat="34.17977100" lon="134.50052900">
   </rtept>
   <rtept lat="34.17998300" lon="134.50044300">
   </rtept>
   <rtept lat="34.18020400" lon="134.50039600">
   </rtept>
   <rtept lat="34.18041600" lon="134.50024400">
   </rtept>
   <rtept lat="34.18047900" lon="134.50009100">
   </rtept>
   <rtept lat="34.18058900" lon="134.49998700">
   </rtept>
   <rtept lat="34.18069900" lon="134.49995800">
   </rtept>
   <rtept lat="34.18083300" lon="134.49998700">
   </rtept>
   <rtept lat="34.18086400" lon="134.49990100">
   </rtept>
   <rtept lat="34.18091900" lon="134.49993000">
   </rtept>
   <rtept lat="34.18102200" lon="134.49990100">
   </rtept>
   <rtept lat="34.18107300" lon="134.50000600">
   </rtept>
   <rtept lat="34.18115200" lon="134.50002500">
   </rtept>
   <rtept lat="34.18119900" lon="134.49994900">
   </rtept>
   <rtept lat="34.18124700" lon="134.49997700">
   </rtept>
   <rtept lat="34.18127800" lon="134.49993900">
   </rtept>
   <rtept lat="34.18138000" lon="134.50004400">
   </rtept>
   <rtept lat="34.18143500" lon="134.50006300">
   </rtept>
   <rtept lat="34.18146700" lon="134.49992000">
   </rtept>
   <rtept lat="34.18151400" lon="134.49996800">
   </rtept>
   <rtept lat="34.18152200" lon="134.50000600">
   </rtept>
   <rtept lat="34.18160000" lon="134.49992000">
   </rtept>
   <rtept lat="34.18166300" lon="134.49978700">
   </rtept>
   <rtept lat="34.18174200" lon="134.49976800">
   </rtept>
   <rtept lat="34.18178900" lon="134.49984400">
   </rtept>
   <rtept lat="34.18180500" lon="134.50001500">
   </rtept>
   <rtept lat="34.18189100" lon="134.50003400">
   </rtept>
   <rtept lat="34.18197000" lon="134.50007200">
   </rtept>
   <rtept lat="34.18201700" lon="134.50007200">
   </rtept>
   <rtept lat="34.18201700" lon="134.49997700">
   </rtept>
   <rtept lat="34.18202500" lon="134.49983500">
   </rtept>
   <rtept lat="34.18208506" lon="134.49984305">
   </rtept>
   <rtept lat="34.18211804" lon="134.49978145">
   </rtept>
   <rtept lat="34.18230000" lon="134.49993000">
   </rtept>
   <rtept lat="34.18237500" lon="134.50014900">
   </rtept>
   <rtept lat="34.18258100" lon="134.50014900">
   </rtept>
   <rtept lat="34.18281700" lon="134.50012500">
   </rtept>
   <rtept lat="34.18302400" lon="134.50001900">
   </rtept>
   <rtept lat="34.18323000" lon="134.49988800">
   </rtept>
   <rtept lat="34.18338312" lon="134.49990158">
   </rtept>
   <rtept lat="34.18366300" lon="134.49995900">
   </rtept>
   <rtept lat="34.18383000" lon="134.49979300">
   </rtept>
   <rtept lat="34.18388900" lon="134.49954300">
   </rtept>
   <rtept lat="34.18400700" lon="134.49938900">
   </rtept>
   <rtept lat="34.18417821" lon="134.49931034">
   </rtept>
   <rtept lat="34.18423300" lon="134.49925800">
   </rtept>
   <rtept lat="34.18433100" lon="134.49925800">
   </rtept>
   <rtept lat="34.18448800" lon="134.49934100">
   </rtept>
   <rtept lat="34.18451800" lon="134.49922200">
   </rtept>
   <rtept lat="34.18461600" lon="134.49923400">
   </rtept>
   <rtept lat="34.18476400" lon="134.49941200">
   </rtept>
   <rtept lat="34.18485200" lon="134.49944800">
   </rtept>
   <rtept lat="34.18500000" lon="134.49922200">
   </rtept>
   <rtept lat="34.18505900" lon="134.49916300">
   </rtept>
   <rtept lat="34.18515700" lon="134.49923400">
   </rtept>
   <rtept lat="34.18521600" lon="134.49943600">
   </rtept>
   <rtept lat="34.18527500" lon="134.49946000">
   </rtept>
   <rtept lat="34.18538300" lon="134.49932900">
   </rtept>
   <rtept lat="34.18538300" lon="134.49917500">
   </rtept>
   <rtept lat="34.18547200" lon="134.49916300">
   </rtept>
   <rtept lat="34.18566800" lon="134.49942400">
   </rtept>
   <rtept lat="34.18574700" lon="134.49936500">
   </rtept>
   <rtept lat="34.18578600" lon="134.49919900">
   </rtept>
   <rtept lat="34.18586500" lon="134.49944800">
   </rtept>
   <rtept lat="34.18587500" lon="134.49959100">
   </rtept>
   <rtept lat="34.18603200" lon="134.49953100">
   </rtept>
   <rtept lat="34.18615809" lon="134.49956063">
   </rtept>
   <rtept lat="34.18613000" lon="134.49954300">
   </rtept>
   <rtept lat="34.18603200" lon="134.49953100">
   </rtept>
   <rtept lat="34.18587500" lon="134.49959100">
   </rtept>
   <rtept lat="34.18586500" lon="134.49944800">
   </rtept>
   <rtept lat="34.18578600" lon="134.49919900">
   </rtept>
   <rtept lat="34.18574700" lon="134.49936500">
   </rtept>
   <rtept lat="34.18566800" lon="134.49942400">
   </rtept>
   <rtept lat="34.18547200" lon="134.49916300">
   </rtept>
   <rtept lat="34.18538300" lon="134.49917500">
   </rtept>
   <rtept lat="34.18538300" lon="134.49932900">
   </rtept>
   <rtept lat="34.18527500" lon="134.49946000">
   </rtept>
   <rtept lat="34.18521600" lon="134.49943600">
   </rtept>
   <rtept lat="34.18515700" lon="134.49923400">
   </rtept>
   <rtept lat="34.18505900" lon="134.49916300">
   </rtept>
   <rtept lat="34.18500000" lon="134.49922200">
   </rtept>
   <rtept lat="34.18485200" lon="134.49944800">
   </rtept>
   <rtept lat="34.18476400" lon="134.49941200">
   </rtept>
   <rtept lat="34.18461600" lon="134.49923400">
   </rtept>
   <rtept lat="34.18451800" lon="134.49922200">
   </rtept>
   <rtept lat="34.18448800" lon="134.49934100">
   </rtept>
   <rtept lat="34.18443900" lon="134.49931700">
   </rtept>
   <rtept lat="34.18433100" lon="134.49925800">
   </rtept>
   <rtept lat="34.18423300" lon="134.49925800">
   </rtept>
   <rtept lat="34.18414400" lon="134.49932900">
   </rtept>
   <rtept lat="34.18400700" lon="134.49938900">
   </rtept>
   <rtept lat="34.18388900" lon="134.49954300">
   </rtept>
   <rtept lat="34.18383000" lon="134.49979300">
   </rtept>
   <rtept lat="34.18366300" lon="134.49995900">
   </rtept>
   <rtept lat="34.18353500" lon="134.49994700">
   </rtept>
   <rtept lat="34.18338700" lon="134.49987600">
   </rtept>
   <rtept lat="34.18323000" lon="134.49988800">
   </rtept>
   <rtept lat="34.18302400" lon="134.50001900">
   </rtept>
   <rtept lat="34.18281700" lon="134.50012500">
   </rtept>
   <rtept lat="34.18258100" lon="134.50014900">
   </rtept>
   <rtept lat="34.18237500" lon="134.50014900">
   </rtept>
   <rtept lat="34.18230000" lon="134.49993000">
   </rtept>
   <rtept lat="34.18238500" lon="134.49969000">
   </rtept>
   <rtept lat="34.18295500" lon="134.49938100">
   </rtept>
   <rtept lat="34.18313200" lon="134.49925000">
   </rtept>
   <rtept lat="34.18349600" lon="134.49915500">
   </rtept>
   <rtept lat="34.18363300" lon="134.49903600">
   </rtept>
   <rtept lat="34.18397700" lon="134.49898900">
   </rtept>
   <rtept lat="34.18416400" lon="134.49879800">
   </rtept>
   <rtept lat="34.18448800" lon="134.49869100">
   </rtept>
   <rtept lat="34.18459700" lon="134.49858500">
   </rtept>
   <rtept lat="34.18466500" lon="134.49835900">
   </rtept>
   <rtept lat="34.18480300" lon="134.49807400">
   </rtept>
   <rtept lat="34.18506800" lon="134.49791900">
   </rtept>
   <rtept lat="34.18529500" lon="134.49790700">
   </rtept>
   <rtept lat="34.18546200" lon="134.49784800">
   </rtept>
   <rtept lat="34.18562900" lon="134.49769300">
   </rtept>
   <rtept lat="34.18584500" lon="134.49752700">
   </rtept>
   <rtept lat="34.18587500" lon="134.49728900">
   </rtept>
   <rtept lat="34.18593400" lon="134.49699200">
   </rtept>
   <rtept lat="34.18584500" lon="134.49662400">
   </rtept>
   <rtept lat="34.18575700" lon="134.49637400">
   </rtept>
   <rtept lat="34.18563900" lon="134.49618400">
   </rtept>
   <rtept lat="34.18551100" lon="134.49607700">
   </rtept>
   <rtept lat="34.18532400" lon="134.49597000">
   </rtept>
   <rtept lat="34.18518600" lon="134.49589900">
   </rtept>
   <rtept lat="34.18513700" lon="134.49582700">
   </rtept>
   <rtept lat="34.18516700" lon="134.49549500">
   </rtept>
   <rtept lat="34.18509800" lon="134.49518600">
   </rtept>
   <rtept lat="34.18491100" lon="134.49484100">
   </rtept>
   <rtept lat="34.18478300" lon="134.49478200">
   </rtept>
   <rtept lat="34.18472400" lon="134.49467500">
   </rtept>
   <rtept lat="34.18469500" lon="134.49429400">
   </rtept>
   <rtept lat="34.18465600" lon="134.49391400">
   </rtept>
   <rtept lat="34.18459700" lon="134.49367600">
   </rtept>
   <rtept lat="34.18446900" lon="134.49359300">
   </rtept>
   <rtept lat="34.18436100" lon="134.49360500">
   </rtept>
   <rtept lat="34.18428200" lon="134.49364100">
   </rtept>
   <rtept lat="34.18424300" lon="134.49373600">
   </rtept>
   <rtept lat="34.18424300" lon="134.49393800">
   </rtept>
   <rtept lat="34.18424300" lon="134.49404500">
   </rtept>
   <rtept lat="34.18413500" lon="134.49436600">
   </rtept>
   <rtept lat="34.18403600" lon="134.49459200">
   </rtept>
   <rtept lat="34.18395800" lon="134.49468700">
   </rtept>
   <rtept lat="34.18366300" lon="134.49478200">
   </rtept>
   <rtept lat="34.18334800" lon="134.49482900">
   </rtept>
   <rtept lat="34.18307300" lon="134.49491200">
   </rtept>
   <rtept lat="34.18274800" lon="134.49505500">
   </rtept>
   <rtept lat="34.18256200" lon="134.49517400">
   </rtept>
   <rtept lat="34.18231600" lon="134.49520900">
   </rtept>
   <rtept lat="34.18210900" lon="134.49512600">
   </rtept>
   <rtept lat="34.18197200" lon="134.49491200">
   </rtept>
   <rtept lat="34.18188300" lon="134.49478200">
   </rtept>
   <rtept lat="34.18152000" lon="134.49475800">
   </rtept>
   <rtept lat="34.18130300" lon="134.49467500">
   </rtept>
   <rtept lat="34.18107700" lon="134.49436600">
   </rtept>
   <rtept lat="34.18095900" lon="134.49412800">
   </rtept>
   <rtept lat="34.18092000" lon="134.49399700">
   </rtept>
   <rtept lat="34.18065400" lon="134.49385500">
   </rtept>
   <rtept lat="34.18042400" lon="134.49367600">
   </rtept>
   <rtept lat="34.18035500" lon="134.49355800">
   </rtept>
   <rtept lat="34.18044400" lon="134.49329600">
   </rtept>
   <rtept lat="34.18035500" lon="134.49311800">
   </rtept>
   <rtept lat="34.18029600" lon="134.49292800">
   </rtept>
   <rtept lat="34.18014900" lon="134.49277300">
   </rtept>
   <rtept lat="34.18008000" lon="134.49254700">
   </rtept>
   <rtept lat="34.18002100" lon="134.49223800">
   </rtept>
   <rtept lat="34.17986400" lon="134.49216700">
   </rtept>
   <rtept lat="34.17965700" lon="134.49204800">
   </rtept>
   <rtept lat="34.17945100" lon="134.49173900">
   </rtept>
   <rtept lat="34.17942200" lon="134.49145400">
   </rtept>
   <rtept lat="34.17935300" lon="134.49126400">
   </rtept>
   <rtept lat="34.17928400" lon="134.49116900">
   </rtept>
   <rtept lat="34.17926400" lon="134.49075300">
   </rtept>
   <rtept lat="34.17921500" lon="134.49064600">
   </rtept>
   <rtept lat="34.17909700" lon="134.49061000">
   </rtept>
   <rtept lat="34.17895000" lon="134.49049200">
   </rtept>
   <rtept lat="34.17881200" lon="134.49034400">
   </rtept>
   <rtept lat="34.17865500" lon="134.49000000">
   </rtept>
   <rtept lat="34.17858600" lon="134.48978600">
   </rtept>
   <rtept lat="34.17856600" lon="134.48964300">
   </rtept>
   <rtept lat="34.17830100" lon="134.48951200">
   </rtept>
   <rtept lat="34.17824200" lon="134.48937000">
   </rtept>
   <rtept lat="34.17818300" lon="134.48897800">
   </rtept>
   <rtept lat="34.17802500" lon="134.48889400">
   </rtept>
   <rtept lat="34.17788800" lon="134.48862100">
   </rtept>
   <rtept lat="34.17777000" lon="134.48850200">
   </rtept>
   <rtept lat="34.17754400" lon="134.48834800">
   </rtept>
   <rtept lat="34.17750400" lon="134.48820500">
   </rtept>
   <rtept lat="34.17750400" lon="134.48795600">
   </rtept>
   <rtept lat="34.17747500" lon="134.48781300">
   </rtept>
   <rtept lat="34.17741600" lon="134.48770600">
   </rtept>
   <rtept lat="34.17768100" lon="134.48733800">
   </rtept>
   <rtept lat="34.17791700" lon="134.48691000">
   </rtept>
   <rtept lat="34.17807500" lon="134.48656500">
   </rtept>
   <rtept lat="34.17800600" lon="134.48642200">
   </rtept>
   <rtept lat="34.17792700" lon="134.48622000">
   </rtept>
   <rtept lat="34.17781900" lon="134.48599500">
   </rtept>
   <rtept lat="34.17768100" lon="134.48595900">
   </rtept>
   <rtept lat="34.17758300" lon="134.48572100">
   </rtept>
   <rtept lat="34.17749500" lon="134.48548400">
   </rtept>
   <rtept lat="34.17736700" lon="134.48535300">
   </rtept>
   <rtept lat="34.17735600" lon="134.48527700">
   </rtept>
   <rtept lat="34.17734000" lon="134.48522500">
   </rtept>
   <rtept lat="34.17721000" lon="134.48506800">
   </rtept>
   <rtept lat="34.17718300" lon="134.48495400">
   </rtept>
   <rtept lat="34.17715500" lon="134.48480100">
   </rtept>
   <rtept lat="34.17711600" lon="134.48464000">
   </rtept>
   <rtept lat="34.17704100" lon="134.48445900">
   </rtept>
   <rtept lat="34.17689600" lon="134.48430200">
   </rtept>
   <rtept lat="34.17677800" lon="134.48428800">
   </rtept>
   <rtept lat="34.17670700" lon="134.48429800">
   </rtept>
   <rtept lat="34.17668300" lon="134.48438800">
   </rtept>
   <rtept lat="34.17669100" lon="134.48446400">
   </rtept>
   <rtept lat="34.17668300" lon="134.48457800">
   </rtept>
   <rtept lat="34.17667200" lon="134.48476300">
   </rtept>
   <rtept lat="34.17661700" lon="134.48485400">
   </rtept>
   <rtept lat="34.17656500" lon="134.48493500">
   </rtept>
   <rtept lat="34.17652200" lon="134.48499600">
   </rtept>
   <rtept lat="34.17650600" lon="134.48509600">
   </rtept>
   <rtept lat="34.17652600" lon="134.48525300">
   </rtept>
   <rtept lat="34.17660500" lon="134.48544300">
   </rtept>
   <rtept lat="34.17670300" lon="134.48563300">
   </rtept>
   <rtept lat="34.17677000" lon="134.48577600">
   </rtept>
   <rtept lat="34.17677400" lon="134.48581900">
   </rtept>
   <rtept lat="34.17673500" lon="134.48598500">
   </rtept>
   <rtept lat="34.17689200" lon="134.48618000">
   </rtept>
   <rtept lat="34.17706900" lon="134.48638900">
   </rtept>
   <rtept lat="34.17712000" lon="134.48650300">
   </rtept>
   <rtept lat="34.17706100" lon="134.48664100">
   </rtept>
   <rtept lat="34.17691900" lon="134.48670800">
   </rtept>
   <rtept lat="34.17679700" lon="134.48671700">
   </rtept>
   <rtept lat="34.17669900" lon="134.48667900">
   </rtept>
   <rtept lat="34.17648700" lon="134.48673600">
   </rtept>
   <rtept lat="34.17640800" lon="134.48681700">
   </rtept>
   <rtept lat="34.17630600" lon="134.48695000">
   </rtept>
   <rtept lat="34.17618400" lon="134.48697400">
   </rtept>
   <rtept lat="34.17589300" lon="134.48694100">
   </rtept>
   <rtept lat="34.17579500" lon="134.48694500">
   </rtept>
   <rtept lat="34.17564900" lon="134.48706900">
   </rtept>
   <rtept lat="34.17540100" lon="134.48732600">
   </rtept>
   <rtept lat="34.17539700" lon="134.48746400">
   </rtept>
   <rtept lat="34.17548000" lon="134.48755400">
   </rtept>
   <rtept lat="34.17588500" lon="134.48777700">
   </rtept>
   <rtept lat="34.17593600" lon="134.48787700">
   </rtept>
   <rtept lat="34.17595600" lon="134.48796700">
   </rtept>
   <rtept lat="34.17584200" lon="134.48814300">
   </rtept>
   <rtept lat="34.17566900" lon="134.48835700">
   </rtept>
   <rtept lat="34.17552700" lon="134.48851400">
   </rtept>
   <rtept lat="34.17544500" lon="134.48859500">
   </rtept>
   <rtept lat="34.17536800" lon="134.48882200">
   </rtept>
   <rtept lat="34.17531200" lon="134.48915500">
   </rtept>
   <rtept lat="34.17540700" lon="134.48933500">
   </rtept>
   <rtept lat="34.17565900" lon="134.48936400">
   </rtept>
   <rtept lat="34.17583200" lon="134.48948800">
   </rtept>
   <rtept lat="34.17587100" lon="134.48972500">
   </rtept>
   <rtept lat="34.17558800" lon="134.48987700">
   </rtept>
   <rtept lat="34.17500600" lon="134.49018200">
   </rtept>
   <rtept lat="34.17493500" lon="134.49039100">
   </rtept>
   <rtept lat="34.17488800" lon="134.49061900">
   </rtept>
   <rtept lat="34.17501400" lon="134.49075200">
   </rtept>
   <rtept lat="34.17510000" lon="134.49091400">
   </rtept>
   <rtept lat="34.17508400" lon="134.49103700">
   </rtept>
   <rtept lat="34.17474600" lon="134.49133200">
   </rtept>
   <rtept lat="34.17475400" lon="134.49165500">
   </rtept>
   <rtept lat="34.17468300" lon="134.49189300">
   </rtept>
   <rtept lat="34.17471500" lon="134.49205500">
   </rtept>
   <rtept lat="34.17494300" lon="134.49217800">
   </rtept>
   <rtept lat="34.17513200" lon="134.49218800">
   </rtept>
   <rtept lat="34.17528900" lon="134.49200700">
   </rtept>
   <rtept lat="34.17543800" lon="134.49178800">
   </rtept>
   <rtept lat="34.17554100" lon="134.49175000">
   </rtept>
   <rtept lat="34.17561900" lon="134.49174100">
   </rtept>
   <rtept lat="34.17567400" lon="134.49181700">
   </rtept>
   <rtept lat="34.17565100" lon="134.49209300">
   </rtept>
   <rtept lat="34.17551700" lon="134.49261500">
   </rtept>
   <rtept lat="34.17528100" lon="134.49285300">
   </rtept>
   <rtept lat="34.17508400" lon="134.49292000">
   </rtept>
   <rtept lat="34.17484100" lon="134.49295800">
   </rtept>
   <rtept lat="34.17475400" lon="134.49302400">
   </rtept>
   <rtept lat="34.17473800" lon="134.49313800">
   </rtept>
   <rtept lat="34.17482500" lon="134.49328100">
   </rtept>
   <rtept lat="34.17485600" lon="134.49338600">
   </rtept>
   <rtept lat="34.17480100" lon="134.49348100">
   </rtept>
   <rtept lat="34.17468300" lon="134.49359500">
   </rtept>
   <rtept lat="34.17462000" lon="134.49372800">
   </rtept>
   <rtept lat="34.17461200" lon="134.49387000">
   </rtept>
   <rtept lat="34.17485600" lon="134.49396500">
   </rtept>
   <rtept lat="34.17507600" lon="134.49397500">
   </rtept>
   <rtept lat="34.17518700" lon="134.49403200">
   </rtept>
   <rtept lat="34.17521800" lon="134.49408900">
   </rtept>
   <rtept lat="34.17517100" lon="134.49422200">
   </rtept>
   <rtept lat="34.17506100" lon="134.49432700">
   </rtept>
   <rtept lat="34.17440800" lon="134.49444100">
   </rtept>
   <rtept lat="34.17436100" lon="134.49456400">
   </rtept>
   <rtept lat="34.17434500" lon="134.49481200">
   </rtept>
   <rtept lat="34.17435300" lon="134.49505900">
   </rtept>
   <rtept lat="34.17449400" lon="134.49517300">
   </rtept>
   <rtept lat="34.17458900" lon="134.49525800">
   </rtept>
   <rtept lat="34.17459700" lon="134.49538200">
   </rtept>
   <rtept lat="34.17434500" lon="134.49549600">
   </rtept>
   <rtept lat="34.17388900" lon="134.49565000">
   </rtept>
   <rtept lat="34.17351900" lon="134.49641100">
   </rtept>
   <rtept lat="34.17322800" lon="134.49692400">
   </rtept>
   <rtept lat="34.17274800" lon="134.49716200">
   </rtept>
   <rtept lat="34.17190700" lon="134.49754200">
   </rtept>
   <rtept lat="34.17174100" lon="134.49764700">
   </rtept>
   <rtept lat="34.17163900" lon="134.49784600">
   </rtept>
   <rtept lat="34.17161600" lon="134.49816000">
   </rtept>
   <rtept lat="34.17185200" lon="134.49881600">
   </rtept>
   <rtept lat="34.17197700" lon="134.49918700">
   </rtept>
   <rtept lat="34.17194600" lon="134.49957700">
   </rtept>
   <rtept lat="34.17181200" lon="134.50008000">
   </rtept>
   <rtept lat="34.17160000" lon="134.50050800">
   </rtept>
   <rtept lat="34.17127700" lon="134.50091700">
   </rtept>
   <rtept lat="34.17104100" lon="134.50089800">
   </rtept>
   <rtept lat="34.17049200" lon="134.50074600">
   </rtept>
   <rtept lat="34.17013800" lon="134.50065100">
   </rtept>
   <rtept lat="34.16953300" lon="134.50058400">
   </rtept>
   <rtept lat="34.16914700" lon="134.50041300">
   </rtept>
   <rtept lat="34.16870700" lon="134.50014700">
   </rtept>
   <rtept lat="34.16836800" lon="134.49991900">
   </rtept>
   <rtept lat="34.16811700" lon="134.49984300">
   </rtept>
   <rtept lat="34.16786500" lon="134.49983300">
   </rtept>
   <rtept lat="34.16725100" lon="134.49987100">
   </rtept>
   <rtept lat="34.16664600" lon="134.49990000">
   </rtept>
   <rtept lat="34.16626000" lon="134.49990000">
   </rtept>
   <rtept lat="34.16567000" lon="134.49971900">
   </rtept>
   <rtept lat="34.16526100" lon="134.49960500">
   </rtept>
   <rtept lat="34.16468700" lon="134.49956700">
   </rtept>
   <rtept lat="34.16436100" lon="134.49928700">
   </rtept>
   <rtept lat="34.16410900" lon="134.49885000">
   </rtept>
   <rtept lat="34.16398300" lon="134.49852600">
   </rtept>
   <rtept lat="34.16414100" lon="134.49829800">
   </rtept>
   <rtept lat="34.16458100" lon="134.49835500">
   </rtept>
   <rtept lat="34.16481700" lon="134.49833600">
   </rtept>
   <rtept lat="34.16503700" lon="134.49808900">
   </rtept>
   <rtept lat="34.16473800" lon="134.49784200">
   </rtept>
   <rtept lat="34.16503700" lon="134.49761400">
   </rtept>
   <rtept lat="34.16539900" lon="134.49753800">
   </rtept>
   <rtept lat="34.16569800" lon="134.49727200">
   </rtept>
   <rtept lat="34.16558800" lon="134.49696700">
   </rtept>
   <rtept lat="34.16561900" lon="134.49692900">
   </rtept>
   <rtept lat="34.16565100" lon="134.49683400">
   </rtept>
   <rtept lat="34.16547800" lon="134.49658700">
   </rtept>
   <rtept lat="34.16495900" lon="134.49643500">
   </rtept>
   <rtept lat="34.16464400" lon="134.49622600">
   </rtept>
   <rtept lat="34.16441700" lon="134.49607000">
   </rtept>
   <rtept lat="34.16415700" lon="134.49602300">
   </rtept>
   <rtept lat="34.16393700" lon="134.49598500">
   </rtept>
   <rtept lat="34.16374800" lon="134.49606100">
   </rtept>
   <rtept lat="34.16358300" lon="134.49632700">
   </rtept>
   <rtept lat="34.16336300" lon="134.49663100">
   </rtept>
   <rtept lat="34.16330000" lon="134.49658400">
   </rtept>
   <rtept lat="34.16331600" lon="134.49642200">
   </rtept>
   <rtept lat="34.16324500" lon="134.49635600">
   </rtept>
   <rtept lat="34.16315000" lon="134.49626100">
   </rtept>
   <rtept lat="34.16309500" lon="134.49610800">
   </rtept>
   <rtept lat="34.16301700" lon="134.49601300">
   </rtept>
   <rtept lat="34.16300900" lon="134.49619400">
   </rtept>
   <rtept lat="34.16305600" lon="134.49634600">
   </rtept>
   <rtept lat="34.16297700" lon="134.49628000">
   </rtept>
   <rtept lat="34.16292200" lon="134.49618500">
   </rtept>
   <rtept lat="34.16289100" lon="134.49604200">
   </rtept>
   <rtept lat="34.16285900" lon="134.49627000">
   </rtept>
   <rtept lat="34.16289100" lon="134.49640300">
   </rtept>
   <rtept lat="34.16279600" lon="134.49630800">
   </rtept>
   <rtept lat="34.16263900" lon="134.49634600">
   </rtept>
   <rtept lat="34.16245000" lon="134.49643200">
   </rtept>
   <rtept lat="34.16194700" lon="134.49646000">
   </rtept>
   <rtept lat="34.16170100" lon="134.49661300">
   </rtept>
   <rtept lat="34.16151300" lon="134.49658500">
   </rtept>
   <rtept lat="34.16137900" lon="134.49661300">
   </rtept>
   <rtept lat="34.16128400" lon="134.49672700">
   </rtept>
   <rtept lat="34.16104100" lon="134.49677500">
   </rtept>
   <rtept lat="34.16086000" lon="134.49678400">
   </rtept>
   <rtept lat="34.16068700" lon="134.49684100">
   </rtept>
   <rtept lat="34.16050600" lon="134.49685100">
   </rtept>
   <rtept lat="34.16041900" lon="134.49688900">
   </rtept>
   <rtept lat="34.16025400" lon="134.49693700">
   </rtept>
   <rtept lat="34.16004900" lon="134.49689900">
   </rtept>
   <rtept lat="34.15992300" lon="134.49684100">
   </rtept>
   <rtept lat="34.15975800" lon="134.49680300">
   </rtept>
   <rtept lat="34.15957700" lon="134.49685100">
   </rtept>
   <rtept lat="34.15944400" lon="134.49688900">
   </rtept>
   <rtept lat="34.15924700" lon="134.49696500">
   </rtept>
   <rtept lat="34.15909700" lon="134.49696500">
   </rtept>
   <rtept lat="34.15885400" lon="134.49685100">
   </rtept>
   <rtept lat="34.15865700" lon="134.49681300">
   </rtept>
   <rtept lat="34.15835000" lon="134.49680300">
   </rtept>
   <rtept lat="34.15809500" lon="134.49680300">
   </rtept>
   <rtept lat="34.15774900" lon="134.49677500">
   </rtept>
 </rte>
 <rte>
  <name>SHIKOKU_TKS_03(阿波歴史のみち)</name>
   <rtept lat="34.16227800" lon="134.54199200">
   </rtept>
   <rtept lat="34.16227800" lon="134.54149800">
   </rtept>
   <rtept lat="34.16224700" lon="134.54109800">
   </rtept>
   <rtept lat="34.16219900" lon="134.54058500">
   </rtept>
   <rtept lat="34.16197900" lon="134.53978600">
   </rtept>
   <rtept lat="34.16158600" lon="134.53891200">
   </rtept>
   <rtept lat="34.16124000" lon="134.53845500">
   </rtept>
   <rtept lat="34.16127100" lon="134.53807500">
   </rtept>
   <rtept lat="34.16130300" lon="134.53777100">
   </rtept>
   <rtept lat="34.16144400" lon="134.53780900">
   </rtept>
   <rtept lat="34.16155400" lon="134.53760000">
   </rtept>
   <rtept lat="34.16156800" lon="134.53742100">
   </rtept>
   <rtept lat="34.16156200" lon="134.53723600">
   </rtept>
   <rtept lat="34.16160300" lon="134.53712900">
   </rtept>
   <rtept lat="34.16168000" lon="134.53701500">
   </rtept>
   <rtept lat="34.16169200" lon="134.53693700">
   </rtept>
   <rtept lat="34.16165700" lon="134.53686500">
   </rtept>
   <rtept lat="34.16155600" lon="134.53682200">
   </rtept>
   <rtept lat="34.16122000" lon="134.53685100">
   </rtept>
   <rtept lat="34.16060000" lon="134.53683700">
   </rtept>
   <rtept lat="34.16011800" lon="134.53679900">
   </rtept>
   <rtept lat="34.15993600" lon="134.53673300">
   </rtept>
   <rtept lat="34.15972000" lon="134.53646000">
   </rtept>
   <rtept lat="34.15954300" lon="134.53623400">
   </rtept>
   <rtept lat="34.15935100" lon="134.53602000">
   </rtept>
   <rtept lat="34.15918900" lon="134.53579500">
   </rtept>
   <rtept lat="34.15910500" lon="134.53558700">
   </rtept>
   <rtept lat="34.15897200" lon="134.53554500">
   </rtept>
   <rtept lat="34.15875100" lon="134.53550900">
   </rtept>
   <rtept lat="34.15850000" lon="134.53553300">
   </rtept>
   <rtept lat="34.15812600" lon="134.53558100">
   </rtept>
   <rtept lat="34.15794000" lon="134.53563400">
   </rtept>
   <rtept lat="34.15763600" lon="134.53509300">
   </rtept>
   <rtept lat="34.15736500" lon="134.53461200">
   </rtept>
   <rtept lat="34.15733100" lon="134.53429700">
   </rtept>
   <rtept lat="34.15720300" lon="134.53375600">
   </rtept>
   <rtept lat="34.15696700" lon="134.53307300">
   </rtept>
   <rtept lat="34.15676500" lon="134.53261000">
   </rtept>
   <rtept lat="34.15644600" lon="134.53198600">
   </rtept>
   <rtept lat="34.15627400" lon="134.53155800">
   </rtept>
   <rtept lat="34.15617000" lon="134.53129000">
   </rtept>
   <rtept lat="34.15609700" lon="134.53086300">
   </rtept>
   <rtept lat="34.15601800" lon="134.53019100">
   </rtept>
   <rtept lat="34.15600800" lon="134.53005100">
   </rtept>
   <rtept lat="34.15605700" lon="134.52972400">
   </rtept>
   <rtept lat="34.15606700" lon="134.52945100">
   </rtept>
   <rtept lat="34.15602300" lon="134.52917200">
   </rtept>
   <rtept lat="34.15590500" lon="134.52898700">
   </rtept>
   <rtept lat="34.15581600" lon="134.52887400">
   </rtept>
   <rtept lat="34.15568900" lon="134.52859500">
   </rtept>
   <rtept lat="34.15557100" lon="134.52838100">
   </rtept>
   <rtept lat="34.15556600" lon="134.52784100">
   </rtept>
   <rtept lat="34.15565900" lon="134.52692000">
   </rtept>
   <rtept lat="34.15561700" lon="134.52681500">
   </rtept>
   <rtept lat="34.15555000" lon="134.52656700">
   </rtept>
   <rtept lat="34.15547500" lon="134.52640100">
   </rtept>
   <rtept lat="34.15536500" lon="134.52623000">
   </rtept>
   <rtept lat="34.15527900" lon="134.52603000">
   </rtept>
   <rtept lat="34.15514500" lon="134.52568800">
   </rtept>
   <rtept lat="34.15506600" lon="134.52556400">
   </rtept>
   <rtept lat="34.15502300" lon="134.52541200">
   </rtept>
   <rtept lat="34.15501900" lon="134.52508000">
   </rtept>
   <rtept lat="34.15502700" lon="134.52484200">
   </rtept>
   <rtept lat="34.15507000" lon="134.52462300">
   </rtept>
   <rtept lat="34.15512100" lon="134.52432400">
   </rtept>
   <rtept lat="34.15519200" lon="134.52408600">
   </rtept>
   <rtept lat="34.15528300" lon="134.52395300">
   </rtept>
   <rtept lat="34.15541600" lon="134.52377200">
   </rtept>
   <rtept lat="34.15545600" lon="134.52360100">
   </rtept>
   <rtept lat="34.15547500" lon="134.52345400">
   </rtept>
   <rtept lat="34.15553400" lon="134.52332500">
   </rtept>
   <rtept lat="34.15560900" lon="134.52321100">
   </rtept>
   <rtept lat="34.15581800" lon="134.52314000">
   </rtept>
   <rtept lat="34.15566800" lon="134.52304000">
   </rtept>
   <rtept lat="34.15552600" lon="134.52289800">
   </rtept>
   <rtept lat="34.15544400" lon="134.52275500">
   </rtept>
   <rtept lat="34.15542400" lon="134.52253200">
   </rtept>
   <rtept lat="34.15542800" lon="134.52232200">
   </rtept>
   <rtept lat="34.15528600" lon="134.52221800">
   </rtept>
   <rtept lat="34.15522000" lon="134.52209000">
   </rtept>
   <rtept lat="34.15520800" lon="134.52193700">
   </rtept>
   <rtept lat="34.15507400" lon="134.52107700">
   </rtept>
   <rtept lat="34.15499500" lon="134.52061100">
   </rtept>
   <rtept lat="34.15497600" lon="134.52026900">
   </rtept>
   <rtept lat="34.15498800" lon="134.51991700">
   </rtept>
   <rtept lat="34.15492200" lon="134.51986000">
   </rtept>
   <rtept lat="34.15473700" lon="134.51974100">
   </rtept>
   <rtept lat="34.15450100" lon="134.51958400">
   </rtept>
   <rtept lat="34.15435200" lon="134.51968900">
   </rtept>
   <rtept lat="34.15352600" lon="134.51981300">
   </rtept>
   <rtept lat="34.15351400" lon="134.51944700">
   </rtept>
   <rtept lat="34.15345900" lon="134.51857700">
   </rtept>
   <rtept lat="34.15336100" lon="134.51767800">
   </rtept>
   <rtept lat="34.15332900" lon="134.51744100">
   </rtept>
   <rtept lat="34.15326300" lon="134.51703000">
   </rtept>
   <rtept lat="34.15323600" lon="134.51694100">
   </rtept>
   <rtept lat="34.15320200" lon="134.51684300">
   </rtept>
   <rtept lat="34.15314000" lon="134.51674500">
   </rtept>
   <rtept lat="34.15305000" lon="134.51664100">
   </rtept>
   <rtept lat="34.15300300" lon="134.51659000">
   </rtept>
   <rtept lat="34.15296100" lon="134.51649500">
   </rtept>
   <rtept lat="34.15292700" lon="134.51641200">
   </rtept>
   <rtept lat="34.15290900" lon="134.51630500">
   </rtept>
   <rtept lat="34.15287700" lon="134.51597200">
   </rtept>
   <rtept lat="34.15285500" lon="134.51568700">
   </rtept>
   <rtept lat="34.15285300" lon="134.51541400">
   </rtept>
   <rtept lat="34.15288300" lon="134.51514900">
   </rtept>
   <rtept lat="34.15286700" lon="134.51505800">
   </rtept>
   <rtept lat="34.15274500" lon="134.51500100">
   </rtept>
   <rtept lat="34.15281600" lon="134.51443600">
   </rtept>
   <rtept lat="34.15282400" lon="134.51422700">
   </rtept>
   <rtept lat="34.15278800" lon="134.51392700">
   </rtept>
   <rtept lat="34.15272100" lon="134.51373700">
   </rtept>
   <rtept lat="34.15267400" lon="134.51357500">
   </rtept>
   <rtept lat="34.15261100" lon="134.51350400">
   </rtept>
   <rtept lat="34.15251300" lon="134.51346100">
   </rtept>
   <rtept lat="34.15241900" lon="134.51339500">
   </rtept>
   <rtept lat="34.15236300" lon="134.51336100">
   </rtept>
   <rtept lat="34.15235600" lon="134.51310900">
   </rtept>
   <rtept lat="34.15234800" lon="134.51263400">
   </rtept>
   <rtept lat="34.15238300" lon="134.51234400">
   </rtept>
   <rtept lat="34.15241400" lon="134.51146100">
   </rtept>
   <rtept lat="34.15250100" lon="134.51034900">
   </rtept>
   <rtept lat="34.15246100" lon="134.51008300">
   </rtept>
   <rtept lat="34.15238300" lon="134.50978800">
   </rtept>
   <rtept lat="34.15234300" lon="134.50957900">
   </rtept>
   <rtept lat="34.15239800" lon="134.50942700">
   </rtept>
   <rtept lat="34.15251600" lon="134.50915100">
   </rtept>
   <rtept lat="34.15254800" lon="134.50893200">
   </rtept>
   <rtept lat="34.15291000" lon="134.50898000">
   </rtept>
   <rtept lat="34.15291000" lon="134.50904700">
   </rtept>
   <rtept lat="34.15313800" lon="134.50901800">
   </rtept>
   <rtept lat="34.15346800" lon="134.50886600">
   </rtept>
   <rtept lat="34.15363400" lon="134.50882800">
   </rtept>
   <rtept lat="34.15389300" lon="134.50879900">
   </rtept>
   <rtept lat="34.15401100" lon="134.50880900">
   </rtept>
   <rtept lat="34.15408200" lon="134.50826700">
   </rtept>
   <rtept lat="34.15442800" lon="134.50822900">
   </rtept>
   <rtept lat="34.15462500" lon="134.50827600">
   </rtept>
   <rtept lat="34.15475900" lon="134.50837200">
   </rtept>
   <rtept lat="34.15482200" lon="134.50850500">
   </rtept>
   <rtept lat="34.15512800" lon="134.50848600">
   </rtept>
   <rtept lat="34.15525300" lon="134.50855900">
   </rtept>
   <rtept lat="34.15519800" lon="134.50873000">
   </rtept>
   <rtept lat="34.15657500" lon="134.50892000">
   </rtept>
   <rtept lat="34.15653600" lon="134.50941400">
   </rtept>
   <rtept lat="34.15673200" lon="134.50931900">
   </rtept>
   <rtept lat="34.15730700" lon="134.50915700">
   </rtept>
   <rtept lat="34.15778700" lon="134.50901500">
   </rtept>
   <rtept lat="34.15821900" lon="134.50876800">
   </rtept>
   <rtept lat="34.15847100" lon="134.50853000">
   </rtept>
   <rtept lat="34.15872300" lon="134.50808300">
   </rtept>
   <rtept lat="34.15867600" lon="134.50720800">
   </rtept>
   <rtept lat="34.15864400" lon="134.50677100">
   </rtept>
   <rtept lat="34.15866800" lon="134.50637200">
   </rtept>
   <rtept lat="34.15880100" lon="134.50530700">
   </rtept>
   <rtept lat="34.15884600" lon="134.50467300">
   </rtept>
   <rtept lat="34.15890400" lon="134.50296200">
   </rtept>
   <rtept lat="34.15890400" lon="134.50239100">
   </rtept>
   <rtept lat="34.15881000" lon="134.50192100">
   </rtept>
   <rtept lat="34.15863300" lon="134.50152100">
   </rtept>
   <rtept lat="34.15839700" lon="134.50090800">
   </rtept>
   <rtept lat="34.15819600" lon="134.50052300">
   </rtept>
   <rtept lat="34.15811400" lon="134.50013800">
   </rtept>
   <rtept lat="34.15781900" lon="134.49889700">
   </rtept>
   <rtept lat="34.15747600" lon="134.49682800">
   </rtept>
   <rtept lat="34.15745600" lon="134.49672800">
   </rtept>
   <rtept lat="34.15723000" lon="134.49558000">
   </rtept>
   <rtept lat="34.15688600" lon="134.49459400">
   </rtept>
   <rtept lat="34.15649200" lon="134.49351300">
   </rtept>
   <rtept lat="34.15606900" lon="134.49268100">
   </rtept>
   <rtept lat="34.15557800" lon="134.49203900">
   </rtept>
   <rtept lat="34.15535000" lon="134.49181200">
   </rtept>
   <rtept lat="34.15541300" lon="134.49141300">
   </rtept>
   <rtept lat="34.15536500" lon="134.49121400">
   </rtept>
   <rtept lat="34.15527100" lon="134.49120400">
   </rtept>
   <rtept lat="34.15512100" lon="134.49113700">
   </rtept>
   <rtept lat="34.15476000" lon="134.49115600">
   </rtept>
   <rtept lat="34.15465700" lon="134.49111800">
   </rtept>
   <rtept lat="34.15462600" lon="134.49096600">
   </rtept>
   <rtept lat="34.15459400" lon="134.49073800">
   </rtept>
   <rtept lat="34.15448400" lon="134.49072900">
   </rtept>
   <rtept lat="34.15411400" lon="134.49050000">
   </rtept>
   <rtept lat="34.15392600" lon="134.49055800">
   </rtept>
   <rtept lat="34.15366600" lon="134.49045300">
   </rtept>
   <rtept lat="34.15350100" lon="134.49044300">
   </rtept>
   <rtept lat="34.15332000" lon="134.49044300">
   </rtept>
   <rtept lat="34.15318600" lon="134.49037700">
   </rtept>
   <rtept lat="34.15302100" lon="134.49026300">
   </rtept>
   <rtept lat="34.15277700" lon="134.48992100">
   </rtept>
   <rtept lat="34.15251700" lon="134.48945500">
   </rtept>
   <rtept lat="34.15239100" lon="134.48925500">
   </rtept>
   <rtept lat="34.15232900" lon="134.48893200">
   </rtept>
   <rtept lat="34.15232100" lon="134.48860900">
   </rtept>
   <rtept lat="34.15228100" lon="134.48836100">
   </rtept>
   <rtept lat="34.15223400" lon="134.48806700">
   </rtept>
   <rtept lat="34.15200600" lon="134.48761000">
   </rtept>
   <rtept lat="34.15184900" lon="134.48724000">
   </rtept>
   <rtept lat="34.15173100" lon="134.48696400">
   </rtept>
   <rtept lat="34.15165200" lon="134.48683100">
   </rtept>
   <rtept lat="34.15149500" lon="134.48672600">
   </rtept>
   <rtept lat="34.15128200" lon="134.48663100">
   </rtept>
   <rtept lat="34.15103000" lon="134.48634600">
   </rtept>
   <rtept lat="34.15036800" lon="134.48544800">
   </rtept>
   <rtept lat="34.14984100" lon="134.48462100">
   </rtept>
   <rtept lat="34.14966800" lon="134.48423100">
   </rtept>
   <rtept lat="34.14948700" lon="134.48379300">
   </rtept>
   <rtept lat="34.14926700" lon="134.48344200">
   </rtept>
   <rtept lat="34.14914100" lon="134.48316600">
   </rtept>
   <rtept lat="34.14911000" lon="134.48276700">
   </rtept>
   <rtept lat="34.14907800" lon="134.48232900">
   </rtept>
   <rtept lat="34.14902300" lon="134.48174000">
   </rtept>
   <rtept lat="34.14902300" lon="134.48146400">
   </rtept>
   <rtept lat="34.14914100" lon="134.48100800">
   </rtept>
   <rtept lat="34.14909400" lon="134.48049400">
   </rtept>
   <rtept lat="34.14894400" lon="134.48032300">
   </rtept>
   <rtept lat="34.14884200" lon="134.48011400">
   </rtept>
   <rtept lat="34.14877900" lon="134.47996200">
   </rtept>
   <rtept lat="34.14875500" lon="134.47976200">
   </rtept>
   <rtept lat="34.14835700" lon="134.47913300">
   </rtept>
   <rtept lat="34.14805800" lon="134.47870500">
   </rtept>
   <rtept lat="34.14796400" lon="134.47841000">
   </rtept>
   <rtept lat="34.14789300" lon="134.47808700">
   </rtept>
   <rtept lat="34.14785400" lon="134.47778300">
   </rtept>
   <rtept lat="34.14786200" lon="134.47748800">
   </rtept>
   <rtept lat="34.14792500" lon="134.47708900">
   </rtept>
   <rtept lat="34.14796400" lon="134.47649000">
   </rtept>
   <rtept lat="34.14787700" lon="134.47591000">
   </rtept>
   <rtept lat="34.14783800" lon="134.47545400">
   </rtept>
   <rtept lat="34.14812100" lon="134.47494000">
   </rtept>
   <rtept lat="34.14829400" lon="134.47447300">
   </rtept>
   <rtept lat="34.14828700" lon="134.47392100">
   </rtept>
   <rtept lat="34.14816900" lon="134.47315100">
   </rtept>
   <rtept lat="34.14797200" lon="134.47216200">
   </rtept>
   <rtept lat="34.14773800" lon="134.47081900">
   </rtept>
   <rtept lat="34.14764200" lon="134.47066800">
   </rtept>
 </rte>
 <rte>
  <name>SHIKOKU_TKS_04(山里のみち)</name>
   <rtept lat="34.14181700" lon="134.45040200">
   </rtept>
   <rtept lat="34.14201800" lon="134.45025900">
   </rtept>
   <rtept lat="34.14256000" lon="134.45025900">
   </rtept>
   <rtept lat="34.14260800" lon="134.45015900">
   </rtept>
   <rtept lat="34.14310300" lon="134.45004500">
   </rtept>
   <rtept lat="34.14348100" lon="134.44997400">
   </rtept>
   <rtept lat="34.14387100" lon="134.45004500">
   </rtept>
   <rtept lat="34.14405900" lon="134.45020200">
   </rtept>
   <rtept lat="34.14422500" lon="134.45025900">
   </rtept>
   <rtept lat="34.14480300" lon="134.45037300">
   </rtept>
   <rtept lat="34.14505100" lon="134.45031600">
   </rtept>
   <rtept lat="34.14548800" lon="134.45033100">
   </rtept>
   <rtept lat="34.14590100" lon="134.45034500">
   </rtept>
   <rtept lat="34.14620700" lon="134.45034500">
   </rtept>
   <rtept lat="34.14670000" lon="134.45052500">
   </rtept>
   <rtept lat="34.14729000" lon="134.45036900">
   </rtept>
   <rtept lat="34.14785700" lon="134.45072500">
   </rtept>
   <rtept lat="34.14895400" lon="134.45098200">
   </rtept>
   <rtept lat="34.14927300" lon="134.45109600">
   </rtept>
   <rtept lat="34.14948600" lon="134.45116700">
   </rtept>
   <rtept lat="34.14961500" lon="134.45118100">
   </rtept>
   <rtept lat="34.14987500" lon="134.45103900">
   </rtept>
   <rtept lat="34.15017000" lon="134.45098200">
   </rtept>
   <rtept lat="34.15093700" lon="134.45108200">
   </rtept>
   <rtept lat="34.15212900" lon="134.45146700">
   </rtept>
   <rtept lat="34.15256600" lon="134.45143800">
   </rtept>
   <rtept lat="34.15288400" lon="134.45149500">
   </rtept>
   <rtept lat="34.15323400" lon="134.45172300">
   </rtept>
   <rtept lat="34.15368200" lon="134.45188000">
   </rtept>
   <rtept lat="34.15403600" lon="134.45193700">
   </rtept>
   <rtept lat="34.15420100" lon="134.45185200">
   </rtept>
   <rtept lat="34.15466200" lon="134.45143800">
   </rtept>
   <rtept lat="34.15502800" lon="134.45113900">
   </rtept>
   <rtept lat="34.15568800" lon="134.45049700">
   </rtept>
   <rtept lat="34.15613700" lon="134.45018300">
   </rtept>
   <rtept lat="34.15652600" lon="134.44998400">
   </rtept>
   <rtept lat="34.15678600" lon="134.44958400">
   </rtept>
   <rtept lat="34.15698600" lon="134.44938500">
   </rtept>
   <rtept lat="34.15721100" lon="134.44931300">
   </rtept>
   <rtept lat="34.15747000" lon="134.44959800">
   </rtept>
   <rtept lat="34.15769500" lon="134.44967000">
   </rtept>
   <rtept lat="34.15808400" lon="134.44947000">
   </rtept>
   <rtept lat="34.15837900" lon="134.44934200">
   </rtept>
   <rtept lat="34.15885100" lon="134.44961300">
   </rtept>
   <rtept lat="34.15899700" lon="134.44954100">
   </rtept>
   <rtept lat="34.15903200" lon="134.44947600">
   </rtept>
   <rtept lat="34.15907600" lon="134.44950600">
   </rtept>
   <rtept lat="34.15908600" lon="134.44955300">
   </rtept>
   <rtept lat="34.15913000" lon="134.44954100">
   </rtept>
   <rtept lat="34.15917400" lon="134.44951800">
   </rtept>
   <rtept lat="34.15924300" lon="134.44950000">
   </rtept>
   <rtept lat="34.15928800" lon="134.44953500">
   </rtept>
   <rtept lat="34.15926800" lon="134.44961900">
   </rtept>
   <rtept lat="34.15930200" lon="134.44969000">
   </rtept>
   <rtept lat="34.15937600" lon="134.44969000">
   </rtept>
   <rtept lat="34.15942500" lon="134.44972000">
   </rtept>
   <rtept lat="34.15948400" lon="134.44972000">
   </rtept>
   <rtept lat="34.15956300" lon="134.44965400">
   </rtept>
   <rtept lat="34.15967600" lon="134.44944000">
   </rtept>
   <rtept lat="34.15979400" lon="134.44927400">
   </rtept>
   <rtept lat="34.15988700" lon="134.44913700">
   </rtept>
   <rtept lat="34.16006000" lon="134.44903600">
   </rtept>
   <rtept lat="34.16024100" lon="134.44901300">
   </rtept>
   <rtept lat="34.16057600" lon="134.44901900">
   </rtept>
   <rtept lat="34.16081700" lon="134.44901300">
   </rtept>
   <rtept lat="34.16101800" lon="134.44903600">
   </rtept>
   <rtept lat="34.16133300" lon="134.44906600">
   </rtept>
   <rtept lat="34.16147100" lon="134.44914300">
   </rtept>
   <rtept lat="34.16149000" lon="134.44931000">
   </rtept>
   <rtept lat="34.16147100" lon="134.44942900">
   </rtept>
   <rtept lat="34.16150500" lon="134.44949400">
   </rtept>
   <rtept lat="34.16154900" lon="134.44953500">
   </rtept>
   <rtept lat="34.16170100" lon="134.44952400">
   </rtept>
   <rtept lat="34.16178400" lon="134.44946400">
   </rtept>
   <rtept lat="34.16188800" lon="134.44946400">
   </rtept>
   <rtept lat="34.16217800" lon="134.44954700">
   </rtept>
   <rtept lat="34.16236500" lon="134.44955900">
   </rtept>
   <rtept lat="34.16257600" lon="134.44951200">
   </rtept>
   <rtept lat="34.16270900" lon="134.44953500">
   </rtept>
   <rtept lat="34.16301400" lon="134.44960100">
   </rtept>
   <rtept lat="34.16307300" lon="134.44976700">
   </rtept>
   <rtept lat="34.16308200" lon="134.44988000">
   </rtept>
   <rtept lat="34.16313200" lon="134.45005200">
   </rtept>
   <rtept lat="34.16321500" lon="134.45021900">
   </rtept>
   <rtept lat="34.16335800" lon="134.45032000">
   </rtept>
   <rtept lat="34.16344600" lon="134.45032600">
   </rtept>
   <rtept lat="34.16352500" lon="134.45038500">
   </rtept>
   <rtept lat="34.16354900" lon="134.45046200">
   </rtept>
   <rtept lat="34.16352500" lon="134.45077100">
   </rtept>
   <rtept lat="34.16352000" lon="134.45100900">
   </rtept>
   <rtept lat="34.16357900" lon="134.45122900">
   </rtept>
   <rtept lat="34.16365800" lon="134.45138300">
   </rtept>
   <rtept lat="34.16376200" lon="134.45148000">
   </rtept>
   <rtept lat="34.16385600" lon="134.45157200">
   </rtept>
   <rtept lat="34.16388500" lon="134.45169400">
   </rtept>
   <rtept lat="34.16382000" lon="134.45185000">
   </rtept>
   <rtept lat="34.16382600" lon="134.45200700">
   </rtept>
   <rtept lat="34.16393800" lon="134.45225700">
   </rtept>
   <rtept lat="34.16405100" lon="134.45235700">
   </rtept>
   <rtept lat="34.16416900" lon="134.45240700">
   </rtept>
   <rtept lat="34.16419800" lon="134.45250600">
   </rtept>
   <rtept lat="34.16422800" lon="134.45259200">
   </rtept>
   <rtept lat="34.16441600" lon="134.45281300">
   </rtept>
   <rtept lat="34.16446900" lon="134.45289900">
   </rtept>
   <rtept lat="34.16454000" lon="134.45300600">
   </rtept>
   <rtept lat="34.16472900" lon="134.45314100">
   </rtept>
   <rtept lat="34.16490000" lon="134.45283400">
   </rtept>
   <rtept lat="34.16501800" lon="134.45264900">
   </rtept>
   <rtept lat="34.16511300" lon="134.45245700">
   </rtept>
   <rtept lat="34.16529000" lon="134.45211400">
   </rtept>
   <rtept lat="34.16539600" lon="134.45181500">
   </rtept>
   <rtept lat="34.16559600" lon="134.45180100">
   </rtept>
   <rtept lat="34.16566700" lon="134.45172200">
   </rtept>
   <rtept lat="34.16573800" lon="134.45156500">
   </rtept>
   <rtept lat="34.16595000" lon="134.45164400">
   </rtept>
   <rtept lat="34.16618600" lon="134.45177200">
   </rtept>
   <rtept lat="34.16614500" lon="134.45168600">
   </rtept>
   <rtept lat="34.16600300" lon="134.45154400">
   </rtept>
   <rtept lat="34.16588000" lon="134.45144400">
   </rtept>
   <rtept lat="34.16575600" lon="134.45135100">
   </rtept>
   <rtept lat="34.16570300" lon="134.45128700">
   </rtept>
   <rtept lat="34.16569100" lon="134.45120200">
   </rtept>
   <rtept lat="34.16571400" lon="134.45111600">
   </rtept>
   <rtept lat="34.16589800" lon="134.45114200">
   </rtept>
   <rtept lat="34.16609200" lon="134.45104200">
   </rtept>
   <rtept lat="34.16608100" lon="134.45090000">
   </rtept>
   <rtept lat="34.16619300" lon="134.45080000">
   </rtept>
   <rtept lat="34.16629900" lon="134.45078600">
   </rtept>
   <rtept lat="34.16652300" lon="134.45081400">
   </rtept>
   <rtept lat="34.16663500" lon="134.45072900">
   </rtept>
   <rtept lat="34.16670000" lon="134.45070000">
   </rtept>
   <rtept lat="34.16678900" lon="134.45073600">
   </rtept>
   <rtept lat="34.16704200" lon="134.45073600">
   </rtept>
   <rtept lat="34.16717800" lon="134.45095000">
   </rtept>
   <rtept lat="34.16746700" lon="134.45116400">
   </rtept>
   <rtept lat="34.16789800" lon="134.45155600">
   </rtept>
   <rtept lat="34.16805100" lon="134.45164800">
   </rtept>
   <rtept lat="34.16819900" lon="134.45186900">
   </rtept>
   <rtept lat="34.16832200" lon="134.45200500">
   </rtept>
   <rtept lat="34.16844600" lon="134.45226900">
   </rtept>
   <rtept lat="34.16860600" lon="134.45234700">
   </rtept>
   <rtept lat="34.16878300" lon="134.45241900">
   </rtept>
   <rtept lat="34.16881800" lon="134.45250400">
   </rtept>
   <rtept lat="34.16887100" lon="134.45278900">
   </rtept>
   <rtept lat="34.16893600" lon="134.45313200">
   </rtept>
   <rtept lat="34.16906600" lon="134.45358100">
   </rtept>
   <rtept lat="34.16919000" lon="134.45380200">
   </rtept>
   <rtept lat="34.16920800" lon="134.45389700">
   </rtept>
   <rtept lat="34.16950500" lon="134.45304400">
   </rtept>
   <rtept lat="34.16980400" lon="134.45272000">
   </rtept>
   <rtept lat="34.17022900" lon="134.45283400">
   </rtept>
   <rtept lat="34.17082700" lon="134.45241600">
   </rtept>
   <rtept lat="34.17101600" lon="134.45289200">
   </rtept>
   <rtept lat="34.17189300" lon="134.45218300">
   </rtept>
   <rtept lat="34.17208900" lon="134.45256400">
   </rtept>
   <rtept lat="34.17269900" lon="134.45218300">
   </rtept>
   <rtept lat="34.17293500" lon="134.45187400">
   </rtept>
   <rtept lat="34.17376100" lon="134.45130400">
   </rtept>
   <rtept lat="34.17405600" lon="134.45175500">
   </rtept>
   <rtept lat="34.17433100" lon="134.45170800">
   </rtept>
   <rtept lat="34.17470500" lon="134.45151800">
   </rtept>
   <rtept lat="34.17517700" lon="134.45132800">
   </rtept>
   <rtept lat="34.17541300" lon="134.45125600">
   </rtept>
   <rtept lat="34.17588500" lon="134.45085200">
   </rtept>
   <rtept lat="34.17604200" lon="134.45054300">
   </rtept>
   <rtept lat="34.17625800" lon="134.45044800">
   </rtept>
   <rtept lat="34.17688700" lon="134.45004400">
   </rtept>
   <rtept lat="34.17704500" lon="134.44945000">
   </rtept>
   <rtept lat="34.17718200" lon="134.44930700">
   </rtept>
   <rtept lat="34.17732000" lon="134.44876100">
   </rtept>
   <rtept lat="34.17752300" lon="134.44835200">
   </rtept>
   <rtept lat="34.17762200" lon="134.44773400">
   </rtept>
   <rtept lat="34.17785800" lon="134.44721100">
   </rtept>
   <rtept lat="34.17823100" lon="134.44694900">
   </rtept>
   <rtept lat="34.17882100" lon="134.44678300">
   </rtept>
   <rtept lat="34.17933200" lon="134.44680700">
   </rtept>
   <rtept lat="34.17966700" lon="134.44685400">
   </rtept>
   <rtept lat="34.18015800" lon="134.44704400">
   </rtept>
   <rtept lat="34.18057100" lon="134.44692600">
   </rtept>
   <rtept lat="34.18102300" lon="134.44694900">
   </rtept>
   <rtept lat="34.18157400" lon="134.44690200">
   </rtept>
   <rtept lat="34.18222300" lon="134.44685400">
   </rtept>
   <rtept lat="34.18495600" lon="134.44637900">
   </rtept>
   <rtept lat="34.18497600" lon="134.44675900">
   </rtept>
   <rtept lat="34.18511300" lon="134.44706800">
   </rtept>
   <rtept lat="34.18529000" lon="134.44718700">
   </rtept>
   <rtept lat="34.18560500" lon="134.44721100">
   </rtept>
   <rtept lat="34.18609600" lon="134.44699700">
   </rtept>
   <rtept lat="34.18652900" lon="134.44666400">
   </rtept>
   <rtept lat="34.18704000" lon="134.44626000">
   </rtept>
   <rtept lat="34.18745300" lon="134.44599900">
   </rtept>
   <rtept lat="34.18796400" lon="134.44580900">
   </rtept>
   <rtept lat="34.18837700" lon="134.44550000">
   </rtept>
   <rtept lat="34.18845200" lon="134.44500000">
   </rtept>
   <rtept lat="34.18910000" lon="134.44447800">
   </rtept>
   <rtept lat="34.18910000" lon="134.44388300">
   </rtept>
   <rtept lat="34.18941500" lon="134.44381200">
   </rtept>
   <rtept lat="34.18963100" lon="134.44390700">
   </rtept>
   <rtept lat="34.18951300" lon="134.44431100">
   </rtept>
   <rtept lat="34.18949400" lon="134.44447800">
   </rtept>
   <rtept lat="34.18955300" lon="134.44497700">
   </rtept>
   <rtept lat="34.18971000" lon="134.44504800">
   </rtept>
   <rtept lat="34.19043700" lon="134.44459600">
   </rtept>
   <rtept lat="34.19039800" lon="134.44516700">
   </rtept>
   <rtept lat="34.19073200" lon="134.44469100">
   </rtept>
   <rtept lat="34.19104700" lon="134.44407400">
   </rtept>
   <rtept lat="34.19126300" lon="134.44355100">
   </rtept>
   <rtept lat="34.19126300" lon="134.44340800">
   </rtept>
   <rtept lat="34.19147900" lon="134.44317000">
   </rtept>
   <rtept lat="34.19187200" lon="134.44250500">
   </rtept>
   <rtept lat="34.19201000" lon="134.44229100">
   </rtept>
   <rtept lat="34.19183300" lon="134.44150700">
   </rtept>
   <rtept lat="34.19157800" lon="134.44067500">
   </rtept>
   <rtept lat="34.19127000" lon="134.43979100">
   </rtept>
   <rtept lat="34.19121500" lon="134.43943900">
   </rtept>
   <rtept lat="34.19104200" lon="134.43914400">
   </rtept>
   <rtept lat="34.19144300" lon="134.43950500">
   </rtept>
   <rtept lat="34.19175500" lon="134.43924900">
   </rtept>
   <rtept lat="34.19210700" lon="134.43899900">
   </rtept>
   <rtept lat="34.19256100" lon="134.43867800">
   </rtept>
   <rtept lat="34.19320900" lon="134.43841700">
   </rtept>
   <rtept lat="34.19346500" lon="134.43844000">
   </rtept>
   <rtept lat="34.19397600" lon="134.43858300">
   </rtept>
   <rtept lat="34.19456600" lon="134.43884500">
   </rtept>
   <rtept lat="34.19505700" lon="134.43934400">
   </rtept>
   <rtept lat="34.19549000" lon="134.43958100">
   </rtept>
   <rtept lat="34.19668900" lon="134.43960500">
   </rtept>
   <rtept lat="34.19712200" lon="134.43936700">
   </rtept>
   <rtept lat="34.19715600" lon="134.43912400">
   </rtept>
 </rte>
 <rte>
  <name>SHIKOKU_TKS_05(山寺のみち)</name>
   <rtept lat="34.13675100" lon="134.43166100">
   </rtept>
   <rtept lat="34.13726200" lon="134.43161400">
   </rtept>
   <rtept lat="34.13804900" lon="134.43137600">
   </rtept>
   <rtept lat="34.13828500" lon="134.43154300">
   </rtept>
   <rtept lat="34.13810800" lon="134.43187500">
   </rtept>
   <rtept lat="34.13816700" lon="134.43249300">
   </rtept>
   <rtept lat="34.13814700" lon="134.43296900">
   </rtept>
   <rtept lat="34.13799000" lon="134.43318300">
   </rtept>
   <rtept lat="34.13791100" lon="134.43349200">
   </rtept>
   <rtept lat="34.13787200" lon="134.43396700">
   </rtept>
   <rtept lat="34.13779300" lon="134.43437100">
   </rtept>
   <rtept lat="34.13820600" lon="134.43380000">
   </rtept>
   <rtept lat="34.13869800" lon="134.43299200">
   </rtept>
   <rtept lat="34.13893400" lon="134.43223200">
   </rtept>
   <rtept lat="34.13940600" lon="134.43194700">
   </rtept>
   <rtept lat="34.14015400" lon="134.43151900">
   </rtept>
   <rtept lat="34.14100000" lon="134.43123400">
   </rtept>
   <rtept lat="34.14168800" lon="134.43094800">
   </rtept>
   <rtept lat="34.14194400" lon="134.43071100">
   </rtept>
   <rtept lat="34.14261300" lon="134.43021200">
   </rtept>
   <rtept lat="34.14290800" lon="134.42992600">
   </rtept>
   <rtept lat="34.14345900" lon="134.42992600">
   </rtept>
   <rtept lat="34.14422600" lon="134.42968900">
   </rtept>
   <rtept lat="34.14475700" lon="134.42957000">
   </rtept>
   <rtept lat="34.14530800" lon="134.42968900">
   </rtept>
   <rtept lat="34.14607500" lon="134.42987900">
   </rtept>
   <rtept lat="34.14616700" lon="134.42974200">
   </rtept>
   <rtept lat="34.14637900" lon="134.42955800">
   </rtept>
   <rtept lat="34.14679700" lon="134.42930800">
   </rtept>
   <rtept lat="34.14696900" lon="134.42915400">
   </rtept>
   <rtept lat="34.14699300" lon="134.42881500">
   </rtept>
   <rtept lat="34.14698300" lon="134.42870200">
   </rtept>
   <rtept lat="34.14710600" lon="134.42833900">
   </rtept>
   <rtept lat="34.14717000" lon="134.42826200">
   </rtept>
   <rtept lat="34.14754400" lon="134.42808400">
   </rtept>
   <rtept lat="34.14763300" lon="134.42799500">
   </rtept>
   <rtept lat="34.14780500" lon="134.42766800">
   </rtept>
   <rtept lat="34.14798200" lon="134.42746600">
   </rtept>
   <rtept lat="34.14820300" lon="134.42715100">
   </rtept>
   <rtept lat="34.14841000" lon="134.42681800">
   </rtept>
   <rtept lat="34.14846400" lon="134.42663400">
   </rtept>
   <rtept lat="34.14863100" lon="134.42615300">
   </rtept>
   <rtept lat="34.14849800" lon="134.42579000">
   </rtept>
   <rtept lat="34.14850300" lon="134.42568300">
   </rtept>
   <rtept lat="34.14854200" lon="134.42529700">
   </rtept>
   <rtept lat="34.14865500" lon="134.42511300">
   </rtept>
   <rtept lat="34.14854200" lon="134.42521400">
   </rtept>
   <rtept lat="34.14846400" lon="134.42541000">
   </rtept>
   <rtept lat="34.14842900" lon="134.42579600">
   </rtept>
   <rtept lat="34.14836000" lon="134.42602800">
   </rtept>
   <rtept lat="34.14829200" lon="134.42617100">
   </rtept>
   <rtept lat="34.14822800" lon="134.42623000">
   </rtept>
   <rtept lat="34.14818800" lon="134.42619400">
   </rtept>
   <rtept lat="34.14820800" lon="134.42601000">
   </rtept>
   <rtept lat="34.14823300" lon="134.42593300">
   </rtept>
   <rtept lat="34.14821300" lon="134.42588500">
   </rtept>
   <rtept lat="34.14813400" lon="134.42587900">
   </rtept>
   <rtept lat="34.14807000" lon="134.42598600">
   </rtept>
   <rtept lat="34.14795700" lon="134.42621800">
   </rtept>
   <rtept lat="34.14788300" lon="134.42632500">
   </rtept>
   <rtept lat="34.14783900" lon="134.42630100">
   </rtept>
   <rtept lat="34.14793300" lon="134.42605200">
   </rtept>
   <rtept lat="34.14797200" lon="134.42594500">
   </rtept>
   <rtept lat="34.14790300" lon="134.42577300">
   </rtept>
   <rtept lat="34.14790300" lon="134.42571300">
   </rtept>
   <rtept lat="34.14797200" lon="134.42550500">
   </rtept>
   <rtept lat="34.14808000" lon="134.42525000">
   </rtept>
   <rtept lat="34.14808500" lon="134.42514900">
   </rtept>
   <rtept lat="34.14807500" lon="134.42503000">
   </rtept>
   <rtept lat="34.14822700" lon="134.42445900">
   </rtept>
   <rtept lat="34.14830600" lon="134.42405500">
   </rtept>
   <rtept lat="34.14840400" lon="134.42367400">
   </rtept>
   <rtept lat="34.14877800" lon="134.42290200">
   </rtept>
   <rtept lat="34.14890600" lon="134.42247400">
   </rtept>
   <rtept lat="34.14896500" lon="134.42197500">
   </rtept>
   <rtept lat="34.14920100" lon="134.42110800">
   </rtept>
   <rtept lat="34.14970200" lon="134.42010900">
   </rtept>
   <rtept lat="34.15036100" lon="134.41936100">
   </rtept>
   <rtept lat="34.15078500" lon="134.41902700">
   </rtept>
   <rtept lat="34.15156400" lon="134.41869900">
   </rtept>
   <rtept lat="34.15184700" lon="134.41815700">
   </rtept>
   <rtept lat="34.15220100" lon="134.41788600">
   </rtept>
   <rtept lat="34.15256700" lon="134.41737300">
   </rtept>
   <rtept lat="34.15300400" lon="134.41725900">
   </rtept>
   <rtept lat="34.15328700" lon="134.41704500">
   </rtept>
   <rtept lat="34.15393600" lon="134.41661700">
   </rtept>
   <rtept lat="34.15432500" lon="134.41636100">
   </rtept>
   <rtept lat="34.15465600" lon="134.41616100">
   </rtept>
   <rtept lat="34.15519900" lon="134.41551900">
   </rtept>
   <rtept lat="34.15514000" lon="134.41509100">
   </rtept>
   <rtept lat="34.15498600" lon="134.41460600">
   </rtept>
   <rtept lat="34.15493900" lon="134.41423600">
   </rtept>
   <rtept lat="34.15492700" lon="134.41383600">
   </rtept>
   <rtept lat="34.15498600" lon="134.41343700">
   </rtept>
   <rtept lat="34.15449100" lon="134.41330900">
   </rtept>
   <rtept lat="34.15427800" lon="134.41320900">
   </rtept>
   <rtept lat="34.15417200" lon="134.41316600">
   </rtept>
   <rtept lat="34.15394800" lon="134.41320900">
   </rtept>
   <rtept lat="34.15370000" lon="134.41328000">
   </rtept>
   <rtept lat="34.15351100" lon="134.41328000">
   </rtept>
   <rtept lat="34.15328700" lon="134.41310900">
   </rtept>
   <rtept lat="34.15312200" lon="134.41298100">
   </rtept>
   <rtept lat="34.15277900" lon="134.41305200">
   </rtept>
   <rtept lat="34.15210700" lon="134.41323700">
   </rtept>
   <rtept lat="34.15178800" lon="134.41320900">
   </rtept>
   <rtept lat="34.15141000" lon="134.41308100">
   </rtept>
   <rtept lat="34.15138700" lon="134.41271000">
   </rtept>
   <rtept lat="34.15154000" lon="134.41232500">
   </rtept>
   <rtept lat="34.15198900" lon="134.41181100">
   </rtept>
   <rtept lat="34.15227200" lon="134.41166900">
   </rtept>
   <rtept lat="34.15263800" lon="134.41155500">
   </rtept>
   <rtept lat="34.15294500" lon="134.41141200">
   </rtept>
   <rtept lat="34.15308600" lon="134.41134100">
   </rtept>
   <rtept lat="34.15293200" lon="134.41116500">
   </rtept>
   <rtept lat="34.15263700" lon="134.41092300">
   </rtept>
   <rtept lat="34.15243600" lon="134.41063800">
   </rtept>
   <rtept lat="34.15238900" lon="134.41049500">
   </rtept>
   <rtept lat="34.15241300" lon="134.41022400">
   </rtept>
   <rtept lat="34.15261400" lon="134.40989600">
   </rtept>
   <rtept lat="34.15293200" lon="134.40973900">
   </rtept>
   <rtept lat="34.15336900" lon="134.40972500">
   </rtept>
   <rtept lat="34.15371100" lon="134.40983900">
   </rtept>
   <rtept lat="34.15388800" lon="134.40983900">
   </rtept>
   <rtept lat="34.15398200" lon="134.40978200">
   </rtept>
   <rtept lat="34.15399400" lon="134.40952500">
   </rtept>
   <rtept lat="34.15399400" lon="134.40931100">
   </rtept>
   <rtept lat="34.15413600" lon="134.40908300">
   </rtept>
   <rtept lat="34.15445400" lon="134.40889800">
   </rtept>
   <rtept lat="34.15471400" lon="134.40865500">
   </rtept>
   <rtept lat="34.15486800" lon="134.40848400">
   </rtept>
   <rtept lat="34.15498600" lon="134.40835600">
   </rtept>
   <rtept lat="34.15525700" lon="134.40824200">
   </rtept>
   <rtept lat="34.15559900" lon="134.40824200">
   </rtept>
   <rtept lat="34.15608300" lon="134.40844100">
   </rtept>
   <rtept lat="34.15649600" lon="134.40852700">
   </rtept>
   <rtept lat="34.15688600" lon="134.40848400">
   </rtept>
   <rtept lat="34.15695600" lon="134.40818500">
   </rtept>
   <rtept lat="34.15701500" lon="134.40774300">
   </rtept>
   <rtept lat="34.15700400" lon="134.40741500">
   </rtept>
   <rtept lat="34.15698700" lon="134.40691300">
   </rtept>
   <rtept lat="34.15714400" lon="134.40611400">
   </rtept>
   <rtept lat="34.15725500" lon="134.40544900">
   </rtept>
   <rtept lat="34.15738000" lon="134.40512600">
   </rtept>
   <rtept lat="34.15750600" lon="134.40487900">
   </rtept>
   <rtept lat="34.15793100" lon="134.40463100">
   </rtept>
   <rtept lat="34.15802600" lon="134.40425100">
   </rtept>
   <rtept lat="34.15801000" lon="134.40389000">
   </rtept>
   <rtept lat="34.15786800" lon="134.40366200">
   </rtept>
   <rtept lat="34.15761600" lon="134.40360500">
   </rtept>
   <rtept lat="34.15733300" lon="134.40379500">
   </rtept>
   <rtept lat="34.15698700" lon="134.40430800">
   </rtept>
   <rtept lat="34.15665300" lon="134.40462900">
   </rtept>
   <rtept lat="34.15619800" lon="134.40508500">
   </rtept>
   <rtept lat="34.15577900" lon="134.40546300">
   </rtept>
   <rtept lat="34.15557900" lon="134.40555600">
   </rtept>
   <rtept lat="34.15529600" lon="134.40561300">
   </rtept>
   <rtept lat="34.15500100" lon="134.40558400">
   </rtept>
   <rtept lat="34.15465200" lon="134.40532800">
   </rtept>
   <rtept lat="34.15423300" lon="134.40485700">
   </rtept>
   <rtept lat="34.15409800" lon="134.40468600">
   </rtept>
   <rtept lat="34.15397400" lon="134.40459300">
   </rtept>
   <rtept lat="34.15376700" lon="134.40457200">
   </rtept>
   <rtept lat="34.15346000" lon="134.40464300">
   </rtept>
   <rtept lat="34.15233800" lon="134.40498800">
   </rtept>
   <rtept lat="34.15198400" lon="134.40508300">
   </rtept>
   <rtept lat="34.15153500" lon="134.40512100">
   </rtept>
   <rtept lat="34.15129100" lon="134.40515900">
   </rtept>
   <rtept lat="34.15101600" lon="134.40528300">
   </rtept>
   <rtept lat="34.15075600" lon="134.40557800">
   </rtept>
   <rtept lat="34.15067000" lon="134.40580600">
   </rtept>
   <rtept lat="34.15070100" lon="134.40607200">
   </rtept>
   <rtept lat="34.15090600" lon="134.40659500">
   </rtept>
   <rtept lat="34.15092200" lon="134.40683300">
   </rtept>
   <rtept lat="34.15086700" lon="134.40689000">
   </rtept>
   <rtept lat="34.15071700" lon="134.40681400">
   </rtept>
   <rtept lat="34.15059900" lon="134.40663300">
   </rtept>
   <rtept lat="34.15050500" lon="134.40658600">
   </rtept>
   <rtept lat="34.15035500" lon="134.40648100">
   </rtept>
   <rtept lat="34.15020600" lon="134.40644300">
   </rtept>
   <rtept lat="34.15006400" lon="134.40647100">
   </rtept>
   <rtept lat="34.14989100" lon="134.40651000">
   </rtept>
   <rtept lat="34.14963900" lon="134.40644300">
   </rtept>
   <rtept lat="34.14931700" lon="134.40644300">
   </rtept>
   <rtept lat="34.14908800" lon="134.40645200">
   </rtept>
   <rtept lat="34.14893900" lon="134.40636700">
   </rtept>
   <rtept lat="34.14890000" lon="134.40620500">
   </rtept>
   <rtept lat="34.14891500" lon="134.40572000">
   </rtept>
   <rtept lat="34.14902500" lon="134.40549200">
   </rtept>
   <rtept lat="34.14912000" lon="134.40544500">
   </rtept>
   <rtept lat="34.14935600" lon="134.40537800">
   </rtept>
   <rtept lat="34.14941100" lon="134.40526400">
   </rtept>
   <rtept lat="34.14940300" lon="134.40495000">
   </rtept>
   <rtept lat="34.14941100" lon="134.40472200">
   </rtept>
   <rtept lat="34.14949000" lon="134.40444600">
   </rtept>
   <rtept lat="34.14952100" lon="134.40427500">
   </rtept>
   <rtept lat="34.14944200" lon="134.40419900">
   </rtept>
   <rtept lat="34.14921400" lon="134.40412300">
   </rtept>
   <rtept lat="34.14904900" lon="134.40413300">
   </rtept>
   <rtept lat="34.14886800" lon="134.40430400">
   </rtept>
   <rtept lat="34.14870300" lon="134.40444600">
   </rtept>
   <rtept lat="34.14853100" lon="134.40450300">
   </rtept>
   <rtept lat="34.14827200" lon="134.40453200">
   </rtept>
   <rtept lat="34.14795700" lon="134.40447500">
   </rtept>
   <rtept lat="34.14778400" lon="134.40443700">
   </rtept>
   <rtept lat="34.14758700" lon="134.40443700">
   </rtept>
   <rtept lat="34.14750100" lon="134.40451300">
   </rtept>
   <rtept lat="34.14752400" lon="134.40462700">
   </rtept>
   <rtept lat="34.14774500" lon="134.40473200">
   </rtept>
   <rtept lat="34.14805100" lon="134.40476000">
   </rtept>
   <rtept lat="34.14817700" lon="134.40484600">
   </rtept>
   <rtept lat="34.14814600" lon="134.40496900">
   </rtept>
   <rtept lat="34.14802000" lon="134.40504500">
   </rtept>
   <rtept lat="34.14784700" lon="134.40504500">
   </rtept>
   <rtept lat="34.14747700" lon="134.40494100">
   </rtept>
   <rtept lat="34.14724900" lon="134.40496900">
   </rtept>
   <rtept lat="34.14667400" lon="134.40514000">
   </rtept>
   <rtept lat="34.14632800" lon="134.40521700">
   </rtept>
   <rtept lat="34.14601400" lon="134.40534000">
   </rtept>
   <rtept lat="34.14582500" lon="134.40535000">
   </rtept>
   <rtept lat="34.14569100" lon="134.40518800">
   </rtept>
   <rtept lat="34.14558100" lon="134.40496900">
   </rtept>
   <rtept lat="34.14558900" lon="134.40460800">
   </rtept>
   <rtept lat="34.14558900" lon="134.40438900">
   </rtept>
   <rtept lat="34.14555700" lon="134.40430400">
   </rtept>
   <rtept lat="34.14547100" lon="134.40431300">
   </rtept>
   <rtept lat="34.14540800" lon="134.40440800">
   </rtept>
   <rtept lat="34.14532100" lon="134.40466500">
   </rtept>
   <rtept lat="34.14530500" lon="134.40493100">
   </rtept>
   <rtept lat="34.14536000" lon="134.40534000">
   </rtept>
   <rtept lat="34.14532100" lon="134.40546400">
   </rtept>
   <rtept lat="34.14525000" lon="134.40548300">
   </rtept>
   <rtept lat="34.14513200" lon="134.40530200">
   </rtept>
   <rtept lat="34.14506100" lon="134.40498800">
   </rtept>
   <rtept lat="34.14500600" lon="134.40440800">
   </rtept>
   <rtept lat="34.14513200" lon="134.40423700">
   </rtept>
   <rtept lat="34.14553400" lon="134.40390500">
   </rtept>
   <rtept lat="34.14574600" lon="134.40367600">
   </rtept>
   <rtept lat="34.14603700" lon="134.40351500">
   </rtept>
   <rtept lat="34.14635200" lon="134.40351500">
   </rtept>
   <rtept lat="34.14649300" lon="134.40340100">
   </rtept>
   <rtept lat="34.14663500" lon="134.40308700">
   </rtept>
   <rtept lat="34.14691100" lon="134.40289700">
   </rtept>
   <rtept lat="34.14752400" lon="134.40283000">
   </rtept>
   <rtept lat="34.14794900" lon="134.40278300">
   </rtept>
   <rtept lat="34.14809100" lon="134.40260200">
   </rtept>
   <rtept lat="34.14809900" lon="134.40242100">
   </rtept>
   <rtept lat="34.14790200" lon="134.40235500">
   </rtept>
   <rtept lat="34.14771300" lon="134.40235500">
   </rtept>
   <rtept lat="34.14725700" lon="134.40223100">
   </rtept>
   <rtept lat="34.14704400" lon="134.40224100">
   </rtept>
   <rtept lat="34.14683200" lon="134.40231700">
   </rtept>
   <rtept lat="34.14567500" lon="134.40285900">
   </rtept>
   <rtept lat="34.14562300" lon="134.40305200">
   </rtept>
   <rtept lat="34.14541600" lon="134.40319500">
   </rtept>
   <rtept lat="34.14515100" lon="134.40331400">
   </rtept>
   <rtept lat="34.14481600" lon="134.40342100">
   </rtept>
   <rtept lat="34.14461000" lon="134.40361100">
   </rtept>
   <rtept lat="34.14444200" lon="134.40383700">
   </rtept>
   <rtept lat="34.14399000" lon="134.40414600">
   </rtept>
   <rtept lat="34.14325200" lon="134.40471600">
   </rtept>
   <rtept lat="34.14267200" lon="134.40516800">
   </rtept>
   <rtept lat="34.14254400" lon="134.40533400">
   </rtept>
   <rtept lat="34.14238700" lon="134.40585700">
   </rtept>
   <rtept lat="34.14222000" lon="134.40614200">
   </rtept>
   <rtept lat="34.14181600" lon="134.40652300">
   </rtept>
   <rtept lat="34.14114800" lon="134.40648700">
   </rtept>
   <rtept lat="34.14064600" lon="134.40640400">
   </rtept>
   <rtept lat="34.13994800" lon="134.40639200">
   </rtept>
   <rtept lat="34.13922600" lon="134.40645100">
   </rtept>
   <rtept lat="34.13901900" lon="134.40607100">
   </rtept>
   <rtept lat="34.13876300" lon="134.40581000">
   </rtept>
   <rtept lat="34.13853700" lon="134.40556000">
   </rtept>
   <rtept lat="34.13826200" lon="134.40521500">
   </rtept>
   <rtept lat="34.13817300" lon="134.40513200">
   </rtept>
   <rtept lat="34.13800600" lon="134.40481100">
   </rtept>
   <rtept lat="34.13792700" lon="134.40441900">
   </rtept>
   <rtept lat="34.13582200" lon="134.40430000">
   </rtept>
   <rtept lat="34.13518300" lon="134.40427700">
   </rtept>
   <rtept lat="34.13431300" lon="134.40438300">
   </rtept>
   <rtept lat="34.13401800" lon="134.40440700">
   </rtept>
   <rtept lat="34.13388000" lon="134.40430000">
   </rtept>
   <rtept lat="34.13378200" lon="134.40418100">
   </rtept>
   <rtept lat="34.13380200" lon="134.40373000">
   </rtept>
   <rtept lat="34.13395900" lon="134.40333800">
   </rtept>
   <rtept lat="34.13405800" lon="134.40282700">
   </rtept>
   <rtept lat="34.13438200" lon="134.40187600">
   </rtept>
   <rtept lat="34.13454900" lon="134.40134100">
   </rtept>
   <rtept lat="34.13483500" lon="134.40104400">
   </rtept>
   <rtept lat="34.13488400" lon="134.40086600">
   </rtept>
   <rtept lat="34.13495300" lon="134.40062800">
   </rtept>
   <rtept lat="34.13505100" lon="134.40048600">
   </rtept>
   <rtept lat="34.13517900" lon="134.40029500">
   </rtept>
   <rtept lat="34.13539500" lon="134.39954700">
   </rtept>
   <rtept lat="34.13541500" lon="134.39902400">
   </rtept>
   <rtept lat="34.13541500" lon="134.39856000">
   </rtept>
   <rtept lat="34.13520800" lon="134.39878600">
   </rtept>
   <rtept lat="34.13515900" lon="134.39911900">
   </rtept>
   <rtept lat="34.13511000" lon="134.39917800">
   </rtept>
   <rtept lat="34.13496300" lon="134.39921400">
   </rtept>
   <rtept lat="34.13479500" lon="134.39913100">
   </rtept>
   <rtept lat="34.13461800" lon="134.39905900">
   </rtept>
   <rtept lat="34.13449000" lon="134.39908300">
   </rtept>
   <rtept lat="34.13431300" lon="134.39926100">
   </rtept>
   <rtept lat="34.13402800" lon="134.39942800">
   </rtept>
   <rtept lat="34.13382100" lon="134.39951100">
   </rtept>
   <rtept lat="34.13360500" lon="134.39961800">
   </rtept>
   <rtept lat="34.13348700" lon="134.39965400">
   </rtept>
   <rtept lat="34.13338900" lon="134.39978400">
   </rtept>
   <rtept lat="34.13333900" lon="134.40003400">
   </rtept>
   <rtept lat="34.13326100" lon="134.40030700">
   </rtept>
   <rtept lat="34.13319200" lon="134.40109200">
   </rtept>
   <rtept lat="34.13321200" lon="134.40188800">
   </rtept>
   <rtept lat="34.13309400" lon="134.40256500">
   </rtept>
   <rtept lat="34.13310300" lon="134.40276700">
   </rtept>
   <rtept lat="34.13295600" lon="134.40336100">
   </rtept>
   <rtept lat="34.13292600" lon="134.40373000">
   </rtept>
   <rtept lat="34.13294600" lon="134.40405100">
   </rtept>
   <rtept lat="34.13304400" lon="134.40446700">
   </rtept>
   <rtept lat="34.13259200" lon="134.40487100">
   </rtept>
   <rtept lat="34.13210000" lon="134.40506100">
   </rtept>
   <rtept lat="34.13176600" lon="134.40522700">
   </rtept>
   <rtept lat="34.13152000" lon="134.40521500">
   </rtept>
   <rtept lat="34.13127400" lon="134.40513200">
   </rtept>
   <rtept lat="34.13072300" lon="134.40475200">
   </rtept>
   <rtept lat="34.13065400" lon="134.40469200">
   </rtept>
   <rtept lat="34.13074300" lon="134.40453800">
   </rtept>
   <rtept lat="34.13092900" lon="134.40420500">
   </rtept>
   <rtept lat="34.13099800" lon="134.40390800">
   </rtept>
   <rtept lat="34.13106700" lon="134.40356300">
   </rtept>
   <rtept lat="34.13115600" lon="134.40326600">
   </rtept>
   <rtept lat="34.13121500" lon="134.40292200">
   </rtept>
   <rtept lat="34.13121500" lon="134.40255300">
   </rtept>
   <rtept lat="34.13121500" lon="134.40224400">
   </rtept>
   <rtept lat="34.13137200" lon="134.40186400">
   </rtept>
   <rtept lat="34.13154900" lon="134.40142400">
   </rtept>
   <rtept lat="34.13154900" lon="134.40116300">
   </rtept>
   <rtept lat="34.13163800" lon="134.40081800">
   </rtept>
   <rtept lat="34.13161800" lon="134.40050900">
   </rtept>
   <rtept lat="34.13173600" lon="134.40008100">
   </rtept>
   <rtept lat="34.13214100" lon="134.39981000">
   </rtept>
   <rtept lat="34.13157100" lon="134.39808700">
   </rtept>
   <rtept lat="34.13134500" lon="134.39795600">
   </rtept>
   <rtept lat="34.13106900" lon="134.39770600">
   </rtept>
   <rtept lat="34.13074500" lon="134.39738500">
   </rtept>
   <rtept lat="34.13028200" lon="134.39706500">
   </rtept>
   <rtept lat="34.13000700" lon="134.39686200">
   </rtept>
   <rtept lat="34.12976100" lon="134.39670800">
   </rtept>
   <rtept lat="34.12947600" lon="134.39655400">
   </rtept>
   <rtept lat="34.12902300" lon="134.39632800">
   </rtept>
   <rtept lat="34.12867900" lon="134.39610200">
   </rtept>
   <rtept lat="34.12823800" lon="134.39588800">
   </rtept>
   <rtept lat="34.12787400" lon="134.39553100">
   </rtept>
   <rtept lat="34.12762800" lon="134.39511600">
   </rtept>
   <rtept lat="34.12737200" lon="134.39473500">
   </rtept>
   <rtept lat="34.12721500" lon="134.39441400">
   </rtept>
   <rtept lat="34.12715600" lon="134.39411700">
   </rtept>
   <rtept lat="34.12703800" lon="134.39392700">
   </rtept>
   <rtept lat="34.12688100" lon="134.39383200">
   </rtept>
   <rtept lat="34.12667400" lon="134.39385600">
   </rtept>
   <rtept lat="34.12629000" lon="134.39393900">
   </rtept>
   <rtept lat="34.12585700" lon="134.39396300">
   </rtept>
   <rtept lat="34.12532600" lon="134.39397500">
   </rtept>
   <rtept lat="34.12497200" lon="134.39390300">
   </rtept>
   <rtept lat="34.12424800" lon="134.39351800">
   </rtept>
   <rtept lat="34.12389400" lon="134.39329300">
   </rtept>
   <rtept lat="34.12351000" lon="134.39316200">
   </rtept>
   <rtept lat="34.12311700" lon="134.39311400">
   </rtept>
   <rtept lat="34.12279200" lon="134.39304300">
   </rtept>
   <rtept lat="34.12245700" lon="134.39290000">
   </rtept>
   <rtept lat="34.12207400" lon="134.39271000">
   </rtept>
   <rtept lat="34.12123800" lon="134.39237700">
   </rtept>
   <rtept lat="34.12082400" lon="134.39214000">
   </rtept>
   <rtept lat="34.12050900" lon="134.39195000">
   </rtept>
   <rtept lat="34.12039100" lon="134.39174800">
   </rtept>
   <rtept lat="34.12022400" lon="134.39139100">
   </rtept>
   <rtept lat="34.12017500" lon="134.39098700">
   </rtept>
   <rtept lat="34.12006700" lon="134.39088000">
   </rtept>
   <rtept lat="34.11996800" lon="134.39088000">
   </rtept>
   <rtept lat="34.11980100" lon="134.39104600">
   </rtept>
   <rtept lat="34.11962400" lon="134.39116500">
   </rtept>
   <rtept lat="34.11946700" lon="134.39129600">
   </rtept>
   <rtept lat="34.11922100" lon="134.39141500">
   </rtept>
   <rtept lat="34.11914200" lon="134.39132000">
   </rtept>
   <rtept lat="34.11907300" lon="134.39121300">
   </rtept>
   <rtept lat="34.11887600" lon="134.39117700">
   </rtept>
   <rtept lat="34.11874800" lon="134.39113000">
   </rtept>
   <rtept lat="34.11868900" lon="134.39096300">
   </rtept>
   <rtept lat="34.11859100" lon="134.39053500">
   </rtept>
   <rtept lat="34.11841400" lon="134.39015500">
   </rtept>
   <rtept lat="34.11824700" lon="134.38973900">
   </rtept>
   <rtept lat="34.11810900" lon="134.38950200">
   </rtept>
   <rtept lat="34.11801100" lon="134.38935900">
   </rtept>
 </rte>
 <rte>
  <name>SHIKOKU_TKS_05(山寺のみち)</name>
   <rtept lat="34.14113300" lon="134.44483000">
   </rtept>
   <rtept lat="34.14078300" lon="134.44416300">
   </rtept>
   <rtept lat="34.14060600" lon="134.44337900">
   </rtept>
   <rtept lat="34.14048800" lon="134.44266600">
   </rtept>
   <rtept lat="34.14031100" lon="134.44204800">
   </rtept>
   <rtept lat="34.14011500" lon="134.44143000">
   </rtept>
   <rtept lat="34.13987900" lon="134.44093100">
   </rtept>
   <rtept lat="34.13974100" lon="134.44012300">
   </rtept>
   <rtept lat="34.13964200" lon="134.43969500">
   </rtept>
   <rtept lat="34.13966200" lon="134.43910100">
   </rtept>
   <rtept lat="34.13987900" lon="134.43850700">
   </rtept>
   <rtept lat="34.13987900" lon="134.43810200">
   </rtept>
   <rtept lat="34.14011500" lon="134.43767500">
   </rtept>
   <rtept lat="34.14029200" lon="134.43684300">
   </rtept>
   <rtept lat="34.14033100" lon="134.43627200">
   </rtept>
   <rtept lat="34.14039000" lon="134.43591600">
   </rtept>
   <rtept lat="34.14023300" lon="134.43544000">
   </rtept>
   <rtept lat="34.14041000" lon="134.43494100">
   </rtept>
   <rtept lat="34.14078300" lon="134.43503600">
   </rtept>
   <rtept lat="34.14105900" lon="134.43484600">
   </rtept>
   <rtept lat="34.14117700" lon="134.43453700">
   </rtept>
   <rtept lat="34.14143300" lon="134.43449000">
   </rtept>
   <rtept lat="34.14157000" lon="134.43413300">
   </rtept>
   <rtept lat="34.14208200" lon="134.43394300">
   </rtept>
   <rtept lat="34.14237700" lon="134.43375300">
   </rtept>
   <rtept lat="34.14288800" lon="134.43380000">
   </rtept>
   <rtept lat="34.14334100" lon="134.43375300">
   </rtept>
   <rtept lat="34.14385200" lon="134.43365800">
   </rtept>
   <rtept lat="34.14436400" lon="134.43330100">
   </rtept>
   <rtept lat="34.14495400" lon="134.43277800">
   </rtept>
   <rtept lat="34.14536700" lon="134.43230300">
   </rtept>
   <rtept lat="34.14611400" lon="134.43149500">
   </rtept>
   <rtept lat="34.14627200" lon="134.43123400">
   </rtept>
   <rtept lat="34.14639000" lon="134.43080600">
   </rtept>
   <rtept lat="34.14639000" lon="134.43014000">
   </rtept>
   <rtept lat="34.14621800" lon="134.42999800">
   </rtept>
   <rtept lat="34.14708900" lon="134.43008500">
   </rtept>
   <rtept lat="34.14762400" lon="134.43018000">
   </rtept>
   <rtept lat="34.14850500" lon="134.43018000">
   </rtept>
   <rtept lat="34.14933900" lon="134.43035100">
   </rtept>
   <rtept lat="34.14990500" lon="134.43033200">
   </rtept>
   <rtept lat="34.15042500" lon="134.43031300">
   </rtept>
   <rtept lat="34.15073900" lon="134.43037000">
   </rtept>
   <rtept lat="34.15097500" lon="134.43052300">
   </rtept>
   <rtept lat="34.15118000" lon="134.43065600">
   </rtept>
 </rte>
 <rte>
  <name>SHIKOKU_TKS_06(丘陵地果樹園のみち)</name>
   <rtept lat="34.11789200" lon="134.38927600">
   </rtept>
   <rtept lat="34.11878200" lon="134.38929400">
   </rtept>
   <rtept lat="34.11831000" lon="134.38749700">
   </rtept>
   <rtept lat="34.11820300" lon="134.38584300">
   </rtept>
   <rtept lat="34.11822700" lon="134.38508700">
   </rtept>
   <rtept lat="34.11841600" lon="134.38465900">
   </rtept>
   <rtept lat="34.11875800" lon="134.38418900">
   </rtept>
   <rtept lat="34.11916000" lon="134.38343300">
   </rtept>
   <rtept lat="34.11927800" lon="134.38307600">
   </rtept>
   <rtept lat="34.11927800" lon="134.38287700">
   </rtept>
   <rtept lat="34.11914800" lon="134.38247700">
   </rtept>
   <rtept lat="34.11903000" lon="134.38219200">
   </rtept>
   <rtept lat="34.11900600" lon="134.38202100">
   </rtept>
   <rtept lat="34.11923100" lon="134.38137900">
   </rtept>
   <rtept lat="34.11921900" lon="134.38083700">
   </rtept>
   <rtept lat="34.11913600" lon="134.38042400">
   </rtept>
   <rtept lat="34.11913600" lon="134.38016700">
   </rtept>
   <rtept lat="34.11920700" lon="134.37992500">
   </rtept>
   <rtept lat="34.11965600" lon="134.37935400">
   </rtept>
   <rtept lat="34.11973800" lon="134.37911200">
   </rtept>
   <rtept lat="34.11972600" lon="134.37868400">
   </rtept>
   <rtept lat="34.11962000" lon="134.37822800">
   </rtept>
   <rtept lat="34.11937200" lon="134.37745800">
   </rtept>
   <rtept lat="34.11919500" lon="134.37721500">
   </rtept>
   <rtept lat="34.11927800" lon="134.37653100">
   </rtept>
   <rtept lat="34.11940800" lon="134.37616000">
   </rtept>
   <rtept lat="34.11993900" lon="134.37509000">
   </rtept>
   <rtept lat="34.12009200" lon="134.37459700">
   </rtept>
   <rtept lat="34.12025800" lon="134.37426900">
   </rtept>
   <rtept lat="34.12017000" lon="134.37402200">
   </rtept>
   <rtept lat="34.12018000" lon="134.37366500">
   </rtept>
   <rtept lat="34.12025900" lon="134.37308300">
   </rtept>
   <rtept lat="34.12035700" lon="134.37248900">
   </rtept>
   <rtept lat="34.12038700" lon="134.37222700">
   </rtept>
   <rtept lat="34.12034700" lon="134.37195400">
   </rtept>
   <rtept lat="34.12046500" lon="134.37163300">
   </rtept>
   <rtept lat="34.12063200" lon="134.37120500">
   </rtept>
   <rtept lat="34.12071100" lon="134.37087200">
   </rtept>
   <rtept lat="34.12075100" lon="134.37067000">
   </rtept>
   <rtept lat="34.12091800" lon="134.37029000">
   </rtept>
   <rtept lat="34.12107500" lon="134.37006400">
   </rtept>
   <rtept lat="34.12142900" lon="134.36980300">
   </rtept>
   <rtept lat="34.12180300" lon="134.36948200">
   </rtept>
   <rtept lat="34.12191100" lon="134.36894700">
   </rtept>
   <rtept lat="34.12214800" lon="134.36859100">
   </rtept>
   <rtept lat="34.12256100" lon="134.36824600">
   </rtept>
   <rtept lat="34.12303300" lon="134.36787800">
   </rtept>
   <rtept lat="34.12322000" lon="134.36767600">
   </rtept>
   <rtept lat="34.12353500" lon="134.36722400">
   </rtept>
   <rtept lat="34.12379000" lon="134.36683200">
   </rtept>
   <rtept lat="34.12492200" lon="134.36622600">
   </rtept>
   <rtept lat="34.12551200" lon="134.36596400">
   </rtept>
   <rtept lat="34.12619900" lon="134.36569100">
   </rtept>
   <rtept lat="34.12685800" lon="134.36538200">
   </rtept>
   <rtept lat="34.12730100" lon="134.36500200">
   </rtept>
   <rtept lat="34.12764500" lon="134.36444300">
   </rtept>
   <rtept lat="34.12792000" lon="134.36373000">
   </rtept>
   <rtept lat="34.12809700" lon="134.36274400">
   </rtept>
   <rtept lat="34.12827400" lon="134.36151300">
   </rtept>
   <rtept lat="34.12844200" lon="134.35984900">
   </rtept>
   <rtept lat="34.12853000" lon="134.35895700">
   </rtept>
   <rtept lat="34.12859900" lon="134.35872000">
   </rtept>
   <rtept lat="34.12874700" lon="134.35853000">
   </rtept>
   <rtept lat="34.12895300" lon="134.35834000">
   </rtept>
   <rtept lat="34.12904200" lon="134.35825600">
   </rtept>
   <rtept lat="34.12910100" lon="134.35797100">
   </rtept>
   <rtept lat="34.12918900" lon="134.35772200">
   </rtept>
   <rtept lat="34.12937600" lon="134.35727000">
   </rtept>
   <rtept lat="34.12950400" lon="134.35715100">
   </rtept>
   <rtept lat="34.12960300" lon="134.35689000">
   </rtept>
   <rtept lat="34.12964200" lon="134.35579600">
   </rtept>
   <rtept lat="34.12954400" lon="134.35552300">
   </rtept>
   <rtept lat="34.12943500" lon="134.35525000">
   </rtept>
   <rtept lat="34.12926800" lon="134.35492900">
   </rtept>
   <rtept lat="34.12920900" lon="134.35457200">
   </rtept>
   <rtept lat="34.12915000" lon="134.35404900">
   </rtept>
   <rtept lat="34.12918000" lon="134.35376400">
   </rtept>
   <rtept lat="34.12934700" lon="134.35350300">
   </rtept>
   <rtept lat="34.12946500" lon="134.35334800">
   </rtept>
   <rtept lat="34.13046800" lon="134.35287300">
   </rtept>
   <rtept lat="34.13122600" lon="134.35251600">
   </rtept>
   <rtept lat="34.13177700" lon="134.35232600">
   </rtept>
   <rtept lat="34.13201300" lon="134.35202900">
   </rtept>
   <rtept lat="34.13282900" lon="134.35163700">
   </rtept>
   <rtept lat="34.13350400" lon="134.35144600">
   </rtept>
   <rtept lat="34.13377200" lon="134.35130400">
   </rtept>
   <rtept lat="34.13397700" lon="134.35124600">
   </rtept>
   <rtept lat="34.13425200" lon="134.35124600">
   </rtept>
   <rtept lat="34.13456700" lon="134.35107500">
   </rtept>
   <rtept lat="34.13463000" lon="134.35100900">
   </rtept>
   <rtept lat="34.13468500" lon="134.35080000">
   </rtept>
   <rtept lat="34.13516500" lon="134.35061900">
   </rtept>
   <rtept lat="34.13545600" lon="134.35047600">
   </rtept>
   <rtept lat="34.13579400" lon="134.35036200">
   </rtept>
   <rtept lat="34.13627400" lon="134.35035300">
   </rtept>
   <rtept lat="34.13693500" lon="134.35044800">
   </rtept>
   <rtept lat="34.13728200" lon="134.35055200">
   </rtept>
   <rtept lat="34.13771400" lon="134.35085700">
   </rtept>
   <rtept lat="34.13825000" lon="134.35106600">
   </rtept>
   <rtept lat="34.13905100" lon="134.35128400">
   </rtept>
 </rte>
 <rte>
  <name>SHIKOKU_TKS_06(丘陵地果樹園のみち)</name>
   <rtept lat="34.14806300" lon="134.35540500">
   </rtept>
   <rtept lat="34.14825900" lon="134.35532100">
   </rtept>
   <rtept lat="34.14849500" lon="134.35514300">
   </rtept>
   <rtept lat="34.14869200" lon="134.35488200">
   </rtept>
   <rtept lat="34.14903600" lon="134.35459700">
   </rtept>
   <rtept lat="34.14923300" lon="134.35454900">
   </rtept>
   <rtept lat="34.14947900" lon="134.35447800">
   </rtept>
   <rtept lat="34.14967600" lon="134.35458500">
   </rtept>
   <rtept lat="34.14984300" lon="134.35472700">
   </rtept>
   <rtept lat="34.14999000" lon="134.35497700">
   </rtept>
   <rtept lat="34.15006900" lon="134.35513100">
   </rtept>
   <rtept lat="34.15010800" lon="134.35550000">
   </rtept>
   <rtept lat="34.15017700" lon="134.35564200">
   </rtept>
   <rtept lat="34.15022600" lon="134.35566600">
   </rtept>
   <rtept lat="34.15031500" lon="134.35563000">
   </rtept>
   <rtept lat="34.15033500" lon="134.35541700">
   </rtept>
   <rtept lat="34.15040300" lon="134.35516700">
   </rtept>
   <rtept lat="34.15053100" lon="134.35491700">
   </rtept>
   <rtept lat="34.15085600" lon="134.35460800">
   </rtept>
   <rtept lat="34.15111200" lon="134.35443000">
   </rtept>
   <rtept lat="34.15142600" lon="134.35444200">
   </rtept>
   <rtept lat="34.15159300" lon="134.35453700">
   </rtept>
   <rtept lat="34.15218400" lon="134.35451300">
   </rtept>
   <rtept lat="34.15228200" lon="134.35445400">
   </rtept>
   <rtept lat="34.15257700" lon="134.35446600">
   </rtept>
   <rtept lat="34.15281300" lon="134.35465600">
   </rtept>
   <rtept lat="34.15311800" lon="134.35501300">
   </rtept>
   <rtept lat="34.15327500" lon="134.35514300">
   </rtept>
   <rtept lat="34.15359000" lon="134.35529800">
   </rtept>
   <rtept lat="34.15418000" lon="134.35529800">
   </rtept>
   <rtept lat="34.15448300" lon="134.35522600">
   </rtept>
   <rtept lat="34.15454200" lon="134.35497700">
   </rtept>
 </rte>
 <rte>
  <name>SHIKOKU_TKS_07(山峡からの遍路みち)</name>
   <rtept lat="34.15273100" lon="134.35214000">
   </rtept>
   <rtept lat="34.15247100" lon="134.35129900">
   </rtept>
   <rtept lat="34.15208200" lon="134.35074300">
   </rtept>
   <rtept lat="34.15112600" lon="134.34978700">
   </rtept>
   <rtept lat="34.15030000" lon="134.34917400">
   </rtept>
   <rtept lat="34.14958000" lon="134.34874600">
   </rtept>
   <rtept lat="34.14874200" lon="134.34826100">
   </rtept>
   <rtept lat="34.14763200" lon="134.34740600">
   </rtept>
   <rtept lat="34.14644000" lon="134.34633600">
   </rtept>
   <rtept lat="34.14604700" lon="134.34605500">
   </rtept>
   <rtept lat="34.14554600" lon="134.34538900">
   </rtept>
   <rtept lat="34.14472900" lon="134.34421300">
   </rtept>
   <rtept lat="34.14388300" lon="134.34321500">
   </rtept>
   <rtept lat="34.14316500" lon="134.34227600">
   </rtept>
   <rtept lat="34.14264400" lon="134.34162200">
   </rtept>
   <rtept lat="34.14218200" lon="134.34081400">
   </rtept>
   <rtept lat="34.14152300" lon="134.34033900">
   </rtept>
   <rtept lat="34.14098200" lon="134.33984000">
   </rtept>
   <rtept lat="34.14046100" lon="134.33928100">
   </rtept>
   <rtept lat="34.14023400" lon="134.33885300">
   </rtept>
   <rtept lat="34.14008700" lon="134.33858000">
   </rtept>
   <rtept lat="34.13999800" lon="134.33810500">
   </rtept>
   <rtept lat="34.13983100" lon="134.33730800">
   </rtept>
   <rtept lat="34.13974200" lon="134.33673800">
   </rtept>
   <rtept lat="34.13963400" lon="134.33644100">
   </rtept>
   <rtept lat="34.13947700" lon="134.33638100">
   </rtept>
   <rtept lat="34.13933900" lon="134.33639300">
   </rtept>
   <rtept lat="34.13901100" lon="134.33672600">
   </rtept>
   <rtept lat="34.13862700" lon="134.33722500">
   </rtept>
   <rtept lat="34.13846000" lon="134.33761700">
   </rtept>
   <rtept lat="34.13832200" lon="134.33768900">
   </rtept>
   <rtept lat="34.13820400" lon="134.33754600">
   </rtept>
   <rtept lat="34.13809600" lon="134.33704700">
   </rtept>
   <rtept lat="34.13796800" lon="134.33682100">
   </rtept>
   <rtept lat="34.13765300" lon="134.33676200">
   </rtept>
   <rtept lat="34.13712200" lon="134.33686900">
   </rtept>
   <rtept lat="34.13673800" lon="134.33688000">
   </rtept>
   <rtept lat="34.13651200" lon="134.33688000">
   </rtept>
   <rtept lat="34.13634500" lon="134.33685700">
   </rtept>
   <rtept lat="34.13623700" lon="134.33697600">
   </rtept>
   <rtept lat="34.13636500" lon="134.33727300">
   </rtept>
   <rtept lat="34.13672900" lon="134.33734400">
   </rtept>
   <rtept lat="34.13696500" lon="134.33745100">
   </rtept>
   <rtept lat="34.13700400" lon="134.33757000">
   </rtept>
   <rtept lat="34.13690600" lon="134.33772400">
   </rtept>
   <rtept lat="34.13678800" lon="134.33776000">
   </rtept>
   <rtept lat="34.13663000" lon="134.33765300">
   </rtept>
   <rtept lat="34.13644300" lon="134.33760500">
   </rtept>
   <rtept lat="34.13624700" lon="134.33760500">
   </rtept>
   <rtept lat="34.13603000" lon="134.33770000">
   </rtept>
   <rtept lat="34.13586300" lon="134.33781900">
   </rtept>
   <rtept lat="34.13575500" lon="134.33791400">
   </rtept>
   <rtept lat="34.13570600" lon="134.33806900">
   </rtept>
   <rtept lat="34.13556800" lon="134.33814000">
   </rtept>
   <rtept lat="34.13531200" lon="134.33811600">
   </rtept>
   <rtept lat="34.13515500" lon="134.33814000">
   </rtept>
   <rtept lat="34.13512500" lon="134.33830700">
   </rtept>
   <rtept lat="34.13497800" lon="134.33834200">
   </rtept>
   <rtept lat="34.13468300" lon="134.33844900">
   </rtept>
   <rtept lat="34.13443700" lon="134.33858000">
   </rtept>
   <rtept lat="34.13434800" lon="134.33875800">
   </rtept>
   <rtept lat="34.13423000" lon="134.33881800">
   </rtept>
   <rtept lat="34.13410200" lon="134.33873400">
   </rtept>
   <rtept lat="34.13399400" lon="134.33861600">
   </rtept>
   <rtept lat="34.13333500" lon="134.33855600">
   </rtept>
   <rtept lat="34.13248900" lon="134.33837800">
   </rtept>
   <rtept lat="34.13168200" lon="134.33809300">
   </rtept>
   <rtept lat="34.13122600" lon="134.33786700">
   </rtept>
   <rtept lat="34.13092100" lon="134.33765300">
   </rtept>
   <rtept lat="34.13049800" lon="134.33746300">
   </rtept>
   <rtept lat="34.13012400" lon="134.33715400">
   </rtept>
   <rtept lat="34.12966200" lon="134.33694000">
   </rtept>
   <rtept lat="34.12941800" lon="134.33691200">
   </rtept>
   <rtept lat="34.12918300" lon="134.33668800">
   </rtept>
   <rtept lat="34.12894700" lon="134.33662900">
   </rtept>
   <rtept lat="34.12860200" lon="134.33668800">
   </rtept>
   <rtept lat="34.12825800" lon="134.33676000">
   </rtept>
   <rtept lat="34.12786400" lon="134.33667600">
   </rtept>
   <rtept lat="34.12741200" lon="134.33666500">
   </rtept>
   <rtept lat="34.12715600" lon="134.33666500">
   </rtept>
   <rtept lat="34.12686100" lon="134.33657000">
   </rtept>
   <rtept lat="34.12671300" lon="134.33659300">
   </rtept>
   <rtept lat="34.12637900" lon="134.33646300">
   </rtept>
   <rtept lat="34.12612300" lon="134.33642700">
   </rtept>
   <rtept lat="34.12587900" lon="134.33627200">
   </rtept>
   <rtept lat="34.12561400" lon="134.33617700">
   </rtept>
   <rtept lat="34.12526900" lon="134.33614200">
   </rtept>
   <rtept lat="34.12469900" lon="134.33611800">
   </rtept>
   <rtept lat="34.12404000" lon="134.33611800">
   </rtept>
   <rtept lat="34.12343900" lon="134.33628400">
   </rtept>
   <rtept lat="34.12303600" lon="134.33633200">
   </rtept>
   <rtept lat="34.12319400" lon="134.33653400">
   </rtept>
   <rtept lat="34.12334100" lon="134.33666500">
   </rtept>
   <rtept lat="34.12331200" lon="134.33680700">
   </rtept>
   <rtept lat="34.12301600" lon="134.33717600">
   </rtept>
   <rtept lat="34.12288900" lon="134.33742500">
   </rtept>
   <rtept lat="34.12289800" lon="134.33766300">
   </rtept>
   <rtept lat="34.12303600" lon="134.33785300">
   </rtept>
   <rtept lat="34.12293800" lon="134.33831600">
   </rtept>
   <rtept lat="34.12280000" lon="134.33869700">
   </rtept>
   <rtept lat="34.12258400" lon="134.33886300">
   </rtept>
   <rtept lat="34.12243600" lon="134.33913600">
   </rtept>
   <rtept lat="34.12241600" lon="134.33963600">
   </rtept>
   <rtept lat="34.12244600" lon="134.33988500">
   </rtept>
   <rtept lat="34.12225900" lon="134.33981400">
   </rtept>
   <rtept lat="34.12198300" lon="134.33974300">
   </rtept>
   <rtept lat="34.12161900" lon="134.33976600">
   </rtept>
   <rtept lat="34.12148200" lon="134.33981400">
   </rtept>
   <rtept lat="34.12140300" lon="134.34004000">
   </rtept>
   <rtept lat="34.12084200" lon="134.34031300">
   </rtept>
   <rtept lat="34.12043900" lon="134.34042000">
   </rtept>
   <rtept lat="34.12016300" lon="134.34047900">
   </rtept>
   <rtept lat="34.12008500" lon="134.34002800">
   </rtept>
   <rtept lat="34.12006500" lon="134.33951700">
   </rtept>
   <rtept lat="34.12011400" lon="134.33891100">
   </rtept>
   <rtept lat="34.12029100" lon="134.33765100">
   </rtept>
   <rtept lat="34.12040900" lon="134.33696200">
   </rtept>
   <rtept lat="34.12048800" lon="134.33637900">
   </rtept>
   <rtept lat="34.12068500" lon="134.33571400">
   </rtept>
   <rtept lat="34.11886500" lon="134.33578500">
   </rtept>
   <rtept lat="34.11778000" lon="134.33583300">
   </rtept>
   <rtept lat="34.11638300" lon="134.33572600">
   </rtept>
   <rtept lat="34.11469100" lon="134.33614200">
   </rtept>
   <rtept lat="34.11390400" lon="134.33634400">
   </rtept>
   <rtept lat="34.11361900" lon="134.33640300">
   </rtept>
   <rtept lat="34.11299900" lon="134.33645100">
   </rtept>
   <rtept lat="34.11259500" lon="134.33642700">
   </rtept>
   <rtept lat="34.11235900" lon="134.33630800">
   </rtept>
   <rtept lat="34.11162100" lon="134.33627200">
   </rtept>
   <rtept lat="34.11116900" lon="134.33624900">
   </rtept>
   <rtept lat="34.11111000" lon="134.33610600">
   </rtept>
   <rtept lat="34.11105100" lon="134.33597500">
   </rtept>
   <rtept lat="34.11088300" lon="134.33588000">
   </rtept>
   <rtept lat="34.11035200" lon="134.33576100">
   </rtept>
   <rtept lat="34.10994900" lon="134.33567800">
   </rtept>
   <rtept lat="34.10967300" lon="134.33555900">
   </rtept>
   <rtept lat="34.10945700" lon="134.33539300">
   </rtept>
   <rtept lat="34.10930900" lon="134.33506000">
   </rtept>
   <rtept lat="34.10892400" lon="134.33424200">
   </rtept>
   <rtept lat="34.10869800" lon="134.33381400">
   </rtept>
   <rtept lat="34.10759600" lon="134.33404000">
   </rtept>
   <rtept lat="34.10752700" lon="134.33362400">
   </rtept>
   <rtept lat="34.10490000" lon="134.33402800">
   </rtept>
   <rtept lat="34.10379000" lon="134.33421800">
   </rtept>
   <rtept lat="34.10374000" lon="134.33412300">
   </rtept>
   <rtept lat="34.10370100" lon="134.33381400">
   </rtept>
   <rtept lat="34.10349400" lon="134.33351700">
   </rtept>
   <rtept lat="34.10332700" lon="134.33196000">
   </rtept>
   <rtept lat="34.10236300" lon="134.33213800">
   </rtept>
   <rtept lat="34.10227400" lon="134.33122300">
   </rtept>
   <rtept lat="34.10213600" lon="134.33079600">
   </rtept>
   <rtept lat="34.10205800" lon="134.33029600">
   </rtept>
   <rtept lat="34.10183100" lon="134.32913200">
   </rtept>
   <rtept lat="34.10151600" lon="134.32745600">
   </rtept>
   <rtept lat="34.10116200" lon="134.32643900">
   </rtept>
   <rtept lat="34.10086700" lon="134.32638000">
   </rtept>
   <rtept lat="34.10063100" lon="134.32453800">
   </rtept>
   <rtept lat="34.10063100" lon="134.32424000">
   </rtept>
   <rtept lat="34.10062100" lon="134.32396700">
   </rtept>
   <rtept lat="34.10075900" lon="134.32365800">
   </rtept>
   <rtept lat="34.10100500" lon="134.32330200">
   </rtept>
   <rtept lat="34.10109300" lon="134.32299300">
   </rtept>
   <rtept lat="34.10124100" lon="134.32205400">
   </rtept>
   <rtept lat="34.10141800" lon="134.32090100">
   </rtept>
   <rtept lat="34.10052300" lon="134.32086500">
   </rtept>
   <rtept lat="34.10048300" lon="134.32028300">
   </rtept>
   <rtept lat="34.10045400" lon="134.31970100">
   </rtept>
   <rtept lat="34.10045400" lon="134.31930900">
   </rtept>
   <rtept lat="34.10025700" lon="134.31900000">
   </rtept>
   <rtept lat="34.10031600" lon="134.31752600">
   </rtept>
   <rtept lat="34.10008500" lon="134.31746800">
   </rtept>
   <rtept lat="34.10005000" lon="134.31632700">
   </rtept>
   <rtept lat="34.10000600" lon="134.31555400">
   </rtept>
   <rtept lat="34.10008500" lon="134.31547100">
   </rtept>
   <rtept lat="34.10011900" lon="134.31537600">
   </rtept>
   <rtept lat="34.10020300" lon="134.31514400">
   </rtept>
   <rtept lat="34.10020800" lon="134.31497200">
   </rtept>
   <rtept lat="34.10012400" lon="134.31465100">
   </rtept>
   <rtept lat="34.10013900" lon="134.31398000">
   </rtept>
   <rtept lat="34.10014400" lon="134.31352800">
   </rtept>
   <rtept lat="34.10015800" lon="134.31322900">
   </rtept>
   <rtept lat="34.10014900" lon="134.31294900">
   </rtept>
   <rtept lat="34.10012400" lon="134.31277100">
   </rtept>
   <rtept lat="34.10004000" lon="134.31263500">
   </rtept>
   <rtept lat="34.09982900" lon="134.31251600">
   </rtept>
   <rtept lat="34.09966200" lon="134.31246800">
   </rtept>
   <rtept lat="34.09947500" lon="134.31233100">
   </rtept>
   <rtept lat="34.09954300" lon="134.31214100">
   </rtept>
   <rtept lat="34.09964200" lon="134.31187400">
   </rtept>
   <rtept lat="34.09996200" lon="134.31166000">
   </rtept>
   <rtept lat="34.10039500" lon="134.31147000">
   </rtept>
   <rtept lat="34.10081300" lon="134.31139300">
   </rtept>
   <rtept lat="34.10090100" lon="134.31137500">
   </rtept>
   <rtept lat="34.10117200" lon="134.31143400">
   </rtept>
   <rtept lat="34.10126600" lon="134.31141000">
   </rtept>
   <rtept lat="34.10131500" lon="134.31127400">
   </rtept>
   <rtept lat="34.10132000" lon="134.31118500">
   </rtept>
   <rtept lat="34.10129500" lon="134.31106600">
   </rtept>
   <rtept lat="34.10118200" lon="134.31092900">
   </rtept>
   <rtept lat="34.10111300" lon="134.31082200">
   </rtept>
   <rtept lat="34.10104900" lon="134.31050700">
   </rtept>
   <rtept lat="34.10096500" lon="134.31018600">
   </rtept>
   <rtept lat="34.10094100" lon="134.30993100">
   </rtept>
   <rtept lat="34.10087200" lon="134.30973700">
   </rtept>
   <rtept lat="34.10085700" lon="134.30917900">
   </rtept>
   <rtept lat="34.10087200" lon="134.30814500">
   </rtept>
   <rtept lat="34.10098000" lon="134.30752700">
   </rtept>
   <rtept lat="34.10128500" lon="134.30623100">
   </rtept>
   <rtept lat="34.10134900" lon="134.30593400">
   </rtept>
   <rtept lat="34.10133000" lon="134.30551800">
   </rtept>
   <rtept lat="34.10112800" lon="134.30515200">
   </rtept>
   <rtept lat="34.10128000" lon="134.30468300">
   </rtept>
   <rtept lat="34.10138400" lon="134.30427900">
   </rtept>
   <rtept lat="34.10144800" lon="134.30376800">
   </rtept>
   <rtept lat="34.10143800" lon="134.30338200">
   </rtept>
   <rtept lat="34.10240700" lon="134.30363100">
   </rtept>
   <rtept lat="34.10305600" lon="134.30383900">
   </rtept>
   <rtept lat="34.10322000" lon="134.30383900">
   </rtept>
   <rtept lat="34.10334800" lon="134.30370800">
   </rtept>
   <rtept lat="34.10347100" lon="134.30365500">
   </rtept>
   <rtept lat="34.10385000" lon="134.30354800">
   </rtept>
   <rtept lat="34.10427300" lon="134.30336400">
   </rtept>
   <rtept lat="34.10481400" lon="134.30327400">
   </rtept>
   <rtept lat="34.10503000" lon="134.30325000">
   </rtept>
   <rtept lat="34.10532000" lon="134.30323200">
   </rtept>
   <rtept lat="34.10562000" lon="134.30330300">
   </rtept>
   <rtept lat="34.10591600" lon="134.30336300">
   </rtept>
   <rtept lat="34.10672300" lon="134.30360000">
   </rtept>
   <rtept lat="34.10698300" lon="134.30404000">
   </rtept>
   <rtept lat="34.10728500" lon="134.30408200">
   </rtept>
 </rte>
 <rte>
  <name>SHIKOKU_TKS_08(四国三郎と語るみち)</name>
   <rtept lat="34.05155400" lon="134.34887500">
   </rtept>
   <rtept lat="34.05233800" lon="134.34861300">
   </rtept>
   <rtept lat="34.05263300" lon="134.34861300">
   </rtept>
   <rtept lat="34.05269200" lon="134.34879800">
   </rtept>
   <rtept lat="34.05278700" lon="134.34881300">
   </rtept>
   <rtept lat="34.05291700" lon="134.34877000">
   </rtept>
   <rtept lat="34.05315300" lon="134.34865600">
   </rtept>
   <rtept lat="34.05360200" lon="134.34871300">
   </rtept>
   <rtept lat="34.05401600" lon="134.34887000">
   </rtept>
   <rtept lat="34.05442000" lon="134.34887800">
   </rtept>
   <rtept lat="34.05479800" lon="134.34887800">
   </rtept>
   <rtept lat="34.05502200" lon="134.34892100">
   </rtept>
   <rtept lat="34.05535300" lon="134.34883500">
   </rtept>
   <rtept lat="34.05564800" lon="134.34857900">
   </rtept>
   <rtept lat="34.05595600" lon="134.34830800">
   </rtept>
   <rtept lat="34.05612100" lon="134.34808000">
   </rtept>
   <rtept lat="34.05647500" lon="134.34802300">
   </rtept>
   <rtept lat="34.05660500" lon="134.34803700">
   </rtept>
   <rtept lat="34.05705400" lon="134.34796600">
   </rtept>
   <rtept lat="34.05691300" lon="134.34732400">
   </rtept>
   <rtept lat="34.05686500" lon="134.34676800">
   </rtept>
   <rtept lat="34.05693600" lon="134.34661100">
   </rtept>
   <rtept lat="34.05694800" lon="134.34618300">
   </rtept>
   <rtept lat="34.05690100" lon="134.34534200">
   </rtept>
   <rtept lat="34.05683000" lon="134.34484200">
   </rtept>
   <rtept lat="34.05680600" lon="134.34437200">
   </rtept>
   <rtept lat="34.05685400" lon="134.34387300">
   </rtept>
   <rtept lat="34.05685400" lon="134.34375900">
   </rtept>
   <rtept lat="34.05711300" lon="134.34377300">
   </rtept>
   <rtept lat="34.05727900" lon="134.34378700">
   </rtept>
   <rtept lat="34.05750300" lon="134.34388700">
   </rtept>
   <rtept lat="34.05755100" lon="134.34367300">
   </rtept>
   <rtept lat="34.05768100" lon="134.34224700">
   </rtept>
   <rtept lat="34.05785800" lon="134.34052100">
   </rtept>
   <rtept lat="34.05788100" lon="134.34016500">
   </rtept>
   <rtept lat="34.05790500" lon="134.33905300">
   </rtept>
   <rtept lat="34.05733800" lon="134.33913800">
   </rtept>
   <rtept lat="34.05704300" lon="134.33908100">
   </rtept>
   <rtept lat="34.05717300" lon="134.33886700">
   </rtept>
   <rtept lat="34.05705400" lon="134.33848200">
   </rtept>
   <rtept lat="34.05703100" lon="134.33815400">
   </rtept>
   <rtept lat="34.05673500" lon="134.33819700">
   </rtept>
   <rtept lat="34.05652300" lon="134.33812600">
   </rtept>
   <rtept lat="34.05628600" lon="134.33796900">
   </rtept>
   <rtept lat="34.05592000" lon="134.33795400">
   </rtept>
   <rtept lat="34.05573100" lon="134.33784000">
   </rtept>
   <rtept lat="34.05524700" lon="134.33786900">
   </rtept>
   <rtept lat="34.05479800" lon="134.33779800">
   </rtept>
   <rtept lat="34.05465600" lon="134.33762600">
   </rtept>
   <rtept lat="34.05452400" lon="134.33741000">
   </rtept>
   <rtept lat="34.05430300" lon="134.33724900">
   </rtept>
   <rtept lat="34.05422500" lon="134.33704900">
   </rtept>
   <rtept lat="34.05424800" lon="134.33686800">
   </rtept>
   <rtept lat="34.05436600" lon="134.33661200">
   </rtept>
   <rtept lat="34.05456100" lon="134.33632800">
   </rtept>
   <rtept lat="34.05505700" lon="134.33592900">
   </rtept>
   <rtept lat="34.05556100" lon="134.33538700">
   </rtept>
   <rtept lat="34.05586800" lon="134.33503500">
   </rtept>
   <rtept lat="34.05616800" lon="134.33504400">
   </rtept>
   <rtept lat="34.05619100" lon="134.33488300">
   </rtept>
   <rtept lat="34.05628600" lon="134.33439800">
   </rtept>
   <rtept lat="34.05643500" lon="134.33385600">
   </rtept>
   <rtept lat="34.05669500" lon="134.33395100">
   </rtept>
   <rtept lat="34.05701000" lon="134.33398000">
   </rtept>
   <rtept lat="34.05727800" lon="134.33390400">
   </rtept>
   <rtept lat="34.05748300" lon="134.33377100">
   </rtept>
   <rtept lat="34.05753000" lon="134.33359000">
   </rtept>
   <rtept lat="34.05758500" lon="134.33348500">
   </rtept>
   <rtept lat="34.05785800" lon="134.33350100">
   </rtept>
   <rtept lat="34.05831500" lon="134.33350100">
   </rtept>
   <rtept lat="34.05881900" lon="134.33332900">
   </rtept>
   <rtept lat="34.05944900" lon="134.33329100">
   </rtept>
   <rtept lat="34.05996900" lon="134.33319600">
   </rtept>
   <rtept lat="34.06023700" lon="134.33298700">
   </rtept>
   <rtept lat="34.06042600" lon="134.33274000">
   </rtept>
   <rtept lat="34.06064700" lon="134.33258800">
   </rtept>
   <rtept lat="34.06096200" lon="134.33241700">
   </rtept>
   <rtept lat="34.06150900" lon="134.33241100">
   </rtept>
   <rtept lat="34.06187300" lon="134.33212600">
   </rtept>
   <rtept lat="34.06225700" lon="134.33171000">
   </rtept>
   <rtept lat="34.06237500" lon="134.33138900">
   </rtept>
   <rtept lat="34.06263100" lon="134.33114000">
   </rtept>
   <rtept lat="34.06284800" lon="134.33027200">
   </rtept>
   <rtept lat="34.06284800" lon="134.33007000">
   </rtept>
   <rtept lat="34.06328100" lon="134.32964200">
   </rtept>
   <rtept lat="34.06357600" lon="134.32934500">
   </rtept>
   <rtept lat="34.06398000" lon="134.32904800">
   </rtept>
   <rtept lat="34.06441300" lon="134.32882200">
   </rtept>
   <rtept lat="34.06460000" lon="134.32876300">
   </rtept>
   <rtept lat="34.06464900" lon="134.32857300">
   </rtept>
   <rtept lat="34.06475800" lon="134.32790700">
   </rtept>
   <rtept lat="34.06501400" lon="134.32763400">
   </rtept>
   <rtept lat="34.06548600" lon="134.32732500">
   </rtept>
   <rtept lat="34.06615600" lon="134.32677800">
   </rtept>
   <rtept lat="34.06613600" lon="134.32658800">
   </rtept>
   <rtept lat="34.06624800" lon="134.32617600">
   </rtept>
   <rtept lat="34.06634600" lon="134.32566500">
   </rtept>
   <rtept lat="34.06628700" lon="134.32521300">
   </rtept>
   <rtept lat="34.06617900" lon="134.32483300">
   </rtept>
   <rtept lat="34.06618800" lon="134.32422700">
   </rtept>
   <rtept lat="34.06627700" lon="134.32410800">
   </rtept>
   <rtept lat="34.06668100" lon="134.32359700">
   </rtept>
   <rtept lat="34.06677900" lon="134.32321700">
   </rtept>
   <rtept lat="34.06694600" lon="134.32256300">
   </rtept>
   <rtept lat="34.06693700" lon="134.32187400">
   </rtept>
   <rtept lat="34.06710400" lon="134.32091100">
   </rtept>
   <rtept lat="34.06715300" lon="134.32046000">
   </rtept>
   <rtept lat="34.06714300" lon="134.31979400">
   </rtept>
   <rtept lat="34.06716300" lon="134.31936600">
   </rtept>
   <rtept lat="34.06717400" lon="134.31869300">
   </rtept>
   <rtept lat="34.06699700" lon="134.31819400">
   </rtept>
   <rtept lat="34.06684900" lon="134.31792100">
   </rtept>
   <rtept lat="34.06675200" lon="134.31767200">
   </rtept>
   <rtept lat="34.06730700" lon="134.31834300">
   </rtept>
   <rtept lat="34.06791000" lon="134.31897000">
   </rtept>
   <rtept lat="34.06800400" lon="134.31897000">
   </rtept>
   <rtept lat="34.06997300" lon="134.31602300">
   </rtept>
   <rtept lat="34.07105600" lon="134.31673600">
   </rtept>
   <rtept lat="34.07428500" lon="134.31939800">
   </rtept>
   <rtept lat="34.07776900" lon="134.32015900">
   </rtept>
   <rtept lat="34.07910000" lon="134.31968400">
   </rtept>
   <rtept lat="34.07973000" lon="134.31947500">
   </rtept>
   <rtept lat="34.07991100" lon="134.31894900">
   </rtept>
   <rtept lat="34.08031500" lon="134.31798000">
   </rtept>
   <rtept lat="34.08044800" lon="134.31764700">
   </rtept>
   <rtept lat="34.08084100" lon="134.31748700">
   </rtept>
   <rtept lat="34.08134300" lon="134.31723100">
   </rtept>
   <rtept lat="34.08241600" lon="134.31676800">
   </rtept>
   <rtept lat="34.08282400" lon="134.31657800">
   </rtept>
   <rtept lat="34.08308000" lon="134.31645900">
   </rtept>
   <rtept lat="34.08308900" lon="134.31625700">
   </rtept>
   <rtept lat="34.08297100" lon="134.31557300">
   </rtept>
   <rtept lat="34.08315800" lon="134.31563300">
   </rtept>
   <rtept lat="34.08345800" lon="134.31588200">
   </rtept>
   <rtept lat="34.08362100" lon="134.31594200">
   </rtept>
   <rtept lat="34.08379800" lon="134.31588800">
   </rtept>
   <rtept lat="34.08421100" lon="134.31568600">
   </rtept>
   <rtept lat="34.08491500" lon="134.31522900">
   </rtept>
   <rtept lat="34.08531400" lon="134.31496700">
   </rtept>
   <rtept lat="34.08553000" lon="134.31475300">
   </rtept>
   <rtept lat="34.08565300" lon="134.31468200">
   </rtept>
   <rtept lat="34.08583100" lon="134.31467600">
   </rtept>
   <rtept lat="34.08623000" lon="134.31463500">
   </rtept>
   <rtept lat="34.08655000" lon="134.31451600">
   </rtept>
   <rtept lat="34.08687000" lon="134.31440900">
   </rtept>
   <rtept lat="34.08761800" lon="134.31427200">
   </rtept>
   <rtept lat="34.08762800" lon="134.31383800">
   </rtept>
   <rtept lat="34.08770600" lon="134.31339900">
   </rtept>
   <rtept lat="34.08782000" lon="134.31325600">
   </rtept>
   <rtept lat="34.08803600" lon="134.31322000">
   </rtept>
   <rtept lat="34.08838600" lon="134.31315500">
   </rtept>
   <rtept lat="34.08847400" lon="134.31306600">
   </rtept>
   <rtept lat="34.08855300" lon="134.31280400">
   </rtept>
   <rtept lat="34.08856300" lon="134.31259100">
   </rtept>
   <rtept lat="34.08838100" lon="134.31196700">
   </rtept>
   <rtept lat="34.08825300" lon="134.31118200">
   </rtept>
   <rtept lat="34.08811000" lon="134.31055800">
   </rtept>
   <rtept lat="34.08796200" lon="134.31017200">
   </rtept>
   <rtept lat="34.08829700" lon="134.30991100">
   </rtept>
   <rtept lat="34.08854300" lon="134.30967300">
   </rtept>
   <rtept lat="34.08879400" lon="134.30931700">
   </rtept>
   <rtept lat="34.08890700" lon="134.30904300">
   </rtept>
   <rtept lat="34.08899000" lon="134.30893500">
   </rtept>
   <rtept lat="34.08921600" lon="134.30872700">
   </rtept>
   <rtept lat="34.08951100" lon="134.30857300">
   </rtept>
   <rtept lat="34.09001300" lon="134.30856100">
   </rtept>
   <rtept lat="34.09053500" lon="134.30841800">
   </rtept>
   <rtept lat="34.09074700" lon="134.30841200">
   </rtept>
   <rtept lat="34.09086000" lon="134.30836500">
   </rtept>
   <rtept lat="34.09119400" lon="134.30822200">
   </rtept>
   <rtept lat="34.09131200" lon="134.30822200">
   </rtept>
   <rtept lat="34.09163100" lon="134.30828100">
   </rtept>
   <rtept lat="34.09183800" lon="134.30783000">
   </rtept>
   <rtept lat="34.09201500" lon="134.30756800">
   </rtept>
   <rtept lat="34.09221200" lon="134.30687900">
   </rtept>
   <rtept lat="34.09261600" lon="134.30689100">
   </rtept>
   <rtept lat="34.09278300" lon="134.30691500">
   </rtept>
   <rtept lat="34.09308800" lon="134.30708100">
   </rtept>
   <rtept lat="34.09320600" lon="134.30704600">
   </rtept>
   <rtept lat="34.09348200" lon="134.30677200">
   </rtept>
   <rtept lat="34.09368800" lon="134.30645100">
   </rtept>
   <rtept lat="34.09381600" lon="134.30604700">
   </rtept>
   <rtept lat="34.09396400" lon="134.30596400">
   </rtept>
   <rtept lat="34.09419000" lon="134.30591700">
   </rtept>
   <rtept lat="34.09456400" lon="134.30591700">
   </rtept>
   <rtept lat="34.09502700" lon="134.30577400">
   </rtept>
   <rtept lat="34.09536100" lon="134.30566700">
   </rtept>
   <rtept lat="34.09573500" lon="134.30538200">
   </rtept>
   <rtept lat="34.09647300" lon="134.30493000">
   </rtept>
   <rtept lat="34.09721100" lon="134.30447900">
   </rtept>
   <rtept lat="34.09771300" lon="134.30387200">
   </rtept>
   <rtept lat="34.09798700" lon="134.30364700">
   </rtept>
   <rtept lat="34.09906900" lon="134.30375400">
   </rtept>
   <rtept lat="34.09989600" lon="134.30380100">
   </rtept>
   <rtept lat="34.10005300" lon="134.30340900">
   </rtept>
   <rtept lat="34.10020100" lon="134.30321900">
   </rtept>
   <rtept lat="34.10030900" lon="134.30321900">
   </rtept>
   <rtept lat="34.10065400" lon="134.30326600">
   </rtept>
   <rtept lat="34.10143800" lon="134.30338200">
   </rtept>
   <rtept lat="34.10240700" lon="134.30363100">
   </rtept>
   <rtept lat="34.10305600" lon="134.30383900">
   </rtept>
   <rtept lat="34.10322000" lon="134.30383900">
   </rtept>
   <rtept lat="34.10334800" lon="134.30370800">
   </rtept>
   <rtept lat="34.10347100" lon="134.30365500">
   </rtept>
   <rtept lat="34.10385000" lon="134.30354800">
   </rtept>
   <rtept lat="34.10427300" lon="134.30336400">
   </rtept>
   <rtept lat="34.10481400" lon="134.30327400">
   </rtept>
   <rtept lat="34.10503000" lon="134.30325000">
   </rtept>
   <rtept lat="34.10532000" lon="134.30323200">
   </rtept>
   <rtept lat="34.10562000" lon="134.30330300">
   </rtept>
   <rtept lat="34.10591600" lon="134.30336300">
   </rtept>
   <rtept lat="34.10672300" lon="134.30360000">
   </rtept>
   <rtept lat="34.10698300" lon="134.30404000">
   </rtept>
   <rtept lat="34.10728500" lon="134.30408200">
   </rtept>
 </rte>
 <rte>
  <name>SHIKOKU_TKS_09(焼山寺山峡の遍路みち)</name>
   <rtept lat="34.05155400" lon="134.34887500">
   </rtept>
   <rtept lat="34.05106600" lon="134.34866500">
   </rtept>
   <rtept lat="34.04927000" lon="134.34817100">
   </rtept>
   <rtept lat="34.04834000" lon="134.34800000">
   </rtept>
   <rtept lat="34.04737300" lon="134.34603700">
   </rtept>
   <rtept lat="34.04723200" lon="134.34556600">
   </rtept>
   <rtept lat="34.04698300" lon="134.34502400">
   </rtept>
   <rtept lat="34.04667600" lon="134.34442500">
   </rtept>
   <rtept lat="34.04608500" lon="134.34445400">
   </rtept>
   <rtept lat="34.04563600" lon="134.34455400">
   </rtept>
   <rtept lat="34.04529400" lon="134.34459600">
   </rtept>
   <rtept lat="34.04497500" lon="134.34449700">
   </rtept>
   <rtept lat="34.04456100" lon="134.34429700">
   </rtept>
   <rtept lat="34.04417100" lon="134.34389800">
   </rtept>
   <rtept lat="34.04394700" lon="134.34364100">
   </rtept>
   <rtept lat="34.04373400" lon="134.34352700">
   </rtept>
   <rtept lat="34.04348600" lon="134.34358400">
   </rtept>
   <rtept lat="34.04339100" lon="134.34394000">
   </rtept>
   <rtept lat="34.04320200" lon="134.34445400">
   </rtept>
   <rtept lat="34.04309600" lon="134.34466800">
   </rtept>
   <rtept lat="34.04282400" lon="134.34485300">
   </rtept>
   <rtept lat="34.04259900" lon="134.34518100">
   </rtept>
   <rtept lat="34.04243400" lon="134.34575200">
   </rtept>
   <rtept lat="34.04222100" lon="134.34643600">
   </rtept>
   <rtept lat="34.04191400" lon="134.34685000">
   </rtept>
   <rtept lat="34.04146500" lon="134.34733400">
   </rtept>
   <rtept lat="34.04098300" lon="134.34764800">
   </rtept>
   <rtept lat="34.04054600" lon="134.34796200">
   </rtept>
   <rtept lat="34.04016800" lon="134.34830400">
   </rtept>
   <rtept lat="34.03983700" lon="134.34867500">
   </rtept>
   <rtept lat="34.03954100" lon="134.34897400">
   </rtept>
   <rtept lat="34.03929300" lon="134.34910300">
   </rtept>
   <rtept lat="34.03876100" lon="134.34906000">
   </rtept>
   <rtept lat="34.03815900" lon="134.34896000">
   </rtept>
   <rtept lat="34.03781600" lon="134.34893200">
   </rtept>
   <rtept lat="34.03763900" lon="134.34894600">
   </rtept>
   <rtept lat="34.03749700" lon="134.34870400">
   </rtept>
   <rtept lat="34.03730800" lon="134.34851800">
   </rtept>
   <rtept lat="34.03700000" lon="134.34839000">
   </rtept>
   <rtept lat="34.03662200" lon="134.34840400">
   </rtept>
   <rtept lat="34.03638600" lon="134.34834700">
   </rtept>
   <rtept lat="34.03623200" lon="134.34824700">
   </rtept>
   <rtept lat="34.03600800" lon="134.34791900">
   </rtept>
   <rtept lat="34.03590100" lon="134.34770500">
   </rtept>
   <rtept lat="34.03572400" lon="134.34742000">
   </rtept>
   <rtept lat="34.03555900" lon="134.34713500">
   </rtept>
   <rtept lat="34.03534600" lon="134.34689200">
   </rtept>
   <rtept lat="34.03522800" lon="134.34673600">
   </rtept>
   <rtept lat="34.03509800" lon="134.34669300">
   </rtept>
   <rtept lat="34.03470800" lon="134.34673600">
   </rtept>
   <rtept lat="34.03449300" lon="134.34670700">
   </rtept>
   <rtept lat="34.03413800" lon="134.34645000">
   </rtept>
   <rtept lat="34.03367700" lon="134.34610800">
   </rtept>
   <rtept lat="34.03341700" lon="134.34569400">
   </rtept>
   <rtept lat="34.03318100" lon="134.34525200">
   </rtept>
   <rtept lat="34.03296800" lon="134.34485300">
   </rtept>
   <rtept lat="34.03275500" lon="134.34432500">
   </rtept>
   <rtept lat="34.03249500" lon="134.34365500">
   </rtept>
   <rtept lat="34.03222400" lon="134.34319900">
   </rtept>
   <rtept lat="34.03198700" lon="134.34294200">
   </rtept>
   <rtept lat="34.03159700" lon="134.34275700">
   </rtept>
   <rtept lat="34.03165600" lon="134.34241500">
   </rtept>
   <rtept lat="34.03164500" lon="134.34220100">
   </rtept>
   <rtept lat="34.03165600" lon="134.34160200">
   </rtept>
   <rtept lat="34.03166800" lon="134.34124500">
   </rtept>
   <rtept lat="34.03175100" lon="134.34087400">
   </rtept>
   <rtept lat="34.03172700" lon="134.34074600">
   </rtept>
   <rtept lat="34.03164500" lon="134.34040400">
   </rtept>
   <rtept lat="34.03170400" lon="134.33990500">
   </rtept>
   <rtept lat="34.03164500" lon="134.33953400">
   </rtept>
   <rtept lat="34.03172700" lon="134.33913500">
   </rtept>
   <rtept lat="34.03182200" lon="134.33840700">
   </rtept>
   <rtept lat="34.03179800" lon="134.33800800">
   </rtept>
   <rtept lat="34.03168000" lon="134.33745200">
   </rtept>
   <rtept lat="34.03155000" lon="134.33698100">
   </rtept>
   <rtept lat="34.03149100" lon="134.33661000">
   </rtept>
   <rtept lat="34.03138500" lon="134.33608700">
   </rtept>
   <rtept lat="34.03117200" lon="134.33570200">
   </rtept>
   <rtept lat="34.03092400" lon="134.33546000">
   </rtept>
   <rtept lat="34.03049800" lon="134.33520300">
   </rtept>
   <rtept lat="34.03026200" lon="134.33491800">
   </rtept>
   <rtept lat="34.03012000" lon="134.33466100">
   </rtept>
   <rtept lat="34.02986000" lon="134.33471800">
   </rtept>
   <rtept lat="34.02956500" lon="134.33467500">
   </rtept>
   <rtept lat="34.02926900" lon="134.33457500">
   </rtept>
   <rtept lat="34.02897400" lon="134.33456100">
   </rtept>
   <rtept lat="34.02858400" lon="134.33467500">
   </rtept>
   <rtept lat="34.02817000" lon="134.33467500">
   </rtept>
   <rtept lat="34.02734300" lon="134.33494600">
   </rtept>
   <rtept lat="34.02711600" lon="134.33494600">
   </rtept>
   <rtept lat="34.02686700" lon="134.33514600">
   </rtept>
   <rtept lat="34.02659600" lon="134.33526000">
   </rtept>
   <rtept lat="34.02631200" lon="134.33528800">
   </rtept>
   <rtept lat="34.02592200" lon="134.33518900">
   </rtept>
   <rtept lat="34.02510600" lon="134.33510300">
   </rtept>
   <rtept lat="34.02490600" lon="134.33500300">
   </rtept>
   <rtept lat="34.02463400" lon="134.33496000">
   </rtept>
   <rtept lat="34.02437400" lon="134.33510300">
   </rtept>
   <rtept lat="34.02417300" lon="134.33513200">
   </rtept>
   <rtept lat="34.02380600" lon="134.33497500">
   </rtept>
   <rtept lat="34.02360500" lon="134.33498900">
   </rtept>
   <rtept lat="34.02323900" lon="134.33476100">
   </rtept>
   <rtept lat="34.02301400" lon="134.33466100">
   </rtept>
   <rtept lat="34.02281300" lon="134.33451800">
   </rtept>
   <rtept lat="34.02268300" lon="134.33443300">
   </rtept>
   <rtept lat="34.02195100" lon="134.33420500">
   </rtept>
   <rtept lat="34.02110000" lon="134.33404800">
   </rtept>
   <rtept lat="34.02081600" lon="134.33406200">
   </rtept>
   <rtept lat="34.02032000" lon="134.33410500">
   </rtept>
   <rtept lat="34.02010700" lon="134.33387700">
   </rtept>
   <rtept lat="34.01985900" lon="134.33344900">
   </rtept>
   <rtept lat="34.01945900" lon="134.33260700">
   </rtept>
   <rtept lat="34.01911600" lon="134.33215100">
   </rtept>
   <rtept lat="34.01877300" lon="134.33179400">
   </rtept>
   <rtept lat="34.01823000" lon="134.33176600">
   </rtept>
   <rtept lat="34.01800500" lon="134.33173700">
   </rtept>
   <rtept lat="34.01786300" lon="134.33165200">
   </rtept>
   <rtept lat="34.01772100" lon="134.33145200">
   </rtept>
   <rtept lat="34.01758000" lon="134.33126700">
   </rtept>
   <rtept lat="34.01730800" lon="134.33125300">
   </rtept>
   <rtept lat="34.01703600" lon="134.33125300">
   </rtept>
   <rtept lat="34.01679900" lon="134.33129500">
   </rtept>
   <rtept lat="34.01664600" lon="134.33126700">
   </rtept>
   <rtept lat="34.01653900" lon="134.33113800">
   </rtept>
   <rtept lat="34.01637400" lon="134.33089600">
   </rtept>
   <rtept lat="34.01606700" lon="134.33089600">
   </rtept>
   <rtept lat="34.01585400" lon="134.33096700">
   </rtept>
   <rtept lat="34.01558200" lon="134.33081100">
   </rtept>
   <rtept lat="34.01548700" lon="134.33065400">
   </rtept>
   <rtept lat="34.01531000" lon="134.33042500">
   </rtept>
   <rtept lat="34.01522700" lon="134.33038300">
   </rtept>
   <rtept lat="34.01513300" lon="134.33044000">
   </rtept>
   <rtept lat="34.01499100" lon="134.33039700">
   </rtept>
   <rtept lat="34.01492000" lon="134.33016900">
   </rtept>
   <rtept lat="34.01499100" lon="134.32982700">
   </rtept>
   <rtept lat="34.01488500" lon="134.32958400">
   </rtept>
   <rtept lat="34.01470700" lon="134.32951300">
   </rtept>
   <rtept lat="34.01441200" lon="134.32949900">
   </rtept>
   <rtept lat="34.01392700" lon="134.32967000">
   </rtept>
   <rtept lat="34.01362000" lon="134.32975500">
   </rtept>
   <rtept lat="34.01344200" lon="134.32976900">
   </rtept>
   <rtept lat="34.01314700" lon="134.32941300">
   </rtept>
   <rtept lat="34.01292700" lon="134.32890000">
   </rtept>
   <rtept lat="34.01258400" lon="134.32844300">
   </rtept>
   <rtept lat="34.01233600" lon="134.32808700">
   </rtept>
   <rtept lat="34.01205200" lon="134.32785900">
   </rtept>
   <rtept lat="34.01176900" lon="134.32777300">
   </rtept>
   <rtept lat="34.01160300" lon="134.32768700">
   </rtept>
   <rtept lat="34.01129600" lon="134.32738800">
   </rtept>
   <rtept lat="34.01109500" lon="134.32716000">
   </rtept>
   <rtept lat="34.01076400" lon="134.32688900">
   </rtept>
   <rtept lat="34.01053900" lon="134.32666100">
   </rtept>
   <rtept lat="34.01048000" lon="134.32631800">
   </rtept>
   <rtept lat="34.01039700" lon="134.32591900">
   </rtept>
   <rtept lat="34.01026700" lon="134.32559100">
   </rtept>
   <rtept lat="34.01010200" lon="134.32532000">
   </rtept>
   <rtept lat="34.01005400" lon="134.32502100">
   </rtept>
   <rtept lat="34.00986500" lon="134.32479200">
   </rtept>
   <rtept lat="34.00970000" lon="134.32456400">
   </rtept>
   <rtept lat="34.00919200" lon="134.32416500">
   </rtept>
   <rtept lat="34.00901400" lon="134.32388000">
   </rtept>
   <rtept lat="34.00886100" lon="134.32358000">
   </rtept>
   <rtept lat="34.00877800" lon="134.32346600">
   </rtept>
   <rtept lat="34.00855300" lon="134.32329500">
   </rtept>
   <rtept lat="34.00831700" lon="134.32328100">
   </rtept>
   <rtept lat="34.00815100" lon="134.32339500">
   </rtept>
   <rtept lat="34.00795000" lon="134.32346600">
   </rtept>
   <rtept lat="34.00748900" lon="134.32352300">
   </rtept>
   <rtept lat="34.00707500" lon="134.32356600">
   </rtept>
   <rtept lat="34.00674400" lon="134.32370900">
   </rtept>
   <rtept lat="34.00650800" lon="134.32399400">
   </rtept>
   <rtept lat="34.00609400" lon="134.32409400">
   </rtept>
   <rtept lat="34.00574000" lon="134.32413600">
   </rtept>
   <rtept lat="34.00557400" lon="134.32393700">
   </rtept>
   <rtept lat="34.00545600" lon="134.32373700">
   </rtept>
   <rtept lat="34.00531400" lon="134.32362300">
   </rtept>
   <rtept lat="34.00519600" lon="134.32386600">
   </rtept>
   <rtept lat="34.00505400" lon="134.32410800">
   </rtept>
   <rtept lat="34.00468700" lon="134.32432200">
   </rtept>
   <rtept lat="34.00435900" lon="134.32447900">
   </rtept>
   <rtept lat="34.00368500" lon="134.32479200">
   </rtept>
   <rtept lat="34.00312900" lon="134.32512000">
   </rtept>
   <rtept lat="34.00286900" lon="134.32532000">
   </rtept>
   <rtept lat="34.00279800" lon="134.32519200">
   </rtept>
   <rtept lat="34.00266800" lon="134.32510600">
   </rtept>
   <rtept lat="34.00253800" lon="134.32504900">
   </rtept>
   <rtept lat="34.00245500" lon="134.32480700">
   </rtept>
   <rtept lat="34.00238400" lon="134.32462100">
   </rtept>
   <rtept lat="34.00230200" lon="134.32449300">
   </rtept>
   <rtept lat="34.00231400" lon="134.32440700">
   </rtept>
   <rtept lat="34.00247900" lon="134.32435000">
   </rtept>
   <rtept lat="34.00258500" lon="134.32422200">
   </rtept>
   <rtept lat="34.00251500" lon="134.32403700">
   </rtept>
   <rtept lat="34.00243200" lon="134.32370900">
   </rtept>
   <rtept lat="34.00244400" lon="134.32345200">
   </rtept>
   <rtept lat="34.00258500" lon="134.32343800">
   </rtept>
   <rtept lat="34.00272700" lon="134.32332400">
   </rtept>
   <rtept lat="34.00279800" lon="134.32321000">
   </rtept>
   <rtept lat="34.00270400" lon="134.32289600">
   </rtept>
   <rtept lat="34.00249100" lon="134.32272500">
   </rtept>
   <rtept lat="34.00221900" lon="134.32261100">
   </rtept>
   <rtept lat="34.00195900" lon="134.32251100">
   </rtept>
   <rtept lat="34.00171100" lon="134.32228300">
   </rtept>
   <rtept lat="34.00147400" lon="134.32213100">
   </rtept>
   <rtept lat="34.00107200" lon="134.32188900">
   </rtept>
   <rtept lat="34.00064700" lon="134.32164700">
   </rtept>
   <rtept lat="34.00037500" lon="134.32149000">
   </rtept>
   <rtept lat="33.99981900" lon="134.32130400">
   </rtept>
   <rtept lat="33.99934600" lon="134.32109000">
   </rtept>
   <rtept lat="33.99907400" lon="134.32093300">
   </rtept>
   <rtept lat="33.99875500" lon="134.32054800">
   </rtept>
   <rtept lat="33.99849500" lon="134.32052000">
   </rtept>
   <rtept lat="33.99850200" lon="134.32029200">
   </rtept>
   <rtept lat="33.99856100" lon="134.31987800">
   </rtept>
   <rtept lat="33.99864400" lon="134.31960700">
   </rtept>
   <rtept lat="33.99817100" lon="134.32017800">
   </rtept>
   <rtept lat="33.99801700" lon="134.32012100">
   </rtept>
   <rtept lat="33.99792300" lon="134.32009200">
   </rtept>
   <rtept lat="33.99762700" lon="134.31977800">
   </rtept>
   <rtept lat="33.99726000" lon="134.31945000">
   </rtept>
   <rtept lat="33.99707100" lon="134.31920800">
   </rtept>
   <rtept lat="33.99679900" lon="134.31909400">
   </rtept>
   <rtept lat="33.99659800" lon="134.31885100">
   </rtept>
   <rtept lat="33.99643300" lon="134.31869500">
   </rtept>
   <rtept lat="33.99626700" lon="134.31846600">
   </rtept>
   <rtept lat="33.99607800" lon="134.31829500">
   </rtept>
   <rtept lat="33.99586500" lon="134.31822400">
   </rtept>
   <rtept lat="33.99570000" lon="134.31802400">
   </rtept>
   <rtept lat="33.99559300" lon="134.31815300">
   </rtept>
   <rtept lat="33.99541600" lon="134.31833800">
   </rtept>
   <rtept lat="33.99534500" lon="134.31850900">
   </rtept>
   <rtept lat="33.99521500" lon="134.31862300">
   </rtept>
   <rtept lat="33.99510900" lon="134.31855200">
   </rtept>
   <rtept lat="33.99502600" lon="134.31848100">
   </rtept>
   <rtept lat="33.99494300" lon="134.31855200">
   </rtept>
   <rtept lat="33.99494300" lon="134.31865200">
   </rtept>
   <rtept lat="33.99483700" lon="134.31870900">
   </rtept>
   <rtept lat="33.99484900" lon="134.31843800">
   </rtept>
   <rtept lat="33.99468300" lon="134.31769600">
   </rtept>
   <rtept lat="33.99436400" lon="134.31721100">
   </rtept>
   <rtept lat="33.99428100" lon="134.31658400">
   </rtept>
   <rtept lat="33.99431600" lon="134.31611300">
   </rtept>
   <rtept lat="33.99439900" lon="134.31582800">
   </rtept>
   <rtept lat="33.99452900" lon="134.31560000">
   </rtept>
   <rtept lat="33.99474200" lon="134.31558600">
   </rtept>
   <rtept lat="33.99487200" lon="134.31558600">
   </rtept>
   <rtept lat="33.99494300" lon="134.31548600">
   </rtept>
   <rtept lat="33.99499000" lon="134.31528600">
   </rtept>
   <rtept lat="33.99493100" lon="134.31475900">
   </rtept>
   <rtept lat="33.99489600" lon="134.31461600">
   </rtept>
   <rtept lat="33.99482500" lon="134.31451600">
   </rtept>
   <rtept lat="33.99470700" lon="134.31448800">
   </rtept>
   <rtept lat="33.99464800" lon="134.31457300">
   </rtept>
   <rtept lat="33.99458800" lon="134.31475900">
   </rtept>
   <rtept lat="33.99448200" lon="134.31477300">
   </rtept>
   <rtept lat="33.99422200" lon="134.31481600">
   </rtept>
   <rtept lat="33.99398800" lon="134.31498700">
   </rtept>
   <rtept lat="33.99376300" lon="134.31520100">
   </rtept>
   <rtept lat="33.99364500" lon="134.31521500">
   </rtept>
   <rtept lat="33.99347900" lon="134.31504400">
   </rtept>
   <rtept lat="33.99326700" lon="134.31517200">
   </rtept>
   <rtept lat="33.99293500" lon="134.31508700">
   </rtept>
   <rtept lat="33.99272300" lon="134.31514400">
   </rtept>
   <rtept lat="33.99241500" lon="134.31524300">
   </rtept>
   <rtept lat="33.99216700" lon="134.31520100">
   </rtept>
   <rtept lat="33.99208400" lon="134.31512900">
   </rtept>
   <rtept lat="33.99202500" lon="134.31495800">
   </rtept>
   <rtept lat="33.99194200" lon="134.31475900">
   </rtept>
   <rtept lat="33.99195400" lon="134.31448800">
   </rtept>
   <rtept lat="33.99196600" lon="134.31430200">
   </rtept>
   <rtept lat="33.99188300" lon="134.31421700">
   </rtept>
   <rtept lat="33.99161100" lon="134.31418800">
   </rtept>
   <rtept lat="33.99161100" lon="134.31404600">
   </rtept>
   <rtept lat="33.99155200" lon="134.31388900">
   </rtept>
   <rtept lat="33.99159900" lon="134.31370300">
   </rtept>
   <rtept lat="33.99156400" lon="134.31348900">
   </rtept>
   <rtept lat="33.99142200" lon="134.31326100">
   </rtept>
   <rtept lat="33.99103200" lon="134.31296200">
   </rtept>
   <rtept lat="33.99085400" lon="134.31281900">
   </rtept>
   <rtept lat="33.99064200" lon="134.31237700">
   </rtept>
   <rtept lat="33.99039300" lon="134.31209200">
   </rtept>
   <rtept lat="33.99029900" lon="134.31190600">
   </rtept>
   <rtept lat="33.98986100" lon="134.31159300">
   </rtept>
   <rtept lat="33.98962500" lon="134.31142200">
   </rtept>
   <rtept lat="33.98948300" lon="134.31129300">
   </rtept>
   <rtept lat="33.98898600" lon="134.31110800">
   </rtept>
   <rtept lat="33.98869100" lon="134.31095100">
   </rtept>
   <rtept lat="33.98847800" lon="134.31075100">
   </rtept>
   <rtept lat="33.98815900" lon="134.31038100">
   </rtept>
   <rtept lat="33.98791000" lon="134.31023800">
   </rtept>
   <rtept lat="33.98767400" lon="134.31008100">
   </rtept>
   <rtept lat="33.98730700" lon="134.30998100">
   </rtept>
   <rtept lat="33.98714200" lon="134.30996700">
   </rtept>
   <rtept lat="33.98697600" lon="134.31013800">
   </rtept>
   <rtept lat="33.98659800" lon="134.31020900">
   </rtept>
   <rtept lat="33.98623100" lon="134.31048000">
   </rtept>
   <rtept lat="33.98552200" lon="134.31079400">
   </rtept>
   <rtept lat="33.98519100" lon="134.31093700">
   </rtept>
   <rtept lat="33.98477700" lon="134.31093700">
   </rtept>
   <rtept lat="33.98455200" lon="134.31100800">
   </rtept>
   <rtept lat="33.98439800" lon="134.31115100">
   </rtept>
   <rtept lat="33.98423300" lon="134.31157800">
   </rtept>
   <rtept lat="33.98393700" lon="134.31167800">
   </rtept>
   <rtept lat="33.98379500" lon="134.31253400">
   </rtept>
   <rtept lat="33.98378300" lon="134.31388900">
   </rtept>
   <rtept lat="33.98386600" lon="134.31430200">
   </rtept>
   <rtept lat="33.98425600" lon="134.31488700">
   </rtept>
   <rtept lat="33.98459900" lon="134.31550000">
   </rtept>
   <rtept lat="33.98484800" lon="134.31667000">
   </rtept>
   <rtept lat="33.98496600" lon="134.31718300">
   </rtept>
   <rtept lat="33.98491900" lon="134.31729700">
   </rtept>
   <rtept lat="33.98470600" lon="134.31724000">
   </rtept>
   <rtept lat="33.98415000" lon="134.31668400">
   </rtept>
   <rtept lat="33.98402000" lon="134.31665500">
   </rtept>
   <rtept lat="33.98389000" lon="134.31669800">
   </rtept>
   <rtept lat="33.98384300" lon="134.31688300">
   </rtept>
   <rtept lat="33.98386600" lon="134.31735400">
   </rtept>
   <rtept lat="33.98381900" lon="134.31753900">
   </rtept>
   <rtept lat="33.98372400" lon="134.31791000">
   </rtept>
   <rtept lat="33.98372400" lon="134.31803900">
   </rtept>
   <rtept lat="33.98393700" lon="134.31825200">
   </rtept>
   <rtept lat="33.98391400" lon="134.31842400">
   </rtept>
   <rtept lat="33.98385400" lon="134.31900800">
   </rtept>
   <rtept lat="33.98381900" lon="134.31983500">
   </rtept>
   <rtept lat="33.98377200" lon="134.32020600">
   </rtept>
   <rtept lat="33.98386600" lon="134.32058600">
   </rtept>
   <rtept lat="33.98394900" lon="134.32085600">
   </rtept>
   <rtept lat="33.98390200" lon="134.32108500">
   </rtept>
   <rtept lat="33.98380700" lon="134.32135600">
   </rtept>
   <rtept lat="33.98386600" lon="134.32145500">
   </rtept>
   <rtept lat="33.98397300" lon="134.32138400">
   </rtept>
   <rtept lat="33.98411500" lon="134.32121300">
   </rtept>
   <rtept lat="33.98433900" lon="134.32127000">
   </rtept>
   <rtept lat="33.98469400" lon="134.32147000">
   </rtept>
   <rtept lat="33.98508400" lon="134.32174100">
   </rtept>
   <rtept lat="33.98541500" lon="134.32202600">
   </rtept>
   <rtept lat="33.98579400" lon="134.32221100">
   </rtept>
   <rtept lat="33.98593600" lon="134.32226800">
   </rtept>
   <rtept lat="33.98600600" lon="134.32239700">
   </rtept>
   <rtept lat="33.98592400" lon="134.32245400">
   </rtept>
   <rtept lat="33.98564000" lon="134.32251100">
   </rtept>
   <rtept lat="33.98547400" lon="134.32266800">
   </rtept>
   <rtept lat="33.98565200" lon="134.32273900">
   </rtept>
   <rtept lat="33.98595900" lon="134.32279600">
   </rtept>
   <rtept lat="33.98632600" lon="134.32293900">
   </rtept>
   <rtept lat="33.98668100" lon="134.32309500">
   </rtept>
   <rtept lat="33.98708300" lon="134.32319500">
   </rtept>
   <rtept lat="33.98759100" lon="134.32323800">
   </rtept>
   <rtept lat="33.98838300" lon="134.32323800">
   </rtept>
   <rtept lat="33.98878500" lon="134.32312400">
   </rtept>
   <rtept lat="33.98899800" lon="134.32316700">
   </rtept>
   <rtept lat="33.98910500" lon="134.32305300">
   </rtept>
   <rtept lat="33.98918700" lon="134.32295300">
   </rtept>
   <rtept lat="33.98927000" lon="134.32303800">
   </rtept>
   <rtept lat="33.98922300" lon="134.32318100">
   </rtept>
   <rtept lat="33.98905700" lon="134.32338100">
   </rtept>
   <rtept lat="33.98888000" lon="134.32352300">
   </rtept>
   <rtept lat="33.98832400" lon="134.32378000">
   </rtept>
   <rtept lat="33.98793400" lon="134.32412200">
   </rtept>
   <rtept lat="33.98750800" lon="134.32443600">
   </rtept>
   <rtept lat="33.98734300" lon="134.32452200">
   </rtept>
   <rtept lat="33.98708300" lon="134.32497800">
   </rtept>
   <rtept lat="33.98711800" lon="134.32517800">
   </rtept>
   <rtept lat="33.98721300" lon="134.32547700">
   </rtept>
   <rtept lat="33.98740200" lon="134.32666100">
   </rtept>
   <rtept lat="33.98743700" lon="134.32706000">
   </rtept>
   <rtept lat="33.98737800" lon="134.32754500">
   </rtept>
   <rtept lat="33.98726000" lon="134.32768700">
   </rtept>
   <rtept lat="33.98715300" lon="134.32781600">
   </rtept>
   <rtept lat="33.98690500" lon="134.32821500">
   </rtept>
   <rtept lat="33.98669200" lon="134.32850000">
   </rtept>
 </rte>
 <rte>
  <name>SHIKOKU_TKS_10(柴小屋・旭ヶ丸分水嶺のみち)</name>
   <rtept lat="33.96762200" lon="134.34567000">
   </rtept>
   <rtept lat="33.96715900" lon="134.34578900">
   </rtept>
   <rtept lat="33.96701100" lon="134.34582500">
   </rtept>
   <rtept lat="33.96682400" lon="134.34578900">
   </rtept>
   <rtept lat="33.96659700" lon="134.34555100">
   </rtept>
   <rtept lat="33.96628200" lon="134.34525400">
   </rtept>
   <rtept lat="33.96572000" lon="134.34504000">
   </rtept>
   <rtept lat="33.96528600" lon="134.34457700">
   </rtept>
   <rtept lat="33.96509900" lon="134.34405400">
   </rtept>
   <rtept lat="33.96466600" lon="134.34303200">
   </rtept>
   <rtept lat="33.96441900" lon="134.34243800">
   </rtept>
   <rtept lat="33.96436000" lon="134.34239000">
   </rtept>
   <rtept lat="33.96385700" lon="134.34140400">
   </rtept>
   <rtept lat="33.96377800" lon="134.34130900">
   </rtept>
   <rtept lat="33.96321700" lon="134.34088100">
   </rtept>
   <rtept lat="33.96314800" lon="134.34076200">
   </rtept>
   <rtept lat="33.96275300" lon="134.34021500">
   </rtept>
   <rtept lat="33.96247700" lon="134.33999000">
   </rtept>
   <rtept lat="33.96224100" lon="134.33979900">
   </rtept>
   <rtept lat="33.96214200" lon="134.33947800">
   </rtept>
   <rtept lat="33.96208300" lon="134.33941900">
   </rtept>
   <rtept lat="33.96178700" lon="134.33922900">
   </rtept>
   <rtept lat="33.96173800" lon="134.33909800">
   </rtept>
   <rtept lat="33.96160600" lon="134.33867600">
   </rtept>
   <rtept lat="33.96143900" lon="134.33826000">
   </rtept>
   <rtept lat="33.96136000" lon="134.33813000">
   </rtept>
   <rtept lat="33.96121200" lon="134.33802300">
   </rtept>
   <rtept lat="33.96090600" lon="134.33785600">
   </rtept>
   <rtept lat="33.96069900" lon="134.33776100">
   </rtept>
   <rtept lat="33.96047300" lon="134.33707200">
   </rtept>
   <rtept lat="33.96031500" lon="134.33664400">
   </rtept>
   <rtept lat="33.95975300" lon="134.33652500">
   </rtept>
   <rtept lat="33.95952600" lon="134.33651300">
   </rtept>
   <rtept lat="33.95901400" lon="134.33616900">
   </rtept>
   <rtept lat="33.95891500" lon="134.33608600">
   </rtept>
   <rtept lat="33.95852100" lon="134.33596700">
   </rtept>
   <rtept lat="33.95803800" lon="134.33561000">
   </rtept>
   <rtept lat="33.95736800" lon="134.33557500">
   </rtept>
   <rtept lat="33.95709200" lon="134.33575300">
   </rtept>
   <rtept lat="33.95688500" lon="134.33577700">
   </rtept>
   <rtept lat="33.95660700" lon="134.33568200">
   </rtept>
   <rtept lat="33.95646900" lon="134.33563400">
   </rtept>
   <rtept lat="33.95636000" lon="134.33562200">
   </rtept>
   <rtept lat="33.95612400" lon="134.33574100">
   </rtept>
   <rtept lat="33.95590700" lon="134.33580000">
   </rtept>
   <rtept lat="33.95571000" lon="134.33578900">
   </rtept>
   <rtept lat="33.95553200" lon="134.33571700">
   </rtept>
   <rtept lat="33.95536500" lon="134.33552700">
   </rtept>
   <rtept lat="33.95519700" lon="134.33530100">
   </rtept>
   <rtept lat="33.95507900" lon="134.33513500">
   </rtept>
   <rtept lat="33.95486200" lon="134.33496900">
   </rtept>
   <rtept lat="33.95456600" lon="134.33479000">
   </rtept>
   <rtept lat="33.95422100" lon="134.33456400">
   </rtept>
   <rtept lat="33.95401400" lon="134.33441000">
   </rtept>
   <rtept lat="33.95380700" lon="134.33422000">
   </rtept>
   <rtept lat="33.95364000" lon="134.33414900">
   </rtept>
   <rtept lat="33.95318200" lon="134.33412500">
   </rtept>
   <rtept lat="33.95273900" lon="134.33403000">
   </rtept>
   <rtept lat="33.95240300" lon="134.33403000">
   </rtept>
   <rtept lat="33.95218600" lon="134.33416000">
   </rtept>
   <rtept lat="33.95204800" lon="134.33441000">
   </rtept>
   <rtept lat="33.95197900" lon="134.33451700">
   </rtept>
   <rtept lat="33.95137800" lon="134.33490900">
   </rtept>
   <rtept lat="33.95083600" lon="134.33526600">
   </rtept>
   <rtept lat="33.95097400" lon="134.33479000">
   </rtept>
   <rtept lat="33.95107300" lon="134.33435100">
   </rtept>
   <rtept lat="33.95106300" lon="134.33420800">
   </rtept>
   <rtept lat="33.95093500" lon="134.33437400">
   </rtept>
   <rtept lat="33.95082600" lon="134.33466000">
   </rtept>
   <rtept lat="33.95072800" lon="134.33469500">
   </rtept>
   <rtept lat="33.95063900" lon="134.33425500">
   </rtept>
   <rtept lat="33.95062900" lon="134.33394600">
   </rtept>
   <rtept lat="33.95038200" lon="134.33350700">
   </rtept>
   <rtept lat="33.95015600" lon="134.33319800">
   </rtept>
   <rtept lat="33.94996800" lon="134.33278200">
   </rtept>
   <rtept lat="33.94982100" lon="134.33255600">
   </rtept>
   <rtept lat="33.94963300" lon="134.33261500">
   </rtept>
   <rtept lat="33.94950500" lon="134.33269900">
   </rtept>
   <rtept lat="33.94931800" lon="134.33254400">
   </rtept>
   <rtept lat="33.94914000" lon="134.33228300">
   </rtept>
   <rtept lat="33.94892300" lon="134.33215200">
   </rtept>
   <rtept lat="33.94872600" lon="134.33204500">
   </rtept>
   <rtept lat="33.94858800" lon="134.33186700">
   </rtept>
   <rtept lat="33.94842100" lon="134.33178400">
   </rtept>
   <rtept lat="33.94825300" lon="134.33168900">
   </rtept>
   <rtept lat="33.94797700" lon="134.33155800">
   </rtept>
   <rtept lat="33.94779000" lon="134.33148700">
   </rtept>
   <rtept lat="33.94778000" lon="134.33128400">
   </rtept>
   <rtept lat="33.94775000" lon="134.33064300">
   </rtept>
   <rtept lat="33.94775900" lon="134.32974800">
   </rtept>
   <rtept lat="33.94755200" lon="134.32863100">
   </rtept>
   <rtept lat="33.94739500" lon="134.32813200">
   </rtept>
   <rtept lat="33.94705900" lon="134.32790600">
   </rtept>
   <rtept lat="33.94666500" lon="134.32762100">
   </rtept>
   <rtept lat="33.94621200" lon="134.32755000">
   </rtept>
   <rtept lat="33.94576800" lon="134.32772800">
   </rtept>
   <rtept lat="33.94547200" lon="134.32783500">
   </rtept>
   <rtept lat="33.94502900" lon="134.32818000">
   </rtept>
   <rtept lat="33.94486100" lon="134.32829900">
   </rtept>
   <rtept lat="33.94458500" lon="134.32865500">
   </rtept>
   <rtept lat="33.94442700" lon="134.32888100">
   </rtept>
   <rtept lat="33.94435800" lon="134.32884500">
   </rtept>
   <rtept lat="33.94440700" lon="134.32846500">
   </rtept>
   <rtept lat="33.94459500" lon="134.32769300">
   </rtept>
   <rtept lat="33.94472300" lon="134.32686100">
   </rtept>
   <rtept lat="33.94482200" lon="134.32614800">
   </rtept>
   <rtept lat="33.94480200" lon="134.32583900">
   </rtept>
   <rtept lat="33.94472300" lon="134.32537500">
   </rtept>
   <rtept lat="33.94455500" lon="134.32503100">
   </rtept>
   <rtept lat="33.94445700" lon="134.32501900">
   </rtept>
   <rtept lat="33.94426000" lon="134.32564800">
   </rtept>
   <rtept lat="33.94403300" lon="134.32668200">
   </rtept>
   <rtept lat="33.94395400" lon="134.32690800">
   </rtept>
   <rtept lat="33.94385500" lon="134.32720500">
   </rtept>
   <rtept lat="33.94364800" lon="134.32745500">
   </rtept>
   <rtept lat="33.94353000" lon="134.32772800">
   </rtept>
   <rtept lat="33.94342200" lon="134.32812000">
   </rtept>
   <rtept lat="33.94322400" lon="134.32834600">
   </rtept>
   <rtept lat="33.94314600" lon="134.32826300">
   </rtept>
   <rtept lat="33.94331300" lon="134.32749100">
   </rtept>
   <rtept lat="33.94339200" lon="134.32709800">
   </rtept>
   <rtept lat="33.94332300" lon="134.32674200">
   </rtept>
   <rtept lat="33.94314600" lon="134.32630200">
   </rtept>
   <rtept lat="33.94309600" lon="134.32610000">
   </rtept>
   <rtept lat="33.94318500" lon="134.32568400">
   </rtept>
   <rtept lat="33.94329300" lon="134.32519700">
   </rtept>
   <rtept lat="33.94329300" lon="134.32478100">
   </rtept>
   <rtept lat="33.94320500" lon="134.32452000">
   </rtept>
   <rtept lat="33.94304700" lon="134.32425800">
   </rtept>
   <rtept lat="33.94287000" lon="134.32404400">
   </rtept>
   <rtept lat="33.94266600" lon="134.32393700">
   </rtept>
   <rtept lat="33.94236100" lon="134.32383000">
   </rtept>
   <rtept lat="33.94218300" lon="134.32387800">
   </rtept>
   <rtept lat="33.94201600" lon="134.32399700">
   </rtept>
   <rtept lat="33.94173000" lon="134.32434100">
   </rtept>
   <rtept lat="33.94141400" lon="134.32460300">
   </rtept>
   <rtept lat="33.94128600" lon="134.32465000">
   </rtept>
   <rtept lat="33.94109900" lon="134.32452000">
   </rtept>
   <rtept lat="33.94081300" lon="134.32416300">
   </rtept>
   <rtept lat="33.94059600" lon="134.32387800">
   </rtept>
   <rtept lat="33.94056600" lon="134.32370000">
   </rtept>
   <rtept lat="33.94069500" lon="134.32350900">
   </rtept>
   <rtept lat="33.94089200" lon="134.32331900">
   </rtept>
   <rtept lat="33.94116800" lon="134.32320000">
   </rtept>
   <rtept lat="33.94117800" lon="134.32304600">
   </rtept>
   <rtept lat="33.94109900" lon="134.32297500">
   </rtept>
   <rtept lat="33.94100000" lon="134.32302200">
   </rtept>
   <rtept lat="33.94050700" lon="134.32333100">
   </rtept>
   <rtept lat="33.94034000" lon="134.32346200">
   </rtept>
   <rtept lat="33.94020200" lon="134.32365200">
   </rtept>
   <rtept lat="33.94017200" lon="134.32387800">
   </rtept>
   <rtept lat="33.93999500" lon="134.32406800">
   </rtept>
   <rtept lat="33.93987600" lon="134.32419900">
   </rtept>
   <rtept lat="33.93983700" lon="134.32434100">
   </rtept>
   <rtept lat="33.93995500" lon="134.32442400">
   </rtept>
   <rtept lat="33.94014200" lon="134.32452000">
   </rtept>
   <rtept lat="33.94017200" lon="134.32460300">
   </rtept>
   <rtept lat="33.94015200" lon="134.32481700">
   </rtept>
   <rtept lat="33.93999500" lon="134.32512600">
   </rtept>
   <rtept lat="33.93992600" lon="134.32531600">
   </rtept>
   <rtept lat="33.93990600" lon="134.32585100">
   </rtept>
   <rtept lat="33.93987600" lon="134.32608800">
   </rtept>
   <rtept lat="33.93987600" lon="134.32637300">
   </rtept>
   <rtept lat="33.94001400" lon="134.32659900">
   </rtept>
   <rtept lat="33.94008300" lon="134.32681300">
   </rtept>
   <rtept lat="33.94009300" lon="134.32705100">
   </rtept>
   <rtept lat="33.94005400" lon="134.32731200">
   </rtept>
   <rtept lat="33.94002400" lon="134.32745500">
   </rtept>
   <rtept lat="33.93989600" lon="134.32750200">
   </rtept>
   <rtept lat="33.93974800" lon="134.32740700">
   </rtept>
   <rtept lat="33.93960000" lon="134.32730000">
   </rtept>
   <rtept lat="33.93940300" lon="134.32721700">
   </rtept>
   <rtept lat="33.93924300" lon="134.32721700">
   </rtept>
   <rtept lat="33.93898700" lon="134.32722900">
   </rtept>
   <rtept lat="33.93871100" lon="134.32725300">
   </rtept>
   <rtept lat="33.93858500" lon="134.32730500">
   </rtept>
   <rtept lat="33.93850200" lon="134.32730500">
   </rtept>
   <rtept lat="33.93843500" lon="134.32733400">
   </rtept>
   <rtept lat="33.93841100" lon="134.32739100">
   </rtept>
   <rtept lat="33.93841100" lon="134.32756200">
   </rtept>
   <rtept lat="33.93852200" lon="134.32774700">
   </rtept>
   <rtept lat="33.93886100" lon="134.32815100">
   </rtept>
   <rtept lat="33.93893600" lon="134.32838400">
   </rtept>
   <rtept lat="33.93893600" lon="134.32868400">
   </rtept>
   <rtept lat="33.93890800" lon="134.32895500">
   </rtept>
   <rtept lat="33.93878200" lon="134.32962500">
   </rtept>
   <rtept lat="33.93875000" lon="134.33064200">
   </rtept>
   <rtept lat="33.93879400" lon="134.33133100">
   </rtept>
   <rtept lat="33.93882900" lon="134.33147400">
   </rtept>
   <rtept lat="33.93902400" lon="134.33173100">
   </rtept>
   <rtept lat="33.93915500" lon="134.33197300">
   </rtept>
   <rtept lat="33.93918400" lon="134.33210900">
   </rtept>
   <rtept lat="33.93919000" lon="134.33272900">
   </rtept>
   <rtept lat="33.93913700" lon="134.33300700">
   </rtept>
   <rtept lat="33.93916100" lon="134.33328500">
   </rtept>
   <rtept lat="33.93923200" lon="134.33375600">
   </rtept>
   <rtept lat="33.93920200" lon="134.33392000">
   </rtept>
   <rtept lat="33.93920200" lon="134.33406900">
   </rtept>
   <rtept lat="33.93933800" lon="134.33438300">
   </rtept>
   <rtept lat="33.93962800" lon="134.33489700">
   </rtept>
   <rtept lat="33.93963400" lon="134.33501100">
   </rtept>
   <rtept lat="33.93959800" lon="134.33511800">
   </rtept>
   <rtept lat="33.93945600" lon="134.33513200">
   </rtept>
   <rtept lat="33.93933200" lon="134.33507500">
   </rtept>
   <rtept lat="33.93907200" lon="134.33482500">
   </rtept>
   <rtept lat="33.93862800" lon="134.33431200">
   </rtept>
   <rtept lat="33.93833800" lon="134.33394100">
   </rtept>
   <rtept lat="33.93814300" lon="134.33376300">
   </rtept>
   <rtept lat="33.93803200" lon="134.33370600">
   </rtept>
   <rtept lat="33.93777700" lon="134.33362700">
   </rtept>
   <rtept lat="33.93750500" lon="134.33346300">
   </rtept>
   <rtept lat="33.93737500" lon="134.33327800">
   </rtept>
   <rtept lat="33.93720400" lon="134.33284300">
   </rtept>
   <rtept lat="33.93707900" lon="134.33251500">
   </rtept>
   <rtept lat="33.93696700" lon="134.33231500">
   </rtept>
   <rtept lat="33.93677800" lon="134.33210200">
   </rtept>
   <rtept lat="33.93667100" lon="134.33181600">
   </rtept>
   <rtept lat="33.93658200" lon="134.33148800">
   </rtept>
   <rtept lat="33.93656500" lon="134.33108900">
   </rtept>
   <rtept lat="33.93656500" lon="134.33074000">
   </rtept>
   <rtept lat="33.93651100" lon="134.33051100">
   </rtept>
   <rtept lat="33.93647600" lon="134.33039000">
   </rtept>
   <rtept lat="33.93638700" lon="134.33031900">
   </rtept>
   <rtept lat="33.93625700" lon="134.33029800">
   </rtept>
   <rtept lat="33.93608000" lon="134.33026200">
   </rtept>
   <rtept lat="33.93596100" lon="134.33028300">
   </rtept>
   <rtept lat="33.93586100" lon="134.33036900">
   </rtept>
   <rtept lat="33.93573600" lon="134.33071100">
   </rtept>
   <rtept lat="33.93565400" lon="134.33090400">
   </rtept>
   <rtept lat="33.93551200" lon="134.33108200">
   </rtept>
   <rtept lat="33.93537600" lon="134.33114600">
   </rtept>
   <rtept lat="33.93521000" lon="134.33111800">
   </rtept>
   <rtept lat="33.93502700" lon="134.33100300">
   </rtept>
   <rtept lat="33.93484900" lon="134.33093900">
   </rtept>
   <rtept lat="33.93473100" lon="134.33094600">
   </rtept>
   <rtept lat="33.93456500" lon="134.33106000">
   </rtept>
   <rtept lat="33.93446500" lon="134.33118900">
   </rtept>
   <rtept lat="33.93442300" lon="134.33131700">
   </rtept>
   <rtept lat="33.93439400" lon="134.33151000">
   </rtept>
   <rtept lat="33.93425200" lon="134.33151700">
   </rtept>
   <rtept lat="33.93413900" lon="134.33158100">
   </rtept>
   <rtept lat="33.93409200" lon="134.33179500">
   </rtept>
   <rtept lat="33.93409800" lon="134.33199500">
   </rtept>
   <rtept lat="33.93420400" lon="134.33252900">
   </rtept>
   <rtept lat="33.93418100" lon="134.33275000">
   </rtept>
   <rtept lat="33.93406200" lon="134.33286400">
   </rtept>
   <rtept lat="33.93387900" lon="134.33292200">
   </rtept>
   <rtept lat="33.93367800" lon="134.33284300">
   </rtept>
   <rtept lat="33.93353600" lon="134.33272200">
   </rtept>
   <rtept lat="33.93340600" lon="134.33248700">
   </rtept>
   <rtept lat="33.93335200" lon="134.33241500">
   </rtept>
   <rtept lat="33.93323400" lon="134.33236500">
   </rtept>
   <rtept lat="33.93292100" lon="134.33268600">
   </rtept>
   <rtept lat="33.93266000" lon="134.33310700">
   </rtept>
   <rtept lat="33.93239400" lon="134.33315700">
   </rtept>
   <rtept lat="33.93216300" lon="134.33337100">
   </rtept>
   <rtept lat="33.93186700" lon="134.33360600">
   </rtept>
   <rtept lat="33.93138000" lon="134.33385800">
   </rtept>
   <rtept lat="33.93122300" lon="134.33401200">
   </rtept>
   <rtept lat="33.93101600" lon="134.33444000">
   </rtept>
   <rtept lat="33.93087800" lon="134.33471400">
   </rtept>
   <rtept lat="33.93064100" lon="134.33535500">
   </rtept>
   <rtept lat="33.93045400" lon="134.33570000">
   </rtept>
   <rtept lat="33.93021700" lon="134.33599700">
   </rtept>
   <rtept lat="33.93002000" lon="134.33628200">
   </rtept>
   <rtept lat="33.92979300" lon="134.33655600">
   </rtept>
   <rtept lat="33.92974400" lon="134.33678100">
   </rtept>
   <rtept lat="33.92966500" lon="134.33697200">
   </rtept>
   <rtept lat="33.92956600" lon="134.33705500">
   </rtept>
   <rtept lat="33.92940800" lon="134.33704300">
   </rtept>
   <rtept lat="33.92933900" lon="134.33696000">
   </rtept>
   <rtept lat="33.92932000" lon="134.33675800">
   </rtept>
   <rtept lat="33.92941800" lon="134.33652000">
   </rtept>
   <rtept lat="33.92920100" lon="134.33646100">
   </rtept>
   <rtept lat="33.92900400" lon="134.33649600">
   </rtept>
   <rtept lat="33.92870800" lon="134.33667400">
   </rtept>
   <rtept lat="33.92850100" lon="134.33684100">
   </rtept>
   <rtept lat="33.92830400" lon="134.33688800">
   </rtept>
   <rtept lat="33.92812600" lon="134.33675800">
   </rtept>
   <rtept lat="33.92804800" lon="134.33669800">
   </rtept>
   <rtept lat="33.92779100" lon="134.33674600">
   </rtept>
   <rtept lat="33.92763300" lon="134.33678100">
   </rtept>
   <rtept lat="33.92750500" lon="134.33707900">
   </rtept>
   <rtept lat="33.92696300" lon="134.33776800">
   </rtept>
   <rtept lat="33.92675600" lon="134.33791000">
   </rtept>
   <rtept lat="33.92648000" lon="134.33800500">
   </rtept>
   <rtept lat="33.92629200" lon="134.33813600">
   </rtept>
   <rtept lat="33.92601600" lon="134.33843300">
   </rtept>
   <rtept lat="33.92568700" lon="134.33873000">
   </rtept>
   <rtept lat="33.92551900" lon="134.33899200">
   </rtept>
   <rtept lat="33.92545000" lon="134.33915800">
   </rtept>
   <rtept lat="33.92547000" lon="134.33944300">
   </rtept>
   <rtept lat="33.92546000" lon="134.33965700">
   </rtept>
   <rtept lat="33.92530200" lon="134.33996600">
   </rtept>
   <rtept lat="33.92513500" lon="134.34016800">
   </rtept>
   <rtept lat="33.92496700" lon="134.34052500">
   </rtept>
   <rtept lat="33.92474000" lon="134.34066700">
   </rtept>
   <rtept lat="33.92448400" lon="134.34090500">
   </rtept>
   <rtept lat="33.92426700" lon="134.34120200">
   </rtept>
   <rtept lat="33.92404000" lon="134.34152300">
   </rtept>
   <rtept lat="33.92383300" lon="134.34177300">
   </rtept>
   <rtept lat="33.92348800" lon="134.34196300">
   </rtept>
   <rtept lat="33.92337900" lon="134.34209400">
   </rtept>
   <rtept lat="33.92358700" lon="134.34227200">
   </rtept>
   <rtept lat="33.92383300" lon="134.34233100">
   </rtept>
   <rtept lat="33.92407000" lon="134.34224800">
   </rtept>
   <rtept lat="33.92423700" lon="134.34211700">
   </rtept>
   <rtept lat="33.92445400" lon="134.34202200">
   </rtept>
   <rtept lat="33.92469100" lon="134.34193900">
   </rtept>
   <rtept lat="33.92485900" lon="134.34176100">
   </rtept>
   <rtept lat="33.92489800" lon="134.34165400">
   </rtept>
   <rtept lat="33.92499700" lon="134.34167800">
   </rtept>
   <rtept lat="33.92523300" lon="134.34204600">
   </rtept>
   <rtept lat="33.92547000" lon="134.34234300">
   </rtept>
   <rtept lat="33.92555900" lon="134.34241400">
   </rtept>
   <rtept lat="33.92562800" lon="134.34230700">
   </rtept>
   <rtept lat="33.92570700" lon="134.34223600">
   </rtept>
   <rtept lat="33.92579500" lon="134.34222400">
   </rtept>
   <rtept lat="33.92595300" lon="134.34240300">
   </rtept>
   <rtept lat="33.92605200" lon="134.34267600">
   </rtept>
   <rtept lat="33.92614100" lon="134.34294900">
   </rtept>
   <rtept lat="33.92639700" lon="134.34359100">
   </rtept>
   <rtept lat="33.92665300" lon="134.34447000">
   </rtept>
   <rtept lat="33.92721500" lon="134.34591500">
   </rtept>
   <rtept lat="33.92762000" lon="134.34642600">
   </rtept>
   <rtept lat="33.92806300" lon="134.34680700">
   </rtept>
   <rtept lat="33.92841800" lon="134.34716300">
   </rtept>
   <rtept lat="33.92888200" lon="134.34741300">
   </rtept>
   <rtept lat="33.92945400" lon="134.34782900">
   </rtept>
   <rtept lat="33.92976900" lon="134.34819700">
   </rtept>
   <rtept lat="33.92999600" lon="134.34868400">
   </rtept>
   <rtept lat="33.93026200" lon="134.34913600">
   </rtept>
   <rtept lat="33.93056800" lon="134.34940900">
   </rtept>
   <rtept lat="33.93096200" lon="134.34965900">
   </rtept>
   <rtept lat="33.93120900" lon="134.34992000">
   </rtept>
   <rtept lat="33.93155400" lon="134.35065700">
   </rtept>
   <rtept lat="33.93189900" lon="134.35146500">
   </rtept>
   <rtept lat="33.93223400" lon="134.35219000">
   </rtept>
   <rtept lat="33.93245100" lon="134.35258200">
   </rtept>
   <rtept lat="33.93236200" lon="134.35311700">
   </rtept>
   <rtept lat="33.93226400" lon="134.35362800">
   </rtept>
   <rtept lat="33.93257000" lon="134.35436500">
   </rtept>
   <rtept lat="33.93271000" lon="134.35484800">
   </rtept>
   <rtept lat="33.93273900" lon="134.35527500">
   </rtept>
   <rtept lat="33.93253200" lon="134.35671300">
   </rtept>
   <rtept lat="33.93254200" lon="134.35707000">
   </rtept>
   <rtept lat="33.93276900" lon="134.35751000">
   </rtept>
   <rtept lat="33.93287700" lon="134.35817500">
   </rtept>
   <rtept lat="33.93299600" lon="134.35873400">
   </rtept>
   <rtept lat="33.93302500" lon="134.35956500">
   </rtept>
   <rtept lat="33.93316300" lon="134.35994600">
   </rtept>
   <rtept lat="33.93318300" lon="134.36026700">
   </rtept>
   <rtept lat="33.93317300" lon="134.36069400">
   </rtept>
   <rtept lat="33.93316300" lon="134.36122900">
   </rtept>
   <rtept lat="33.93309400" lon="134.36172800">
   </rtept>
   <rtept lat="33.93316300" lon="134.36216800">
   </rtept>
   <rtept lat="33.93319300" lon="134.36269100">
   </rtept>
   <rtept lat="33.93340000" lon="134.36351100">
   </rtept>
   <rtept lat="33.93355800" lon="134.36405800">
   </rtept>
   <rtept lat="33.93356800" lon="134.36422400">
   </rtept>
   <rtept lat="33.93344900" lon="134.36450900">
   </rtept>
   <rtept lat="33.93335100" lon="134.36465200">
   </rtept>
   <rtept lat="33.93322300" lon="134.36512700">
   </rtept>
   <rtept lat="33.93312400" lon="134.36527000">
   </rtept>
   <rtept lat="33.93229600" lon="134.36601800">
   </rtept>
   <rtept lat="33.93230600" lon="134.36617300">
   </rtept>
   <rtept lat="33.93251300" lon="134.36641100">
   </rtept>
   <rtept lat="33.93276900" lon="134.36636300">
   </rtept>
   <rtept lat="33.93300600" lon="134.36628000">
   </rtept>
   <rtept lat="33.93338000" lon="134.36649400">
   </rtept>
   <rtept lat="33.93360700" lon="134.36675400">
   </rtept>
   <rtept lat="33.93366600" lon="134.36690900">
   </rtept>
   <rtept lat="33.93363700" lon="134.36721800">
   </rtept>
   <rtept lat="33.93359700" lon="134.36756200">
   </rtept>
   <rtept lat="33.93360700" lon="134.36776400">
   </rtept>
   <rtept lat="33.93368600" lon="134.36785900">
   </rtept>
   <rtept lat="33.93382400" lon="134.36791900">
   </rtept>
   <rtept lat="33.93394200" lon="134.36793100">
   </rtept>
   <rtept lat="33.93410000" lon="134.36778800">
   </rtept>
   <rtept lat="33.93425800" lon="134.36774000">
   </rtept>
   <rtept lat="33.93457300" lon="134.36770500">
   </rtept>
   <rtept lat="33.93486900" lon="134.36757400">
   </rtept>
   <rtept lat="33.93526400" lon="134.36762200">
   </rtept>
   <rtept lat="33.93551000" lon="134.36769300">
   </rtept>
   <rtept lat="33.93574700" lon="134.36783600">
   </rtept>
   <rtept lat="33.93595800" lon="134.36783600">
   </rtept>
   <rtept lat="33.93613500" lon="134.36772900">
   </rtept>
   <rtept lat="33.93629300" lon="134.36768100">
   </rtept>
   <rtept lat="33.93645100" lon="134.36770500">
   </rtept>
   <rtept lat="33.93651000" lon="134.36777600">
   </rtept>
   <rtept lat="33.93657900" lon="134.36809700">
   </rtept>
   <rtept lat="33.93673700" lon="134.36831100">
   </rtept>
   <rtept lat="33.93689400" lon="134.36844200">
   </rtept>
   <rtept lat="33.93735800" lon="134.36865600">
   </rtept>
   <rtept lat="33.93802700" lon="134.36875700">
   </rtept>
   <rtept lat="33.93886400" lon="134.36932800">
   </rtept>
   <rtept lat="33.93896000" lon="134.36959400">
   </rtept>
   <rtept lat="33.93888300" lon="134.36995600">
   </rtept>
   <rtept lat="33.93856000" lon="134.37029800">
   </rtept>
   <rtept lat="33.93757000" lon="134.37088900">
   </rtept>
   <rtept lat="33.93717000" lon="134.37134500">
   </rtept>
   <rtept lat="33.93713200" lon="134.37180200">
   </rtept>
   <rtept lat="33.93717000" lon="134.37233500">
   </rtept>
   <rtept lat="33.93749400" lon="134.37328700">
   </rtept>
   <rtept lat="33.93814100" lon="134.37446700">
   </rtept>
   <rtept lat="33.93907400" lon="134.37585700">
   </rtept>
   <rtept lat="33.93989200" lon="134.37654200">
   </rtept>
   <rtept lat="33.94061600" lon="134.37673300">
   </rtept>
   <rtept lat="33.94124400" lon="134.37690400">
   </rtept>
   <rtept lat="33.94165800" lon="134.37697500">
   </rtept>
   <rtept lat="33.94199600" lon="134.37704400">
   </rtept>
   <rtept lat="33.94171100" lon="134.37726500">
   </rtept>
   <rtept lat="33.94141600" lon="134.37754100">
   </rtept>
   <rtept lat="33.94125500" lon="134.37782600">
   </rtept>
   <rtept lat="33.94127400" lon="134.37818800">
   </rtept>
   <rtept lat="33.94144500" lon="134.37857800">
   </rtept>
   <rtept lat="33.94204500" lon="134.37964400">
   </rtept>
   <rtept lat="33.94261600" lon="134.38060500">
   </rtept>
   <rtept lat="33.94269200" lon="134.38083400">
   </rtept>
   <rtept lat="33.94259700" lon="134.38111000">
   </rtept>
   <rtept lat="33.94244400" lon="134.38129100">
   </rtept>
   <rtept lat="33.94236800" lon="134.38146200">
   </rtept>
   <rtept lat="33.94234900" lon="134.38168100">
   </rtept>
   <rtept lat="33.94250100" lon="134.38188100">
   </rtept>
   <rtept lat="33.94268200" lon="134.38202400">
   </rtept>
   <rtept lat="33.94287300" lon="134.38212800">
   </rtept>
   <rtept lat="33.94300600" lon="134.38230000">
   </rtept>
   <rtept lat="33.94308200" lon="134.38244200">
   </rtept>
   <rtept lat="33.94309200" lon="134.38262300">
   </rtept>
   <rtept lat="33.94305200" lon="134.38276700">
   </rtept>
   <rtept lat="33.94243100" lon="134.38307700">
   </rtept>
   <rtept lat="33.94220500" lon="134.38354000">
   </rtept>
   <rtept lat="33.94181000" lon="134.38440800">
   </rtept>
   <rtept lat="33.94164300" lon="134.38466900">
   </rtept>
   <rtept lat="33.94166200" lon="134.38491900">
   </rtept>
   <rtept lat="33.94177100" lon="134.38524000">
   </rtept>
   <rtept lat="33.94195800" lon="134.38582200">
   </rtept>
   <rtept lat="33.94200700" lon="134.38598800">
   </rtept>
   <rtept lat="33.94188900" lon="134.38614300">
   </rtept>
   <rtept lat="33.94123800" lon="134.38640400">
   </rtept>
   <rtept lat="33.94097200" lon="134.38657100">
   </rtept>
   <rtept lat="33.94048900" lon="134.38728400">
   </rtept>
   <rtept lat="33.94021300" lon="134.38773500">
   </rtept>
   <rtept lat="33.93979900" lon="134.38805600">
   </rtept>
   <rtept lat="33.93946400" lon="134.38841300">
   </rtept>
   <rtept lat="33.93930600" lon="134.38859100">
   </rtept>
   <rtept lat="33.93945400" lon="134.38890000">
   </rtept>
   <rtept lat="33.93939500" lon="134.38928000">
   </rtept>
   <rtept lat="33.93950300" lon="134.38937500">
   </rtept>
   <rtept lat="33.93968100" lon="134.38944700">
   </rtept>
   <rtept lat="33.93976900" lon="134.38957700">
   </rtept>
   <rtept lat="33.93969000" lon="134.38994200">
   </rtept>
   <rtept lat="33.93955200" lon="134.39025100">
   </rtept>
   <rtept lat="33.93951300" lon="134.39060800">
   </rtept>
   <rtept lat="33.93952300" lon="134.39082200">
   </rtept>
   <rtept lat="33.93968100" lon="134.39096400">
   </rtept>
   <rtept lat="33.93986800" lon="134.39104700">
   </rtept>
   <rtept lat="33.94013400" lon="134.39108300">
   </rtept>
   <rtept lat="33.94047900" lon="134.39103500">
   </rtept>
   <rtept lat="33.94079500" lon="134.39121400">
   </rtept>
   <rtept lat="33.94104100" lon="134.39121400">
   </rtept>
   <rtept lat="33.94126800" lon="134.39113000">
   </rtept>
   <rtept lat="33.94171200" lon="134.39096400">
   </rtept>
   <rtept lat="33.94177100" lon="134.39105900">
   </rtept>
   <rtept lat="33.94180000" lon="134.39128500">
   </rtept>
   <rtept lat="33.94180000" lon="134.39140400">
   </rtept>
   <rtept lat="33.94151400" lon="134.39177200">
   </rtept>
   <rtept lat="33.94130700" lon="134.39203400">
   </rtept>
   <rtept lat="33.94123800" lon="134.39223600">
   </rtept>
   <rtept lat="33.94124800" lon="134.39246200">
   </rtept>
   <rtept lat="33.94113000" lon="134.39279400">
   </rtept>
   <rtept lat="33.94107100" lon="134.39306800">
   </rtept>
   <rtept lat="33.94106100" lon="134.39327000">
   </rtept>
   <rtept lat="33.94113000" lon="134.39337700">
   </rtept>
   <rtept lat="33.94127800" lon="134.39351900">
   </rtept>
   <rtept lat="33.94174100" lon="134.39378100">
   </rtept>
   <rtept lat="33.94214500" lon="134.39398300">
   </rtept>
   <rtept lat="33.94221400" lon="134.39404200">
   </rtept>
   <rtept lat="33.94217500" lon="134.39414900">
   </rtept>
   <rtept lat="33.94186900" lon="134.39448200">
   </rtept>
   <rtept lat="33.94187900" lon="134.39460100">
   </rtept>
   <rtept lat="33.94214500" lon="134.39489800">
   </rtept>
   <rtept lat="33.94223400" lon="134.39500500">
   </rtept>
   <rtept lat="33.94228300" lon="134.39510000">
   </rtept>
   <rtept lat="33.94227400" lon="134.39525400">
   </rtept>
   <rtept lat="33.94223400" lon="134.39534900">
   </rtept>
   <rtept lat="33.94212600" lon="134.39533700">
   </rtept>
   <rtept lat="33.94186000" lon="134.39545600">
   </rtept>
   <rtept lat="33.94183000" lon="134.39553900">
   </rtept>
   <rtept lat="33.94186900" lon="134.39582500">
   </rtept>
   <rtept lat="33.94187900" lon="134.39609800">
   </rtept>
   <rtept lat="33.94183000" lon="134.39625200">
   </rtept>
   <rtept lat="33.94167200" lon="134.39633600">
   </rtept>
   <rtept lat="33.94153400" lon="134.39630000">
   </rtept>
   <rtept lat="33.94125800" lon="134.39622900">
   </rtept>
   <rtept lat="33.94112000" lon="134.39628800">
   </rtept>
   <rtept lat="33.94097200" lon="134.39641900">
   </rtept>
   <rtept lat="33.94095200" lon="134.39665700">
   </rtept>
   <rtept lat="33.94107100" lon="134.39678700">
   </rtept>
   <rtept lat="33.94129800" lon="134.39683500">
   </rtept>
   <rtept lat="33.94144500" lon="134.39681100">
   </rtept>
   <rtept lat="33.94183000" lon="134.39668000">
   </rtept>
   <rtept lat="33.94212600" lon="134.39665700">
   </rtept>
   <rtept lat="33.94232300" lon="134.39677500">
   </rtept>
   <rtept lat="33.94262800" lon="134.39714400">
   </rtept>
   <rtept lat="33.94278600" lon="134.39741700">
   </rtept>
   <rtept lat="33.94295400" lon="134.39776200">
   </rtept>
   <rtept lat="33.94306200" lon="134.39809500">
   </rtept>
   <rtept lat="33.94305200" lon="134.39830800">
   </rtept>
   <rtept lat="33.94299300" lon="134.39848700">
   </rtept>
   <rtept lat="33.94283600" lon="134.39853400">
   </rtept>
   <rtept lat="33.94262800" lon="134.39845100">
   </rtept>
   <rtept lat="33.94210600" lon="134.39839200">
   </rtept>
   <rtept lat="33.94196800" lon="134.39846300">
   </rtept>
   <rtept lat="33.94195800" lon="134.39876000">
   </rtept>
   <rtept lat="33.94196800" lon="134.39902100">
   </rtept>
   <rtept lat="33.94180000" lon="134.39944900">
   </rtept>
   <rtept lat="33.94171200" lon="134.39961600">
   </rtept>
   <rtept lat="33.94171200" lon="134.39991300">
   </rtept>
   <rtept lat="33.94180000" lon="134.40022200">
   </rtept>
   <rtept lat="33.94196800" lon="134.40060200">
   </rtept>
   <rtept lat="33.94200700" lon="134.40071700">
   </rtept>
   <rtept lat="33.94199800" lon="134.40087200">
   </rtept>
   <rtept lat="33.94181000" lon="134.40113300">
   </rtept>
   <rtept lat="33.94176100" lon="134.40132300">
   </rtept>
   <rtept lat="33.94182000" lon="134.40151400">
   </rtept>
   <rtept lat="33.94191900" lon="134.40159700">
   </rtept>
   <rtept lat="33.94210600" lon="134.40160900">
   </rtept>
   <rtept lat="33.94229300" lon="134.40169200">
   </rtept>
   <rtept lat="33.94237200" lon="134.40173900">
   </rtept>
   <rtept lat="33.94244100" lon="134.40197700">
   </rtept>
   <rtept lat="33.94275700" lon="134.40226200">
   </rtept>
   <rtept lat="33.94255000" lon="134.40245200">
   </rtept>
   <rtept lat="33.94257900" lon="134.40255900">
   </rtept>
   <rtept lat="33.94264800" lon="134.40267800">
   </rtept>
   <rtept lat="33.94298300" lon="134.40277300">
   </rtept>
   <rtept lat="33.94341700" lon="134.40278500">
   </rtept>
   <rtept lat="33.94368300" lon="134.40310600">
   </rtept>
   <rtept lat="33.94398900" lon="134.40326000">
   </rtept>
   <rtept lat="33.94427700" lon="134.40362900">
   </rtept>
   <rtept lat="33.94469100" lon="134.40400900">
   </rtept>
   <rtept lat="33.94494700" lon="134.40421100">
   </rtept>
   <rtept lat="33.94531200" lon="134.40441300">
   </rtept>
   <rtept lat="33.94578500" lon="134.40438900">
   </rtept>
   <rtept lat="33.94605100" lon="134.40421100">
   </rtept>
   <rtept lat="33.94626800" lon="134.40385500">
   </rtept>
   <rtept lat="33.94642600" lon="134.40356900">
   </rtept>
   <rtept lat="33.94668200" lon="134.40368800">
   </rtept>
   <rtept lat="33.94686000" lon="134.40361700">
   </rtept>
   <rtept lat="33.94694900" lon="134.40346300">
   </rtept>
   <rtept lat="33.94697800" lon="134.40336700">
   </rtept>
   <rtept lat="33.94730300" lon="134.40310600">
   </rtept>
   <rtept lat="33.94751000" lon="134.40260700">
   </rtept>
   <rtept lat="33.94759900" lon="134.40232200">
   </rtept>
   <rtept lat="33.94758900" lon="134.40203600">
   </rtept>
   <rtept lat="33.94758900" lon="134.40183400">
   </rtept>
   <rtept lat="33.94762900" lon="134.40163200">
   </rtept>
   <rtept lat="33.94777700" lon="134.40114500">
   </rtept>
   <rtept lat="33.94810200" lon="134.40090700">
   </rtept>
   <rtept lat="33.94836800" lon="134.40071700">
   </rtept>
   <rtept lat="33.94866400" lon="134.40067000">
   </rtept>
   <rtept lat="33.94899900" lon="134.40056300">
   </rtept>
   <rtept lat="33.94941300" lon="134.40048000">
   </rtept>
   <rtept lat="33.94970900" lon="134.40045600">
   </rtept>
   <rtept lat="33.94992600" lon="134.40053900">
   </rtept>
   <rtept lat="33.95032000" lon="134.40077700">
   </rtept>
   <rtept lat="33.95052900" lon="134.40091900">
   </rtept>
   <rtept lat="33.95091400" lon="134.40131200">
   </rtept>
   <rtept lat="33.95122900" lon="134.40176300">
   </rtept>
   <rtept lat="33.95130800" lon="134.40209600">
   </rtept>
   <rtept lat="33.95146600" lon="134.40245200">
   </rtept>
   <rtept lat="33.95158400" lon="134.40295200">
   </rtept>
   <rtept lat="33.95184000" lon="134.40400900">
   </rtept>
   <rtept lat="33.95201800" lon="134.40467500">
   </rtept>
   <rtept lat="33.95217500" lon="134.40549500">
   </rtept>
   <rtept lat="33.95230300" lon="134.40611300">
   </rtept>
   <rtept lat="33.95245100" lon="134.40689700">
   </rtept>
   <rtept lat="33.95278700" lon="134.40747900">
   </rtept>
   <rtept lat="33.95296400" lon="134.40778800">
   </rtept>
   <rtept lat="33.95315100" lon="134.40809700">
   </rtept>
   <rtept lat="33.95321000" lon="134.40858500">
   </rtept>
   <rtept lat="33.95312200" lon="134.40906000">
   </rtept>
   <rtept lat="33.95317100" lon="134.40945200">
   </rtept>
   <rtept lat="33.95340800" lon="134.40993900">
   </rtept>
   <rtept lat="33.95334800" lon="134.41042700">
   </rtept>
   <rtept lat="33.95335800" lon="134.41075900">
   </rtept>
   <rtept lat="33.95347700" lon="134.41099700">
   </rtept>
   <rtept lat="33.95370300" lon="134.41136500">
   </rtept>
   <rtept lat="33.95382200" lon="134.41161500">
   </rtept>
   <rtept lat="33.95392000" lon="134.41228000">
   </rtept>
   <rtept lat="33.95400900" lon="134.41278000">
   </rtept>
   <rtept lat="33.95421600" lon="134.41342800">
   </rtept>
   <rtept lat="33.95455100" lon="134.41402300">
   </rtept>
   <rtept lat="33.95475800" lon="134.41448600">
   </rtept>
   <rtept lat="33.95476800" lon="134.41483100">
   </rtept>
   <rtept lat="33.95464000" lon="134.41505700">
   </rtept>
   <rtept lat="33.95444300" lon="134.41543700">
   </rtept>
   <rtept lat="33.95441300" lon="134.41585300">
   </rtept>
   <rtept lat="33.95457100" lon="134.41611400">
   </rtept>
   <rtept lat="33.95471900" lon="134.41624500">
   </rtept>
   <rtept lat="33.95481700" lon="134.41619700">
   </rtept>
   <rtept lat="33.95489600" lon="134.41594800">
   </rtept>
   <rtept lat="33.95494500" lon="134.41578100">
   </rtept>
   <rtept lat="33.95515200" lon="134.41568600">
   </rtept>
   <rtept lat="33.95523100" lon="134.41566300">
   </rtept>
   <rtept lat="33.95536900" lon="134.41544900">
   </rtept>
   <rtept lat="33.95542800" lon="134.41533000">
   </rtept>
   <rtept lat="33.95550700" lon="134.41542500">
   </rtept>
   <rtept lat="33.95548800" lon="134.41562700">
   </rtept>
   <rtept lat="33.95525100" lon="134.41588800">
   </rtept>
   <rtept lat="33.95513300" lon="134.41603100">
   </rtept>
   <rtept lat="33.95511300" lon="134.41641100">
   </rtept>
   <rtept lat="33.95501400" lon="134.41664900">
   </rtept>
   <rtept lat="33.95492600" lon="134.41679200">
   </rtept>
   <rtept lat="33.95482700" lon="134.41687500">
   </rtept>
   <rtept lat="33.95493500" lon="134.41729100">
   </rtept>
   <rtept lat="33.95506400" lon="134.41777800">
   </rtept>
   <rtept lat="33.95517200" lon="134.41828900">
   </rtept>
   <rtept lat="33.95534000" lon="134.41851500">
   </rtept>
   <rtept lat="33.95549700" lon="134.41827700">
   </rtept>
   <rtept lat="33.95558600" lon="134.41800400">
   </rtept>
   <rtept lat="33.95563500" lon="134.41780200">
   </rtept>
   <rtept lat="33.95559600" lon="134.41756400">
   </rtept>
   <rtept lat="33.95550700" lon="134.41742100">
   </rtept>
   <rtept lat="33.95536900" lon="134.41718400">
   </rtept>
   <rtept lat="33.95536900" lon="134.41704100">
   </rtept>
   <rtept lat="33.95551700" lon="134.41687500">
   </rtept>
   <rtept lat="33.95559600" lon="134.41678000">
   </rtept>
   <rtept lat="33.95562600" lon="134.41649400">
   </rtept>
   <rtept lat="33.95569500" lon="134.41631600">
   </rtept>
   <rtept lat="33.95588200" lon="134.41625700">
   </rtept>
   <rtept lat="33.95604900" lon="134.41612600">
   </rtept>
   <rtept lat="33.95610900" lon="134.41597200">
   </rtept>
   <rtept lat="33.95604000" lon="134.41582900">
   </rtept>
   <rtept lat="33.95605900" lon="134.41561500">
   </rtept>
   <rtept lat="33.95616800" lon="134.41531800">
   </rtept>
   <rtept lat="33.95634500" lon="134.41527000">
   </rtept>
   <rtept lat="33.95646300" lon="134.41517500">
   </rtept>
   <rtept lat="33.95654200" lon="134.41505700">
   </rtept>
   <rtept lat="33.95659200" lon="134.41478300">
   </rtept>
   <rtept lat="33.95691700" lon="134.41452600">
   </rtept>
   <rtept lat="33.95687000" lon="134.41444100">
   </rtept>
   <rtept lat="33.95678700" lon="134.41434800">
   </rtept>
   <rtept lat="33.95656200" lon="134.41432700">
   </rtept>
   <rtept lat="33.95642600" lon="134.41437700">
   </rtept>
   <rtept lat="33.95626000" lon="134.41439800">
   </rtept>
   <rtept lat="33.95615400" lon="134.41440500">
   </rtept>
   <rtept lat="33.95610100" lon="134.41432700">
   </rtept>
   <rtept lat="33.95607700" lon="134.41419100">
   </rtept>
   <rtept lat="33.95610700" lon="134.41404200">
   </rtept>
   <rtept lat="33.95610700" lon="134.41382800">
   </rtept>
   <rtept lat="33.95602400" lon="134.41373500">
   </rtept>
   <rtept lat="33.95593500" lon="134.41365700">
   </rtept>
   <rtept lat="33.95591700" lon="134.41357100">
   </rtept>
   <rtept lat="33.95595300" lon="134.41345700">
   </rtept>
   <rtept lat="33.95605900" lon="134.41335000">
   </rtept>
   <rtept lat="33.95613000" lon="134.41330700">
   </rtept>
   <rtept lat="33.95637900" lon="134.41337100">
   </rtept>
   <rtept lat="33.95653200" lon="134.41334300">
   </rtept>
   <rtept lat="33.95660900" lon="134.41325700">
   </rtept>
   <rtept lat="33.95665700" lon="134.41305800">
   </rtept>
   <rtept lat="33.95671000" lon="134.41287200">
   </rtept>
   <rtept lat="33.95687500" lon="134.41285100">
   </rtept>
   <rtept lat="33.95707100" lon="134.41290800">
   </rtept>
   <rtept lat="33.95724800" lon="134.41300800">
   </rtept>
   <rtept lat="33.95737200" lon="134.41305100">
   </rtept>
   <rtept lat="33.95755600" lon="134.41300800">
   </rtept>
   <rtept lat="33.95773300" lon="134.41295800">
   </rtept>
   <rtept lat="33.95798100" lon="134.41295800">
   </rtept>
   <rtept lat="33.95809400" lon="134.41299300">
   </rtept>
   <rtept lat="33.95825300" lon="134.41294400">
   </rtept>
   <rtept lat="33.95852000" lon="134.41285800">
   </rtept>
   <rtept lat="33.95870900" lon="134.41285800">
   </rtept>
   <rtept lat="33.95893400" lon="134.41289400">
   </rtept>
   <rtept lat="33.95907000" lon="134.41292200">
   </rtept>
   <rtept lat="33.95932000" lon="134.41247000">
   </rtept>
   <rtept lat="33.95949700" lon="134.41231500">
   </rtept>
   <rtept lat="33.95970400" lon="134.41190000">
   </rtept>
   <rtept lat="33.95998000" lon="134.41166200">
   </rtept>
   <rtept lat="33.96016700" lon="134.41161400">
   </rtept>
   <rtept lat="33.96036400" lon="134.41166200">
   </rtept>
   <rtept lat="33.96040400" lon="134.41175700">
   </rtept>
   <rtept lat="33.96037400" lon="134.41210200">
   </rtept>
   <rtept lat="33.96060100" lon="134.41226800">
   </rtept>
   <rtept lat="33.96072900" lon="134.41243400">
   </rtept>
   <rtept lat="33.96090700" lon="134.41254100">
   </rtept>
   <rtept lat="33.96095600" lon="134.41281500">
   </rtept>
   <rtept lat="33.96087700" lon="134.41300500">
   </rtept>
   <rtept lat="33.96083800" lon="134.41318300">
   </rtept>
   <rtept lat="33.96094600" lon="134.41339700">
   </rtept>
   <rtept lat="33.96094600" lon="134.41363500">
   </rtept>
   <rtept lat="33.96118300" lon="134.41397900">
   </rtept>
   <rtept lat="33.96140900" lon="134.41428800">
   </rtept>
   <rtept lat="33.96175400" lon="134.41463300">
   </rtept>
   <rtept lat="33.96204000" lon="134.41508400">
   </rtept>
   <rtept lat="33.96206000" lon="134.41552400">
   </rtept>
   <rtept lat="33.96205000" lon="134.41586900">
   </rtept>
   <rtept lat="33.96221800" lon="134.41624900">
   </rtept>
   <rtept lat="33.96237500" lon="134.41655800">
   </rtept>
   <rtept lat="33.96264100" lon="134.41687900">
   </rtept>
   <rtept lat="33.96280900" lon="134.41703300">
   </rtept>
   <rtept lat="33.96297600" lon="134.41742600">
   </rtept>
   <rtept lat="33.96313400" lon="134.41783000">
   </rtept>
   <rtept lat="33.96317400" lon="134.41804400">
   </rtept>
   <rtept lat="33.96334100" lon="134.41823400">
   </rtept>
   <rtept lat="33.96354800" lon="134.41815100">
   </rtept>
   <rtept lat="33.96363700" lon="134.41798400">
   </rtept>
   <rtept lat="33.96375500" lon="134.41775800">
   </rtept>
   <rtept lat="33.96371600" lon="134.41754400">
   </rtept>
   <rtept lat="33.96365700" lon="134.41731900">
   </rtept>
   <rtept lat="33.96367600" lon="134.41696200">
   </rtept>
   <rtept lat="33.96358800" lon="134.41662900">
   </rtept>
   <rtept lat="33.96354800" lon="134.41634400">
   </rtept>
   <rtept lat="33.96365700" lon="134.41624900">
   </rtept>
   <rtept lat="33.96389300" lon="134.41640400">
   </rtept>
   <rtept lat="33.96409000" lon="134.41647500">
   </rtept>
   <rtept lat="33.96423800" lon="134.41655800">
   </rtept>
   <rtept lat="33.96437600" lon="134.41652200">
   </rtept>
   <rtept lat="33.96440600" lon="134.41617800">
   </rtept>
   <rtept lat="33.96466200" lon="134.41607100">
   </rtept>
   <rtept lat="33.96480000" lon="134.41589300">
   </rtept>
   <rtept lat="33.96503800" lon="134.41591600">
   </rtept>
   <rtept lat="33.96528500" lon="134.41603500">
   </rtept>
   <rtept lat="33.96553100" lon="134.41616600">
   </rtept>
   <rtept lat="33.96597500" lon="134.41636800">
   </rtept>
   <rtept lat="33.96621100" lon="134.41671300">
   </rtept>
   <rtept lat="33.96668400" lon="134.41683100">
   </rtept>
   <rtept lat="33.96727600" lon="134.41705700">
   </rtept>
   <rtept lat="33.96750200" lon="134.41705700">
   </rtept>
   <rtept lat="33.96760100" lon="134.41695000">
   </rtept>
   <rtept lat="33.96762100" lon="134.41684300">
   </rtept>
   <rtept lat="33.96758100" lon="134.41676000">
   </rtept>
   <rtept lat="33.96766000" lon="134.41657000">
   </rtept>
   <rtept lat="33.96784700" lon="134.41666500">
   </rtept>
   <rtept lat="33.96803500" lon="134.41667700">
   </rtept>
   <rtept lat="33.96811400" lon="134.41659400">
   </rtept>
   <rtept lat="33.96813300" lon="134.41638000">
   </rtept>
   <rtept lat="33.96805400" lon="134.41607100">
   </rtept>
   <rtept lat="33.96806400" lon="134.41585700">
   </rtept>
   <rtept lat="33.96816300" lon="134.41561900">
   </rtept>
   <rtept lat="33.96827100" lon="134.41548900">
   </rtept>
   <rtept lat="33.96852800" lon="134.41542900">
   </rtept>
   <rtept lat="33.96875400" lon="134.41552400">
   </rtept>
   <rtept lat="33.96925700" lon="134.41589300">
   </rtept>
   <rtept lat="33.96979900" lon="134.41633200">
   </rtept>
   <rtept lat="33.97019300" lon="134.41668900">
   </rtept>
   <rtept lat="33.97029200" lon="134.41678400">
   </rtept>
   <rtept lat="33.97025200" lon="134.41696200">
   </rtept>
   <rtept lat="33.97012400" lon="134.41699800">
   </rtept>
   <rtept lat="33.96987800" lon="134.41691500">
   </rtept>
   <rtept lat="33.96976900" lon="134.41685500">
   </rtept>
   <rtept lat="33.96955300" lon="134.41679600">
   </rtept>
   <rtept lat="33.96951300" lon="134.41674800">
   </rtept>
   <rtept lat="33.96933700" lon="134.41676900">
   </rtept>
   <rtept lat="33.96921700" lon="134.41678400">
   </rtept>
   <rtept lat="33.96889200" lon="134.41672400">
   </rtept>
   <rtept lat="33.96893200" lon="134.41704500">
   </rtept>
   <rtept lat="33.96893200" lon="134.41747300">
   </rtept>
   <rtept lat="33.96887200" lon="134.41778200">
   </rtept>
   <rtept lat="33.96881300" lon="134.41817400">
   </rtept>
   <rtept lat="33.96897100" lon="134.41848300">
   </rtept>
   <rtept lat="33.96903000" lon="134.41882800">
   </rtept>
   <rtept lat="33.96910900" lon="134.41925600">
   </rtept>
   <rtept lat="33.96911900" lon="134.41950500">
   </rtept>
   <rtept lat="33.96922700" lon="134.41955300">
   </rtept>
   <rtept lat="33.96945400" lon="134.41914900">
   </rtept>
   <rtept lat="33.96962200" lon="134.41879200">
   </rtept>
   <rtept lat="33.96989700" lon="134.41867300">
   </rtept>
   <rtept lat="33.97060700" lon="134.41873300">
   </rtept>
   <rtept lat="33.97090600" lon="134.41863100">
   </rtept>
   <rtept lat="33.97092200" lon="134.41862600">
   </rtept>
   <rtept lat="33.97123800" lon="134.41869700">
   </rtept>
   <rtept lat="33.97161000" lon="134.41885200">
   </rtept>
   <rtept lat="33.97192600" lon="134.41899400">
   </rtept>
   <rtept lat="33.97214300" lon="134.41895900">
   </rtept>
   <rtept lat="33.97235000" lon="134.41881600">
   </rtept>
   <rtept lat="33.97247800" lon="134.41854300">
   </rtept>
   <rtept lat="33.97264500" lon="134.41822200">
   </rtept>
   <rtept lat="33.97256600" lon="134.41779400">
   </rtept>
   <rtept lat="33.97273400" lon="134.41762800">
   </rtept>
   <rtept lat="33.97287200" lon="134.41777000">
   </rtept>
   <rtept lat="33.97304900" lon="134.41807900">
   </rtept>
   <rtept lat="33.97319700" lon="134.41834100">
   </rtept>
   <rtept lat="33.97338400" lon="134.41859000">
   </rtept>
   <rtept lat="33.97354200" lon="134.41884000">
   </rtept>
   <rtept lat="33.97371900" lon="134.41912500">
   </rtept>
   <rtept lat="33.97386700" lon="134.41919600">
   </rtept>
   <rtept lat="33.97429100" lon="134.41870900">
   </rtept>
   <rtept lat="33.97446800" lon="134.41854300">
   </rtept>
   <rtept lat="33.97471500" lon="134.41825700">
   </rtept>
   <rtept lat="33.97478400" lon="134.41803200">
   </rtept>
   <rtept lat="33.97478400" lon="134.41786500">
   </rtept>
   <rtept lat="33.97471500" lon="134.41742600">
   </rtept>
   <rtept lat="33.97476400" lon="134.41720000">
   </rtept>
   <rtept lat="33.97522700" lon="134.41749700">
   </rtept>
   <rtept lat="33.97525700" lon="134.41771100">
   </rtept>
   <rtept lat="33.97535500" lon="134.41778200">
   </rtept>
   <rtept lat="33.97559200" lon="134.41753300">
   </rtept>
   <rtept lat="33.97583800" lon="134.41759200">
   </rtept>
   <rtept lat="33.97592700" lon="134.41785300">
   </rtept>
   <rtept lat="33.97596600" lon="134.41816200">
   </rtept>
   <rtept lat="33.97606500" lon="134.41828100">
   </rtept>
   <rtept lat="33.97628200" lon="134.41829300">
   </rtept>
   <rtept lat="33.97645900" lon="134.41840000">
   </rtept>
   <rtept lat="33.97666600" lon="134.41857800">
   </rtept>
   <rtept lat="33.97677500" lon="134.41880400">
   </rtept>
   <rtept lat="33.97685300" lon="134.41949300">
   </rtept>
   <rtept lat="33.97665600" lon="134.41982600">
   </rtept>
   <rtept lat="33.97632100" lon="134.42013500">
   </rtept>
   <rtept lat="33.97555300" lon="134.42032500">
   </rtept>
   <rtept lat="33.97492200" lon="134.42037300">
   </rtept>
   <rtept lat="33.97454700" lon="134.42070600">
   </rtept>
   <rtept lat="33.97427100" lon="134.42111000">
   </rtept>
   <rtept lat="33.97407400" lon="134.42175100">
   </rtept>
   <rtept lat="33.97413300" lon="134.42239300">
   </rtept>
   <rtept lat="33.97437000" lon="134.42284500">
   </rtept>
   <rtept lat="33.97468500" lon="134.42301100">
   </rtept>
   <rtept lat="33.97488200" lon="134.42310600">
   </rtept>
   <rtept lat="33.97511900" lon="134.42322500">
   </rtept>
   <rtept lat="33.97531600" lon="134.42358200">
   </rtept>
   <rtept lat="33.97551300" lon="134.42391400">
   </rtept>
   <rtept lat="33.97575000" lon="134.42396200">
   </rtept>
   <rtept lat="33.97578900" lon="134.42346300">
   </rtept>
   <rtept lat="33.97596600" lon="134.42289200">
   </rtept>
   <rtept lat="33.97600600" lon="134.42260700">
   </rtept>
   <rtept lat="33.97592700" lon="134.42225000">
   </rtept>
   <rtept lat="33.97610400" lon="134.42217900">
   </rtept>
   <rtept lat="33.97632100" lon="134.42253600">
   </rtept>
   <rtept lat="33.97663700" lon="134.42296400">
   </rtept>
   <rtept lat="33.97707100" lon="134.42313700">
   </rtept>
   <rtept lat="33.97753400" lon="134.42318400">
   </rtept>
   <rtept lat="33.97824400" lon="134.42320800">
   </rtept>
   <rtept lat="33.97865800" lon="134.42265000">
   </rtept>
   <rtept lat="33.97866800" lon="134.42288700">
   </rtept>
   <rtept lat="33.97859900" lon="134.42330300">
   </rtept>
   <rtept lat="33.97858900" lon="134.42349300">
   </rtept>
   <rtept lat="33.97828300" lon="134.42400400">
   </rtept>
   <rtept lat="33.97832300" lon="134.42445600">
   </rtept>
   <rtept lat="33.97830300" lon="134.42461000">
   </rtept>
   <rtept lat="33.97813500" lon="134.42475300">
   </rtept>
   <rtept lat="33.97785900" lon="134.42471700">
   </rtept>
   <rtept lat="33.97770200" lon="134.42476500">
   </rtept>
   <rtept lat="33.97765200" lon="134.42487200">
   </rtept>
   <rtept lat="33.97772100" lon="134.42538300">
   </rtept>
   <rtept lat="33.97770200" lon="134.42584600">
   </rtept>
   <rtept lat="33.97753400" lon="134.42609600">
   </rtept>
   <rtept lat="33.97737700" lon="134.42625000">
   </rtept>
   <rtept lat="33.97727800" lon="134.42648800">
   </rtept>
   <rtept lat="33.97730800" lon="134.42676100">
   </rtept>
   <rtept lat="33.97747500" lon="134.42697500">
   </rtept>
   <rtept lat="33.97744600" lon="134.42736800">
   </rtept>
   <rtept lat="33.97753400" lon="134.42778300">
   </rtept>
   <rtept lat="33.97771200" lon="134.42808100">
   </rtept>
   <rtept lat="33.97783000" lon="134.42846100">
   </rtept>
   <rtept lat="33.97756400" lon="134.42852000">
   </rtept>
   <rtept lat="33.97733700" lon="134.42859200">
   </rtept>
   <rtept lat="33.97739600" lon="134.42888900">
   </rtept>
   <rtept lat="33.97762300" lon="134.42903100">
   </rtept>
   <rtept lat="33.97774100" lon="134.42916200">
   </rtept>
   <rtept lat="33.97779000" lon="134.42925700">
   </rtept>
   <rtept lat="33.97744600" lon="134.42941200">
   </rtept>
   <rtept lat="33.97702200" lon="134.42967300">
   </rtept>
   <rtept lat="33.97662800" lon="134.42973200">
   </rtept>
   <rtept lat="33.97630200" lon="134.42972100">
   </rtept>
   <rtept lat="33.97610500" lon="134.42962600">
   </rtept>
   <rtept lat="33.97592800" lon="134.42962600">
   </rtept>
   <rtept lat="33.97589800" lon="134.42975600">
   </rtept>
   <rtept lat="33.97598700" lon="134.42989900">
   </rtept>
   <rtept lat="33.97617400" lon="134.42991100">
   </rtept>
   <rtept lat="33.97649000" lon="134.42992300">
   </rtept>
   <rtept lat="33.97681500" lon="134.42995800">
   </rtept>
   <rtept lat="33.97712000" lon="134.42987500">
   </rtept>
   <rtept lat="33.97758500" lon="134.42974300">
   </rtept>
   <rtept lat="33.97797500" lon="134.42969300">
   </rtept>
   <rtept lat="33.97830600" lon="134.42956400">
   </rtept>
   <rtept lat="33.97854900" lon="134.42937900">
   </rtept>
   <rtept lat="33.97883800" lon="134.42920800">
   </rtept>
   <rtept lat="33.97911000" lon="134.42910800">
   </rtept>
   <rtept lat="33.97940600" lon="134.42905100">
   </rtept>
   <rtept lat="33.97979000" lon="134.42907200">
   </rtept>
   <rtept lat="33.97997400" lon="134.42910800">
   </rtept>
   <rtept lat="33.98017100" lon="134.42935000">
   </rtept>
   <rtept lat="33.98029500" lon="134.42956400">
   </rtept>
   <rtept lat="33.98043100" lon="134.43000600">
   </rtept>
   <rtept lat="33.98056100" lon="134.43021300">
   </rtept>
   <rtept lat="33.98074500" lon="134.43024900">
   </rtept>
   <rtept lat="33.98118800" lon="134.43048400">
   </rtept>
   <rtept lat="33.98156100" lon="134.43079100">
   </rtept>
   <rtept lat="33.98166100" lon="134.43101200">
   </rtept>
   <rtept lat="33.98176800" lon="134.43150400">
   </rtept>
   <rtept lat="33.98185000" lon="134.43178900">
   </rtept>
   <rtept lat="33.98203400" lon="134.43209600">
   </rtept>
   <rtept lat="33.98217600" lon="134.43242400">
   </rtept>
   <rtept lat="33.98225600" lon="134.43269900">
   </rtept>
   <rtept lat="33.98241000" lon="134.43281300">
   </rtept>
   <rtept lat="33.98265500" lon="134.43284900">
   </rtept>
   <rtept lat="33.98297000" lon="134.43286800">
   </rtept>
   <rtept lat="33.98316700" lon="134.43282000">
   </rtept>
   <rtept lat="33.98338000" lon="134.43263900">
   </rtept>
   <rtept lat="33.98364800" lon="134.43244000">
   </rtept>
   <rtept lat="33.98392400" lon="134.43230700">
   </rtept>
   <rtept lat="33.98420000" lon="134.43225900">
   </rtept>
   <rtept lat="33.98455400" lon="134.43226900">
   </rtept>
   <rtept lat="33.98483000" lon="134.43232600">
   </rtept>
   <rtept lat="33.98502700" lon="134.43235400">
   </rtept>
   <rtept lat="33.98528000" lon="134.43227800">
   </rtept>
   <rtept lat="33.98557100" lon="134.43219300">
   </rtept>
   <rtept lat="33.98583900" lon="134.43217400">
   </rtept>
   <rtept lat="33.98596600" lon="134.43219300">
   </rtept>
   <rtept lat="33.98610700" lon="134.43227800">
   </rtept>
   <rtept lat="33.98629700" lon="134.43263900">
   </rtept>
   <rtept lat="33.98719400" lon="134.43321900">
   </rtept>
   <rtept lat="33.98822600" lon="134.43363800">
   </rtept>
   <rtept lat="33.98910100" lon="134.43383700">
   </rtept>
   <rtept lat="33.98974000" lon="134.43370400">
   </rtept>
   <rtept lat="33.99070900" lon="134.43347600">
   </rtept>
 </rte>
 <rte>
   <rtept lat="33.95669800" lon="134.45748800">
   </rtept>
   <rtept lat="33.95676700" lon="134.45767200">
   </rtept>
   <rtept lat="33.95660000" lon="134.45770200">
   </rtept>
   <rtept lat="33.95642200" lon="134.45772500">
   </rtept>
   <rtept lat="33.95638800" lon="134.45779100">
   </rtept>
   <rtept lat="33.95658000" lon="134.45792100">
   </rtept>
   <rtept lat="33.95672800" lon="134.45804000">
   </rtept>
   <rtept lat="33.95656000" lon="134.45813500">
   </rtept>
   <rtept lat="33.95648100" lon="134.45817700">
   </rtept>
   <rtept lat="33.95647200" lon="134.45826000">
   </rtept>
   <rtept lat="33.95661900" lon="134.45836100">
   </rtept>
   <rtept lat="33.95678700" lon="134.45845000">
   </rtept>
   <rtept lat="33.95683600" lon="134.45852200">
   </rtept>
   <rtept lat="33.95681700" lon="134.45859300">
   </rtept>
   <rtept lat="33.95684600" lon="134.45868800">
   </rtept>
   <rtept lat="33.95696000" lon="134.45881300">
   </rtept>
   <rtept lat="33.95709300" lon="134.45889600">
   </rtept>
   <rtept lat="33.95717600" lon="134.45901500">
   </rtept>
   <rtept lat="33.95717100" lon="134.45905000">
   </rtept>
   <rtept lat="33.95709300" lon="134.45908000">
   </rtept>
   <rtept lat="33.95702400" lon="134.45908600">
   </rtept>
   <rtept lat="33.95701900" lon="134.45916900">
   </rtept>
   <rtept lat="33.95709300" lon="134.45931800">
   </rtept>
   <rtept lat="33.95728500" lon="134.45952000">
   </rtept>
   <rtept lat="33.95742300" lon="134.45976300">
   </rtept>
   <rtept lat="33.95788100" lon="134.46032800">
   </rtept>
   <rtept lat="33.95800900" lon="134.46061300">
   </rtept>
   <rtept lat="33.95807300" lon="134.46070200">
   </rtept>
   <rtept lat="33.95814200" lon="134.46071400">
   </rtept>
   <rtept lat="33.95825600" lon="134.46081500">
   </rtept>
   <rtept lat="33.95835400" lon="134.46097600">
   </rtept>
   <rtept lat="33.95853200" lon="134.46149300">
   </rtept>
   <rtept lat="33.95866500" lon="134.46171800">
   </rtept>
   <rtept lat="33.95881300" lon="134.46214000">
   </rtept>
   <rtept lat="33.95882900" lon="134.46229500">
   </rtept>
   <rtept lat="33.95885400" lon="134.46234200">
   </rtept>
   <rtept lat="33.95890300" lon="134.46235400">
   </rtept>
   <rtept lat="33.95898200" lon="134.46232400">
   </rtept>
   <rtept lat="33.95924800" lon="134.46218200">
   </rtept>
   <rtept lat="33.95958800" lon="134.46215800">
   </rtept>
   <rtept lat="33.96005700" lon="134.46173000">
   </rtept>
   <rtept lat="33.96029800" lon="134.46155200">
   </rtept>
   <rtept lat="33.96051500" lon="134.46137400">
   </rtept>
   <rtept lat="33.96054900" lon="134.46129600">
   </rtept>
   <rtept lat="33.96059400" lon="134.46113600">
   </rtept>
   <rtept lat="33.96065300" lon="134.46059500">
   </rtept>
   <rtept lat="33.96113800" lon="134.46024500">
   </rtept>
   <rtept lat="33.96258700" lon="134.45953200">
   </rtept>
   <rtept lat="33.96407500" lon="134.45873000">
   </rtept>
   <rtept lat="33.96459200" lon="134.45848600">
   </rtept>
   <rtept lat="33.96474000" lon="134.45844400">
   </rtept>
   <rtept lat="33.96513900" lon="134.45843200">
   </rtept>
   <rtept lat="33.96540500" lon="134.45841500">
   </rtept>
   <rtept lat="33.96561700" lon="134.45836100">
   </rtept>
   <rtept lat="33.96572000" lon="134.45829600">
   </rtept>
   <rtept lat="33.96576500" lon="134.45825400">
   </rtept>
   <rtept lat="33.96583800" lon="134.45826600">
   </rtept>
   <rtept lat="33.96612900" lon="134.45848000">
   </rtept>
   <rtept lat="33.96641000" lon="134.45866400">
   </rtept>
   <rtept lat="33.96664200" lon="134.45877700">
   </rtept>
   <rtept lat="33.96693900" lon="134.45881300">
   </rtept>
   <rtept lat="33.96708200" lon="134.45881300">
   </rtept>
   <rtept lat="33.96743200" lon="134.45876500">
   </rtept>
   <rtept lat="33.96802800" lon="134.45876500">
   </rtept>
   <rtept lat="33.96832400" lon="134.45868200">
   </rtept>
   <rtept lat="33.96864900" lon="134.45851600">
   </rtept>
   <rtept lat="33.96885600" lon="134.45850400">
   </rtept>
   <rtept lat="33.96920600" lon="134.45862300">
   </rtept>
   <rtept lat="33.96933800" lon="134.45857500">
   </rtept>
   <rtept lat="33.96956500" lon="134.45854500">
   </rtept>
   <rtept lat="33.96996900" lon="134.45826000">
   </rtept>
   <rtept lat="33.97047200" lon="134.45820700">
   </rtept>
   <rtept lat="33.97076300" lon="134.45789200">
   </rtept>
   <rtept lat="33.97092500" lon="134.45771300">
   </rtept>
   <rtept lat="33.97110700" lon="134.45773700">
   </rtept>
   <rtept lat="33.97128500" lon="134.45781400">
   </rtept>
   <rtept lat="33.97187600" lon="134.45835500">
   </rtept>
   <rtept lat="33.97207800" lon="134.45845600">
   </rtept>
   <rtept lat="33.97214600" lon="134.45829600">
   </rtept>
   <rtept lat="33.97218600" lon="134.45780800">
   </rtept>
   <rtept lat="33.97227900" lon="134.45747000">
   </rtept>
   <rtept lat="33.97241200" lon="134.45739300">
   </rtept>
   <rtept lat="33.97301400" lon="134.45744600">
   </rtept>
   <rtept lat="33.97328900" lon="134.45762400">
   </rtept>
   <rtept lat="33.97342300" lon="134.45791000">
   </rtept>
   <rtept lat="33.97350100" lon="134.45833100">
   </rtept>
   <rtept lat="33.97362000" lon="134.45862300">
   </rtept>
   <rtept lat="33.97385100" lon="134.45888400">
   </rtept>
   <rtept lat="33.97402900" lon="134.45877700">
   </rtept>
   <rtept lat="33.97429500" lon="134.45852700">
   </rtept>
   <rtept lat="33.97442300" lon="134.45836700">
   </rtept>
   <rtept lat="33.97469400" lon="134.45831400">
   </rtept>
   <rtept lat="33.97511100" lon="134.45833700">
   </rtept>
   <rtept lat="33.97539700" lon="134.45830800">
   </rtept>
   <rtept lat="33.97647100" lon="134.45804600">
   </rtept>
   <rtept lat="33.97689000" lon="134.45796300">
   </rtept>
   <rtept lat="33.97718500" lon="134.45792700">
   </rtept>
   <rtept lat="33.97756000" lon="134.45797500">
   </rtept>
   <rtept lat="33.97816600" lon="134.45821300">
   </rtept>
   <rtept lat="33.97851000" lon="134.45823600">
   </rtept>
   <rtept lat="33.97870700" lon="134.45817100">
   </rtept>
   <rtept lat="33.97933700" lon="134.45811200">
   </rtept>
   <rtept lat="33.98003700" lon="134.45812300">
   </rtept>
   <rtept lat="33.98094400" lon="134.45818300">
   </rtept>
   <rtept lat="33.98188600" lon="134.45828400">
   </rtept>
 </rte>
 <rte>
  <name>SHIKOKU_TKS_11(探鳥のみち)</name>
   <rtept lat="33.99070900" lon="134.43347600">
   </rtept>
   <rtept lat="33.98974000" lon="134.43370400">
   </rtept>
   <rtept lat="33.98910100" lon="134.43383700">
   </rtept>
   <rtept lat="33.98822600" lon="134.43363800">
   </rtept>
   <rtept lat="33.98719400" lon="134.43321900">
   </rtept>
   <rtept lat="33.98629700" lon="134.43263900">
   </rtept>
   <rtept lat="33.98610700" lon="134.43227800">
   </rtept>
   <rtept lat="33.98596600" lon="134.43219300">
   </rtept>
   <rtept lat="33.98583900" lon="134.43217400">
   </rtept>
   <rtept lat="33.98557100" lon="134.43219300">
   </rtept>
   <rtept lat="33.98528000" lon="134.43227800">
   </rtept>
   <rtept lat="33.98502700" lon="134.43235400">
   </rtept>
   <rtept lat="33.98483000" lon="134.43232600">
   </rtept>
   <rtept lat="33.98455400" lon="134.43226900">
   </rtept>
   <rtept lat="33.98420000" lon="134.43225900">
   </rtept>
   <rtept lat="33.98392400" lon="134.43230700">
   </rtept>
   <rtept lat="33.98364800" lon="134.43244000">
   </rtept>
   <rtept lat="33.98338000" lon="134.43263900">
   </rtept>
   <rtept lat="33.98316700" lon="134.43282000">
   </rtept>
   <rtept lat="33.98297000" lon="134.43286800">
   </rtept>
   <rtept lat="33.98265500" lon="134.43284900">
   </rtept>
   <rtept lat="33.98241000" lon="134.43281300">
   </rtept>
   <rtept lat="33.98225600" lon="134.43269900">
   </rtept>
   <rtept lat="33.98217600" lon="134.43242400">
   </rtept>
   <rtept lat="33.98203400" lon="134.43209600">
   </rtept>
   <rtept lat="33.98185000" lon="134.43178900">
   </rtept>
   <rtept lat="33.98176800" lon="134.43150400">
   </rtept>
   <rtept lat="33.98166100" lon="134.43101200">
   </rtept>
   <rtept lat="33.98156100" lon="134.43079100">
   </rtept>
   <rtept lat="33.98118800" lon="134.43048400">
   </rtept>
   <rtept lat="33.98074500" lon="134.43024900">
   </rtept>
   <rtept lat="33.98056100" lon="134.43021300">
   </rtept>
   <rtept lat="33.98043100" lon="134.43000600">
   </rtept>
   <rtept lat="33.98029500" lon="134.42956400">
   </rtept>
   <rtept lat="33.98017100" lon="134.42935000">
   </rtept>
   <rtept lat="33.97997400" lon="134.42910800">
   </rtept>
   <rtept lat="33.97979000" lon="134.42907200">
   </rtept>
   <rtept lat="33.97940600" lon="134.42905100">
   </rtept>
   <rtept lat="33.97911000" lon="134.42910800">
   </rtept>
   <rtept lat="33.97883800" lon="134.42920800">
   </rtept>
   <rtept lat="33.97854900" lon="134.42937900">
   </rtept>
   <rtept lat="33.97830600" lon="134.42956400">
   </rtept>
   <rtept lat="33.97797500" lon="134.42969300">
   </rtept>
   <rtept lat="33.97758500" lon="134.42974300">
   </rtept>
   <rtept lat="33.97712000" lon="134.42987500">
   </rtept>
   <rtept lat="33.97681500" lon="134.42995800">
   </rtept>
   <rtept lat="33.97649000" lon="134.42992300">
   </rtept>
   <rtept lat="33.97617400" lon="134.42991100">
   </rtept>
   <rtept lat="33.97598700" lon="134.42989900">
   </rtept>
   <rtept lat="33.97589800" lon="134.42975600">
   </rtept>
   <rtept lat="33.97592800" lon="134.42962600">
   </rtept>
   <rtept lat="33.97610500" lon="134.42962600">
   </rtept>
   <rtept lat="33.97630200" lon="134.42972100">
   </rtept>
   <rtept lat="33.97662800" lon="134.42973200">
   </rtept>
   <rtept lat="33.97702200" lon="134.42967300">
   </rtept>
   <rtept lat="33.97744600" lon="134.42941200">
   </rtept>
   <rtept lat="33.97779000" lon="134.42925700">
   </rtept>
   <rtept lat="33.97774100" lon="134.42916200">
   </rtept>
   <rtept lat="33.97762300" lon="134.42903100">
   </rtept>
   <rtept lat="33.97739600" lon="134.42888900">
   </rtept>
   <rtept lat="33.97733700" lon="134.42859200">
   </rtept>
   <rtept lat="33.97756400" lon="134.42852000">
   </rtept>
   <rtept lat="33.97783000" lon="134.42846100">
   </rtept>
   <rtept lat="33.97771200" lon="134.42808100">
   </rtept>
   <rtept lat="33.97753400" lon="134.42778300">
   </rtept>
   <rtept lat="33.97744600" lon="134.42736800">
   </rtept>
   <rtept lat="33.97747500" lon="134.42697500">
   </rtept>
   <rtept lat="33.97730800" lon="134.42676100">
   </rtept>
   <rtept lat="33.97727800" lon="134.42648800">
   </rtept>
   <rtept lat="33.97737700" lon="134.42625000">
   </rtept>
   <rtept lat="33.97753400" lon="134.42609600">
   </rtept>
   <rtept lat="33.97770200" lon="134.42584600">
   </rtept>
   <rtept lat="33.97772100" lon="134.42538300">
   </rtept>
   <rtept lat="33.97765200" lon="134.42487200">
   </rtept>
   <rtept lat="33.97770200" lon="134.42476500">
   </rtept>
   <rtept lat="33.97785900" lon="134.42471700">
   </rtept>
   <rtept lat="33.97813500" lon="134.42475300">
   </rtept>
   <rtept lat="33.97830300" lon="134.42461000">
   </rtept>
   <rtept lat="33.97832300" lon="134.42445600">
   </rtept>
   <rtept lat="33.97828300" lon="134.42400400">
   </rtept>
   <rtept lat="33.97858900" lon="134.42349300">
   </rtept>
   <rtept lat="33.97859900" lon="134.42330300">
   </rtept>
   <rtept lat="33.97866800" lon="134.42288700">
   </rtept>
   <rtept lat="33.97865800" lon="134.42265000">
   </rtept>
   <rtept lat="33.97824400" lon="134.42320800">
   </rtept>
   <rtept lat="33.97753400" lon="134.42318400">
   </rtept>
   <rtept lat="33.97707100" lon="134.42313700">
   </rtept>
   <rtept lat="33.97663700" lon="134.42296400">
   </rtept>
   <rtept lat="33.97632100" lon="134.42253600">
   </rtept>
   <rtept lat="33.97648900" lon="134.42258000">
   </rtept>
   <rtept lat="33.97664600" lon="134.42259000">
   </rtept>
   <rtept lat="33.97676500" lon="134.42253300">
   </rtept>
   <rtept lat="33.97681200" lon="134.42245700">
   </rtept>
   <rtept lat="33.97697000" lon="134.42230500">
   </rtept>
   <rtept lat="33.97714300" lon="134.42221900">
   </rtept>
   <rtept lat="33.97732400" lon="134.42217200">
   </rtept>
   <rtept lat="33.97763200" lon="134.42216200">
   </rtept>
   <rtept lat="33.97769500" lon="134.42202900">
   </rtept>
   <rtept lat="33.97765500" lon="134.42191500">
   </rtept>
   <rtept lat="33.97753700" lon="134.42191500">
   </rtept>
   <rtept lat="33.97738700" lon="134.42194400">
   </rtept>
   <rtept lat="33.97709600" lon="134.42194400">
   </rtept>
   <rtept lat="33.97685900" lon="134.42203900">
   </rtept>
   <rtept lat="33.97669400" lon="134.42204800">
   </rtept>
   <rtept lat="33.97656000" lon="134.42197200">
   </rtept>
   <rtept lat="33.97642600" lon="134.42185800">
   </rtept>
   <rtept lat="33.97631500" lon="134.42163900">
   </rtept>
   <rtept lat="33.97626000" lon="134.42163900">
   </rtept>
   <rtept lat="33.97603100" lon="134.42146800">
   </rtept>
   <rtept lat="33.97573200" lon="134.42134500">
   </rtept>
   <rtept lat="33.97586600" lon="134.42126900">
   </rtept>
   <rtept lat="33.97596000" lon="134.42124900">
   </rtept>
   <rtept lat="33.97615000" lon="134.42124900">
   </rtept>
   <rtept lat="33.97624400" lon="134.42131600">
   </rtept>
   <rtept lat="33.97636300" lon="134.42135400">
   </rtept>
   <rtept lat="33.97655200" lon="134.42140200">
   </rtept>
   <rtept lat="33.97659900" lon="134.42148700">
   </rtept>
   <rtept lat="33.97659100" lon="134.42161100">
   </rtept>
   <rtept lat="33.97666200" lon="134.42166800">
   </rtept>
   <rtept lat="33.97675700" lon="134.42169600">
   </rtept>
   <rtept lat="33.97683600" lon="134.42164900">
   </rtept>
   <rtept lat="33.97700900" lon="134.42135400">
   </rtept>
   <rtept lat="33.97708800" lon="134.42130700">
   </rtept>
   <rtept lat="33.97734800" lon="134.42121100">
   </rtept>
   <rtept lat="33.97738000" lon="134.42121100">
   </rtept>
   <rtept lat="33.97745800" lon="134.42115400">
   </rtept>
   <rtept lat="33.97746600" lon="134.42108800">
   </rtept>
   <rtept lat="33.97742700" lon="134.42095500">
   </rtept>
   <rtept lat="33.97732400" lon="134.42072700">
   </rtept>
   <rtept lat="33.97723800" lon="134.42053600">
   </rtept>
   <rtept lat="33.97711900" lon="134.42032700">
   </rtept>
   <rtept lat="33.97693800" lon="134.42001400">
   </rtept>
   <rtept lat="33.97685900" lon="134.41975700">
   </rtept>
   <rtept lat="33.97685300" lon="134.41949300">
   </rtept>
   <rtept lat="33.97677500" lon="134.41880400">
   </rtept>
   <rtept lat="33.97666600" lon="134.41857800">
   </rtept>
   <rtept lat="33.97645900" lon="134.41840000">
   </rtept>
   <rtept lat="33.97628200" lon="134.41829300">
   </rtept>
   <rtept lat="33.97606500" lon="134.41828100">
   </rtept>
   <rtept lat="33.97596600" lon="134.41816200">
   </rtept>
   <rtept lat="33.97592700" lon="134.41785300">
   </rtept>
   <rtept lat="33.97583800" lon="134.41759200">
   </rtept>
   <rtept lat="33.97559200" lon="134.41753300">
   </rtept>
   <rtept lat="33.97535500" lon="134.41778200">
   </rtept>
   <rtept lat="33.97525700" lon="134.41771100">
   </rtept>
   <rtept lat="33.97522700" lon="134.41749700">
   </rtept>
   <rtept lat="33.97476400" lon="134.41720000">
   </rtept>
   <rtept lat="33.97471500" lon="134.41742600">
   </rtept>
   <rtept lat="33.97478400" lon="134.41786500">
   </rtept>
   <rtept lat="33.97478400" lon="134.41803200">
   </rtept>
   <rtept lat="33.97471500" lon="134.41825700">
   </rtept>
   <rtept lat="33.97446800" lon="134.41854300">
   </rtept>
   <rtept lat="33.97429100" lon="134.41870900">
   </rtept>
   <rtept lat="33.97386700" lon="134.41919600">
   </rtept>
   <rtept lat="33.97371900" lon="134.41912500">
   </rtept>
   <rtept lat="33.97354200" lon="134.41884000">
   </rtept>
   <rtept lat="33.97338400" lon="134.41859000">
   </rtept>
   <rtept lat="33.97319700" lon="134.41834100">
   </rtept>
   <rtept lat="33.97304900" lon="134.41807900">
   </rtept>
   <rtept lat="33.97287200" lon="134.41777000">
   </rtept>
   <rtept lat="33.97273400" lon="134.41762800">
   </rtept>
   <rtept lat="33.97256600" lon="134.41779400">
   </rtept>
   <rtept lat="33.97264500" lon="134.41822200">
   </rtept>
   <rtept lat="33.97247800" lon="134.41854300">
   </rtept>
   <rtept lat="33.97235000" lon="134.41881600">
   </rtept>
   <rtept lat="33.97214300" lon="134.41895900">
   </rtept>
   <rtept lat="33.97192600" lon="134.41899400">
   </rtept>
   <rtept lat="33.97161000" lon="134.41885200">
   </rtept>
   <rtept lat="33.97123800" lon="134.41869700">
   </rtept>
   <rtept lat="33.97092200" lon="134.41862600">
   </rtept>
   <rtept lat="33.97060700" lon="134.41873300">
   </rtept>
   <rtept lat="33.96989700" lon="134.41867300">
   </rtept>
   <rtept lat="33.96962200" lon="134.41879200">
   </rtept>
   <rtept lat="33.96945400" lon="134.41914900">
   </rtept>
   <rtept lat="33.96922700" lon="134.41955300">
   </rtept>
   <rtept lat="33.96911900" lon="134.41950500">
   </rtept>
   <rtept lat="33.96910900" lon="134.41925600">
   </rtept>
   <rtept lat="33.96903000" lon="134.41882800">
   </rtept>
   <rtept lat="33.96897100" lon="134.41848300">
   </rtept>
   <rtept lat="33.96881300" lon="134.41817400">
   </rtept>
   <rtept lat="33.96887200" lon="134.41778200">
   </rtept>
   <rtept lat="33.96893200" lon="134.41747300">
   </rtept>
   <rtept lat="33.96893200" lon="134.41704500">
   </rtept>
   <rtept lat="33.96889200" lon="134.41672400">
   </rtept>
   <rtept lat="33.96921700" lon="134.41678400">
   </rtept>
   <rtept lat="33.96933700" lon="134.41676900">
   </rtept>
   <rtept lat="33.96951300" lon="134.41674800">
   </rtept>
   <rtept lat="33.96955300" lon="134.41679600">
   </rtept>
   <rtept lat="33.96976900" lon="134.41685500">
   </rtept>
   <rtept lat="33.96987800" lon="134.41691500">
   </rtept>
   <rtept lat="33.97012400" lon="134.41699800">
   </rtept>
   <rtept lat="33.97025200" lon="134.41696200">
   </rtept>
   <rtept lat="33.97029200" lon="134.41678400">
   </rtept>
   <rtept lat="33.97019300" lon="134.41668900">
   </rtept>
   <rtept lat="33.96979900" lon="134.41633200">
   </rtept>
   <rtept lat="33.96925700" lon="134.41589300">
   </rtept>
   <rtept lat="33.96875400" lon="134.41552400">
   </rtept>
   <rtept lat="33.96852800" lon="134.41542900">
   </rtept>
   <rtept lat="33.96827100" lon="134.41548900">
   </rtept>
   <rtept lat="33.96816300" lon="134.41561900">
   </rtept>
   <rtept lat="33.96806400" lon="134.41585700">
   </rtept>
   <rtept lat="33.96805400" lon="134.41607100">
   </rtept>
   <rtept lat="33.96813300" lon="134.41638000">
   </rtept>
   <rtept lat="33.96811400" lon="134.41659400">
   </rtept>
   <rtept lat="33.96803500" lon="134.41667700">
   </rtept>
   <rtept lat="33.96784700" lon="134.41666500">
   </rtept>
   <rtept lat="33.96766000" lon="134.41657000">
   </rtept>
   <rtept lat="33.96758100" lon="134.41676000">
   </rtept>
   <rtept lat="33.96762100" lon="134.41684300">
   </rtept>
   <rtept lat="33.96760100" lon="134.41695000">
   </rtept>
   <rtept lat="33.96750200" lon="134.41705700">
   </rtept>
   <rtept lat="33.96727600" lon="134.41705700">
   </rtept>
   <rtept lat="33.96668400" lon="134.41683100">
   </rtept>
   <rtept lat="33.96621100" lon="134.41671300">
   </rtept>
   <rtept lat="33.96597500" lon="134.41636800">
   </rtept>
   <rtept lat="33.96553100" lon="134.41616600">
   </rtept>
   <rtept lat="33.96528500" lon="134.41603500">
   </rtept>
   <rtept lat="33.96503800" lon="134.41591600">
   </rtept>
   <rtept lat="33.96480000" lon="134.41589300">
   </rtept>
   <rtept lat="33.96466200" lon="134.41607100">
   </rtept>
   <rtept lat="33.96440600" lon="134.41617800">
   </rtept>
   <rtept lat="33.96437600" lon="134.41652200">
   </rtept>
   <rtept lat="33.96423800" lon="134.41655800">
   </rtept>
   <rtept lat="33.96409000" lon="134.41647500">
   </rtept>
   <rtept lat="33.96389300" lon="134.41640400">
   </rtept>
   <rtept lat="33.96365700" lon="134.41624900">
   </rtept>
   <rtept lat="33.96354800" lon="134.41634400">
   </rtept>
   <rtept lat="33.96358800" lon="134.41662900">
   </rtept>
   <rtept lat="33.96367600" lon="134.41696200">
   </rtept>
   <rtept lat="33.96365700" lon="134.41731900">
   </rtept>
   <rtept lat="33.96371600" lon="134.41754400">
   </rtept>
   <rtept lat="33.96375500" lon="134.41775800">
   </rtept>
   <rtept lat="33.96363700" lon="134.41798400">
   </rtept>
   <rtept lat="33.96354800" lon="134.41815100">
   </rtept>
   <rtept lat="33.96334100" lon="134.41823400">
   </rtept>
   <rtept lat="33.96317400" lon="134.41804400">
   </rtept>
   <rtept lat="33.96313400" lon="134.41783000">
   </rtept>
   <rtept lat="33.96297600" lon="134.41742600">
   </rtept>
   <rtept lat="33.96280900" lon="134.41703300">
   </rtept>
   <rtept lat="33.96264100" lon="134.41687900">
   </rtept>
   <rtept lat="33.96237500" lon="134.41655800">
   </rtept>
   <rtept lat="33.96221800" lon="134.41624900">
   </rtept>
   <rtept lat="33.96205000" lon="134.41586900">
   </rtept>
   <rtept lat="33.96206000" lon="134.41552400">
   </rtept>
   <rtept lat="33.96204000" lon="134.41508400">
   </rtept>
   <rtept lat="33.96175400" lon="134.41463300">
   </rtept>
   <rtept lat="33.96140900" lon="134.41428800">
   </rtept>
   <rtept lat="33.96118300" lon="134.41397900">
   </rtept>
   <rtept lat="33.96094600" lon="134.41363500">
   </rtept>
   <rtept lat="33.96094600" lon="134.41339700">
   </rtept>
   <rtept lat="33.96083800" lon="134.41318300">
   </rtept>
   <rtept lat="33.96087700" lon="134.41300500">
   </rtept>
   <rtept lat="33.96095600" lon="134.41281500">
   </rtept>
   <rtept lat="33.96090700" lon="134.41254100">
   </rtept>
   <rtept lat="33.96072900" lon="134.41243400">
   </rtept>
   <rtept lat="33.96060100" lon="134.41226800">
   </rtept>
   <rtept lat="33.96037400" lon="134.41210200">
   </rtept>
   <rtept lat="33.96040400" lon="134.41175700">
   </rtept>
   <rtept lat="33.96036400" lon="134.41166200">
   </rtept>
   <rtept lat="33.96016700" lon="134.41161400">
   </rtept>
   <rtept lat="33.95998000" lon="134.41166200">
   </rtept>
   <rtept lat="33.95970400" lon="134.41190000">
   </rtept>
   <rtept lat="33.95949700" lon="134.41231500">
   </rtept>
   <rtept lat="33.95932000" lon="134.41247000">
   </rtept>
   <rtept lat="33.95907000" lon="134.41292200">
   </rtept>
   <rtept lat="33.95893400" lon="134.41289400">
   </rtept>
   <rtept lat="33.95870900" lon="134.41285800">
   </rtept>
   <rtept lat="33.95852000" lon="134.41285800">
   </rtept>
   <rtept lat="33.95825300" lon="134.41294400">
   </rtept>
   <rtept lat="33.95809400" lon="134.41299300">
   </rtept>
   <rtept lat="33.95798100" lon="134.41295800">
   </rtept>
   <rtept lat="33.95773300" lon="134.41295800">
   </rtept>
   <rtept lat="33.95755600" lon="134.41300800">
   </rtept>
   <rtept lat="33.95737200" lon="134.41305100">
   </rtept>
   <rtept lat="33.95724800" lon="134.41300800">
   </rtept>
   <rtept lat="33.95707100" lon="134.41290800">
   </rtept>
   <rtept lat="33.95687500" lon="134.41285100">
   </rtept>
   <rtept lat="33.95671000" lon="134.41287200">
   </rtept>
   <rtept lat="33.95665700" lon="134.41305800">
   </rtept>
   <rtept lat="33.95660900" lon="134.41325700">
   </rtept>
   <rtept lat="33.95653200" lon="134.41334300">
   </rtept>
   <rtept lat="33.95637900" lon="134.41337100">
   </rtept>
   <rtept lat="33.95613000" lon="134.41330700">
   </rtept>
   <rtept lat="33.95605900" lon="134.41335000">
   </rtept>
   <rtept lat="33.95595300" lon="134.41345700">
   </rtept>
   <rtept lat="33.95591700" lon="134.41357100">
   </rtept>
   <rtept lat="33.95593500" lon="134.41365700">
   </rtept>
   <rtept lat="33.95602400" lon="134.41373500">
   </rtept>
   <rtept lat="33.95610700" lon="134.41382800">
   </rtept>
   <rtept lat="33.95610700" lon="134.41404200">
   </rtept>
   <rtept lat="33.95607700" lon="134.41419100">
   </rtept>
   <rtept lat="33.95610100" lon="134.41432700">
   </rtept>
   <rtept lat="33.95615400" lon="134.41440500">
   </rtept>
   <rtept lat="33.95626000" lon="134.41439800">
   </rtept>
   <rtept lat="33.95642600" lon="134.41437700">
   </rtept>
   <rtept lat="33.95656200" lon="134.41432700">
   </rtept>
   <rtept lat="33.95678700" lon="134.41434800">
   </rtept>
   <rtept lat="33.95687000" lon="134.41444100">
   </rtept>
   <rtept lat="33.95691700" lon="134.41452600">
   </rtept>
   <rtept lat="33.95659200" lon="134.41478300">
   </rtept>
   <rtept lat="33.95654200" lon="134.41505700">
   </rtept>
   <rtept lat="33.95646300" lon="134.41517500">
   </rtept>
   <rtept lat="33.95634500" lon="134.41527000">
   </rtept>
   <rtept lat="33.95616800" lon="134.41531800">
   </rtept>
   <rtept lat="33.95605900" lon="134.41561500">
   </rtept>
   <rtept lat="33.95604000" lon="134.41582900">
   </rtept>
   <rtept lat="33.95610900" lon="134.41597200">
   </rtept>
   <rtept lat="33.95604900" lon="134.41612600">
   </rtept>
   <rtept lat="33.95588200" lon="134.41625700">
   </rtept>
   <rtept lat="33.95569500" lon="134.41631600">
   </rtept>
   <rtept lat="33.95562600" lon="134.41649400">
   </rtept>
   <rtept lat="33.95559600" lon="134.41678000">
   </rtept>
   <rtept lat="33.95551700" lon="134.41687500">
   </rtept>
   <rtept lat="33.95536900" lon="134.41704100">
   </rtept>
   <rtept lat="33.95536900" lon="134.41718400">
   </rtept>
   <rtept lat="33.95550700" lon="134.41742100">
   </rtept>
   <rtept lat="33.95559600" lon="134.41756400">
   </rtept>
   <rtept lat="33.95563500" lon="134.41780200">
   </rtept>
   <rtept lat="33.95558600" lon="134.41800400">
   </rtept>
   <rtept lat="33.95549700" lon="134.41827700">
   </rtept>
   <rtept lat="33.95534000" lon="134.41851500">
   </rtept>
   <rtept lat="33.95524900" lon="134.41871600">
   </rtept>
   <rtept lat="33.95535500" lon="134.41878700">
   </rtept>
   <rtept lat="33.95552100" lon="134.41964200">
   </rtept>
   <rtept lat="33.95576900" lon="134.42086900">
   </rtept>
   <rtept lat="33.95597100" lon="134.42139700">
   </rtept>
   <rtept lat="33.95585200" lon="134.42193800">
   </rtept>
   <rtept lat="33.95542600" lon="134.42243800">
   </rtept>
   <rtept lat="33.95510700" lon="134.42265200">
   </rtept>
   <rtept lat="33.95495300" lon="134.42289400">
   </rtept>
   <rtept lat="33.95487000" lon="134.42312200">
   </rtept>
   <rtept lat="33.95491800" lon="134.42343600">
   </rtept>
   <rtept lat="33.95517800" lon="134.42363600">
   </rtept>
   <rtept lat="33.95573400" lon="134.42397800">
   </rtept>
   <rtept lat="33.95603000" lon="134.42437700">
   </rtept>
   <rtept lat="33.95623100" lon="134.42493300">
   </rtept>
   <rtept lat="33.95624300" lon="134.42546100">
   </rtept>
   <rtept lat="33.95624300" lon="134.42573200">
   </rtept>
   <rtept lat="33.95653800" lon="134.42647300">
   </rtept>
   <rtept lat="33.95655000" lon="134.42697300">
   </rtept>
   <rtept lat="33.95647900" lon="134.42737200">
   </rtept>
   <rtept lat="33.95630200" lon="134.42794200">
   </rtept>
   <rtept lat="33.95611200" lon="134.42824200">
   </rtept>
   <rtept lat="33.95624300" lon="134.42855500">
   </rtept>
   <rtept lat="33.95612400" lon="134.42891200">
   </rtept>
   <rtept lat="33.95614800" lon="134.42919700">
   </rtept>
   <rtept lat="33.95638500" lon="134.42935400">
   </rtept>
   <rtept lat="33.95668000" lon="134.42936800">
   </rtept>
   <rtept lat="33.95703500" lon="134.42941100">
   </rtept>
   <rtept lat="33.95739000" lon="134.42955400">
   </rtept>
   <rtept lat="33.95814700" lon="134.42995300">
   </rtept>
   <rtept lat="33.95829800" lon="134.43012300">
   </rtept>
   <rtept lat="33.95832700" lon="134.43027200">
   </rtept>
   <rtept lat="33.95821400" lon="134.43070500">
   </rtept>
   <rtept lat="33.95801200" lon="134.43135900">
   </rtept>
   <rtept lat="33.95788400" lon="134.43153700">
   </rtept>
   <rtept lat="33.95770100" lon="134.43166200">
   </rtept>
   <rtept lat="33.95740600" lon="134.43164400">
   </rtept>
   <rtept lat="33.95728300" lon="134.43171500">
   </rtept>
   <rtept lat="33.95721400" lon="134.43178700">
   </rtept>
   <rtept lat="33.95709000" lon="134.43201800">
   </rtept>
   <rtept lat="33.95695200" lon="134.43210200">
   </rtept>
   <rtept lat="33.95647400" lon="134.43225600">
   </rtept>
   <rtept lat="33.95637100" lon="134.43238700">
   </rtept>
   <rtept lat="33.95626200" lon="134.43297500">
   </rtept>
   <rtept lat="33.95610000" lon="134.43343300">
   </rtept>
   <rtept lat="33.95598100" lon="134.43379500">
   </rtept>
   <rtept lat="33.95590700" lon="134.43419300">
   </rtept>
   <rtept lat="33.95585300" lon="134.43484700">
   </rtept>
   <rtept lat="33.95588800" lon="134.43595500">
   </rtept>
   <rtept lat="33.95594700" lon="134.43674500">
   </rtept>
   <rtept lat="33.95606000" lon="134.43760100">
   </rtept>
   <rtept lat="33.95617400" lon="134.43798100">
   </rtept>
   <rtept lat="33.95619800" lon="134.43818900">
   </rtept>
   <rtept lat="33.95612400" lon="134.43830800">
   </rtept>
   <rtept lat="33.95599600" lon="134.43831400">
   </rtept>
   <rtept lat="33.95568600" lon="134.43825500">
   </rtept>
   <rtept lat="33.95546000" lon="134.43818300">
   </rtept>
   <rtept lat="33.95512000" lon="134.43819500">
   </rtept>
   <rtept lat="33.95467100" lon="134.43838500">
   </rtept>
   <rtept lat="33.95452300" lon="134.43859300">
   </rtept>
   <rtept lat="33.95448900" lon="134.43878300">
   </rtept>
   <rtept lat="33.95446400" lon="134.43904500">
   </rtept>
   <rtept lat="33.95431600" lon="134.43940100">
   </rtept>
   <rtept lat="33.95422800" lon="134.43964900">
   </rtept>
   <rtept lat="33.95437600" lon="134.44010700">
   </rtept>
   <rtept lat="33.95438500" lon="134.44023700">
   </rtept>
   <rtept lat="33.95432600" lon="134.44045700">
   </rtept>
   <rtept lat="33.95422300" lon="134.44087300">
   </rtept>
   <rtept lat="33.95420800" lon="134.44167500">
   </rtept>
   <rtept lat="33.95418300" lon="134.44181800">
   </rtept>
   <rtept lat="33.95393700" lon="134.44230500">
   </rtept>
   <rtept lat="33.95384300" lon="134.44258500">
   </rtept>
   <rtept lat="33.95383300" lon="134.44304800">
   </rtept>
   <rtept lat="33.95377400" lon="134.44325000">
   </rtept>
   <rtept lat="33.95339500" lon="134.44383800">
   </rtept>
   <rtept lat="33.95333100" lon="134.44404000">
   </rtept>
   <rtept lat="33.95334500" lon="134.44415900">
   </rtept>
   <rtept lat="33.95352800" lon="134.44436700">
   </rtept>
   <rtept lat="33.95381400" lon="134.44443800">
   </rtept>
   <rtept lat="33.95396200" lon="134.44443800">
   </rtept>
   <rtept lat="33.95427700" lon="134.44453900">
   </rtept>
   <rtept lat="33.95512000" lon="134.44495500">
   </rtept>
   <rtept lat="33.95530700" lon="134.44496700">
   </rtept>
   <rtept lat="33.95552900" lon="134.44502700">
   </rtept>
   <rtept lat="33.95565700" lon="134.44516300">
   </rtept>
   <rtept lat="33.95642900" lon="134.44550000">
   </rtept>
   <rtept lat="33.95650800" lon="134.44555300">
   </rtept>
   <rtept lat="33.95664600" lon="134.44577900">
   </rtept>
   <rtept lat="33.95688700" lon="134.44599300">
   </rtept>
   <rtept lat="33.95683300" lon="134.44615300">
   </rtept>
   <rtept lat="33.95654700" lon="134.44639700">
   </rtept>
   <rtept lat="33.95622200" lon="134.44686600">
   </rtept>
   <rtept lat="33.95622700" lon="134.44703900">
   </rtept>
   <rtept lat="33.95641900" lon="134.44740100">
   </rtept>
   <rtept lat="33.95643900" lon="134.44756200">
   </rtept>
   <rtept lat="33.95639900" lon="134.44765700">
   </rtept>
   <rtept lat="33.95630600" lon="134.44772200">
   </rtept>
   <rtept lat="33.95613300" lon="134.44772200">
   </rtept>
   <rtept lat="33.95591100" lon="134.44779900">
   </rtept>
   <rtept lat="33.95577800" lon="134.44791200">
   </rtept>
   <rtept lat="33.95576400" lon="134.44805500">
   </rtept>
   <rtept lat="33.95580800" lon="134.44846500">
   </rtept>
   <rtept lat="33.95587700" lon="134.44864900">
   </rtept>
   <rtept lat="33.95585700" lon="134.44870800">
   </rtept>
   <rtept lat="33.95580800" lon="134.44874400">
   </rtept>
   <rtept lat="33.95571400" lon="134.44876200">
   </rtept>
   <rtept lat="33.95560600" lon="134.44880900">
   </rtept>
   <rtept lat="33.95558600" lon="134.44884500">
   </rtept>
   <rtept lat="33.95557600" lon="134.44899400">
   </rtept>
   <rtept lat="33.95560100" lon="134.44910100">
   </rtept>
   <rtept lat="33.95573900" lon="134.44923100">
   </rtept>
   <rtept lat="33.95587700" lon="134.44933200">
   </rtept>
   <rtept lat="33.95610400" lon="134.44957000">
   </rtept>
   <rtept lat="33.95721700" lon="134.45001000">
   </rtept>
   <rtept lat="33.95764100" lon="134.45034600">
   </rtept>
   <rtept lat="33.95781900" lon="134.45063100">
   </rtept>
   <rtept lat="33.95788800" lon="134.45101700">
   </rtept>
   <rtept lat="33.95792700" lon="134.45152200">
   </rtept>
   <rtept lat="33.95786300" lon="134.45190900">
   </rtept>
   <rtept lat="33.95779900" lon="134.45206300">
   </rtept>
   <rtept lat="33.95771000" lon="134.45214600">
   </rtept>
   <rtept lat="33.95760200" lon="134.45213400">
   </rtept>
   <rtept lat="33.95748900" lon="134.45203900">
   </rtept>
   <rtept lat="33.95738500" lon="134.45202200">
   </rtept>
   <rtept lat="33.95727700" lon="134.45204500">
   </rtept>
   <rtept lat="33.95713900" lon="134.45223000">
   </rtept>
   <rtept lat="33.95694600" lon="134.45254400">
   </rtept>
   <rtept lat="33.95683300" lon="134.45262800">
   </rtept>
   <rtept lat="33.95672500" lon="134.45262200">
   </rtept>
   <rtept lat="33.95658200" lon="134.45246700">
   </rtept>
   <rtept lat="33.95646800" lon="134.45234800">
   </rtept>
   <rtept lat="33.95633000" lon="134.45231900">
   </rtept>
   <rtept lat="33.95620700" lon="134.45232500">
   </rtept>
   <rtept lat="33.95605900" lon="134.45224700">
   </rtept>
   <rtept lat="33.95592600" lon="134.45213400">
   </rtept>
   <rtept lat="33.95578800" lon="134.45198600">
   </rtept>
   <rtept lat="33.95568500" lon="134.45189700">
   </rtept>
   <rtept lat="33.95554700" lon="134.45192700">
   </rtept>
   <rtept lat="33.95535400" lon="134.45187300">
   </rtept>
   <rtept lat="33.95523600" lon="134.45183100">
   </rtept>
   <rtept lat="33.95514700" lon="134.45170100">
   </rtept>
   <rtept lat="33.95509300" lon="134.45155200">
   </rtept>
   <rtept lat="33.95507800" lon="134.45132000">
   </rtept>
   <rtept lat="33.95498500" lon="134.45117800">
   </rtept>
   <rtept lat="33.95484700" lon="134.45110700">
   </rtept>
   <rtept lat="33.95470900" lon="134.45110700">
   </rtept>
   <rtept lat="33.95461000" lon="134.45118400">
   </rtept>
   <rtept lat="33.95455100" lon="134.45133200">
   </rtept>
   <rtept lat="33.95449200" lon="134.45146900">
   </rtept>
   <rtept lat="33.95414300" lon="134.45174200">
   </rtept>
   <rtept lat="33.95393100" lon="134.45203300">
   </rtept>
   <rtept lat="33.95372900" lon="134.45233700">
   </rtept>
   <rtept lat="33.95356600" lon="134.45252700">
   </rtept>
   <rtept lat="33.95345300" lon="134.45287700">
   </rtept>
   <rtept lat="33.95340900" lon="134.45312100">
   </rtept>
   <rtept lat="33.95342300" lon="134.45343600">
   </rtept>
   <rtept lat="33.95334000" lon="134.45376300">
   </rtept>
   <rtept lat="33.95326100" lon="134.45394100">
   </rtept>
   <rtept lat="33.95314200" lon="134.45417900">
   </rtept>
   <rtept lat="33.95314200" lon="134.45433300">
   </rtept>
   <rtept lat="33.95319700" lon="134.45444000">
   </rtept>
   <rtept lat="33.95320600" lon="134.45458300">
   </rtept>
   <rtept lat="33.95314200" lon="134.45479600">
   </rtept>
   <rtept lat="33.95315200" lon="134.45498700">
   </rtept>
   <rtept lat="33.95326600" lon="134.45514700">
   </rtept>
   <rtept lat="33.95353700" lon="134.45535500">
   </rtept>
   <rtept lat="33.95355200" lon="134.45545000">
   </rtept>
   <rtept lat="33.95350700" lon="134.45555600">
   </rtept>
   <rtept lat="33.95335900" lon="134.45562100">
   </rtept>
   <rtept lat="33.95287100" lon="134.45587700">
   </rtept>
   <rtept lat="33.95285200" lon="134.45595400">
   </rtept>
   <rtept lat="33.95291100" lon="134.45604900">
   </rtept>
   <rtept lat="33.95317200" lon="134.45633400">
   </rtept>
   <rtept lat="33.95341800" lon="134.45659000">
   </rtept>
   <rtept lat="33.95346300" lon="134.45670900">
   </rtept>
   <rtept lat="33.95345300" lon="134.45685700">
   </rtept>
   <rtept lat="33.95340900" lon="134.45703500">
   </rtept>
   <rtept lat="33.95332500" lon="134.45717800">
   </rtept>
   <rtept lat="33.95321100" lon="134.45726700">
   </rtept>
   <rtept lat="33.95287100" lon="134.45728500">
   </rtept>
   <rtept lat="33.95274800" lon="134.45752300">
   </rtept>
   <rtept lat="33.95268900" lon="134.45780800">
   </rtept>
   <rtept lat="33.95275800" lon="134.45797400">
   </rtept>
   <rtept lat="33.95324100" lon="134.45830700">
   </rtept>
   <rtept lat="33.95334400" lon="134.45842000">
   </rtept>
   <rtept lat="33.95336900" lon="134.45855700">
   </rtept>
   <rtept lat="33.95331500" lon="134.45871100">
   </rtept>
   <rtept lat="33.95314700" lon="134.45894900">
   </rtept>
   <rtept lat="33.95308800" lon="134.45907400">
   </rtept>
   <rtept lat="33.95308300" lon="134.45916900">
   </rtept>
   <rtept lat="33.95331000" lon="134.45943000">
   </rtept>
   <rtept lat="33.95349700" lon="134.45959000">
   </rtept>
   <rtept lat="33.95358100" lon="134.45973300">
   </rtept>
   <rtept lat="33.95359100" lon="134.45988800">
   </rtept>
   <rtept lat="33.95353700" lon="134.46000000">
   </rtept>
   <rtept lat="33.95337900" lon="134.46001200">
   </rtept>
   <rtept lat="33.95316200" lon="134.45999500">
   </rtept>
   <rtept lat="33.95304900" lon="134.46000000">
   </rtept>
   <rtept lat="33.95299500" lon="134.46008400">
   </rtept>
   <rtept lat="33.95306400" lon="134.46019700">
   </rtept>
   <rtept lat="33.95325100" lon="134.46033300">
   </rtept>
   <rtept lat="33.95327500" lon="134.46048200">
   </rtept>
   <rtept lat="33.95322100" lon="134.46074300">
   </rtept>
   <rtept lat="33.95312800" lon="134.46131800">
   </rtept>
   <rtept lat="33.95313700" lon="134.46169300">
   </rtept>
   <rtept lat="33.95325600" lon="134.46233500">
   </rtept>
   <rtept lat="33.95321100" lon="134.46245300">
   </rtept>
   <rtept lat="33.95313700" lon="134.46254200">
   </rtept>
   <rtept lat="33.95297000" lon="134.46256000">
   </rtept>
   <rtept lat="33.95276300" lon="134.46254800">
   </rtept>
   <rtept lat="33.95259500" lon="134.46259000">
   </rtept>
   <rtept lat="33.95240800" lon="134.46266100">
   </rtept>
   <rtept lat="33.95224000" lon="134.46263800">
   </rtept>
   <rtept lat="33.95196900" lon="134.46251300">
   </rtept>
   <rtept lat="33.95176200" lon="134.46247100">
   </rtept>
   <rtept lat="33.95159100" lon="134.46247700">
   </rtept>
   <rtept lat="33.95146800" lon="134.46247700">
   </rtept>
   <rtept lat="33.95138900" lon="134.46254800">
   </rtept>
   <rtept lat="33.95134900" lon="134.46267300">
   </rtept>
   <rtept lat="33.95134400" lon="134.46285100">
   </rtept>
   <rtept lat="33.95141300" lon="134.46297600">
   </rtept>
   <rtept lat="33.95149700" lon="134.46303600">
   </rtept>
   <rtept lat="33.95184700" lon="134.46308300">
   </rtept>
   <rtept lat="33.95201500" lon="134.46314900">
   </rtept>
   <rtept lat="33.95215300" lon="134.46327900">
   </rtept>
   <rtept lat="33.95245300" lon="134.46352300">
   </rtept>
   <rtept lat="33.95345600" lon="134.46358800">
   </rtept>
   <rtept lat="33.95365300" lon="134.46358200">
   </rtept>
   <rtept lat="33.95376100" lon="134.46351700">
   </rtept>
   <rtept lat="33.95380100" lon="134.46340400">
   </rtept>
   <rtept lat="33.95375700" lon="134.46317800">
   </rtept>
   <rtept lat="33.95377600" lon="134.46307100">
   </rtept>
   <rtept lat="33.95388500" lon="134.46288100">
   </rtept>
   <rtept lat="33.95405200" lon="134.46269700">
   </rtept>
   <rtept lat="33.95406700" lon="134.46250700">
   </rtept>
   <rtept lat="33.95406200" lon="134.46229300">
   </rtept>
   <rtept lat="33.95408700" lon="134.46218000">
   </rtept>
   <rtept lat="33.95418000" lon="134.46218600">
   </rtept>
   <rtept lat="33.95466800" lon="134.46228100">
   </rtept>
   <rtept lat="33.95495400" lon="134.46234600">
   </rtept>
   <rtept lat="33.95508400" lon="134.46234600">
   </rtept>
   <rtept lat="33.95521200" lon="134.46229900">
   </rtept>
   <rtept lat="33.95529600" lon="134.46213200">
   </rtept>
   <rtept lat="33.95505500" lon="134.46171100">
   </rtept>
   <rtept lat="33.95499100" lon="134.46151500">
   </rtept>
   <rtept lat="33.95500500" lon="134.46139000">
   </rtept>
   <rtept lat="33.95504500" lon="134.46134800">
   </rtept>
   <rtept lat="33.95550300" lon="134.46134800">
   </rtept>
   <rtept lat="33.95577400" lon="134.46141400">
   </rtept>
   <rtept lat="33.95590300" lon="134.46140200">
   </rtept>
   <rtept lat="33.95614900" lon="134.46122900">
   </rtept>
   <rtept lat="33.95628200" lon="134.46107500">
   </rtept>
   <rtept lat="33.95632600" lon="134.46097400">
   </rtept>
   <rtept lat="33.95633600" lon="134.46086100">
   </rtept>
   <rtept lat="33.95625700" lon="134.46063100">
   </rtept>
   <rtept lat="33.95614900" lon="134.46037500">
   </rtept>
   <rtept lat="33.95614900" lon="134.46023300">
   </rtept>
   <rtept lat="33.95619300" lon="134.46007800">
   </rtept>
   <rtept lat="33.95614400" lon="134.45988200">
   </rtept>
   <rtept lat="33.95604100" lon="134.45971000">
   </rtept>
   <rtept lat="33.95580400" lon="134.45949600">
   </rtept>
   <rtept lat="33.95553300" lon="134.45925800">
   </rtept>
   <rtept lat="33.95542400" lon="134.45911000">
   </rtept>
   <rtept lat="33.95540000" lon="134.45898500">
   </rtept>
   <rtept lat="33.95550800" lon="134.45890200">
   </rtept>
   <rtept lat="33.95567600" lon="134.45885400">
   </rtept>
   <rtept lat="33.95582400" lon="134.45884800">
   </rtept>
   <rtept lat="33.95609500" lon="134.45875900">
   </rtept>
   <rtept lat="33.95617900" lon="134.45861100">
   </rtept>
   <rtept lat="33.95619300" lon="134.45846200">
   </rtept>
   <rtept lat="33.95611400" lon="134.45821800">
   </rtept>
   <rtept lat="33.95601600" lon="134.45796900">
   </rtept>
   <rtept lat="33.95600100" lon="134.45786200">
   </rtept>
   <rtept lat="33.95601100" lon="134.45775500">
   </rtept>
   <rtept lat="33.95608000" lon="134.45765400">
   </rtept>
   <rtept lat="33.95622300" lon="134.45753500">
   </rtept>
   <rtept lat="33.95633600" lon="134.45751100">
   </rtept>
 </rte>
 <rte>
  <name>SHIKOKU_TKS_12(自然林を訪ねるみち)</name>
   <rtept lat="33.95669800" lon="134.45748800">
   </rtept>
   <rtept lat="33.95676700" lon="134.45767200">
   </rtept>
   <rtept lat="33.95660000" lon="134.45770200">
   </rtept>
   <rtept lat="33.95642200" lon="134.45772500">
   </rtept>
   <rtept lat="33.95638800" lon="134.45779100">
   </rtept>
   <rtept lat="33.95658000" lon="134.45792100">
   </rtept>
   <rtept lat="33.95672800" lon="134.45804000">
   </rtept>
   <rtept lat="33.95656000" lon="134.45813500">
   </rtept>
   <rtept lat="33.95648100" lon="134.45817700">
   </rtept>
   <rtept lat="33.95647200" lon="134.45826000">
   </rtept>
   <rtept lat="33.95661900" lon="134.45836100">
   </rtept>
   <rtept lat="33.95678700" lon="134.45845000">
   </rtept>
   <rtept lat="33.95683600" lon="134.45852200">
   </rtept>
   <rtept lat="33.95681700" lon="134.45859300">
   </rtept>
   <rtept lat="33.95684600" lon="134.45868800">
   </rtept>
   <rtept lat="33.95696000" lon="134.45881300">
   </rtept>
   <rtept lat="33.95709300" lon="134.45889600">
   </rtept>
   <rtept lat="33.95717600" lon="134.45901500">
   </rtept>
   <rtept lat="33.95717100" lon="134.45905000">
   </rtept>
   <rtept lat="33.95709300" lon="134.45908000">
   </rtept>
   <rtept lat="33.95702400" lon="134.45908600">
   </rtept>
   <rtept lat="33.95701900" lon="134.45916900">
   </rtept>
   <rtept lat="33.95709300" lon="134.45931800">
   </rtept>
   <rtept lat="33.95728500" lon="134.45952000">
   </rtept>
   <rtept lat="33.95742300" lon="134.45976300">
   </rtept>
   <rtept lat="33.95788100" lon="134.46032800">
   </rtept>
   <rtept lat="33.95800900" lon="134.46061300">
   </rtept>
   <rtept lat="33.95807300" lon="134.46070200">
   </rtept>
   <rtept lat="33.95814200" lon="134.46071400">
   </rtept>
   <rtept lat="33.95825600" lon="134.46081500">
   </rtept>
   <rtept lat="33.95835400" lon="134.46097600">
   </rtept>
   <rtept lat="33.95853200" lon="134.46149300">
   </rtept>
   <rtept lat="33.95866500" lon="134.46171800">
   </rtept>
   <rtept lat="33.95881300" lon="134.46214000">
   </rtept>
   <rtept lat="33.95882900" lon="134.46229500">
   </rtept>
   <rtept lat="33.95885400" lon="134.46234200">
   </rtept>
   <rtept lat="33.95890300" lon="134.46235400">
   </rtept>
   <rtept lat="33.95898200" lon="134.46232400">
   </rtept>
   <rtept lat="33.95924800" lon="134.46218200">
   </rtept>
   <rtept lat="33.95958800" lon="134.46215800">
   </rtept>
   <rtept lat="33.96005700" lon="134.46173000">
   </rtept>
   <rtept lat="33.96029800" lon="134.46155200">
   </rtept>
   <rtept lat="33.96051500" lon="134.46137400">
   </rtept>
   <rtept lat="33.96054900" lon="134.46129600">
   </rtept>
   <rtept lat="33.96059400" lon="134.46113600">
   </rtept>
   <rtept lat="33.96065300" lon="134.46059500">
   </rtept>
   <rtept lat="33.96113800" lon="134.46024500">
   </rtept>
   <rtept lat="33.96258700" lon="134.45953200">
   </rtept>
   <rtept lat="33.96407500" lon="134.45873000">
   </rtept>
   <rtept lat="33.96459200" lon="134.45848600">
   </rtept>
   <rtept lat="33.96474000" lon="134.45844400">
   </rtept>
   <rtept lat="33.96513900" lon="134.45843200">
   </rtept>
   <rtept lat="33.96540500" lon="134.45841500">
   </rtept>
   <rtept lat="33.96561700" lon="134.45836100">
   </rtept>
   <rtept lat="33.96572000" lon="134.45829600">
   </rtept>
   <rtept lat="33.96576500" lon="134.45825400">
   </rtept>
   <rtept lat="33.96583800" lon="134.45826600">
   </rtept>
   <rtept lat="33.96612900" lon="134.45848000">
   </rtept>
   <rtept lat="33.96641000" lon="134.45866400">
   </rtept>
   <rtept lat="33.96664200" lon="134.45877700">
   </rtept>
   <rtept lat="33.96693900" lon="134.45881300">
   </rtept>
   <rtept lat="33.96708200" lon="134.45881300">
   </rtept>
   <rtept lat="33.96743200" lon="134.45876500">
   </rtept>
   <rtept lat="33.96802800" lon="134.45876500">
   </rtept>
   <rtept lat="33.96832400" lon="134.45868200">
   </rtept>
   <rtept lat="33.96864900" lon="134.45851600">
   </rtept>
   <rtept lat="33.96885600" lon="134.45850400">
   </rtept>
   <rtept lat="33.96920600" lon="134.45862300">
   </rtept>
   <rtept lat="33.96933800" lon="134.45857500">
   </rtept>
   <rtept lat="33.96956500" lon="134.45854500">
   </rtept>
   <rtept lat="33.96996900" lon="134.45826000">
   </rtept>
   <rtept lat="33.97047200" lon="134.45820700">
   </rtept>
   <rtept lat="33.97076300" lon="134.45789200">
   </rtept>
   <rtept lat="33.97092500" lon="134.45771300">
   </rtept>
   <rtept lat="33.97110700" lon="134.45773700">
   </rtept>
   <rtept lat="33.97128500" lon="134.45781400">
   </rtept>
   <rtept lat="33.97187600" lon="134.45835500">
   </rtept>
   <rtept lat="33.97207800" lon="134.45845600">
   </rtept>
   <rtept lat="33.97214600" lon="134.45829600">
   </rtept>
   <rtept lat="33.97218600" lon="134.45780800">
   </rtept>
   <rtept lat="33.97227900" lon="134.45747000">
   </rtept>
   <rtept lat="33.97241200" lon="134.45739300">
   </rtept>
   <rtept lat="33.97301400" lon="134.45744600">
   </rtept>
   <rtept lat="33.97328900" lon="134.45762400">
   </rtept>
   <rtept lat="33.97342300" lon="134.45791000">
   </rtept>
   <rtept lat="33.97350100" lon="134.45833100">
   </rtept>
   <rtept lat="33.97362000" lon="134.45862300">
   </rtept>
   <rtept lat="33.97385100" lon="134.45888400">
   </rtept>
   <rtept lat="33.97402900" lon="134.45877700">
   </rtept>
   <rtept lat="33.97429500" lon="134.45852700">
   </rtept>
   <rtept lat="33.97442300" lon="134.45836700">
   </rtept>
   <rtept lat="33.97469400" lon="134.45831400">
   </rtept>
   <rtept lat="33.97511100" lon="134.45833700">
   </rtept>
   <rtept lat="33.97539700" lon="134.45830800">
   </rtept>
   <rtept lat="33.97647100" lon="134.45804600">
   </rtept>
   <rtept lat="33.97689000" lon="134.45796300">
   </rtept>
   <rtept lat="33.97718500" lon="134.45792700">
   </rtept>
   <rtept lat="33.97756000" lon="134.45797500">
   </rtept>
   <rtept lat="33.97816600" lon="134.45821300">
   </rtept>
   <rtept lat="33.97851000" lon="134.45823600">
   </rtept>
   <rtept lat="33.97870700" lon="134.45817100">
   </rtept>
   <rtept lat="33.97933700" lon="134.45811200">
   </rtept>
   <rtept lat="33.98003700" lon="134.45812300">
   </rtept>
   <rtept lat="33.98094400" lon="134.45818300">
   </rtept>
   <rtept lat="33.98188600" lon="134.45828400">
   </rtept>
 </rte>
 <rte>
  <name>SHIKOKU_TKS_12(自然林を訪ねるみち)</name>
   <rtept lat="33.95669800" lon="134.45748800">
   </rtept>
   <rtept lat="33.95633600" lon="134.45751100">
   </rtept>
   <rtept lat="33.95622300" lon="134.45753500">
   </rtept>
   <rtept lat="33.95608000" lon="134.45765400">
   </rtept>
   <rtept lat="33.95601100" lon="134.45775500">
   </rtept>
   <rtept lat="33.95600100" lon="134.45786200">
   </rtept>
   <rtept lat="33.95601600" lon="134.45796900">
   </rtept>
   <rtept lat="33.95611400" lon="134.45821800">
   </rtept>
   <rtept lat="33.95619300" lon="134.45846200">
   </rtept>
   <rtept lat="33.95617900" lon="134.45861100">
   </rtept>
   <rtept lat="33.95609500" lon="134.45875900">
   </rtept>
   <rtept lat="33.95582400" lon="134.45884800">
   </rtept>
   <rtept lat="33.95567600" lon="134.45885400">
   </rtept>
   <rtept lat="33.95550800" lon="134.45890200">
   </rtept>
   <rtept lat="33.95540000" lon="134.45898500">
   </rtept>
   <rtept lat="33.95542400" lon="134.45911000">
   </rtept>
   <rtept lat="33.95553300" lon="134.45925800">
   </rtept>
   <rtept lat="33.95580400" lon="134.45949600">
   </rtept>
   <rtept lat="33.95604100" lon="134.45971000">
   </rtept>
   <rtept lat="33.95614400" lon="134.45988200">
   </rtept>
   <rtept lat="33.95619300" lon="134.46007800">
   </rtept>
   <rtept lat="33.95614900" lon="134.46023300">
   </rtept>
   <rtept lat="33.95614900" lon="134.46037500">
   </rtept>
   <rtept lat="33.95625700" lon="134.46063100">
   </rtept>
   <rtept lat="33.95633600" lon="134.46086100">
   </rtept>
   <rtept lat="33.95632600" lon="134.46097400">
   </rtept>
   <rtept lat="33.95628200" lon="134.46107500">
   </rtept>
   <rtept lat="33.95614900" lon="134.46122900">
   </rtept>
   <rtept lat="33.95590300" lon="134.46140200">
   </rtept>
   <rtept lat="33.95577400" lon="134.46141400">
   </rtept>
   <rtept lat="33.95550300" lon="134.46134800">
   </rtept>
   <rtept lat="33.95504500" lon="134.46134800">
   </rtept>
   <rtept lat="33.95500500" lon="134.46139000">
   </rtept>
   <rtept lat="33.95499100" lon="134.46151500">
   </rtept>
   <rtept lat="33.95505500" lon="134.46171100">
   </rtept>
   <rtept lat="33.95529600" lon="134.46213200">
   </rtept>
   <rtept lat="33.95521200" lon="134.46229900">
   </rtept>
   <rtept lat="33.95508400" lon="134.46234600">
   </rtept>
   <rtept lat="33.95495400" lon="134.46234600">
   </rtept>
   <rtept lat="33.95466800" lon="134.46228100">
   </rtept>
   <rtept lat="33.95418000" lon="134.46218600">
   </rtept>
   <rtept lat="33.95408700" lon="134.46218000">
   </rtept>
   <rtept lat="33.95406200" lon="134.46229300">
   </rtept>
   <rtept lat="33.95406700" lon="134.46250700">
   </rtept>
   <rtept lat="33.95405200" lon="134.46269700">
   </rtept>
   <rtept lat="33.95388500" lon="134.46288100">
   </rtept>
   <rtept lat="33.95377600" lon="134.46307100">
   </rtept>
   <rtept lat="33.95375700" lon="134.46317800">
   </rtept>
   <rtept lat="33.95380100" lon="134.46340400">
   </rtept>
   <rtept lat="33.95376100" lon="134.46351700">
   </rtept>
   <rtept lat="33.95365300" lon="134.46358200">
   </rtept>
   <rtept lat="33.95345600" lon="134.46358800">
   </rtept>
   <rtept lat="33.95245300" lon="134.46352300">
   </rtept>
   <rtept lat="33.95215300" lon="134.46327900">
   </rtept>
   <rtept lat="33.95201500" lon="134.46314900">
   </rtept>
   <rtept lat="33.95184700" lon="134.46308300">
   </rtept>
   <rtept lat="33.95149700" lon="134.46303600">
   </rtept>
   <rtept lat="33.95141300" lon="134.46297600">
   </rtept>
   <rtept lat="33.95134400" lon="134.46285100">
   </rtept>
   <rtept lat="33.95122100" lon="134.46311500">
   </rtept>
   <rtept lat="33.95110300" lon="134.46369700">
   </rtept>
   <rtept lat="33.95109300" lon="134.46399400">
   </rtept>
   <rtept lat="33.95116200" lon="134.46441000">
   </rtept>
   <rtept lat="33.95139900" lon="134.46501600">
   </rtept>
   <rtept lat="33.95162500" lon="134.46557500">
   </rtept>
   <rtept lat="33.95175400" lon="134.46602600">
   </rtept>
   <rtept lat="33.95176300" lon="134.46660900">
   </rtept>
   <rtept lat="33.95183200" lon="134.46728600">
   </rtept>
   <rtept lat="33.95192100" lon="134.46782100">
   </rtept>
   <rtept lat="33.95207900" lon="134.46828400">
   </rtept>
   <rtept lat="33.95235500" lon="134.46862900">
   </rtept>
   <rtept lat="33.95266000" lon="134.46900900">
   </rtept>
   <rtept lat="33.95329100" lon="134.46949600">
   </rtept>
   <rtept lat="33.95376500" lon="134.46986500">
   </rtept>
   <rtept lat="33.95419800" lon="134.47030500">
   </rtept>
   <rtept lat="33.95461200" lon="134.47086300">
   </rtept>
   <rtept lat="33.95498700" lon="134.47139800">
   </rtept>
   <rtept lat="33.95512500" lon="134.47154100">
   </rtept>
   <rtept lat="33.95526700" lon="134.47142200">
   </rtept>
   <rtept lat="33.95532600" lon="134.47136200">
   </rtept>
   <rtept lat="33.95537500" lon="134.47116000">
   </rtept>
   <rtept lat="33.95558200" lon="134.47112500">
   </rtept>
   <rtept lat="33.95597700" lon="134.47131500">
   </rtept>
   <rtept lat="33.95638100" lon="134.47163600">
   </rtept>
   <rtept lat="33.95659800" lon="134.47202800">
   </rtept>
   <rtept lat="33.95696200" lon="134.47265800">
   </rtept>
   <rtept lat="33.95723800" lon="134.47283600">
   </rtept>
   <rtept lat="33.95759300" lon="134.47295500">
   </rtept>
   <rtept lat="33.95839200" lon="134.47321600">
   </rtept>
   <rtept lat="33.95896300" lon="134.47345400">
   </rtept>
   <rtept lat="33.95948600" lon="134.47369200">
   </rtept>
   <rtept lat="33.95997900" lon="134.47391400">
   </rtept>
   <rtept lat="33.96082600" lon="134.47422300">
   </rtept>
   <rtept lat="33.96156600" lon="134.47440100">
   </rtept>
   <rtept lat="33.96193000" lon="134.47448400">
   </rtept>
   <rtept lat="33.96214700" lon="134.47449600">
   </rtept>
   <rtept lat="33.96226500" lon="134.47456700">
   </rtept>
   <rtept lat="33.96254100" lon="134.47490000">
   </rtept>
   <rtept lat="33.96299500" lon="134.47550600">
   </rtept>
   <rtept lat="33.96319200" lon="134.47574400">
   </rtept>
   <rtept lat="33.96337900" lon="134.47579100">
   </rtept>
   <rtept lat="33.96354700" lon="134.47579100">
   </rtept>
   <rtept lat="33.96370400" lon="134.47583900">
   </rtept>
   <rtept lat="33.96384200" lon="134.47594600">
   </rtept>
   <rtept lat="33.96397800" lon="134.47617200">
   </rtept>
   <rtept lat="33.96426400" lon="134.47632600">
   </rtept>
   <rtept lat="33.96463900" lon="134.47632600">
   </rtept>
   <rtept lat="33.96490500" lon="134.47624300">
   </rtept>
   <rtept lat="33.96511200" lon="134.47606500">
   </rtept>
   <rtept lat="33.96527900" lon="134.47589800">
   </rtept>
   <rtept lat="33.96540800" lon="134.47578000">
   </rtept>
   <rtept lat="33.96559500" lon="134.47570800">
   </rtept>
   <rtept lat="33.96579200" lon="134.47579100">
   </rtept>
   <rtept lat="33.96604800" lon="134.47607700">
   </rtept>
   <rtept lat="33.96604800" lon="134.47617200">
   </rtept>
   <rtept lat="33.96589100" lon="134.47643300">
   </rtept>
   <rtept lat="33.96573300" lon="134.47662300">
   </rtept>
   <rtept lat="33.96552600" lon="134.47721800">
   </rtept>
   <rtept lat="33.96557500" lon="134.47740800">
   </rtept>
   <rtept lat="33.96560500" lon="134.47747900">
   </rtept>
   <rtept lat="33.96544700" lon="134.47788300">
   </rtept>
   <rtept lat="33.96526000" lon="134.47809700">
   </rtept>
   <rtept lat="33.96503300" lon="134.47865500">
   </rtept>
   <rtept lat="33.96484600" lon="134.47910700">
   </rtept>
   <rtept lat="33.96474700" lon="134.47922600">
   </rtept>
   <rtept lat="33.96424500" lon="134.47948700">
   </rtept>
   <rtept lat="33.96446100" lon="134.48011700">
   </rtept>
   <rtept lat="33.96459000" lon="134.48072300">
   </rtept>
   <rtept lat="33.96460900" lon="134.48125800">
   </rtept>
   <rtept lat="33.96460900" lon="134.48194700">
   </rtept>
   <rtept lat="33.96470800" lon="134.48226800">
   </rtept>
   <rtept lat="33.96484600" lon="134.48242300">
   </rtept>
   <rtept lat="33.96505300" lon="134.48254200">
   </rtept>
   <rtept lat="33.96549600" lon="134.48260100">
   </rtept>
   <rtept lat="33.96582200" lon="134.48261300">
   </rtept>
   <rtept lat="33.96613700" lon="134.48268400">
   </rtept>
   <rtept lat="33.96646200" lon="134.48286200">
   </rtept>
   <rtept lat="33.96685600" lon="134.48314800">
   </rtept>
   <rtept lat="33.96718200" lon="134.48333800">
   </rtept>
   <rtept lat="33.96716200" lon="134.48352800">
   </rtept>
   <rtept lat="33.96702400" lon="134.48393200">
   </rtept>
   <rtept lat="33.96701400" lon="134.48422900">
   </rtept>
   <rtept lat="33.96711300" lon="134.48463300">
   </rtept>
   <rtept lat="33.96725100" lon="134.48506100">
   </rtept>
   <rtept lat="33.96755600" lon="134.48573800">
   </rtept>
   <rtept lat="33.96782200" lon="134.48646300">
   </rtept>
   <rtept lat="33.96775300" lon="134.48661800">
   </rtept>
   <rtept lat="33.96751700" lon="134.48696200">
   </rtept>
   <rtept lat="33.96733900" lon="134.48717300">
   </rtept>
   <rtept lat="33.96736900" lon="134.48763600">
   </rtept>
   <rtept lat="33.96751700" lon="134.48825400">
   </rtept>
   <rtept lat="33.96789100" lon="134.48894300">
   </rtept>
   <rtept lat="33.96830500" lon="134.48946600">
   </rtept>
   <rtept lat="33.96841400" lon="134.49001300">
   </rtept>
   <rtept lat="33.96855200" lon="134.49044100">
   </rtept>
   <rtept lat="33.96869000" lon="134.49070200">
   </rtept>
   <rtept lat="33.96871900" lon="134.49097600">
   </rtept>
   <rtept lat="33.96855200" lon="134.49114200">
   </rtept>
   <rtept lat="33.96841400" lon="134.49149800">
   </rtept>
   <rtept lat="33.96813800" lon="134.49190300">
   </rtept>
   <rtept lat="33.96793100" lon="134.49210500">
   </rtept>
   <rtept lat="33.96775300" lon="134.49230700">
   </rtept>
   <rtept lat="33.96777300" lon="134.49258000">
   </rtept>
   <rtept lat="33.96791100" lon="134.49283000">
   </rtept>
   <rtept lat="33.96805900" lon="134.49336400">
   </rtept>
   <rtept lat="33.96812800" lon="134.49382800">
   </rtept>
   <rtept lat="33.96814800" lon="134.49429100">
   </rtept>
   <rtept lat="33.96809800" lon="134.49476700">
   </rtept>
   <rtept lat="33.96806900" lon="134.49514700">
   </rtept>
   <rtept lat="33.96804900" lon="134.49553900">
   </rtept>
   <rtept lat="33.96808800" lon="134.49594300">
   </rtept>
   <rtept lat="33.96816700" lon="134.49614500">
   </rtept>
   <rtept lat="33.96829500" lon="134.49590700">
   </rtept>
   <rtept lat="33.96837400" lon="134.49586000">
   </rtept>
   <rtept lat="33.96849300" lon="134.49590700">
   </rtept>
   <rtept lat="33.96870900" lon="134.49612100">
   </rtept>
   <rtept lat="33.96888700" lon="134.49647800">
   </rtept>
   <rtept lat="33.96904400" lon="134.49698900">
   </rtept>
   <rtept lat="33.96910400" lon="134.49727400">
   </rtept>
   <rtept lat="33.96879800" lon="134.49740500">
   </rtept>
   <rtept lat="33.96821700" lon="134.49767800">
   </rtept>
   <rtept lat="33.96781200" lon="134.49797500">
   </rtept>
   <rtept lat="33.96759600" lon="134.49820100">
   </rtept>
   <rtept lat="33.96782400" lon="134.49830800">
   </rtept>
   <rtept lat="33.96806100" lon="134.49853600">
   </rtept>
   <rtept lat="33.96816700" lon="134.49870700">
   </rtept>
   <rtept lat="33.96849800" lon="134.49896400">
   </rtept>
   <rtept lat="33.96888900" lon="134.49946300">
   </rtept>
   <rtept lat="33.96909000" lon="134.49966300">
   </rtept>
   <rtept lat="33.96950400" lon="134.49996200">
   </rtept>
   <rtept lat="33.96964600" lon="134.50004000">
   </rtept>
   <rtept lat="33.96966500" lon="134.50014100">
   </rtept>
   <rtept lat="33.96964100" lon="134.50029500">
   </rtept>
   <rtept lat="33.96960600" lon="134.50046100">
   </rtept>
   <rtept lat="33.96953200" lon="134.50057400">
   </rtept>
   <rtept lat="33.96941400" lon="134.50068100">
   </rtept>
   <rtept lat="33.96928600" lon="134.50087700">
   </rtept>
   <rtept lat="33.96916800" lon="134.50101400">
   </rtept>
   <rtept lat="33.96908900" lon="134.50107300">
   </rtept>
   <rtept lat="33.96888700" lon="134.50115700">
   </rtept>
   <rtept lat="33.96877300" lon="134.50124600">
   </rtept>
   <rtept lat="33.96872900" lon="134.50134700">
   </rtept>
   <rtept lat="33.96876900" lon="134.50153100">
   </rtept>
   <rtept lat="33.96883300" lon="134.50169700">
   </rtept>
   <rtept lat="33.96881300" lon="134.50187600">
   </rtept>
   <rtept lat="33.96878800" lon="134.50202400">
   </rtept>
   <rtept lat="33.96886200" lon="134.50210700">
   </rtept>
   <rtept lat="33.96898500" lon="134.50210100">
   </rtept>
   <rtept lat="33.96922700" lon="134.50210700">
   </rtept>
   <rtept lat="33.96935500" lon="134.50200000">
   </rtept>
   <rtept lat="33.96950300" lon="134.50207200">
   </rtept>
   <rtept lat="33.96962100" lon="134.50222000">
   </rtept>
   <rtept lat="33.96963100" lon="134.50239800">
   </rtept>
   <rtept lat="33.96959100" lon="134.50263000">
   </rtept>
   <rtept lat="33.96959100" lon="134.50289200">
   </rtept>
   <rtept lat="33.96955700" lon="134.50310600">
   </rtept>
   <rtept lat="33.96944900" lon="134.50332000">
   </rtept>
   <rtept lat="33.96927600" lon="134.50349200">
   </rtept>
   <rtept lat="33.96919200" lon="134.50362300">
   </rtept>
   <rtept lat="33.96915800" lon="134.50374700">
   </rtept>
   <rtept lat="33.96918200" lon="134.50396700">
   </rtept>
   <rtept lat="33.96915800" lon="134.50409200">
   </rtept>
   <rtept lat="33.96909400" lon="134.50424600">
   </rtept>
   <rtept lat="33.96904000" lon="134.50431200">
   </rtept>
   <rtept lat="33.96899000" lon="134.50437100">
   </rtept>
   <rtept lat="33.96900000" lon="134.50450800">
   </rtept>
   <rtept lat="33.96915800" lon="134.50487000">
   </rtept>
   <rtept lat="33.96915300" lon="134.50503100">
   </rtept>
   <rtept lat="33.96917300" lon="134.50523900">
   </rtept>
   <rtept lat="33.96928100" lon="134.50536900">
   </rtept>
   <rtept lat="33.96940400" lon="134.50541100">
   </rtept>
   <rtept lat="33.96951300" lon="134.50542900">
   </rtept>
   <rtept lat="33.96960100" lon="134.50538700">
   </rtept>
   <rtept lat="33.96965600" lon="134.50533400">
   </rtept>
   <rtept lat="33.96973900" lon="134.50523900">
   </rtept>
   <rtept lat="33.96984300" lon="134.50519100">
   </rtept>
   <rtept lat="33.96995100" lon="134.50519100">
   </rtept>
   <rtept lat="33.97005500" lon="134.50529800">
   </rtept>
   <rtept lat="33.97014800" lon="134.50542900">
   </rtept>
   <rtept lat="33.97023200" lon="134.50544100">
   </rtept>
   <rtept lat="33.97037000" lon="134.50537500">
   </rtept>
   <rtept lat="33.97046400" lon="134.50532800">
   </rtept>
   <rtept lat="33.97060200" lon="134.50538700">
   </rtept>
   <rtept lat="33.97066600" lon="134.50543500">
   </rtept>
   <rtept lat="33.97094700" lon="134.50542300">
   </rtept>
   <rtept lat="33.97107000" lon="134.50550000">
   </rtept>
   <rtept lat="33.97121200" lon="134.50564500">
   </rtept>
   <rtept lat="33.97132000" lon="134.50577600">
   </rtept>
   <rtept lat="33.97136500" lon="134.50589500">
   </rtept>
   <rtept lat="33.97139400" lon="134.50603100">
   </rtept>
   <rtept lat="33.97142900" lon="134.50610300">
   </rtept>
   <rtept lat="33.97145800" lon="134.50594800">
   </rtept>
   <rtept lat="33.97165000" lon="134.50553200">
   </rtept>
   <rtept lat="33.97180300" lon="134.50540200">
   </rtept>
   <rtept lat="33.97204900" lon="134.50530100">
   </rtept>
   <rtept lat="33.97234500" lon="134.50516400">
   </rtept>
   <rtept lat="33.97270000" lon="134.50493200">
   </rtept>
   <rtept lat="33.97297600" lon="134.50469400">
   </rtept>
   <rtept lat="33.97315300" lon="134.50461100">
   </rtept>
   <rtept lat="33.97341900" lon="134.50450400">
   </rtept>
   <rtept lat="33.97358200" lon="134.50443900">
   </rtept>
   <rtept lat="33.97372000" lon="134.50430800">
   </rtept>
   <rtept lat="33.97379400" lon="134.50414200">
   </rtept>
   <rtept lat="33.97380400" lon="134.50404100">
   </rtept>
   <rtept lat="33.97379900" lon="134.50390400">
   </rtept>
   <rtept lat="33.97372000" lon="134.50373200">
   </rtept>
   <rtept lat="33.97362100" lon="134.50362500">
   </rtept>
   <rtept lat="33.97345900" lon="134.50355400">
   </rtept>
   <rtept lat="33.97315800" lon="134.50348200">
   </rtept>
   <rtept lat="33.97298100" lon="134.50335200">
   </rtept>
   <rtept lat="33.97274400" lon="134.50327400">
   </rtept>
   <rtept lat="33.97243400" lon="134.50320300">
   </rtept>
   <rtept lat="33.97219200" lon="134.50317900">
   </rtept>
   <rtept lat="33.97203500" lon="134.50310800">
   </rtept>
   <rtept lat="33.97215800" lon="134.50293600">
   </rtept>
   <rtept lat="33.97225600" lon="134.50275100">
   </rtept>
   <rtept lat="33.97232100" lon="134.50256100">
   </rtept>
   <rtept lat="33.97237500" lon="134.50241900">
   </rtept>
   <rtept lat="33.97247800" lon="134.50234700">
   </rtept>
   <rtept lat="33.97247800" lon="134.50228200">
   </rtept>
   <rtept lat="33.97248800" lon="134.50219900">
   </rtept>
   <rtept lat="33.97266500" lon="134.50200300">
   </rtept>
   <rtept lat="33.97278400" lon="134.50195500">
   </rtept>
   <rtept lat="33.97297600" lon="134.50190800">
   </rtept>
   <rtept lat="33.97315800" lon="134.50174100">
   </rtept>
   <rtept lat="33.97325200" lon="134.50149200">
   </rtept>
   <rtept lat="33.97341000" lon="134.50130200">
   </rtept>
   <rtept lat="33.97354800" lon="134.50115900">
   </rtept>
   <rtept lat="33.97368500" lon="134.50108800">
   </rtept>
   <rtept lat="33.97388900" lon="134.50093000">
   </rtept>
   <rtept lat="33.97409600" lon="134.50073400">
   </rtept>
   <rtept lat="33.97433800" lon="134.50053800">
   </rtept>
   <rtept lat="33.97455500" lon="134.50036000">
   </rtept>
   <rtept lat="33.97472700" lon="134.50039500">
   </rtept>
   <rtept lat="33.97493400" lon="134.50049600">
   </rtept>
   <rtept lat="33.97511200" lon="134.50046100">
   </rtept>
   <rtept lat="33.97538700" lon="134.50055000">
   </rtept>
   <rtept lat="33.97565800" lon="134.50052000">
   </rtept>
   <rtept lat="33.97614600" lon="134.50059700">
   </rtept>
   <rtept lat="33.97662400" lon="134.50060900">
   </rtept>
   <rtept lat="33.97703800" lon="134.50068100">
   </rtept>
   <rtept lat="33.97747600" lon="134.50098400">
   </rtept>
   <rtept lat="33.97774200" lon="134.50113800">
   </rtept>
   <rtept lat="33.97817100" lon="134.50119200">
   </rtept>
   <rtept lat="33.97851100" lon="134.50108500">
   </rtept>
   <rtept lat="33.97877200" lon="134.50105500">
   </rtept>
   <rtept lat="33.97907700" lon="134.50114400">
   </rtept>
   <rtept lat="33.97932400" lon="134.50131100">
   </rtept>
   <rtept lat="33.97952600" lon="134.50164300">
   </rtept>
   <rtept lat="33.97972800" lon="134.50206500">
   </rtept>
   <rtept lat="33.97992500" lon="134.50232700">
   </rtept>
   <rtept lat="33.98002200" lon="134.50236800">
   </rtept>
   <rtept lat="33.98025900" lon="134.50236800">
   </rtept>
   <rtept lat="33.98042100" lon="134.50224300">
   </rtept>
   <rtept lat="33.98060400" lon="134.50222000">
   </rtept>
   <rtept lat="33.98079600" lon="134.50216000">
   </rtept>
   <rtept lat="33.98093900" lon="134.50205300">
   </rtept>
   <rtept lat="33.98111100" lon="134.50170900">
   </rtept>
   <rtept lat="33.98122900" lon="134.50153600">
   </rtept>
   <rtept lat="33.98136700" lon="134.50142300">
   </rtept>
   <rtept lat="33.98157400" lon="134.50141200">
   </rtept>
   <rtept lat="33.98174700" lon="134.50146500">
   </rtept>
   <rtept lat="33.98192400" lon="134.50153000">
   </rtept>
   <rtept lat="33.98214100" lon="134.50164900">
   </rtept>
   <rtept lat="33.98223000" lon="134.50168500">
   </rtept>
   <rtept lat="33.98230800" lon="134.50160800">
   </rtept>
   <rtept lat="33.98229900" lon="134.50145300">
   </rtept>
   <rtept lat="33.98226900" lon="134.50126300">
   </rtept>
   <rtept lat="33.98228900" lon="134.50106700">
   </rtept>
   <rtept lat="33.98237300" lon="134.50096600">
   </rtept>
   <rtept lat="33.98257000" lon="134.50088300">
   </rtept>
   <rtept lat="33.98282000" lon="134.50080000">
   </rtept>
   <rtept lat="33.98296800" lon="134.50074000">
   </rtept>
   <rtept lat="33.98317500" lon="134.50051400">
   </rtept>
   <rtept lat="33.98332700" lon="134.50042500">
   </rtept>
   <rtept lat="33.98362300" lon="134.50016400">
   </rtept>
   <rtept lat="33.98388900" lon="134.50001500">
   </rtept>
   <rtept lat="33.98423900" lon="134.49993200">
   </rtept>
   <rtept lat="33.98454400" lon="134.49991400">
   </rtept>
   <rtept lat="33.98474600" lon="134.49994400">
   </rtept>
   <rtept lat="33.98487400" lon="134.50005100">
   </rtept>
   <rtept lat="33.98501700" lon="134.50024700">
   </rtept>
   <rtept lat="33.98506200" lon="134.50047900">
   </rtept>
   <rtept lat="33.98521000" lon="134.50061500">
   </rtept>
   <rtept lat="33.98536700" lon="134.50065100">
   </rtept>
   <rtept lat="33.98567000" lon="134.50063900">
   </rtept>
   <rtept lat="33.98580300" lon="134.50065100">
   </rtept>
   <rtept lat="33.98599000" lon="134.50075800">
   </rtept>
   <rtept lat="33.98622200" lon="134.50085900">
   </rtept>
   <rtept lat="33.98635000" lon="134.50080500">
   </rtept>
   <rtept lat="33.98652200" lon="134.50068100">
   </rtept>
   <rtept lat="33.98673900" lon="134.50074600">
   </rtept>
   <rtept lat="33.98695100" lon="134.50075200">
   </rtept>
   <rtept lat="33.98709800" lon="134.50074600">
   </rtept>
   <rtept lat="33.98726100" lon="134.50062700">
   </rtept>
   <rtept lat="33.98742400" lon="134.50046700">
   </rtept>
   <rtept lat="33.98755700" lon="134.50039000">
   </rtept>
   <rtept lat="33.98768500" lon="134.50028800">
   </rtept>
   <rtept lat="33.98783800" lon="134.50025900">
   </rtept>
   <rtept lat="33.98799900" lon="134.50025300">
   </rtept>
   <rtept lat="33.98815700" lon="134.50031200">
   </rtept>
   <rtept lat="33.98827000" lon="134.50046700">
   </rtept>
   <rtept lat="33.98840800" lon="134.50069800">
   </rtept>
   <rtept lat="33.98864900" lon="134.50089500">
   </rtept>
   <rtept lat="33.98889100" lon="134.50112600">
   </rtept>
   <rtept lat="33.98919100" lon="134.50139400">
   </rtept>
   <rtept lat="33.98932000" lon="134.50153600">
   </rtept>
   <rtept lat="33.98936900" lon="134.50175000">
   </rtept>
   <rtept lat="33.98939800" lon="134.50202400">
   </rtept>
   <rtept lat="33.98947200" lon="134.50224900">
   </rtept>
   <rtept lat="33.98961500" lon="134.50243400">
   </rtept>
   <rtept lat="33.98985200" lon="134.50255200">
   </rtept>
   <rtept lat="33.99011800" lon="134.50274300">
   </rtept>
 </rte>
 <rte>
  <name>SHIKOKU_TKS_13(中津峰山越のみち)</name>
   <rtept lat="33.96259584" lon="134.50987267">
   </rtept>
   <rtept lat="33.96238507" lon="134.50965385">
   </rtept>
   <rtept lat="33.96196939" lon="134.50944914">
   </rtept>
   <rtept lat="33.96158400" lon="134.50943400">
   </rtept>
   <rtept lat="33.96155200" lon="134.50934900">
   </rtept>
   <rtept lat="33.96152100" lon="134.50910100">
   </rtept>
   <rtept lat="33.96116600" lon="134.50864500">
   </rtept>
   <rtept lat="33.96078800" lon="134.50829300">
   </rtept>
   <rtept lat="33.96062200" lon="134.50806500">
   </rtept>
   <rtept lat="33.96050400" lon="134.50781800">
   </rtept>
   <rtept lat="33.96036200" lon="134.50753300">
   </rtept>
   <rtept lat="33.96016500" lon="134.50727600">
   </rtept>
   <rtept lat="33.95994400" lon="134.50718100">
   </rtept>
   <rtept lat="33.95958900" lon="134.50715200">
   </rtept>
   <rtept lat="33.95942300" lon="134.50723800">
   </rtept>
   <rtept lat="33.95886400" lon="134.50732400">
   </rtept>
   <rtept lat="33.95846900" lon="134.50731400">
   </rtept>
   <rtept lat="33.95835900" lon="134.50734300">
   </rtept>
   <rtept lat="33.95809100" lon="134.50745700">
   </rtept>
   <rtept lat="33.95782300" lon="134.50763700">
   </rtept>
   <rtept lat="33.95761000" lon="134.50768500">
   </rtept>
   <rtept lat="33.95742000" lon="134.50765600">
   </rtept>
   <rtept lat="33.95727100" lon="134.50758000">
   </rtept>
   <rtept lat="33.95706300" lon="134.50747700">
   </rtept>
   <rtept lat="33.95689500" lon="134.50739400">
   </rtept>
   <rtept lat="33.95679600" lon="134.50738200">
   </rtept>
   <rtept lat="33.95666300" lon="134.50739400">
   </rtept>
   <rtept lat="33.95647100" lon="134.50751800">
   </rtept>
   <rtept lat="33.95631800" lon="134.50759600">
   </rtept>
   <rtept lat="33.95610200" lon="134.50761900">
   </rtept>
   <rtept lat="33.95585000" lon="134.50763100">
   </rtept>
   <rtept lat="33.95572200" lon="134.50766700">
   </rtept>
   <rtept lat="33.95563300" lon="134.50775600">
   </rtept>
   <rtept lat="33.95555900" lon="134.50791700">
   </rtept>
   <rtept lat="33.95483500" lon="134.50830300">
   </rtept>
   <rtept lat="33.95439000" lon="134.50856400">
   </rtept>
   <rtept lat="33.95387300" lon="134.50883200">
   </rtept>
   <rtept lat="33.95368500" lon="134.50886100">
   </rtept>
   <rtept lat="33.95281800" lon="134.50883800">
   </rtept>
   <rtept lat="33.95240900" lon="134.50885500">
   </rtept>
   <rtept lat="33.95221500" lon="134.50892700">
   </rtept>
   <rtept lat="33.95200300" lon="134.50908100">
   </rtept>
   <rtept lat="33.95182000" lon="134.50916400">
   </rtept>
   <rtept lat="33.95182000" lon="134.50932500">
   </rtept>
   <rtept lat="33.95162300" lon="134.50952700">
   </rtept>
   <rtept lat="33.95145600" lon="134.50969900">
   </rtept>
   <rtept lat="33.95117500" lon="134.51009100">
   </rtept>
   <rtept lat="33.95094800" lon="134.51031100">
   </rtept>
   <rtept lat="33.95063700" lon="134.51048300">
   </rtept>
   <rtept lat="33.95043500" lon="134.51050100">
   </rtept>
   <rtept lat="33.95017400" lon="134.51050700">
   </rtept>
   <rtept lat="33.94974500" lon="134.51039400">
   </rtept>
   <rtept lat="33.94963200" lon="134.51038200">
   </rtept>
   <rtept lat="33.94954800" lon="134.51038200">
   </rtept>
   <rtept lat="33.94944000" lon="134.51043600">
   </rtept>
   <rtept lat="33.94926700" lon="134.51054900">
   </rtept>
   <rtept lat="33.94894600" lon="134.51055500">
   </rtept>
   <rtept lat="33.94875968" lon="134.51053331">
   </rtept>
   <rtept lat="33.94827730" lon="134.51051177">
   </rtept>
   <rtept lat="33.94832000" lon="134.51078000">
   </rtept>
   <rtept lat="33.94823300" lon="134.51133100">
   </rtept>
   <rtept lat="33.94814600" lon="134.51196800">
   </rtept>
   <rtept lat="33.94812300" lon="134.51256700">
   </rtept>
   <rtept lat="33.94809900" lon="134.51298500">
   </rtept>
   <rtept lat="33.94820200" lon="134.51342300">
   </rtept>
   <rtept lat="33.94826500" lon="134.51364100">
   </rtept>
   <rtept lat="33.94807500" lon="134.51363200">
   </rtept>
   <rtept lat="33.94794900" lon="134.51357500">
   </rtept>
   <rtept lat="33.94785500" lon="134.51374600">
   </rtept>
   <rtept lat="33.94787000" lon="134.51393600">
   </rtept>
   <rtept lat="33.94821000" lon="134.51431600">
   </rtept>
   <rtept lat="33.94841500" lon="134.51457300">
   </rtept>
   <rtept lat="33.94832000" lon="134.51477300">
   </rtept>
   <rtept lat="33.94788600" lon="134.51515300">
   </rtept>
   <rtept lat="33.94752300" lon="134.51544800">
   </rtept>
   <rtept lat="33.94713700" lon="134.51589500">
   </rtept>
   <rtept lat="33.94672700" lon="134.51663600">
   </rtept>
   <rtept lat="33.94641100" lon="134.51702600">
   </rtept>
   <rtept lat="33.94614300" lon="134.51711200">
   </rtept>
   <rtept lat="33.94593000" lon="134.51706400">
   </rtept>
   <rtept lat="33.94573300" lon="134.51695000">
   </rtept>
   <rtept lat="33.94463700" lon="134.51679800">
   </rtept>
   <rtept lat="33.94302900" lon="134.51656000">
   </rtept>
   <rtept lat="33.94241400" lon="134.51642700">
   </rtept>
   <rtept lat="33.94190900" lon="134.51630300">
   </rtept>
   <rtept lat="33.94128600" lon="134.51633200">
   </rtept>
   <rtept lat="33.94079700" lon="134.51655100">
   </rtept>
   <rtept lat="33.94019000" lon="134.51689300">
   </rtept>
   <rtept lat="33.93949600" lon="134.51712100">
   </rtept>
   <rtept lat="33.93895200" lon="134.51717800">
   </rtept>
   <rtept lat="33.93884100" lon="134.51726700">
   </rtept>
   <rtept lat="33.93863600" lon="134.51806600">
   </rtept>
   <rtept lat="33.93838400" lon="134.51907400">
   </rtept>
   <rtept lat="33.93813900" lon="134.51958700">
   </rtept>
   <rtept lat="33.93789500" lon="134.51993900">
   </rtept>
   <rtept lat="33.93769000" lon="134.52015800">
   </rtept>
   <rtept lat="33.93702700" lon="134.52051900">
   </rtept>
   <rtept lat="33.93642800" lon="134.52079500">
   </rtept>
   <rtept lat="33.93628600" lon="134.52101300">
   </rtept>
   <rtept lat="33.93625700" lon="134.52132900">
   </rtept>
   <rtept lat="33.93619800" lon="134.52150200">
   </rtept>
   <rtept lat="33.93607000" lon="134.52157300">
   </rtept>
   <rtept lat="33.93587300" lon="134.52159100">
   </rtept>
   <rtept lat="33.93460000" lon="134.52165300">
   </rtept>
   <rtept lat="33.93461600" lon="134.52031200">
   </rtept>
   <rtept lat="33.93456100" lon="134.51914300">
   </rtept>
   <rtept lat="33.93298000" lon="134.52027400">
   </rtept>
   <rtept lat="33.93215200" lon="134.52084500">
   </rtept>
   <rtept lat="33.93129200" lon="134.52130100">
   </rtept>
   <rtept lat="33.93086600" lon="134.52143400">
   </rtept>
 </rte>
 <rte>
  <name>SHIKOKU_TKS_13(中津峰山越のみち)</name>
   <rtept lat="33.96245533" lon="134.50942797">
   </rtept>
   <rtept lat="33.96254900" lon="134.50940679">
   </rtept>
   <rtept lat="33.96297200" lon="134.50892300">
   </rtept>
   <rtept lat="33.96370200" lon="134.50821000">
   </rtept>
   <rtept lat="33.96437200" lon="134.50786500">
   </rtept>
   <rtept lat="33.96488500" lon="134.50769900">
   </rtept>
   <rtept lat="33.96526900" lon="134.50724700">
   </rtept>
   <rtept lat="33.96552500" lon="134.50672400">
   </rtept>
   <rtept lat="33.96567300" lon="134.50591600">
   </rtept>
   <rtept lat="33.96582100" lon="134.50534600">
   </rtept>
   <rtept lat="33.96598900" lon="134.50491800">
   </rtept>
   <rtept lat="33.96660000" lon="134.50487000">
   </rtept>
   <rtept lat="33.96681600" lon="134.50466800">
   </rtept>
   <rtept lat="33.96673800" lon="134.50447800">
   </rtept>
   <rtept lat="33.96636300" lon="134.50434700">
   </rtept>
   <rtept lat="33.96631400" lon="134.50403800">
   </rtept>
   <rtept lat="33.96637300" lon="134.50353900">
   </rtept>
   <rtept lat="33.96656000" lon="134.50307600">
   </rtept>
   <rtept lat="33.96685600" lon="134.50274300">
   </rtept>
   <rtept lat="33.96729900" lon="134.50249400">
   </rtept>
   <rtept lat="33.96763500" lon="134.50233900">
   </rtept>
   <rtept lat="33.96798900" lon="134.50216100">
   </rtept>
   <rtept lat="33.96806800" lon="134.50199400">
   </rtept>
   <rtept lat="33.96806800" lon="134.50157800">
   </rtept>
   <rtept lat="33.96821600" lon="134.50136500">
   </rtept>
   <rtept lat="33.96851200" lon="134.50126900">
   </rtept>
   <rtept lat="33.96872900" lon="134.50134700">
   </rtept>
   <rtept lat="33.96876900" lon="134.50153100">
   </rtept>
   <rtept lat="33.96883300" lon="134.50169700">
   </rtept>
   <rtept lat="33.96881300" lon="134.50187600">
   </rtept>
   <rtept lat="33.96878800" lon="134.50202400">
   </rtept>
   <rtept lat="33.96886200" lon="134.50210700">
   </rtept>
   <rtept lat="33.96898500" lon="134.50210100">
   </rtept>
   <rtept lat="33.96922700" lon="134.50210700">
   </rtept>
   <rtept lat="33.96935500" lon="134.50200000">
   </rtept>
   <rtept lat="33.96950300" lon="134.50207200">
   </rtept>
   <rtept lat="33.96962100" lon="134.50222000">
   </rtept>
   <rtept lat="33.96963100" lon="134.50239800">
   </rtept>
   <rtept lat="33.96959100" lon="134.50263000">
   </rtept>
   <rtept lat="33.96959100" lon="134.50289200">
   </rtept>
   <rtept lat="33.96955700" lon="134.50310600">
   </rtept>
   <rtept lat="33.96944900" lon="134.50332000">
   </rtept>
   <rtept lat="33.96927600" lon="134.50349200">
   </rtept>
   <rtept lat="33.96919200" lon="134.50362300">
   </rtept>
   <rtept lat="33.96915800" lon="134.50374700">
   </rtept>
   <rtept lat="33.96918200" lon="134.50396700">
   </rtept>
   <rtept lat="33.96915800" lon="134.50409200">
   </rtept>
   <rtept lat="33.96909400" lon="134.50424600">
   </rtept>
   <rtept lat="33.96904000" lon="134.50431200">
   </rtept>
   <rtept lat="33.96899000" lon="134.50437100">
   </rtept>
   <rtept lat="33.96900000" lon="134.50450800">
   </rtept>
   <rtept lat="33.96915800" lon="134.50487000">
   </rtept>
   <rtept lat="33.96915300" lon="134.50503100">
   </rtept>
   <rtept lat="33.96917300" lon="134.50523900">
   </rtept>
   <rtept lat="33.96928100" lon="134.50536900">
   </rtept>
   <rtept lat="33.96940400" lon="134.50541100">
   </rtept>
   <rtept lat="33.96951300" lon="134.50542900">
   </rtept>
   <rtept lat="33.96960100" lon="134.50538700">
   </rtept>
   <rtept lat="33.96965600" lon="134.50533400">
   </rtept>
   <rtept lat="33.96973900" lon="134.50523900">
   </rtept>
   <rtept lat="33.96984300" lon="134.50519100">
   </rtept>
   <rtept lat="33.96995100" lon="134.50519100">
   </rtept>
   <rtept lat="33.97005500" lon="134.50529800">
   </rtept>
   <rtept lat="33.97014800" lon="134.50542900">
   </rtept>
   <rtept lat="33.97023200" lon="134.50544100">
   </rtept>
   <rtept lat="33.97037000" lon="134.50537500">
   </rtept>
   <rtept lat="33.97046400" lon="134.50532800">
   </rtept>
   <rtept lat="33.97060200" lon="134.50538700">
   </rtept>
   <rtept lat="33.97066600" lon="134.50543500">
   </rtept>
   <rtept lat="33.97094700" lon="134.50542300">
   </rtept>
   <rtept lat="33.97107000" lon="134.50550000">
   </rtept>
   <rtept lat="33.97121200" lon="134.50564500">
   </rtept>
   <rtept lat="33.97132000" lon="134.50577600">
   </rtept>
   <rtept lat="33.97136500" lon="134.50589500">
   </rtept>
   <rtept lat="33.97139400" lon="134.50603100">
   </rtept>
 </rte>
 <rte>
  <name>SHIKOKU_TKS_13(中津峰山越のみち)</name>
   <rtept lat="33.96269100" lon="134.50989600">
   </rtept>
   <rtept lat="33.96286900" lon="134.51006300">
   </rtept>
   <rtept lat="33.96309500" lon="134.51013400">
   </rtept>
   <rtept lat="33.96327300" lon="134.51038400">
   </rtept>
   <rtept lat="33.96341100" lon="134.51044300">
   </rtept>
   <rtept lat="33.96374600" lon="134.51021700">
   </rtept>
   <rtept lat="33.96397300" lon="134.51036000">
   </rtept>
   <rtept lat="33.96408100" lon="134.51033600">
   </rtept>
   <rtept lat="33.96429800" lon="134.51027700">
   </rtept>
   <rtept lat="33.96452500" lon="134.51022900">
   </rtept>
   <rtept lat="33.96473200" lon="134.51025300">
   </rtept>
   <rtept lat="33.96486000" lon="134.51038400">
   </rtept>
   <rtept lat="33.96498800" lon="134.51039600">
   </rtept>
   <rtept lat="33.96523400" lon="134.51039600">
   </rtept>
   <rtept lat="33.96534600" lon="134.51046500">
   </rtept>
   <rtept lat="33.96570700" lon="134.51046500">
   </rtept>
   <rtept lat="33.96588400" lon="134.51040000">
   </rtept>
   <rtept lat="33.96613200" lon="134.51030100">
   </rtept>
   <rtept lat="33.96631000" lon="134.51027900">
   </rtept>
   <rtept lat="33.96642200" lon="134.51029300">
   </rtept>
   <rtept lat="33.96660500" lon="134.51037900">
   </rtept>
   <rtept lat="33.96678300" lon="134.51040700">
   </rtept>
   <rtept lat="33.96684800" lon="134.51038600">
   </rtept>
   <rtept lat="33.96701300" lon="134.51033600">
   </rtept>
   <rtept lat="33.96708400" lon="134.51040700">
   </rtept>
   <rtept lat="33.96714400" lon="134.51039300">
   </rtept>
   <rtept lat="33.96714900" lon="134.51030800">
   </rtept>
   <rtept lat="33.96714900" lon="134.51027200">
   </rtept>
   <rtept lat="33.96720900" lon="134.51026500">
   </rtept>
   <rtept lat="33.96724100" lon="134.51030100">
   </rtept>
   <rtept lat="33.96721700" lon="134.51044300">
   </rtept>
   <rtept lat="33.96728800" lon="134.51051400">
   </rtept>
   <rtept lat="33.96727700" lon="134.51062900">
   </rtept>
   <rtept lat="33.96738300" lon="134.51074300">
   </rtept>
   <rtept lat="33.96744200" lon="134.51082800">
   </rtept>
   <rtept lat="33.96757200" lon="134.51082800">
   </rtept>
   <rtept lat="33.96745400" lon="134.51094200">
   </rtept>
   <rtept lat="33.96733600" lon="134.51107100">
   </rtept>
   <rtept lat="33.96728800" lon="134.51134200">
   </rtept>
   <rtept lat="33.96747800" lon="134.51142700">
   </rtept>
   <rtept lat="33.96765500" lon="134.51159800">
   </rtept>
   <rtept lat="33.96785600" lon="134.51175500">
   </rtept>
   <rtept lat="33.96809300" lon="134.51189800">
   </rtept>
   <rtept lat="33.96835300" lon="134.51205500">
   </rtept>
   <rtept lat="33.96850700" lon="134.51231100">
   </rtept>
   <rtept lat="33.96873100" lon="134.51244000">
   </rtept>
   <rtept lat="33.96895600" lon="134.51262500">
   </rtept>
   <rtept lat="33.96929900" lon="134.51286700">
   </rtept>
   <rtept lat="33.96921600" lon="134.51315300">
   </rtept>
   <rtept lat="33.96935800" lon="134.51355200">
   </rtept>
   <rtept lat="33.96933500" lon="134.51375200">
   </rtept>
   <rtept lat="33.96938800" lon="134.51392300">
   </rtept>
   <rtept lat="33.96958300" lon="134.51475700">
   </rtept>
   <rtept lat="33.96975400" lon="134.51521300">
   </rtept>
   <rtept lat="33.97009700" lon="134.51562700">
   </rtept>
   <rtept lat="33.97043400" lon="134.51598300">
   </rtept>
   <rtept lat="33.97042900" lon="134.51619000">
   </rtept>
   <rtept lat="33.97037400" lon="134.51677300">
   </rtept>
   <rtept lat="33.97043300" lon="134.51676600">
   </rtept>
   <rtept lat="33.97062200" lon="134.51685200">
   </rtept>
   <rtept lat="33.97075800" lon="134.51683700">
   </rtept>
   <rtept lat="33.97107200" lon="134.51669500">
   </rtept>
   <rtept lat="33.97127300" lon="134.51657300">
   </rtept>
   <rtept lat="33.97149200" lon="134.51648100">
   </rtept>
   <rtept lat="33.97171100" lon="134.51646600">
   </rtept>
   <rtept lat="33.97188800" lon="134.51652400">
   </rtept>
   <rtept lat="33.97209500" lon="134.51665900">
   </rtept>
   <rtept lat="33.97239100" lon="134.51684400">
   </rtept>
   <rtept lat="33.97281600" lon="134.51726500">
   </rtept>
   <rtept lat="33.97302300" lon="134.51740100">
   </rtept>
   <rtept lat="33.97317700" lon="134.51722900">
   </rtept>
   <rtept lat="33.97328900" lon="134.51706100">
   </rtept>
   <rtept lat="33.97335400" lon="134.51690400">
   </rtept>
   <rtept lat="33.97336000" lon="134.51672600">
   </rtept>
   <rtept lat="33.97326600" lon="134.51656900">
   </rtept>
   <rtept lat="33.97305300" lon="134.51636200">
   </rtept>
   <rtept lat="33.97295200" lon="134.51619100">
   </rtept>
   <rtept lat="33.97282800" lon="134.51608400">
   </rtept>
   <rtept lat="33.97253800" lon="134.51592700">
   </rtept>
   <rtept lat="33.97223100" lon="134.51559200">
   </rtept>
   <rtept lat="33.97206500" lon="134.51544300">
   </rtept>
   <rtept lat="33.97187600" lon="134.51508600">
   </rtept>
   <rtept lat="33.97176400" lon="134.51489400">
   </rtept>
   <rtept lat="33.97151500" lon="134.51475800">
   </rtept>
   <rtept lat="33.97127300" lon="134.51454400">
   </rtept>
   <rtept lat="33.97095400" lon="134.51394500">
   </rtept>
   <rtept lat="33.97085300" lon="134.51356700">
   </rtept>
   <rtept lat="33.97085900" lon="134.51323900">
   </rtept>
   <rtept lat="33.97075300" lon="134.51303200">
   </rtept>
   <rtept lat="33.97077600" lon="134.51280400">
   </rtept>
   <rtept lat="33.97087700" lon="134.51270400">
   </rtept>
   <rtept lat="33.97097100" lon="134.51271900">
   </rtept>
   <rtept lat="33.97113100" lon="134.51281900">
   </rtept>
   <rtept lat="33.97130300" lon="134.51289000">
   </rtept>
   <rtept lat="33.97152100" lon="134.51282600">
   </rtept>
   <rtept lat="33.97159800" lon="134.51264700">
   </rtept>
   <rtept lat="33.97162800" lon="134.51244800">
   </rtept>
   <rtept lat="33.97188200" lon="134.51220500">
   </rtept>
   <rtept lat="33.97200000" lon="134.51216300">
   </rtept>
   <rtept lat="33.97223700" lon="134.51221200">
   </rtept>
   <rtept lat="33.97236100" lon="134.51217700">
   </rtept>
   <rtept lat="33.97246700" lon="134.51203400">
   </rtept>
   <rtept lat="33.97257400" lon="134.51199900">
   </rtept>
   <rtept lat="33.97273400" lon="134.51202000">
   </rtept>
   <rtept lat="33.97291700" lon="134.51204800">
   </rtept>
   <rtept lat="33.97310000" lon="134.51197700">
   </rtept>
   <rtept lat="33.97325400" lon="134.51199100">
   </rtept>
   <rtept lat="33.97355200" lon="134.51205800">
   </rtept>
   <rtept lat="33.97423200" lon="134.51177300">
   </rtept>
   <rtept lat="33.97442900" lon="134.51136900">
   </rtept>
   <rtept lat="33.97439900" lon="134.51096500">
   </rtept>
   <rtept lat="33.97423200" lon="134.51050100">
   </rtept>
   <rtept lat="33.97428100" lon="134.51034700">
   </rtept>
   <rtept lat="33.97442900" lon="134.51027500">
   </rtept>
   <rtept lat="33.97464500" lon="134.51025200">
   </rtept>
   <rtept lat="33.97557200" lon="134.51054900">
   </rtept>
   <rtept lat="33.97614300" lon="134.50955000">
   </rtept>
   <rtept lat="33.97564100" lon="134.50953900">
   </rtept>
   <rtept lat="33.97542400" lon="134.50937200">
   </rtept>
   <rtept lat="33.97486200" lon="134.50900400">
   </rtept>
   <rtept lat="33.97465500" lon="134.50876600">
   </rtept>
   <rtept lat="33.97434000" lon="134.50888500">
   </rtept>
   <rtept lat="33.97402500" lon="134.50896800">
   </rtept>
   <rtept lat="33.97386700" lon="134.50902800">
   </rtept>
   <rtept lat="33.97369000" lon="134.50902800">
   </rtept>
   <rtept lat="33.97345300" lon="134.50887300">
   </rtept>
   <rtept lat="33.97319700" lon="134.50883700">
   </rtept>
   <rtept lat="33.97304900" lon="134.50858800">
   </rtept>
   <rtept lat="33.97279300" lon="134.50845700">
   </rtept>
   <rtept lat="33.97247700" lon="134.50849300">
   </rtept>
   <rtept lat="33.97232000" lon="134.50841000">
   </rtept>
   <rtept lat="33.97230000" lon="134.50807700">
   </rtept>
   <rtept lat="33.97234900" lon="134.50763700">
   </rtept>
   <rtept lat="33.97228000" lon="134.50749500">
   </rtept>
   <rtept lat="33.97179700" lon="134.50729300">
   </rtept>
   <rtept lat="33.97167900" lon="134.50715000">
   </rtept>
   <rtept lat="33.97170900" lon="134.50685300">
   </rtept>
   <rtept lat="33.97182700" lon="134.50672200">
   </rtept>
   <rtept lat="33.97188600" lon="134.50642500">
   </rtept>
   <rtept lat="33.97186600" lon="134.50614000">
   </rtept>
   <rtept lat="33.97165900" lon="134.50610400">
   </rtept>
   <rtept lat="33.97142900" lon="134.50610300">
   </rtept>
 </rte>
 <rte>
  <name>SHIKOKU_TKS_13(中津峰山越のみち)</name>
   <rtept lat="33.97142900" lon="134.50610300">
   </rtept>
   <rtept lat="33.97145800" lon="134.50594800">
   </rtept>
   <rtept lat="33.97165000" lon="134.50553200">
   </rtept>
   <rtept lat="33.97180300" lon="134.50540200">
   </rtept>
   <rtept lat="33.97204900" lon="134.50530100">
   </rtept>
   <rtept lat="33.97234500" lon="134.50516400">
   </rtept>
   <rtept lat="33.97270000" lon="134.50493200">
   </rtept>
   <rtept lat="33.97297600" lon="134.50469400">
   </rtept>
   <rtept lat="33.97315300" lon="134.50461100">
   </rtept>
   <rtept lat="33.97341900" lon="134.50450400">
   </rtept>
   <rtept lat="33.97358200" lon="134.50443900">
   </rtept>
   <rtept lat="33.97372000" lon="134.50430800">
   </rtept>
   <rtept lat="33.97379400" lon="134.50414200">
   </rtept>
   <rtept lat="33.97380400" lon="134.50404100">
   </rtept>
   <rtept lat="33.97379900" lon="134.50390400">
   </rtept>
   <rtept lat="33.97372000" lon="134.50373200">
   </rtept>
   <rtept lat="33.97362100" lon="134.50362500">
   </rtept>
   <rtept lat="33.97345900" lon="134.50355400">
   </rtept>
   <rtept lat="33.97315800" lon="134.50348200">
   </rtept>
   <rtept lat="33.97298100" lon="134.50335200">
   </rtept>
   <rtept lat="33.97274400" lon="134.50327400">
   </rtept>
   <rtept lat="33.97243400" lon="134.50320300">
   </rtept>
   <rtept lat="33.97219200" lon="134.50317900">
   </rtept>
   <rtept lat="33.97203500" lon="134.50310800">
   </rtept>
   <rtept lat="33.97215800" lon="134.50293600">
   </rtept>
   <rtept lat="33.97225600" lon="134.50275100">
   </rtept>
   <rtept lat="33.97232100" lon="134.50256100">
   </rtept>
   <rtept lat="33.97237500" lon="134.50241900">
   </rtept>
   <rtept lat="33.97247800" lon="134.50234700">
   </rtept>
   <rtept lat="33.97247800" lon="134.50228200">
   </rtept>
   <rtept lat="33.97248800" lon="134.50219900">
   </rtept>
   <rtept lat="33.97266500" lon="134.50200300">
   </rtept>
   <rtept lat="33.97278400" lon="134.50195500">
   </rtept>
   <rtept lat="33.97297600" lon="134.50190800">
   </rtept>
   <rtept lat="33.97315800" lon="134.50174100">
   </rtept>
   <rtept lat="33.97325200" lon="134.50149200">
   </rtept>
   <rtept lat="33.97341000" lon="134.50130200">
   </rtept>
   <rtept lat="33.97354800" lon="134.50115900">
   </rtept>
   <rtept lat="33.97368500" lon="134.50108800">
   </rtept>
   <rtept lat="33.97388900" lon="134.50093000">
   </rtept>
   <rtept lat="33.97409600" lon="134.50073400">
   </rtept>
   <rtept lat="33.97433800" lon="134.50053800">
   </rtept>
   <rtept lat="33.97455500" lon="134.50036000">
   </rtept>
   <rtept lat="33.97472700" lon="134.50039500">
   </rtept>
   <rtept lat="33.97493400" lon="134.50049600">
   </rtept>
   <rtept lat="33.97511200" lon="134.50046100">
   </rtept>
   <rtept lat="33.97538700" lon="134.50055000">
   </rtept>
   <rtept lat="33.97565800" lon="134.50052000">
   </rtept>
   <rtept lat="33.97614600" lon="134.50059700">
   </rtept>
   <rtept lat="33.97662400" lon="134.50060900">
   </rtept>
   <rtept lat="33.97703800" lon="134.50068100">
   </rtept>
   <rtept lat="33.97747600" lon="134.50098400">
   </rtept>
   <rtept lat="33.97774200" lon="134.50113800">
   </rtept>
   <rtept lat="33.97817100" lon="134.50119200">
   </rtept>
   <rtept lat="33.97851100" lon="134.50108500">
   </rtept>
   <rtept lat="33.97877200" lon="134.50105500">
   </rtept>
   <rtept lat="33.97907700" lon="134.50114400">
   </rtept>
   <rtept lat="33.97932400" lon="134.50131100">
   </rtept>
   <rtept lat="33.97952600" lon="134.50164300">
   </rtept>
   <rtept lat="33.97972800" lon="134.50206500">
   </rtept>
   <rtept lat="33.97992500" lon="134.50232700">
   </rtept>
   <rtept lat="33.98002200" lon="134.50236800">
   </rtept>
   <rtept lat="33.98025900" lon="134.50236800">
   </rtept>
   <rtept lat="33.98042100" lon="134.50224300">
   </rtept>
   <rtept lat="33.98060400" lon="134.50222000">
   </rtept>
   <rtept lat="33.98079600" lon="134.50216000">
   </rtept>
   <rtept lat="33.98093900" lon="134.50205300">
   </rtept>
   <rtept lat="33.98111100" lon="134.50170900">
   </rtept>
   <rtept lat="33.98122900" lon="134.50153600">
   </rtept>
   <rtept lat="33.98136700" lon="134.50142300">
   </rtept>
   <rtept lat="33.98157400" lon="134.50141200">
   </rtept>
   <rtept lat="33.98174700" lon="134.50146500">
   </rtept>
   <rtept lat="33.98192400" lon="134.50153000">
   </rtept>
   <rtept lat="33.98214100" lon="134.50164900">
   </rtept>
   <rtept lat="33.98223000" lon="134.50168500">
   </rtept>
   <rtept lat="33.98230800" lon="134.50160800">
   </rtept>
   <rtept lat="33.98229900" lon="134.50145300">
   </rtept>
   <rtept lat="33.98226900" lon="134.50126300">
   </rtept>
   <rtept lat="33.98228900" lon="134.50106700">
   </rtept>
   <rtept lat="33.98237300" lon="134.50096600">
   </rtept>
   <rtept lat="33.98257000" lon="134.50088300">
   </rtept>
   <rtept lat="33.98282000" lon="134.50080000">
   </rtept>
   <rtept lat="33.98296800" lon="134.50074000">
   </rtept>
   <rtept lat="33.98317500" lon="134.50051400">
   </rtept>
   <rtept lat="33.98332700" lon="134.50042500">
   </rtept>
   <rtept lat="33.98362300" lon="134.50016400">
   </rtept>
   <rtept lat="33.98388900" lon="134.50001500">
   </rtept>
   <rtept lat="33.98423900" lon="134.49993200">
   </rtept>
   <rtept lat="33.98454400" lon="134.49991400">
   </rtept>
   <rtept lat="33.98474600" lon="134.49994400">
   </rtept>
   <rtept lat="33.98487400" lon="134.50005100">
   </rtept>
   <rtept lat="33.98501700" lon="134.50024700">
   </rtept>
   <rtept lat="33.98506200" lon="134.50047900">
   </rtept>
   <rtept lat="33.98521000" lon="134.50061500">
   </rtept>
   <rtept lat="33.98536700" lon="134.50065100">
   </rtept>
   <rtept lat="33.98567000" lon="134.50063900">
   </rtept>
   <rtept lat="33.98580300" lon="134.50065100">
   </rtept>
   <rtept lat="33.98599000" lon="134.50075800">
   </rtept>
   <rtept lat="33.98622200" lon="134.50085900">
   </rtept>
   <rtept lat="33.98635000" lon="134.50080500">
   </rtept>
   <rtept lat="33.98652200" lon="134.50068100">
   </rtept>
   <rtept lat="33.98673900" lon="134.50074600">
   </rtept>
   <rtept lat="33.98695100" lon="134.50075200">
   </rtept>
   <rtept lat="33.98709800" lon="134.50074600">
   </rtept>
   <rtept lat="33.98726100" lon="134.50062700">
   </rtept>
   <rtept lat="33.98742400" lon="134.50046700">
   </rtept>
   <rtept lat="33.98755700" lon="134.50039000">
   </rtept>
   <rtept lat="33.98768500" lon="134.50028800">
   </rtept>
   <rtept lat="33.98783800" lon="134.50025900">
   </rtept>
   <rtept lat="33.98799900" lon="134.50025300">
   </rtept>
   <rtept lat="33.98815700" lon="134.50031200">
   </rtept>
   <rtept lat="33.98827000" lon="134.50046700">
   </rtept>
   <rtept lat="33.98840800" lon="134.50069800">
   </rtept>
   <rtept lat="33.98864900" lon="134.50089500">
   </rtept>
   <rtept lat="33.98889100" lon="134.50112600">
   </rtept>
   <rtept lat="33.98919100" lon="134.50139400">
   </rtept>
   <rtept lat="33.98932000" lon="134.50153600">
   </rtept>
   <rtept lat="33.98936900" lon="134.50175000">
   </rtept>
   <rtept lat="33.98939800" lon="134.50202400">
   </rtept>
   <rtept lat="33.98947200" lon="134.50224900">
   </rtept>
   <rtept lat="33.98961500" lon="134.50243400">
   </rtept>
   <rtept lat="33.98985200" lon="134.50255200">
   </rtept>
   <rtept lat="33.99011800" lon="134.50274300">
   </rtept>
 </rte>
 <rte>
  <name>SHIKOKU_TKS_14(みかん畑のみち)</name>
   <rtept lat="33.92978100" lon="134.51881200">
   </rtept>
   <rtept lat="33.92905100" lon="134.51833700">
   </rtept>
   <rtept lat="33.92836100" lon="134.51783700">
   </rtept>
   <rtept lat="33.92823300" lon="134.51758800">
   </rtept>
   <rtept lat="33.92812500" lon="134.51739800">
   </rtept>
   <rtept lat="33.92803600" lon="134.51714800">
   </rtept>
   <rtept lat="33.92777000" lon="134.51680400">
   </rtept>
   <rtept lat="33.92765100" lon="134.51663700">
   </rtept>
   <rtept lat="33.92760200" lon="134.51643500">
   </rtept>
   <rtept lat="33.92751300" lon="134.51629300">
   </rtept>
   <rtept lat="33.92739500" lon="134.51619700">
   </rtept>
   <rtept lat="33.92718800" lon="134.51620900">
   </rtept>
   <rtept lat="33.92687200" lon="134.51635200">
   </rtept>
   <rtept lat="33.92666500" lon="134.51635200">
   </rtept>
   <rtept lat="33.92647800" lon="134.51625700">
   </rtept>
   <rtept lat="33.92639900" lon="134.51611400">
   </rtept>
   <rtept lat="33.92645800" lon="134.51588800">
   </rtept>
   <rtept lat="33.92637900" lon="134.51565100">
   </rtept>
   <rtept lat="33.92636000" lon="134.51556800">
   </rtept>
   <rtept lat="33.92624100" lon="134.51549600">
   </rtept>
   <rtept lat="33.92604400" lon="134.51553200">
   </rtept>
   <rtept lat="33.92572800" lon="134.51536600">
   </rtept>
   <rtept lat="33.92544200" lon="134.51514000">
   </rtept>
   <rtept lat="33.92532400" lon="134.51511600">
   </rtept>
   <rtept lat="33.92496700" lon="134.51533000">
   </rtept>
   <rtept lat="33.92460200" lon="134.51529400">
   </rtept>
   <rtept lat="33.92379400" lon="134.51525900">
   </rtept>
   <rtept lat="33.92338900" lon="134.51527100">
   </rtept>
   <rtept lat="33.92296500" lon="134.51534200">
   </rtept>
   <rtept lat="33.92251200" lon="134.51528200">
   </rtept>
   <rtept lat="33.92216700" lon="134.51525900">
   </rtept>
   <rtept lat="33.92191000" lon="134.51518700">
   </rtept>
   <rtept lat="33.92167400" lon="134.51506900">
   </rtept>
   <rtept lat="33.92135800" lon="134.51508000">
   </rtept>
   <rtept lat="33.92101300" lon="134.51514000">
   </rtept>
   <rtept lat="33.92045100" lon="134.51533000">
   </rtept>
   <rtept lat="33.92022400" lon="134.51543700">
   </rtept>
   <rtept lat="33.92019400" lon="134.51555600">
   </rtept>
   <rtept lat="33.91978000" lon="134.51554400">
   </rtept>
   <rtept lat="33.91973100" lon="134.51562700">
   </rtept>
   <rtept lat="33.91939600" lon="134.51567500">
   </rtept>
   <rtept lat="33.91945500" lon="134.51535400">
   </rtept>
   <rtept lat="33.91941500" lon="134.51521100">
   </rtept>
   <rtept lat="33.91907000" lon="134.51484300">
   </rtept>
   <rtept lat="33.91900100" lon="134.51465300">
   </rtept>
   <rtept lat="33.91872500" lon="134.51467600">
   </rtept>
   <rtept lat="33.91863600" lon="134.51489000">
   </rtept>
   <rtept lat="33.91846900" lon="134.51490200">
   </rtept>
   <rtept lat="33.91830100" lon="134.51493800">
   </rtept>
   <rtept lat="33.91833000" lon="134.51467600">
   </rtept>
   <rtept lat="33.91821200" lon="134.51458100">
   </rtept>
   <rtept lat="33.91812300" lon="134.51436700">
   </rtept>
   <rtept lat="33.91807400" lon="134.51424900">
   </rtept>
   <rtept lat="33.91792600" lon="134.51413000">
   </rtept>
   <rtept lat="33.91784700" lon="134.51411800">
   </rtept>
   <rtept lat="33.91778800" lon="134.51401100">
   </rtept>
   <rtept lat="33.91767000" lon="134.51382100">
   </rtept>
   <rtept lat="33.91758100" lon="134.51369000">
   </rtept>
   <rtept lat="33.91749200" lon="134.51366600">
   </rtept>
   <rtept lat="33.91726500" lon="134.51350000">
   </rtept>
   <rtept lat="33.91712700" lon="134.51352400">
   </rtept>
   <rtept lat="33.91702900" lon="134.51352400">
   </rtept>
   <rtept lat="33.91681200" lon="134.51347600">
   </rtept>
   <rtept lat="33.91670300" lon="134.51342900">
   </rtept>
   <rtept lat="33.91659500" lon="134.51320300">
   </rtept>
   <rtept lat="33.91644700" lon="134.51309600">
   </rtept>
   <rtept lat="33.91622000" lon="134.51295300">
   </rtept>
   <rtept lat="33.91608200" lon="134.51297700">
   </rtept>
   <rtept lat="33.91588500" lon="134.51294100">
   </rtept>
   <rtept lat="33.91573700" lon="134.51291800">
   </rtept>
   <rtept lat="33.91553000" lon="134.51282200">
   </rtept>
   <rtept lat="33.91546100" lon="134.51258500">
   </rtept>
   <rtept lat="33.91539200" lon="134.51249000">
   </rtept>
   <rtept lat="33.91537900" lon="134.51226600">
   </rtept>
   <rtept lat="33.91535000" lon="134.51207600">
   </rtept>
   <rtept lat="33.91514300" lon="134.51199300">
   </rtept>
   <rtept lat="33.91501400" lon="134.51175500">
   </rtept>
   <rtept lat="33.91480700" lon="134.51164800">
   </rtept>
   <rtept lat="33.91470900" lon="134.51144600">
   </rtept>
   <rtept lat="33.91479700" lon="134.51137500">
   </rtept>
   <rtept lat="33.91471900" lon="134.51120800">
   </rtept>
   <rtept lat="33.91466900" lon="134.51095900">
   </rtept>
   <rtept lat="33.91460000" lon="134.51078000">
   </rtept>
   <rtept lat="33.91463000" lon="134.51044800">
   </rtept>
   <rtept lat="33.91491600" lon="134.51009100">
   </rtept>
   <rtept lat="33.91498500" lon="134.50988900">
   </rtept>
   <rtept lat="33.91509300" lon="134.50983000">
   </rtept>
   <rtept lat="33.91507400" lon="134.50943700">
   </rtept>
   <rtept lat="33.91507400" lon="134.50917600">
   </rtept>
   <rtept lat="33.91516200" lon="134.50852200">
   </rtept>
   <rtept lat="33.91517200" lon="134.50830800">
   </rtept>
   <rtept lat="33.91500500" lon="134.50742900">
   </rtept>
   <rtept lat="33.91506200" lon="134.50707800">
   </rtept>
   <rtept lat="33.91512700" lon="134.50677100">
   </rtept>
   <rtept lat="33.91480500" lon="134.50628600">
   </rtept>
   <rtept lat="33.91436300" lon="134.50592200">
   </rtept>
   <rtept lat="33.91394400" lon="134.50575100">
   </rtept>
   <rtept lat="33.91398700" lon="134.50586700">
   </rtept>
   <rtept lat="33.91393900" lon="134.50592700">
   </rtept>
   <rtept lat="33.91383000" lon="134.50593100">
   </rtept>
   <rtept lat="33.91377500" lon="134.50588900">
   </rtept>
   <rtept lat="33.91377800" lon="134.50595300">
   </rtept>
   <rtept lat="33.91382700" lon="134.50601000">
   </rtept>
   <rtept lat="33.91390100" lon="134.50616700">
   </rtept>
   <rtept lat="33.91388700" lon="134.50633600">
   </rtept>
   <rtept lat="33.91394200" lon="134.50644500">
   </rtept>
   <rtept lat="33.91390400" lon="134.50653100">
   </rtept>
   <rtept lat="33.91400400" lon="134.50662400">
   </rtept>
   <rtept lat="33.91401100" lon="134.50666000">
   </rtept>
   <rtept lat="33.91392500" lon="134.50666000">
   </rtept>
   <rtept lat="33.91385600" lon="134.50661400">
   </rtept>
   <rtept lat="33.91378700" lon="134.50660500">
   </rtept>
   <rtept lat="33.91370400" lon="134.50664100">
   </rtept>
   <rtept lat="33.91359600" lon="134.50695800">
   </rtept>
   <rtept lat="33.91325300" lon="134.50761400">
   </rtept>
   <rtept lat="33.91286200" lon="134.50818400">
   </rtept>
   <rtept lat="33.91257800" lon="134.50864100">
   </rtept>
   <rtept lat="33.91214000" lon="134.50916800">
   </rtept>
   <rtept lat="33.91179700" lon="134.50919700">
   </rtept>
   <rtept lat="33.91152500" lon="134.50926800">
   </rtept>
   <rtept lat="33.91107500" lon="134.50926800">
   </rtept>
   <rtept lat="33.91062500" lon="134.50925400">
   </rtept>
   <rtept lat="33.91036500" lon="134.50921100">
   </rtept>
   <rtept lat="33.91017600" lon="134.50932500">
   </rtept>
   <rtept lat="33.90990300" lon="134.50979600">
   </rtept>
   <rtept lat="33.90978500" lon="134.51008100">
   </rtept>
   <rtept lat="33.90963100" lon="134.51013100">
   </rtept>
   <rtept lat="33.90945400" lon="134.51023100">
   </rtept>
   <rtept lat="33.90932900" lon="134.51028100">
   </rtept>
   <rtept lat="33.90924100" lon="134.51030200">
   </rtept>
   <rtept lat="33.90892700" lon="134.51057300">
   </rtept>
   <rtept lat="33.90870800" lon="134.51093000">
   </rtept>
   <rtept lat="33.90863700" lon="134.51117200">
   </rtept>
   <rtept lat="33.90870200" lon="134.51139300">
   </rtept>
   <rtept lat="33.90898000" lon="134.51142200">
   </rtept>
   <rtept lat="33.90905700" lon="134.51153600">
   </rtept>
   <rtept lat="33.90895600" lon="134.51184900">
   </rtept>
   <rtept lat="33.90901000" lon="134.51237000">
   </rtept>
   <rtept lat="33.90925200" lon="134.51320400">
   </rtept>
   <rtept lat="33.90925800" lon="134.51344000">
   </rtept>
   <rtept lat="33.90909800" lon="134.51396000">
   </rtept>
   <rtept lat="33.90903900" lon="134.51453800">
   </rtept>
   <rtept lat="33.90899800" lon="134.51475200">
   </rtept>
   <rtept lat="33.90915800" lon="134.51527900">
   </rtept>
   <rtept lat="33.90914600" lon="134.51565000">
   </rtept>
   <rtept lat="33.90895600" lon="134.51613500">
   </rtept>
   <rtept lat="33.90873800" lon="134.51649100">
   </rtept>
   <rtept lat="33.90864900" lon="134.51677400">
   </rtept>
   <rtept lat="33.90863100" lon="134.51735200">
   </rtept>
   <rtept lat="33.90854800" lon="134.51765900">
   </rtept>
   <rtept lat="33.90836500" lon="134.51805800">
   </rtept>
   <rtept lat="33.90824000" lon="134.51815800">
   </rtept>
   <rtept lat="33.90805100" lon="134.51812900">
   </rtept>
   <rtept lat="33.90780300" lon="134.51822200">
   </rtept>
   <rtept lat="33.90710400" lon="134.51850700">
   </rtept>
   <rtept lat="33.90693400" lon="134.51852100">
   </rtept>
   <rtept lat="33.90611700" lon="134.51816500">
   </rtept>
 </rte>
 <rte>
  <name>SHIKOKU_TKS_15(深山幽谷の遍路みち)</name>
   <rtept lat="33.90611700" lon="134.51816500">
   </rtept>
   <rtept lat="33.90535600" lon="134.52042700">
   </rtept>
   <rtept lat="33.90529100" lon="134.52060600">
   </rtept>
   <rtept lat="33.90523700" lon="134.52062700">
   </rtept>
   <rtept lat="33.90508900" lon="134.52056300">
   </rtept>
   <rtept lat="33.90493000" lon="134.52032800">
   </rtept>
   <rtept lat="33.90484100" lon="134.52029900">
   </rtept>
   <rtept lat="33.90468100" lon="134.52027800">
   </rtept>
   <rtept lat="33.90454300" lon="134.52077600">
   </rtept>
   <rtept lat="33.90397100" lon="134.52047800">
   </rtept>
   <rtept lat="33.90370400" lon="134.52011000">
   </rtept>
   <rtept lat="33.90349200" lon="134.51977700">
   </rtept>
   <rtept lat="33.90336900" lon="134.51964100">
   </rtept>
   <rtept lat="33.90321600" lon="134.51955800">
   </rtept>
   <rtept lat="33.90304400" lon="134.51954000">
   </rtept>
   <rtept lat="33.90292500" lon="134.51959300">
   </rtept>
   <rtept lat="33.90281700" lon="134.51970600">
   </rtept>
   <rtept lat="33.90272800" lon="134.51992000">
   </rtept>
   <rtept lat="33.90264400" lon="134.51998500">
   </rtept>
   <rtept lat="33.90250100" lon="134.51997900">
   </rtept>
   <rtept lat="33.90228900" lon="134.51981900">
   </rtept>
   <rtept lat="33.90216400" lon="134.51967600">
   </rtept>
   <rtept lat="33.90210000" lon="134.51954600">
   </rtept>
   <rtept lat="33.90206000" lon="134.51948600">
   </rtept>
   <rtept lat="33.90198600" lon="134.51943900">
   </rtept>
   <rtept lat="33.90183800" lon="134.51943900">
   </rtept>
   <rtept lat="33.90168000" lon="134.51952200">
   </rtept>
   <rtept lat="33.90156700" lon="134.51966400">
   </rtept>
   <rtept lat="33.90129600" lon="134.51984300">
   </rtept>
   <rtept lat="33.90102900" lon="134.52003900">
   </rtept>
   <rtept lat="33.90086700" lon="134.52012200">
   </rtept>
   <rtept lat="33.90058100" lon="134.52021700">
   </rtept>
   <rtept lat="33.90056600" lon="134.52041300">
   </rtept>
   <rtept lat="33.90054100" lon="134.52067500">
   </rtept>
   <rtept lat="33.90045700" lon="134.52086500">
   </rtept>
   <rtept lat="33.90012200" lon="134.52119200">
   </rtept>
   <rtept lat="33.89989500" lon="134.52147700">
   </rtept>
   <rtept lat="33.89964200" lon="134.52190100">
   </rtept>
   <rtept lat="33.89949900" lon="134.52206700">
   </rtept>
   <rtept lat="33.89939000" lon="134.52211500">
   </rtept>
   <rtept lat="33.89918800" lon="134.52210300">
   </rtept>
   <rtept lat="33.89900000" lon="134.52199600">
   </rtept>
   <rtept lat="33.89869500" lon="134.52188300">
   </rtept>
   <rtept lat="33.89837900" lon="134.52188300">
   </rtept>
   <rtept lat="33.89817200" lon="134.52184800">
   </rtept>
   <rtept lat="33.89807800" lon="134.52187700">
   </rtept>
   <rtept lat="33.89799400" lon="134.52190700">
   </rtept>
   <rtept lat="33.89773300" lon="134.52205600">
   </rtept>
   <rtept lat="33.89734400" lon="134.52221000">
   </rtept>
   <rtept lat="33.89702400" lon="134.52234100">
   </rtept>
   <rtept lat="33.89688600" lon="134.52244200">
   </rtept>
   <rtept lat="33.89669800" lon="134.52254300">
   </rtept>
   <rtept lat="33.89629900" lon="134.52260800">
   </rtept>
   <rtept lat="33.89584000" lon="134.52270300">
   </rtept>
   <rtept lat="33.89551400" lon="134.52272700">
   </rtept>
   <rtept lat="33.89525800" lon="134.52272700">
   </rtept>
   <rtept lat="33.89508500" lon="134.52262000">
   </rtept>
   <rtept lat="33.89491300" lon="134.52247700">
   </rtept>
   <rtept lat="33.89479400" lon="134.52229300">
   </rtept>
   <rtept lat="33.89470100" lon="134.52222200">
   </rtept>
   <rtept lat="33.89440400" lon="134.52217400">
   </rtept>
   <rtept lat="33.89428000" lon="134.52213900">
   </rtept>
   <rtept lat="33.89413700" lon="134.52208500">
   </rtept>
   <rtept lat="33.89404900" lon="134.52199600">
   </rtept>
   <rtept lat="33.89393500" lon="134.52180000">
   </rtept>
   <rtept lat="33.89384600" lon="134.52168700">
   </rtept>
   <rtept lat="33.89377200" lon="134.52168100">
   </rtept>
   <rtept lat="33.89361400" lon="134.52179400">
   </rtept>
   <rtept lat="33.89340200" lon="134.52190100">
   </rtept>
   <rtept lat="33.89323500" lon="134.52189500">
   </rtept>
   <rtept lat="33.89304700" lon="134.52181200">
   </rtept>
   <rtept lat="33.89282000" lon="134.52167500">
   </rtept>
   <rtept lat="33.89262300" lon="134.52157400">
   </rtept>
   <rtept lat="33.89202600" lon="134.52156800">
   </rtept>
   <rtept lat="33.89149000" lon="134.52189500">
   </rtept>
   <rtept lat="33.89125800" lon="134.52203200">
   </rtept>
   <rtept lat="33.89119400" lon="134.52203800">
   </rtept>
   <rtept lat="33.89101600" lon="134.52204400">
   </rtept>
   <rtept lat="33.89080400" lon="134.52192500">
   </rtept>
   <rtept lat="33.89054800" lon="134.52168700">
   </rtept>
   <rtept lat="33.89011300" lon="134.52158000">
   </rtept>
   <rtept lat="33.88960000" lon="134.52149100">
   </rtept>
   <rtept lat="33.88943800" lon="134.52157400">
   </rtept>
   <rtept lat="33.88890000" lon="134.52239400">
   </rtept>
   <rtept lat="33.88850600" lon="134.52254900">
   </rtept>
   <rtept lat="33.88742600" lon="134.52304800">
   </rtept>
   <rtept lat="33.88707100" lon="134.52337500">
   </rtept>
   <rtept lat="33.88677000" lon="134.52344000">
   </rtept>
   <rtept lat="33.88620300" lon="134.52352300">
   </rtept>
   <rtept lat="33.88600000" lon="134.52352300">
   </rtept>
   <rtept lat="33.88584200" lon="134.52359400">
   </rtept>
   <rtept lat="33.88574800" lon="134.52376700">
   </rtept>
   <rtept lat="33.88562000" lon="134.52390300">
   </rtept>
   <rtept lat="33.88555100" lon="134.52398100">
   </rtept>
   <rtept lat="33.88555100" lon="134.52389200">
   </rtept>
   <rtept lat="33.88559000" lon="134.52385600">
   </rtept>
   <rtept lat="33.88556600" lon="134.52373700">
   </rtept>
   <rtept lat="33.88548200" lon="134.52380800">
   </rtept>
   <rtept lat="33.88535300" lon="134.52386800">
   </rtept>
   <rtept lat="33.88519100" lon="134.52389800">
   </rtept>
   <rtept lat="33.88506200" lon="134.52389800">
   </rtept>
   <rtept lat="33.88495123" lon="134.52409869">
   </rtept>
   <rtept lat="33.88485060" lon="134.52433009">
   </rtept>
   <rtept lat="33.88468595" lon="134.52452843">
   </rtept>
   <rtept lat="33.88434748" lon="134.52398850">
   </rtept>
   <rtept lat="33.88393584" lon="134.52419786">
   </rtept>
   <rtept lat="33.88342000" lon="134.52358200">
   </rtept>
   <rtept lat="33.88320700" lon="134.52341100">
   </rtept>
   <rtept lat="33.88300600" lon="134.52319700">
   </rtept>
   <rtept lat="33.88279800" lon="134.52298300">
   </rtept>
   <rtept lat="33.88250200" lon="134.52278400">
   </rtept>
   <rtept lat="33.88228900" lon="134.52247700">
   </rtept>
   <rtept lat="33.88235506" lon="134.52203123">
   </rtept>
   <rtept lat="33.88225443" lon="134.52144725">
   </rtept>
   <rtept lat="33.88235506" lon="134.52203123">
   </rtept>
   <rtept lat="33.88228900" lon="134.52247700">
   </rtept>
   <rtept lat="33.88250200" lon="134.52278400">
   </rtept>
   <rtept lat="33.88279800" lon="134.52298300">
   </rtept>
   <rtept lat="33.88300600" lon="134.52319700">
   </rtept>
   <rtept lat="33.88320700" lon="134.52341100">
   </rtept>
   <rtept lat="33.88342000" lon="134.52358200">
   </rtept>
   <rtept lat="33.88368885" lon="134.52392238">
   </rtept>
   <rtept lat="33.88393584" lon="134.52419786">
   </rtept>
   <rtept lat="33.88434748" lon="134.52398850">
   </rtept>
   <rtept lat="33.88468595" lon="134.52452843">
   </rtept>
   <rtept lat="33.88451500" lon="134.52463800">
   </rtept>
   <rtept lat="33.88430800" lon="134.52474400">
   </rtept>
   <rtept lat="33.88414200" lon="134.52483700">
   </rtept>
   <rtept lat="33.88389900" lon="134.52490800">
   </rtept>
   <rtept lat="33.88364500" lon="134.52490800">
   </rtept>
   <rtept lat="33.88334300" lon="134.52494400">
   </rtept>
   <rtept lat="33.88318900" lon="134.52504400">
   </rtept>
   <rtept lat="33.88303500" lon="134.52507200">
   </rtept>
   <rtept lat="33.88284600" lon="134.52499400">
   </rtept>
   <rtept lat="33.88274500" lon="134.52473700">
   </rtept>
   <rtept lat="33.88265000" lon="134.52451600">
   </rtept>
   <rtept lat="33.88251400" lon="134.52441600">
   </rtept>
   <rtept lat="33.88225300" lon="134.52440900">
   </rtept>
   <rtept lat="33.88208100" lon="134.52433100">
   </rtept>
   <rtept lat="33.88187400" lon="134.52421000">
   </rtept>
   <rtept lat="33.88163100" lon="134.52443800">
   </rtept>
   <rtept lat="33.88144800" lon="134.52465900">
   </rtept>
   <rtept lat="33.88121700" lon="134.52488700">
   </rtept>
   <rtept lat="33.88109800" lon="134.52490100">
   </rtept>
   <rtept lat="33.88095000" lon="134.52478700">
   </rtept>
   <rtept lat="33.88086200" lon="134.52465200">
   </rtept>
   <rtept lat="33.88071400" lon="134.52443100">
   </rtept>
   <rtept lat="33.88057700" lon="134.52429500">
   </rtept>
   <rtept lat="33.88045300" lon="134.52421700">
   </rtept>
   <rtept lat="33.88028700" lon="134.52418800">
   </rtept>
   <rtept lat="33.88012200" lon="134.52416000">
   </rtept>
   <rtept lat="33.88000300" lon="134.52419500">
   </rtept>
   <rtept lat="33.88028100" lon="134.52496600">
   </rtept>
   <rtept lat="33.88058900" lon="134.52565000">
   </rtept>
   <rtept lat="33.88083200" lon="134.52609900">
   </rtept>
   <rtept lat="33.88095000" lon="134.52622000">
   </rtept>
   <rtept lat="33.88127600" lon="134.52640600">
   </rtept>
   <rtept lat="33.88144200" lon="134.52661300">
   </rtept>
   <rtept lat="33.88153600" lon="134.52675500">
   </rtept>
   <rtept lat="33.88184400" lon="134.52734700">
   </rtept>
   <rtept lat="33.88211700" lon="134.52756800">
   </rtept>
   <rtept lat="33.88221100" lon="134.52782500">
   </rtept>
   <rtept lat="33.88223500" lon="134.52818800">
   </rtept>
   <rtept lat="33.88229400" lon="134.52838100">
   </rtept>
   <rtept lat="33.88253700" lon="134.52880200">
   </rtept>
   <rtept lat="33.88276300" lon="134.52944200">
   </rtept>
   <rtept lat="33.88288100" lon="134.52974200">
   </rtept>
   <rtept lat="33.88292100" lon="134.52995600">
   </rtept>
   <rtept lat="33.88296800" lon="134.53042100">
   </rtept>
   <rtept lat="33.88305900" lon="134.53068300">
   </rtept>
   <rtept lat="33.88347300" lon="134.53160000">
   </rtept>
   <rtept lat="33.88357600" lon="134.53186200">
   </rtept>
   <rtept lat="33.88358400" lon="134.53200400">
   </rtept>
   <rtept lat="33.88343400" lon="134.53226100">
   </rtept>
   <rtept lat="33.88339400" lon="134.53235600">
   </rtept>
   <rtept lat="33.88332300" lon="134.53271300">
   </rtept>
   <rtept lat="33.88324800" lon="134.53308300">
   </rtept>
   <rtept lat="33.88318500" lon="134.53331100">
   </rtept>
   <rtept lat="33.88317300" lon="134.53344400">
   </rtept>
   <rtept lat="33.88324000" lon="134.53357200">
   </rtept>
   <rtept lat="33.88348500" lon="134.53387200">
   </rtept>
   <rtept lat="33.88361100" lon="134.53407100">
   </rtept>
   <rtept lat="33.88372600" lon="134.53449900">
   </rtept>
   <rtept lat="33.88400200" lon="134.53557800">
   </rtept>
   <rtept lat="33.88414800" lon="134.53611500">
   </rtept>
   <rtept lat="33.88428200" lon="134.53647700">
   </rtept>
   <rtept lat="33.88434500" lon="134.53658100">
   </rtept>
   <rtept lat="33.88449500" lon="134.53668600">
   </rtept>
   <rtept lat="33.88467600" lon="134.53672400">
   </rtept>
   <rtept lat="33.88492500" lon="134.53682400">
   </rtept>
   <rtept lat="33.88503500" lon="134.53694700">
   </rtept>
   <rtept lat="33.88505100" lon="134.53705700">
   </rtept>
   <rtept lat="33.88501500" lon="134.53720400">
   </rtept>
   <rtept lat="33.88485800" lon="134.53733700">
   </rtept>
   <rtept lat="33.88460500" lon="134.53751300">
   </rtept>
   <rtept lat="33.88441200" lon="134.53771300">
   </rtept>
   <rtept lat="33.88435300" lon="134.53789800">
   </rtept>
   <rtept lat="33.88431300" lon="134.53804500">
   </rtept>
   <rtept lat="33.88432100" lon="134.53833900">
   </rtept>
   <rtept lat="33.88432900" lon="134.53858100">
   </rtept>
   <rtept lat="33.88428500" lon="134.53884200">
   </rtept>
   <rtept lat="33.88427800" lon="134.53909900">
   </rtept>
   <rtept lat="33.88451000" lon="134.53982600">
   </rtept>
   <rtept lat="33.88451800" lon="134.54006900">
   </rtept>
   <rtept lat="33.88458500" lon="134.54027800">
   </rtept>
   <rtept lat="33.88480200" lon="134.54079600">
   </rtept>
   <rtept lat="33.88487700" lon="134.54102900">
   </rtept>
   <rtept lat="33.88497600" lon="134.54134300">
   </rtept>
   <rtept lat="33.88496800" lon="134.54150900">
   </rtept>
   <rtept lat="33.88491700" lon="134.54156600">
   </rtept>
   <rtept lat="33.88485400" lon="134.54148100">
   </rtept>
   <rtept lat="33.88473900" lon="134.54121500">
   </rtept>
   <rtept lat="33.88461300" lon="134.54083900">
   </rtept>
   <rtept lat="33.88447500" lon="134.54056800">
   </rtept>
   <rtept lat="33.88419100" lon="134.54014500">
   </rtept>
   <rtept lat="33.88405700" lon="134.53995000">
   </rtept>
   <rtept lat="33.88395000" lon="134.53982600">
   </rtept>
   <rtept lat="33.88389100" lon="134.53983600">
   </rtept>
   <rtept lat="33.88388700" lon="134.53994500">
   </rtept>
   <rtept lat="33.88395800" lon="134.54011200">
   </rtept>
   <rtept lat="33.88406000" lon="134.54029700">
   </rtept>
   <rtept lat="33.88436000" lon="134.54069200">
   </rtept>
   <rtept lat="33.88442000" lon="134.54081000">
   </rtept>
   <rtept lat="33.88444300" lon="134.54116700">
   </rtept>
   <rtept lat="33.88434500" lon="134.54168000">
   </rtept>
   <rtept lat="33.88434500" lon="134.54185600">
   </rtept>
   <rtept lat="33.88437200" lon="134.54198900">
   </rtept>
   <rtept lat="33.88437200" lon="134.54224100">
   </rtept>
   <rtept lat="33.88433700" lon="134.54242700">
   </rtept>
   <rtept lat="33.88434100" lon="134.54258400">
   </rtept>
   <rtept lat="33.88439600" lon="134.54281600">
   </rtept>
   <rtept lat="33.88450200" lon="134.54299600">
   </rtept>
   <rtept lat="33.88472700" lon="134.54324800">
   </rtept>
   <rtept lat="33.88488500" lon="134.54339100">
   </rtept>
   <rtept lat="33.88503500" lon="134.54347200">
   </rtept>
   <rtept lat="33.88552100" lon="134.54353300">
   </rtept>
   <rtept lat="33.88562700" lon="134.54362400">
   </rtept>
   <rtept lat="33.88574600" lon="134.54389000">
   </rtept>
   <rtept lat="33.88576100" lon="134.54415100">
   </rtept>
   <rtept lat="33.88543000" lon="134.54450800">
   </rtept>
   <rtept lat="33.88498400" lon="134.54502100">
   </rtept>
   <rtept lat="33.88453400" lon="134.54562000">
   </rtept>
   <rtept lat="33.88444300" lon="134.54585800">
   </rtept>
   <rtept lat="33.88442000" lon="134.54611900">
   </rtept>
   <rtept lat="33.88445500" lon="134.54648500">
   </rtept>
   <rtept lat="33.88455000" lon="134.54724100">
   </rtept>
   <rtept lat="33.88451700" lon="134.54741600">
   </rtept>
   <rtept lat="33.88441800" lon="134.54761800">
   </rtept>
   <rtept lat="33.88433400" lon="134.54770700">
   </rtept>
   <rtept lat="33.88421100" lon="134.54771300">
   </rtept>
   <rtept lat="33.88410700" lon="134.54767700">
   </rtept>
   <rtept lat="33.88397900" lon="134.54757600">
   </rtept>
   <rtept lat="33.88381600" lon="134.54755200">
   </rtept>
   <rtept lat="33.88372700" lon="134.54748700">
   </rtept>
   <rtept lat="33.88364800" lon="134.54712400">
   </rtept>
   <rtept lat="33.88357400" lon="134.54691100">
   </rtept>
   <rtept lat="33.88350500" lon="134.54686300">
   </rtept>
   <rtept lat="33.88339700" lon="134.54691700">
   </rtept>
   <rtept lat="33.88334300" lon="134.54706500">
   </rtept>
   <rtept lat="33.88337700" lon="134.54739200">
   </rtept>
   <rtept lat="33.88335200" lon="134.54773100">
   </rtept>
   <rtept lat="33.88321900" lon="134.54789100">
   </rtept>
   <rtept lat="33.88288400" lon="134.54804600">
   </rtept>
   <rtept lat="33.88262200" lon="134.54811100">
   </rtept>
   <rtept lat="33.88229700" lon="134.54843800">
   </rtept>
   <rtept lat="33.88177400" lon="134.54886600">
   </rtept>
   <rtept lat="33.88147800" lon="134.54912200">
   </rtept>
   <rtept lat="33.88105200" lon="134.54937900">
   </rtept>
   <rtept lat="33.88069700" lon="134.54980700">
   </rtept>
   <rtept lat="33.88057300" lon="134.54994200">
   </rtept>
   <rtept lat="33.88007500" lon="134.55030600">
   </rtept>
   <rtept lat="33.87981500" lon="134.55084100">
   </rtept>
   <rtept lat="33.87953700" lon="134.55147500">
   </rtept>
   <rtept lat="33.87930000" lon="134.55193900">
   </rtept>
   <rtept lat="33.87916500" lon="134.55216000">
   </rtept>
   <rtept lat="33.87878000" lon="134.55227400">
   </rtept>
   <rtept lat="33.87794000" lon="134.55257400">
   </rtept>
   <rtept lat="33.87756100" lon="134.55272300">
   </rtept>
   <rtept lat="33.87719400" lon="134.55311500">
   </rtept>
   <rtept lat="33.87691500" lon="134.55337200">
   </rtept>
   <rtept lat="33.87666700" lon="134.55342200">
   </rtept>
   <rtept lat="33.87621700" lon="134.55340100">
   </rtept>
   <rtept lat="33.87584500" lon="134.55333700">
   </rtept>
   <rtept lat="33.87549000" lon="134.55323700">
   </rtept>
   <rtept lat="33.87520600" lon="134.55322200">
   </rtept>
   <rtept lat="33.87494500" lon="134.55334400">
   </rtept>
   <rtept lat="33.87467900" lon="134.55358600">
   </rtept>
   <rtept lat="33.87398600" lon="134.55442700">
   </rtept>
   <rtept lat="33.87369600" lon="134.55474800">
   </rtept>
   <rtept lat="33.87340600" lon="134.55489100">
   </rtept>
   <rtept lat="33.87297500" lon="134.55502200">
   </rtept>
   <rtept lat="33.87235900" lon="134.55537900">
   </rtept>
   <rtept lat="33.87195100" lon="134.55574200">
   </rtept>
   <rtept lat="33.87146500" lon="134.55617700">
   </rtept>
   <rtept lat="33.87105700" lon="134.55656200">
   </rtept>
   <rtept lat="33.87074900" lon="134.55667600">
   </rtept>
   <rtept lat="33.87051100" lon="134.55675500">
   </rtept>
 </rte>
 <rte>
  <name>SHIKOKU_TKS_16(竹林とスダチ香るみち)</name>
   <rtept lat="33.87003300" lon="134.55684700">
   </rtept>
   <rtept lat="33.86958700" lon="134.55766900">
   </rtept>
   <rtept lat="33.86933000" lon="134.55821600">
   </rtept>
   <rtept lat="33.86919200" lon="134.55863200">
   </rtept>
   <rtept lat="33.86891600" lon="134.55927300">
   </rtept>
   <rtept lat="33.86861000" lon="134.55985600">
   </rtept>
   <rtept lat="33.86841200" lon="134.56034300">
   </rtept>
   <rtept lat="33.86786600" lon="134.56018200">
   </rtept>
   <rtept lat="33.86767900" lon="134.56011100">
   </rtept>
   <rtept lat="33.86756000" lon="134.56012900">
   </rtept>
   <rtept lat="33.86733300" lon="134.56021800">
   </rtept>
   <rtept lat="33.86694800" lon="134.56036100">
   </rtept>
   <rtept lat="33.86642000" lon="134.56059800">
   </rtept>
   <rtept lat="33.86625800" lon="134.56065200">
   </rtept>
   <rtept lat="33.86571000" lon="134.56064600">
   </rtept>
   <rtept lat="33.86562400" lon="134.56068200">
   </rtept>
   <rtept lat="33.86554500" lon="134.56074100">
   </rtept>
   <rtept lat="33.86550100" lon="134.56084800">
   </rtept>
   <rtept lat="33.86544600" lon="134.56109800">
   </rtept>
   <rtept lat="33.86536800" lon="134.56122200">
   </rtept>
   <rtept lat="33.86525900" lon="134.56123400">
   </rtept>
   <rtept lat="33.86467700" lon="134.56109800">
   </rtept>
   <rtept lat="33.86420300" lon="134.56085400">
   </rtept>
   <rtept lat="33.86393200" lon="134.56066400">
   </rtept>
   <rtept lat="33.86379400" lon="134.56061000">
   </rtept>
   <rtept lat="33.86369500" lon="134.56059800">
   </rtept>
   <rtept lat="33.86345800" lon="134.56063400">
   </rtept>
   <rtept lat="33.86324100" lon="134.56064600">
   </rtept>
   <rtept lat="33.86301900" lon="134.56065800">
   </rtept>
   <rtept lat="33.86276200" lon="134.56073500">
   </rtept>
   <rtept lat="33.86252600" lon="134.56081800">
   </rtept>
   <rtept lat="33.86219000" lon="134.56094900">
   </rtept>
   <rtept lat="33.86200300" lon="134.56098500">
   </rtept>
   <rtept lat="33.86177600" lon="134.56110300">
   </rtept>
   <rtept lat="33.86139200" lon="134.56122200">
   </rtept>
   <rtept lat="33.86121900" lon="134.56125800">
   </rtept>
   <rtept lat="33.86094300" lon="134.56135900">
   </rtept>
   <rtept lat="33.86054800" lon="134.56148400">
   </rtept>
   <rtept lat="33.86020700" lon="134.56160300">
   </rtept>
   <rtept lat="33.86018600" lon="134.56032100">
   </rtept>
   <rtept lat="33.85996100" lon="134.55993600">
   </rtept>
   <rtept lat="33.85966500" lon="134.55967900">
   </rtept>
   <rtept lat="33.85918000" lon="134.55952200">
   </rtept>
   <rtept lat="33.85838600" lon="134.55929400">
   </rtept>
   <rtept lat="33.85741500" lon="134.55898100">
   </rtept>
   <rtept lat="33.85700100" lon="134.55862400">
   </rtept>
   <rtept lat="33.85651500" lon="134.55762600">
   </rtept>
   <rtept lat="33.85600600" lon="134.55677000">
   </rtept>
   <rtept lat="33.85565100" lon="134.55652800">
   </rtept>
   <rtept lat="33.85530700" lon="134.55661300">
   </rtept>
   <rtept lat="33.85471500" lon="134.55638500">
   </rtept>
   <rtept lat="33.85443100" lon="134.55621400">
   </rtept>
   <rtept lat="33.85450200" lon="134.55558700">
   </rtept>
   <rtept lat="33.85446600" lon="134.55475900">
   </rtept>
   <rtept lat="33.85437200" lon="134.55416000">
   </rtept>
   <rtept lat="33.85436000" lon="134.55387500">
   </rtept>
   <rtept lat="33.85444300" lon="134.55276300">
   </rtept>
   <rtept lat="33.85453800" lon="134.55186400">
   </rtept>
   <rtept lat="33.85451891" lon="134.55085920">
   </rtept>
   <rtept lat="33.85453800" lon="134.55186400">
   </rtept>
   <rtept lat="33.85444300" lon="134.55276300">
   </rtept>
   <rtept lat="33.85436000" lon="134.55387500">
   </rtept>
   <rtept lat="33.85437200" lon="134.55416000">
   </rtept>
   <rtept lat="33.85446600" lon="134.55475900">
   </rtept>
   <rtept lat="33.85450200" lon="134.55558700">
   </rtept>
   <rtept lat="33.85443100" lon="134.55621400">
   </rtept>
   <rtept lat="33.85530700" lon="134.55661300">
   </rtept>
   <rtept lat="33.85565100" lon="134.55652800">
   </rtept>
   <rtept lat="33.85600600" lon="134.55677000">
   </rtept>
   <rtept lat="33.85651500" lon="134.55762600">
   </rtept>
   <rtept lat="33.85700100" lon="134.55862400">
   </rtept>
   <rtept lat="33.85741500" lon="134.55898100">
   </rtept>
   <rtept lat="33.85838600" lon="134.55929400">
   </rtept>
   <rtept lat="33.85966500" lon="134.55967900">
   </rtept>
   <rtept lat="33.85996100" lon="134.55993600">
   </rtept>
   <rtept lat="33.86018600" lon="134.56032100">
   </rtept>
   <rtept lat="33.86020700" lon="134.56160300">
   </rtept>
   <rtept lat="33.85997638" lon="134.56159747">
   </rtept>
   <rtept lat="33.86017800" lon="134.56179900">
   </rtept>
   <rtept lat="33.86018300" lon="134.56210200">
   </rtept>
   <rtept lat="33.86015800" lon="134.56227400">
   </rtept>
   <rtept lat="33.86000500" lon="134.56235700">
   </rtept>
   <rtept lat="33.85961500" lon="134.56228000">
   </rtept>
   <rtept lat="33.85913700" lon="134.56212500">
   </rtept>
   <rtept lat="33.85891500" lon="134.56207200">
   </rtept>
   <rtept lat="33.85881100" lon="134.56205400">
   </rtept>
   <rtept lat="33.85861900" lon="134.56214900">
   </rtept>
   <rtept lat="33.85855500" lon="134.56229900">
   </rtept>
   <rtept lat="33.85837300" lon="134.56274500">
   </rtept>
   <rtept lat="33.85825900" lon="134.56307700">
   </rtept>
   <rtept lat="33.85809700" lon="134.56331500">
   </rtept>
   <rtept lat="33.85787000" lon="134.56360600">
   </rtept>
   <rtept lat="33.85778600" lon="134.56403400">
   </rtept>
   <rtept lat="33.85758300" lon="134.56446800">
   </rtept>
   <rtept lat="33.85741100" lon="134.56468800">
   </rtept>
   <rtept lat="33.85732700" lon="134.56470600">
   </rtept>
   <rtept lat="33.85695700" lon="134.56471700">
   </rtept>
   <rtept lat="33.85655200" lon="134.56485400">
   </rtept>
   <rtept lat="33.85614700" lon="134.56512100">
   </rtept>
   <rtept lat="33.85584900" lon="134.56538000">
   </rtept>
   <rtept lat="33.85560800" lon="134.56565300">
   </rtept>
   <rtept lat="33.85548400" lon="134.56584300">
   </rtept>
   <rtept lat="33.85525200" lon="134.56607500">
   </rtept>
   <rtept lat="33.85517300" lon="134.56624200">
   </rtept>
   <rtept lat="33.85521800" lon="134.56636000">
   </rtept>
   <rtept lat="33.85532600" lon="134.56651500">
   </rtept>
   <rtept lat="33.85532600" lon="134.56663400">
   </rtept>
   <rtept lat="33.85525200" lon="134.56678200">
   </rtept>
   <rtept lat="33.85524200" lon="134.56693700">
   </rtept>
   <rtept lat="33.85539100" lon="134.56735900">
   </rtept>
   <rtept lat="33.85547900" lon="134.56766200">
   </rtept>
   <rtept lat="33.85553400" lon="134.56797700">
   </rtept>
   <rtept lat="33.85558800" lon="134.56816100">
   </rtept>
   <rtept lat="33.85569600" lon="134.56830900">
   </rtept>
   <rtept lat="33.85585900" lon="134.56843400">
   </rtept>
   <rtept lat="33.85594800" lon="134.56858900">
   </rtept>
   <rtept lat="33.85587400" lon="134.56871900">
   </rtept>
   <rtept lat="33.85570600" lon="134.56890400">
   </rtept>
   <rtept lat="33.85562200" lon="134.56907000">
   </rtept>
   <rtept lat="33.85549900" lon="134.56936700">
   </rtept>
   <rtept lat="33.85542500" lon="134.56956900">
   </rtept>
   <rtept lat="33.85535100" lon="134.56959900">
   </rtept>
   <rtept lat="33.85523300" lon="134.56939100">
   </rtept>
   <rtept lat="33.85497600" lon="134.56890900">
   </rtept>
   <rtept lat="33.85477900" lon="134.56860600">
   </rtept>
   <rtept lat="33.85451700" lon="134.56830300">
   </rtept>
   <rtept lat="33.85422600" lon="134.56799400">
   </rtept>
   <rtept lat="33.85398900" lon="134.56784600">
   </rtept>
   <rtept lat="33.85362900" lon="134.56770300">
   </rtept>
   <rtept lat="33.85329000" lon="134.56760800">
   </rtept>
   <rtept lat="33.85315200" lon="134.56757800">
   </rtept>
   <rtept lat="33.85276200" lon="134.56743600">
   </rtept>
   <rtept lat="33.85246600" lon="134.56732900">
   </rtept>
   <rtept lat="33.85225400" lon="134.56728700">
   </rtept>
   <rtept lat="33.85212100" lon="134.56731100">
   </rtept>
   <rtept lat="33.85193300" lon="134.56750100">
   </rtept>
   <rtept lat="33.85168200" lon="134.56776900">
   </rtept>
   <rtept lat="33.85153400" lon="134.56798300">
   </rtept>
   <rtept lat="33.85142000" lon="134.56818500">
   </rtept>
   <rtept lat="33.85124200" lon="134.56855300">
   </rtept>
   <rtept lat="33.85111400" lon="134.56874300">
   </rtept>
   <rtept lat="33.85104000" lon="134.56874900">
   </rtept>
   <rtept lat="33.85091200" lon="134.56859500">
   </rtept>
   <rtept lat="33.85078800" lon="134.56849900">
   </rtept>
   <rtept lat="33.85070800" lon="134.56856100">
   </rtept>
   <rtept lat="33.85004600" lon="134.56895900">
   </rtept>
   <rtept lat="33.84928100" lon="134.56940400">
   </rtept>
   <rtept lat="33.84891100" lon="134.56960100">
   </rtept>
   <rtept lat="33.84877300" lon="134.56976100">
   </rtept>
   <rtept lat="33.84865000" lon="134.56992100">
   </rtept>
   <rtept lat="33.84850200" lon="134.57026600">
   </rtept>
   <rtept lat="33.84822000" lon="134.57074700">
   </rtept>
   <rtept lat="33.84819600" lon="134.57133600">
   </rtept>
   <rtept lat="33.84812700" lon="134.57158500">
   </rtept>
   <rtept lat="33.84805300" lon="134.57171000">
   </rtept>
   <rtept lat="33.84784500" lon="134.57185800">
   </rtept>
   <rtept lat="33.84771500" lon="134.57194500">
   </rtept>
   <rtept lat="33.84755700" lon="134.57209300">
   </rtept>
   <rtept lat="33.84726100" lon="134.57247300">
   </rtept>
   <rtept lat="33.84724100" lon="134.57318700">
   </rtept>
   <rtept lat="33.84723600" lon="134.57443400">
   </rtept>
   <rtept lat="33.84719700" lon="134.57465400">
   </rtept>
   <rtept lat="33.84687600" lon="134.57524200">
   </rtept>
   <rtept lat="33.84758700" lon="134.57650200">
   </rtept>
   <rtept lat="33.84804600" lon="134.57733400">
   </rtept>
   <rtept lat="33.84833700" lon="134.57790900">
   </rtept>
   <rtept lat="33.84858900" lon="134.57847300">
   </rtept>
   <rtept lat="33.84885000" lon="134.57883600">
   </rtept>
   <rtept lat="33.84965300" lon="134.57985800">
   </rtept>
   <rtept lat="33.85085800" lon="134.58146800">
   </rtept>
   <rtept lat="33.85104000" lon="134.58204400">
   </rtept>
   <rtept lat="33.85116800" lon="134.58227000">
   </rtept>
   <rtept lat="33.85135100" lon="134.58250800">
   </rtept>
   <rtept lat="33.85124200" lon="134.58258500">
   </rtept>
   <rtept lat="33.85097600" lon="134.58267400">
   </rtept>
   <rtept lat="33.85070500" lon="134.58277500">
   </rtept>
   <rtept lat="33.85051700" lon="134.58292400">
   </rtept>
   <rtept lat="33.85031000" lon="134.58316700">
   </rtept>
   <rtept lat="33.84992500" lon="134.58324500">
   </rtept>
   <rtept lat="33.84968000" lon="134.58331300">
   </rtept>
   <rtept lat="33.84940400" lon="134.58340300">
   </rtept>
   <rtept lat="33.84915700" lon="134.58356300">
   </rtept>
   <rtept lat="33.84862400" lon="134.58378900">
   </rtept>
   <rtept lat="33.84798300" lon="134.58433500">
   </rtept>
   <rtept lat="33.84752400" lon="134.58474500">
   </rtept>
   <rtept lat="33.84722300" lon="134.58505400">
   </rtept>
   <rtept lat="33.84700500" lon="134.58518500">
   </rtept>
   <rtept lat="33.84661100" lon="134.58526200">
   </rtept>
   <rtept lat="33.84622400" lon="134.58533400">
   </rtept>
   <rtept lat="33.84584400" lon="134.58565500">
   </rtept>
   <rtept lat="33.84507900" lon="134.58610600">
   </rtept>
   <rtept lat="33.84454500" lon="134.58640300">
   </rtept>
   <rtept lat="33.84438700" lon="134.58642700">
   </rtept>
   <rtept lat="33.84398200" lon="134.58637400">
   </rtept>
   <rtept lat="33.84363200" lon="134.58630800">
   </rtept>
   <rtept lat="33.84340000" lon="134.58634400">
   </rtept>
   <rtept lat="33.84306400" lon="134.58651000">
   </rtept>
   <rtept lat="33.84156400" lon="134.58718800">
   </rtept>
   <rtept lat="33.84111100" lon="134.58754100">
   </rtept>
   <rtept lat="33.84058300" lon="134.58810000">
   </rtept>
   <rtept lat="33.84048000" lon="134.58819500">
   </rtept>
   <rtept lat="33.84030200" lon="134.58828400">
   </rtept>
   <rtept lat="33.84002600" lon="134.58836100">
   </rtept>
   <rtept lat="33.83967600" lon="134.58830200">
   </rtept>
   <rtept lat="33.83882700" lon="134.58803400">
   </rtept>
   <rtept lat="33.83823000" lon="134.58758300">
   </rtept>
   <rtept lat="33.83769700" lon="134.58750000">
   </rtept>
   <rtept lat="33.83743900" lon="134.58745200">
   </rtept>
   <rtept lat="33.83711300" lon="134.58742200">
   </rtept>
   <rtept lat="33.83625900" lon="134.58745200">
   </rtept>
   <rtept lat="33.83592400" lon="134.58754700">
   </rtept>
   <rtept lat="33.83569700" lon="134.58768400">
   </rtept>
   <rtept lat="33.83548400" lon="134.58794500">
   </rtept>
   <rtept lat="33.83508500" lon="134.58829000">
   </rtept>
   <rtept lat="33.83479300" lon="134.58848600">
   </rtept>
   <rtept lat="33.83464100" lon="134.58852200">
   </rtept>
   <rtept lat="33.83411300" lon="134.58860500">
   </rtept>
   <rtept lat="33.83355600" lon="134.58872400">
   </rtept>
   <rtept lat="33.83312100" lon="134.58887800">
   </rtept>
   <rtept lat="33.83273100" lon="134.58898500">
   </rtept>
   <rtept lat="33.83214900" lon="134.58928800">
   </rtept>
   <rtept lat="33.83163100" lon="134.58975200">
   </rtept>
   <rtept lat="33.83103900" lon="134.58967400">
   </rtept>
   <rtept lat="33.83085200" lon="134.58956100">
   </rtept>
   <rtept lat="33.83050600" lon="134.58913400">
   </rtept>
   <rtept lat="33.83027900" lon="134.58893200">
   </rtept>
   <rtept lat="33.82989400" lon="134.58877700">
   </rtept>
   <rtept lat="33.82881800" lon="134.58867600">
   </rtept>
   <rtept lat="33.82777600" lon="134.58818300">
   </rtept>
   <rtept lat="33.82702500" lon="134.58850400">
   </rtept>
   <rtept lat="33.82732600" lon="134.58945400">
   </rtept>
   <rtept lat="33.82736600" lon="134.58966800">
   </rtept>
   <rtept lat="33.82731600" lon="134.58976300">
   </rtept>
   <rtept lat="33.82722800" lon="134.58980500">
   </rtept>
   <rtept lat="33.82709400" lon="134.58976300">
   </rtept>
   <rtept lat="33.82695100" lon="134.58960300">
   </rtept>
   <rtept lat="33.82677800" lon="134.58940700">
   </rtept>
   <rtept lat="33.82667000" lon="134.58933600">
   </rtept>
   <rtept lat="33.82653200" lon="134.58934200">
   </rtept>
   <rtept lat="33.82639300" lon="134.58944300">
   </rtept>
   <rtept lat="33.82621100" lon="134.58960900">
   </rtept>
   <rtept lat="33.82613700" lon="134.58962100">
   </rtept>
   <rtept lat="33.82606300" lon="134.58960900">
   </rtept>
   <rtept lat="33.82601800" lon="134.58950200">
   </rtept>
   <rtept lat="33.82593900" lon="134.58940100">
   </rtept>
   <rtept lat="33.82582100" lon="134.58935300">
   </rtept>
   <rtept lat="33.82535400" lon="134.58933600">
   </rtept>
   <rtept lat="33.82519100" lon="134.58924100">
   </rtept>
   <rtept lat="33.82493400" lon="134.58868800">
   </rtept>
   <rtept lat="33.82442100" lon="134.58797500">
   </rtept>
   <rtept lat="33.82432700" lon="134.58800500">
   </rtept>
   <rtept lat="33.82429300" lon="134.58814100">
   </rtept>
   <rtept lat="33.82444100" lon="134.58846800">
   </rtept>
   <rtept lat="33.82442100" lon="134.58878900">
   </rtept>
   <rtept lat="33.82461300" lon="134.58907400">
   </rtept>
   <rtept lat="33.82459900" lon="134.58928800">
   </rtept>
   <rtept lat="33.82451000" lon="134.58944900">
   </rtept>
   <rtept lat="33.82437200" lon="134.58964500">
   </rtept>
   <rtept lat="33.82405600" lon="134.58966800">
   </rtept>
   <rtept lat="33.82391700" lon="134.58972800">
   </rtept>
   <rtept lat="33.82380900" lon="134.58982300">
   </rtept>
   <rtept lat="33.82367600" lon="134.59007200">
   </rtept>
   <rtept lat="33.82354200" lon="134.59014400">
   </rtept>
   <rtept lat="33.82323100" lon="134.59014400">
   </rtept>
   <rtept lat="33.82304900" lon="134.59048800">
   </rtept>
   <rtept lat="33.82310800" lon="134.59072600">
   </rtept>
   <rtept lat="33.82308300" lon="134.59085700">
   </rtept>
   <rtept lat="33.82306300" lon="134.59097000">
   </rtept>
   <rtept lat="33.82303900" lon="134.59127300">
   </rtept>
   <rtept lat="33.82295000" lon="134.59133200">
   </rtept>
   <rtept lat="33.82283100" lon="134.59145100">
   </rtept>
   <rtept lat="33.82266400" lon="134.59169500">
   </rtept>
   <rtept lat="33.82259700" lon="134.59183400">
   </rtept>
   <rtept lat="33.82256800" lon="134.59198900">
   </rtept>
   <rtept lat="33.82255800" lon="134.59222000">
   </rtept>
   <rtept lat="33.82253300" lon="134.59231600">
   </rtept>
   <rtept lat="33.82244900" lon="134.59235700">
   </rtept>
   <rtept lat="33.82223200" lon="134.59244000">
   </rtept>
   <rtept lat="33.82219300" lon="134.59248800">
   </rtept>
   <rtept lat="33.82221700" lon="134.59258300">
   </rtept>
   <rtept lat="33.82243000" lon="134.59283300">
   </rtept>
   <rtept lat="33.82237000" lon="134.59316500">
   </rtept>
   <rtept lat="33.82236500" lon="134.59343900">
   </rtept>
   <rtept lat="33.82229100" lon="134.59352200">
   </rtept>
   <rtept lat="33.82217300" lon="134.59352800">
   </rtept>
   <rtept lat="33.82210400" lon="134.59350400">
   </rtept>
   <rtept lat="33.82171900" lon="134.59361700">
   </rtept>
   <rtept lat="33.82157600" lon="134.59367600">
   </rtept>
   <rtept lat="33.82142300" lon="134.59377700">
   </rtept>
   <rtept lat="33.82136300" lon="134.59378900">
   </rtept>
   <rtept lat="33.82123000" lon="134.59375900">
   </rtept>
   <rtept lat="33.82112600" lon="134.59362300">
   </rtept>
   <rtept lat="33.82099300" lon="134.59337300">
   </rtept>
   <rtept lat="33.82088900" lon="134.59329600">
   </rtept>
   <rtept lat="33.82076600" lon="134.59329600">
   </rtept>
   <rtept lat="33.82072600" lon="134.59331400">
   </rtept>
   <rtept lat="33.82079600" lon="134.59386000">
   </rtept>
   <rtept lat="33.82070700" lon="134.59396200">
   </rtept>
   <rtept lat="33.82056900" lon="134.59408000">
   </rtept>
   <rtept lat="33.82044500" lon="134.59435400">
   </rtept>
   <rtept lat="33.82036100" lon="134.59442500">
   </rtept>
   <rtept lat="33.82016500" lon="134.59441300">
   </rtept>
   <rtept lat="33.81999200" lon="134.59438900">
   </rtept>
   <rtept lat="33.81971500" lon="134.59439500">
   </rtept>
   <rtept lat="33.81963600" lon="134.59446700">
   </rtept>
   <rtept lat="33.81947400" lon="134.59491200">
   </rtept>
   <rtept lat="33.81935500" lon="134.59509000">
   </rtept>
   <rtept lat="33.81921200" lon="134.59533400">
   </rtept>
   <rtept lat="33.81897000" lon="134.59613000">
   </rtept>
   <rtept lat="33.81890600" lon="134.59614600">
   </rtept>
   <rtept lat="33.81862400" lon="134.59599100">
   </rtept>
   <rtept lat="33.81857500" lon="134.59601500">
   </rtept>
   <rtept lat="33.81844700" lon="134.59611000">
   </rtept>
   <rtept lat="33.81835800" lon="134.59632400">
   </rtept>
   <rtept lat="33.81836300" lon="134.59648400">
   </rtept>
   <rtept lat="33.81851600" lon="134.59696000">
   </rtept>
   <rtept lat="33.81847100" lon="134.59705500">
   </rtept>
   <rtept lat="33.81836300" lon="134.59711400">
   </rtept>
   <rtept lat="33.81810600" lon="134.59716800">
   </rtept>
   <rtept lat="33.81772100" lon="134.59649000">
   </rtept>
   <rtept lat="33.81763200" lon="134.59646700">
   </rtept>
   <rtept lat="33.81730600" lon="134.59647900">
   </rtept>
   <rtept lat="33.81720300" lon="134.59652000">
   </rtept>
 </rte>
 <rte>
  <name>SHIKOKU_TKS_17(明神山大海原のみち)</name>
   <rtept lat="33.79244200" lon="134.63595600">
   </rtept>
   <rtept lat="33.79249100" lon="134.63612200">
   </rtept>
   <rtept lat="33.79244200" lon="134.63690700">
   </rtept>
   <rtept lat="33.79230300" lon="134.63721600">
   </rtept>
   <rtept lat="33.79198700" lon="134.63763200">
   </rtept>
   <rtept lat="33.79196800" lon="134.63794100">
   </rtept>
   <rtept lat="33.79188900" lon="134.63810700">
   </rtept>
   <rtept lat="33.79165100" lon="134.63849900">
   </rtept>
   <rtept lat="33.79174000" lon="134.63863000">
   </rtept>
   <rtept lat="33.79198700" lon="134.63886700">
   </rtept>
   <rtept lat="33.79222400" lon="134.63910500">
   </rtept>
   <rtept lat="33.79242200" lon="134.63935500">
   </rtept>
   <rtept lat="33.79266900" lon="134.63964000">
   </rtept>
   <rtept lat="33.79305400" lon="134.63984200">
   </rtept>
   <rtept lat="33.79369600" lon="134.64008000">
   </rtept>
   <rtept lat="33.79382400" lon="134.64019800">
   </rtept>
   <rtept lat="33.79390300" lon="134.64038900">
   </rtept>
   <rtept lat="33.79409100" lon="134.64035300">
   </rtept>
   <rtept lat="33.79427700" lon="134.64050000">
   </rtept>
   <rtept lat="33.79453900" lon="134.64074300">
   </rtept>
   <rtept lat="33.79480600" lon="134.64098700">
   </rtept>
   <rtept lat="33.79511200" lon="134.64111800">
   </rtept>
   <rtept lat="33.79539300" lon="134.64115300">
   </rtept>
   <rtept lat="33.79563500" lon="134.64101700">
   </rtept>
   <rtept lat="33.79590700" lon="134.64101700">
   </rtept>
   <rtept lat="33.79609900" lon="134.64094500">
   </rtept>
   <rtept lat="33.79638600" lon="134.64087400">
   </rtept>
   <rtept lat="33.79657300" lon="134.64091000">
   </rtept>
   <rtept lat="33.79705200" lon="134.64101700">
   </rtept>
   <rtept lat="33.79735000" lon="134.64102300">
   </rtept>
   <rtept lat="33.79758200" lon="134.64107000">
   </rtept>
   <rtept lat="33.79778400" lon="134.64118900">
   </rtept>
   <rtept lat="33.79820400" lon="134.64159300">
   </rtept>
   <rtept lat="33.79881100" lon="134.64195000">
   </rtept>
   <rtept lat="33.79890500" lon="134.64197300">
   </rtept>
   <rtept lat="33.79911200" lon="134.64198500">
   </rtept>
   <rtept lat="33.79917200" lon="134.64195000">
   </rtept>
   <rtept lat="33.79928000" lon="134.64195000">
   </rtept>
   <rtept lat="33.79946800" lon="134.64197300">
   </rtept>
   <rtept lat="33.79960600" lon="134.64197900">
   </rtept>
   <rtept lat="33.79987300" lon="134.64198500">
   </rtept>
   <rtept lat="33.80013900" lon="134.64197300">
   </rtept>
   <rtept lat="33.80048000" lon="134.64207400">
   </rtept>
   <rtept lat="33.80064300" lon="134.64214600">
   </rtept>
   <rtept lat="33.80082400" lon="134.64225900">
   </rtept>
   <rtept lat="33.80096200" lon="134.64238300">
   </rtept>
   <rtept lat="33.80103600" lon="134.64245500">
   </rtept>
   <rtept lat="33.80103600" lon="134.64251400">
   </rtept>
   <rtept lat="33.80101600" lon="134.64257400">
   </rtept>
   <rtept lat="33.80095200" lon="134.64269800">
   </rtept>
   <rtept lat="33.80092800" lon="134.64278200">
   </rtept>
   <rtept lat="33.80097200" lon="134.64283500">
   </rtept>
   <rtept lat="33.80116500" lon="134.64290000">
   </rtept>
   <rtept lat="33.80145100" lon="134.64292400">
   </rtept>
   <rtept lat="33.80191000" lon="134.64292400">
   </rtept>
   <rtept lat="33.80198400" lon="134.64289400">
   </rtept>
   <rtept lat="33.80211300" lon="134.64260300">
   </rtept>
   <rtept lat="33.80216700" lon="134.64255000">
   </rtept>
   <rtept lat="33.80237400" lon="134.64255000">
   </rtept>
   <rtept lat="33.80243300" lon="134.64207400">
   </rtept>
   <rtept lat="33.80251700" lon="134.64190200">
   </rtept>
   <rtept lat="33.80276400" lon="134.64178300">
   </rtept>
   <rtept lat="33.80310500" lon="134.64174200">
   </rtept>
   <rtept lat="33.80334200" lon="134.64172400">
   </rtept>
   <rtept lat="33.80345100" lon="134.64163500">
   </rtept>
   <rtept lat="33.80370300" lon="134.64139700">
   </rtept>
   <rtept lat="33.80415300" lon="134.64147600">
   </rtept>
   <rtept lat="33.80423000" lon="134.64154000">
   </rtept>
   <rtept lat="33.80425400" lon="134.64165400">
   </rtept>
   <rtept lat="33.80432008" lon="134.64200375">
   </rtept>
   <rtept lat="33.80440800" lon="134.64241000">
   </rtept>
   <rtept lat="33.80452600" lon="134.64263800">
   </rtept>
   <rtept lat="33.80461500" lon="134.64304500">
   </rtept>
   <rtept lat="33.80465100" lon="134.64345800">
   </rtept>
   <rtept lat="33.80465700" lon="134.64372900">
   </rtept>
   <rtept lat="33.80470400" lon="134.64395700">
   </rtept>
   <rtept lat="33.80477265" lon="134.64404660">
   </rtept>
   <rtept lat="33.80471000" lon="134.64439900">
   </rtept>
   <rtept lat="33.80475100" lon="134.64457000">
   </rtept>
   <rtept lat="33.80482800" lon="134.64469900">
   </rtept>
   <rtept lat="33.80523918" lon="134.64505943">
   </rtept>
   <rtept lat="33.80536725" lon="134.64527961">
   </rtept>
   <rtept lat="33.80524833" lon="134.64557685">
   </rtept>
   <rtept lat="33.80540384" lon="134.64569795">
   </rtept>
   <rtept lat="33.80538700" lon="134.64599200">
   </rtept>
   <rtept lat="33.80542900" lon="134.64637700">
   </rtept>
   <rtept lat="33.80552400" lon="134.64634200">
   </rtept>
   <rtept lat="33.80571900" lon="134.64649900">
   </rtept>
   <rtept lat="33.80573100" lon="134.64669800">
   </rtept>
   <rtept lat="33.80574300" lon="134.64699800">
   </rtept>
   <rtept lat="33.80566913" lon="134.64726122">
   </rtept>
   <rtept lat="33.80562339" lon="134.64782268">
   </rtept>
   <rtept lat="33.80550447" lon="134.64811992">
   </rtept>
   <rtept lat="33.80531237" lon="134.64838414">
   </rtept>
   <rtept lat="33.80563253" lon="134.64907770">
   </rtept>
   <rtept lat="33.80575500" lon="134.64965000">
   </rtept>
   <rtept lat="33.80565083" lon="134.65005750">
   </rtept>
   <rtept lat="33.80564168" lon="134.65060795">
   </rtept>
   <rtept lat="33.80572401" lon="134.65094923">
   </rtept>
   <rtept lat="33.80534896" lon="134.65069602">
   </rtept>
   <rtept lat="33.80572401" lon="134.65094923">
   </rtept>
   <rtept lat="33.80564168" lon="134.65060795">
   </rtept>
   <rtept lat="33.80566913" lon="134.65021163">
   </rtept>
   <rtept lat="33.80571300" lon="134.64994200">
   </rtept>
   <rtept lat="33.80568742" lon="134.64985934">
   </rtept>
   <rtept lat="33.80575500" lon="134.64965000">
   </rtept>
   <rtept lat="33.80563253" lon="134.64907770">
   </rtept>
   <rtept lat="33.80531237" lon="134.64838414">
   </rtept>
   <rtept lat="33.80550447" lon="134.64811992">
   </rtept>
   <rtept lat="33.80562339" lon="134.64782268">
   </rtept>
   <rtept lat="33.80566913" lon="134.64726122">
   </rtept>
   <rtept lat="33.80574300" lon="134.64699800">
   </rtept>
   <rtept lat="33.80573100" lon="134.64669800">
   </rtept>
   <rtept lat="33.80571900" lon="134.64649900">
   </rtept>
   <rtept lat="33.80560700" lon="134.64637000">
   </rtept>
   <rtept lat="33.80552400" lon="134.64634200">
   </rtept>
   <rtept lat="33.80542900" lon="134.64637700">
   </rtept>
   <rtept lat="33.80538700" lon="134.64599200">
   </rtept>
   <rtept lat="33.80540384" lon="134.64569795">
   </rtept>
   <rtept lat="33.80524833" lon="134.64557685">
   </rtept>
   <rtept lat="33.80536725" lon="134.64527961">
   </rtept>
   <rtept lat="33.80523918" lon="134.64505943">
   </rtept>
   <rtept lat="33.80482800" lon="134.64469900">
   </rtept>
   <rtept lat="33.80475100" lon="134.64457000">
   </rtept>
   <rtept lat="33.80471000" lon="134.64439900">
   </rtept>
   <rtept lat="33.80472800" lon="134.64425700">
   </rtept>
   <rtept lat="33.80477265" lon="134.64404660">
   </rtept>
   <rtept lat="33.80470400" lon="134.64395700">
   </rtept>
   <rtept lat="33.80465700" lon="134.64372900">
   </rtept>
   <rtept lat="33.80465100" lon="134.64345800">
   </rtept>
   <rtept lat="33.80461500" lon="134.64304500">
   </rtept>
   <rtept lat="33.80460900" lon="134.64277400">
   </rtept>
   <rtept lat="33.80452600" lon="134.64263800">
   </rtept>
   <rtept lat="33.80440800" lon="134.64241000">
   </rtept>
   <rtept lat="33.80432008" lon="134.64200375">
   </rtept>
   <rtept lat="33.80432008" lon="134.64200375">
   </rtept>
   <rtept lat="33.80425400" lon="134.64165400">
   </rtept>
   <rtept lat="33.80423000" lon="134.64154000">
   </rtept>
   <rtept lat="33.80415300" lon="134.64147600">
   </rtept>
   <rtept lat="33.80392800" lon="134.64143300">
   </rtept>
   <rtept lat="33.80370300" lon="134.64139700">
   </rtept>
   <rtept lat="33.80377000" lon="134.64127900">
   </rtept>
   <rtept lat="33.80386500" lon="134.64116500">
   </rtept>
   <rtept lat="33.80388900" lon="134.64074700">
   </rtept>
   <rtept lat="33.80402300" lon="134.64036600">
   </rtept>
   <rtept lat="33.80410200" lon="134.64020500">
   </rtept>
   <rtept lat="33.80399900" lon="134.64000500">
   </rtept>
   <rtept lat="33.80387300" lon="134.63979600">
   </rtept>
   <rtept lat="33.80389700" lon="134.63936800">
   </rtept>
   <rtept lat="33.80388900" lon="134.63897800">
   </rtept>
   <rtept lat="33.80391200" lon="134.63880700">
   </rtept>
   <rtept lat="33.80418100" lon="134.63839800">
   </rtept>
   <rtept lat="33.80418100" lon="134.63827500">
   </rtept>
   <rtept lat="33.80434700" lon="134.63795100">
   </rtept>
   <rtept lat="33.80445800" lon="134.63779900">
   </rtept>
   <rtept lat="33.80445000" lon="134.63733400">
   </rtept>
   <rtept lat="33.80465500" lon="134.63723800">
   </rtept>
   <rtept lat="33.80476600" lon="134.63711500">
   </rtept>
   <rtept lat="33.80496300" lon="134.63701000">
   </rtept>
   <rtept lat="33.80512900" lon="134.63690600">
   </rtept>
   <rtept lat="33.80528700" lon="134.63683900">
   </rtept>
   <rtept lat="33.80527900" lon="134.63653500">
   </rtept>
   <rtept lat="33.80519200" lon="134.63635400">
   </rtept>
   <rtept lat="33.80537400" lon="134.63599300">
   </rtept>
   <rtept lat="33.80540600" lon="134.63566000">
   </rtept>
   <rtept lat="33.80548500" lon="134.63541300">
   </rtept>
   <rtept lat="33.80576100" lon="134.63509900">
   </rtept>
   <rtept lat="33.80587200" lon="134.63489000">
   </rtept>
   <rtept lat="33.80591100" lon="134.63456700">
   </rtept>
   <rtept lat="33.80588000" lon="134.63434800">
   </rtept>
   <rtept lat="33.80564300" lon="134.63382500">
   </rtept>
   <rtept lat="33.80554000" lon="134.63342600">
   </rtept>
   <rtept lat="33.80555600" lon="134.63317900">
   </rtept>
   <rtept lat="33.80564300" lon="134.63282700">
   </rtept>
   <rtept lat="33.80570600" lon="134.63243700">
   </rtept>
   <rtept lat="33.80583200" lon="134.63213300">
   </rtept>
   <rtept lat="33.80606800" lon="134.63203900">
   </rtept>
   <rtept lat="33.80638900" lon="134.63189000">
   </rtept>
   <rtept lat="33.80656700" lon="134.63177700">
   </rtept>
   <rtept lat="33.80687300" lon="134.63158100">
   </rtept>
   <rtept lat="33.80705000" lon="134.63136100">
   </rtept>
   <rtept lat="33.80715900" lon="134.63122500">
   </rtept>
   <rtept lat="33.80731700" lon="134.63094000">
   </rtept>
   <rtept lat="33.80756400" lon="134.63097500">
   </rtept>
   <rtept lat="33.80777100" lon="134.63104600">
   </rtept>
   <rtept lat="33.80789000" lon="134.63104100">
   </rtept>
   <rtept lat="33.80804800" lon="134.63095700">
   </rtept>
   <rtept lat="33.80844300" lon="134.63086200">
   </rtept>
   <rtept lat="33.80854100" lon="134.63079700">
   </rtept>
   <rtept lat="33.80859600" lon="134.63060100">
   </rtept>
   <rtept lat="33.80861100" lon="134.63030400">
   </rtept>
   <rtept lat="33.80869900" lon="134.62961400">
   </rtept>
   <rtept lat="33.80872400" lon="134.62944200">
   </rtept>
   <rtept lat="33.80878300" lon="134.62926400">
   </rtept>
   <rtept lat="33.80896600" lon="134.62891300">
   </rtept>
   <rtept lat="33.80903500" lon="134.62877700">
   </rtept>
   <rtept lat="33.80903500" lon="134.62856300">
   </rtept>
   <rtept lat="33.80899600" lon="134.62834300">
   </rtept>
   <rtept lat="33.80900100" lon="134.62801000">
   </rtept>
   <rtept lat="33.80908500" lon="134.62779000">
   </rtept>
   <rtept lat="33.80924300" lon="134.62770100">
   </rtept>
   <rtept lat="33.80932200" lon="134.62770700">
   </rtept>
   <rtept lat="33.80956300" lon="134.62776600">
   </rtept>
   <rtept lat="33.80976100" lon="134.62778400">
   </rtept>
   <rtept lat="33.80999300" lon="134.62778400">
   </rtept>
   <rtept lat="33.81012100" lon="134.62775500">
   </rtept>
   <rtept lat="33.81021000" lon="134.62769500">
   </rtept>
   <rtept lat="33.81030400" lon="134.62741000">
   </rtept>
   <rtept lat="33.81036300" lon="134.62717800">
   </rtept>
   <rtept lat="33.81045700" lon="134.62698800">
   </rtept>
   <rtept lat="33.81059500" lon="134.62675000">
   </rtept>
   <rtept lat="33.81070900" lon="134.62662600">
   </rtept>
   <rtept lat="33.81085200" lon="134.62653600">
   </rtept>
   <rtept lat="33.81105000" lon="134.62654200">
   </rtept>
   <rtept lat="33.81120700" lon="134.62659000">
   </rtept>
   <rtept lat="33.81147900" lon="134.62674400">
   </rtept>
   <rtept lat="33.81169600" lon="134.62686300">
   </rtept>
   <rtept lat="33.81179500" lon="134.62686300">
   </rtept>
   <rtept lat="33.81187400" lon="134.62681600">
   </rtept>
   <rtept lat="33.81207100" lon="134.62643000">
   </rtept>
   <rtept lat="33.81220000" lon="134.62610900">
   </rtept>
   <rtept lat="33.81235300" lon="134.62588300">
   </rtept>
   <rtept lat="33.81242200" lon="134.62572800">
   </rtept>
   <rtept lat="33.81247600" lon="134.62531200">
   </rtept>
   <rtept lat="33.81285200" lon="134.62483700">
   </rtept>
   <rtept lat="33.81281700" lon="134.62474200">
   </rtept>
   <rtept lat="33.81271300" lon="134.62435000">
   </rtept>
   <rtept lat="33.81240700" lon="134.62329200">
   </rtept>
   <rtept lat="33.81203200" lon="134.62228200">
   </rtept>
   <rtept lat="33.81131100" lon="134.62102200">
   </rtept>
   <rtept lat="33.81115800" lon="134.62064700">
   </rtept>
   <rtept lat="33.81077300" lon="134.61971700">
   </rtept>
   <rtept lat="33.81028200" lon="134.61838300">
   </rtept>
   <rtept lat="33.81025200" lon="134.61826200">
   </rtept>
   <rtept lat="33.81023400" lon="134.61772000">
   </rtept>
   <rtept lat="33.80999400" lon="134.61653300">
   </rtept>
   <rtept lat="33.81002400" lon="134.61653300">
   </rtept>
   <rtept lat="33.81011600" lon="134.61654000">
   </rtept>
   <rtept lat="33.81018100" lon="134.61657600">
   </rtept>
   <rtept lat="33.81020200" lon="134.61673300">
   </rtept>
   <rtept lat="33.81023700" lon="134.61686100">
   </rtept>
   <rtept lat="33.81026700" lon="134.61692200">
   </rtept>
   <rtept lat="33.81039700" lon="134.61695700">
   </rtept>
   <rtept lat="33.81054200" lon="134.61699300">
   </rtept>
   <rtept lat="33.81068700" lon="134.61706800">
   </rtept>
   <rtept lat="33.81070200" lon="134.61723500">
   </rtept>
   <rtept lat="33.81070800" lon="134.61733900">
   </rtept>
   <rtept lat="33.81075600" lon="134.61745600">
   </rtept>
   <rtept lat="33.81082100" lon="134.61751300">
   </rtept>
   <rtept lat="33.81092400" lon="134.61761000">
   </rtept>
   <rtept lat="33.81098100" lon="134.61772400">
   </rtept>
   <rtept lat="33.81101300" lon="134.61785600">
   </rtept>
   <rtept lat="33.81110200" lon="134.61804500">
   </rtept>
   <rtept lat="33.81124100" lon="134.61818700">
   </rtept>
   <rtept lat="33.81132700" lon="134.61839400">
   </rtept>
   <rtept lat="33.81139800" lon="134.61844400">
   </rtept>
   <rtept lat="33.81176700" lon="134.61841700">
   </rtept>
   <rtept lat="33.81182100" lon="134.61817400">
   </rtept>
   <rtept lat="33.81190500" lon="134.61799300">
   </rtept>
   <rtept lat="33.81207000" lon="134.61792400">
   </rtept>
   <rtept lat="33.81243800" lon="134.61785300">
   </rtept>
   <rtept lat="33.81257600" lon="134.61775800">
   </rtept>
   <rtept lat="33.81265500" lon="134.61761200">
   </rtept>
   <rtept lat="33.81266300" lon="134.61751100">
   </rtept>
   <rtept lat="33.81259100" lon="134.61738100">
   </rtept>
   <rtept lat="33.81245300" lon="134.61721100">
   </rtept>
   <rtept lat="33.81239600" lon="134.61708400">
   </rtept>
   <rtept lat="33.81239800" lon="134.61700000">
   </rtept>
   <rtept lat="33.81243800" lon="134.61686100">
   </rtept>
   <rtept lat="33.81246000" lon="134.61651600">
   </rtept>
   <rtept lat="33.81248700" lon="134.61634400">
   </rtept>
   <rtept lat="33.81252400" lon="134.61613300">
   </rtept>
   <rtept lat="33.81257400" lon="134.61596700">
   </rtept>
   <rtept lat="33.81269000" lon="134.61573200">
   </rtept>
   <rtept lat="33.81278400" lon="134.61553300">
   </rtept>
   <rtept lat="33.81288800" lon="134.61516800">
   </rtept>
   <rtept lat="33.81299000" lon="134.61487800">
   </rtept>
   <rtept lat="33.81312500" lon="134.61474200">
   </rtept>
   <rtept lat="33.81318000" lon="134.61466400">
   </rtept>
   <rtept lat="33.81326400" lon="134.61443000">
   </rtept>
   <rtept lat="33.81337700" lon="134.61415300">
   </rtept>
   <rtept lat="33.81353000" lon="134.61393600">
   </rtept>
   <rtept lat="33.81368600" lon="134.61379700">
   </rtept>
   <rtept lat="33.81389800" lon="134.61364200">
   </rtept>
   <rtept lat="33.81406900" lon="134.61351200">
   </rtept>
   <rtept lat="33.81431900" lon="134.61336600">
   </rtept>
   <rtept lat="33.81444400" lon="134.61331600">
   </rtept>
   <rtept lat="33.81467200" lon="134.61325000">
   </rtept>
   <rtept lat="33.81474600" lon="134.61320300">
   </rtept>
   <rtept lat="33.81488100" lon="134.61302400">
   </rtept>
   <rtept lat="33.81497300" lon="134.61292300">
   </rtept>
   <rtept lat="33.81506400" lon="134.61287300">
   </rtept>
   <rtept lat="33.81517300" lon="134.61285500">
   </rtept>
   <rtept lat="33.81541200" lon="134.61278400">
   </rtept>
   <rtept lat="33.81583200" lon="134.61259300">
   </rtept>
   <rtept lat="33.81596900" lon="134.61251100">
   </rtept>
   <rtept lat="33.81608700" lon="134.61239400">
   </rtept>
   <rtept lat="33.81620600" lon="134.61221900">
   </rtept>
   <rtept lat="33.81638300" lon="134.61196200">
   </rtept>
   <rtept lat="33.81662300" lon="134.61168800">
   </rtept>
   <rtept lat="33.81671500" lon="134.61161300">
   </rtept>
   <rtept lat="33.81678900" lon="134.61159800">
   </rtept>
   <rtept lat="33.81699400" lon="134.61158400">
   </rtept>
   <rtept lat="33.81712400" lon="134.61154900">
   </rtept>
   <rtept lat="33.81721900" lon="134.61142000">
   </rtept>
   <rtept lat="33.81723900" lon="134.61131300">
   </rtept>
   <rtept lat="33.81726000" lon="134.61110600">
   </rtept>
   <rtept lat="33.81726800" lon="134.61092600">
   </rtept>
   <rtept lat="33.81728600" lon="134.61081200">
   </rtept>
   <rtept lat="33.81740500" lon="134.61069800">
   </rtept>
   <rtept lat="33.81757100" lon="134.61052000">
   </rtept>
   <rtept lat="33.81778400" lon="134.61024900">
   </rtept>
   <rtept lat="33.81783700" lon="134.61015600">
   </rtept>
   <rtept lat="33.81803300" lon="134.61009900">
   </rtept>
   <rtept lat="33.81829900" lon="134.61007100">
   </rtept>
   <rtept lat="33.81838800" lon="134.60997800">
   </rtept>
   <rtept lat="33.81855400" lon="134.60970700">
   </rtept>
   <rtept lat="33.81884400" lon="134.60908000">
   </rtept>
   <rtept lat="33.81899800" lon="134.60885100">
   </rtept>
   <rtept lat="33.81916400" lon="134.60878000">
   </rtept>
   <rtept lat="33.81941900" lon="134.60868000">
   </rtept>
   <rtept lat="33.81952000" lon="134.60856600">
   </rtept>
   <rtept lat="33.81958500" lon="134.60835900">
   </rtept>
   <rtept lat="33.81957300" lon="134.60811700">
   </rtept>
   <rtept lat="33.81960000" lon="134.60772800">
   </rtept>
   <rtept lat="33.81962400" lon="134.60761400">
   </rtept>
   <rtept lat="33.81970100" lon="134.60744300">
   </rtept>
   <rtept lat="33.82031100" lon="134.60698000">
   </rtept>
   <rtept lat="33.82036400" lon="134.60689400">
   </rtept>
   <rtept lat="33.82047700" lon="134.60656600">
   </rtept>
   <rtept lat="33.82056600" lon="134.60635200">
   </rtept>
   <rtept lat="33.82066100" lon="134.60628800">
   </rtept>
   <rtept lat="33.82077300" lon="134.60622400">
   </rtept>
   <rtept lat="33.82097400" lon="134.60625200">
   </rtept>
   <rtept lat="33.82117000" lon="134.60630200">
   </rtept>
   <rtept lat="33.82130600" lon="134.60626000">
   </rtept>
   <rtept lat="33.82141900" lon="134.60611700">
   </rtept>
   <rtept lat="33.82150200" lon="134.60590300">
   </rtept>
   <rtept lat="33.82165000" lon="134.60529000">
   </rtept>
   <rtept lat="33.82191600" lon="134.60445600">
   </rtept>
   <rtept lat="33.82200500" lon="134.60409900">
   </rtept>
   <rtept lat="33.82221300" lon="134.60376400">
   </rtept>
   <rtept lat="33.82228400" lon="134.60380000">
   </rtept>
   <rtept lat="33.82357300" lon="134.60501200">
   </rtept>
 </rte>
 <rte>
  <name>SHIKOKU_TKS_18(阿部由岐湖騒のみち)</name>
   <rtept lat="33.79245100" lon="134.63571800">
   </rtept>
   <rtept lat="33.79247700" lon="134.63547100">
   </rtept>
   <rtept lat="33.79258300" lon="134.63534300">
   </rtept>
   <rtept lat="33.79277900" lon="134.63522200">
   </rtept>
   <rtept lat="33.79288000" lon="134.63505100">
   </rtept>
   <rtept lat="33.79288000" lon="134.63486500">
   </rtept>
   <rtept lat="33.79277900" lon="134.63467300">
   </rtept>
   <rtept lat="33.79263700" lon="134.63468000">
   </rtept>
   <rtept lat="33.79245300" lon="134.63477300">
   </rtept>
   <rtept lat="33.79219800" lon="134.63490800">
   </rtept>
   <rtept lat="33.79203200" lon="134.63507900">
   </rtept>
   <rtept lat="33.79192600" lon="134.63530000">
   </rtept>
   <rtept lat="33.79187200" lon="134.63557100">
   </rtept>
   <rtept lat="33.79183700" lon="134.63602000">
   </rtept>
   <rtept lat="33.79177200" lon="134.63649100">
   </rtept>
   <rtept lat="33.79159400" lon="134.63681200">
   </rtept>
   <rtept lat="33.79132700" lon="134.63679100">
   </rtept>
   <rtept lat="33.79109600" lon="134.63634100">
   </rtept>
   <rtept lat="33.79097200" lon="134.63629100">
   </rtept>
   <rtept lat="33.79090600" lon="134.63634800">
   </rtept>
   <rtept lat="33.79053100" lon="134.63660500">
   </rtept>
   <rtept lat="33.79032900" lon="134.63660500">
   </rtept>
   <rtept lat="33.79004500" lon="134.63649800">
   </rtept>
   <rtept lat="33.78950600" lon="134.63615600">
   </rtept>
   <rtept lat="33.78923300" lon="134.63603500">
   </rtept>
   <rtept lat="33.78908500" lon="134.63614200">
   </rtept>
   <rtept lat="33.78905500" lon="134.63634800">
   </rtept>
   <rtept lat="33.78902000" lon="134.63656200">
   </rtept>
   <rtept lat="33.78889500" lon="134.63666200">
   </rtept>
   <rtept lat="33.78852800" lon="134.63677600">
   </rtept>
   <rtept lat="33.78797100" lon="134.63720400">
   </rtept>
   <rtept lat="33.78785800" lon="134.63735400">
   </rtept>
   <rtept lat="33.78785200" lon="134.63744700">
   </rtept>
   <rtept lat="33.78803600" lon="134.63781700">
   </rtept>
   <rtept lat="33.78804200" lon="134.63796700">
   </rtept>
   <rtept lat="33.78799400" lon="134.63803800">
   </rtept>
   <rtept lat="33.78790000" lon="134.63802400">
   </rtept>
   <rtept lat="33.78773400" lon="134.63782400">
   </rtept>
   <rtept lat="33.78752600" lon="134.63762500">
   </rtept>
   <rtept lat="33.78734800" lon="134.63763200">
   </rtept>
   <rtept lat="33.78689800" lon="134.63795300">
   </rtept>
   <rtept lat="33.78679100" lon="134.63791700">
   </rtept>
   <rtept lat="33.78680300" lon="134.63774600">
   </rtept>
   <rtept lat="33.78695100" lon="134.63750400">
   </rtept>
   <rtept lat="33.78704000" lon="134.63725400">
   </rtept>
   <rtept lat="33.78714100" lon="134.63714000">
   </rtept>
   <rtept lat="33.78743700" lon="134.63693300">
   </rtept>
   <rtept lat="33.78769800" lon="134.63659800">
   </rtept>
   <rtept lat="33.78791100" lon="134.63647700">
   </rtept>
   <rtept lat="33.78803000" lon="134.63631300">
   </rtept>
   <rtept lat="33.78802400" lon="134.63594200">
   </rtept>
   <rtept lat="33.78804200" lon="134.63575700">
   </rtept>
   <rtept lat="33.78807100" lon="134.63512200">
   </rtept>
   <rtept lat="33.78812500" lon="134.63489400">
   </rtept>
   <rtept lat="33.78824500" lon="134.63476500">
   </rtept>
   <rtept lat="33.78865300" lon="134.63427300">
   </rtept>
   <rtept lat="33.78890200" lon="134.63393100">
   </rtept>
   <rtept lat="33.78912200" lon="134.63353100">
   </rtept>
   <rtept lat="33.78925200" lon="134.63324600">
   </rtept>
   <rtept lat="33.78926400" lon="134.63296800">
   </rtept>
   <rtept lat="33.78914500" lon="134.63269000">
   </rtept>
   <rtept lat="33.78893200" lon="134.63235500">
   </rtept>
   <rtept lat="33.78870700" lon="134.63218400">
   </rtept>
   <rtept lat="33.78853500" lon="134.63219100">
   </rtept>
   <rtept lat="33.78820300" lon="134.63219100">
   </rtept>
   <rtept lat="33.78798400" lon="134.63216900">
   </rtept>
   <rtept lat="33.78785300" lon="134.63208400">
   </rtept>
   <rtept lat="33.78774100" lon="134.63187700">
   </rtept>
   <rtept lat="33.78774100" lon="134.63169200">
   </rtept>
   <rtept lat="33.78781200" lon="134.63141400">
   </rtept>
   <rtept lat="33.78790700" lon="134.63132100">
   </rtept>
   <rtept lat="33.78839900" lon="134.63120000">
   </rtept>
   <rtept lat="33.78917500" lon="134.63101400">
   </rtept>
   <rtept lat="33.78944200" lon="134.63091400">
   </rtept>
   <rtept lat="33.78951900" lon="134.63066500">
   </rtept>
   <rtept lat="33.78953600" lon="134.63026600">
   </rtept>
   <rtept lat="33.78949500" lon="134.62968800">
   </rtept>
   <rtept lat="33.78965000" lon="134.62940200">
   </rtept>
   <rtept lat="33.78984600" lon="134.62921000">
   </rtept>
   <rtept lat="33.79007700" lon="134.62907400">
   </rtept>
   <rtept lat="33.79026100" lon="134.62884600">
   </rtept>
   <rtept lat="33.79036700" lon="134.62841100">
   </rtept>
   <rtept lat="33.79033800" lon="134.62804000">
   </rtept>
   <rtept lat="33.79017200" lon="134.62779800">
   </rtept>
   <rtept lat="33.79000600" lon="134.62749100">
   </rtept>
   <rtept lat="33.79001800" lon="134.62723500">
   </rtept>
   <rtept lat="33.79016000" lon="134.62705600">
   </rtept>
   <rtept lat="33.79039700" lon="134.62686400">
   </rtept>
   <rtept lat="33.79091300" lon="134.62671400">
   </rtept>
   <rtept lat="33.79104300" lon="134.62665000">
   </rtept>
   <rtept lat="33.79118500" lon="134.62647200">
   </rtept>
   <rtept lat="33.79140100" lon="134.62604400">
   </rtept>
   <rtept lat="33.79165000" lon="134.62563700">
   </rtept>
   <rtept lat="33.79150700" lon="134.62490300">
   </rtept>
   <rtept lat="33.79141900" lon="134.62452500">
   </rtept>
   <rtept lat="33.79141300" lon="134.62428300">
   </rtept>
   <rtept lat="33.79146600" lon="134.62409000">
   </rtept>
   <rtept lat="33.79157900" lon="134.62390500">
   </rtept>
   <rtept lat="33.79197000" lon="134.62377600">
   </rtept>
   <rtept lat="33.79213000" lon="134.62366900">
   </rtept>
   <rtept lat="33.79231300" lon="134.62347700">
   </rtept>
   <rtept lat="33.79247300" lon="134.62320600">
   </rtept>
   <rtept lat="33.79266300" lon="134.62308500">
   </rtept>
   <rtept lat="33.79293000" lon="134.62313500">
   </rtept>
   <rtept lat="33.79321400" lon="134.62317700">
   </rtept>
   <rtept lat="33.79332100" lon="134.62334100">
   </rtept>
   <rtept lat="33.79343900" lon="134.62349100">
   </rtept>
   <rtept lat="33.79363500" lon="134.62362700">
   </rtept>
   <rtept lat="33.79388400" lon="134.62359100">
   </rtept>
   <rtept lat="33.79414400" lon="134.62355500">
   </rtept>
   <rtept lat="33.79426500" lon="134.62359100">
   </rtept>
   <rtept lat="33.79431300" lon="134.62367700">
   </rtept>
   <rtept lat="33.79436000" lon="134.62389800">
   </rtept>
   <rtept lat="33.79447900" lon="134.62410400">
   </rtept>
   <rtept lat="33.79462100" lon="134.62419700">
   </rtept>
   <rtept lat="33.79473300" lon="134.62436100">
   </rtept>
   <rtept lat="33.79487600" lon="134.62452500">
   </rtept>
   <rtept lat="33.79500000" lon="134.62456100">
   </rtept>
   <rtept lat="33.79527300" lon="134.62459600">
   </rtept>
   <rtept lat="33.79571100" lon="134.62488900">
   </rtept>
   <rtept lat="33.79593000" lon="134.62509600">
   </rtept>
   <rtept lat="33.79606100" lon="134.62513100">
   </rtept>
   <rtept lat="33.79612000" lon="134.62500300">
   </rtept>
   <rtept lat="33.79611400" lon="134.62473200">
   </rtept>
   <rtept lat="33.79610800" lon="134.62432500">
   </rtept>
   <rtept lat="33.79600700" lon="134.62383600">
   </rtept>
   <rtept lat="33.79599000" lon="134.62318700">
   </rtept>
   <rtept lat="33.79604300" lon="134.62297400">
   </rtept>
   <rtept lat="33.79607300" lon="134.62258900">
   </rtept>
   <rtept lat="33.79608400" lon="134.62231000">
   </rtept>
   <rtept lat="33.79617900" lon="134.62220300">
   </rtept>
   <rtept lat="33.79637500" lon="134.62223900">
   </rtept>
   <rtept lat="33.79653500" lon="134.62228900">
   </rtept>
   <rtept lat="33.79676000" lon="134.62235300">
   </rtept>
   <rtept lat="33.79700900" lon="134.62240300">
   </rtept>
   <rtept lat="33.79721600" lon="134.62248200">
   </rtept>
   <rtept lat="33.79731700" lon="134.62239600">
   </rtept>
   <rtept lat="33.79741200" lon="134.62216800">
   </rtept>
   <rtept lat="33.79748300" lon="134.62190400">
   </rtept>
   <rtept lat="33.79758400" lon="134.62176900">
   </rtept>
   <rtept lat="33.79777900" lon="134.62157600">
   </rtept>
   <rtept lat="33.79782100" lon="134.62136200">
   </rtept>
   <rtept lat="33.79773800" lon="134.62115500">
   </rtept>
   <rtept lat="33.79759500" lon="134.62102700">
   </rtept>
   <rtept lat="33.79729900" lon="134.62071300">
   </rtept>
   <rtept lat="33.79680100" lon="134.62037100">
   </rtept>
   <rtept lat="33.79651100" lon="134.62024300">
   </rtept>
   <rtept lat="33.79631600" lon="134.62032100">
   </rtept>
   <rtept lat="33.79617900" lon="134.62032100">
   </rtept>
   <rtept lat="33.79596000" lon="134.62018600">
   </rtept>
   <rtept lat="33.79581000" lon="134.62008600">
   </rtept>
   <rtept lat="33.79552500" lon="134.62004300">
   </rtept>
   <rtept lat="33.79528800" lon="134.62001400">
   </rtept>
   <rtept lat="33.79519300" lon="134.61987900">
   </rtept>
   <rtept lat="33.79508700" lon="134.61964400">
   </rtept>
   <rtept lat="33.79503900" lon="134.61915900">
   </rtept>
   <rtept lat="33.79516400" lon="134.61870200">
   </rtept>
   <rtept lat="33.79528200" lon="134.61854200">
   </rtept>
   <rtept lat="33.79559600" lon="134.61824300">
   </rtept>
   <rtept lat="33.79569700" lon="134.61807900">
   </rtept>
   <rtept lat="33.79576200" lon="134.61784300">
   </rtept>
   <rtept lat="33.79575000" lon="134.61769300">
   </rtept>
   <rtept lat="33.79568500" lon="134.61759400">
   </rtept>
   <rtept lat="33.79560200" lon="134.61726600">
   </rtept>
   <rtept lat="33.79534700" lon="134.61676700">
   </rtept>
   <rtept lat="33.79506900" lon="134.61671000">
   </rtept>
   <rtept lat="33.79493300" lon="134.61666700">
   </rtept>
   <rtept lat="33.79490300" lon="134.61653100">
   </rtept>
   <rtept lat="33.79498000" lon="134.61633200">
   </rtept>
   <rtept lat="33.79497400" lon="134.61616800">
   </rtept>
   <rtept lat="33.79490300" lon="134.61609600">
   </rtept>
   <rtept lat="33.79470700" lon="134.61599600">
   </rtept>
   <rtept lat="33.79464800" lon="134.61591100">
   </rtept>
   <rtept lat="33.79469600" lon="134.61569700">
   </rtept>
   <rtept lat="33.79469600" lon="134.61548300">
   </rtept>
   <rtept lat="33.79466600" lon="134.61537600">
   </rtept>
   <rtept lat="33.79410900" lon="134.61499800">
   </rtept>
   <rtept lat="33.79378300" lon="134.61476300">
   </rtept>
   <rtept lat="33.79365900" lon="134.61474900">
   </rtept>
   <rtept lat="33.79354000" lon="134.61492000">
   </rtept>
   <rtept lat="33.79352200" lon="134.61521900">
   </rtept>
   <rtept lat="33.79351000" lon="134.61551900">
   </rtept>
   <rtept lat="33.79333900" lon="134.61573300">
   </rtept>
   <rtept lat="33.79318400" lon="134.61581100">
   </rtept>
   <rtept lat="33.79310200" lon="134.61576100">
   </rtept>
   <rtept lat="33.79283500" lon="134.61575400">
   </rtept>
   <rtept lat="33.79266900" lon="134.61563300">
   </rtept>
   <rtept lat="33.79258600" lon="134.61540500">
   </rtept>
   <rtept lat="33.79249700" lon="134.61497700">
   </rtept>
   <rtept lat="33.79234300" lon="134.61467700">
   </rtept>
   <rtept lat="33.79228400" lon="134.61439900">
   </rtept>
   <rtept lat="33.79211800" lon="134.61418500">
   </rtept>
   <rtept lat="33.79201700" lon="134.61397900">
   </rtept>
   <rtept lat="33.79202300" lon="134.61379300">
   </rtept>
   <rtept lat="33.79201100" lon="134.61359400">
   </rtept>
   <rtept lat="33.79189300" lon="134.61349400">
   </rtept>
   <rtept lat="33.79166700" lon="134.61349400">
   </rtept>
   <rtept lat="33.79133000" lon="134.61365800">
   </rtept>
   <rtept lat="33.79114000" lon="134.61366500">
   </rtept>
   <rtept lat="33.79087900" lon="134.61358600">
   </rtept>
   <rtept lat="33.79054700" lon="134.61335800">
   </rtept>
   <rtept lat="33.79028700" lon="134.61324400">
   </rtept>
   <rtept lat="33.79011600" lon="134.61300900">
   </rtept>
   <rtept lat="33.79003300" lon="134.61280900">
   </rtept>
   <rtept lat="33.78968300" lon="134.61272400">
   </rtept>
   <rtept lat="33.78903800" lon="134.61235300">
   </rtept>
   <rtept lat="33.78893100" lon="134.61236000">
   </rtept>
   <rtept lat="33.78888900" lon="134.61244600">
   </rtept>
   <rtept lat="33.78875300" lon="134.61286600">
   </rtept>
   <rtept lat="33.78848000" lon="134.61307300">
   </rtept>
   <rtept lat="33.78834400" lon="134.61325100">
   </rtept>
   <rtept lat="33.78827900" lon="134.61347200">
   </rtept>
   <rtept lat="33.78830900" lon="134.61375000">
   </rtept>
   <rtept lat="33.78837400" lon="134.61387200">
   </rtept>
   <rtept lat="33.78855200" lon="134.61407100">
   </rtept>
   <rtept lat="33.78873500" lon="134.61429900">
   </rtept>
   <rtept lat="33.78875900" lon="134.61454200">
   </rtept>
   <rtept lat="33.78865200" lon="134.61471300">
   </rtept>
   <rtept lat="33.78837400" lon="134.61493400">
   </rtept>
   <rtept lat="33.78827900" lon="134.61509800">
   </rtept>
   <rtept lat="33.78829700" lon="134.61528300">
   </rtept>
   <rtept lat="33.78838600" lon="134.61552600">
   </rtept>
   <rtept lat="33.78845700" lon="134.61578300">
   </rtept>
   <rtept lat="33.78839800" lon="134.61643100">
   </rtept>
   <rtept lat="33.78844500" lon="134.61657400">
   </rtept>
   <rtept lat="33.78860500" lon="134.61688100">
   </rtept>
   <rtept lat="33.78855200" lon="134.61696600">
   </rtept>
   <rtept lat="33.78839800" lon="134.61699500">
   </rtept>
   <rtept lat="33.78792900" lon="134.61699500">
   </rtept>
   <rtept lat="33.78781700" lon="134.61694500">
   </rtept>
   <rtept lat="33.78768000" lon="134.61678100">
   </rtept>
   <rtept lat="33.78762100" lon="134.61659500">
   </rtept>
   <rtept lat="33.78731900" lon="134.61635300">
   </rtept>
   <rtept lat="33.78690400" lon="134.61618900">
   </rtept>
   <rtept lat="33.78673800" lon="134.61589700">
   </rtept>
   <rtept lat="33.78647200" lon="134.61579000">
   </rtept>
   <rtept lat="33.78623400" lon="134.61550400">
   </rtept>
   <rtept lat="33.78605100" lon="134.61539000">
   </rtept>
   <rtept lat="33.78585500" lon="134.61539000">
   </rtept>
   <rtept lat="33.78548017" lon="134.61549856">
   </rtept>
   <rtept lat="33.78535137" lon="134.61544221">
   </rtept>
   <rtept lat="33.78519330" lon="134.61499842">
   </rtept>
   <rtept lat="33.78498000" lon="134.61512700">
   </rtept>
   <rtept lat="33.78464900" lon="134.61513300">
   </rtept>
   <rtept lat="33.78445700" lon="134.61513900">
   </rtept>
   <rtept lat="33.78409015" lon="134.61508665">
   </rtept>
   <rtept lat="33.78445700" lon="134.61513900">
   </rtept>
   <rtept lat="33.78464900" lon="134.61513300">
   </rtept>
   <rtept lat="33.78498000" lon="134.61512700">
   </rtept>
   <rtept lat="33.78519330" lon="134.61499842">
   </rtept>
   <rtept lat="33.78513475" lon="134.61470961">
   </rtept>
   <rtept lat="33.78510900" lon="134.61463500">
   </rtept>
   <rtept lat="33.78500200" lon="134.61419200">
   </rtept>
   <rtept lat="33.78476500" lon="134.61389300">
   </rtept>
   <rtept lat="33.78462300" lon="134.61346500">
   </rtept>
   <rtept lat="33.78446800" lon="134.61296600">
   </rtept>
   <rtept lat="33.78419600" lon="134.61258100">
   </rtept>
   <rtept lat="33.78384663" lon="134.61244963">
   </rtept>
   <rtept lat="33.78355390" lon="134.61169021">
   </rtept>
   <rtept lat="33.78347158" lon="134.61115091">
   </rtept>
   <rtept lat="33.78317885" lon="134.61090878">
   </rtept>
   <rtept lat="33.78262999" lon="134.61071067">
   </rtept>
   <rtept lat="33.78231896" lon="134.61066665">
   </rtept>
   <rtept lat="33.78187072" lon="134.61075469">
   </rtept>
   <rtept lat="33.78141333" lon="134.61083174">
   </rtept>
   <rtept lat="33.78124867" lon="134.61085375">
   </rtept>
   <rtept lat="33.78112974" lon="134.61021540">
   </rtept>
   <rtept lat="33.78086446" lon="134.61036948">
   </rtept>
   <rtept lat="33.78042535" lon="134.61006131">
   </rtept>
   <rtept lat="33.78058087" lon="134.60985220">
   </rtept>
   <rtept lat="33.78037047" lon="134.60919183">
   </rtept>
   <rtept lat="33.78058087" lon="134.60875159">
   </rtept>
   <rtept lat="33.78077298" lon="134.60842141">
   </rtept>
   <rtept lat="33.78109315" lon="134.60838839">
   </rtept>
   <rtept lat="33.78141333" lon="134.60858650">
   </rtept>
   <rtept lat="33.78174265" lon="134.60850945">
   </rtept>
   <rtept lat="33.78198050" lon="134.60802519">
   </rtept>
   <rtept lat="33.78171521" lon="134.60759595">
   </rtept>
   <rtept lat="33.78142248" lon="134.60761796">
   </rtept>
   <rtept lat="33.78110230" lon="134.60735382">
   </rtept>
   <rtept lat="33.78090400" lon="134.60713900">
   </rtept>
   <rtept lat="33.78088100" lon="134.60701600">
   </rtept>
   <rtept lat="33.78092000" lon="134.60695900">
   </rtept>
   <rtept lat="33.78099900" lon="134.60695900">
   </rtept>
   <rtept lat="33.78138600" lon="134.60719600">
   </rtept>
   <rtept lat="33.78147300" lon="134.60712000">
   </rtept>
   <rtept lat="33.78145700" lon="134.60703500">
   </rtept>
   <rtept lat="33.78109400" lon="134.60681600">
   </rtept>
   <rtept lat="33.78093600" lon="134.60653100">
   </rtept>
   <rtept lat="33.78090400" lon="134.60601700">
   </rtept>
   <rtept lat="33.78099100" lon="134.60541800">
   </rtept>
   <rtept lat="33.78111800" lon="134.60472400">
   </rtept>
   <rtept lat="33.78119700" lon="134.60406800">
   </rtept>
   <rtept lat="33.78121200" lon="134.60362200">
   </rtept>
   <rtept lat="33.78082500" lon="134.60250300">
   </rtept>
   <rtept lat="33.78057200" lon="134.60217000">
   </rtept>
   <rtept lat="33.78006700" lon="134.60161800">
   </rtept>
   <rtept lat="33.78001900" lon="134.60145700">
   </rtept>
   <rtept lat="33.77988500" lon="134.60095300">
   </rtept>
   <rtept lat="33.77984500" lon="134.60050600">
   </rtept>
   <rtept lat="33.77986900" lon="134.60017300">
   </rtept>
   <rtept lat="33.77992400" lon="134.59945100">
   </rtept>
   <rtept lat="33.77975000" lon="134.59902300">
   </rtept>
   <rtept lat="33.77958900" lon="134.59827200">
   </rtept>
   <rtept lat="33.77940800" lon="134.59793000">
   </rtept>
   <rtept lat="33.77921000" lon="134.59766300">
   </rtept>
   <rtept lat="33.77899700" lon="134.59757800">
   </rtept>
   <rtept lat="33.77868100" lon="134.59754900">
   </rtept>
   <rtept lat="33.77831700" lon="134.59754900">
   </rtept>
   <rtept lat="33.77799300" lon="134.59753000">
   </rtept>
   <rtept lat="33.77779500" lon="134.59748300">
   </rtept>
   <rtept lat="33.77728200" lon="134.59680800">
   </rtept>
   <rtept lat="33.77707600" lon="134.59660800">
   </rtept>
   <rtept lat="33.77692600" lon="134.59656100">
   </rtept>
   <rtept lat="33.77672900" lon="134.59665600">
   </rtept>
   <rtept lat="33.77655900" lon="134.59666000">
   </rtept>
   <rtept lat="33.77628600" lon="134.59661800">
   </rtept>
   <rtept lat="33.77599000" lon="134.59643200">
   </rtept>
   <rtept lat="33.77551600" lon="134.59580500">
   </rtept>
   <rtept lat="33.77523100" lon="134.59516300">
   </rtept>
   <rtept lat="33.77519600" lon="134.59476400">
   </rtept>
   <rtept lat="33.77479300" lon="134.59430700">
   </rtept>
   <rtept lat="33.77446100" lon="134.59368000">
   </rtept>
   <rtept lat="33.77437800" lon="134.59313800">
   </rtept>
   <rtept lat="33.77442500" lon="134.59255300">
   </rtept>
   <rtept lat="33.77449600" lon="134.59212500">
   </rtept>
   <rtept lat="33.77557500" lon="134.59196900">
   </rtept>
   <rtept lat="33.77570500" lon="134.59176900">
   </rtept>
 </rte>
 <rte>
  <name>SHIKOKU_TKS_19(白砂と海亀のみち)</name>
   <rtept lat="33.77557500" lon="134.59196900">
   </rtept>
   <rtept lat="33.77449600" lon="134.59212500">
   </rtept>
   <rtept lat="33.77303700" lon="134.59204900">
   </rtept>
   <rtept lat="33.77300200" lon="134.59110800">
   </rtept>
   <rtept lat="33.77152000" lon="134.59098000">
   </rtept>
   <rtept lat="33.77128812" lon="134.59078229">
   </rtept>
   <rtept lat="33.77106857" lon="134.59047415">
   </rtept>
   <rtept lat="33.77102283" lon="134.59017702">
   </rtept>
   <rtept lat="33.77083073" lon="134.59017702">
   </rtept>
   <rtept lat="33.77098624" lon="134.58987989">
   </rtept>
   <rtept lat="33.77073925" lon="134.58989090">
   </rtept>
   <rtept lat="33.77069351" lon="134.58983587">
   </rtept>
   <rtept lat="33.77062947" lon="134.58954975">
   </rtept>
   <rtept lat="33.77052884" lon="134.58960477">
   </rtept>
   <rtept lat="33.77042822" lon="134.58949472">
   </rtept>
   <rtept lat="33.77015378" lon="134.58896649">
   </rtept>
   <rtept lat="33.76998911" lon="134.58850429">
   </rtept>
   <rtept lat="33.76995904" lon="134.58833586">
   </rtept>
   <rtept lat="33.77008550" lon="134.58841474">
   </rtept>
   <rtept lat="33.77027753" lon="134.58840347">
   </rtept>
   <rtept lat="33.77039463" lon="134.58851053">
   </rtept>
   <rtept lat="33.77058198" lon="134.58867956">
   </rtept>
   <rtept lat="33.77071781" lon="134.58864575">
   </rtept>
   <rtept lat="33.77090391" lon="134.58861434">
   </rtept>
   <rtept lat="33.77086300" lon="134.58876971">
   </rtept>
   <rtept lat="33.77097073" lon="134.58871900">
   </rtept>
   <rtept lat="33.77099415" lon="134.58885986">
   </rtept>
   <rtept lat="33.77119555" lon="134.58880915">
   </rtept>
   <rtept lat="33.77142974" lon="134.58886550">
   </rtept>
   <rtept lat="33.77158430" lon="134.58874718">
   </rtept>
   <rtept lat="33.77133138" lon="134.58868520">
   </rtept>
   <rtept lat="33.77125176" lon="134.58861758">
   </rtept>
   <rtept lat="33.77132201" lon="134.58841474">
   </rtept>
   <rtept lat="33.77144379" lon="134.58847672">
   </rtept>
   <rtept lat="33.77158898" lon="134.58832459">
   </rtept>
   <rtept lat="33.77175291" lon="134.58834713">
   </rtept>
   <rtept lat="33.77185596" lon="134.58827388">
   </rtept>
   <rtept lat="33.77200115" lon="134.58831896">
   </rtept>
   <rtept lat="33.77215390" lon="134.58832633">
   </rtept>
   <rtept lat="33.77231027" lon="134.58826261">
   </rtept>
   <rtept lat="33.77250699" lon="134.58820627">
   </rtept>
   <rtept lat="33.77274585" lon="134.58836403">
   </rtept>
   <rtept lat="33.77288636" lon="134.58863449">
   </rtept>
   <rtept lat="33.77274585" lon="134.58836403">
   </rtept>
   <rtept lat="33.77250699" lon="134.58820627">
   </rtept>
   <rtept lat="33.77215390" lon="134.58832633">
   </rtept>
   <rtept lat="33.77200115" lon="134.58831896">
   </rtept>
   <rtept lat="33.77185596" lon="134.58827388">
   </rtept>
   <rtept lat="33.77175291" lon="134.58834713">
   </rtept>
   <rtept lat="33.77158898" lon="134.58832459">
   </rtept>
   <rtept lat="33.77144379" lon="134.58847672">
   </rtept>
   <rtept lat="33.77132201" lon="134.58841474">
   </rtept>
   <rtept lat="33.77125176" lon="134.58861758">
   </rtept>
   <rtept lat="33.77133138" lon="134.58868520">
   </rtept>
   <rtept lat="33.77158430" lon="134.58874718">
   </rtept>
   <rtept lat="33.77142974" lon="134.58886550">
   </rtept>
   <rtept lat="33.77119555" lon="134.58880915">
   </rtept>
   <rtept lat="33.77099415" lon="134.58885986">
   </rtept>
   <rtept lat="33.77097073" lon="134.58871900">
   </rtept>
   <rtept lat="33.77086300" lon="134.58876971">
   </rtept>
   <rtept lat="33.77090391" lon="134.58861434">
   </rtept>
   <rtept lat="33.77058198" lon="134.58867956">
   </rtept>
   <rtept lat="33.77039463" lon="134.58851053">
   </rtept>
   <rtept lat="33.77027753" lon="134.58840347">
   </rtept>
   <rtept lat="33.77008550" lon="134.58841474">
   </rtept>
   <rtept lat="33.76992913" lon="134.58832633">
   </rtept>
   <rtept lat="33.76982609" lon="134.58814039">
   </rtept>
   <rtept lat="33.76979700" lon="134.58808611">
   </rtept>
   <rtept lat="33.76948418" lon="134.58777977">
   </rtept>
   <rtept lat="33.76923125" lon="134.58785302">
   </rtept>
   <rtept lat="33.76902985" lon="134.58772906">
   </rtept>
   <rtept lat="33.76923125" lon="134.58785302">
   </rtept>
   <rtept lat="33.76948418" lon="134.58777977">
   </rtept>
   <rtept lat="33.76958339" lon="134.58774458">
   </rtept>
   <rtept lat="33.76961618" lon="134.58763752">
   </rtept>
   <rtept lat="33.76995000" lon="134.58739800">
   </rtept>
   <rtept lat="33.77010797" lon="134.58723748">
   </rtept>
   <rtept lat="33.77024849" lon="134.58720931">
   </rtept>
   <rtept lat="33.77027190" lon="134.58700647">
   </rtept>
   <rtept lat="33.77040773" lon="134.58689378">
   </rtept>
   <rtept lat="33.77052482" lon="134.58691069">
   </rtept>
   <rtept lat="33.77079180" lon="134.58674165">
   </rtept>
   <rtept lat="33.77093231" lon="134.58674729">
   </rtept>
   <rtept lat="33.77104003" lon="134.58667404">
   </rtept>
   <rtept lat="33.77110092" lon="134.58681490">
   </rtept>
   <rtept lat="33.77139599" lon="134.58651064">
   </rtept>
   <rtept lat="33.77160000" lon="134.58634000">
   </rtept>
   <rtept lat="33.77202400" lon="134.58626900">
   </rtept>
   <rtept lat="33.77225200" lon="134.58619700">
   </rtept>
   <rtept lat="33.77229100" lon="134.58596000">
   </rtept>
   <rtept lat="33.77241000" lon="134.58573400">
   </rtept>
   <rtept lat="33.77253800" lon="134.58555600">
   </rtept>
   <rtept lat="33.77284400" lon="134.58542500">
   </rtept>
   <rtept lat="33.77326900" lon="134.58515200">
   </rtept>
   <rtept lat="33.77343700" lon="134.58491400">
   </rtept>
   <rtept lat="33.77315100" lon="134.58447400">
   </rtept>
   <rtept lat="33.77293300" lon="134.58388000">
   </rtept>
   <rtept lat="33.77250800" lon="134.58251300">
   </rtept>
   <rtept lat="33.77230100" lon="134.58185100">
   </rtept>
   <rtept lat="33.77223200" lon="134.58154200">
   </rtept>
   <rtept lat="33.77204400" lon="134.58086500">
   </rtept>
   <rtept lat="33.77195500" lon="134.58072200">
   </rtept>
   <rtept lat="33.77172800" lon="134.58066300">
   </rtept>
   <rtept lat="33.77116500" lon="134.58066300">
   </rtept>
   <rtept lat="33.77066100" lon="134.58018800">
   </rtept>
   <rtept lat="33.77018700" lon="134.57977200">
   </rtept>
   <rtept lat="33.76985100" lon="134.57959300">
   </rtept>
   <rtept lat="33.76933700" lon="134.57939100">
   </rtept>
   <rtept lat="33.76894200" lon="134.57930800">
   </rtept>
   <rtept lat="33.76837900" lon="134.57927300">
   </rtept>
   <rtept lat="33.76707100" lon="134.57930800">
   </rtept>
   <rtept lat="33.76678500" lon="134.57910600">
   </rtept>
   <rtept lat="33.76594500" lon="134.57834600">
   </rtept>
   <rtept lat="33.76544100" lon="134.57778700">
   </rtept>
   <rtept lat="33.76519400" lon="134.57739500">
   </rtept>
   <rtept lat="33.76499600" lon="134.57738900">
   </rtept>
   <rtept lat="33.76471500" lon="134.57711600">
   </rtept>
   <rtept lat="33.76452700" lon="134.57694300">
   </rtept>
   <rtept lat="33.76447300" lon="134.57683000">
   </rtept>
   <rtept lat="33.76455700" lon="134.57661100">
   </rtept>
   <rtept lat="33.76460600" lon="134.57655700">
   </rtept>
   <rtept lat="33.76461600" lon="134.57645600">
   </rtept>
   <rtept lat="33.76456200" lon="134.57644400">
   </rtept>
   <rtept lat="33.76427000" lon="134.57666400">
   </rtept>
   <rtept lat="33.76410200" lon="134.57694900">
   </rtept>
   <rtept lat="33.76403300" lon="134.57674100">
   </rtept>
   <rtept lat="33.76393900" lon="134.57643800">
   </rtept>
   <rtept lat="33.76384100" lon="134.57633100">
   </rtept>
   <rtept lat="33.76352400" lon="134.57638500">
   </rtept>
   <rtept lat="33.76324800" lon="134.57634900">
   </rtept>
   <rtept lat="33.76328200" lon="134.57588000">
   </rtept>
   <rtept lat="33.76343500" lon="134.57517900">
   </rtept>
   <rtept lat="33.76359900" lon="134.57471500">
   </rtept>
   <rtept lat="33.76384600" lon="134.57423400">
   </rtept>
   <rtept lat="33.76419600" lon="134.57387100">
   </rtept>
   <rtept lat="33.76485300" lon="134.57346700">
   </rtept>
   <rtept lat="33.76521500" lon="134.57327600">
   </rtept>
   <rtept lat="33.76626600" lon="134.57286700">
   </rtept>
   <rtept lat="33.76636100" lon="134.57247700">
   </rtept>
   <rtept lat="33.76652700" lon="134.57217300">
   </rtept>
   <rtept lat="33.76683500" lon="134.57169800">
   </rtept>
   <rtept lat="33.76689800" lon="134.57159300">
   </rtept>
   <rtept lat="33.76694600" lon="134.57152700">
   </rtept>
   <rtept lat="33.76694600" lon="134.57140300">
   </rtept>
   <rtept lat="33.76683500" lon="134.57131700">
   </rtept>
   <rtept lat="33.76643200" lon="134.57120300">
   </rtept>
   <rtept lat="33.76565700" lon="134.57104200">
   </rtept>
   <rtept lat="33.76551500" lon="134.57157400">
   </rtept>
   <rtept lat="33.76524600" lon="134.57165000">
   </rtept>
   <rtept lat="33.76485100" lon="134.57166000">
   </rtept>
   <rtept lat="33.76461400" lon="134.57158400">
   </rtept>
   <rtept lat="33.76426600" lon="134.57166000">
   </rtept>
   <rtept lat="33.76407700" lon="134.57164100">
   </rtept>
   <rtept lat="33.76348400" lon="134.57140300">
   </rtept>
   <rtept lat="33.76331000" lon="134.57127000">
   </rtept>
   <rtept lat="33.76316800" lon="134.57106100">
   </rtept>
   <rtept lat="33.76303300" lon="134.57050000">
   </rtept>
   <rtept lat="33.76301800" lon="134.56963500">
   </rtept>
   <rtept lat="33.76234300" lon="134.56949900">
   </rtept>
   <rtept lat="33.76156600" lon="134.56944200">
   </rtept>
   <rtept lat="33.76151900" lon="134.56954200">
   </rtept>
   <rtept lat="33.76141800" lon="134.56957700">
   </rtept>
   <rtept lat="33.76115700" lon="134.56954900">
   </rtept>
   <rtept lat="33.75992000" lon="134.56975600">
   </rtept>
   <rtept lat="33.75926000" lon="134.57045900">
   </rtept>
   <rtept lat="33.75918100" lon="134.57056400">
   </rtept>
   <rtept lat="33.75903000" lon="134.57093000">
   </rtept>
   <rtept lat="33.75890800" lon="134.57126800">
   </rtept>
   <rtept lat="33.75876600" lon="134.57155300">
   </rtept>
   <rtept lat="33.75878900" lon="134.57168600">
   </rtept>
   <rtept lat="33.75877000" lon="134.57178600">
   </rtept>
   <rtept lat="33.75873800" lon="134.57179500">
   </rtept>
   <rtept lat="33.75864300" lon="134.57172400">
   </rtept>
   <rtept lat="33.75847300" lon="134.57156200">
   </rtept>
   <rtept lat="33.75818500" lon="134.57140100">
   </rtept>
   <rtept lat="33.75797100" lon="134.57127700">
   </rtept>
   <rtept lat="33.75793400" lon="134.57106800">
   </rtept>
   <rtept lat="33.75790300" lon="134.57094400">
   </rtept>
   <rtept lat="33.75782000" lon="134.57084000">
   </rtept>
   <rtept lat="33.75756300" lon="134.57065900">
   </rtept>
   <rtept lat="33.75745600" lon="134.57056900">
   </rtept>
   <rtept lat="33.75724600" lon="134.57052600">
   </rtept>
   <rtept lat="33.75717500" lon="134.57056400">
   </rtept>
   <rtept lat="33.75712400" lon="134.57071100">
   </rtept>
   <rtept lat="33.75716300" lon="134.57089200">
   </rtept>
   <rtept lat="33.75716300" lon="134.57102500">
   </rtept>
   <rtept lat="33.75709200" lon="134.57117200">
   </rtept>
   <rtept lat="33.75706500" lon="134.57118700">
   </rtept>
   <rtept lat="33.75705300" lon="134.57145300">
   </rtept>
   <rtept lat="33.75701700" lon="134.57152900">
   </rtept>
   <rtept lat="33.75696200" lon="134.57150000">
   </rtept>
   <rtept lat="33.75683200" lon="134.57131500">
   </rtept>
   <rtept lat="33.75668500" lon="134.57117700">
   </rtept>
   <rtept lat="33.75655500" lon="134.57109600">
   </rtept>
   <rtept lat="33.75631800" lon="134.57106300">
   </rtept>
   <rtept lat="33.75623900" lon="134.57103900">
   </rtept>
   <rtept lat="33.75606500" lon="134.57048800">
   </rtept>
   <rtept lat="33.75589600" lon="134.57010300">
   </rtept>
   <rtept lat="33.75583200" lon="134.56990000">
   </rtept>
   <rtept lat="33.75576800" lon="134.56979400">
   </rtept>
   <rtept lat="33.75566400" lon="134.56972800">
   </rtept>
   <rtept lat="33.75557000" lon="134.56975200">
   </rtept>
   <rtept lat="33.75549100" lon="134.56978800">
   </rtept>
   <rtept lat="33.75521500" lon="134.56982900">
   </rtept>
   <rtept lat="33.75504200" lon="134.56965100">
   </rtept>
   <rtept lat="33.75491800" lon="134.56951400">
   </rtept>
   <rtept lat="33.75475500" lon="134.56937200">
   </rtept>
   <rtept lat="33.75464700" lon="134.56917000">
   </rtept>
   <rtept lat="33.75449800" lon="134.56902700">
   </rtept>
   <rtept lat="33.75442400" lon="134.56893200">
   </rtept>
   <rtept lat="33.75440400" lon="134.56872400">
   </rtept>
   <rtept lat="33.75443900" lon="134.56861100">
   </rtept>
   <rtept lat="33.75438500" lon="134.56848600">
   </rtept>
   <rtept lat="33.75427100" lon="134.56840300">
   </rtept>
   <rtept lat="33.75413300" lon="134.56820700">
   </rtept>
   <rtept lat="33.75390500" lon="134.56811200">
   </rtept>
   <rtept lat="33.75349500" lon="134.56809400">
   </rtept>
   <rtept lat="33.75318400" lon="134.56817100">
   </rtept>
   <rtept lat="33.75293700" lon="134.56808200">
   </rtept>
   <rtept lat="33.75279400" lon="134.56794600">
   </rtept>
   <rtept lat="33.75280900" lon="134.56766600">
   </rtept>
   <rtept lat="33.75291200" lon="134.56731000">
   </rtept>
   <rtept lat="33.75292700" lon="134.56711400">
   </rtept>
   <rtept lat="33.75283800" lon="134.56691800">
   </rtept>
   <rtept lat="33.75244800" lon="134.56650800">
   </rtept>
   <rtept lat="33.75224100" lon="134.56632300">
   </rtept>
   <rtept lat="33.75211200" lon="134.56629400">
   </rtept>
   <rtept lat="33.75200800" lon="134.56628800">
   </rtept>
   <rtept lat="33.75193900" lon="134.56638900">
   </rtept>
   <rtept lat="33.75185500" lon="134.56660900">
   </rtept>
   <rtept lat="33.75181100" lon="134.56677500">
   </rtept>
   <rtept lat="33.75173700" lon="134.56683400">
   </rtept>
   <rtept lat="33.75162300" lon="134.56682800">
   </rtept>
   <rtept lat="33.75130600" lon="134.56647800">
   </rtept>
   <rtept lat="33.75120700" lon="134.56640700">
   </rtept>
   <rtept lat="33.75109800" lon="134.56640100">
   </rtept>
   <rtept lat="33.75097500" lon="134.56643600">
   </rtept>
   <rtept lat="33.75077200" lon="134.56663800">
   </rtept>
   <rtept lat="33.75064400" lon="134.56678700">
   </rtept>
   <rtept lat="33.75053500" lon="134.56679300">
   </rtept>
   <rtept lat="33.75039700" lon="134.56676900">
   </rtept>
   <rtept lat="33.75012000" lon="134.56637700">
   </rtept>
   <rtept lat="33.75009500" lon="134.56629400">
   </rtept>
   <rtept lat="33.75014000" lon="134.56592500">
   </rtept>
   <rtept lat="33.75009000" lon="134.56567000">
   </rtept>
   <rtept lat="33.74994200" lon="134.56532500">
   </rtept>
   <rtept lat="33.74976400" lon="134.56523000">
   </rtept>
   <rtept lat="33.74961600" lon="134.56508700">
   </rtept>
   <rtept lat="33.74956700" lon="134.56463200">
   </rtept>
   <rtept lat="33.74948300" lon="134.56454900">
   </rtept>
   <rtept lat="33.74911700" lon="134.56437100">
   </rtept>
   <rtept lat="33.74901800" lon="134.56418100">
   </rtept>
   <rtept lat="33.74895900" lon="134.56393700">
   </rtept>
   <rtept lat="33.74895400" lon="134.56366400">
   </rtept>
   <rtept lat="33.74895900" lon="134.56339000">
   </rtept>
   <rtept lat="33.74895400" lon="134.56308700">
   </rtept>
   <rtept lat="33.74892900" lon="134.56286800">
   </rtept>
   <rtept lat="33.74883600" lon="134.56268900">
   </rtept>
   <rtept lat="33.74873700" lon="134.56252900">
   </rtept>
   <rtept lat="33.74867700" lon="134.56235700">
   </rtept>
   <rtept lat="33.74849500" lon="134.56212500">
   </rtept>
   <rtept lat="33.74845500" lon="134.56204800">
   </rtept>
   <rtept lat="33.74842000" lon="134.56186300">
   </rtept>
   <rtept lat="33.74823900" lon="134.56116800">
   </rtept>
   <rtept lat="33.74802100" lon="134.56078700">
   </rtept>
   <rtept lat="33.74781900" lon="134.56059100">
   </rtept>
   <rtept lat="33.74771000" lon="134.56040100">
   </rtept>
   <rtept lat="33.74766000" lon="134.56008000">
   </rtept>
   <rtept lat="33.74754700" lon="134.55991400">
   </rtept>
   <rtept lat="33.74730000" lon="134.55990200">
   </rtept>
   <rtept lat="33.74707700" lon="134.55987200">
   </rtept>
   <rtept lat="33.74703800" lon="134.55962300">
   </rtept>
   <rtept lat="33.74700800" lon="134.55938500">
   </rtept>
   <rtept lat="33.74690500" lon="134.55926000">
   </rtept>
   <rtept lat="33.74674000" lon="134.55910100">
   </rtept>
   <rtept lat="33.74649700" lon="134.55902300">
   </rtept>
   <rtept lat="33.74557800" lon="134.55902300">
   </rtept>
   <rtept lat="33.74431500" lon="134.55903000">
   </rtept>
   <rtept lat="33.74392900" lon="134.55985700">
   </rtept>
   <rtept lat="33.74348800" lon="134.55973600">
   </rtept>
   <rtept lat="33.74337000" lon="134.55941500">
   </rtept>
   <rtept lat="33.74326300" lon="134.55922300">
   </rtept>
   <rtept lat="33.74313300" lon="134.55890200">
   </rtept>
   <rtept lat="33.74296700" lon="134.55848800">
   </rtept>
   <rtept lat="33.74272900" lon="134.55816700">
   </rtept>
   <rtept lat="33.74256300" lon="134.55793200">
   </rtept>
   <rtept lat="33.74226100" lon="134.55776100">
   </rtept>
   <rtept lat="33.74213600" lon="134.55769700">
   </rtept>
   <rtept lat="33.74199400" lon="134.55773200">
   </rtept>
   <rtept lat="33.74181600" lon="134.55782500">
   </rtept>
   <rtept lat="33.74169200" lon="134.55783900">
   </rtept>
   <rtept lat="33.74157300" lon="134.55774700">
   </rtept>
   <rtept lat="33.74148400" lon="134.55756100">
   </rtept>
   <rtept lat="33.74134800" lon="134.55731200">
   </rtept>
   <rtept lat="33.74127800" lon="134.55720300">
   </rtept>
   <rtept lat="33.74069422" lon="134.55684626">
   </rtept>
   <rtept lat="33.74005022" lon="134.55645199">
   </rtept>
   <rtept lat="33.73987700" lon="134.55641800">
   </rtept>
   <rtept lat="33.73964400" lon="134.55630400">
   </rtept>
   <rtept lat="33.73951400" lon="134.55623700">
   </rtept>
   <rtept lat="33.73935600" lon="134.55623700">
   </rtept>
   <rtept lat="33.73917800" lon="134.55621400">
   </rtept>
   <rtept lat="33.73908700" lon="134.55635600">
   </rtept>
   <rtept lat="33.73898800" lon="134.55674600">
   </rtept>
   <rtept lat="33.73887700" lon="134.55689300">
   </rtept>
   <rtept lat="33.73882200" lon="134.55698400">
   </rtept>
   <rtept lat="33.73849300" lon="134.55751400">
   </rtept>
   <rtept lat="33.73824800" lon="134.55785600">
   </rtept>
   <rtept lat="33.73807000" lon="134.55801300">
   </rtept>
   <rtept lat="33.73781300" lon="134.55808000">
   </rtept>
   <rtept lat="33.73757849" lon="134.55815751">
   </rtept>
   <rtept lat="33.73741400" lon="134.55814600">
   </rtept>
   <rtept lat="33.73720800" lon="134.55803200">
   </rtept>
   <rtept lat="33.73707733" lon="134.55796601">
   </rtept>
   <rtept lat="33.73701100" lon="134.55791800">
   </rtept>
   <rtept lat="33.73684013" lon="134.55782332">
   </rtept>
   <rtept lat="33.73654036" lon="134.55789090">
   </rtept>
   <rtept lat="33.73637000" lon="134.55823200">
   </rtept>
   <rtept lat="33.73634700" lon="134.55847000">
   </rtept>
   <rtept lat="33.73640200" lon="134.55863100">
   </rtept>
   <rtept lat="33.73646900" lon="134.55900700">
   </rtept>
   <rtept lat="33.73646900" lon="134.55928700">
   </rtept>
   <rtept lat="33.73637477" lon="134.55941912">
   </rtept>
   <rtept lat="33.73630700" lon="134.55955300">
   </rtept>
   <rtept lat="33.73628300" lon="134.55973400">
   </rtept>
   <rtept lat="33.73621200" lon="134.56001500">
   </rtept>
   <rtept lat="33.73618100" lon="134.56020000">
   </rtept>
   <rtept lat="33.73610809" lon="134.56040385">
   </rtept>
   <rtept lat="33.73593900" lon="134.56061800">
   </rtept>
   <rtept lat="33.73584800" lon="134.56080400">
   </rtept>
   <rtept lat="33.73582900" lon="134.56107900">
   </rtept>
   <rtept lat="33.73576900" lon="134.56131200">
   </rtept>
   <rtept lat="33.73577700" lon="134.56144500">
   </rtept>
   <rtept lat="33.73580100" lon="134.56162100">
   </rtept>
   <rtept lat="33.73572600" lon="134.56180700">
   </rtept>
   <rtept lat="33.73573356" lon="134.56192637">
   </rtept>
   <rtept lat="33.73558368" lon="134.56217418">
   </rtept>
   <rtept lat="33.73555558" lon="134.56243890">
   </rtept>
   <rtept lat="33.73566799" lon="134.56272051">
   </rtept>
   <rtept lat="33.73557431" lon="134.56278809">
   </rtept>
   <rtept lat="33.73549469" lon="134.56324430">
   </rtept>
   <rtept lat="33.73556495" lon="134.56362728">
   </rtept>
   <rtept lat="33.73533530" lon="134.56376687">
   </rtept>
   <rtept lat="33.73533544" lon="134.56388636">
   </rtept>
   <rtept lat="33.73550406" lon="134.56393142">
   </rtept>
   <rtept lat="33.73533544" lon="134.56388636">
   </rtept>
   <rtept lat="33.73556495" lon="134.56362728">
   </rtept>
   <rtept lat="33.73549469" lon="134.56324430">
   </rtept>
   <rtept lat="33.73557431" lon="134.56278809">
   </rtept>
   <rtept lat="33.73566799" lon="134.56272051">
   </rtept>
   <rtept lat="33.73555558" lon="134.56243890">
   </rtept>
   <rtept lat="33.73558368" lon="134.56217418">
   </rtept>
   <rtept lat="33.73573356" lon="134.56192637">
   </rtept>
   <rtept lat="33.73572600" lon="134.56180700">
   </rtept>
   <rtept lat="33.73580100" lon="134.56162100">
   </rtept>
   <rtept lat="33.73577700" lon="134.56144500">
   </rtept>
   <rtept lat="33.73576900" lon="134.56131200">
   </rtept>
   <rtept lat="33.73582900" lon="134.56107900">
   </rtept>
   <rtept lat="33.73584800" lon="134.56080400">
   </rtept>
   <rtept lat="33.73593900" lon="134.56061800">
   </rtept>
   <rtept lat="33.73610809" lon="134.56040385">
   </rtept>
   <rtept lat="33.73618100" lon="134.56020000">
   </rtept>
   <rtept lat="33.73621200" lon="134.56001500">
   </rtept>
   <rtept lat="33.73630700" lon="134.55955300">
   </rtept>
   <rtept lat="33.73637477" lon="134.55941912">
   </rtept>
   <rtept lat="33.73646900" lon="134.55928700">
   </rtept>
   <rtept lat="33.73646900" lon="134.55900700">
   </rtept>
   <rtept lat="33.73640200" lon="134.55863100">
   </rtept>
   <rtept lat="33.73634700" lon="134.55847000">
   </rtept>
   <rtept lat="33.73640756" lon="134.55828705">
   </rtept>
   <rtept lat="33.73654036" lon="134.55789090">
   </rtept>
   <rtept lat="33.73684013" lon="134.55782332">
   </rtept>
   <rtept lat="33.73701100" lon="134.55791800">
   </rtept>
   <rtept lat="33.73707733" lon="134.55796601">
   </rtept>
   <rtept lat="33.73720800" lon="134.55803200">
   </rtept>
   <rtept lat="33.73741400" lon="134.55814600">
   </rtept>
   <rtept lat="33.73757849" lon="134.55815751">
   </rtept>
   <rtept lat="33.73781300" lon="134.55808000">
   </rtept>
   <rtept lat="33.73807000" lon="134.55801300">
   </rtept>
   <rtept lat="33.73824800" lon="134.55785600">
   </rtept>
   <rtept lat="33.73849300" lon="134.55751400">
   </rtept>
   <rtept lat="33.73887700" lon="134.55689300">
   </rtept>
   <rtept lat="33.73898800" lon="134.55674600">
   </rtept>
   <rtept lat="33.73908700" lon="134.55635600">
   </rtept>
   <rtept lat="33.73917800" lon="134.55621400">
   </rtept>
   <rtept lat="33.73935600" lon="134.55623700">
   </rtept>
   <rtept lat="33.73951400" lon="134.55623700">
   </rtept>
   <rtept lat="33.73987700" lon="134.55641800">
   </rtept>
   <rtept lat="33.74005022" lon="134.55645199">
   </rtept>
   <rtept lat="33.74039564" lon="134.55657872">
   </rtept>
   <rtept lat="33.74046590" lon="134.55662096">
   </rtept>
   <rtept lat="33.74052500" lon="134.55667200">
   </rtept>
   <rtept lat="33.74052500" lon="134.55667200">
   </rtept>
   <rtept lat="33.74078600" lon="134.55669400">
   </rtept>
   <rtept lat="33.74117200" lon="134.55658700">
   </rtept>
   <rtept lat="33.74142700" lon="134.55637300">
   </rtept>
   <rtept lat="33.74165800" lon="134.55609500">
   </rtept>
   <rtept lat="33.74193100" lon="134.55561700">
   </rtept>
   <rtept lat="33.74210900" lon="134.55530300">
   </rtept>
   <rtept lat="33.74222700" lon="134.55481100">
   </rtept>
   <rtept lat="33.74222100" lon="134.55417000">
   </rtept>
   <rtept lat="33.74218000" lon="134.55369900">
   </rtept>
   <rtept lat="33.74202600" lon="134.55319300">
   </rtept>
   <rtept lat="33.74190700" lon="134.55299300">
   </rtept>
   <rtept lat="33.74159300" lon="134.55265100">
   </rtept>
   <rtept lat="33.74140300" lon="134.55246600">
   </rtept>
   <rtept lat="33.74061400" lon="134.55226600">
   </rtept>
   <rtept lat="33.74041900" lon="134.55227300">
   </rtept>
   <rtept lat="33.74017000" lon="134.55247300">
   </rtept>
   <rtept lat="33.73999200" lon="134.55249400">
   </rtept>
   <rtept lat="33.73945800" lon="134.55225200">
   </rtept>
   <rtept lat="33.73929200" lon="134.55218700">
   </rtept>
   <rtept lat="33.73916800" lon="134.55220900">
   </rtept>
   <rtept lat="33.73899000" lon="134.55224400">
   </rtept>
   <rtept lat="33.73894000" lon="134.55223000">
   </rtept>
   <rtept lat="33.73888100" lon="134.55212300">
   </rtept>
   <rtept lat="33.73854300" lon="134.55186700">
   </rtept>
   <rtept lat="33.73832900" lon="134.55172400">
   </rtept>
   <rtept lat="33.73797300" lon="134.55167400">
   </rtept>
   <rtept lat="33.73774800" lon="134.55153900">
   </rtept>
   <rtept lat="33.73754100" lon="134.55132500">
   </rtept>
   <rtept lat="33.73742200" lon="134.55110400">
   </rtept>
   <rtept lat="33.73725000" lon="134.55077600">
   </rtept>
   <rtept lat="33.73706000" lon="134.55070400">
   </rtept>
   <rtept lat="33.73674000" lon="134.55061200">
   </rtept>
   <rtept lat="33.73670123" lon="134.55056643">
   </rtept>
   <rtept lat="33.73661692" lon="134.55045942">
   </rtept>
   <rtept lat="33.73627032" lon="134.55071286">
   </rtept>
   <rtept lat="33.73621600" lon="134.55072000">
   </rtept>
   <rtept lat="33.73610600" lon="134.55075300">
   </rtept>
   <rtept lat="33.73601272" lon="134.55093252">
   </rtept>
   <rtept lat="33.73596120" lon="134.55120850">
   </rtept>
   <rtept lat="33.73588000" lon="134.55118100">
   </rtept>
   <rtept lat="33.73574574" lon="134.55104516">
   </rtept>
   <rtept lat="33.73571296" lon="134.55084804">
   </rtept>
   <rtept lat="33.73562397" lon="134.55070723">
   </rtept>
   <rtept lat="33.73559600" lon="134.55061100">
   </rtept>
   <rtept lat="33.73556800" lon="134.55043000">
   </rtept>
   <rtept lat="33.73556000" lon="134.55026800">
   </rtept>
   <rtept lat="33.73556000" lon="134.55015900">
   </rtept>
   <rtept lat="33.73553029" lon="134.55003700">
   </rtept>
   <rtept lat="33.73571296" lon="134.54990183">
   </rtept>
   <rtept lat="33.73582068" lon="134.54995252">
   </rtept>
   <rtept lat="33.73591436" lon="134.55008769">
   </rtept>
   <rtept lat="33.73594800" lon="134.55019200">
   </rtept>
   <rtept lat="33.73600300" lon="134.55032100">
   </rtept>
   <rtept lat="33.73604300" lon="134.55040100">
   </rtept>
   <rtept lat="33.73612200" lon="134.55051100">
   </rtept>
   <rtept lat="33.73641552" lon="134.55059459">
   </rtept>
   <rtept lat="33.73661692" lon="134.55045942">
   </rtept>
   <rtept lat="33.73668718" lon="134.55038057">
   </rtept>
   <rtept lat="33.73673400" lon="134.55026400">
   </rtept>
   <rtept lat="33.73694400" lon="134.55001600">
   </rtept>
   <rtept lat="33.73708600" lon="134.54986900">
   </rtept>
   <rtept lat="33.73737100" lon="134.54940800">
   </rtept>
   <rtept lat="33.73764800" lon="134.54900400">
   </rtept>
   <rtept lat="33.73777400" lon="134.54869500">
   </rtept>
   <rtept lat="33.73781700" lon="134.54850000">
   </rtept>
   <rtept lat="33.73780600" lon="134.54844900">
   </rtept>
   <rtept lat="33.73771500" lon="134.54820700">
   </rtept>
   <rtept lat="33.73770700" lon="134.54807400">
   </rtept>
   <rtept lat="33.73777400" lon="134.54765500">
   </rtept>
   <rtept lat="33.73780600" lon="134.54741800">
   </rtept>
   <rtept lat="33.73798700" lon="134.54725600">
   </rtept>
   <rtept lat="33.73809700" lon="134.54707500">
   </rtept>
   <rtept lat="33.73820000" lon="134.54691400">
   </rtept>
   <rtept lat="33.73833100" lon="134.54677600">
   </rtept>
   <rtept lat="33.73837000" lon="134.54656200">
   </rtept>
   <rtept lat="33.73843300" lon="134.54625300">
   </rtept>
   <rtept lat="33.73841800" lon="134.54605300">
   </rtept>
   <rtept lat="33.73839800" lon="134.54577300">
   </rtept>
   <rtept lat="33.73836600" lon="134.54553000">
   </rtept>
   <rtept lat="33.73825900" lon="134.54525000">
   </rtept>
   <rtept lat="33.73810500" lon="134.54496500">
   </rtept>
   <rtept lat="33.73800200" lon="134.54492700">
   </rtept>
   <rtept lat="33.73747300" lon="134.54488400">
   </rtept>
   <rtept lat="33.73729900" lon="134.54486500">
   </rtept>
   <rtept lat="33.73725100" lon="134.54480900">
   </rtept>
   <rtept lat="33.73722700" lon="134.54468500">
   </rtept>
   <rtept lat="33.73725900" lon="134.54444800">
   </rtept>
   <rtept lat="33.73723500" lon="134.54428600">
   </rtept>
   <rtept lat="33.73721900" lon="134.54404800">
   </rtept>
   <rtept lat="33.73712000" lon="134.54380100">
   </rtept>
   <rtept lat="33.73700600" lon="134.54362500">
   </rtept>
   <rtept lat="33.73697000" lon="134.54341600">
   </rtept>
   <rtept lat="33.73686700" lon="134.54325400">
   </rtept>
   <rtept lat="33.73675300" lon="134.54307400">
   </rtept>
   <rtept lat="33.73671700" lon="134.54293600">
   </rtept>
   <rtept lat="33.73673300" lon="134.54281700">
   </rtept>
   <rtept lat="33.73676300" lon="134.54267500">
   </rtept>
   <rtept lat="33.73673100" lon="134.54252700">
   </rtept>
   <rtept lat="33.73665600" lon="134.54239400">
   </rtept>
   <rtept lat="33.73660100" lon="134.54235600">
   </rtept>
   <rtept lat="33.73645400" lon="134.54235100">
   </rtept>
   <rtept lat="33.73634000" lon="134.54236600">
   </rtept>
   <rtept lat="33.73628100" lon="134.54236600">
   </rtept>
   <rtept lat="33.73619400" lon="134.54225100">
   </rtept>
   <rtept lat="33.73608700" lon="134.54202800">
   </rtept>
   <rtept lat="33.73597200" lon="134.54184300">
   </rtept>
   <rtept lat="33.73583400" lon="134.54167200">
   </rtept>
   <rtept lat="33.73577100" lon="134.54163300">
   </rtept>
   <rtept lat="33.73570700" lon="134.54163300">
   </rtept>
   <rtept lat="33.73564000" lon="134.54157200">
   </rtept>
   <rtept lat="33.73551400" lon="134.54156200">
   </rtept>
   <rtept lat="33.73505100" lon="134.54137700">
   </rtept>
   <rtept lat="33.73448200" lon="134.54109600">
   </rtept>
   <rtept lat="33.73434200" lon="134.54099700">
   </rtept>
   <rtept lat="33.73445500" lon="134.54024100">
   </rtept>
   <rtept lat="33.73452600" lon="134.53952100">
   </rtept>
   <rtept lat="33.73456800" lon="134.53894300">
   </rtept>
   <rtept lat="33.73451400" lon="134.53766700">
   </rtept>
   <rtept lat="33.73496500" lon="134.53781000">
   </rtept>
   <rtept lat="33.73539200" lon="134.53788800">
   </rtept>
   <rtept lat="33.73569400" lon="134.53792400">
   </rtept>
   <rtept lat="33.73589000" lon="134.53796600">
   </rtept>
   <rtept lat="33.73598800" lon="134.53789100">
   </rtept>
   <rtept lat="33.73619000" lon="134.53789100">
   </rtept>
   <rtept lat="33.73635600" lon="134.53795100">
   </rtept>
   <rtept lat="33.73649900" lon="134.53805800">
   </rtept>
   <rtept lat="33.73656500" lon="134.53817900">
   </rtept>
   <rtept lat="33.73654700" lon="134.53831500">
   </rtept>
   <rtept lat="33.73653700" lon="134.53841100">
   </rtept>
   <rtept lat="33.73657600" lon="134.53853600">
   </rtept>
   <rtept lat="33.73669000" lon="134.53871100">
   </rtept>
   <rtept lat="33.73682900" lon="134.53894000">
   </rtept>
   <rtept lat="33.73701100" lon="134.53937100">
   </rtept>
   <rtept lat="33.73721593" lon="134.53988753">
   </rtept>
   <rtept lat="33.73749951" lon="134.53983253">
   </rtept>
   <rtept lat="33.73782900" lon="134.54017000">
   </rtept>
   <rtept lat="33.73783798" lon="134.53983253">
   </rtept>
   <rtept lat="33.73807582" lon="134.53993153">
   </rtept>
   <rtept lat="33.73826792" lon="134.54012954">
   </rtept>
   <rtept lat="33.73850576" lon="134.54039355">
   </rtept>
   <rtept lat="33.73845087" lon="134.53989853">
   </rtept>
   <rtept lat="33.73846917" lon="134.53967852">
   </rtept>
   <rtept lat="33.73834110" lon="134.53944752">
   </rtept>
   <rtept lat="33.73856065" lon="134.53955752">
   </rtept>
   <rtept lat="33.73863383" lon="134.53921651">
   </rtept>
   <rtept lat="33.73857894" lon="134.53865549">
   </rtept>
   <rtept lat="33.73841428" lon="134.53847949">
   </rtept>
   <rtept lat="33.73837769" lon="134.53821548">
   </rtept>
   <rtept lat="33.73825877" lon="134.53788547">
   </rtept>
   <rtept lat="33.73822218" lon="134.53772046">
   </rtept>
   <rtept lat="33.73794775" lon="134.53734645">
   </rtept>
   <rtept lat="33.73761843" lon="134.53697244">
   </rtept>
   <rtept lat="33.73767332" lon="134.53644442">
   </rtept>
   <rtept lat="33.73749036" lon="134.53600441">
   </rtept>
   <rtept lat="33.73749000" lon="134.53553500">
   </rtept>
   <rtept lat="33.73744300" lon="134.53543800">
   </rtept>
   <rtept lat="33.73734800" lon="134.53527400">
   </rtept>
   <rtept lat="33.73723900" lon="134.53502100">
   </rtept>
   <rtept lat="33.73712900" lon="134.53478200">
   </rtept>
   <rtept lat="33.73702200" lon="134.53470000">
   </rtept>
   <rtept lat="33.73685357" lon="134.53454638">
   </rtept>
   <rtept lat="33.73661573" lon="134.53446937">
   </rtept>
   <rtept lat="33.73625897" lon="134.53448037">
   </rtept>
   <rtept lat="33.73607601" lon="134.53439237">
   </rtept>
   <rtept lat="33.73590220" lon="134.53412837">
   </rtept>
   <rtept lat="33.73565521" lon="134.53408437">
   </rtept>
   <rtept lat="33.73532589" lon="134.53420537">
   </rtept>
   <rtept lat="33.73509719" lon="134.53417237">
   </rtept>
   <rtept lat="33.73497827" lon="134.53376537">
   </rtept>
   <rtept lat="33.73474043" lon="134.53378737">
   </rtept>
   <rtept lat="33.73474957" lon="134.53400737">
   </rtept>
   <rtept lat="33.73450258" lon="134.53388637">
   </rtept>
   <rtept lat="33.73431047" lon="134.53358936">
   </rtept>
   <rtept lat="33.73325700" lon="134.53390800">
   </rtept>
   <rtept lat="33.73315400" lon="134.53391300">
   </rtept>
   <rtept lat="33.73294900" lon="134.53388400">
   </rtept>
   <rtept lat="33.73233600" lon="134.53361800">
   </rtept>
   <rtept lat="33.73191500" lon="134.53341700">
   </rtept>
   <rtept lat="33.73099400" lon="134.53337000">
   </rtept>
   <rtept lat="33.73072900" lon="134.53331700">
   </rtept>
   <rtept lat="33.72977600" lon="134.53307000">
   </rtept>
   <rtept lat="33.72951200" lon="134.53302800">
   </rtept>
 </rte>
 <rte>
  <name>SHIKOKU_TKS_20(千羽海崖を望むみち)</name>
   <rtept lat="33.71515200" lon="134.48499600">
   </rtept>
   <rtept lat="33.71451900" lon="134.48456800">
   </rtept>
   <rtept lat="33.71375800" lon="134.48383200">
   </rtept>
   <rtept lat="33.71318500" lon="134.48324900">
   </rtept>
   <rtept lat="33.71297700" lon="134.48322500">
   </rtept>
   <rtept lat="33.71275000" lon="134.48323700">
   </rtept>
   <rtept lat="33.71258200" lon="134.48296400">
   </rtept>
   <rtept lat="33.71226500" lon="134.48261900">
   </rtept>
   <rtept lat="33.71199800" lon="134.48238200">
   </rtept>
   <rtept lat="33.71171200" lon="134.48235800">
   </rtept>
   <rtept lat="33.71128700" lon="134.48251200">
   </rtept>
   <rtept lat="33.71060500" lon="134.48288100">
   </rtept>
   <rtept lat="33.71025900" lon="134.48297600">
   </rtept>
   <rtept lat="33.71004100" lon="134.48289300">
   </rtept>
   <rtept lat="33.70992200" lon="134.48261900">
   </rtept>
   <rtept lat="33.70979400" lon="134.48238200">
   </rtept>
   <rtept lat="33.70965500" lon="134.48234600">
   </rtept>
   <rtept lat="33.70943800" lon="134.48238200">
   </rtept>
   <rtept lat="33.70921700" lon="134.48266700">
   </rtept>
   <rtept lat="33.70895000" lon="134.48345100">
   </rtept>
   <rtept lat="33.70874200" lon="134.48411700">
   </rtept>
   <rtept lat="33.70836600" lon="134.48488900">
   </rtept>
   <rtept lat="33.70810900" lon="134.48502000">
   </rtept>
   <rtept lat="33.70780300" lon="134.48504400">
   </rtept>
   <rtept lat="33.70744700" lon="134.48488900">
   </rtept>
   <rtept lat="33.70722000" lon="134.48465200">
   </rtept>
   <rtept lat="33.70707100" lon="134.48447300">
   </rtept>
   <rtept lat="33.70683400" lon="134.48429500">
   </rtept>
   <rtept lat="33.70663600" lon="134.48422400">
   </rtept>
   <rtept lat="33.70635900" lon="134.48429500">
   </rtept>
   <rtept lat="33.70608800" lon="134.48441800">
   </rtept>
   <rtept lat="33.70599354" lon="134.48469326">
   </rtept>
   <rtept lat="33.70579156" lon="134.48513733">
   </rtept>
   <rtept lat="33.70581966" lon="134.48554270">
   </rtept>
   <rtept lat="33.70574472" lon="134.48601563">
   </rtept>
   <rtept lat="33.70566042" lon="134.48651670">
   </rtept>
   <rtept lat="33.70553396" lon="134.48686577">
   </rtept>
   <rtept lat="33.70544028" lon="134.48712475">
   </rtept>
   <rtept lat="33.70532788" lon="134.48733870">
   </rtept>
   <rtept lat="33.70513400" lon="134.48790600">
   </rtept>
   <rtept lat="33.70493800" lon="134.48827700">
   </rtept>
   <rtept lat="33.70518000" lon="134.48905600">
   </rtept>
   <rtept lat="33.70546200" lon="134.48974500">
   </rtept>
   <rtept lat="33.70549100" lon="134.49040400">
   </rtept>
   <rtept lat="33.70554100" lon="134.49136700">
   </rtept>
   <rtept lat="33.70557600" lon="134.49165200">
   </rtept>
   <rtept lat="33.70571900" lon="134.49189600">
   </rtept>
   <rtept lat="33.70589700" lon="134.49227000">
   </rtept>
   <rtept lat="33.70598100" lon="134.49264400">
   </rtept>
   <rtept lat="33.70608000" lon="134.49326200">
   </rtept>
   <rtept lat="33.70609500" lon="134.49361700">
   </rtept>
   <rtept lat="33.70617900" lon="134.49387900">
   </rtept>
   <rtept lat="33.70632700" lon="134.49408100">
   </rtept>
   <rtept lat="33.70650000" lon="134.49422300">
   </rtept>
   <rtept lat="33.70654900" lon="134.49437200">
   </rtept>
   <rtept lat="33.70662800" lon="134.49487700">
   </rtept>
   <rtept lat="33.70674200" lon="134.49492400">
   </rtept>
   <rtept lat="33.70686100" lon="134.49497800">
   </rtept>
   <rtept lat="33.70701400" lon="134.49515600">
   </rtept>
   <rtept lat="33.70714700" lon="134.49536400">
   </rtept>
   <rtept lat="33.70720700" lon="134.49543000">
   </rtept>
   <rtept lat="33.70733900" lon="134.49551300">
   </rtept>
   <rtept lat="33.70753200" lon="134.49557200">
   </rtept>
   <rtept lat="33.70762100" lon="134.49566100">
   </rtept>
   <rtept lat="33.70767000" lon="134.49581000">
   </rtept>
   <rtept lat="33.70771500" lon="134.49601200">
   </rtept>
   <rtept lat="33.70779900" lon="134.49614300">
   </rtept>
   <rtept lat="33.70804600" lon="134.49622600">
   </rtept>
   <rtept lat="33.70814500" lon="134.49629100">
   </rtept>
   <rtept lat="33.70816000" lon="134.49647500">
   </rtept>
   <rtept lat="33.70818900" lon="134.49674900">
   </rtept>
   <rtept lat="33.70829300" lon="134.49687900">
   </rtept>
   <rtept lat="33.70852100" lon="134.49691500">
   </rtept>
   <rtept lat="33.70865400" lon="134.49695700">
   </rtept>
   <rtept lat="33.70876300" lon="134.49710500">
   </rtept>
   <rtept lat="33.70892600" lon="134.49715900">
   </rtept>
   <rtept lat="33.70913400" lon="134.49721200">
   </rtept>
   <rtept lat="33.70928200" lon="134.49726600">
   </rtept>
   <rtept lat="33.70932600" lon="134.49739000">
   </rtept>
   <rtept lat="33.70941000" lon="134.49764000">
   </rtept>
   <rtept lat="33.70955900" lon="134.49789500">
   </rtept>
   <rtept lat="33.70986000" lon="134.49826400">
   </rtept>
   <rtept lat="33.70991900" lon="134.49838900">
   </rtept>
   <rtept lat="33.70991900" lon="134.49852500">
   </rtept>
   <rtept lat="33.70982100" lon="134.49877500">
   </rtept>
   <rtept lat="33.70969500" lon="134.49925400">
   </rtept>
   <rtept lat="33.70966300" lon="134.49959600">
   </rtept>
   <rtept lat="33.70978900" lon="134.49986200">
   </rtept>
   <rtept lat="33.70999500" lon="134.50024300">
   </rtept>
   <rtept lat="33.71008200" lon="134.50043300">
   </rtept>
   <rtept lat="33.71013000" lon="134.50058500">
   </rtept>
   <rtept lat="33.71008200" lon="134.50071800">
   </rtept>
   <rtept lat="33.70994000" lon="134.50084100">
   </rtept>
   <rtept lat="33.70974200" lon="134.50088900">
   </rtept>
   <rtept lat="33.70960000" lon="134.50100300">
   </rtept>
   <rtept lat="33.70949700" lon="134.50131700">
   </rtept>
   <rtept lat="33.70895900" lon="134.50157400">
   </rtept>
   <rtept lat="33.70854000" lon="134.50194400">
   </rtept>
   <rtept lat="33.70816800" lon="134.50233400">
   </rtept>
   <rtept lat="33.70804200" lon="134.50251500">
   </rtept>
   <rtept lat="33.70880100" lon="134.50349400">
   </rtept>
   <rtept lat="33.70945700" lon="134.50432100">
   </rtept>
   <rtept lat="33.70962300" lon="134.50465400">
   </rtept>
   <rtept lat="33.70997100" lon="134.50544300">
   </rtept>
   <rtept lat="33.71044600" lon="134.50645800">
   </rtept>
   <rtept lat="33.71078600" lon="134.50726600">
   </rtept>
   <rtept lat="33.71088900" lon="134.50772300">
   </rtept>
   <rtept lat="33.71057200" lon="134.50811300">
   </rtept>
   <rtept lat="33.71016100" lon="134.50855900">
   </rtept>
   <rtept lat="33.70975800" lon="134.50910100">
   </rtept>
   <rtept lat="33.70950500" lon="134.50964300">
   </rtept>
   <rtept lat="33.70916500" lon="134.51066100">
   </rtept>
   <rtept lat="33.70910900" lon="134.51159200">
   </rtept>
   <rtept lat="33.70914900" lon="134.51240000">
   </rtept>
   <rtept lat="33.70923600" lon="134.51327500">
   </rtept>
   <rtept lat="33.70898300" lon="134.51399800">
   </rtept>
   <rtept lat="33.70891900" lon="134.51418600">
   </rtept>
   <rtept lat="33.70871100" lon="134.51421000">
   </rtept>
   <rtept lat="33.70859300" lon="134.51432800">
   </rtept>
   <rtept lat="33.70837500" lon="134.51442300">
   </rtept>
   <rtept lat="33.70821700" lon="134.51442300">
   </rtept>
   <rtept lat="33.70827600" lon="134.51453000">
   </rtept>
   <rtept lat="33.70804900" lon="134.51475600">
   </rtept>
   <rtept lat="33.70811800" lon="134.51537400">
   </rtept>
   <rtept lat="33.70825600" lon="134.51609900">
   </rtept>
   <rtept lat="33.70837500" lon="134.51646700">
   </rtept>
   <rtept lat="33.70856300" lon="134.51672900">
   </rtept>
   <rtept lat="33.70868200" lon="134.51703800">
   </rtept>
   <rtept lat="33.70871100" lon="134.51732300">
   </rtept>
   <rtept lat="33.70861200" lon="134.51773900">
   </rtept>
   <rtept lat="33.70874100" lon="134.51826200">
   </rtept>
   <rtept lat="33.70877000" lon="134.51877300">
   </rtept>
   <rtept lat="33.70880000" lon="134.51904600">
   </rtept>
   <rtept lat="33.70871100" lon="134.51946200">
   </rtept>
   <rtept lat="33.70865200" lon="134.51968800">
   </rtept>
   <rtept lat="33.70855300" lon="134.51980700">
   </rtept>
   <rtept lat="33.70837500" lon="134.51989000">
   </rtept>
   <rtept lat="33.70850400" lon="134.52005600">
   </rtept>
   <rtept lat="33.70839500" lon="134.52010400">
   </rtept>
   <rtept lat="33.70845400" lon="134.52031800">
   </rtept>
   <rtept lat="33.70833600" lon="134.52040100">
   </rtept>
   <rtept lat="33.70829600" lon="134.52041300">
   </rtept>
   <rtept lat="33.70834500" lon="134.52074600">
   </rtept>
   <rtept lat="33.70839500" lon="134.52094800">
   </rtept>
   <rtept lat="33.70833600" lon="134.52108300">
   </rtept>
   <rtept lat="33.70800900" lon="134.52116600">
   </rtept>
   <rtept lat="33.70806900" lon="134.52141600">
   </rtept>
   <rtept lat="33.70832600" lon="134.52128500">
   </rtept>
   <rtept lat="33.70809800" lon="134.52191500">
   </rtept>
   <rtept lat="33.70818700" lon="134.52220000">
   </rtept>
   <rtept lat="33.70832600" lon="134.52258100">
   </rtept>
   <rtept lat="33.70852300" lon="134.52316300">
   </rtept>
   <rtept lat="33.70878000" lon="134.52362600">
   </rtept>
   <rtept lat="33.70890900" lon="134.52394700">
   </rtept>
   <rtept lat="33.70893900" lon="134.52435100">
   </rtept>
   <rtept lat="33.70912600" lon="134.52475500">
   </rtept>
   <rtept lat="33.70938300" lon="134.52520700">
   </rtept>
   <rtept lat="33.70958100" lon="134.52550400">
   </rtept>
   <rtept lat="33.70981800" lon="134.52554000">
   </rtept>
   <rtept lat="33.70994700" lon="134.52564700">
   </rtept>
   <rtept lat="33.70992700" lon="134.52573000">
   </rtept>
   <rtept lat="33.70983800" lon="134.52580100">
   </rtept>
   <rtept lat="33.71000600" lon="134.52597900">
   </rtept>
   <rtept lat="33.71041200" lon="134.52662100">
   </rtept>
   <rtept lat="33.71058900" lon="134.52703700">
   </rtept>
   <rtept lat="33.71074800" lon="134.52751200">
   </rtept>
   <rtept lat="33.71092600" lon="134.52777400">
   </rtept>
   <rtept lat="33.71100500" lon="134.52814200">
   </rtept>
   <rtept lat="33.71127200" lon="134.52857000">
   </rtept>
   <rtept lat="33.71126200" lon="134.52890800">
   </rtept>
   <rtept lat="33.71148900" lon="134.52924000">
   </rtept>
   <rtept lat="33.71180500" lon="134.52964400">
   </rtept>
   <rtept lat="33.71213200" lon="134.52983500">
   </rtept>
   <rtept lat="33.71241800" lon="134.52993000">
   </rtept>
   <rtept lat="33.71319900" lon="134.52998900">
   </rtept>
   <rtept lat="33.71384000" lon="134.53001300">
   </rtept>
   <rtept lat="33.71398800" lon="134.52995300">
   </rtept>
   <rtept lat="33.71420600" lon="134.52998900">
   </rtept>
   <rtept lat="33.71437400" lon="134.53019100">
   </rtept>
   <rtept lat="33.71466000" lon="134.53058300">
   </rtept>
   <rtept lat="33.71471000" lon="134.53067800">
   </rtept>
   <rtept lat="33.71454200" lon="134.53085700">
   </rtept>
   <rtept lat="33.71449200" lon="134.53102300">
   </rtept>
   <rtept lat="33.71462100" lon="134.53147500">
   </rtept>
   <rtept lat="33.71468000" lon="134.53177200">
   </rtept>
   <rtept lat="33.71461100" lon="134.53199700">
   </rtept>
   <rtept lat="33.71453200" lon="134.53215200">
   </rtept>
   <rtept lat="33.71451200" lon="134.53228300">
   </rtept>
   <rtept lat="33.71462100" lon="134.53243700">
   </rtept>
   <rtept lat="33.71465400" lon="134.53258200">
   </rtept>
   <rtept lat="33.71464800" lon="134.53276000">
   </rtept>
   <rtept lat="33.71463000" lon="134.53294600">
   </rtept>
   <rtept lat="33.71465400" lon="134.53308100">
   </rtept>
   <rtept lat="33.71471900" lon="134.53314500">
   </rtept>
   <rtept lat="33.71484400" lon="134.53326700">
   </rtept>
   <rtept lat="33.71489100" lon="134.53344500">
   </rtept>
   <rtept lat="33.71502800" lon="134.53350900">
   </rtept>
   <rtept lat="33.71510500" lon="134.53356600">
   </rtept>
   <rtept lat="33.71517000" lon="134.53364500">
   </rtept>
   <rtept lat="33.71521700" lon="134.53383000">
   </rtept>
   <rtept lat="33.71529400" lon="134.53405100">
   </rtept>
   <rtept lat="33.71546100" lon="134.53424400">
   </rtept>
   <rtept lat="33.71574500" lon="134.53447900">
   </rtept>
   <rtept lat="33.71613700" lon="134.53457900">
   </rtept>
   <rtept lat="33.71623200" lon="134.53462900">
   </rtept>
   <rtept lat="33.71637400" lon="134.53479300">
   </rtept>
   <rtept lat="33.71642700" lon="134.53502100">
   </rtept>
   <rtept lat="33.71638600" lon="134.53520600">
   </rtept>
   <rtept lat="33.71638600" lon="134.53533500">
   </rtept>
   <rtept lat="33.71642100" lon="134.53544100">
   </rtept>
   <rtept lat="33.71648700" lon="134.53564100">
   </rtept>
   <rtept lat="33.71650400" lon="134.53569100">
   </rtept>
   <rtept lat="33.71645100" lon="134.53583400">
   </rtept>
   <rtept lat="33.71634400" lon="134.53597400">
   </rtept>
   <rtept lat="33.71626100" lon="134.53610200">
   </rtept>
   <rtept lat="33.71616600" lon="134.53632300">
   </rtept>
   <rtept lat="33.71637400" lon="134.53658000">
   </rtept>
   <rtept lat="33.71655800" lon="134.53680800">
   </rtept>
   <rtept lat="33.71661100" lon="134.53693000">
   </rtept>
   <rtept lat="33.71666500" lon="134.53709400">
   </rtept>
   <rtept lat="33.71675400" lon="134.53717200">
   </rtept>
   <rtept lat="33.71692600" lon="134.53730700">
   </rtept>
   <rtept lat="33.71707400" lon="134.53734300">
   </rtept>
   <rtept lat="33.71703200" lon="134.53743600">
   </rtept>
   <rtept lat="33.71714500" lon="134.53742900">
   </rtept>
   <rtept lat="33.71713900" lon="134.53751800">
   </rtept>
   <rtept lat="33.71719500" lon="134.53750400">
   </rtept>
   <rtept lat="33.71723400" lon="134.53751400">
   </rtept>
   <rtept lat="33.71729000" lon="134.53757100">
   </rtept>
   <rtept lat="33.71734700" lon="134.53759300">
   </rtept>
   <rtept lat="33.71748900" lon="134.53766400">
   </rtept>
   <rtept lat="33.71752700" lon="134.53771400">
   </rtept>
   <rtept lat="33.71754800" lon="134.53778900">
   </rtept>
   <rtept lat="33.71758400" lon="134.53781700">
   </rtept>
   <rtept lat="33.71767900" lon="134.53783200">
   </rtept>
   <rtept lat="33.71769900" lon="134.53783900">
   </rtept>
   <rtept lat="33.71757500" lon="134.53803800">
   </rtept>
   <rtept lat="33.71758700" lon="134.53806300">
   </rtept>
   <rtept lat="33.71769100" lon="134.53806000">
   </rtept>
   <rtept lat="33.71772400" lon="134.53806700">
   </rtept>
   <rtept lat="33.71774800" lon="134.53809500">
   </rtept>
   <rtept lat="33.71771600" lon="134.53814900">
   </rtept>
   <rtept lat="33.71762700" lon="134.53830200">
   </rtept>
   <rtept lat="33.71763000" lon="134.53837300">
   </rtept>
   <rtept lat="33.71766800" lon="134.53845500">
   </rtept>
   <rtept lat="33.71779000" lon="134.53861600">
   </rtept>
   <rtept lat="33.71783700" lon="134.53865500">
   </rtept>
   <rtept lat="33.71787600" lon="134.53872300">
   </rtept>
   <rtept lat="33.71789600" lon="134.53880800">
   </rtept>
   <rtept lat="33.71789000" lon="134.53900500">
   </rtept>
   <rtept lat="33.71788500" lon="134.53921100">
   </rtept>
   <rtept lat="33.71788800" lon="134.53935700">
   </rtept>
   <rtept lat="33.71794700" lon="134.53949300">
   </rtept>
   <rtept lat="33.71800900" lon="134.53958200">
   </rtept>
   <rtept lat="33.71808300" lon="134.53966100">
   </rtept>
   <rtept lat="33.71812800" lon="134.53971400">
   </rtept>
   <rtept lat="33.71811600" lon="134.53981000">
   </rtept>
   <rtept lat="33.71809200" lon="134.53993900">
   </rtept>
   <rtept lat="33.71809500" lon="134.54006000">
   </rtept>
   <rtept lat="33.71817900" lon="134.54036200">
   </rtept>
   <rtept lat="33.71836900" lon="134.54076100">
   </rtept>
   <rtept lat="33.71864200" lon="134.54099000">
   </rtept>
   <rtept lat="33.71922300" lon="134.54097500">
   </rtept>
   <rtept lat="33.71953100" lon="134.54060500">
   </rtept>
   <rtept lat="33.71984000" lon="134.54100400">
   </rtept>
   <rtept lat="33.72008900" lon="134.54144600">
   </rtept>
   <rtept lat="33.72029000" lon="134.54203100">
   </rtept>
   <rtept lat="33.72068200" lon="134.54250100">
   </rtept>
   <rtept lat="33.72108500" lon="134.54254400">
   </rtept>
   <rtept lat="33.72173700" lon="134.54237300">
   </rtept>
   <rtept lat="33.72205800" lon="134.54198800">
   </rtept>
   <rtept lat="33.72253200" lon="134.54153200">
   </rtept>
   <rtept lat="33.72330300" lon="134.54128900">
   </rtept>
   <rtept lat="33.72377800" lon="134.54100400">
   </rtept>
   <rtept lat="33.72411200" lon="134.54084700">
   </rtept>
   <rtept lat="33.72442000" lon="134.54099000">
   </rtept>
   <rtept lat="33.72474100" lon="134.54131800">
   </rtept>
   <rtept lat="33.72510800" lon="134.54200200">
   </rtept>
   <rtept lat="33.72508500" lon="134.54121800">
   </rtept>
   <rtept lat="33.72509700" lon="134.54044800">
   </rtept>
   <rtept lat="33.72521500" lon="134.54014800">
   </rtept>
   <rtept lat="33.72536900" lon="134.54007700">
   </rtept>
   <rtept lat="33.72558400" lon="134.54013900">
   </rtept>
   <rtept lat="33.72568800" lon="134.54017400">
   </rtept>
   <rtept lat="33.72579100" lon="134.54023700">
   </rtept>
   <rtept lat="33.72589500" lon="134.54033800">
   </rtept>
   <rtept lat="33.72597900" lon="134.54046300">
   </rtept>
   <rtept lat="33.72607300" lon="134.54058200">
   </rtept>
   <rtept lat="33.72617600" lon="134.54058100">
   </rtept>
   <rtept lat="33.72627400" lon="134.54058800">
   </rtept>
   <rtept lat="33.72635800" lon="134.54057000">
   </rtept>
   <rtept lat="33.72648600" lon="134.54044500">
   </rtept>
   <rtept lat="33.72663900" lon="134.54031500">
   </rtept>
   <rtept lat="33.72673300" lon="134.54016600">
   </rtept>
   <rtept lat="33.72679300" lon="134.54005300">
   </rtept>
   <rtept lat="33.72690600" lon="134.53989300">
   </rtept>
   <rtept lat="33.72704000" lon="134.53970900">
   </rtept>
   <rtept lat="33.72711900" lon="134.53948900">
   </rtept>
   <rtept lat="33.72723200" lon="134.53930500">
   </rtept>
   <rtept lat="33.72733100" lon="134.53913800">
   </rtept>
   <rtept lat="33.72742500" lon="134.53899600">
   </rtept>
   <rtept lat="33.72753900" lon="134.53897200">
   </rtept>
   <rtept lat="33.72769200" lon="134.53899000">
   </rtept>
   <rtept lat="33.72781600" lon="134.53901900">
   </rtept>
   <rtept lat="33.72789500" lon="134.53906700">
   </rtept>
   <rtept lat="33.72801300" lon="134.53918000">
   </rtept>
   <rtept lat="33.72817100" lon="134.53931000">
   </rtept>
   <rtept lat="33.72825500" lon="134.53940000">
   </rtept>
   <rtept lat="33.72840400" lon="134.53953000">
   </rtept>
   <rtept lat="33.72854200" lon="134.53967900">
   </rtept>
   <rtept lat="33.72863200" lon="134.53980600">
   </rtept>
   <rtept lat="33.72867300" lon="134.53987500">
   </rtept>
   <rtept lat="33.72872000" lon="134.53995500">
   </rtept>
   <rtept lat="33.72879600" lon="134.54005600">
   </rtept>
   <rtept lat="33.72887000" lon="134.54017800">
   </rtept>
   <rtept lat="33.72896400" lon="134.54030000">
   </rtept>
   <rtept lat="33.72902900" lon="134.54037700">
   </rtept>
   <rtept lat="33.72908800" lon="134.54043600">
   </rtept>
   <rtept lat="33.72918500" lon="134.54049500">
   </rtept>
   <rtept lat="33.72933500" lon="134.54047200">
   </rtept>
   <rtept lat="33.72941900" lon="134.54038300">
   </rtept>
   <rtept lat="33.72951300" lon="134.54021700">
   </rtept>
   <rtept lat="33.72960200" lon="134.54006200">
   </rtept>
   <rtept lat="33.72959700" lon="134.53988400">
   </rtept>
   <rtept lat="33.72957700" lon="134.53969400">
   </rtept>
   <rtept lat="33.72953300" lon="134.53955100">
   </rtept>
   <rtept lat="33.72945400" lon="134.53931900">
   </rtept>
   <rtept lat="33.72928100" lon="134.53896900">
   </rtept>
   <rtept lat="33.72909300" lon="134.53858800">
   </rtept>
   <rtept lat="33.72895900" lon="134.53833300">
   </rtept>
   <rtept lat="33.72892500" lon="134.53811900">
   </rtept>
   <rtept lat="33.72892500" lon="134.53797000">
   </rtept>
   <rtept lat="33.72898900" lon="134.53782800">
   </rtept>
   <rtept lat="33.72907800" lon="134.53773300">
   </rtept>
   <rtept lat="33.72918200" lon="134.53759000">
   </rtept>
   <rtept lat="33.72934500" lon="134.53745300">
   </rtept>
   <rtept lat="33.72947800" lon="134.53718000">
   </rtept>
   <rtept lat="33.72961700" lon="134.53689500">
   </rtept>
   <rtept lat="33.72970100" lon="134.53667700">
   </rtept>
   <rtept lat="33.72972900" lon="134.53634500">
   </rtept>
   <rtept lat="33.72965000" lon="134.53611600">
   </rtept>
   <rtept lat="33.72950800" lon="134.53612600">
   </rtept>
   <rtept lat="33.72934600" lon="134.53631600">
   </rtept>
   <rtept lat="33.72903300" lon="134.53661100">
   </rtept>
   <rtept lat="33.72867700" lon="134.53683400">
   </rtept>
   <rtept lat="33.72836900" lon="134.53690500">
   </rtept>
   <rtept lat="33.72802000" lon="134.53689100">
   </rtept>
   <rtept lat="33.72768400" lon="134.53681000">
   </rtept>
   <rtept lat="33.72742700" lon="134.53665800">
   </rtept>
   <rtept lat="33.72722100" lon="134.53649700">
   </rtept>
   <rtept lat="33.72704700" lon="134.53635400">
   </rtept>
   <rtept lat="33.72687700" lon="134.53616400">
   </rtept>
   <rtept lat="33.72673900" lon="134.53596400">
   </rtept>
   <rtept lat="33.72671900" lon="134.53574100">
   </rtept>
   <rtept lat="33.72681400" lon="134.53554600">
   </rtept>
   <rtept lat="33.72691300" lon="134.53544100">
   </rtept>
   <rtept lat="33.72703500" lon="134.53545100">
   </rtept>
   <rtept lat="33.72745400" lon="134.53559800">
   </rtept>
   <rtept lat="33.72781400" lon="134.53531800">
   </rtept>
   <rtept lat="33.72747900" lon="134.53437900">
   </rtept>
   <rtept lat="33.72789400" lon="134.53398700">
   </rtept>
   <rtept lat="33.72859400" lon="134.53358800">
   </rtept>
   <rtept lat="33.72909800" lon="134.53331000">
   </rtept>
   <rtept lat="33.72951200" lon="134.53302800">
   </rtept>
   <rtept lat="33.72927500" lon="134.53088200">
   </rtept>
 </rte>
 <rte>
  <name>SHIKOKU_TKS_21(潮風そよぐみち)</name>
   <rtept lat="33.71515200" lon="134.48499600">
   </rtept>
   <rtept lat="33.71451900" lon="134.48456800">
   </rtept>
   <rtept lat="33.71375800" lon="134.48383200">
   </rtept>
   <rtept lat="33.71318500" lon="134.48324900">
   </rtept>
   <rtept lat="33.71297700" lon="134.48322500">
   </rtept>
   <rtept lat="33.71275000" lon="134.48323700">
   </rtept>
   <rtept lat="33.71258200" lon="134.48296400">
   </rtept>
   <rtept lat="33.71226500" lon="134.48261900">
   </rtept>
   <rtept lat="33.71199800" lon="134.48238200">
   </rtept>
   <rtept lat="33.71171200" lon="134.48235800">
   </rtept>
   <rtept lat="33.71128700" lon="134.48251200">
   </rtept>
   <rtept lat="33.71060500" lon="134.48288100">
   </rtept>
   <rtept lat="33.71025900" lon="134.48297600">
   </rtept>
   <rtept lat="33.71004100" lon="134.48289300">
   </rtept>
   <rtept lat="33.70992200" lon="134.48261900">
   </rtept>
   <rtept lat="33.70979400" lon="134.48238200">
   </rtept>
   <rtept lat="33.70965500" lon="134.48234600">
   </rtept>
   <rtept lat="33.70943800" lon="134.48238200">
   </rtept>
   <rtept lat="33.70921700" lon="134.48266700">
   </rtept>
   <rtept lat="33.70895000" lon="134.48345100">
   </rtept>
   <rtept lat="33.70874200" lon="134.48411700">
   </rtept>
   <rtept lat="33.70836600" lon="134.48488900">
   </rtept>
   <rtept lat="33.70810900" lon="134.48502000">
   </rtept>
   <rtept lat="33.70780300" lon="134.48504400">
   </rtept>
   <rtept lat="33.70744700" lon="134.48488900">
   </rtept>
   <rtept lat="33.70722000" lon="134.48465200">
   </rtept>
   <rtept lat="33.70707100" lon="134.48447300">
   </rtept>
   <rtept lat="33.70683400" lon="134.48429500">
   </rtept>
   <rtept lat="33.70663600" lon="134.48422400">
   </rtept>
   <rtept lat="33.70635900" lon="134.48429500">
   </rtept>
   <rtept lat="33.70608800" lon="134.48441800">
   </rtept>
   <rtept lat="33.70599354" lon="134.48469326">
   </rtept>
   <rtept lat="33.70579156" lon="134.48513733">
   </rtept>
   <rtept lat="33.70581966" lon="134.48554270">
   </rtept>
   <rtept lat="33.70550771" lon="134.48552585">
   </rtept>
   <rtept lat="33.70527915" lon="134.48525110">
   </rtept>
   <rtept lat="33.70507681" lon="134.48512949">
   </rtept>
   <rtept lat="33.70487448" lon="134.48506193">
   </rtept>
   <rtept lat="33.70474333" lon="134.48485925">
   </rtept>
   <rtept lat="33.70440985" lon="134.48482322">
   </rtept>
   <rtept lat="33.70422700" lon="134.48496600">
   </rtept>
   <rtept lat="33.70406900" lon="134.48487000">
   </rtept>
   <rtept lat="33.70370500" lon="134.48448100">
   </rtept>
   <rtept lat="33.70327800" lon="134.48437600">
   </rtept>
   <rtept lat="33.70308800" lon="134.48431900">
   </rtept>
   <rtept lat="33.70278700" lon="134.48380600">
   </rtept>
   <rtept lat="33.70255800" lon="134.48345400">
   </rtept>
   <rtept lat="33.70238400" lon="134.48330200">
   </rtept>
   <rtept lat="33.70206800" lon="134.48325400">
   </rtept>
   <rtept lat="33.70188900" lon="134.48298900">
   </rtept>
   <rtept lat="33.70170500" lon="134.48271100">
   </rtept>
   <rtept lat="33.70145000" lon="134.48254700">
   </rtept>
   <rtept lat="33.70081000" lon="134.48214800">
   </rtept>
   <rtept lat="33.70040600" lon="134.48185500">
   </rtept>
   <rtept lat="33.70003800" lon="134.48129900">
   </rtept>
   <rtept lat="33.69998300" lon="134.48098800">
   </rtept>
   <rtept lat="33.69975400" lon="134.48076000">
   </rtept>
   <rtept lat="33.69945300" lon="134.48070300">
   </rtept>
   <rtept lat="33.69941400" lon="134.48065500">
   </rtept>
   <rtept lat="33.69945300" lon="134.48053100">
   </rtept>
   <rtept lat="33.69953200" lon="134.48050300">
   </rtept>
   <rtept lat="33.69946900" lon="134.48041700">
   </rtept>
   <rtept lat="33.69939800" lon="134.48040800">
   </rtept>
   <rtept lat="33.69916000" lon="134.48014200">
   </rtept>
   <rtept lat="33.69889200" lon="134.47991300">
   </rtept>
   <rtept lat="33.69878100" lon="134.47972300">
   </rtept>
   <rtept lat="33.69858300" lon="134.47947600">
   </rtept>
   <rtept lat="33.69818800" lon="134.47920000">
   </rtept>
   <rtept lat="33.69795800" lon="134.47902900">
   </rtept>
   <rtept lat="33.69783600" lon="134.47890300">
   </rtept>
   <rtept lat="33.69762300" lon="134.47844600">
   </rtept>
   <rtept lat="33.69722700" lon="134.47781900">
   </rtept>
   <rtept lat="33.69674500" lon="134.47728700">
   </rtept>
   <rtept lat="33.69625400" lon="134.47677300">
   </rtept>
   <rtept lat="33.69594600" lon="134.47638300">
   </rtept>
   <rtept lat="33.69585200" lon="134.47606500">
   </rtept>
   <rtept lat="33.69582000" lon="134.47517100">
   </rtept>
   <rtept lat="33.69566200" lon="134.47454400">
   </rtept>
   <rtept lat="33.69542500" lon="134.47406800">
   </rtept>
   <rtept lat="33.69533000" lon="134.47378300">
   </rtept>
   <rtept lat="33.69514000" lon="134.47334600">
   </rtept>
   <rtept lat="33.69476000" lon="134.47292800">
   </rtept>
   <rtept lat="33.69460157" lon="134.47276840">
   </rtept>
   <rtept lat="33.69439666" lon="134.47268396">
   </rtept>
   <rtept lat="33.69431214" lon="134.47284314">
   </rtept>
   <rtept lat="33.69425029" lon="134.47301469">
   </rtept>
   <rtept lat="33.69401400" lon="134.47261000">
   </rtept>
   <rtept lat="33.69385500" lon="134.47215400">
   </rtept>
   <rtept lat="33.69369700" lon="134.47181200">
   </rtept>
   <rtept lat="33.69349100" lon="134.47134600">
   </rtept>
   <rtept lat="33.69300230" lon="134.47108695">
   </rtept>
   <rtept lat="33.69265102" lon="134.47064363">
   </rtept>
   <rtept lat="33.69265102" lon="134.47064363">
   </rtept>
   <rtept lat="33.69247538" lon="134.47042550">
   </rtept>
   <rtept lat="33.69220020" lon="134.47008070">
   </rtept>
   <rtept lat="33.69199529" lon="134.46985552">
   </rtept>
   <rtept lat="33.69170840" lon="134.46958109">
   </rtept>
   <rtept lat="33.69199529" lon="134.46985552">
   </rtept>
   <rtept lat="33.69220020" lon="134.47008070">
   </rtept>
   <rtept lat="33.69247538" lon="134.47042550">
   </rtept>
   <rtept lat="33.69265102" lon="134.47064363">
   </rtept>
   <rtept lat="33.69300230" lon="134.47108695">
   </rtept>
   <rtept lat="33.69349100" lon="134.47134600">
   </rtept>
   <rtept lat="33.69369700" lon="134.47181200">
   </rtept>
   <rtept lat="33.69385500" lon="134.47215400">
   </rtept>
   <rtept lat="33.69401400" lon="134.47261000">
   </rtept>
   <rtept lat="33.69425029" lon="134.47301469">
   </rtept>
   <rtept lat="33.69421421" lon="134.47308537">
   </rtept>
   <rtept lat="33.69419100" lon="134.47315600">
   </rtept>
   <rtept lat="33.69381100" lon="134.47403000">
   </rtept>
   <rtept lat="33.69354200" lon="134.47444900">
   </rtept>
   <rtept lat="33.69343100" lon="134.47448700">
   </rtept>
   <rtept lat="33.69324200" lon="134.47418200">
   </rtept>
   <rtept lat="33.69317800" lon="134.47382100">
   </rtept>
   <rtept lat="33.69287800" lon="134.47372600">
   </rtept>
   <rtept lat="33.69262500" lon="134.47346000">
   </rtept>
   <rtept lat="33.69213400" lon="134.47321300">
   </rtept>
   <rtept lat="33.69180200" lon="134.47308000">
   </rtept>
   <rtept lat="33.69158000" lon="134.47285100">
   </rtept>
   <rtept lat="33.69140600" lon="134.47262300">
   </rtept>
   <rtept lat="33.69063800" lon="134.47233800">
   </rtept>
   <rtept lat="33.69032100" lon="134.47254700">
   </rtept>
   <rtept lat="33.69013100" lon="134.47271800">
   </rtept>
   <rtept lat="33.68957800" lon="134.47283200">
   </rtept>
   <rtept lat="33.68934000" lon="134.47271800">
   </rtept>
   <rtept lat="33.68927700" lon="134.47245200">
   </rtept>
   <rtept lat="33.68923000" lon="134.47211000">
   </rtept>
   <rtept lat="33.68878700" lon="134.47192000">
   </rtept>
   <rtept lat="33.68824900" lon="134.47157800">
   </rtept>
   <rtept lat="33.68798000" lon="134.47134900">
   </rtept>
   <rtept lat="33.68777400" lon="134.47131100">
   </rtept>
   <rtept lat="33.68748900" lon="134.47148200">
   </rtept>
   <rtept lat="33.68723600" lon="134.47150100">
   </rtept>
   <rtept lat="33.68696700" lon="134.47138700">
   </rtept>
   <rtept lat="33.68663500" lon="134.47121600">
   </rtept>
   <rtept lat="33.68644500" lon="134.47125400">
   </rtept>
   <rtept lat="33.68625500" lon="134.47133000">
   </rtept>
   <rtept lat="33.68609700" lon="134.47146300">
   </rtept>
   <rtept lat="33.68579600" lon="134.47110200">
   </rtept>
   <rtept lat="33.68491000" lon="134.47072200">
   </rtept>
   <rtept lat="33.68423000" lon="134.47036100">
   </rtept>
   <rtept lat="33.68392900" lon="134.47034200">
   </rtept>
   <rtept lat="33.68356500" lon="134.47032300">
   </rtept>
   <rtept lat="33.68337600" lon="134.47020800">
   </rtept>
   <rtept lat="33.68320100" lon="134.47047500">
   </rtept>
   <rtept lat="33.68318600" lon="134.47095000">
   </rtept>
   <rtept lat="33.68336000" lon="134.47144400">
   </rtept>
   <rtept lat="33.68366000" lon="134.47155900">
   </rtept>
   <rtept lat="33.68380300" lon="134.47171100">
   </rtept>
   <rtept lat="33.68392900" lon="134.47193900">
   </rtept>
   <rtept lat="33.68410300" lon="134.47197700">
   </rtept>
   <rtept lat="33.68432500" lon="134.47199600">
   </rtept>
   <rtept lat="33.68465700" lon="134.47228100">
   </rtept>
   <rtept lat="33.68461000" lon="134.47247100">
   </rtept>
   <rtept lat="33.68450500" lon="134.47255900">
   </rtept>
   <rtept lat="33.68435400" lon="134.47244500">
   </rtept>
   <rtept lat="33.68425900" lon="134.47234000">
   </rtept>
   <rtept lat="33.68407000" lon="134.47224500">
   </rtept>
   <rtept lat="33.68385600" lon="134.47219700">
   </rtept>
   <rtept lat="33.68376100" lon="134.47218800">
   </rtept>
   <rtept lat="33.68365000" lon="134.47203600">
   </rtept>
   <rtept lat="33.68347600" lon="134.47195000">
   </rtept>
   <rtept lat="33.68332600" lon="134.47188400">
   </rtept>
   <rtept lat="33.68286700" lon="134.47166500">
   </rtept>
   <rtept lat="33.68272500" lon="134.47163600">
   </rtept>
   <rtept lat="33.68260600" lon="134.47167400">
   </rtept>
   <rtept lat="33.68251900" lon="134.47168400">
   </rtept>
   <rtept lat="33.68243200" lon="134.47165500">
   </rtept>
   <rtept lat="33.68236900" lon="134.47151300">
   </rtept>
   <rtept lat="33.68221800" lon="134.47145600">
   </rtept>
   <rtept lat="33.68206000" lon="134.47147500">
   </rtept>
   <rtept lat="33.68194900" lon="134.47144600">
   </rtept>
   <rtept lat="33.68183900" lon="134.47132300">
   </rtept>
   <rtept lat="33.68176000" lon="134.47101800">
   </rtept>
   <rtept lat="33.68176000" lon="134.47059100">
   </rtept>
   <rtept lat="33.68201300" lon="134.47054300">
   </rtept>
   <rtept lat="33.68219500" lon="134.47044800">
   </rtept>
   <rtept lat="33.68237700" lon="134.47023900">
   </rtept>
   <rtept lat="33.68263800" lon="134.47010600">
   </rtept>
   <rtept lat="33.68266900" lon="134.46994400">
   </rtept>
   <rtept lat="33.68268500" lon="134.46957300">
   </rtept>
   <rtept lat="33.68264600" lon="134.46945000">
   </rtept>
   <rtept lat="33.68246400" lon="134.46943100">
   </rtept>
   <rtept lat="33.68234500" lon="134.46972600">
   </rtept>
   <rtept lat="33.68181500" lon="134.46962100">
   </rtept>
   <rtept lat="33.68170400" lon="134.46972600">
   </rtept>
   <rtept lat="33.68160900" lon="134.46977300">
   </rtept>
   <rtept lat="33.68152200" lon="134.46972600">
   </rtept>
   <rtept lat="33.68146700" lon="134.46957300">
   </rtept>
   <rtept lat="33.68148300" lon="134.46908900">
   </rtept>
   <rtept lat="33.68150600" lon="134.46883200">
   </rtept>
   <rtept lat="33.68135900" lon="134.46872800">
   </rtept>
   <rtept lat="33.68115200" lon="134.46832800">
   </rtept>
   <rtept lat="33.68087500" lon="134.46758600">
   </rtept>
   <rtept lat="33.68085200" lon="134.46743400">
   </rtept>
   <rtept lat="33.68089100" lon="134.46651200">
   </rtept>
   <rtept lat="33.68079600" lon="134.46631200">
   </rtept>
   <rtept lat="33.68075700" lon="134.46581800">
   </rtept>
   <rtept lat="33.68064600" lon="134.46548500">
   </rtept>
   <rtept lat="33.68043200" lon="134.46547600">
   </rtept>
   <rtept lat="33.68035300" lon="134.46522800">
   </rtept>
   <rtept lat="33.68015500" lon="134.46521900">
   </rtept>
   <rtept lat="33.68005200" lon="134.46499100">
   </rtept>
   <rtept lat="33.67980700" lon="134.46491500">
   </rtept>
   <rtept lat="33.67964100" lon="134.46480100">
   </rtept>
   <rtept lat="33.67953000" lon="134.46462000">
   </rtept>
   <rtept lat="33.67949100" lon="134.46444900">
   </rtept>
   <rtept lat="33.67972000" lon="134.46420400">
   </rtept>
   <rtept lat="33.67972800" lon="134.46411900">
   </rtept>
   <rtept lat="33.67967300" lon="134.46398600">
   </rtept>
   <rtept lat="33.67955400" lon="134.46391000">
   </rtept>
   <rtept lat="33.67914300" lon="134.46392900">
   </rtept>
   <rtept lat="33.67907900" lon="134.46381500">
   </rtept>
   <rtept lat="33.67899200" lon="134.46368200">
   </rtept>
   <rtept lat="33.67882600" lon="134.46347200">
   </rtept>
   <rtept lat="33.67873100" lon="134.46328200">
   </rtept>
   <rtept lat="33.67872300" lon="134.46316800">
   </rtept>
   <rtept lat="33.67879500" lon="134.46310200">
   </rtept>
   <rtept lat="33.67889700" lon="134.46304500">
   </rtept>
   <rtept lat="33.67920600" lon="134.46313000">
   </rtept>
   <rtept lat="33.67930900" lon="134.46311100">
   </rtept>
   <rtept lat="33.67935600" lon="134.46309200">
   </rtept>
   <rtept lat="33.67919800" lon="134.46276900">
   </rtept>
   <rtept lat="33.67919800" lon="134.46253100">
   </rtept>
   <rtept lat="33.67916600" lon="134.46237000">
   </rtept>
   <rtept lat="33.67908700" lon="134.46232200">
   </rtept>
   <rtept lat="33.67886600" lon="134.46233200">
   </rtept>
   <rtept lat="33.67859700" lon="134.46204600">
   </rtept>
   <rtept lat="33.67837500" lon="134.46199900">
   </rtept>
   <rtept lat="33.67818500" lon="134.46191300">
   </rtept>
   <rtept lat="33.67808300" lon="134.46175200">
   </rtept>
   <rtept lat="33.67806700" lon="134.46146600">
   </rtept>
   <rtept lat="33.67813000" lon="134.46115300">
   </rtept>
   <rtept lat="33.67815400" lon="134.46091500">
   </rtept>
   <rtept lat="33.67824100" lon="134.46080100">
   </rtept>
   <rtept lat="33.67866800" lon="134.46052500">
   </rtept>
   <rtept lat="33.67870000" lon="134.46044000">
   </rtept>
   <rtept lat="33.67867600" lon="134.46034500">
   </rtept>
   <rtept lat="33.67822500" lon="134.46035400">
   </rtept>
   <rtept lat="33.67805900" lon="134.46025900">
   </rtept>
   <rtept lat="33.67785300" lon="134.46026900">
   </rtept>
   <rtept lat="33.67767900" lon="134.46010700">
   </rtept>
   <rtept lat="33.67766300" lon="134.45990700">
   </rtept>
   <rtept lat="33.67772600" lon="134.45965100">
   </rtept>
   <rtept lat="33.67773400" lon="134.45944100">
   </rtept>
   <rtept lat="33.67764700" lon="134.45916600">
   </rtept>
   <rtept lat="33.67777500" lon="134.45891600">
   </rtept>
   <rtept lat="33.67782900" lon="134.45883300">
   </rtept>
   <rtept lat="33.67786400" lon="134.45867200">
   </rtept>
   <rtept lat="33.67795800" lon="134.45851800">
   </rtept>
   <rtept lat="33.67798800" lon="134.45846500">
   </rtept>
   <rtept lat="33.67799700" lon="134.45838700">
   </rtept>
   <rtept lat="33.67792800" lon="134.45832800">
   </rtept>
   <rtept lat="33.67784400" lon="134.45834000">
   </rtept>
   <rtept lat="33.67750300" lon="134.45813800">
   </rtept>
   <rtept lat="33.67737400" lon="134.45801300">
   </rtept>
   <rtept lat="33.67736900" lon="134.45793600">
   </rtept>
   <rtept lat="33.67744900" lon="134.45769200">
   </rtept>
   <rtept lat="33.67755700" lon="134.45736500">
   </rtept>
   <rtept lat="33.67747800" lon="134.45722900">
   </rtept>
   <rtept lat="33.67737400" lon="134.45705600">
   </rtept>
   <rtept lat="33.67730500" lon="134.45687800">
   </rtept>
   <rtept lat="33.67729500" lon="134.45670000">
   </rtept>
   <rtept lat="33.67731500" lon="134.45656900">
   </rtept>
   <rtept lat="33.67736900" lon="134.45637300">
   </rtept>
   <rtept lat="33.67745800" lon="134.45601000">
   </rtept>
   <rtept lat="33.67751800" lon="134.45582600">
   </rtept>
   <rtept lat="33.67747800" lon="134.45571900">
   </rtept>
   <rtept lat="33.67739900" lon="134.45564800">
   </rtept>
   <rtept lat="33.67730500" lon="134.45561800">
   </rtept>
   <rtept lat="33.67723600" lon="134.45560000">
   </rtept>
   <rtept lat="33.67717200" lon="134.45561800">
   </rtept>
   <rtept lat="33.67710700" lon="134.45570200">
   </rtept>
   <rtept lat="33.67701300" lon="134.45573700">
   </rtept>
   <rtept lat="33.67692900" lon="134.45569000">
   </rtept>
   <rtept lat="33.67687000" lon="134.45559500">
   </rtept>
   <rtept lat="33.67683100" lon="134.45551100">
   </rtept>
   <rtept lat="33.67672200" lon="134.45542800">
   </rtept>
   <rtept lat="33.67654900" lon="134.45532700">
   </rtept>
   <rtept lat="33.67645500" lon="134.45507500">
   </rtept>
   <rtept lat="33.67639000" lon="134.45483100">
   </rtept>
   <rtept lat="33.67631600" lon="134.45471800">
   </rtept>
   <rtept lat="33.67604400" lon="134.45454600">
   </rtept>
   <rtept lat="33.67588600" lon="134.45435600">
   </rtept>
   <rtept lat="33.67617300" lon="134.45437900">
   </rtept>
   <rtept lat="33.67634600" lon="134.45438500">
   </rtept>
   <rtept lat="33.67639500" lon="134.45435000">
   </rtept>
   <rtept lat="33.67646000" lon="134.45411800">
   </rtept>
   <rtept lat="33.67642000" lon="134.45393400">
   </rtept>
   <rtept lat="33.67643000" lon="134.45379100">
   </rtept>
   <rtept lat="33.67647900" lon="134.45352400">
   </rtept>
   <rtept lat="33.67643500" lon="134.45328600">
   </rtept>
   <rtept lat="33.67648900" lon="134.45292400">
   </rtept>
   <rtept lat="33.67637600" lon="134.45266200">
   </rtept>
   <rtept lat="33.67636100" lon="134.45250200">
   </rtept>
   <rtept lat="33.67640500" lon="134.45241300">
   </rtept>
   <rtept lat="33.67654900" lon="134.45238900">
   </rtept>
   <rtept lat="33.67662800" lon="134.45237100">
   </rtept>
   <rtept lat="33.67669700" lon="134.45228800">
   </rtept>
   <rtept lat="33.67672700" lon="134.45223400">
   </rtept>
   <rtept lat="33.67672700" lon="134.45210400">
   </rtept>
   <rtept lat="33.67663300" lon="134.45202600">
   </rtept>
   <rtept lat="33.67650400" lon="134.45188400">
   </rtept>
   <rtept lat="33.67639000" lon="134.45171700">
   </rtept>
   <rtept lat="33.67633100" lon="134.45161600">
   </rtept>
   <rtept lat="33.67628700" lon="134.45140800">
   </rtept>
   <rtept lat="33.67621200" lon="134.45132000">
   </rtept>
   <rtept lat="33.67609900" lon="134.45113000">
   </rtept>
   <rtept lat="33.67611400" lon="134.45097600">
   </rtept>
   <rtept lat="33.67604400" lon="134.45081500">
   </rtept>
   <rtept lat="33.67597500" lon="134.45070200">
   </rtept>
   <rtept lat="33.67592100" lon="134.45053600">
   </rtept>
   <rtept lat="33.67589100" lon="134.45047100">
   </rtept>
   <rtept lat="33.67574800" lon="134.45036400">
   </rtept>
   <rtept lat="33.67567300" lon="134.45029300">
   </rtept>
   <rtept lat="33.67563900" lon="134.45023300">
   </rtept>
   <rtept lat="33.67559400" lon="134.45018000">
   </rtept>
   <rtept lat="33.67557000" lon="134.45011400">
   </rtept>
   <rtept lat="33.67560400" lon="134.44996000">
   </rtept>
   <rtept lat="33.67569300" lon="134.44983500">
   </rtept>
   <rtept lat="33.67575700" lon="134.44974000">
   </rtept>
   <rtept lat="33.67579700" lon="134.44966300">
   </rtept>
   <rtept lat="33.67576200" lon="134.44940700">
   </rtept>
   <rtept lat="33.67576200" lon="134.44925900">
   </rtept>
   <rtept lat="33.67577700" lon="134.44909800">
   </rtept>
   <rtept lat="33.67587600" lon="134.44895000">
   </rtept>
   <rtept lat="33.67605400" lon="134.44873600">
   </rtept>
   <rtept lat="33.67618300" lon="134.44854000">
   </rtept>
   <rtept lat="33.67622700" lon="134.44830800">
   </rtept>
   <rtept lat="33.67624200" lon="134.44814200">
   </rtept>
   <rtept lat="33.67617300" lon="134.44808800">
   </rtept>
   <rtept lat="33.67605900" lon="134.44803500">
   </rtept>
   <rtept lat="33.67589600" lon="134.44801100">
   </rtept>
   <rtept lat="33.67581200" lon="134.44801100">
   </rtept>
   <rtept lat="33.67573300" lon="134.44806400">
   </rtept>
   <rtept lat="33.67560900" lon="134.44822500">
   </rtept>
   <rtept lat="33.67553000" lon="134.44830200">
   </rtept>
   <rtept lat="33.67545600" lon="134.44832000">
   </rtept>
   <rtept lat="33.67535700" lon="134.44814700">
   </rtept>
   <rtept lat="33.67508500" lon="134.44769000">
   </rtept>
   <rtept lat="33.67483800" lon="134.44721500">
   </rtept>
   <rtept lat="33.67470900" lon="134.44696500">
   </rtept>
   <rtept lat="33.67464500" lon="134.44690000">
   </rtept>
   <rtept lat="33.67463000" lon="134.44682200">
   </rtept>
   <rtept lat="33.67466500" lon="134.44669200">
   </rtept>
   <rtept lat="33.67473400" lon="134.44655500">
   </rtept>
   <rtept lat="33.67477800" lon="134.44649000">
   </rtept>
   <rtept lat="33.67475400" lon="134.44638300">
   </rtept>
   <rtept lat="33.67466500" lon="134.44629900">
   </rtept>
   <rtept lat="33.67460000" lon="134.44626400">
   </rtept>
   <rtept lat="33.67455600" lon="134.44618700">
   </rtept>
   <rtept lat="33.67459500" lon="134.44609200">
   </rtept>
   <rtept lat="33.67462000" lon="134.44601400">
   </rtept>
   <rtept lat="33.67463000" lon="134.44595500">
   </rtept>
   <rtept lat="33.67458100" lon="134.44580600">
   </rtept>
   <rtept lat="33.67451100" lon="134.44565200">
   </rtept>
   <rtept lat="33.67470700" lon="134.44543300">
   </rtept>
   <rtept lat="33.67472400" lon="134.44537100">
   </rtept>
   <rtept lat="33.67473600" lon="134.44529600">
   </rtept>
   <rtept lat="33.67471200" lon="134.44522500">
   </rtept>
   <rtept lat="33.67464500" lon="134.44512700">
   </rtept>
   <rtept lat="33.67444500" lon="134.44489800">
   </rtept>
   <rtept lat="33.67450700" lon="134.44470500">
   </rtept>
   <rtept lat="33.67458100" lon="134.44450600">
   </rtept>
   <rtept lat="33.67458100" lon="134.44441400">
   </rtept>
   <rtept lat="33.67436600" lon="134.44420300">
   </rtept>
   <rtept lat="33.67431900" lon="134.44417000">
   </rtept>
   <rtept lat="33.67431100" lon="134.44403400">
   </rtept>
   <rtept lat="33.67432600" lon="134.44386700">
   </rtept>
   <rtept lat="33.67430900" lon="134.44379600">
   </rtept>
   <rtept lat="33.67420500" lon="134.44371900">
   </rtept>
   <rtept lat="33.67415300" lon="134.44365000">
   </rtept>
   <rtept lat="33.67414300" lon="134.44354300">
   </rtept>
   <rtept lat="33.67416500" lon="134.44345700">
   </rtept>
   <rtept lat="33.67429400" lon="134.44342200">
   </rtept>
   <rtept lat="33.67445700" lon="134.44342200">
   </rtept>
   <rtept lat="33.67448900" lon="134.44340700">
   </rtept>
   <rtept lat="33.67450200" lon="134.44333800">
   </rtept>
   <rtept lat="33.67441800" lon="134.44310100">
   </rtept>
   <rtept lat="33.67437600" lon="134.44291100">
   </rtept>
   <rtept lat="33.67436300" lon="134.44273500">
   </rtept>
   <rtept lat="33.67435000" lon="134.44268300">
   </rtept>
   <rtept lat="33.67416300" lon="134.44244100">
   </rtept>
   <rtept lat="33.67391300" lon="134.44216600">
   </rtept>
   <rtept lat="33.67376800" lon="134.44198100">
   </rtept>
   <rtept lat="33.67368200" lon="134.44191000">
   </rtept>
   <rtept lat="33.67367300" lon="134.44179200">
   </rtept>
   <rtept lat="33.67368800" lon="134.44167100">
   </rtept>
   <rtept lat="33.67375900" lon="134.44155700">
   </rtept>
   <rtept lat="33.67380700" lon="134.44148900">
   </rtept>
   <rtept lat="33.67381800" lon="134.44138600">
   </rtept>
   <rtept lat="33.67376800" lon="134.44128600">
   </rtept>
   <rtept lat="33.67369100" lon="134.44121100">
   </rtept>
   <rtept lat="33.67358400" lon="134.44093600">
   </rtept>
   <rtept lat="33.67346800" lon="134.44065100">
   </rtept>
   <rtept lat="33.67339100" lon="134.44047300">
   </rtept>
   <rtept lat="33.67339100" lon="134.44034100">
   </rtept>
   <rtept lat="33.67347400" lon="134.44015600">
   </rtept>
   <rtept lat="33.67358400" lon="134.44002700">
   </rtept>
   <rtept lat="33.67362900" lon="134.43988800">
   </rtept>
   <rtept lat="33.67361100" lon="134.43969600">
   </rtept>
   <rtept lat="33.67353700" lon="134.43961700">
   </rtept>
   <rtept lat="33.67341500" lon="134.43957100">
   </rtept>
   <rtept lat="33.67319800" lon="134.43955700">
   </rtept>
   <rtept lat="33.67248400" lon="134.43968400">
   </rtept>
   <rtept lat="33.67205900" lon="134.43988600">
   </rtept>
   <rtept lat="33.67182700" lon="134.44011800">
   </rtept>
   <rtept lat="33.67161900" lon="134.44038600">
   </rtept>
   <rtept lat="33.67140100" lon="134.44047500">
   </rtept>
   <rtept lat="33.67119400" lon="134.44064100">
   </rtept>
   <rtept lat="33.67109000" lon="134.44086100">
   </rtept>
   <rtept lat="33.67104000" lon="134.44125300">
   </rtept>
   <rtept lat="33.67095600" lon="134.44151500">
   </rtept>
   <rtept lat="33.67081800" lon="134.44171100">
   </rtept>
   <rtept lat="33.67067400" lon="134.44181800">
   </rtept>
   <rtept lat="33.67047700" lon="134.44184700">
   </rtept>
   <rtept lat="33.67025000" lon="134.44174600">
   </rtept>
   <rtept lat="33.67001300" lon="134.44169300">
   </rtept>
   <rtept lat="33.66974600" lon="134.44166300">
   </rtept>
   <rtept lat="33.66945400" lon="134.44171100">
   </rtept>
   <rtept lat="33.66895400" lon="134.44182900">
   </rtept>
   <rtept lat="33.66859300" lon="134.44194800">
   </rtept>
   <rtept lat="33.66843000" lon="134.44216800">
   </rtept>
   <rtept lat="33.66829100" lon="134.44218900">
   </rtept>
   <rtept lat="33.66807800" lon="134.44225100">
   </rtept>
   <rtept lat="33.66788800" lon="134.44234600">
   </rtept>
   <rtept lat="33.66770600" lon="134.44244600">
   </rtept>
   <rtept lat="33.66758700" lon="134.44256400">
   </rtept>
   <rtept lat="33.66750800" lon="134.44261200">
   </rtept>
   <rtept lat="33.66740900" lon="134.44260200">
   </rtept>
   <rtept lat="33.66734200" lon="134.44252600">
   </rtept>
   <rtept lat="33.66738500" lon="134.44235500">
   </rtept>
   <rtept lat="33.66739300" lon="134.44224100">
   </rtept>
   <rtept lat="33.66728600" lon="134.44206000">
   </rtept>
   <rtept lat="33.66714000" lon="134.44194600">
   </rtept>
   <rtept lat="33.66699400" lon="134.44192300">
   </rtept>
   <rtept lat="33.66686300" lon="134.44189400">
   </rtept>
   <rtept lat="33.66667700" lon="134.44180900">
   </rtept>
   <rtept lat="33.66661700" lon="134.44177100">
   </rtept>
   <rtept lat="33.66637600" lon="134.44161400">
   </rtept>
   <rtept lat="33.66626900" lon="134.44141900">
   </rtept>
   <rtept lat="33.66623300" lon="134.44115300">
   </rtept>
   <rtept lat="33.66617800" lon="134.44075800">
   </rtept>
   <rtept lat="33.66594500" lon="134.44053500">
   </rtept>
   <rtept lat="33.66573500" lon="134.44028700">
   </rtept>
   <rtept lat="33.66560800" lon="134.43994000">
   </rtept>
   <rtept lat="33.66561500" lon="134.43925400">
   </rtept>
   <rtept lat="33.66549700" lon="134.43916800">
   </rtept>
   <rtept lat="33.66529500" lon="134.43902500">
   </rtept>
   <rtept lat="33.66512900" lon="134.43896100">
   </rtept>
   <rtept lat="33.66498600" lon="134.43878300">
   </rtept>
   <rtept lat="33.66485000" lon="134.43867600">
   </rtept>
   <rtept lat="33.66466600" lon="134.43855500">
   </rtept>
   <rtept lat="33.66447000" lon="134.43855500">
   </rtept>
   <rtept lat="33.66437500" lon="134.43844800">
   </rtept>
   <rtept lat="33.66438100" lon="134.43829100">
   </rtept>
   <rtept lat="33.66426200" lon="134.43824100">
   </rtept>
   <rtept lat="33.66421500" lon="134.43807700">
   </rtept>
   <rtept lat="33.66423300" lon="134.43793400">
   </rtept>
   <rtept lat="33.66434500" lon="134.43770600">
   </rtept>
   <rtept lat="33.66443400" lon="134.43747100">
   </rtept>
   <rtept lat="33.66445200" lon="134.43715000">
   </rtept>
   <rtept lat="33.66450600" lon="134.43687900">
   </rtept>
   <rtept lat="33.66447600" lon="134.43626600">
   </rtept>
   <rtept lat="33.66447000" lon="134.43597600">
   </rtept>
   <rtept lat="33.66447600" lon="134.43569100">
   </rtept>
   <rtept lat="33.66436900" lon="134.43538500">
   </rtept>
   <rtept lat="33.66423300" lon="134.43504200">
   </rtept>
   <rtept lat="33.66415500" lon="134.43460700">
   </rtept>
   <rtept lat="33.66416100" lon="134.43424400">
   </rtept>
   <rtept lat="33.66416700" lon="134.43391600">
   </rtept>
   <rtept lat="33.66413800" lon="134.43346600">
   </rtept>
   <rtept lat="33.66403700" lon="134.43303900">
   </rtept>
   <rtept lat="33.66396000" lon="134.43257500">
   </rtept>
   <rtept lat="33.66397700" lon="134.43219700">
   </rtept>
   <rtept lat="33.66403700" lon="134.43163400">
   </rtept>
   <rtept lat="33.66410800" lon="134.43130600">
   </rtept>
   <rtept lat="33.66420300" lon="134.43092100">
   </rtept>
   <rtept lat="33.66428600" lon="134.43043600">
   </rtept>
   <rtept lat="33.66425600" lon="134.43017200">
   </rtept>
   <rtept lat="33.66419700" lon="134.42991600">
   </rtept>
   <rtept lat="33.66416700" lon="134.42978000">
   </rtept>
   <rtept lat="33.66417300" lon="134.42969700">
   </rtept>
   <rtept lat="33.66422100" lon="134.42958300">
   </rtept>
   <rtept lat="33.66423300" lon="134.42954700">
   </rtept>
   <rtept lat="33.66420300" lon="134.42948300">
   </rtept>
   <rtept lat="33.66413800" lon="134.42943300">
   </rtept>
   <rtept lat="33.66410200" lon="134.42928300">
   </rtept>
   <rtept lat="33.66406000" lon="134.42891900">
   </rtept>
   <rtept lat="33.66401900" lon="134.42872700">
   </rtept>
   <rtept lat="33.66392400" lon="134.42847700">
   </rtept>
   <rtept lat="33.66383500" lon="134.42824200">
   </rtept>
   <rtept lat="33.66369800" lon="134.42795000">
   </rtept>
   <rtept lat="33.66361500" lon="134.42775700">
   </rtept>
   <rtept lat="33.66350300" lon="134.42772900">
   </rtept>
   <rtept lat="33.66337800" lon="134.42777900">
   </rtept>
   <rtept lat="33.66334800" lon="134.42786400">
   </rtept>
   <rtept lat="33.66328700" lon="134.42790000">
   </rtept>
   <rtept lat="33.66315600" lon="134.42780000">
   </rtept>
   <rtept lat="33.66297200" lon="134.42767900">
   </rtept>
   <rtept lat="33.66285300" lon="134.42755000">
   </rtept>
   <rtept lat="33.66272300" lon="134.42750800">
   </rtept>
   <rtept lat="33.66266300" lon="134.42744300">
   </rtept>
   <rtept lat="33.66258000" lon="134.42737200">
   </rtept>
   <rtept lat="33.66238500" lon="134.42735800">
   </rtept>
   <rtept lat="33.66230100" lon="134.42733600">
   </rtept>
   <rtept lat="33.66223600" lon="134.42714400">
   </rtept>
   <rtept lat="33.66223600" lon="134.42703700">
   </rtept>
   <rtept lat="33.66240200" lon="134.42680200">
   </rtept>
   <rtept lat="33.66242000" lon="134.42677300">
   </rtept>
   <rtept lat="33.66239000" lon="134.42672300">
   </rtept>
   <rtept lat="33.66226000" lon="134.42669500">
   </rtept>
   <rtept lat="33.66216500" lon="134.42661600">
   </rtept>
   <rtept lat="33.66208800" lon="134.42648100">
   </rtept>
   <rtept lat="33.66203400" lon="134.42644500">
   </rtept>
   <rtept lat="33.66191000" lon="134.42633100">
   </rtept>
   <rtept lat="33.66177300" lon="134.42638100">
   </rtept>
   <rtept lat="33.66171400" lon="134.42634500">
   </rtept>
   <rtept lat="33.66168400" lon="134.42619600">
   </rtept>
   <rtept lat="33.66179100" lon="134.42605300">
   </rtept>
   <rtept lat="33.66186200" lon="134.42601700">
   </rtept>
   <rtept lat="33.66190400" lon="134.42593200">
   </rtept>
   <rtept lat="33.66185000" lon="134.42579600">
   </rtept>
   <rtept lat="33.66175500" lon="134.42569600">
   </rtept>
   <rtept lat="33.66190400" lon="134.42569600">
   </rtept>
   <rtept lat="33.66207000" lon="134.42582500">
   </rtept>
   <rtept lat="33.66223600" lon="134.42583200">
   </rtept>
   <rtept lat="33.66238500" lon="134.42565400">
   </rtept>
   <rtept lat="33.66260400" lon="134.42546100">
   </rtept>
   <rtept lat="33.66289500" lon="134.42546800">
   </rtept>
   <rtept lat="33.66315000" lon="134.42550400">
   </rtept>
   <rtept lat="33.66352400" lon="134.42558200">
   </rtept>
   <rtept lat="33.66375000" lon="134.42565400">
   </rtept>
   <rtept lat="33.66393900" lon="134.42589600">
   </rtept>
   <rtept lat="33.66414700" lon="134.42609600">
   </rtept>
   <rtept lat="33.66429500" lon="134.42616000">
   </rtept>
   <rtept lat="33.66437900" lon="134.42624600">
   </rtept>
   <rtept lat="33.66440200" lon="134.42645200">
   </rtept>
   <rtept lat="33.66442000" lon="134.42663100">
   </rtept>
   <rtept lat="33.66452100" lon="134.42673800">
   </rtept>
   <rtept lat="33.66488800" lon="134.42665900">
   </rtept>
   <rtept lat="33.66522600" lon="134.42688700">
   </rtept>
   <rtept lat="33.66557600" lon="134.42704400">
   </rtept>
   <rtept lat="33.66575400" lon="134.42712300">
   </rtept>
   <rtept lat="33.66592000" lon="134.42733600">
   </rtept>
   <rtept lat="33.66603300" lon="134.42781400">
   </rtept>
   <rtept lat="33.66608700" lon="134.42815600">
   </rtept>
   <rtept lat="33.66649600" lon="134.42820600">
   </rtept>
   <rtept lat="33.66690600" lon="134.42795700">
   </rtept>
   <rtept lat="33.66719600" lon="134.42783600">
   </rtept>
   <rtept lat="33.66765300" lon="134.42779300">
   </rtept>
   <rtept lat="33.66823600" lon="134.42766400">
   </rtept>
   <rtept lat="33.66884700" lon="134.42752900">
   </rtept>
   <rtept lat="33.66935800" lon="134.42743000">
   </rtept>
   <rtept lat="33.66963500" lon="134.42709700">
   </rtept>
   <rtept lat="33.66981700" lon="134.42668800">
   </rtept>
   <rtept lat="33.66999100" lon="134.42607000">
   </rtept>
   <rtept lat="33.67008600" lon="134.42562400">
   </rtept>
   <rtept lat="33.67026800" lon="134.42527200">
   </rtept>
   <rtept lat="33.67044200" lon="134.42486300">
   </rtept>
   <rtept lat="33.67059300" lon="134.42457800">
   </rtept>
   <rtept lat="33.67072700" lon="134.42422600">
   </rtept>
   <rtept lat="33.67076700" lon="134.42396000">
   </rtept>
   <rtept lat="33.67074300" lon="134.42369400">
   </rtept>
   <rtept lat="33.67080600" lon="134.42336100">
   </rtept>
   <rtept lat="33.67106000" lon="134.42275200">
   </rtept>
   <rtept lat="33.67114700" lon="134.42230600">
   </rtept>
   <rtept lat="33.67117800" lon="134.42171600">
   </rtept>
   <rtept lat="33.67126500" lon="134.42100700">
   </rtept>
   <rtept lat="33.67137600" lon="134.42014200">
   </rtept>
   <rtept lat="33.67163800" lon="134.41903800">
   </rtept>
   <rtept lat="33.67178800" lon="134.41837000">
   </rtept>
 </rte>
 <rte>
  <name>SHIKOKU_TKS_22(八坂八浜磯の香るみち)</name>
   <rtept lat="33.62660300" lon="134.35897000">
   </rtept>
   <rtept lat="33.62577200" lon="134.35869400">
   </rtept>
   <rtept lat="33.62602500" lon="134.35932200">
   </rtept>
   <rtept lat="33.62603300" lon="134.35965400">
   </rtept>
   <rtept lat="33.62620000" lon="134.36051900">
   </rtept>
   <rtept lat="33.62640500" lon="134.36116600">
   </rtept>
   <rtept lat="33.62655600" lon="134.36161300">
   </rtept>
   <rtept lat="33.62663500" lon="134.36218300">
   </rtept>
   <rtept lat="33.62810000" lon="134.36220200">
   </rtept>
   <rtept lat="33.62897800" lon="134.36278200">
   </rtept>
   <rtept lat="33.62943800" lon="134.36318100">
   </rtept>
   <rtept lat="33.62969900" lon="134.36352400">
   </rtept>
   <rtept lat="33.62988900" lon="134.36394200">
   </rtept>
   <rtept lat="33.63006400" lon="134.36445500">
   </rtept>
   <rtept lat="33.63148000" lon="134.36450300">
   </rtept>
   <rtept lat="33.63165500" lon="134.36461700">
   </rtept>
   <rtept lat="33.63180500" lon="134.36487400">
   </rtept>
   <rtept lat="33.63224800" lon="134.36573900">
   </rtept>
   <rtept lat="33.63239900" lon="134.36609100">
   </rtept>
   <rtept lat="33.63236700" lon="134.36669000">
   </rtept>
   <rtept lat="33.63232700" lon="134.36708900">
   </rtept>
   <rtept lat="33.63242200" lon="134.36763100">
   </rtept>
   <rtept lat="33.63258100" lon="134.36789700">
   </rtept>
   <rtept lat="33.63292100" lon="134.36824900">
   </rtept>
   <rtept lat="33.63333300" lon="134.36862900">
   </rtept>
   <rtept lat="33.63398200" lon="134.36915200">
   </rtept>
   <rtept lat="33.63446300" lon="134.36959000">
   </rtept>
   <rtept lat="33.63487900" lon="134.37011300">
   </rtept>
   <rtept lat="33.63526500" lon="134.37063600">
   </rtept>
   <rtept lat="33.63556100" lon="134.37130200">
   </rtept>
   <rtept lat="33.63569000" lon="134.37183600">
   </rtept>
   <rtept lat="33.63570000" lon="134.37218100">
   </rtept>
   <rtept lat="33.63563100" lon="134.37317900">
   </rtept>
   <rtept lat="33.63579900" lon="134.37378500">
   </rtept>
   <rtept lat="33.63617500" lon="134.37478400">
   </rtept>
   <rtept lat="33.63659000" lon="134.37563900">
   </rtept>
   <rtept lat="33.63709500" lon="134.37628100">
   </rtept>
   <rtept lat="33.63758000" lon="134.37685100">
   </rtept>
   <rtept lat="33.63794600" lon="134.37717200">
   </rtept>
   <rtept lat="33.63827300" lon="134.37736700">
   </rtept>
   <rtept lat="33.63876400" lon="134.37754800">
   </rtept>
   <rtept lat="33.63938900" lon="134.37800400">
   </rtept>
   <rtept lat="33.63988800" lon="134.37850800">
   </rtept>
   <rtept lat="33.64006200" lon="134.37869800">
   </rtept>
   <rtept lat="33.64025200" lon="134.37905000">
   </rtept>
   <rtept lat="33.64079800" lon="134.38016200">
   </rtept>
   <rtept lat="33.64163700" lon="134.38203500">
   </rtept>
   <rtept lat="33.64191500" lon="134.38267400">
   </rtept>
   <rtept lat="33.64215200" lon="134.38312600">
   </rtept>
   <rtept lat="33.64240900" lon="134.38338700">
   </rtept>
   <rtept lat="33.64275600" lon="134.38358900">
   </rtept>
   <rtept lat="33.64312200" lon="134.38373200">
   </rtept>
   <rtept lat="33.64341800" lon="134.38398100">
   </rtept>
   <rtept lat="33.64371500" lon="134.38437300">
   </rtept>
   <rtept lat="33.64409100" lon="134.38496800">
   </rtept>
   <rtept lat="33.64437800" lon="134.38538400">
   </rtept>
   <rtept lat="33.64460600" lon="134.38557400">
   </rtept>
   <rtept lat="33.64499100" lon="134.38575200">
   </rtept>
   <rtept lat="33.64528800" lon="134.38577600">
   </rtept>
   <rtept lat="33.64586200" lon="134.38570400">
   </rtept>
   <rtept lat="33.64639600" lon="134.38565700">
   </rtept>
   <rtept lat="33.64681200" lon="134.38578800">
   </rtept>
   <rtept lat="33.64705600" lon="134.38594100">
   </rtept>
   <rtept lat="33.64854000" lon="134.38727200">
   </rtept>
   <rtept lat="33.64960800" lon="134.38811600">
   </rtept>
   <rtept lat="33.65011300" lon="134.38866300">
   </rtept>
   <rtept lat="33.65100300" lon="134.38945900">
   </rtept>
   <rtept lat="33.65187600" lon="134.39027300">
   </rtept>
   <rtept lat="33.65271900" lon="134.39104300">
   </rtept>
   <rtept lat="33.65396600" lon="134.39216900">
   </rtept>
   <rtept lat="33.65454700" lon="134.39273300">
   </rtept>
   <rtept lat="33.65469700" lon="134.39292500">
   </rtept>
   <rtept lat="33.65488700" lon="134.39340100">
   </rtept>
   <rtept lat="33.65510800" lon="134.39385700">
   </rtept>
   <rtept lat="33.65532200" lon="134.39434200">
   </rtept>
   <rtept lat="33.65566200" lon="134.39473200">
   </rtept>
   <rtept lat="33.65603400" lon="134.39515000">
   </rtept>
   <rtept lat="33.65664300" lon="134.39568200">
   </rtept>
   <rtept lat="33.65725300" lon="134.39619600">
   </rtept>
   <rtept lat="33.65772800" lon="134.39686100">
   </rtept>
   <rtept lat="33.65820600" lon="134.39751300">
   </rtept>
   <rtept lat="33.65904500" lon="134.39918700">
   </rtept>
   <rtept lat="33.65966200" lon="134.40048000">
   </rtept>
   <rtept lat="33.66017700" lon="134.40159200">
   </rtept>
   <rtept lat="33.66046900" lon="134.40286600">
   </rtept>
   <rtept lat="33.66058800" lon="134.40362600">
   </rtept>
   <rtept lat="33.66057200" lon="134.40429200">
   </rtept>
   <rtept lat="33.66045900" lon="134.40526800">
   </rtept>
   <rtept lat="33.66041000" lon="134.40560000">
   </rtept>
   <rtept lat="33.66040000" lon="134.40596300">
   </rtept>
   <rtept lat="33.66045400" lon="134.40626600">
   </rtept>
   <rtept lat="33.66058800" lon="134.40651500">
   </rtept>
   <rtept lat="33.66073100" lon="134.40681800">
   </rtept>
   <rtept lat="33.66083500" lon="134.40709800">
   </rtept>
   <rtept lat="33.66083000" lon="134.40727000">
   </rtept>
   <rtept lat="33.66071100" lon="134.40735900">
   </rtept>
   <rtept lat="33.66054300" lon="134.40736500">
   </rtept>
   <rtept lat="33.66033000" lon="134.40727000">
   </rtept>
   <rtept lat="33.66018200" lon="134.40724000">
   </rtept>
   <rtept lat="33.66004800" lon="134.40724000">
   </rtept>
   <rtept lat="33.65994500" lon="134.40727600">
   </rtept>
   <rtept lat="33.65982100" lon="134.40740700">
   </rtept>
   <rtept lat="33.65975200" lon="134.40751400">
   </rtept>
   <rtept lat="33.65978600" lon="134.40762700">
   </rtept>
   <rtept lat="33.65988000" lon="134.40776300">
   </rtept>
   <rtept lat="33.65997900" lon="134.40797700">
   </rtept>
   <rtept lat="33.65998900" lon="134.40809000">
   </rtept>
   <rtept lat="33.65996400" lon="134.40815500">
   </rtept>
   <rtept lat="33.65986500" lon="134.40842900">
   </rtept>
   <rtept lat="33.65990000" lon="134.40878500">
   </rtept>
   <rtept lat="33.65989500" lon="134.40895800">
   </rtept>
   <rtept lat="33.65984100" lon="134.40904100">
   </rtept>
   <rtept lat="33.65970200" lon="134.40910000">
   </rtept>
   <rtept lat="33.65955900" lon="134.40905300">
   </rtept>
   <rtept lat="33.65947000" lon="134.40894000">
   </rtept>
   <rtept lat="33.65930700" lon="134.40881500">
   </rtept>
   <rtept lat="33.65920800" lon="134.40882700">
   </rtept>
   <rtept lat="33.65884700" lon="134.40903500">
   </rtept>
   <rtept lat="33.65857500" lon="134.40921900">
   </rtept>
   <rtept lat="33.65860400" lon="134.40946900">
   </rtept>
   <rtept lat="33.65872800" lon="134.40991400">
   </rtept>
   <rtept lat="33.65887100" lon="134.41034200">
   </rtept>
   <rtept lat="33.65895500" lon="134.41052000">
   </rtept>
   <rtept lat="33.65909400" lon="134.41074600">
   </rtept>
   <rtept lat="33.65926200" lon="134.41088900">
   </rtept>
   <rtept lat="33.65947000" lon="134.41093600">
   </rtept>
   <rtept lat="33.65972700" lon="134.41090100">
   </rtept>
   <rtept lat="33.65988500" lon="134.41099600">
   </rtept>
   <rtept lat="33.65994500" lon="134.41115000">
   </rtept>
   <rtept lat="33.65989800" lon="134.41131700">
   </rtept>
   <rtept lat="33.65979900" lon="134.41160200">
   </rtept>
   <rtept lat="33.65981900" lon="134.41178000">
   </rtept>
   <rtept lat="33.65992800" lon="134.41187500">
   </rtept>
   <rtept lat="33.66011600" lon="134.41189900">
   </rtept>
   <rtept lat="33.66031300" lon="134.41185200">
   </rtept>
   <rtept lat="33.66055100" lon="134.41188700">
   </rtept>
   <rtept lat="33.66067900" lon="134.41191100">
   </rtept>
   <rtept lat="33.66075900" lon="134.41206600">
   </rtept>
   <rtept lat="33.66080800" lon="134.41241000">
   </rtept>
   <rtept lat="33.66095600" lon="134.41251700">
   </rtept>
   <rtept lat="33.66114400" lon="134.41251700">
   </rtept>
   <rtept lat="33.66195500" lon="134.41374100">
   </rtept>
   <rtept lat="33.66243000" lon="134.41371700">
   </rtept>
   <rtept lat="33.66278600" lon="134.41361000">
   </rtept>
   <rtept lat="33.66359700" lon="134.41346800">
   </rtept>
   <rtept lat="33.66379500" lon="134.41359900">
   </rtept>
   <rtept lat="33.66390400" lon="134.41384800">
   </rtept>
   <rtept lat="33.66415100" lon="134.41447800">
   </rtept>
   <rtept lat="33.66458700" lon="134.41485800">
   </rtept>
   <rtept lat="33.66512100" lon="134.41565400">
   </rtept>
   <rtept lat="33.66554100" lon="134.41617600">
   </rtept>
   <rtept lat="33.66578800" lon="134.41543000">
   </rtept>
   <rtept lat="33.66625400" lon="134.41552500">
   </rtept>
   <rtept lat="33.66685900" lon="134.41563900">
   </rtept>
   <rtept lat="33.66757900" lon="134.41577200">
   </rtept>
   <rtept lat="33.66814900" lon="134.41588600">
   </rtept>
   <rtept lat="33.66859200" lon="134.41607600">
   </rtept>
   <rtept lat="33.66886100" lon="134.41627600">
   </rtept>
   <rtept lat="33.66918500" lon="134.41659000">
   </rtept>
   <rtept lat="33.66931500" lon="134.41677000">
   </rtept>
   <rtept lat="33.66952900" lon="134.41715000">
   </rtept>
   <rtept lat="33.67008300" lon="134.41832000">
   </rtept>
   <rtept lat="33.67030400" lon="134.41856700">
   </rtept>
   <rtept lat="33.67123000" lon="134.41890000">
   </rtept>
   <rtept lat="33.67163800" lon="134.41903800">
   </rtept>
   <rtept lat="33.67178800" lon="134.41837000">
   </rtept>
 </rte>
 <rte>
  <name>SHIKOKU_TKS_23(洋々と広がる松原のみち)</name>
   <rtept lat="33.59342900" lon="134.35220200">
   </rtept>
   <rtept lat="33.59329800" lon="134.35290800">
   </rtept>
   <rtept lat="33.59249000" lon="134.35248000">
   </rtept>
   <rtept lat="33.59110900" lon="134.35212300">
   </rtept>
   <rtept lat="33.58894100" lon="134.35149600">
   </rtept>
   <rtept lat="33.58855900" lon="134.35156000">
   </rtept>
   <rtept lat="33.58830100" lon="134.35171500">
   </rtept>
   <rtept lat="33.58812300" lon="134.35191700">
   </rtept>
   <rtept lat="33.58795500" lon="134.35230900">
   </rtept>
   <rtept lat="33.58787600" lon="134.35279600">
   </rtept>
   <rtept lat="33.58793500" lon="134.35321200">
   </rtept>
   <rtept lat="33.58810300" lon="134.35358000">
   </rtept>
   <rtept lat="33.58837100" lon="134.35390100">
   </rtept>
   <rtept lat="33.58872700" lon="134.35408000">
   </rtept>
   <rtept lat="33.58926200" lon="134.35442400">
   </rtept>
   <rtept lat="33.58931100" lon="134.35460200">
   </rtept>
   <rtept lat="33.58878600" lon="134.35501800">
   </rtept>
   <rtept lat="33.58866800" lon="134.35591000">
   </rtept>
   <rtept lat="33.58853900" lon="134.35724100">
   </rtept>
   <rtept lat="33.58811300" lon="134.35730000">
   </rtept>
   <rtept lat="33.58805400" lon="134.35757300">
   </rtept>
   <rtept lat="33.58806400" lon="134.35787100">
   </rtept>
   <rtept lat="33.58832100" lon="134.35804900">
   </rtept>
   <rtept lat="33.58822200" lon="134.35851200">
   </rtept>
   <rtept lat="33.58811300" lon="134.35907100">
   </rtept>
   <rtept lat="33.58810400" lon="134.35949500">
   </rtept>
   <rtept lat="33.58808400" lon="134.35994100">
   </rtept>
   <rtept lat="33.58816400" lon="134.36037500">
   </rtept>
   <rtept lat="33.58827300" lon="134.36072500">
   </rtept>
   <rtept lat="33.58840600" lon="134.36114100">
   </rtept>
   <rtept lat="33.58857400" lon="134.36138500">
   </rtept>
   <rtept lat="33.58879200" lon="134.36157500">
   </rtept>
   <rtept lat="33.58894100" lon="134.36171700">
   </rtept>
   <rtept lat="33.58912400" lon="134.36181800">
   </rtept>
   <rtept lat="33.58931200" lon="134.36196700">
   </rtept>
   <rtept lat="33.58936200" lon="134.36208600">
   </rtept>
   <rtept lat="33.58939000" lon="134.36227600">
   </rtept>
   <rtept lat="33.58941500" lon="134.36247200">
   </rtept>
   <rtept lat="33.58942500" lon="134.36273400">
   </rtept>
   <rtept lat="33.58947400" lon="134.36298300">
   </rtept>
   <rtept lat="33.58957300" lon="134.36314900">
   </rtept>
   <rtept lat="33.58969700" lon="134.36322700">
   </rtept>
   <rtept lat="33.58980600" lon="134.36322100">
   </rtept>
   <rtept lat="33.58989000" lon="134.36307800">
   </rtept>
   <rtept lat="33.58997900" lon="134.36291200">
   </rtept>
   <rtept lat="33.59008800" lon="134.36278100">
   </rtept>
   <rtept lat="33.59024200" lon="134.36282300">
   </rtept>
   <rtept lat="33.59035000" lon="134.36292400">
   </rtept>
   <rtept lat="33.59043500" lon="134.36309600">
   </rtept>
   <rtept lat="33.59049400" lon="134.36338100">
   </rtept>
   <rtept lat="33.59059300" lon="134.36364900">
   </rtept>
   <rtept lat="33.59069700" lon="134.36378500">
   </rtept>
   <rtept lat="33.59088500" lon="134.36398100">
   </rtept>
   <rtept lat="33.59104800" lon="134.36414200">
   </rtept>
   <rtept lat="33.59117200" lon="134.36418300">
   </rtept>
   <rtept lat="33.59128600" lon="134.36410000">
   </rtept>
   <rtept lat="33.59133100" lon="134.36400500">
   </rtept>
   <rtept lat="33.59125100" lon="134.36372600">
   </rtept>
   <rtept lat="33.59118200" lon="134.36343500">
   </rtept>
   <rtept lat="33.59119200" lon="134.36328000">
   </rtept>
   <rtept lat="33.59127600" lon="134.36322700">
   </rtept>
   <rtept lat="33.59145900" lon="134.36321500">
   </rtept>
   <rtept lat="33.59163200" lon="134.36316100">
   </rtept>
   <rtept lat="33.59167700" lon="134.36306000">
   </rtept>
   <rtept lat="33.59171500" lon="134.36293700">
   </rtept>
   <rtept lat="33.59168500" lon="134.36247400">
   </rtept>
   <rtept lat="33.59172500" lon="134.36197500">
   </rtept>
   <rtept lat="33.59175500" lon="134.36173700">
   </rtept>
   <rtept lat="33.59192300" lon="134.36138100">
   </rtept>
   <rtept lat="33.59198200" lon="134.36116700">
   </rtept>
   <rtept lat="33.59194300" lon="134.36094100">
   </rtept>
   <rtept lat="33.59185400" lon="134.36081000">
   </rtept>
   <rtept lat="33.59166600" lon="134.36069100">
   </rtept>
   <rtept lat="33.59153700" lon="134.36050100">
   </rtept>
   <rtept lat="33.59152700" lon="134.36029900">
   </rtept>
   <rtept lat="33.59205200" lon="134.35999000">
   </rtept>
   <rtept lat="33.59229900" lon="134.35975300">
   </rtept>
   <rtept lat="33.59256600" lon="134.35968100">
   </rtept>
   <rtept lat="33.59376400" lon="134.35997800">
   </rtept>
   <rtept lat="33.59436800" lon="134.36016800">
   </rtept>
   <rtept lat="33.59457600" lon="134.36014500">
   </rtept>
   <rtept lat="33.59483300" lon="134.35991900">
   </rtept>
   <rtept lat="33.59511100" lon="134.35964600">
   </rtept>
   <rtept lat="33.59532800" lon="134.35927700">
   </rtept>
   <rtept lat="33.59538800" lon="134.35908700">
   </rtept>
   <rtept lat="33.59558600" lon="134.35858800">
   </rtept>
   <rtept lat="33.59577400" lon="134.35811300">
   </rtept>
   <rtept lat="33.59566500" lon="134.35763700">
   </rtept>
   <rtept lat="33.59559600" lon="134.35724500">
   </rtept>
   <rtept lat="33.59567500" lon="134.35675800">
   </rtept>
   <rtept lat="33.59575400" lon="134.35633000">
   </rtept>
   <rtept lat="33.59576400" lon="134.35577100">
   </rtept>
   <rtept lat="33.59885600" lon="134.35524800">
   </rtept>
   <rtept lat="33.59848100" lon="134.35694500">
   </rtept>
   <rtept lat="33.59823600" lon="134.35791400">
   </rtept>
   <rtept lat="33.59793500" lon="134.35891300">
   </rtept>
   <rtept lat="33.59767400" lon="134.36012000">
   </rtept>
   <rtept lat="33.59763400" lon="134.36061400">
   </rtept>
   <rtept lat="33.59765800" lon="134.36097600">
   </rtept>
   <rtept lat="33.59778400" lon="134.36125100">
   </rtept>
   <rtept lat="33.59803000" lon="134.36132700">
   </rtept>
   <rtept lat="33.59822000" lon="134.36132700">
   </rtept>
   <rtept lat="33.59853700" lon="134.36125100">
   </rtept>
   <rtept lat="33.59907500" lon="134.36116600">
   </rtept>
   <rtept lat="33.59970900" lon="134.36113700">
   </rtept>
   <rtept lat="33.59942400" lon="134.36211600">
   </rtept>
   <rtept lat="33.60005700" lon="134.36235400">
   </rtept>
   <rtept lat="33.60111800" lon="134.36289600">
   </rtept>
   <rtept lat="33.60222700" lon="134.36351400">
   </rtept>
   <rtept lat="33.60289600" lon="134.36391300">
   </rtept>
   <rtept lat="33.60449000" lon="134.36506600">
   </rtept>
   <rtept lat="33.60606300" lon="134.36635000">
   </rtept>
   <rtept lat="33.60778500" lon="134.36814400">
   </rtept>
   <rtept lat="33.60872200" lon="134.36918900">
   </rtept>
   <rtept lat="33.60912800" lon="134.36958100">
   </rtept>
   <rtept lat="33.60945500" lon="134.37004500">
   </rtept>
   <rtept lat="33.61006800" lon="134.37117400">
   </rtept>
   <rtept lat="33.61125600" lon="134.37324200">
   </rtept>
   <rtept lat="33.61239400" lon="134.37515500">
   </rtept>
   <rtept lat="33.61341100" lon="134.37710400">
   </rtept>
   <rtept lat="33.61348100" lon="134.37708000">
   </rtept>
   <rtept lat="33.61357000" lon="134.37683100">
   </rtept>
   <rtept lat="33.61361900" lon="134.37652200">
   </rtept>
   <rtept lat="33.61368900" lon="134.37635500">
   </rtept>
   <rtept lat="33.61394600" lon="134.37621300">
   </rtept>
   <rtept lat="33.61438100" lon="134.37582000">
   </rtept>
   <rtept lat="33.61477700" lon="134.37551100">
   </rtept>
   <rtept lat="33.61504400" lon="134.37500000">
   </rtept>
   <rtept lat="33.61514300" lon="134.37458400">
   </rtept>
   <rtept lat="33.61639000" lon="134.37415700">
   </rtept>
   <rtept lat="33.61657800" lon="134.37378800">
   </rtept>
   <rtept lat="33.61714300" lon="134.37293300">
   </rtept>
   <rtept lat="33.61759200" lon="134.37236200">
   </rtept>
   <rtept lat="33.61762200" lon="134.37250500">
   </rtept>
   <rtept lat="33.61771100" lon="134.37293300">
   </rtept>
   <rtept lat="33.61782900" lon="134.37337200">
   </rtept>
   <rtept lat="33.61798800" lon="134.37356200">
   </rtept>
   <rtept lat="33.61827500" lon="134.37394300">
   </rtept>
   <rtept lat="33.61856200" lon="134.37420400">
   </rtept>
   <rtept lat="33.61885900" lon="134.37431100">
   </rtept>
   <rtept lat="33.61911600" lon="134.37447700">
   </rtept>
   <rtept lat="33.61925400" lon="134.37479800">
   </rtept>
   <rtept lat="33.61939300" lon="134.37504800">
   </rtept>
   <rtept lat="33.61978900" lon="134.37462000">
   </rtept>
   <rtept lat="33.61989800" lon="134.37492900">
   </rtept>
   <rtept lat="33.62017500" lon="134.37504800">
   </rtept>
   <rtept lat="33.62041200" lon="134.37488200">
   </rtept>
   <rtept lat="33.62068900" lon="134.37416800">
   </rtept>
   <rtept lat="33.62101600" lon="134.37355100">
   </rtept>
   <rtept lat="33.62128300" lon="134.37340800">
   </rtept>
   <rtept lat="33.62166900" lon="134.37336000">
   </rtept>
   <rtept lat="33.62255100" lon="134.37345200">
   </rtept>
   <rtept lat="33.62291700" lon="134.37354800">
   </rtept>
   <rtept lat="33.62316000" lon="134.37369600">
   </rtept>
   <rtept lat="33.62365500" lon="134.37397500">
   </rtept>
   <rtept lat="33.62382800" lon="134.37407600">
   </rtept>
   <rtept lat="33.62405500" lon="134.37407000">
   </rtept>
   <rtept lat="33.62426300" lon="134.37388600">
   </rtept>
   <rtept lat="33.62451600" lon="134.37345200">
   </rtept>
   <rtept lat="33.62437700" lon="134.37329800">
   </rtept>
   <rtept lat="33.62429300" lon="134.37323900">
   </rtept>
   <rtept lat="33.62419400" lon="134.37310800">
   </rtept>
   <rtept lat="33.62418900" lon="134.37300700">
   </rtept>
   <rtept lat="33.62415400" lon="134.37277500">
   </rtept>
   <rtept lat="33.62410500" lon="134.37264400">
   </rtept>
   <rtept lat="33.62405900" lon="134.37252400">
   </rtept>
   <rtept lat="33.62406900" lon="134.37238100">
   </rtept>
   <rtept lat="33.62412800" lon="134.37213700">
   </rtept>
   <rtept lat="33.62410300" lon="134.37203600">
   </rtept>
   <rtept lat="33.62399400" lon="134.37186400">
   </rtept>
   <rtept lat="33.62383600" lon="134.37170400">
   </rtept>
   <rtept lat="33.62381100" lon="134.37156100">
   </rtept>
   <rtept lat="33.62383100" lon="134.37135300">
   </rtept>
   <rtept lat="33.62389100" lon="134.37118700">
   </rtept>
   <rtept lat="33.62401400" lon="134.37100200">
   </rtept>
   <rtept lat="33.62421200" lon="134.37072300">
   </rtept>
   <rtept lat="33.62448900" lon="134.37042600">
   </rtept>
   <rtept lat="33.62462300" lon="134.37026000">
   </rtept>
   <rtept lat="33.62473700" lon="134.36992700">
   </rtept>
   <rtept lat="33.62483100" lon="134.36960000">
   </rtept>
   <rtept lat="33.62485000" lon="134.36939800">
   </rtept>
   <rtept lat="33.62482800" lon="134.36889200">
   </rtept>
   <rtept lat="33.62480400" lon="134.36826400">
   </rtept>
   <rtept lat="33.62485100" lon="134.36789400">
   </rtept>
   <rtept lat="33.62470900" lon="134.36746600">
   </rtept>
   <rtept lat="33.62470900" lon="134.36706600">
   </rtept>
   <rtept lat="33.62469700" lon="134.36679500">
   </rtept>
   <rtept lat="33.62462600" lon="134.36618200">
   </rtept>
   <rtept lat="33.62444800" lon="134.36594000">
   </rtept>
   <rtept lat="33.62431700" lon="134.36588300">
   </rtept>
   <rtept lat="33.62413900" lon="134.36592600">
   </rtept>
   <rtept lat="33.62400800" lon="134.36578300">
   </rtept>
   <rtept lat="33.62378300" lon="134.36539800">
   </rtept>
   <rtept lat="33.62365200" lon="134.36501300">
   </rtept>
   <rtept lat="33.62359300" lon="134.36478500">
   </rtept>
   <rtept lat="33.62337900" lon="134.36475600">
   </rtept>
   <rtept lat="33.62314100" lon="134.36474200">
   </rtept>
   <rtept lat="33.62285600" lon="134.36465600">
   </rtept>
   <rtept lat="33.62267800" lon="134.36435700">
   </rtept>
   <rtept lat="33.62270200" lon="134.36391500">
   </rtept>
   <rtept lat="33.62275000" lon="134.36375800">
   </rtept>
   <rtept lat="33.62283300" lon="134.36343000">
   </rtept>
   <rtept lat="33.62308200" lon="134.36313000">
   </rtept>
   <rtept lat="33.62365200" lon="134.36290200">
   </rtept>
   <rtept lat="33.62475600" lon="134.36248900">
   </rtept>
   <rtept lat="33.62584900" lon="134.36217500">
   </rtept>
   <rtept lat="33.62663500" lon="134.36218300">
   </rtept>
   <rtept lat="33.62655600" lon="134.36161300">
   </rtept>
   <rtept lat="33.62640500" lon="134.36116600">
   </rtept>
   <rtept lat="33.62620000" lon="134.36051900">
   </rtept>
   <rtept lat="33.62603300" lon="134.35965400">
   </rtept>
   <rtept lat="33.62602500" lon="134.35932200">
   </rtept>
   <rtept lat="33.62577200" lon="134.35869400">
   </rtept>
   <rtept lat="33.62660300" lon="134.35897000">
   </rtept>
 </rte>
 <rte>
  <name>SHIKOKU_TKS_24(水床探求のみち)</name>
   <rtept lat="33.58894100" lon="134.35149600">
   </rtept>
   <rtept lat="33.58852200" lon="134.35136500">
   </rtept>
   <rtept lat="33.58789200" lon="134.35132200">
   </rtept>
   <rtept lat="33.58728600" lon="134.35105100">
   </rtept>
   <rtept lat="33.58660900" lon="134.35060900">
   </rtept>
   <rtept lat="33.58625300" lon="134.35012500">
   </rtept>
   <rtept lat="33.58601500" lon="134.34975400">
   </rtept>
   <rtept lat="33.58581300" lon="134.34901200">
   </rtept>
   <rtept lat="33.58565900" lon="134.34774300">
   </rtept>
   <rtept lat="33.58555200" lon="134.34674500">
   </rtept>
   <rtept lat="33.58539800" lon="134.34577500">
   </rtept>
   <rtept lat="33.58539800" lon="134.34507600">
   </rtept>
   <rtept lat="33.58548100" lon="134.34389300">
   </rtept>
   <rtept lat="33.58546900" lon="134.34346500">
   </rtept>
   <rtept lat="33.58545700" lon="134.34322200">
   </rtept>
   <rtept lat="33.58524300" lon="134.34266600">
   </rtept>
   <rtept lat="33.58512400" lon="134.34219600">
   </rtept>
   <rtept lat="33.58517200" lon="134.34173900">
   </rtept>
   <rtept lat="33.58527900" lon="134.34134000">
   </rtept>
   <rtept lat="33.58574200" lon="134.34044100">
   </rtept>
   <rtept lat="33.58584900" lon="134.34004200">
   </rtept>
   <rtept lat="33.58584900" lon="134.33927200">
   </rtept>
   <rtept lat="33.58573500" lon="134.33766500">
   </rtept>
   <rtept lat="33.58563600" lon="134.33595400">
   </rtept>
   <rtept lat="33.58551700" lon="134.33490800">
   </rtept>
   <rtept lat="33.58541800" lon="134.33424300">
   </rtept>
   <rtept lat="33.58507200" lon="134.33351800">
   </rtept>
   <rtept lat="33.58489400" lon="134.33310200">
   </rtept>
   <rtept lat="33.58477500" lon="134.33254300">
   </rtept>
   <rtept lat="33.58459700" lon="134.33164000">
   </rtept>
   <rtept lat="33.58448500" lon="134.33107700">
   </rtept>
   <rtept lat="33.58435900" lon="134.33069700">
   </rtept>
   <rtept lat="33.58416100" lon="134.33048800">
   </rtept>
   <rtept lat="33.58367000" lon="134.33011700">
   </rtept>
   <rtept lat="33.58319400" lon="134.32983200">
   </rtept>
   <rtept lat="33.58302800" lon="134.32960400">
   </rtept>
   <rtept lat="33.58282200" lon="134.32910000">
   </rtept>
   <rtept lat="33.58266400" lon="134.32814000">
   </rtept>
   <rtept lat="33.58253700" lon="134.32760700">
   </rtept>
   <rtept lat="33.58234700" lon="134.32688500">
   </rtept>
   <rtept lat="33.58228400" lon="134.32633300">
   </rtept>
   <rtept lat="33.58229100" lon="134.32576300">
   </rtept>
   <rtept lat="33.58230700" lon="134.32532600">
   </rtept>
   <rtept lat="33.58220400" lon="134.32488800">
   </rtept>
   <rtept lat="33.58210100" lon="134.32440300">
   </rtept>
   <rtept lat="33.58204700" lon="134.32412700">
   </rtept>
   <rtept lat="33.58207700" lon="134.32372000">
   </rtept>
   <rtept lat="33.58222600" lon="134.32326400">
   </rtept>
   <rtept lat="33.58250500" lon="134.32272200">
   </rtept>
   <rtept lat="33.58274800" lon="134.32216600">
   </rtept>
   <rtept lat="33.58283200" lon="134.32185900">
   </rtept>
   <rtept lat="33.58270700" lon="134.32081800">
   </rtept>
   <rtept lat="33.58241000" lon="134.31944900">
   </rtept>
   <rtept lat="33.58221400" lon="134.31854400">
   </rtept>
   <rtept lat="33.58204700" lon="134.31806600">
   </rtept>
   <rtept lat="33.58181600" lon="134.31765200">
   </rtept>
   <rtept lat="33.58153700" lon="134.31721700">
   </rtept>
   <rtept lat="33.58106100" lon="134.31666800">
   </rtept>
   <rtept lat="33.58090900" lon="134.31646100">
   </rtept>
   <rtept lat="33.58068100" lon="134.31610500">
   </rtept>
   <rtept lat="33.58060200" lon="134.31551600">
   </rtept>
   <rtept lat="33.58057700" lon="134.31498800">
   </rtept>
   <rtept lat="33.58047300" lon="134.31453600">
   </rtept>
   <rtept lat="33.58034000" lon="134.31428600">
   </rtept>
   <rtept lat="33.58005700" lon="134.31402500">
   </rtept>
   <rtept lat="33.57962200" lon="134.31368600">
   </rtept>
   <rtept lat="33.57922300" lon="134.31324400">
   </rtept>
   <rtept lat="33.57892100" lon="134.31281600">
   </rtept>
   <rtept lat="33.57885606" lon="134.31256305">
   </rtept>
   <rtept lat="33.57874800" lon="134.31175300">
   </rtept>
   <rtept lat="33.57867311" lon="134.31120154">
   </rtept>
   <rtept lat="33.57843300" lon="134.31072000">
   </rtept>
   <rtept lat="33.57818828" lon="134.31033413">
   </rtept>
   <rtept lat="33.57797789" lon="134.31003768">
   </rtept>
   <rtept lat="33.57776800" lon="134.30955000">
   </rtept>
   <rtept lat="33.57766700" lon="134.30925100">
   </rtept>
   <rtept lat="33.57748391" lon="134.30868715">
   </rtept>
   <rtept lat="33.57728266" lon="134.30834678">
   </rtept>
   <rtept lat="33.57705396" lon="134.30812718">
   </rtept>
   <rtept lat="33.57676123" lon="134.30806130">
   </rtept>
   <rtept lat="33.57637702" lon="134.30807228">
   </rtept>
   <rtept lat="33.57613003" lon="134.30808326">
   </rtept>
   <rtept lat="33.57588304" lon="134.30817110">
   </rtept>
   <rtept lat="33.57555100" lon="134.30829300">
   </rtept>
   <rtept lat="33.57506600" lon="134.30861400">
   </rtept>
   <rtept lat="33.57451200" lon="134.30888800">
   </rtept>
   <rtept lat="33.57409600" lon="134.30903000">
   </rtept>
   <rtept lat="33.57368000" lon="134.30892300">
   </rtept>
   <rtept lat="33.57293700" lon="134.30862600">
   </rtept>
   <rtept lat="33.57182800" lon="134.30817500">
   </rtept>
   <rtept lat="33.57136900" lon="134.30818600">
   </rtept>
   <rtept lat="33.57081400" lon="134.30822200">
   </rtept>
   <rtept lat="33.57036900" lon="134.30824600">
   </rtept>
   <rtept lat="33.56990300" lon="134.30803200">
   </rtept>
   <rtept lat="33.56930900" lon="134.30785400">
   </rtept>
   <rtept lat="33.56856700" lon="134.30769900">
   </rtept>
   <rtept lat="33.56796700" lon="134.30758000">
   </rtept>
   <rtept lat="33.56709500" lon="134.30753300">
   </rtept>
   <rtept lat="33.56617400" lon="134.30753300">
   </rtept>
   <rtept lat="33.56479800" lon="134.30778200">
   </rtept>
   <rtept lat="33.56332200" lon="134.30816300">
   </rtept>
   <rtept lat="33.56348383" lon="134.30598381">
   </rtept>
   <rtept lat="33.56358628" lon="134.30474547">
   </rtept>
   <rtept lat="33.56226899" lon="134.30446443">
   </rtept>
   <rtept lat="33.56163400" lon="134.30473000">
   </rtept>
   <rtept lat="33.56136100" lon="134.30495800">
   </rtept>
   <rtept lat="33.56102800" lon="134.30644100">
   </rtept>
   <rtept lat="33.56100400" lon="134.30765300">
   </rtept>
   <rtept lat="33.56106400" lon="134.30793800">
   </rtept>
   <rtept lat="33.56098100" lon="134.30820900">
   </rtept>
   <rtept lat="33.56075500" lon="134.30860900">
   </rtept>
   <rtept lat="33.56038600" lon="134.30935000">
   </rtept>
   <rtept lat="33.56071900" lon="134.31042000">
   </rtept>
   <rtept lat="33.56071900" lon="134.31057700">
   </rtept>
   <rtept lat="33.56036300" lon="134.31076200">
   </rtept>
   <rtept lat="33.56005400" lon="134.31081900">
   </rtept>
   <rtept lat="33.55979200" lon="134.31114700">
   </rtept>
   <rtept lat="33.55967300" lon="134.31150400">
   </rtept>
   <rtept lat="33.55973300" lon="134.31177400">
   </rtept>
   <rtept lat="33.56004200" lon="134.31194600">
   </rtept>
   <rtept lat="33.56027900" lon="134.31199600">
   </rtept>
   <rtept lat="33.56042800" lon="134.31210200">
   </rtept>
   <rtept lat="33.56044600" lon="134.31225200">
   </rtept>
   <rtept lat="33.56036900" lon="134.31233800">
   </rtept>
   <rtept lat="33.56018400" lon="134.31235200">
   </rtept>
   <rtept lat="33.55987500" lon="134.31239500">
   </rtept>
   <rtept lat="33.55907300" lon="134.31282300">
   </rtept>
   <rtept lat="33.55897800" lon="134.31300800">
   </rtept>
   <rtept lat="33.55889500" lon="134.31312900">
   </rtept>
   <rtept lat="33.55875200" lon="134.31313600">
   </rtept>
   <rtept lat="33.55861000" lon="134.31307200">
   </rtept>
   <rtept lat="33.55830100" lon="134.31284400">
   </rtept>
   <rtept lat="33.55789200" lon="134.31264400">
   </rtept>
   <rtept lat="33.55738500" lon="134.31254000">
   </rtept>
   <rtept lat="33.55712300" lon="134.31254000">
   </rtept>
   <rtept lat="33.55696500" lon="134.31260600">
   </rtept>
   <rtept lat="33.55676700" lon="134.31255900">
   </rtept>
   <rtept lat="33.55651300" lon="134.31244500">
   </rtept>
   <rtept lat="33.55643400" lon="134.31239700">
   </rtept>
   <rtept lat="33.55618800" lon="134.31239700">
   </rtept>
   <rtept lat="33.55593500" lon="134.31253000">
   </rtept>
   <rtept lat="33.55572900" lon="134.31283500">
   </rtept>
   <rtept lat="33.55553900" lon="134.31333800">
   </rtept>
   <rtept lat="33.55552300" lon="134.31361400">
   </rtept>
   <rtept lat="33.55555500" lon="134.31386100">
   </rtept>
   <rtept lat="33.55565000" lon="134.31395600">
   </rtept>
   <rtept lat="33.55584000" lon="134.31407000">
   </rtept>
   <rtept lat="33.55593500" lon="134.31416600">
   </rtept>
   <rtept lat="33.55593500" lon="134.31434600">
   </rtept>
   <rtept lat="33.55587900" lon="134.31443200">
   </rtept>
   <rtept lat="33.55569700" lon="134.31451700">
   </rtept>
   <rtept lat="33.55553100" lon="134.31451700">
   </rtept>
   <rtept lat="33.55539600" lon="134.31459300">
   </rtept>
   <rtept lat="33.55524600" lon="134.31473600">
   </rtept>
   <rtept lat="33.55509200" lon="134.31497000">
   </rtept>
   <rtept lat="33.55499300" lon="134.31518400">
   </rtept>
   <rtept lat="33.55496400" lon="134.31543300">
   </rtept>
   <rtept lat="33.55500300" lon="134.31570700">
   </rtept>
   <rtept lat="33.55470600" lon="134.31532600">
   </rtept>
   <rtept lat="33.55433000" lon="134.31491000">
   </rtept>
   <rtept lat="33.55409200" lon="134.31482700">
   </rtept>
   <rtept lat="33.55357700" lon="134.31482700">
   </rtept>
   <rtept lat="33.55311127" lon="134.31459337">
   </rtept>
   <rtept lat="33.55304267" lon="134.31426408">
   </rtept>
   <rtept lat="33.55256243" lon="134.31364666">
   </rtept>
   <rtept lat="33.55263103" lon="134.31315272">
   </rtept>
   <rtept lat="33.55234518" lon="134.31265879">
   </rtept>
   <rtept lat="33.55197928" lon="134.31223345">
   </rtept>
   <rtept lat="33.55168198" lon="134.31205509">
   </rtept>
   <rtept lat="33.55140755" lon="134.31216485">
   </rtept>
   <rtept lat="33.55138468" lon="134.31230206">
   </rtept>
   <rtept lat="33.55089300" lon="134.31234322">
   </rtept>
   <rtept lat="33.55069861" lon="134.31242554">
   </rtept>
   <rtept lat="33.54999531" lon="134.31247114">
   </rtept>
   <rtept lat="33.54992945" lon="134.31266433">
   </rtept>
   <rtept lat="33.54983431" lon="134.31273458">
   </rtept>
   <rtept lat="33.54990017" lon="134.31286629">
   </rtept>
   <rtept lat="33.54977241" lon="134.31297436">
   </rtept>
   <rtept lat="33.54970258" lon="134.31278726">
   </rtept>
   <rtept lat="33.54965257" lon="134.31260555">
   </rtept>
   <rtept lat="33.54938880" lon="134.31313995">
   </rtept>
   <rtept lat="33.54923512" lon="134.31333313">
   </rtept>
   <rtept lat="33.54903753" lon="134.31352632">
   </rtept>
   <rtept lat="33.54891500" lon="134.31387000">
   </rtept>
   <rtept lat="33.54857648" lon="134.31481712">
   </rtept>
   <rtept lat="33.54832766" lon="134.31507177">
   </rtept>
   <rtept lat="33.54800300" lon="134.31541500">
   </rtept>
   <rtept lat="33.54739900" lon="134.31647800">
   </rtept>
   <rtept lat="33.54700300" lon="134.31671600">
   </rtept>
   <rtept lat="33.54659900" lon="134.31713400">
   </rtept>
   <rtept lat="33.54635171" lon="134.31753923">
   </rtept>
   <rtept lat="33.54594100" lon="134.31804700">
   </rtept>
   <rtept lat="33.54558500" lon="134.31840800">
   </rtept>
   <rtept lat="33.54536175" lon="134.31858417">
   </rtept>
   <rtept lat="33.54526807" lon="134.31871904">
   </rtept>
   <rtept lat="33.54527744" lon="134.31913490">
   </rtept>
   <rtept lat="33.54530554" lon="134.31944397">
   </rtept>
   <rtept lat="33.54531491" lon="134.31973057">
   </rtept>
   <rtept lat="33.54516972" lon="134.31979239">
   </rtept>
   <rtept lat="33.54516972" lon="134.32010147">
   </rtept>
   <rtept lat="33.54510900" lon="134.32060400">
   </rtept>
   <rtept lat="33.54494490" lon="134.32108490">
   </rtept>
   <rtept lat="33.54480907" lon="134.32128159">
   </rtept>
   <rtept lat="33.54459362" lon="134.32125349">
   </rtept>
   <rtept lat="33.54448121" lon="134.32120291">
   </rtept>
   <rtept lat="33.54435600" lon="134.32123200">
   </rtept>
   <rtept lat="33.54427045" lon="134.32122539">
   </rtept>
   <rtept lat="33.54409247" lon="134.32115795">
   </rtept>
   <rtept lat="33.54398474" lon="134.32124225">
   </rtept>
   <rtept lat="33.54375992" lon="134.32120853">
   </rtept>
   <rtept lat="33.54360536" lon="134.32107928">
   </rtept>
   <rtept lat="33.54342737" lon="134.32101746">
   </rtept>
   <rtept lat="33.54318850" lon="134.32079830">
   </rtept>
   <rtept lat="33.54310888" lon="134.32062971">
   </rtept>
   <rtept lat="33.54312293" lon="134.32038807">
   </rtept>
   <rtept lat="33.54322597" lon="134.32002279">
   </rtept>
   <rtept lat="33.54325876" lon="134.31962380">
   </rtept>
   <rtept lat="33.54331965" lon="134.31939902">
   </rtept>
   <rtept lat="33.54345079" lon="134.31915737">
   </rtept>
   <rtept lat="33.54342737" lon="134.31893821">
   </rtept>
   <rtept lat="33.54345548" lon="134.31866847">
   </rtept>
   <rtept lat="33.54346953" lon="134.31848864">
   </rtept>
   <rtept lat="33.54360536" lon="134.31821890">
   </rtept>
   <rtept lat="33.54363814" lon="134.31793230">
   </rtept>
   <rtept lat="33.54370840" lon="134.31780305">
   </rtept>
   <rtept lat="33.54393322" lon="134.31757264">
   </rtept>
   <rtept lat="33.54397537" lon="134.31734786">
   </rtept>
   <rtept lat="33.54402689" lon="134.31724109">
   </rtept>
   <rtept lat="33.54422829" lon="134.31698258">
   </rtept>
   <rtept lat="33.54428974" lon="134.31685099">
   </rtept>
   <rtept lat="33.54441620" lon="134.31707578">
   </rtept>
   <rtept lat="33.54445367" lon="134.31707578">
   </rtept>
   <rtept lat="33.54458482" lon="134.31702520">
   </rtept>
   <rtept lat="33.54462229" lon="134.31710949">
   </rtept>
   <rtept lat="33.54446772" lon="134.31722189">
   </rtept>
   <rtept lat="33.54442033" lon="134.31730852">
   </rtept>
   <rtept lat="33.54443906" lon="134.31739844">
   </rtept>
   <rtept lat="33.54457957" lon="134.31758388">
   </rtept>
   <rtept lat="33.54450932" lon="134.31769627">
   </rtept>
   <rtept lat="33.54467324" lon="134.31786486">
   </rtept>
   <rtept lat="33.54485123" lon="134.31790982">
   </rtept>
   <rtept lat="33.54485591" lon="134.31813460">
   </rtept>
   <rtept lat="33.54476224" lon="134.31842120">
   </rtept>
   <rtept lat="33.54487933" lon="134.31851674">
   </rtept>
   <rtept lat="33.54496832" lon="134.31839873">
   </rtept>
   <rtept lat="33.54532428" lon="134.31857293">
   </rtept>
   <rtept lat="33.54558500" lon="134.31840800">
   </rtept>
   <rtept lat="33.54594100" lon="134.31804700">
   </rtept>
   <rtept lat="33.54635171" lon="134.31753923">
   </rtept>
   <rtept lat="33.54659900" lon="134.31713400">
   </rtept>
   <rtept lat="33.54700300" lon="134.31671600">
   </rtept>
   <rtept lat="33.54739900" lon="134.31647800">
   </rtept>
   <rtept lat="33.54800300" lon="134.31541500">
   </rtept>
   <rtept lat="33.54857648" lon="134.31481712">
   </rtept>
   <rtept lat="33.54891500" lon="134.31387000">
   </rtept>
   <rtept lat="33.54903753" lon="134.31352632">
   </rtept>
   <rtept lat="33.54923512" lon="134.31333313">
   </rtept>
   <rtept lat="33.54938880" lon="134.31313995">
   </rtept>
   <rtept lat="33.54965257" lon="134.31260555">
   </rtept>
   <rtept lat="33.54965700" lon="134.31207500">
   </rtept>
   <rtept lat="33.54962208" lon="134.31149643">
   </rtept>
   <rtept lat="33.54972454" lon="134.31123300">
   </rtept>
   <rtept lat="33.54985600" lon="134.31072100">
   </rtept>
   <rtept lat="33.54987822" lon="134.30990705">
   </rtept>
   <rtept lat="33.54987822" lon="134.30938018">
   </rtept>
   <rtept lat="33.54985600" lon="134.30903300">
   </rtept>
   <rtept lat="33.54992500" lon="134.30866500">
   </rtept>
   <rtept lat="33.55002400" lon="134.30843900">
   </rtept>
   <rtept lat="33.55019200" lon="134.30821300">
   </rtept>
   <rtept lat="33.55034100" lon="134.30807000">
   </rtept>
   <rtept lat="33.55050900" lon="134.30784500">
   </rtept>
   <rtept lat="33.55056900" lon="134.30775000">
   </rtept>
   <rtept lat="33.55051900" lon="134.30744100">
   </rtept>
   <rtept lat="33.55040000" lon="134.30712000">
   </rtept>
   <rtept lat="33.55029100" lon="134.30650200">
   </rtept>
   <rtept lat="33.55036100" lon="134.30633500">
   </rtept>
   <rtept lat="33.55081600" lon="134.30606200">
   </rtept>
   <rtept lat="33.55098500" lon="134.30588400">
   </rtept>
   <rtept lat="33.55102400" lon="134.30568200">
   </rtept>
   <rtept lat="33.55099500" lon="134.30549200">
   </rtept>
 </rte>
 <rte>
  <name>SHIKOKU_TKS_24(水床探求のみち)</name>
   <rtept lat="33.56297155" lon="134.30449078">
   </rtept>
   <rtept lat="33.56304473" lon="134.30386722">
   </rtept>
   <rtept lat="33.56339601" lon="134.30238297">
   </rtept>
   <rtept lat="33.56360092" lon="134.30153985">
   </rtept>
   <rtept lat="33.56420101" lon="134.30034542">
   </rtept>
   <rtept lat="33.56447200" lon="134.29967000">
   </rtept>
   <rtept lat="33.56468500" lon="134.29971100">
   </rtept>
   <rtept lat="33.56527900" lon="134.29923000">
   </rtept>
   <rtept lat="33.56578614" lon="134.29970996">
   </rtept>
   <rtept lat="33.56626038" lon="134.29923918">
   </rtept>
   <rtept lat="33.56652384" lon="134.29902839">
   </rtept>
   <rtept lat="33.56689855" lon="134.29876138">
   </rtept>
   <rtept lat="33.56771236" lon="134.29833277">
   </rtept>
   <rtept lat="33.56908820" lon="134.29754580">
   </rtept>
   <rtept lat="33.56951558" lon="134.29732095">
   </rtept>
   <rtept lat="33.57012446" lon="134.29687126">
   </rtept>
   <rtept lat="33.56976700" lon="134.29768500">
   </rtept>
   <rtept lat="33.57055728" lon="134.29815412">
   </rtept>
   <rtept lat="33.57063691" lon="134.29797986">
   </rtept>
   <rtept lat="33.57106313" lon="134.29694551">
   </rtept>
   <rtept lat="33.57134416" lon="134.29637774">
   </rtept>
   <rtept lat="33.57159240" lon="134.29617537">
   </rtept>
   <rtept lat="33.57200925" lon="134.29643396">
   </rtept>
   <rtept lat="33.57225749" lon="134.29651266">
   </rtept>
   <rtept lat="33.57241672" lon="134.29653520">
   </rtept>
   <rtept lat="33.57273052" lon="134.29649023">
   </rtept>
   <rtept lat="33.57294666" lon="134.29639894">
   </rtept>
   <rtept lat="33.57315275" lon="134.29634835">
   </rtept>
   <rtept lat="33.57349500" lon="134.29635900">
   </rtept>
   <rtept lat="33.57363200" lon="134.29630900">
   </rtept>
   <rtept lat="33.57379444" lon="134.29626402">
   </rtept>
   <rtept lat="33.57398800" lon="134.29620900">
   </rtept>
   <rtept lat="33.57411762" lon="134.29608975">
   </rtept>
   <rtept lat="33.57426100" lon="134.29609500">
   </rtept>
   <rtept lat="33.57437400" lon="134.29620200">
   </rtept>
   <rtept lat="33.57445800" lon="134.29634500">
   </rtept>
   <rtept lat="33.57449232" lon="134.29639332">
   </rtept>
   <rtept lat="33.57468615" lon="134.29659382">
   </rtept>
   <rtept lat="33.57489692" lon="134.29674560">
   </rtept>
   <rtept lat="33.57511706" lon="134.29693674">
   </rtept>
   <rtept lat="33.57521542" lon="134.29697610">
   </rtept>
   <rtept lat="33.57522947" lon="134.29659944">
   </rtept>
   <rtept lat="33.57534657" lon="134.29650387">
   </rtept>
   <rtept lat="33.57550581" lon="134.29653760">
   </rtept>
   <rtept lat="33.57561823" lon="134.29681307">
   </rtept>
   <rtept lat="33.57572127" lon="134.29700420">
   </rtept>
   <rtept lat="33.57590394" lon="134.29713351">
   </rtept>
   <rtept lat="33.57648941" lon="134.29743708">
   </rtept>
   <rtept lat="33.57659245" lon="134.29747081">
   </rtept>
   <rtept lat="33.57655030" lon="134.29724032">
   </rtept>
   <rtept lat="33.57660182" lon="134.29718972">
   </rtept>
   <rtept lat="33.57671423" lon="134.29736962">
   </rtept>
   <rtept lat="33.57691094" lon="134.29739773">
   </rtept>
   <rtept lat="33.57712639" lon="134.29738086">
   </rtept>
   <rtept lat="33.57712639" lon="134.29727967">
   </rtept>
   <rtept lat="33.57688752" lon="134.29721221">
   </rtept>
   <rtept lat="33.57712171" lon="134.29704356">
   </rtept>
   <rtept lat="33.57735121" lon="134.29699296">
   </rtept>
   <rtept lat="33.57773116" lon="134.29692985">
   </rtept>
   <rtept lat="33.57787753" lon="134.29661142">
   </rtept>
   <rtept lat="33.57807879" lon="134.29665534">
   </rtept>
   <rtept lat="33.57850875" lon="134.29641377">
   </rtept>
   <rtept lat="33.57884723" lon="134.29629298">
   </rtept>
   <rtept lat="33.57897530" lon="134.29608435">
   </rtept>
   <rtept lat="33.57871001" lon="134.29618318">
   </rtept>
   <rtept lat="33.57873745" lon="134.29599651">
   </rtept>
   <rtept lat="33.57895701" lon="134.29574396">
   </rtept>
   <rtept lat="33.57931378" lon="134.29554631">
   </rtept>
   <rtept lat="33.57939612" lon="134.29516200">
   </rtept>
   <rtept lat="33.57963396" lon="134.29479964">
   </rtept>
   <rtept lat="33.57984437" lon="134.29529376">
   </rtept>
   <rtept lat="33.57994500" lon="134.29546945">
   </rtept>
   <rtept lat="33.58025603" lon="134.29566710">
   </rtept>
   <rtept lat="33.58037495" lon="134.29551337">
   </rtept>
   <rtept lat="33.58050302" lon="134.29564514">
   </rtept>
   <rtept lat="33.58070427" lon="134.29567808">
   </rtept>
   <rtept lat="33.58064939" lon="134.29538161">
   </rtept>
   <rtept lat="33.58081405" lon="134.29548043">
   </rtept>
   <rtept lat="33.58082320" lon="134.29531572">
   </rtept>
   <rtept lat="33.58097871" lon="134.29531572">
   </rtept>
   <rtept lat="33.58089638" lon="134.29523886">
   </rtept>
   <rtept lat="33.58092323" lon="134.29492809">
   </rtept>
   <rtept lat="33.58120909" lon="134.29507907">
   </rtept>
   <rtept lat="33.58122053" lon="134.29524377">
   </rtept>
   <rtept lat="33.58140348" lon="134.29532613">
   </rtept>
   <rtept lat="33.58136918" lon="134.29568298">
   </rtept>
   <rtept lat="33.58159787" lon="134.29599866">
   </rtept>
   <rtept lat="33.58173508" lon="134.29645160">
   </rtept>
   <rtept lat="33.58156356" lon="134.29664375">
   </rtept>
   <rtept lat="33.58157500" lon="134.29690453">
   </rtept>
 </rte>
 <rte>
  <name>接続コース</name>
   <rtept lat="33.71780600" lon="134.49381500">
   </rtept>
   <rtept lat="33.71767500" lon="134.49321600">
   </rtept>
   <rtept lat="33.71765200" lon="134.49247500">
   </rtept>
   <rtept lat="33.71785300" lon="134.49141900">
   </rtept>
   <rtept lat="33.71800700" lon="134.49064900">
   </rtept>
   <rtept lat="33.71794800" lon="134.49013600">
   </rtept>
   <rtept lat="33.71782900" lon="134.48973700">
   </rtept>
   <rtept lat="33.71767500" lon="134.48916600">
   </rtept>
   <rtept lat="33.71766300" lon="134.48855300">
   </rtept>
   <rtept lat="33.71771100" lon="134.48784000">
   </rtept>
   <rtept lat="33.71768700" lon="134.48704100">
   </rtept>
   <rtept lat="33.71748500" lon="134.48644200">
   </rtept>
   <rtept lat="33.71692800" lon="134.48540100">
   </rtept>
   <rtept lat="33.71635900" lon="134.48430300">
   </rtept>
   <rtept lat="33.71549300" lon="134.48277700">
   </rtept>
   <rtept lat="33.71493500" lon="134.48190700">
   </rtept>
   <rtept lat="33.71443700" lon="134.48153700">
   </rtept>
   <rtept lat="33.71396200" lon="134.48120900">
   </rtept>
   <rtept lat="33.71347600" lon="134.48095200">
   </rtept>
   <rtept lat="33.71307300" lon="134.48070900">
   </rtept>
   <rtept lat="33.71257500" lon="134.48003900">
   </rtept>
   <rtept lat="33.71232500" lon="134.47955400">
   </rtept>
   <rtept lat="33.71231200" lon="134.47933900">
   </rtept>
   <rtept lat="33.71243700" lon="134.47846200">
   </rtept>
   <rtept lat="33.71265000" lon="134.47779900">
   </rtept>
   <rtept lat="33.71267400" lon="134.47728500">
   </rtept>
   <rtept lat="33.71237800" lon="134.47594500">
   </rtept>
   <rtept lat="33.71211700" lon="134.47458300">
   </rtept>
   <rtept lat="33.71187900" lon="134.47373500">
   </rtept>
   <rtept lat="33.71153500" lon="134.47310700">
   </rtept>
   <rtept lat="33.71106700" lon="134.47233700">
   </rtept>
   <rtept lat="33.71032600" lon="134.47131600">
   </rtept>
   <rtept lat="33.70945600" lon="134.47005100">
   </rtept>
   <rtept lat="33.70883900" lon="134.46912900">
   </rtept>
   <rtept lat="33.70855400" lon="134.46858700">
   </rtept>
   <rtept lat="33.70836500" lon="134.46781700">
   </rtept>
   <rtept lat="33.70829300" lon="134.46719000">
   </rtept>
   <rtept lat="33.70822200" lon="134.46584900">
   </rtept>
   <rtept lat="33.70816700" lon="134.46546900">
   </rtept>
   <rtept lat="33.70781100" lon="134.46458500">
   </rtept>
   <rtept lat="33.70763700" lon="134.46420900">
   </rtept>
   <rtept lat="33.70748300" lon="134.46361700">
   </rtept>
   <rtept lat="33.70743000" lon="134.46304700">
   </rtept>
   <rtept lat="33.70748900" lon="134.46235500">
   </rtept>
   <rtept lat="33.70757800" lon="134.46174200">
   </rtept>
   <rtept lat="33.70770300" lon="134.46089400">
   </rtept>
   <rtept lat="33.70773200" lon="134.46023800">
   </rtept>
   <rtept lat="33.70770300" lon="134.45919600">
   </rtept>
   <rtept lat="33.70763100" lon="134.45832700">
   </rtept>
   <rtept lat="33.70750100" lon="134.45784500">
   </rtept>
   <rtept lat="33.70737600" lon="134.45746700">
   </rtept>
   <rtept lat="33.70703800" lon="134.45699600">
   </rtept>
   <rtept lat="33.70688400" lon="134.45663200">
   </rtept>
   <rtept lat="33.70668200" lon="134.45544900">
   </rtept>
   <rtept lat="33.70652200" lon="134.45425800">
   </rtept>
   <rtept lat="33.70639800" lon="134.45355200">
   </rtept>
   <rtept lat="33.70630900" lon="134.45303200">
   </rtept>
   <rtept lat="33.70614300" lon="134.45258900">
   </rtept>
   <rtept lat="33.70608300" lon="134.45180200">
   </rtept>
   <rtept lat="33.70594700" lon="134.45116000">
   </rtept>
   <rtept lat="33.70558400" lon="134.44985500">
   </rtept>
   <rtept lat="33.70541200" lon="134.44917000">
   </rtept>
   <rtept lat="33.70525800" lon="134.44858600">
   </rtept>
   <rtept lat="33.70503200" lon="134.44799400">
   </rtept>
   <rtept lat="33.70478900" lon="134.44725200">
   </rtept>
   <rtept lat="33.70480100" lon="134.44646400">
   </rtept>
   <rtept lat="33.70474200" lon="134.44594300">
   </rtept>
   <rtept lat="33.70462300" lon="134.44550100">
   </rtept>
   <rtept lat="33.70434400" lon="134.44496600">
   </rtept>
   <rtept lat="33.70397600" lon="134.44461000">
   </rtept>
   <rtept lat="33.70360900" lon="134.44445300">
   </rtept>
   <rtept lat="33.70308100" lon="134.44441000">
   </rtept>
   <rtept lat="33.70255300" lon="134.44439600">
   </rtept>
   <rtept lat="33.70212600" lon="134.44428900">
   </rtept>
   <rtept lat="33.70176800" lon="134.44403200">
   </rtept>
   <rtept lat="33.70032100" lon="134.44304100">
   </rtept>
   <rtept lat="33.69999500" lon="134.44261300">
   </rtept>
   <rtept lat="33.70000300" lon="134.44231900">
   </rtept>
   <rtept lat="33.69978100" lon="134.44181500">
   </rtept>
   <rtept lat="33.69948900" lon="134.44099700">
   </rtept>
   <rtept lat="33.69950400" lon="134.44024600">
   </rtept>
   <rtept lat="33.69943300" lon="134.43965700">
   </rtept>
   <rtept lat="33.69926700" lon="134.43892500">
   </rtept>
   <rtept lat="33.69919600" lon="134.43840200">
   </rtept>
   <rtept lat="33.69912500" lon="134.43722300">
   </rtept>
   <rtept lat="33.69909300" lon="134.43649100">
   </rtept>
   <rtept lat="33.69899800" lon="134.43571100">
   </rtept>
   <rtept lat="33.69884800" lon="134.43532100">
   </rtept>
   <rtept lat="33.69862600" lon="134.43507400">
   </rtept>
   <rtept lat="33.69832600" lon="134.43497900">
   </rtept>
   <rtept lat="33.69787500" lon="134.43500800">
   </rtept>
   <rtept lat="33.69759000" lon="134.43506500">
   </rtept>
   <rtept lat="33.69725800" lon="134.43530200">
   </rtept>
   <rtept lat="33.69704400" lon="134.43551100">
   </rtept>
   <rtept lat="33.69672000" lon="134.43595800">
   </rtept>
   <rtept lat="33.69616000" lon="134.43666200">
   </rtept>
   <rtept lat="33.69579600" lon="134.43714700">
   </rtept>
   <rtept lat="33.69544800" lon="134.43742200">
   </rtept>
   <rtept lat="33.69502100" lon="134.43755500">
   </rtept>
   <rtept lat="33.69445900" lon="134.43750800">
   </rtept>
   <rtept lat="33.69299600" lon="134.43686100">
   </rtept>
   <rtept lat="33.69240400" lon="134.43645300">
   </rtept>
   <rtept lat="33.69223000" lon="134.43617700">
   </rtept>
   <rtept lat="33.69208000" lon="134.43582500">
   </rtept>
   <rtept lat="33.69177200" lon="134.43450400">
   </rtept>
   <rtept lat="33.69156600" lon="134.43362000">
   </rtept>
   <rtept lat="33.69151100" lon="134.43313500">
   </rtept>
   <rtept lat="33.69134400" lon="134.43273500">
   </rtept>
   <rtept lat="33.69101200" lon="134.43226000">
   </rtept>
   <rtept lat="33.69062500" lon="134.43168000">
   </rtept>
   <rtept lat="33.69032300" lon="134.43078800">
   </rtept>
   <rtept lat="33.69002200" lon="134.42975400">
   </rtept>
   <rtept lat="33.68991800" lon="134.42936200">
   </rtept>
   <rtept lat="33.68988800" lon="134.42900600">
   </rtept>
   <rtept lat="33.68995300" lon="134.42859000">
   </rtept>
   <rtept lat="33.69003700" lon="134.42805500">
   </rtept>
   <rtept lat="33.69005600" lon="134.42772800">
   </rtept>
   <rtept lat="33.68994300" lon="134.42743700">
   </rtept>
   <rtept lat="33.68981400" lon="134.42722900">
   </rtept>
   <rtept lat="33.68919600" lon="134.42659900">
   </rtept>
   <rtept lat="33.68854500" lon="134.42610800">
   </rtept>
   <rtept lat="33.68824800" lon="134.42578700">
   </rtept>
   <rtept lat="33.68799300" lon="134.42554500">
   </rtept>
   <rtept lat="33.68774400" lon="134.42520300">
   </rtept>
   <rtept lat="33.68755400" lon="134.42485300">
   </rtept>
   <rtept lat="33.68739400" lon="134.42439700">
   </rtept>
   <rtept lat="33.68726900" lon="134.42399100">
   </rtept>
   <rtept lat="33.68716200" lon="134.42339200">
   </rtept>
   <rtept lat="33.68715600" lon="134.42287800">
   </rtept>
   <rtept lat="33.68716200" lon="134.42250800">
   </rtept>
   <rtept lat="33.68713800" lon="134.42212200">
   </rtept>
   <rtept lat="33.68712700" lon="134.42198000">
   </rtept>
   <rtept lat="33.68688200" lon="134.42202800">
   </rtept>
   <rtept lat="33.68639900" lon="134.42163800">
   </rtept>
   <rtept lat="33.68612300" lon="134.42139100">
   </rtept>
   <rtept lat="33.68599600" lon="134.42128600">
   </rtept>
   <rtept lat="33.68602800" lon="134.42068700">
   </rtept>
   <rtept lat="33.68554500" lon="134.42059200">
   </rtept>
   <rtept lat="33.68482500" lon="134.42061100">
   </rtept>
   <rtept lat="33.68378700" lon="134.42060200">
   </rtept>
   <rtept lat="33.68315400" lon="134.42085800">
   </rtept>
   <rtept lat="33.68230000" lon="134.42129600">
   </rtept>
   <rtept lat="33.68168300" lon="134.42156200">
   </rtept>
   <rtept lat="33.68098700" lon="134.42177100">
   </rtept>
   <rtept lat="33.68047200" lon="134.42185600">
   </rtept>
   <rtept lat="33.68017200" lon="134.42181800">
   </rtept>
   <rtept lat="33.67897100" lon="134.42179900">
   </rtept>
   <rtept lat="33.67805300" lon="134.42170400">
   </rtept>
   <rtept lat="33.67722200" lon="134.42159000">
   </rtept>
   <rtept lat="33.67658200" lon="134.42141900">
   </rtept>
   <rtept lat="33.67585500" lon="134.42092500">
   </rtept>
   <rtept lat="33.67504000" lon="134.42038300">
   </rtept>
   <rtept lat="33.67447900" lon="134.42015500">
   </rtept>
   <rtept lat="33.67380600" lon="134.41987900">
   </rtept>
   <rtept lat="33.67289100" lon="134.41946100">
   </rtept>
   <rtept lat="33.67163800" lon="134.41903800">
   </rtept>
 </rte>
 <rte>
  <name>接続コース</name>
   <rtept lat="33.81697800" lon="134.59665500">
   </rtept>
   <rtept lat="33.81731000" lon="134.59779600">
   </rtept>
   <rtept lat="33.81780800" lon="134.59880800">
   </rtept>
   <rtept lat="33.81825800" lon="134.59973500">
   </rtept>
   <rtept lat="33.81873200" lon="134.60056200">
   </rtept>
   <rtept lat="33.81940700" lon="134.60130400">
   </rtept>
   <rtept lat="33.81996400" lon="134.60187400">
   </rtept>
   <rtept lat="33.82088800" lon="134.60211700">
   </rtept>
   <rtept lat="33.82209100" lon="134.60326100">
   </rtept>
   <rtept lat="33.82246700" lon="134.60358700">
   </rtept>
 </rte>
 <rte>
   <rtept lat="33.92978100" lon="134.51881200">
   </rtept>
   <rtept lat="33.93010100" lon="134.51902300">
   </rtept>
   <rtept lat="33.93008900" lon="134.51996400">
   </rtept>
   <rtept lat="33.93020700" lon="134.52062000">
   </rtept>
   <rtept lat="33.93032600" lon="134.52149000">
   </rtept>
 </rte>
 <rte>
  <name>接続コース</name>
   <rtept lat="33.98669200" lon="134.32850000">
   </rtept>
   <rtept lat="33.98642200" lon="134.32865600">
   </rtept>
   <rtept lat="33.98617300" lon="134.32898400">
   </rtept>
   <rtept lat="33.98586600" lon="134.32939800">
   </rtept>
   <rtept lat="33.98559400" lon="134.32961200">
   </rtept>
   <rtept lat="33.98542800" lon="134.32971100">
   </rtept>
   <rtept lat="33.98501500" lon="134.32964000">
   </rtept>
   <rtept lat="33.98489600" lon="134.32972600">
   </rtept>
   <rtept lat="33.98487300" lon="134.32994000">
   </rtept>
   <rtept lat="33.98487300" lon="134.33041000">
   </rtept>
   <rtept lat="33.98464800" lon="134.33046700">
   </rtept>
   <rtept lat="33.98400900" lon="134.33062400">
   </rtept>
   <rtept lat="33.98366600" lon="134.33073800">
   </rtept>
   <rtept lat="33.98282700" lon="134.33071000">
   </rtept>
   <rtept lat="33.98257900" lon="134.33071000">
   </rtept>
   <rtept lat="33.98217700" lon="134.33055300">
   </rtept>
   <rtept lat="33.98199900" lon="134.33055300">
   </rtept>
   <rtept lat="33.98186900" lon="134.33065300">
   </rtept>
   <rtept lat="33.98145500" lon="134.33139400">
   </rtept>
   <rtept lat="33.98121900" lon="134.33149400">
   </rtept>
   <rtept lat="33.98097000" lon="134.33148000">
   </rtept>
   <rtept lat="33.98081700" lon="134.33136600">
   </rtept>
   <rtept lat="33.98063900" lon="134.33098100">
   </rtept>
   <rtept lat="33.98052100" lon="134.33095200">
   </rtept>
   <rtept lat="33.98037900" lon="134.33093800">
   </rtept>
   <rtept lat="33.98008300" lon="134.33128000">
   </rtept>
   <rtept lat="33.97991800" lon="134.33197900">
   </rtept>
   <rtept lat="33.97974100" lon="134.33266300">
   </rtept>
   <rtept lat="33.97955600" lon="134.33303400">
   </rtept>
   <rtept lat="33.97933100" lon="134.33320500">
   </rtept>
   <rtept lat="33.97877600" lon="134.33319100">
   </rtept>
   <rtept lat="33.97843300" lon="134.33322000">
   </rtept>
   <rtept lat="33.97831400" lon="134.33327700">
   </rtept>
   <rtept lat="33.97825500" lon="134.33369000">
   </rtept>
   <rtept lat="33.97822000" lon="134.33481700">
   </rtept>
   <rtept lat="33.97818400" lon="134.33538700">
   </rtept>
   <rtept lat="33.97810100" lon="134.33551600">
   </rtept>
   <rtept lat="33.97798300" lon="134.33558700">
   </rtept>
   <rtept lat="33.97768800" lon="134.33538700">
   </rtept>
   <rtept lat="33.97742700" lon="134.33545900">
   </rtept>
   <rtept lat="33.97706100" lon="134.33563000">
   </rtept>
   <rtept lat="33.97651700" lon="134.33530200">
   </rtept>
   <rtept lat="33.97632800" lon="134.33530200">
   </rtept>
   <rtept lat="33.97618600" lon="134.33538700">
   </rtept>
   <rtept lat="33.97603200" lon="134.33548700">
   </rtept>
   <rtept lat="33.97576000" lon="134.33598600">
   </rtept>
   <rtept lat="33.97517500" lon="134.33730100">
   </rtept>
   <rtept lat="33.97496300" lon="134.33763900">
   </rtept>
   <rtept lat="33.97472100" lon="134.33767500">
   </rtept>
   <rtept lat="33.97430300" lon="134.33763300">
   </rtept>
   <rtept lat="33.97408100" lon="134.33765100">
   </rtept>
   <rtept lat="33.97388400" lon="134.33771600">
   </rtept>
   <rtept lat="33.97381000" lon="134.33779400">
   </rtept>
   <rtept lat="33.97380000" lon="134.33796000">
   </rtept>
   <rtept lat="33.97394800" lon="134.33828100">
   </rtept>
   <rtept lat="33.97397200" lon="134.33854800">
   </rtept>
   <rtept lat="33.97381500" lon="134.33881600">
   </rtept>
   <rtept lat="33.97303600" lon="134.33954100">
   </rtept>
   <rtept lat="33.97256300" lon="134.33975500">
   </rtept>
   <rtept lat="33.97229500" lon="134.33985200">
   </rtept>
   <rtept lat="33.97205800" lon="134.33980500">
   </rtept>
   <rtept lat="33.97188500" lon="134.33971000">
   </rtept>
   <rtept lat="33.97173500" lon="134.33945300">
   </rtept>
   <rtept lat="33.97161700" lon="134.33916800">
   </rtept>
   <rtept lat="33.97161700" lon="134.33894900">
   </rtept>
   <rtept lat="33.97176700" lon="134.33858800">
   </rtept>
   <rtept lat="33.97179000" lon="134.33842600">
   </rtept>
   <rtept lat="33.97171900" lon="134.33836000">
   </rtept>
   <rtept lat="33.97155400" lon="134.33836000">
   </rtept>
   <rtept lat="33.97104900" lon="134.33858800">
   </rtept>
   <rtept lat="33.97079700" lon="134.33851200">
   </rtept>
   <rtept lat="33.97069400" lon="134.33840700">
   </rtept>
   <rtept lat="33.97060800" lon="134.33807500">
   </rtept>
   <rtept lat="33.97052100" lon="134.33774200">
   </rtept>
   <rtept lat="33.97037900" lon="134.33754200">
   </rtept>
   <rtept lat="33.97012700" lon="134.33758000">
   </rtept>
   <rtept lat="33.96988200" lon="134.33799900">
   </rtept>
   <rtept lat="33.96970100" lon="134.33849300">
   </rtept>
   <rtept lat="33.96955900" lon="134.33935800">
   </rtept>
   <rtept lat="33.96950400" lon="134.34010900">
   </rtept>
   <rtept lat="33.96952000" lon="134.34061300">
   </rtept>
   <rtept lat="33.96972500" lon="134.34176300">
   </rtept>
   <rtept lat="33.96796600" lon="134.34234300">
   </rtept>
   <rtept lat="33.96823300" lon="134.34332900">
   </rtept>
   <rtept lat="33.96826300" lon="134.34359000">
   </rtept>
   <rtept lat="33.96825300" lon="134.34382800">
   </rtept>
   <rtept lat="33.96814400" lon="134.34424400">
   </rtept>
   <rtept lat="33.96793700" lon="134.34481400">
   </rtept>
   <rtept lat="33.96766100" lon="134.34551600">
   </rtept>
 </rte>
 <rte>
  <name>接続コース</name>
   <rtept lat="34.13945200" lon="134.35129400">
   </rtept>
   <rtept lat="34.14022100" lon="134.35117500">
   </rtept>
   <rtept lat="34.14051600" lon="134.35123500">
   </rtept>
   <rtept lat="34.14133300" lon="134.35175700">
   </rtept>
   <rtept lat="34.14195200" lon="134.35187600">
   </rtept>
   <rtept lat="34.14300500" lon="134.35225700">
   </rtept>
   <rtept lat="34.14382100" lon="134.35289800">
   </rtept>
   <rtept lat="34.14465700" lon="134.35361100">
   </rtept>
   <rtept lat="34.14524100" lon="134.35384900">
   </rtept>
   <rtept lat="34.14590000" lon="134.35440800">
   </rtept>
   <rtept lat="34.14650000" lon="134.35484700">
   </rtept>
   <rtept lat="34.14684400" lon="134.35483500">
   </rtept>
   <rtept lat="34.14709000" lon="134.35466900">
   </rtept>
   <rtept lat="34.14729700" lon="134.35426500">
   </rtept>
 </rte>
 <rte>
  <name>接続コース</name>
   <rtept lat="34.15402100" lon="134.35529800">
   </rtept>
   <rtept lat="34.15412300" lon="134.35379500">
   </rtept>
   <rtept lat="34.15381600" lon="134.35353800">
   </rtept>
   <rtept lat="34.15344600" lon="134.35316700">
   </rtept>
   <rtept lat="34.15298200" lon="134.35292000">
   </rtept>
 </rte>
 <rte>
  <name>連絡コース</name>
   <rtept lat="34.14764200" lon="134.47066800">
   </rtept>
   <rtept lat="34.14742500" lon="134.47051300">
   </rtept>
   <rtept lat="34.14710100" lon="134.47029900">
   </rtept>
   <rtept lat="34.14673700" lon="134.46994300">
   </rtept>
   <rtept lat="34.14668800" lon="134.46946700">
   </rtept>
   <rtept lat="34.14661900" lon="134.46915800">
   </rtept>
   <rtept lat="34.14642200" lon="134.46874200">
   </rtept>
   <rtept lat="34.14611700" lon="134.46821900">
   </rtept>
   <rtept lat="34.14600900" lon="134.46760200">
   </rtept>
   <rtept lat="34.14584200" lon="134.46707900">
   </rtept>
   <rtept lat="34.14541900" lon="134.46642500">
   </rtept>
   <rtept lat="34.14522200" lon="134.46629400">
   </rtept>
   <rtept lat="34.14494700" lon="134.46612800">
   </rtept>
   <rtept lat="34.14449500" lon="134.46567600">
   </rtept>
   <rtept lat="34.14410300" lon="134.46541500">
   </rtept>
   <rtept lat="34.14379800" lon="134.46515300">
   </rtept>
   <rtept lat="34.14366000" lon="134.46489200">
   </rtept>
   <rtept lat="34.14355200" lon="134.46434500">
   </rtept>
   <rtept lat="34.14342400" lon="134.46331100">
   </rtept>
   <rtept lat="34.14338500" lon="134.46286000">
   </rtept>
   <rtept lat="34.14351300" lon="134.46230100">
   </rtept>
   <rtept lat="34.14365100" lon="134.46195700">
   </rtept>
   <rtept lat="34.14360100" lon="134.46155300">
   </rtept>
   <rtept lat="34.14358400" lon="134.46124100">
   </rtept>
   <rtept lat="34.14363100" lon="134.46046200">
   </rtept>
   <rtept lat="34.14360700" lon="134.45963400">
   </rtept>
   <rtept lat="34.14352100" lon="134.45918800">
   </rtept>
   <rtept lat="34.14330100" lon="134.45854100">
   </rtept>
   <rtept lat="34.14291500" lon="134.45785700">
   </rtept>
   <rtept lat="34.14251400" lon="134.45735300">
   </rtept>
   <rtept lat="34.14222300" lon="134.45686800">
   </rtept>
   <rtept lat="34.14204900" lon="134.45651600">
   </rtept>
   <rtept lat="34.14197900" lon="134.45620200">
   </rtept>
   <rtept lat="34.14200200" lon="134.45507100">
   </rtept>
   <rtept lat="34.14204200" lon="134.45467200">
   </rtept>
   <rtept lat="34.14225400" lon="134.45410100">
   </rtept>
   <rtept lat="34.14222300" lon="134.45317900">
   </rtept>
   <rtept lat="34.14221800" lon="134.45239800">
   </rtept>
   <rtept lat="34.14204100" lon="134.45184200">
   </rtept>
   <rtept lat="34.14195900" lon="134.45150000">
   </rtept>
   <rtept lat="34.14185200" lon="134.45054400">
   </rtept>
   <rtept lat="34.14181700" lon="134.45040200">
   </rtept>
   <rtept lat="34.14195200" lon="134.45014400">
   </rtept>
   <rtept lat="34.14202300" lon="134.44975400">
   </rtept>
   <rtept lat="34.14162100" lon="134.44849000">
   </rtept>
   <rtept lat="34.14123600" lon="134.44830000">
   </rtept>
   <rtept lat="34.14100700" lon="134.44739700">
   </rtept>
   <rtept lat="34.14099200" lon="134.44710200">
   </rtept>
   <rtept lat="34.14120400" lon="134.44641700">
   </rtept>
   <rtept lat="34.14119600" lon="134.44570400">
   </rtept>
   <rtept lat="34.14113300" lon="134.44483000">
   </rtept>
 </rte>
 <rte>
  <name>連絡コース</name>
   <rtept lat="34.23018300" lon="134.58805200">
   </rtept>
   <rtept lat="34.22994600" lon="134.58663800">
   </rtept>
   <rtept lat="34.22976900" lon="134.58594800">
   </rtept>
   <rtept lat="34.22975000" lon="134.58556800">
   </rtept>
   <rtept lat="34.22965200" lon="134.58487900">
   </rtept>
   <rtept lat="34.22965200" lon="134.58445100">
   </rtept>
   <rtept lat="34.22978900" lon="134.58407100">
   </rtept>
   <rtept lat="34.23012300" lon="134.58359500">
   </rtept>
   <rtept lat="34.23061400" lon="134.58338100">
   </rtept>
   <rtept lat="34.23114500" lon="134.58333400">
   </rtept>
   <rtept lat="34.23124300" lon="134.58312000">
   </rtept>
   <rtept lat="34.23163600" lon="134.58240700">
   </rtept>
   <rtept lat="34.23204900" lon="134.58202700">
   </rtept>
   <rtept lat="34.23257900" lon="134.58176500">
   </rtept>
   <rtept lat="34.23273700" lon="134.58145600">
   </rtept>
   <rtept lat="34.23265800" lon="134.58105200">
   </rtept>
   <rtept lat="34.23151800" lon="134.57884200">
   </rtept>
   <rtept lat="34.23081100" lon="134.57751100">
   </rtept>
   <rtept lat="34.23061400" lon="134.57689300">
   </rtept>
   <rtept lat="34.23037900" lon="134.57660800">
   </rtept>
   <rtept lat="34.23018200" lon="134.57644100">
   </rtept>
   <rtept lat="34.22986800" lon="134.57634600">
   </rtept>
   <rtept lat="34.22933700" lon="134.57613200">
   </rtept>
   <rtept lat="34.22809900" lon="134.57420700">
   </rtept>
   <rtept lat="34.22780400" lon="134.57377900">
   </rtept>
   <rtept lat="34.22743100" lon="134.57339900">
   </rtept>
   <rtept lat="34.22725400" lon="134.57335100">
   </rtept>
   <rtept lat="34.22692000" lon="134.57358900">
   </rtept>
   <rtept lat="34.22635000" lon="134.57366000">
   </rtept>
   <rtept lat="34.22591800" lon="134.57351800">
   </rtept>
   <rtept lat="34.22564300" lon="134.57335100">
   </rtept>
   <rtept lat="34.22513600" lon="134.57358900">
   </rtept>
   <rtept lat="34.22472300" lon="134.57385000">
   </rtept>
   <rtept lat="34.22468400" lon="134.57451600">
   </rtept>
   <rtept lat="34.22466400" lon="134.57494400">
   </rtept>
   <rtept lat="34.22417300" lon="134.57534800">
   </rtept>
   <rtept lat="34.22387800" lon="134.57539500">
   </rtept>
   <rtept lat="34.22348500" lon="134.57515800">
   </rtept>
   <rtept lat="34.22321000" lon="134.57499100">
   </rtept>
   <rtept lat="34.22307200" lon="134.57513400">
   </rtept>
   <rtept lat="34.22279700" lon="134.57551400">
   </rtept>
   <rtept lat="34.22250200" lon="134.57551400">
   </rtept>
   <rtept lat="34.22226600" lon="134.57558600">
   </rtept>
   <rtept lat="34.22195200" lon="134.57568100">
   </rtept>
   <rtept lat="34.22155900" lon="134.57558600">
   </rtept>
   <rtept lat="34.22122500" lon="134.57527700">
   </rtept>
   <rtept lat="34.22089100" lon="134.57496800">
   </rtept>
   <rtept lat="34.22063500" lon="134.57449200">
   </rtept>
   <rtept lat="34.22045800" lon="134.57399300">
   </rtept>
   <rtept lat="34.22043900" lon="134.57370800">
   </rtept>
   <rtept lat="34.22112600" lon="134.57299500">
   </rtept>
   <rtept lat="34.22130300" lon="134.57277600">
   </rtept>
   <rtept lat="34.22124400" lon="134.57227700">
   </rtept>
   <rtept lat="34.22128400" lon="134.57187300">
   </rtept>
   <rtept lat="34.22146100" lon="134.57170700">
   </rtept>
   <rtept lat="34.22181400" lon="134.57156400">
   </rtept>
   <rtept lat="34.22214800" lon="134.57146900">
   </rtept>
   <rtept lat="34.22240400" lon="134.57137400">
   </rtept>
   <rtept lat="34.22262000" lon="134.57113600">
   </rtept>
   <rtept lat="34.22267900" lon="134.57085100">
   </rtept>
   <rtept lat="34.22246300" lon="134.57023300">
   </rtept>
   <rtept lat="34.22234500" lon="134.56949600">
   </rtept>
   <rtept lat="34.22234500" lon="134.56873600">
   </rtept>
   <rtept lat="34.22205000" lon="134.56811800">
   </rtept>
   <rtept lat="34.22071400" lon="134.56569300">
   </rtept>
   <rtept lat="34.22059600" lon="134.56531300">
   </rtept>
   <rtept lat="34.22045800" lon="134.56424300">
   </rtept>
   <rtept lat="34.22028100" lon="134.56091600">
   </rtept>
   <rtept lat="34.22024600" lon="134.56005300">
   </rtept>
   <rtept lat="34.21992200" lon="134.56026700">
   </rtept>
   <rtept lat="34.21973300" lon="134.56036700">
   </rtept>
   <rtept lat="34.21954400" lon="134.56063300">
   </rtept>
   <rtept lat="34.21896300" lon="134.56089900">
   </rtept>
   <rtept lat="34.21872700" lon="134.56084200">
   </rtept>
   <rtept lat="34.21801900" lon="134.56101300">
   </rtept>
   <rtept lat="34.21792500" lon="134.56105100">
   </rtept>
   <rtept lat="34.21756300" lon="134.56105100">
   </rtept>
   <rtept lat="34.21737500" lon="134.56114600">
   </rtept>
   <rtept lat="34.21726500" lon="134.56156500">
   </rtept>
   <rtept lat="34.21707600" lon="134.56173600">
   </rtept>
   <rtept lat="34.21671400" lon="134.56167900">
   </rtept>
   <rtept lat="34.21625800" lon="134.56148900">
   </rtept>
   <rtept lat="34.21600700" lon="134.56145100">
   </rtept>
   <rtept lat="34.21570800" lon="134.56160300">
   </rtept>
   <rtept lat="34.21547200" lon="134.56177400">
   </rtept>
   <rtept lat="34.21515800" lon="134.56169800">
   </rtept>
   <rtept lat="34.21489000" lon="134.56162200">
   </rtept>
   <rtept lat="34.21454400" lon="134.56150800">
   </rtept>
   <rtept lat="34.21423000" lon="134.56135600">
   </rtept>
   <rtept lat="34.21408800" lon="134.56133700">
   </rtept>
   <rtept lat="34.21380500" lon="134.56126100">
   </rtept>
   <rtept lat="34.21350700" lon="134.56126100">
   </rtept>
   <rtept lat="34.21327100" lon="134.56129900">
   </rtept>
   <rtept lat="34.21295600" lon="134.56050000">
   </rtept>
   <rtept lat="34.21272000" lon="134.56046200">
   </rtept>
   <rtept lat="34.21223300" lon="134.55945400">
   </rtept>
   <rtept lat="34.21226300" lon="134.55920600">
   </rtept>
   <rtept lat="34.21216100" lon="134.55896900">
   </rtept>
   <rtept lat="34.21199600" lon="134.55835100">
   </rtept>
   <rtept lat="34.21187000" lon="134.55812300">
   </rtept>
   <rtept lat="34.21175200" lon="134.55795100">
   </rtept>
   <rtept lat="34.21146100" lon="134.55789400">
   </rtept>
   <rtept lat="34.21104400" lon="134.55779900">
   </rtept>
   <rtept lat="34.21077700" lon="134.55760000">
   </rtept>
   <rtept lat="34.21035200" lon="134.55696300">
   </rtept>
   <rtept lat="34.21019500" lon="134.55675400">
   </rtept>
   <rtept lat="34.21009300" lon="134.55665800">
   </rtept>
   <rtept lat="34.20966800" lon="134.55635400">
   </rtept>
   <rtept lat="34.20956600" lon="134.55586900">
   </rtept>
   <rtept lat="34.20944000" lon="134.55558400">
   </rtept>
   <rtept lat="34.20920400" lon="134.55539400">
   </rtept>
   <rtept lat="34.20907900" lon="134.55525100">
   </rtept>
   <rtept lat="34.20900000" lon="134.55513700">
   </rtept>
   <rtept lat="34.20896100" lon="134.55489000">
   </rtept>
   <rtept lat="34.20896100" lon="134.55449100">
   </rtept>
   <rtept lat="34.20892100" lon="134.55427200">
   </rtept>
   <rtept lat="34.20885100" lon="134.55413000">
   </rtept>
   <rtept lat="34.20874100" lon="134.55405300">
   </rtept>
   <rtept lat="34.20855200" lon="134.55405300">
   </rtept>
   <rtept lat="34.20830800" lon="134.55413000">
   </rtept>
   <rtept lat="34.20820600" lon="134.55405300">
   </rtept>
   <rtept lat="34.20765600" lon="134.55316000">
   </rtept>
   <rtept lat="34.20750600" lon="134.55308900">
   </rtept>
   <rtept lat="34.20690800" lon="134.55299400">
   </rtept>
   <rtept lat="34.20672800" lon="134.55288000">
   </rtept>
   <rtept lat="34.20651500" lon="134.55283200">
   </rtept>
   <rtept lat="34.20614600" lon="134.55283200">
   </rtept>
   <rtept lat="34.20588600" lon="134.55273700">
   </rtept>
   <rtept lat="34.20571300" lon="134.55268000">
   </rtept>
   <rtept lat="34.20552500" lon="134.55271800">
   </rtept>
   <rtept lat="34.20542200" lon="134.55279400">
   </rtept>
   <rtept lat="34.20521800" lon="134.55284200">
   </rtept>
   <rtept lat="34.20455000" lon="134.55278500">
   </rtept>
   <rtept lat="34.20403100" lon="134.55306000">
   </rtept>
   <rtept lat="34.20381800" lon="134.55315500">
   </rtept>
   <rtept lat="34.20367700" lon="134.55316500">
   </rtept>
   <rtept lat="34.20357500" lon="134.55311700">
   </rtept>
   <rtept lat="34.20350400" lon="134.55294600">
   </rtept>
   <rtept lat="34.20336200" lon="134.55287000">
   </rtept>
   <rtept lat="34.20324400" lon="134.55287000">
   </rtept>
   <rtept lat="34.20309500" lon="134.55292700">
   </rtept>
   <rtept lat="34.20302300" lon="134.55306000">
   </rtept>
   <rtept lat="34.20277900" lon="134.55326000">
   </rtept>
   <rtept lat="34.20254300" lon="134.55333600">
   </rtept>
   <rtept lat="34.20214200" lon="134.55332700">
   </rtept>
   <rtept lat="34.20175700" lon="134.55347900">
   </rtept>
   <rtept lat="34.20115100" lon="134.55359300">
   </rtept>
   <rtept lat="34.20075800" lon="134.55365000">
   </rtept>
   <rtept lat="34.20054600" lon="134.55361200">
   </rtept>
   <rtept lat="34.20042800" lon="134.55358300">
   </rtept>
   <rtept lat="34.20023900" lon="134.55368800">
   </rtept>
   <rtept lat="34.19997200" lon="134.55379200">
   </rtept>
   <rtept lat="34.19972800" lon="134.55387800">
   </rtept>
   <rtept lat="34.19955500" lon="134.55388700">
   </rtept>
   <rtept lat="34.19932700" lon="134.55392500">
   </rtept>
   <rtept lat="34.19917000" lon="134.55394400">
   </rtept>
   <rtept lat="34.19909100" lon="134.55385900">
   </rtept>
   <rtept lat="34.19906100" lon="134.55370700">
   </rtept>
   <rtept lat="34.19901400" lon="134.55357400">
   </rtept>
   <rtept lat="34.19892000" lon="134.55352600">
   </rtept>
   <rtept lat="34.19884100" lon="134.55354500">
   </rtept>
   <rtept lat="34.19878600" lon="134.55361200">
   </rtept>
   <rtept lat="34.19877000" lon="134.55377300">
   </rtept>
   <rtept lat="34.19872300" lon="134.55400200">
   </rtept>
   <rtept lat="34.19842400" lon="134.55401100">
   </rtept>
   <rtept lat="34.19825900" lon="134.55400200">
   </rtept>
   <rtept lat="34.19812500" lon="134.55384900">
   </rtept>
   <rtept lat="34.19785800" lon="134.55368800">
   </rtept>
   <rtept lat="34.19773200" lon="134.55362100">
   </rtept>
   <rtept lat="34.19762200" lon="134.55369700">
   </rtept>
   <rtept lat="34.19749600" lon="134.55383000">
   </rtept>
   <rtept lat="34.19740200" lon="134.55381100">
   </rtept>
   <rtept lat="34.19736300" lon="134.55371600">
   </rtept>
   <rtept lat="34.19736300" lon="134.55361200">
   </rtept>
   <rtept lat="34.19755900" lon="134.55353600">
   </rtept>
   <rtept lat="34.19765400" lon="134.55342200">
   </rtept>
   <rtept lat="34.19774000" lon="134.55338400">
   </rtept>
   <rtept lat="34.19784200" lon="134.55346000">
   </rtept>
   <rtept lat="34.19800700" lon="134.55358300">
   </rtept>
   <rtept lat="34.19822800" lon="134.55363100">
   </rtept>
   <rtept lat="34.19833000" lon="134.55365900">
   </rtept>
   <rtept lat="34.19837700" lon="134.55365000">
   </rtept>
   <rtept lat="34.19838500" lon="134.55353600">
   </rtept>
   <rtept lat="34.19834600" lon="134.55344100">
   </rtept>
   <rtept lat="34.19823500" lon="134.55345000">
   </rtept>
   <rtept lat="34.19808600" lon="134.55346000">
   </rtept>
   <rtept lat="34.19798400" lon="134.55346000">
   </rtept>
   <rtept lat="34.19792900" lon="134.55328800">
   </rtept>
   <rtept lat="34.19789000" lon="134.55318400">
   </rtept>
   <rtept lat="34.19780300" lon="134.55308900">
   </rtept>
   <rtept lat="34.19768500" lon="134.55308900">
   </rtept>
   <rtept lat="34.19753600" lon="134.55326900">
   </rtept>
   <rtept lat="34.19745700" lon="134.55332700">
   </rtept>
   <rtept lat="34.19716600" lon="134.55337400">
   </rtept>
   <rtept lat="34.19696900" lon="134.55339300">
   </rtept>
   <rtept lat="34.19686700" lon="134.55345000">
   </rtept>
   <rtept lat="34.19657600" lon="134.55370700">
   </rtept>
   <rtept lat="34.19636400" lon="134.55371600">
   </rtept>
   <rtept lat="34.19617500" lon="134.55369700">
   </rtept>
   <rtept lat="34.19596300" lon="134.55377300">
   </rtept>
   <rtept lat="34.19605700" lon="134.55429600">
   </rtept>
   <rtept lat="34.19607300" lon="134.55447700">
   </rtept>
   <rtept lat="34.19602600" lon="134.55453400">
   </rtept>
   <rtept lat="34.19593900" lon="134.55455300">
   </rtept>
   <rtept lat="34.19584500" lon="134.55453400">
   </rtept>
   <rtept lat="34.19582100" lon="134.55431500">
   </rtept>
   <rtept lat="34.19579000" lon="134.55418200">
   </rtept>
   <rtept lat="34.19570300" lon="134.55404900">
   </rtept>
   <rtept lat="34.19560100" lon="134.55391600">
   </rtept>
   <rtept lat="34.19533400" lon="134.55372600">
   </rtept>
   <rtept lat="34.19520000" lon="134.55351700">
   </rtept>
   <rtept lat="34.19503500" lon="134.55327900">
   </rtept>
   <rtept lat="34.19471300" lon="134.55296500">
   </rtept>
   <rtept lat="34.19422200" lon="134.55244200">
   </rtept>
   <rtept lat="34.19409600" lon="134.55210000">
   </rtept>
   <rtept lat="34.19368700" lon="134.55198600">
   </rtept>
   <rtept lat="34.19341200" lon="134.55204300">
   </rtept>
   <rtept lat="34.19314500" lon="134.55200500">
   </rtept>
   <rtept lat="34.19290100" lon="134.55194800">
   </rtept>
   <rtept lat="34.19275900" lon="134.55199600">
   </rtept>
   <rtept lat="34.19242900" lon="134.55229000">
   </rtept>
   <rtept lat="34.19233500" lon="134.55231900">
   </rtept>
   <rtept lat="34.19208300" lon="134.55215700">
   </rtept>
   <rtept lat="34.19196500" lon="134.55213800">
   </rtept>
   <rtept lat="34.19186300" lon="134.55221400">
   </rtept>
   <rtept lat="34.19166600" lon="134.55237600">
   </rtept>
   <rtept lat="34.19138300" lon="134.55249900">
   </rtept>
   <rtept lat="34.19113900" lon="134.55250900">
   </rtept>
   <rtept lat="34.19082500" lon="134.55243300">
   </rtept>
   <rtept lat="34.19069900" lon="134.55246100">
   </rtept>
   <rtept lat="34.19051800" lon="134.55262300">
   </rtept>
   <rtept lat="34.19036100" lon="134.55272800">
   </rtept>
   <rtept lat="34.19016400" lon="134.55275600">
   </rtept>
   <rtept lat="34.19006200" lon="134.55266100">
   </rtept>
   <rtept lat="34.18996800" lon="134.55252800">
   </rtept>
   <rtept lat="34.18958800" lon="134.55242300">
   </rtept>
   <rtept lat="34.18935300" lon="134.55237600">
   </rtept>
   <rtept lat="34.18910100" lon="134.55222400">
   </rtept>
   <rtept lat="34.18897500" lon="134.55219500">
   </rtept>
   <rtept lat="34.18871600" lon="134.55226200">
   </rtept>
   <rtept lat="34.18859000" lon="134.55226200">
   </rtept>
   <rtept lat="34.18842500" lon="134.55215700">
   </rtept>
   <rtept lat="34.18781100" lon="134.55202400">
   </rtept>
   <rtept lat="34.18743400" lon="134.55208100">
   </rtept>
   <rtept lat="34.18700900" lon="134.55215700">
   </rtept>
   <rtept lat="34.18684400" lon="134.55226200">
   </rtept>
   <rtept lat="34.18624600" lon="134.55222400">
   </rtept>
   <rtept lat="34.18597900" lon="134.55224300">
   </rtept>
   <rtept lat="34.18579800" lon="134.55213800">
   </rtept>
   <rtept lat="34.18565600" lon="134.55210000">
   </rtept>
   <rtept lat="34.18552300" lon="134.55216700">
   </rtept>
   <rtept lat="34.18539700" lon="134.55246100">
   </rtept>
   <rtept lat="34.18526300" lon="134.55271800">
   </rtept>
   <rtept lat="34.18515300" lon="134.55278500">
   </rtept>
   <rtept lat="34.18494100" lon="134.55280400">
   </rtept>
   <rtept lat="34.18481500" lon="134.55274700">
   </rtept>
   <rtept lat="34.18479900" lon="134.55255600">
   </rtept>
   <rtept lat="34.18479900" lon="134.55216700">
   </rtept>
   <rtept lat="34.18456600" lon="134.55182400">
   </rtept>
   <rtept lat="34.18419700" lon="134.55134000">
   </rtept>
   <rtept lat="34.18393700" lon="134.55095900">
   </rtept>
   <rtept lat="34.18377200" lon="134.55063600">
   </rtept>
   <rtept lat="34.18362200" lon="134.55028400">
   </rtept>
   <rtept lat="34.18349700" lon="134.55018900">
   </rtept>
   <rtept lat="34.18256100" lon="134.54993200">
   </rtept>
   <rtept lat="34.18223800" lon="134.54977100">
   </rtept>
   <rtept lat="34.18201800" lon="134.54945700">
   </rtept>
   <rtept lat="34.18109000" lon="134.54898200">
   </rtept>
   <rtept lat="34.18059500" lon="134.54871600">
   </rtept>
   <rtept lat="34.18043700" lon="134.54850600">
   </rtept>
   <rtept lat="34.18012300" lon="134.54836400">
   </rtept>
   <rtept lat="34.17987100" lon="134.54830700">
   </rtept>
   <rtept lat="34.17957200" lon="134.54833500">
   </rtept>
   <rtept lat="34.17939300" lon="134.54835400">
   </rtept>
   <rtept lat="34.17877900" lon="134.54812600">
   </rtept>
   <rtept lat="34.17848800" lon="134.54781200">
   </rtept>
   <rtept lat="34.17833100" lon="134.54757500">
   </rtept>
   <rtept lat="34.17819700" lon="134.54710900">
   </rtept>
   <rtept lat="34.17791400" lon="134.54689000">
   </rtept>
   <rtept lat="34.17773300" lon="134.54658600">
   </rtept>
   <rtept lat="34.17758400" lon="134.54632900">
   </rtept>
   <rtept lat="34.17745800" lon="134.54626300">
   </rtept>
   <rtept lat="34.17702500" lon="134.54634800">
   </rtept>
   <rtept lat="34.17666300" lon="134.54595800">
   </rtept>
   <rtept lat="34.17631700" lon="134.54522600">
   </rtept>
   <rtept lat="34.17620700" lon="134.54487500">
   </rtept>
   <rtept lat="34.17612100" lon="134.54454200">
   </rtept>
   <rtept lat="34.17588500" lon="134.54440900">
   </rtept>
   <rtept lat="34.17583800" lon="134.54405700">
   </rtept>
   <rtept lat="34.17564900" lon="134.54360100">
   </rtept>
   <rtept lat="34.17538100" lon="134.54317300">
   </rtept>
   <rtept lat="34.17519300" lon="134.54292600">
   </rtept>
   <rtept lat="34.17485600" lon="134.54267800">
   </rtept>
   <rtept lat="34.17431300" lon="134.54243100">
   </rtept>
   <rtept lat="34.17384100" lon="134.54246900">
   </rtept>
   <rtept lat="34.17326700" lon="134.54249800">
   </rtept>
   <rtept lat="34.17252000" lon="134.54225100">
   </rtept>
   <rtept lat="34.17207900" lon="134.54190800">
   </rtept>
   <rtept lat="34.17171000" lon="134.54169000">
   </rtept>
   <rtept lat="34.17151300" lon="134.54162300">
   </rtept>
   <rtept lat="34.17083700" lon="134.54125200">
   </rtept>
   <rtept lat="34.17058600" lon="134.54112700">
   </rtept>
   <rtept lat="34.17002800" lon="134.54095600">
   </rtept>
   <rtept lat="34.16928900" lon="134.54085100">
   </rtept>
   <rtept lat="34.16838400" lon="134.54077500">
   </rtept>
   <rtept lat="34.16777000" lon="134.54080400">
   </rtept>
   <rtept lat="34.16739300" lon="134.54079400">
   </rtept>
   <rtept lat="34.16688200" lon="134.54069000">
   </rtept>
   <rtept lat="34.16644700" lon="134.54090800">
   </rtept>
   <rtept lat="34.16589700" lon="134.54104100">
   </rtept>
   <rtept lat="34.16558200" lon="134.54102200">
   </rtept>
   <rtept lat="34.16485800" lon="134.54125000">
   </rtept>
   <rtept lat="34.16419800" lon="134.54125000">
   </rtept>
   <rtept lat="34.16344200" lon="134.54144100">
   </rtept>
   <rtept lat="34.16282900" lon="134.54176400">
   </rtept>
   <rtept lat="34.16259300" lon="134.54197300">
   </rtept>
   <rtept lat="34.16227800" lon="134.54199200">
   </rtept>
 </rte>
</gpx>
