<?xml version="1.0" encoding="UTF-8"?>
<kml xmlns="http://www.opengis.net/kml/2.2">
<Document>
	<name>37_shikoku_kagawa</name>
	<Style id="lineStyle0">
		<LineStyle>
			<color>ff0000ff</color>
			<width>3</width>
		</LineStyle>
	</Style>
	<Placemark>
		<name>SHIKOKU_KGW_01</name>
		<description>阿讃県境山稜のみち</description>
		<styleUrl>#lineStyle0</styleUrl>
		<LineString>
			<coordinates> 133.68030900,34.01072400 133.68045100,34.01070000 133.68066000,34.01073900 133.68067000,34.01088100 133.67977600,34.01176400 133.67974800,34.01185800 133.67978600,34.01199200 133.68009000,34.01222900 133.68064100,34.01256000 133.68102200,34.01274100 133.68144000,34.01278800 133.68210500,34.01272500 133.68248600,34.01267800 133.68318000,34.01268600 133.68366500,34.01269400 133.68400700,34.01267000 133.68430200,34.01280400 133.68458700,34.01295400 133.68480600,34.01309600 133.68492000,34.01313500 133.68516700,34.01313500 133.68540400,34.01294600 133.68551900,34.01285100 133.68556600,34.01277300 133.68587000,34.01311900 133.68593700,34.01317400 133.68626000,34.01323800 133.68639300,34.01319000 133.68634600,34.01308800 133.68638400,34.01302500 133.68658300,34.01292200 133.68694500,34.01274100 133.68719200,34.01264600 133.68745800,34.01262300 133.68795200,34.01274900 133.68825700,34.01285900 133.68878900,34.01311900 133.68920700,34.01332400 133.68942600,34.01341100 133.68956900,34.01335600 133.68996800,34.01316700 133.69016000,34.01308800 133.69031200,34.01311900 133.69043600,34.01330800 133.69064500,34.01358400 133.69089200,34.01353700 133.69106300,34.01344200 133.69129100,34.01289100 133.69137700,34.01265400 133.69164300,34.01243400 133.69198500,34.01230800 133.69224200,34.01218900 133.69249900,34.01207100 133.69277400,34.01204800 133.69292700,34.01213400 133.69292700,34.01230800 133.69285100,34.01247300 133.69283200,34.01324500 133.69273600,34.01339500 133.69246100,34.01351300 133.69225200,34.01357600 133.69217600,34.01368700 133.69223300,34.01382900 133.69258400,34.01438800 133.69272700,34.01445900 133.69291700,34.01465600 133.69314500,34.01488500 133.69342100,34.01507200 133.69355400,34.01514300 133.69393400,34.01515900 133.69454300,34.01528500 133.69536000,34.01549000 133.69558900,34.01549000 133.69595900,34.01540300 133.69620700,34.01538700 133.69632100,34.01541900 133.69662500,34.01567100 133.69684400,34.01568700 133.69733800,34.01565500 133.69758500,34.01571000 133.69817500,34.01588400 133.69865000,34.01608100 133.69898300,34.01617500 133.69929600,34.01624600 133.69960600,34.01642800 133.70002500,34.01678200 133.70032900,34.01689200 133.70038600,34.01682200 133.70040500,34.01664000 133.70049000,34.01659300 133.70067100,34.01654600 133.70087100,34.01654600 133.70110800,34.01661700 133.70142200,34.01679000 133.70150800,34.01677400 133.70172600,34.01664800 133.70243000,34.01645100 133.70241100,34.01621500 133.70237300,34.01602600 133.70232500,34.01572600 133.70221100,34.01549800 133.70218300,34.01534800 133.70221100,34.01521400 133.70232500,34.01511200 133.70276300,34.01503300 133.70306700,34.01495400 133.70339000,34.01496200 133.70380900,34.01509600 133.70422700,34.01526100 133.70446400,34.01525300 133.70476900,34.01516700 133.70496800,34.01509600 133.70514000,34.01514300 133.70531100,34.01526900 133.70553900,34.01575000 133.70599500,34.01604900 133.70643200,34.01609700 133.70700500,34.01604100 133.70783200,34.01573400 133.70878300,34.01557600 133.70912500,34.01555300 133.70927700,34.01561600 133.70932500,34.01577300 133.70932500,34.01606500 133.70928700,34.01629400 133.70935300,34.01651400 133.70946700,34.01661700 133.70974300,34.01664000 133.71028500,34.01668800 133.71071300,34.01692400 133.71218600,34.01761700 133.71244300,34.01765700 133.71301300,34.01765700 133.71348900,34.01767300 133.71393600,34.01788500 133.71425900,34.01830300 133.71442000,34.01853900 133.71516200,34.01918600 133.71612200,34.02000400 133.71656900,34.02021600 133.71741100,34.02050000 133.71776300,34.02065000 133.71808600,34.02084700 133.71898000,34.02122500 133.71929400,34.02138300 133.71958900,34.02165800 133.71980700,34.02191800 133.72001600,34.02191800 133.72019700,34.02184700 133.72087200,34.02207600 133.72113800,34.02197300 133.72139500,34.02183200 133.72168000,34.02184700 133.72219400,34.02221000 133.72277300,34.02262000 133.72285000,34.02277700 133.72287800,34.02298200 133.72286900,34.02333700 133.72283000,34.02374600 133.72285900,34.02400000 133.72303000,34.02437800 133.72327700,34.02467000 133.72342000,34.02493000 133.72367700,34.02531600 133.72368600,34.02545000 133.72355300,34.02552900 133.72323000,34.02567100 133.72304000,34.02586000 133.72296400,34.02610400 133.72297300,34.02635600 133.72309700,34.02661600 133.72339100,34.02691600 133.72364800,34.02720700 133.72382900,34.02756200 133.72428500,34.02788500 133.72449400,34.02805800 133.72442800,34.02819200 133.72420000,34.02833400 133.72400000,34.02843600 133.72382900,34.02864900 133.72383800,34.02903300 133.72376200,34.02936400 133.72366700,34.02964000 133.72339100,34.02984500 133.72342900,34.03020700 133.72372400,34.03073500 133.72371500,34.03109000 133.72356300,34.03135800 133.72365800,34.03159400 133.72363900,34.03173600 133.72353400,34.03178300 133.72342000,34.03182300 133.72319200,34.03207500 133.72276400,34.03220100 133.72271600,34.03233500 133.72272600,34.03254800 133.72292600,34.03293400 133.72302100,34.03316400 133.72297300,34.03352600 133.72305900,34.03370700 133.72329600,34.03386500 133.72387600,34.03409300 133.72406600,34.03424300 133.72415200,34.03450300 133.72412300,34.03470000 133.72400000,34.03486500 133.72380000,34.03501500 133.72381000,34.03512500 133.72391400,34.03530700 133.72392400,34.03562200 133.72420900,34.03570800 133.72436100,34.03584200 133.72438000,34.03596800 133.72420900,34.03610200 133.72390500,34.03633900 133.72380000,34.03652800 133.72381000,34.03667700
			</coordinates>
		</LineString>
	</Placemark>
	<Placemark>
		<name>SHIKOKU_KGW_02</name>
		<description>雲辺寺山のへんろみち</description>
		<styleUrl>#lineStyle0</styleUrl>
		<LineString>
			<coordinates> 133.72381000,34.03667700 133.72406600,34.03678000 133.72419000,34.03697700 133.72438000,34.03707100 133.72467500,34.03710300 133.72489400,34.03719000 133.72512200,34.03735500 133.72524200,34.03754300 133.72549800,34.03765300 133.72574500,34.03773900 133.72589800,34.03792100 133.72599300,34.03845600 133.72604000,34.03885800 133.72626800,34.03899200 133.72647700,34.03903900 133.72665800,34.03937000 133.72671500,34.03961400 133.72704800,34.03994500 133.72701000,34.04029200 133.72699100,34.04055200 133.72705700,34.04071000 133.72733300,34.04079600 133.72763700,34.04093000 133.72768500,34.04115900 133.72785600,34.04134800 133.72794200,34.04159200 133.72805600,34.04192300 133.72806500,34.04218300 133.72798900,34.04230100 133.72783700,34.04254200 133.72789400,34.04270700 133.72824600,34.04310900 133.72854100,34.04365300 133.72867400,34.04411800 133.72792300,34.04472400 133.72731400,34.04510200 133.72793200,34.04492100 133.72826500,34.04492100 133.72798900,34.04507900 133.72773200,34.04534600 133.72708600,34.04605500 133.72682000,34.04634700 133.72645800,34.04723700 133.72644900,34.04795700 133.72612600,34.04828800 133.72645800,34.04895700 133.72639200,34.04912300 133.72628700,34.04929600 133.72614500,34.04995800 133.72595500,34.05041500 133.72562200,34.05057200 133.72528000,34.05098200 133.72502300,34.05122600 133.72508000,34.05183300 133.72478500,34.05230700 133.72470900,34.05244100 133.72480400,34.05262200 133.72496600,34.05284200 133.72528000,34.05307900 133.72518400,34.05364600 133.72485200,34.05379600 133.72459500,34.05424400 133.72451900,34.05441800 133.72447100,34.05473300 133.72437600,34.05497700 133.72428100,34.05519000 133.72429100,34.05544200 133.72409100,34.05590600 133.72404400,34.05622900 133.72375800,34.05657600 133.72366300,34.05673400 133.72362500,34.05693000 133.72360600,34.05733700 133.72370100,34.05760500 133.72366300,34.05775400 133.72340700,34.05795900 133.72292200,34.05812500 133.72242700,34.05847100 133.72212300,34.05884900 133.72205700,34.05911700 133.72242700,34.05981000 133.72286500,34.06018800 133.72305500,34.06049500 133.72315000,34.06071600 133.72329300,34.06084200 133.72354000,34.06090500 133.72377700,34.06113300 133.72388200,34.06137700 133.72435700,34.06148800 133.72471900,34.06170800 133.72482300,34.06186600 133.72531800,34.06214900 133.72527000,34.06263600 133.72520300,34.06288800 133.72522200,34.06312400 133.72542200,34.06332900 133.72547900,34.06360500 133.72543200,34.06392800 133.72544100,34.06411700 133.72555500,34.06448700 133.72561200,34.06488900 133.72585000,34.06506200 133.72584000,34.06519600 133.72565000,34.06530600 133.72577400,34.06562100 133.72559300,34.06592000 133.72528900,34.06625900 133.72492800,34.06635200 133.72467100,34.06652500 133.72470000,34.06693500 133.72489900,34.06712400 133.72503200,34.06729700 133.72507000,34.06765100 133.72526100,34.06776900 133.72560300,34.06767500 133.72629700,34.06721800 133.72718100,34.06676900 133.72738100,34.06686400 133.72791300,34.06733600 133.72798000,34.06769900 133.72816000,34.06799800 133.72841700,34.06839900 133.72863600,34.06869900 133.72887300,34.06876200 133.72929200,34.06878500 133.72961500,34.06886400 133.72977600,34.06899800 133.73009000,34.06992700 133.73031800,34.07047900 133.73077500,34.07074600 133.73192500,34.07031300 133.73224800,34.07031300 133.73313200,34.07046300 133.73362300,34.07053400 133.73388900,34.07054900 133.73504900,34.07094300 133.73533400,34.07094300 133.73548600,34.07096700 133.73557200,34.07105300 133.73559100,34.07123500 133.73559100,34.07253200 133.73569600,34.07271400 133.73581000,34.07281600 133.73590500,34.07287900 133.73584800,34.07320200 133.73572400,34.07332000 133.73561000,34.07347000 133.73570500,34.07388700 133.73571500,34.07413900 133.73584800,34.07425700 133.73610400,34.07435200 133.73619000,34.07444600 133.73618000,34.07472200 133.73611400,34.07485600 133.73615200,34.07502900 133.73622800,34.07521000 133.73639000,34.07538300 133.73646600,34.07545400 133.73659900,34.07562700 133.73679800,34.07589700 133.73702700,34.07632200 133.73721700,34.07661300 133.73755900,34.07704600 133.73776800,34.07730600 133.73768300,34.07805400 133.73769200,34.07814100 133.73756900,34.07855000 133.73755900,34.07880200 133.73769200,34.07898300 133.73783500,34.07918800 133.73790100,34.07942400 133.73813900,34.07983400 133.73828200,34.08008600 133.73844300,34.08030600 133.73861400,34.08055800 133.73863300,34.08075400 133.73850000,34.08092700 133.73837700,34.08115500 133.73840500,34.08125000 133.73851900,34.08127300 133.73878500,34.08113900 133.73897600,34.08109200 133.73910900,34.08113200 133.73922300,34.08129700 133.73925100,34.08152500 133.73937500,34.08159600 133.73953700,34.08176200 133.73966000,34.08190300 133.73968900,34.08211600 133.73981200,34.08244700 133.73989800,34.08251700 133.74029700,34.08267500
			</coordinates>
		</LineString>
	</Placemark>
	<Placemark>
		<name>SHIKOKU_KGW_03</name>
		<description>中蓮寺峰野鳥のみち</description>
		<styleUrl>#lineStyle0</styleUrl>
		<LineString>
			<coordinates> 133.74029700,34.08267500 133.74047700,34.08287600 133.74078100,34.08304200 133.74076200,34.08285300 133.74088600,34.08285300 133.74119900,34.08294700 133.74148500,34.08218400 133.74171300,34.08193200 133.74188400,34.08179800 133.74223600,34.08164000 133.74249200,34.08156200 133.74258700,34.08131000 133.74271100,34.08106500 133.74283500,34.08088400 133.74312900,34.08071900 133.74322400,34.08056900 133.74347200,34.08014400 133.74363300,34.08019900 133.74371900,34.08019900 133.74395600,34.08005800 133.74423200,34.07978500 133.74454100,34.07960700 133.74485000,34.07938100 133.74513500,34.07918400 133.74532500,34.07908600 133.74549200,34.07906600 133.74567000,34.07908600 133.74586000,34.07884000 133.74603800,34.07855400 133.74625200,34.07838700 133.74646600,34.07816100 133.74654900,34.07793400 133.74660900,34.07778600 133.74684600,34.07761900 133.74710800,34.07740300 133.74728600,34.07706800 133.74744100,34.07696000 133.74760700,34.07682200 133.74782100,34.07664500 133.74811800,34.07641800 133.74843900,34.07616200 133.74872400,34.07594600 133.74891400,34.07561100 133.74899700,34.07533600 133.74925900,34.07558200 133.74924700,34.07592600 133.74940100,34.07607400 133.74967500,34.07620200 133.74977000,34.07638900 133.74987700,34.07662500 133.75021000,34.07690100 133.75067300,34.07730400 133.75089900,34.07740300 133.75106500,34.07743200 133.75122000,34.07738300 133.75129100,34.07729400 133.75126700,34.07673300 133.75138600,34.07655600 133.75156400,34.07642800 133.75168300,34.07643800 133.75189700,34.07663500 133.75209900,34.07696000 133.75226500,34.07698900 133.75264600,34.07697000 133.75300200,34.07697900 133.75309700,34.07709700 133.75329900,34.07746200 133.75381000,34.07793400 133.75387000,34.07815100 133.75387000,34.07839700 133.75364000,34.07871300 133.75340300,34.07909600 133.75342000,34.07918500 133.75353300,34.07925900 133.75444300,34.07959800 133.75463900,34.07958400 133.75485200,34.07951500 133.75503100,34.07942100 133.75517300,34.07924900 133.75529800,34.07906700 133.75547600,34.07896800 133.75565500,34.07892900 133.75580900,34.07897800 133.75620100,34.07924400 133.75643300,34.07956400 133.75639100,34.07988900 133.75633200,34.08009600 133.75645100,34.08025800 133.75659900,34.08045500 133.75657600,34.08057800 133.75616600,34.08103500 133.75607700,34.08123100 133.75601100,34.08150700 133.75601100,34.08168900 133.75617200,34.08192000 133.75638000,34.08206800 133.75717000,34.08226000 133.75764300,34.08237300 133.75788600,34.08247700 133.75789200,34.08262400 133.75782700,34.08276200 133.75737000,34.08316100 133.75736400,34.08327900 133.75747100,34.08332300 133.75800500,34.08334300 133.75803500,34.08342100 133.75797600,34.08353000 133.75771400,34.08370100 133.75756000,34.08384900 133.75753600,34.08396700 133.75760700,34.08410400 133.75775600,34.08416800 133.75791600,34.08417800 133.75849900,34.08395200 133.75865300,34.08397700 133.75879600,34.08405500 133.75883100,34.08415400 133.75876000,34.08424700 133.75851000,34.08441000 133.75833800,34.08461100 133.75829100,34.08480800 133.75838000,34.08495600 133.75858800,34.08498000 133.75880700,34.08487200 133.75940800,34.08474900 133.75959200,34.08460200 133.75977000,34.08440000 133.75990100,34.08429600 133.76009700,34.08421800 133.76044200,34.08417300 133.76072100,34.08414400 133.76078600,34.08408500 133.76085700,34.08386800 133.76097000,34.08340100 133.76110700,34.08328800 133.76151100,34.08304100 133.76186800,34.08271200 133.76211300,34.08255900 133.76230900,34.08251000 133.76239800,34.08252000 133.76265400,34.08231800 133.76295700,34.08205700 133.76324800,34.08190000 133.76367600,34.08171800 133.76397300,34.08148600 133.76413400,34.08129400 133.76422900,34.08099400 133.76427100,34.08082100 133.76439000,34.08059500 133.76460400,34.08036900 133.76480600,34.08014200 133.76493000,34.07978300 133.76504300,34.07962500 133.76535200,34.07938400 133.76563200,34.07906400 133.76572700,34.07901000 133.76572700,34.07897100 133.76569700,34.07897100 133.76584500,34.07889700 133.76616600,34.07889200 133.76623800,34.07882300 133.76623800,34.07876400 133.76629700,34.07874900 133.76646900,34.07878400 133.76668900,34.07877400 133.76695100,34.07870500 133.76754500,34.07870500 133.76771700,34.07872500 133.76777100,34.07877400 133.76777700,34.07903500 133.76789000,34.07922200 133.76810300,34.07939900 133.76817500,34.07945300 133.76833500,34.07947300 133.76840600,34.07938400 133.76827000,34.07913300 133.76829000,34.07902000 133.76839100,34.07896100 133.76865200,34.07889200 133.76917500,34.07887200 133.76953200,34.07888200 133.77007300,34.07895600 133.77028100,34.07894600 133.77051200,34.07885300 133.77083900,34.07880800 133.77121300,34.07873500 133.77172400,34.07867100 133.77201000,34.07867100 133.77200400,34.07863600 133.77189100,34.07852800 133.77189100,34.07848900 133.77191500,34.07846900 133.77228900,34.07860200 133.77229500,34.07853800 133.77208700,34.07843900 133.77214000,34.07841500 133.77230700,34.07842500 133.77247900,34.07843900 133.77265300,34.07846900 133.77280100,34.07853800 133.77290800,34.07866600 133.77288400,34.07876900 133.77292000,34.07884300 133.77329400,34.07882800 133.77353800,34.07896100 133.77382900,34.07909900 133.77397200,34.07922700 133.77434600,34.07940900 133.77483900,34.07968400 133.77530900,34.07988100 133.77573700,34.08002900 133.77617600,34.08015700 133.77614700,34.08028500 133.77602200,34.08031900 133.77598000,34.08039300 133.77620000,34.08043400 133.77663400,34.08036100 133.77682400,34.08030700 133.77693100,34.08023800 133.77709700,34.08024700 133.77715700,34.08023800 133.77719200,34.08031600 133.77726400,34.08037500 133.77756100,34.08031100 133.77770300,34.08031600 133.77813700,34.08043400 133.77830300,34.08037100 133.77852300,34.08017900 133.77868500,34.08001600 133.77866700,34.07973100 133.77863700,34.07953400 133.77865500,34.07940600 133.77872700,34.07932700 133.77904700,34.07909600 133.77922600,34.07905600 133.77936800,34.07905600 133.77961800,34.07914000 133.77976600,34.07924300 133.77996200,34.07937600 133.78017000,34.07939100 133.78042600,34.07935700 133.78093100,34.07935700 133.78108000,34.07944500 133.78123400,34.07961800 133.78133500,34.07970600 133.78140000,34.07976000 133.78158500,34.08007100 133.78171000,34.08014800 133.78213400,34.08031300 133.78225900,34.08035200 133.78243000,34.08036000 133.78260100,34.08030100 133.78281500,34.08002700 133.78297900,34.07999400 133.78321100,34.07999700 133.78347800,34.08007400 133.78364900,34.08007100 133.78376000,34.08002100 133.78382500,34.07992600 133.78385700,34.07976300 133.78401400,34.07972200 133.78431700,34.07970700 133.78451300,34.07966600 133.78476600,34.07971900 133.78516500,34.07971600 133.78534400,34.07975700 133.78546800,34.07976300 133.78557900,34.07972200 133.78558600,34.07967500 133.78560000,34.07948000 133.78558300,34.07909600 133.78543300,34.07889500 133.78539000,34.07877700 133.78577900,34.07874800 133.78598500,34.07876600 133.78619600,34.07871900 133.78638100,34.07861500 133.78657400,34.07847100 133.78700500,34.07819000 133.78714400,34.07813700 133.78734400,34.07811000 133.78780400,34.07809800 133.78796800,34.07808400 133.78833600,34.07800100 133.78873800,34.07791200 133.78922000,34.07791500 133.78959800,34.07800400 133.78985400,34.07819000 133.79001100,34.07826100 133.79054600,34.07825500 133.79088200,34.07823700 133.79112400,34.07822300 133.79143100,34.07823700 133.79165200,34.07827900 133.79194100,34.07827900 133.79210500,34.07831400 133.79246500,34.07844700 133.79267200,34.07847900 133.79276800,34.07844400 133.79277800,34.07838800 133.79277500,34.07833800 133.79292500,34.07826700 133.79303500,34.07819300 133.79318900,34.07809000 133.79329500,34.07800400 133.79356300,34.07787100 133.79401200,34.07766400 133.79431000,34.07753400 133.79458100,34.07743300 133.79470200,34.07733600 133.79495900,34.07722400 133.79508400,34.07720300 133.79525500,34.07721500 133.79550100,34.07726200 133.79567600,34.07726500 133.79598200,34.07719100 133.79610700,34.07720000 133.79619600,34.07723000 133.79639900,34.07733900 133.79653500,34.07740100 133.79664200,34.07741300 133.79675600,34.07743900 133.79709100,34.07761700 133.79722300,34.07761700 133.79738800,34.07755500 133.79749800,34.07748100 133.79764100,34.07742200 133.79795400,34.07737400 133.79815800,34.07726800 133.79832500,34.07714400 133.79856800,34.07702600 133.79875300,34.07699300 133.79904500,34.07697900 133.79923100,34.07692000 133.79933800,34.07681600 133.79943800,34.07674000 133.79959800,34.07663300 133.79986200,34.07641200 133.80009400,34.07621200 133.80030000,34.07606700 133.80055700,34.07592500 133.80065300,34.07589600 133.80078900,34.07591000 133.80100600,34.07602800 133.80115200,34.07614400 133.80130500,34.07622900 133.80136900,34.07620300 133.80131600,34.07608800 133.80126200,34.07598400 133.80114800,34.07585400 133.80062100,34.07559700 133.80050600,34.07559100 133.80015000,34.07577400 133.80005000,34.07577700 133.80001400,34.07574800 133.79999700,34.07548800 133.79997900,34.07523400 133.80000000,34.07513100 133.80031000,34.07497100 133.80039200,34.07492100 133.80047400,34.07478500 133.80050300,34.07474700 133.80047800,34.07424200 133.80050600,34.07414200 133.80064200,34.07393800 133.80069900,34.07382000 133.80069500,34.07373200 133.80056000,34.07344200 133.80055600,34.07332700 133.80064200,34.07327700 133.80094800,34.07318800 133.80108400,34.07306100 133.80114800,34.07295700 133.80120900,34.07275600 133.80140500,34.07255900 133.80151500,34.07240800 133.80154700,34.07226300 133.80159700,34.07194400 133.80189300,34.07151900 133.80188300,34.07141300 133.80181100,34.07131500 133.80155500,34.07125400 133.80136600,34.07117700 133.80121600,34.07102900 133.80112700,34.07095000 133.80076000,34.07077800 133.80068800,34.07070200 133.80063500,34.07051600 133.80074900,34.07053300 133.80125900,34.07066900 133.80156500,34.07076100 133.80174000,34.07079600 133.80204700,34.07080500 133.80217100,34.07077800 133.80237100,34.07077000 133.80248600,34.07079000 133.80268500,34.07087600 133.80321700,34.07114500 133.80338100,34.07118900 133.80362700,34.07121200 133.80394000,34.07128000 133.80415800,34.07138400 133.80430400,34.07157900 133.80407200,34.07153400 133.80399400,34.07159300 133.80394800,34.07168500 133.80395800,34.07191900 133.80398300,34.07200500 133.80417600,34.07223800 133.80430400,34.07230300 133.80446400,34.07235000 133.80473200,34.07247100 133.80500300,34.07273100 133.80528400,34.07285200 133.80545200,34.07297300 133.80569400,34.07322400 133.80597300,34.07334800 133.80605100,34.07342400 133.80614000,34.07352800 133.80618300,34.07367000 133.80619000,34.07392300 133.80625400,34.07398600 133.80636500,34.07398800 133.80650000,34.07392300 133.80662500,34.07387000 133.80676800,34.07387300 133.80692100,34.07393500 133.80753400,34.07436400 133.80779100,34.07446700 133.80799800,34.07458800 133.80832200,34.07486300 133.80837200,34.07496300 133.80837600,34.07519300 133.80828600,34.07562400 133.80834300,34.07565700 133.80840400,34.07565700 133.80860400,34.07560700 133.80875400,34.07561300 133.80894300,34.07565400 133.80905400,34.07565700 133.80938200,34.07556500 133.80961700,34.07556500 133.80982400,34.07563600 133.81009100,34.07579600 133.81040100,34.07600200 133.81054700,34.07605900 133.81064000,34.07604700 133.81069400,34.07600500 133.81060100,34.07590200 133.80952400,34.07532300 133.80919600,34.07537600 133.80903200,34.07538200 133.80882900,34.07534400 133.80876800,34.07527300 133.80876800,34.07522600 133.80881500,34.07510800 133.80881800,34.07500100 133.80854700,34.07466200 133.80828700,34.07439600 133.80808700,34.07426100 133.80795200,34.07420200 133.80778400,34.07411600 133.80770600,34.07402200 133.80770600,34.07392400 133.80776700,34.07383300 133.80786300,34.07383000 133.80802000,34.07390000 133.80829100,34.07411300 133.80900700,34.07471600 133.80916800,34.07488400 133.80920000,34.07502200 133.80928500,34.07507200 133.80951000,34.07507800 133.80973800,34.07509600 133.80997300,34.07517600 133.81051200,34.07548900 133.81081500,34.07559200 133.81103600,34.07570700 133.81123900,34.07587800 133.81134200,34.07600800 133.81147100,34.07631500 133.81164600,34.07655600 133.81173100,34.07672500 133.81179900,34.07703800 133.81201300,34.07741600 133.81213500,34.07762400 133.81219600,34.07772700 133.81220300,34.07781600 133.81217100,34.07796900 133.81201800,34.07818500 133.81202800,34.07827900 133.81210000,34.07826700 133.81236700,34.07782700 133.81235600,34.07767100 133.81231700,34.07757300 133.81217100,34.07739900 133.81205300,34.07724000 133.81197500,34.07701500 133.81193900,34.07677300 133.81196600,34.07661700
			</coordinates>
		</LineString>
	</Placemark>
	<Placemark>
		<name>SHIKOKU_KGW_04</name>
		<description>箸蔵街道をたどるみち</description>
		<styleUrl>#lineStyle0</styleUrl>
		<LineString>
			<coordinates> 133.81503600,34.11773200 133.81724600,34.11811600 133.81728200,34.11765000 133.81572900,34.11731500 133.81577700,34.11670000 133.81569900,34.11631600 133.81582400,34.11596600 133.81597900,34.11564200 133.81608000,34.11540000 133.81621000,34.11507100 133.81641200,34.11494300 133.81656700,34.11478100 133.81672100,34.11435300 133.81670900,34.11420000 133.81665600,34.11377200 133.81664400,34.11360500 133.81659100,34.11313200 133.81653700,34.11272300 133.81639400,34.11235400 133.81634100,34.11220700 133.81627600,34.11217700 133.81621000,34.11227100 133.81615700,34.11241300 133.81603200,34.11262500 133.81602000,34.11277200 133.81602600,34.11290000 133.81598500,34.11296900 133.81594900,34.11296400 133.81587200,34.11289100 133.81577100,34.11285100 133.81560400,34.11288100 133.81552100,34.11278700 133.81551500,34.11266900 133.81560400,34.11241300 133.81557400,34.11229000 133.81544400,34.11211300 133.81509900,34.11176900 133.81504000,34.11147400 133.81497400,34.11112900 133.81496800,34.11082900 133.81492100,34.11069100 133.81481400,34.11053400 133.81464800,34.11033200 133.81455200,34.11016500 133.81445700,34.10992800 133.81445700,34.10970600 133.81451100,34.10948500 133.81480800,34.10904200 133.81480800,34.10895400 133.81470700,34.10857500 133.81457600,34.10805800 133.81441000,34.10732500 133.81446900,34.10708400 133.81452300,34.10706000 133.81463600,34.10699600 133.81475500,34.10704000 133.81490300,34.10711400 133.81506300,34.10723700 133.81515900,34.10730100 133.81530100,34.10731500 133.81539600,34.10726100 133.81545000,34.10717400 133.81553900,34.10703100 133.81562800,34.10693300 133.81579400,34.10680500 133.81591900,34.10667200 133.81599000,34.10653900 133.81600800,34.10636700 133.81597900,34.10602200 133.81577700,34.10537300 133.81577700,34.10523000 133.81581800,34.10517100 133.81589500,34.10507300 133.81598500,34.10502400 133.81612100,34.10501400 133.81624600,34.10501400 133.81642400,34.10495500 133.81652200,34.10486400 133.81662900,34.10469700 133.81669400,34.10444100 133.81677100,34.10414600 133.81684300,34.10397900 133.81700300,34.10366900 133.81708000,34.10356100 133.81721100,34.10347200 133.81750200,34.10332900 133.81761500,34.10324100 133.81772200,34.10298500 133.81775800,34.10279800 133.81768000,34.10261100 133.81766800,34.10251700 133.81772800,34.10243400 133.81785900,34.10242400 133.81806100,34.10235500 133.81834000,34.10211900 133.81839900,34.10202000 133.81853000,34.10169600 133.81893400,34.10095800 133.81931400,34.10039700 133.81974200,34.09968800 133.82002700,34.09933400 133.82031300,34.09911800 133.82043100,34.09898000 133.82046700,34.09873400 133.82057400,34.09822200 133.82082400,34.09783800 133.82112100,34.09767100 133.82141800,34.09757300 133.82158400,34.09736600 133.82146500,34.09705100 133.82113300,34.09642100 133.82093100,34.09577600 133.82082400,34.09529300 133.82097800,34.09492900 133.82148900,34.09448600 133.82178600,34.09429900 133.82219000,34.09410300 133.82226200,34.09384700 133.82225000,34.09323600 133.82223800,34.09292200 133.82230900,34.09278400 133.82230900,34.09252800 133.82225000,34.09239000 133.82185800,34.09217400 133.82164400,34.09184900 133.82158400,34.09147500 133.82158400,34.09091400 133.82176200,34.09028400 133.82197600,34.08978200 133.82226200,34.08941800 133.82260600,34.08915200 133.82270100,34.08893400 133.82277300,34.08857900 133.82253500,34.08817600 133.82252300,34.08793000 133.82251100,34.08758500 133.82267800,34.08722100 133.82299800,34.08668000 133.82307000,34.08626600 133.82312900,34.08596100 133.82308200,34.08568600 133.82299800,34.08541000 133.82295100,34.08511500 133.82290300,34.08488900 133.82268900,34.08466200 133.82235700,34.08444600 133.82220200,34.08431800 133.82191700,34.08413100 133.82165600,34.08390400 133.82157200,34.08356000 133.82150100,34.08339200 133.82131100,34.08322500 133.82101400,34.08310700 133.82074000,34.08297900 133.82049100,34.08273300 133.81993200,34.08227400 133.81974200,34.08205800 133.81970700,34.08189000 133.81976600,34.08169400 133.82005100,34.08123100 133.82006300,34.08105400 133.81994400,34.08071900 133.81994400,34.08049300 133.81979000,34.08016800 133.81952800,34.07999100 133.81917200,34.07983300 133.81872000,34.07971500 133.81860100,34.07960700 133.81860100,34.07945900 133.81864900,34.07929200 133.81889800,34.07893800 133.81889800,34.07850500 133.81919600,34.07791400 133.81924300,34.07656500 133.81932600,34.07626800 133.81939800,34.07578600 133.81920700,34.07529400 133.81908900,34.07499800 133.81911200,34.07478200 133.81926700,34.07453600 133.81939800,34.07432900 133.81976600,34.07417100 133.82001600,34.07398400 133.82000400,34.07384700 133.81982500,34.07366900 133.81958800,34.07348200 133.81913600,34.07322600 133.81876800,34.07306900 133.81809000,34.07256700 133.81782900,34.07240000 133.81756700,34.07243900 133.81740100,34.07254700 133.81719900,34.07291100 133.81705600,34.07314800 133.81683300,34.07324600 133.81640500,34.07338400 133.81607200,34.07357100 133.81585900,34.07373800 133.81533600,34.07404300 133.81496700,34.07432900 133.81459900,34.07457500 133.81432600,34.07486100 133.81408800,34.07504800 133.81394500,34.07504800 133.81382600,34.07491000 133.81364800,34.07463400 133.81355300,34.07449600 133.81329200,34.07444700 133.81305400,34.07445700 133.81280400,34.07446700 133.81251900,34.07425000 133.81224600,34.07401400 133.81210300,34.07377800 133.81197200,34.07358100 133.81175900,34.07345300 133.81130700,34.07337400 133.81085500,34.07336400 133.81038000,34.07336400 133.81014200,34.07344300 133.80997600,34.07348200 133.80976200,34.07341300 133.80937000,34.07325600 133.80901300,34.07296100 133.80885900,34.07296100 133.80870400,34.07288200 133.80859700,34.07286200 133.80837200,34.07281300 133.80814600,34.07277400 133.80787200,34.07265600 133.80764700,34.07267500 133.80745700,34.07267500 133.80736100,34.07267500 133.80714800,34.07258700 133.80705200,34.07250800 133.80682700,34.07240000 133.80670800,34.07239000 133.80656500,34.07245900 133.80636300,34.07246800 133.80620900,34.07231100 133.80604200,34.07221300 133.80565000,34.07204500 133.80535300,34.07192700 133.80485400,34.07189800 133.80460400,34.07179900 133.80448600,34.07174000 133.80430400,34.07157900 133.80407200,34.07153400 133.80399400,34.07159300 133.80394800,34.07168500 133.80395800,34.07191900 133.80398300,34.07200500 133.80417600,34.07223800 133.80430400,34.07230300 133.80446400,34.07235000 133.80473200,34.07247100 133.80500300,34.07273100 133.80528400,34.07285200 133.80545200,34.07297300 133.80569400,34.07322400 133.80597300,34.07334800 133.80605100,34.07342400 133.80614000,34.07352800 133.80618300,34.07367000 133.80619000,34.07392300 133.80625400,34.07398600 133.80636500,34.07398800 133.80650000,34.07392300 133.80662500,34.07387000 133.80676800,34.07387300 133.80692100,34.07393500 133.80753400,34.07436400 133.80779100,34.07446700 133.80799800,34.07458800 133.80832200,34.07486300 133.80837200,34.07496300 133.80837600,34.07519300 133.80828600,34.07562400 133.80834300,34.07565700 133.80840400,34.07565700 133.80860400,34.07560700 133.80875400,34.07561300 133.80894300,34.07565400 133.80905400,34.07565700 133.80938200,34.07556500 133.80961700,34.07556500 133.80982400,34.07563600 133.81009100,34.07579600 133.81040100,34.07600200 133.81054700,34.07605900 133.81064000,34.07604700 133.81069400,34.07600500 133.81060100,34.07590200 133.80952400,34.07532300 133.80919600,34.07537600 133.80903200,34.07538200 133.80882900,34.07534400 133.80876800,34.07527300 133.80876800,34.07522600 133.80881500,34.07510800 133.80881800,34.07500100 133.80854700,34.07466200 133.80828700,34.07439600 133.80808700,34.07426100 133.80795200,34.07420200 133.80778400,34.07411600 133.80770600,34.07402200 133.80770600,34.07392400 133.80776700,34.07383300 133.80786300,34.07383000 133.80802000,34.07390000 133.80829100,34.07411300 133.80900700,34.07471600 133.80916800,34.07488400 133.80920000,34.07502200 133.80928500,34.07507200 133.80951000,34.07507800 133.80973800,34.07509600 133.80997300,34.07517600 133.81051200,34.07548900 133.81081500,34.07559200 133.81103600,34.07570700 133.81123900,34.07587800 133.81134200,34.07600800 133.81147100,34.07631500 133.81164600,34.07655600 133.81173100,34.07672500 133.81179900,34.07703800 133.81201300,34.07741600 133.81213500,34.07762400 133.81219600,34.07772700 133.81220300,34.07781600 133.81217100,34.07796900 133.81201800,34.07818500 133.81202800,34.07827900 133.81210000,34.07826700 133.81236700,34.07782700 133.81235600,34.07767100 133.81231700,34.07757300 133.81217100,34.07739900 133.81205300,34.07724000 133.81197500,34.07701500 133.81193900,34.07677300 133.81196600,34.07661700
			</coordinates>
		</LineString>
	</Placemark>
	<Placemark>
		<name>SHIKOKU_KGW_05</name>
		<description>土の香りとお茶のみち</description>
		<styleUrl>#lineStyle0</styleUrl>
		<LineString>
			<coordinates> 133.81503600,34.11773200 133.81724600,34.11811600 133.81735300,34.11841700 133.81752400,34.11851900 133.81755500,34.11887800 133.81756400,34.11902700 133.81728900,34.11915300 133.81720300,34.11925500 133.81728900,34.11933400 133.81816300,34.11932600 133.81862900,34.11937300 133.81960800,34.11935000 133.81987500,34.11938100 133.82014100,34.11970400 133.82029300,34.12012900 133.82037800,34.12039700 133.82084400,34.12035700 133.82125300,34.12032600 133.82129100,34.12053000 133.82123400,34.12076600 133.82099600,34.12095500 133.82086300,34.12144300 133.82115800,34.12134100 133.82173800,34.12142000 133.82208000,34.12147500 133.82225100,34.12131000 133.82239400,34.12127800 133.82254600,34.12131700 133.82270800,34.12150600 133.82266000,34.12171900 133.82263200,34.12193100 133.82273600,34.12208900 133.82286900,34.12211200 133.82330700,34.12192300 133.82353500,34.12188400 133.82377300,34.12193900 133.82393400,34.12202600 133.82424800,34.12186800 133.82449500,34.12175800 133.82470400,34.12172700 133.82504700,34.12185300 133.82528400,34.12194700 133.82559800,34.12215200 133.82584500,34.12237200 133.82600700,34.12247400 133.82637800,34.12259200 133.82672000,34.12284400 133.82736600,34.12320600 133.82782300,34.12347400 133.82804100,34.12362300 133.82812700,34.12377300 133.82819300,34.12402500 133.82825000,34.12435500 133.82830700,34.12482800 133.82840300,34.12531600 133.82836500,34.12568500 133.82831700,34.12599100 133.82839300,34.12625100 133.82839300,34.12640800 133.82836500,34.12663600 133.82840300,34.12695900 133.82853600,34.12749400 133.82868800,34.12776900 133.82866900,34.12836800 133.82861200,34.12849300 133.82841200,34.12861900 133.82808900,34.12879300 133.82786100,34.12898900 133.82763200,34.12922500 133.82749900,34.12934300 133.82726200,34.12946900 133.82705300,34.12959500 133.82688100,34.12996500 133.82643500,34.13087300 133.82621600,34.13123500 133.82583600,34.13170700 133.82579800,34.13188100 133.82582600,34.13204600 133.82595000,34.13223500 133.82620600,34.13245500 133.82652000,34.13275400 133.82667200,34.13298200 133.82668200,34.13365900 133.82720500,34.13366700 133.82620600,34.13478800 133.82769000,34.13505500 133.82882100,34.13526000 133.82921100,34.13537000 133.82935300,34.13558200 133.83003800,34.13544100 133.82926800,34.13675500 133.82925800,34.13690400 133.82927700,34.13783900 133.82904900,34.13828000 133.83141600,34.13873600 133.83216700,34.13845300 133.83267100,34.13830300 133.83346000,34.13815400 133.83401000,34.13821700 133.83467500,34.13828800 133.83556000,34.13838200 133.83603500,34.13840600 133.83684300,34.13861800 133.83771800,34.13890900 133.83779400,34.13903500 133.83781300,34.13996400 133.83784100,34.14037300 133.83792700,34.14067200 133.83803100,34.14082200 133.83839300,34.14100200 133.83893500,34.14103400 133.83952400,34.14108100 133.84020900,34.14134100 133.84074100,34.14153800 133.84101700,34.14157700 133.84187200,34.14146700 133.84254700,34.14133300 133.84322200,34.14167100 133.84370700,34.14188400 133.84389400,34.14224100 133.84398900,34.14232000 133.84418800,34.14236700 133.84439700,34.14234300 133.84510100,34.14224900 133.84580500,34.14237500 133.84751600,34.14269700 133.84788700,34.14270500 133.84717400,34.14285500 133.84701200,34.14294900 133.84633700,34.14365000 133.84628900,34.14383000 133.84640300,34.14418500 133.84606100,34.14479000 133.84642200,34.14499500 133.84686900,34.14524700 133.84701200,34.14535700 133.84701200,34.14552200 133.84672700,34.14561500 133.84564300,34.14600800 133.84505300,34.14624400 133.84474900,34.14635500 133.84384600,34.14681900 133.84377900,34.14692900 133.84376000,34.14709400 133.84397000,34.14740900 133.84407400,34.14761400 133.84401700,34.14773200 133.84297100,34.14859700 133.84338000,34.14934400 133.84339000,34.15007600 133.84406500,34.15005300 133.84422600,34.15008400 133.84438800,34.15017100 133.84472100,34.15049500 133.84515800,34.15062100 133.84610900,34.15073900 133.84697400,34.15121900 133.84963600,34.15183200 133.84950300,34.15220200 133.84949300,34.15237500 133.84949300,34.15260300 133.84915100,34.15360300 133.84879900,34.15462500 133.84860900,34.15484600 133.84977900,34.15518400 133.85040600,34.15537000
			</coordinates>
		</LineString>
	</Placemark>
	<Placemark>
		<name>SHIKOKU_KGW_06</name>
		<description>満濃池とカリンのみち</description>
		<styleUrl>#lineStyle0</styleUrl>
		<LineString>
			<coordinates> 133.85040600,34.15537000 133.85119500,34.15544800 133.85249800,34.15554300 133.85404700,34.15587300 133.85457000,34.15594400 133.85544500,34.15595200 133.85642400,34.15605400 133.85705200,34.15616400 133.85835400,34.15686400 133.85857300,34.15727300 133.85865800,34.15798900 133.85943800,34.15916200 133.85962400,34.15916900 133.85987100,34.15909100 133.85997600,34.15892600 133.86004200,34.15874500 133.86009000,34.15869000 133.86014700,34.15854000 133.86025200,34.15840600 133.86087000,34.15847700 133.86114500,34.15837500 133.86142100,34.15826500 133.86145000,34.15801300 133.86165900,34.15782400 133.86190600,34.15771400 133.86219100,34.15780100 133.86241900,34.15798100 133.86270400,34.15781600 133.86303700,34.15755700 133.86470100,34.15640800 133.86483400,34.15638400 133.86471100,34.15663600 133.86460600,34.15675400 133.86442500,34.15703700 133.86439700,34.15736000 133.86427300,34.15747800 133.86386400,34.15759600 133.86369300,34.15769800 133.86311300,34.15857900 133.86282800,34.15872900 133.86249500,34.15887800 133.86241000,34.15901200 133.86241000,34.15919300 133.86246700,34.15933500 133.86262800,34.15943700 133.86277100,34.15945300 133.86295200,34.15950000 133.86311300,34.15978300 133.86291400,34.15989300 133.86242900,34.16048300 133.86178200,34.16132700 133.86217200,34.16159400 133.86248600,34.16195600 133.86242900,34.16273500 133.86236200,34.16305700 133.86248600,34.16327700 133.86264700,34.16340300 133.86295200,34.16341900 133.86321800,34.16337200 133.86355100,34.16341900 133.86375000,34.16352100 133.86399700,34.16377300 133.86433000,34.16402500 133.86463400,34.16411900 133.86479600,34.16408800 133.86485300,34.16403300 133.86506200,34.16409600 133.86511900,34.16422900 133.86510000,34.16441800 133.86560400,34.16471700 133.86597500,34.16519700 133.86605100,34.16555100 133.86612700,34.16577100 133.86621300,34.16581000 133.86657400,34.16581000 133.86685900,34.16585600 133.86692600,34.16589500 133.86699200,34.16616300 133.86710600,34.16624900 133.86734400,34.16636000 133.86749600,34.16647000 133.86760100,34.16661900 133.86782900,34.16658000 133.86799000,34.16658000 133.86836100,34.16671400 133.86882700,34.16672100 133.86953100,34.16658000 133.86970200,34.16660300 133.86978700,34.16669000 133.86992000,34.16693400 133.87010100,34.16697300 133.87027200,34.16691000 133.87061400,34.16643000 133.87071900,34.16641500 133.87099500,34.16645400 133.87123200,34.16629700 133.87146100,34.16622600 133.87167000,34.16620200 133.87186000,34.16634400 133.87177400,34.16651700 133.87168900,34.16700500 133.87158400,34.16777500 133.87137500,34.16826300 133.87089000,34.16886900 133.87060500,34.16924600 133.87031000,34.16937200 133.86999700,34.16953900 133.86982500,34.16993200 133.86965400,34.17012100 133.86961600,34.17033400 133.86951200,34.17044400 133.86934100,34.17053800 133.86887500,34.17053800 133.86826600,34.17073500 133.86770500,34.17102600 133.86751500,34.17128500 133.86705900,34.17152100 133.86700200,34.17174200 133.86716300,34.17186700 133.86737300,34.17181200 133.86753400,34.17176500 133.86780000,34.17178100 133.86810500,34.17171800 133.86837100,34.17174200 133.86879900,34.17159200 133.86903600,34.17158400 133.86929300,34.17149000 133.86995800,34.17143500 133.87008200,34.17145800 133.87039600,34.17145800 133.87061400,34.17151300 133.87084300,34.17206400 133.87109900,34.17247300 133.87139400,34.17252800 133.87167900,34.17274800 133.87213600,34.17289800 133.87242100,34.17310200 133.87276300,34.17348800 133.87335300,34.17414800 133.87381800,34.17469900 133.87397100,34.17505800 133.87421800,34.17612700 133.87437900,34.17649700 133.87467400,34.17693000 133.87530200,34.17755900 133.87563400,34.17777800 133.87633800,34.17788000 133.87692700,34.17788000 133.87703200,34.17772300 133.87722200,34.17742400 133.87739300,34.17732100 133.87770700,34.17710900 133.87798300,34.17696700 133.87821100,34.17703800 133.87870500,34.17716400 133.87892400,34.17724300 133.87903800,34.17740000 133.87914200,34.17757300 133.87940900,34.17766000 133.87933300,34.17786400 133.87942800,34.17815500 133.87943700,34.17848500 133.87945600,34.17861900 133.87950400,34.17874500 133.87970300,34.17895700 133.88008400,34.17958700 133.88071100,34.18064800 133.88016900,34.18119100
			</coordinates>
		</LineString>
	</Placemark>
	<Placemark>
		<name>SHIKOKU_KGW_07</name>
		<description>修験道と峠のみち</description>
		<styleUrl>#lineStyle0</styleUrl>
		<LineString>
			<coordinates> 133.88016900,34.18119100 133.88118600,34.18204800 133.88190000,34.18252300 133.88278400,34.18340400 133.88498000,34.18465500 133.88603500,34.18486700 133.88603500,34.18504000 133.88607300,34.18513400 133.88633900,34.18518200 133.88662500,34.18522900 133.88689100,34.18536200 133.88699500,34.18552800 133.88711900,34.18565200 133.88728100,34.18584900 133.88734700,34.18600600 133.88741400,34.18614000 133.88755600,34.18625700 133.88774600,34.18636800 133.88800300,34.18642300 133.88827900,34.18656400 133.88845000,34.18670600 133.88857400,34.18691800 133.88872600,34.18711500 133.88902000,34.18724100 133.88922000,34.18735100 133.88938200,34.18750800 133.88956200,34.18765700 133.88967600,34.18783000 133.89003800,34.18810600 133.89028500,34.18793300 133.89148300,34.18899400 133.89230000,34.18922200 133.89268100,34.18953700 133.89302300,34.18965500 133.89319400,34.18974100 133.89327000,34.18987500 133.89325100,34.19003200 133.89319400,34.19015000 133.89301300,34.19025400 133.89291800,34.19032500 133.89290900,34.19043500 133.89300400,34.19099300 133.89315600,34.19121400 133.89317500,34.19133900 133.89313700,34.19152000 133.89301300,34.19181900 133.89290900,34.19212600 133.89274700,34.19300700 133.89279500,34.19318000 133.89302300,34.19362000 133.89308900,34.19391900 133.89301300,34.19416300 133.89296600,34.19425700 133.89279500,34.19440600 133.89251900,34.19451600 133.89237600,34.19465000 133.89234800,34.19499600 133.89234800,34.19544000 133.89239500,34.19580100 133.89261400,34.19629700 133.89271900,34.19690200 133.89275700,34.19713000 133.89290900,34.19735000 133.89307000,34.19756300 133.89306100,34.19853000 133.89333700,34.19861500 133.89348900,34.19910200 133.89347900,34.19944000 133.89362200,34.19972400 133.89391700,34.20026600 133.89401200,34.20058900 133.89420200,34.20094200 133.89494300,34.20064400 133.89492400,34.20048600 133.89496200,34.20018800 133.89510500,34.20014000 133.89521000,34.19968400 133.89568500,34.19973100 133.89568500,34.19951900 133.89623600,34.19922000 133.89639800,34.19922000 133.89647400,34.19917300 133.89649300,34.19914200 133.89633100,34.19897700 133.89646500,34.19884300 133.89627400,34.19881900 133.89621700,34.19871700 133.89624600,34.19854400 133.89651200,34.19819800 133.89649300,34.19804100 133.89636000,34.19790700 133.89633100,34.19730800 133.89640700,34.19722900 133.89642600,34.19713500 133.89627400,34.19691500 133.89657900,34.19701700 133.89680700,34.19713500 133.89720600,34.19759100 133.89735800,34.19782700 133.89753900,34.19798400 133.89829900,34.19809400 133.89851800,34.19804700 133.89887000,34.19797600 133.89907000,34.19792100 133.89922200,34.19793700 133.89931700,34.19802400 133.89940200,34.19820400 133.89957300,34.19847300 133.89957300,34.19867000 133.89940200,34.19879600 133.89933600,34.19892900 133.89935500,34.19912600 133.89982100,34.19988100 133.90013400,34.19996700 133.90030500,34.20004600 133.90033400,34.20015600 133.90030500,34.20028200 133.90021000,34.20043100 133.90021000,34.20055700 133.90073300,34.20135900 133.90073300,34.20146100 133.90061000,34.20161900 133.90059100,34.20176800 133.90067600,34.20187000 133.90080000,34.20194900 133.90155100,34.20220800 133.90177900,34.20224800 133.90239700,34.20205900 133.90370700,34.20176000 133.90388800,34.20146100 133.90466700,34.20102900 133.90478100,34.20080100 133.90486700,34.20051800 133.90504800,34.20032100 133.90605500,34.19963700 133.90627400,34.19959800 133.90612200,34.19999100 133.90615000,34.20018000 133.90662600,34.20076200 133.90655900,34.20096600 133.90627400,34.20146100 133.90598900,34.20168100 133.90550400,34.20187800 133.90527600,34.20198000 133.90519000,34.20210600 133.90529500,34.20219300 133.90544700,34.20218500 133.90586500,34.20203500 133.90637900,34.20201200 133.90668300,34.20265700 133.90692100,34.20286100 133.90704400,34.20308100 133.90701600,34.20334200 133.90696800,34.20362500 133.90701600,34.20398700 133.90717700,34.20439600 133.90742400,34.20472600 133.90786200,34.20500900 133.90860300,34.20526100 133.90924000,34.20562200 133.90964000,34.20582700 133.90987700,34.20588200 133.91033400,34.20589000 133.91073300,34.20587400 133.91100900,34.20588200 133.91158900,34.20609400 133.91245400,34.20602300 133.91392000,34.20587400 133.91424300,34.20590500 133.91442400,34.20612600 133.91453800,34.20637700 133.91469000,34.20674700 133.91486100,34.20691200 133.91536500,34.20695900 133.91575500,34.20698300 133.91628700,34.20710800 133.91650600,34.20714800 133.91675300,34.20709300 133.91740900,34.20681000 133.91775100,34.20666000 133.91803600,34.20657400 133.91830300,34.20653400 133.91855900,34.20650300 133.91887300,34.20647900 133.91897800,34.20651100 133.91904400,34.20665200 133.91906300,34.20691200 133.91940500,34.20734400 133.91960800,34.20755000 133.91979700,34.20728900 133.92002600,34.20685600 133.92006400,34.20669900 133.91992100,34.20644000 133.91991100,34.20623500 133.91996900,34.20607000 133.92004500,34.20577900 133.92003500,34.20543300 133.92007300,34.20533100 133.92028200,34.20517400 133.92052900,34.20489100 133.92072900,34.20465500 133.92086200,34.20452900 133.92101400,34.20447400 133.92115700,34.20440300 133.92123300,34.20411200 133.92130900,34.20398600 133.92172700,34.20341200 133.92183200,34.20321600 133.92187000,34.20305100 133.92215500,34.20282700 133.92225000,34.20274900 133.92240200,34.20252900 133.92255400,34.20237900 133.92275400,34.20225300 133.92283000,34.20214300 133.92281100,34.20190000 133.92300100,34.20173400 133.92351500,34.20130200 133.92397100,34.20104200 133.92424700,34.20099500 133.92431300,34.20090900 133.92454100,34.20072000 133.92479800,34.20057100 133.92500700,34.20054700 133.92522600,34.20066500 133.92561600,34.19989400 133.92677600,34.20025600 133.92755500,34.20030300 133.92785000,34.20021700 133.92865000,34.20022500 133.92921100,34.20028000 133.92940200,34.20024800 133.92972500,34.20014600 133.93009600,34.19994200 133.93024800,34.19983200 133.93044700,34.19946200 133.93098000,34.19947000 133.93116000,34.19940700 133.93128400,34.19936800 133.93146500,34.19950900 133.93169300,34.19958000 133.93214900,34.19949300 133.93233900,34.19944600 133.93263400,34.19954100 133.93272000,34.19978400 133.93291900,34.19988700 133.93300500,34.19997300 133.93374600,34.19969000 133.93389800,34.19973700 133.93405100,34.19985500 133.93456400,34.19983200 133.93466900,34.19987900 133.93491600,34.19965900 133.93521000,34.19928100 133.93519100,34.19910000 133.93518200,34.19891200 133.93517200,34.19880100 133.93524800,34.19866800 133.93550500,34.19861300 133.93568600,34.19871500 133.93579000,34.19893500 133.93590400,34.19917900 133.93615200,34.19946200 133.93626600,34.19971400 133.93623700,34.19992600 133.93619000,34.20011500 133.93629400,34.20029600 133.93639900,34.20035800 133.93657900,34.20061800 133.93678900,34.20069000 133.93683600,34.20082400 133.93684600,34.20094200 133.93682700,34.20106800 133.93686500,34.20112300 133.93713100,34.20113800 133.93770100,34.20120100 133.93815800,34.20132700 133.93844300,34.20125600 133.93874700,34.20125600 133.93889000,34.20132700 133.93889000,34.20150000 133.93892800,34.20166500 133.93903200,34.20200300 133.93919000,34.20223100 133.93942800,34.20241200 133.93981800,34.20211300 133.93997900,34.20190100 133.94015000,34.20172000 133.94061600,34.20146100 133.94105400,34.20132700 133.94181400,34.20152400 133.94207100,34.20128800 133.94228000,34.20122500 133.94266000,34.20134300 133.94283100,34.20122500 133.94294500,34.20085500 133.94303100,34.20050900 133.94317400,34.20043100 133.94345900,34.20053300 133.94379200,34.20069800 133.94390600,34.20080000 133.94395300,34.20106800 133.94406700,34.20119300 133.94423800,34.20120100 133.94473300,34.20092600 133.94508500,34.20082400 133.94550300,34.20074500 133.94576900,34.20071400 133.94603500,34.20078500 133.94620600,34.20095000 133.94645400,34.20115400 133.94672000,34.20123300 133.94685500,34.20120100 133.94735900,34.20103600 133.94762500,34.20098100 133.94779600,34.20100500 133.94789100,34.20110700 133.94803400,34.20123300 133.94815700,34.20124900 133.94836600,34.20120900 133.94859500,34.20112300
			</coordinates>
		</LineString>
	</Placemark>
	<Placemark>
		<name>SHIKOKU_KGW_25</name>
		<description>たかんぼさんみどりのみち</description>
		<styleUrl>#lineStyle0</styleUrl>
		<LineString>
			<coordinates> 133.88016900,34.18119100 133.88118600,34.18204800 133.88190000,34.18252300 133.88278400,34.18340400 133.88498000,34.18465500 133.88603500,34.18486700 133.88603500,34.18504000 133.88607300,34.18513400 133.88633900,34.18518200 133.88662500,34.18522900 133.88689100,34.18536200 133.88699500,34.18552800 133.88711900,34.18565200 133.88728100,34.18584900 133.88734700,34.18600600 133.88741400,34.18614000 133.88755600,34.18625700 133.88774600,34.18636800 133.88800300,34.18642300 133.88827900,34.18656400 133.88845000,34.18670600 133.88857400,34.18691800 133.88872600,34.18711500 133.88902000,34.18724100 133.88922000,34.18735100 133.88938200,34.18750800 133.88956200,34.18765700 133.88967600,34.18783000 133.89003800,34.18810600 133.89028500,34.18793300 133.89148300,34.18899400 133.89230000,34.18922200 133.89268100,34.18953700 133.89302300,34.18965500 133.89319400,34.18974100 133.89327000,34.18987500 133.89325100,34.19003200 133.89319400,34.19015000 133.89301300,34.19025400 133.89291800,34.19032500 133.89290900,34.19043500 133.89300400,34.19099300 133.89315600,34.19121400 133.89317500,34.19133900 133.89313700,34.19152000 133.89301300,34.19181900 133.89290900,34.19212600 133.89274700,34.19300700 133.89279500,34.19318000 133.89302300,34.19362000 133.89308900,34.19391900 133.89301300,34.19416300 133.89296600,34.19425700 133.89279500,34.19440600 133.89251900,34.19451600 133.89237600,34.19465000 133.89234800,34.19499600 133.89234800,34.19544000 133.89239500,34.19580100 133.89261400,34.19629700 133.89271900,34.19690200 133.89275700,34.19713000 133.89290900,34.19735000 133.89307000,34.19756300 133.89306100,34.19853000 133.89333700,34.19861500 133.89348900,34.19910200 133.89347900,34.19944000 133.89362200,34.19972400 133.89391700,34.20026600 133.89401200,34.20058900 133.89420200,34.20094200 133.89494300,34.20064400 133.89492400,34.20048600 133.89496200,34.20018800 133.89510500,34.20014000 133.89521000,34.19968400 133.89568500,34.19973100 133.89568500,34.19951900 133.89623600,34.19922000 133.89639800,34.19922000 133.89647400,34.19917300 133.89649300,34.19914200 133.89633100,34.19897700 133.89646500,34.19884300 133.89627400,34.19881900 133.89621700,34.19871700 133.89624600,34.19854400 133.89651200,34.19819800 133.89649300,34.19804100 133.89636000,34.19790700 133.89633100,34.19730800 133.89640700,34.19722900 133.89642600,34.19713500 133.89627400,34.19691500 133.89657900,34.19701700 133.89680700,34.19713500 133.89720600,34.19759100 133.89735800,34.19782700 133.89753900,34.19798400 133.89829900,34.19809400 133.89851800,34.19804700 133.89887000,34.19797600 133.89907000,34.19792100 133.89922200,34.19793700 133.89931700,34.19802400 133.89940200,34.19820400 133.89957300,34.19847300 133.89957300,34.19867000 133.89940200,34.19879600 133.89933600,34.19892900 133.89935500,34.19912600 133.89982100,34.19988100 133.90013400,34.19996700 133.90030500,34.20004600 133.90033400,34.20015600 133.90030500,34.20028200 133.90021000,34.20043100 133.90021000,34.20055700 133.90073300,34.20135900 133.90073300,34.20146100 133.90061000,34.20161900 133.90059100,34.20176800 133.90067600,34.20187000 133.90080000,34.20194900 133.90155100,34.20220800 133.90177900,34.20224800 133.90239700,34.20205900 133.90370700,34.20176000 133.90388800,34.20146100 133.90466700,34.20102900 133.90478100,34.20080100 133.90486700,34.20051800 133.90504800,34.20032100 133.90605500,34.19963700 133.90627400,34.19959800 133.90612200,34.19999100 133.90615000,34.20018000 133.90662600,34.20076200 133.90655900,34.20096600 133.90627400,34.20146100 133.90598900,34.20168100 133.90550400,34.20187800 133.90527600,34.20198000 133.90519000,34.20210600 133.90529500,34.20219300 133.90544700,34.20218500 133.90586500,34.20203500 133.90637900,34.20201200 133.90668300,34.20265700 133.90692100,34.20286100 133.90704400,34.20308100 133.90701600,34.20334200 133.90696800,34.20362500 133.90701600,34.20398700 133.90717700,34.20439600 133.90742400,34.20472600 133.90786200,34.20500900 133.90860300,34.20526100 133.90924000,34.20562200 133.90964000,34.20582700 133.90987700,34.20588200 133.91033400,34.20589000 133.91073300,34.20587400 133.91100900,34.20588200 133.91158900,34.20609400 133.91245400,34.20602300 133.91392000,34.20587400 133.91424300,34.20590500 133.91442400,34.20612600 133.91453800,34.20637700 133.91469000,34.20674700 133.91486100,34.20691200 133.91536500,34.20695900 133.91575500,34.20698300 133.91628700,34.20710800 133.91650600,34.20714800 133.91675300,34.20709300 133.91740900,34.20681000 133.91775100,34.20666000 133.91803600,34.20657400 133.91830300,34.20653400 133.91855900,34.20650300 133.91887300,34.20647900 133.91897800,34.20651100 133.91904400,34.20665200 133.91906300,34.20691200 133.91940500,34.20734400 133.91960800,34.20755000 133.91970000,34.20764300 133.91988100,34.20789500 133.91994700,34.20810700 133.91999500,34.20850800 133.92009900,34.20880700 133.92029900,34.20909000 133.92064100,34.20948300 133.92083100,34.20985200 133.92101200,34.21036300 133.92142100,34.21127500 133.92182000,34.21205200 133.92216200,34.21237500 133.92241900,34.21258700 133.92258600,34.21293300 133.92272000,34.21343600 133.92275800,34.21378200 133.92267200,34.21425400 133.92283400,34.21507900 133.92295700,34.21572400 133.92318500,34.21640900 133.92323300,34.21652700 133.92345200,34.21663700 133.92336600,34.21674700 133.92320400,34.21692000 133.92310900,34.21710100 133.92305200,34.21725000 133.92299500,34.21734500 133.92285300,34.21744700 133.92266300,34.21745500 133.92225400,34.21745500 133.92232000,34.21780100 133.92274800,34.21914500 133.92272000,34.21928700 133.92243400,34.21966400 133.92239700,34.21981000 133.92238000,34.22026200 133.92231400,34.22042900 133.92224900,34.22049800 133.92205300,34.22054200 133.92189800,34.22071900 133.92193400,34.22096900 133.92185100,34.22140700 133.92176200,34.22194700 133.92177400,34.22244300 133.92191000,34.22317200 133.92192200,34.22352500 133.92197600,34.22365300 133.92202900,34.22389900 133.92210600,34.22420800 133.92210000,34.22438500 133.92201700,34.22450300 133.92175600,34.22479300 133.92160100,34.22500900 133.92156000,34.22512700 133.92129300,34.22543200 133.92129300,34.22554900 133.92137900,34.22570300 133.92140700,34.22603300 133.92127900,34.22629200 133.92125100,34.22662200 133.92125100,34.22691700 133.92123600,34.22782500 133.92109400,34.22835600 133.92095100,34.22894500 133.92085100,34.22928700 133.92085100,34.22947800 133.92096500,34.22974900 133.92106500,34.23008000 133.92117900,34.23051600 133.92113700,34.23088100 133.92102200,34.23140000 133.92120200,34.23193800 133.92240000,34.23318800 133.92508100,34.23248900 133.92619300,34.23215900 133.92704900,34.23278000 133.92742000,34.23358900 133.92776800,34.23470400 133.92811000,34.23582000 133.92860400,34.23644900 133.92914600,34.23650400 133.92899400,34.23676300 133.92854700,34.23684900 133.92841400,34.23692800 133.92822400,34.23768300 133.92770100,34.23777700 133.92721600,34.23776100 133.92700700,34.23778500 133.92631300,34.23783200 133.92591400,34.23776100 133.92491600,34.23736800 133.92370800,34.23689700 133.92345200,34.23692000 133.92139600,34.23784000 133.92111100,34.23798900 133.92087300,34.23804400 133.92032200,34.23809100 133.91844900,34.23898700 133.91786900,34.23912900 133.91712700,34.23921500 133.91652800,34.23938000 133.91674700,34.24049000 133.91676600,34.24126800 133.91671900,34.24189700 133.91674700,34.24291100 133.91698500,34.24376700 133.91765000,34.24409000 133.91793500,34.24420000 133.91803100,34.24428600 133.91821100,34.24537700 133.91841100,34.24646100 133.91863900,34.24760100 133.91883900,34.24848900 133.91898100,34.24894900
			</coordinates>
		</LineString>
	</Placemark>
	<Placemark>
		<name>SHIKOKU_KGW_26</name>
		<description>やまびこのみち</description>
		<styleUrl>#lineStyle0</styleUrl>
		<LineString>
			<coordinates> 133.94859500,34.20112300 133.94836600,34.20120900 133.94815700,34.20124900 133.94803400,34.20123300 133.94789100,34.20110700 133.94779600,34.20100500 133.94762500,34.20098100 133.94735900,34.20103600 133.94685500,34.20120100 133.94672000,34.20123300 133.94645400,34.20115400 133.94620600,34.20095000 133.94603500,34.20078500 133.94576900,34.20071400 133.94550300,34.20074500 133.94508500,34.20082400 133.94473300,34.20092600 133.94423800,34.20120100 133.94406700,34.20119300 133.94395300,34.20106800 133.94390600,34.20080000 133.94379200,34.20069800 133.94345900,34.20053300 133.94317400,34.20043100 133.94303100,34.20050900 133.94294500,34.20085500 133.94283100,34.20122500 133.94266000,34.20134300 133.94228000,34.20122500 133.94207100,34.20128800 133.94181400,34.20152400 133.94105400,34.20132700 133.94061600,34.20146100 133.94015000,34.20172000 133.93997900,34.20190100 133.93981800,34.20211300 133.93942800,34.20241200 133.93919000,34.20223100 133.93903200,34.20200300 133.93892800,34.20166500 133.93889000,34.20150000 133.93889000,34.20132700 133.93874700,34.20125600 133.93844300,34.20125600 133.93815800,34.20132700 133.93770100,34.20120100 133.93713100,34.20113800 133.93686500,34.20112300 133.93682700,34.20106800 133.93684600,34.20094200 133.93683600,34.20082400 133.93678900,34.20069000 133.93657900,34.20061800 133.93639900,34.20035800 133.93629400,34.20029600 133.93619000,34.20011500 133.93623700,34.19992600 133.93626600,34.19971400 133.93615200,34.19946200 133.93590400,34.19917900 133.93579000,34.19893500 133.93568600,34.19871500 133.93550500,34.19861300 133.93524800,34.19866800 133.93517200,34.19880100 133.93518200,34.19891200 133.93519100,34.19910000 133.93521000,34.19928100 133.93491600,34.19965900 133.93466900,34.19987900 133.93456400,34.19983200 133.93405100,34.19985500 133.93389800,34.19973700 133.93374600,34.19969000 133.93300500,34.19997300 133.93291900,34.19988700 133.93272000,34.19978400 133.93263400,34.19954100 133.93233900,34.19944600 133.93214900,34.19949300 133.93169300,34.19958000 133.93146500,34.19950900 133.93128400,34.19936800 133.93116000,34.19940700 133.93098000,34.19947000 133.93044700,34.19946200 133.93024800,34.19983200 133.93009600,34.19994200 133.92972500,34.20014600 133.92940200,34.20024800 133.92921100,34.20028000 133.92865000,34.20022500 133.92785000,34.20021700 133.92755500,34.20030300 133.92677600,34.20025600 133.92561600,34.19989400 133.92522600,34.20066500 133.92500700,34.20054700 133.92479800,34.20057100 133.92454100,34.20072000 133.92431300,34.20090900 133.92424700,34.20099500 133.92397100,34.20104200 133.92351500,34.20130200 133.92300100,34.20173400 133.92281100,34.20190000 133.92283000,34.20214300 133.92275400,34.20225300 133.92255400,34.20237900 133.92240200,34.20252900 133.92225000,34.20274900 133.92215500,34.20282700 133.92187000,34.20305100 133.92183200,34.20321600 133.92172700,34.20341200 133.92130900,34.20398600 133.92123300,34.20411200 133.92115700,34.20440300 133.92101400,34.20447400 133.92086200,34.20452900 133.92072900,34.20465500 133.92052900,34.20489100 133.92028200,34.20517400 133.92007300,34.20533100 133.92003500,34.20543300 133.92004500,34.20577900 133.91996900,34.20607000 133.91991100,34.20623500 133.91992100,34.20644000 133.92006400,34.20669900 133.92002600,34.20685600 133.91979700,34.20728900 133.91960800,34.20755000 133.91970000,34.20764300 133.91988100,34.20789500 133.91994700,34.20810700 133.91999500,34.20850800 133.92009900,34.20880700 133.92029900,34.20909000 133.92064100,34.20948300 133.92083100,34.20985200 133.92101200,34.21036300 133.92142100,34.21127500 133.92182000,34.21205200 133.92216200,34.21237500 133.92241900,34.21258700 133.92258600,34.21293300 133.92272000,34.21343600 133.92275800,34.21378200 133.92267200,34.21425400 133.92283400,34.21507900 133.92295700,34.21572400 133.92318500,34.21640900 133.92323300,34.21652700 133.92345200,34.21663700 133.92336600,34.21674700 133.92320400,34.21692000 133.92310900,34.21710100 133.92305200,34.21725000 133.92299500,34.21734500 133.92285300,34.21744700 133.92266300,34.21745500 133.92225400,34.21745500 133.92232000,34.21780100 133.92274800,34.21914500 133.92272000,34.21928700 133.92243400,34.21966400 133.92239700,34.21981000 133.92238000,34.22026200 133.92231400,34.22042900 133.92224900,34.22049800 133.92205300,34.22054200 133.92189800,34.22071900 133.92193400,34.22096900 133.92185100,34.22140700 133.92176200,34.22194700 133.92177400,34.22244300 133.92191000,34.22317200 133.92192200,34.22352500 133.92197600,34.22365300 133.92202900,34.22389900 133.92210600,34.22420800 133.92210000,34.22438500 133.92201700,34.22450300 133.92175600,34.22479300 133.92160100,34.22500900 133.92156000,34.22512700 133.92129300,34.22543200 133.92129300,34.22554900 133.92137900,34.22570300 133.92140700,34.22603300 133.92127900,34.22629200 133.92125100,34.22662200 133.92125100,34.22691700 133.92123600,34.22782500 133.92109400,34.22835600 133.92095100,34.22894500 133.92085100,34.22928700 133.92085100,34.22947800 133.92096500,34.22974900 133.92106500,34.23008000 133.92117900,34.23051600 133.92113700,34.23088100 133.92102200,34.23140000 133.92120200,34.23193800 133.92240000,34.23318800 133.92508100,34.23248900 133.92619300,34.23215900 133.92704900,34.23278000 133.92742000,34.23358900 133.92776800,34.23470400 133.92811000,34.23582000 133.92860400,34.23644900 133.92914600,34.23650400 133.92899400,34.23676300 133.92854700,34.23684900 133.92841400,34.23692800 133.92822400,34.23768300 133.92770100,34.23777700 133.92721600,34.23776100 133.92700700,34.23778500 133.92631300,34.23783200 133.92591400,34.23776100 133.92491600,34.23736800 133.92370800,34.23689700 133.92345200,34.23692000 133.92139600,34.23784000 133.92111100,34.23798900 133.92087300,34.23804400 133.92032200,34.23809100 133.91844900,34.23898700 133.91786900,34.23912900 133.91712700,34.23921500 133.91652800,34.23938000 133.91674700,34.24049000 133.91676600,34.24126800 133.91671900,34.24189700 133.91674700,34.24291100 133.91698500,34.24376700 133.91765000,34.24409000 133.91793500,34.24420000 133.91803100,34.24428600 133.91821100,34.24537700 133.91841100,34.24646100 133.91863900,34.24760100 133.91883900,34.24848900 133.91898100,34.24894900
			</coordinates>
		</LineString>
	</Placemark>
	<Placemark>
		<name>SHIKOKU_KGW_27</name>
		<description>水辺のみち</description>
		<styleUrl>#lineStyle0</styleUrl>
		<LineString>
			<coordinates> 133.91898100,34.24894900 133.91874500,34.24901600 133.91867900,34.24920100 133.91870700,34.24937000 133.91881600,34.24987300 133.91884500,34.25011300 133.91873600,34.25023000 133.91841200,34.25030500 133.91802300,34.25040300 133.91810800,34.25091700 133.91810800,34.25134900 133.91802700,34.25172700 133.91804600,34.25204900 133.91812700,34.25241400 133.91812200,34.25269100 133.91796100,34.25293500 133.91775200,34.25331200 133.91754200,34.25398000 133.91753300,34.25454600 133.91714300,34.25505700 133.91684800,34.25601500 133.91702000,34.25652600 133.91713600,34.25696500 133.91722900,34.25777500 133.91726700,34.25826200 133.91696300,34.25883200 133.91681100,34.25902100 133.91561300,34.25961000 133.91510000,34.26020700 133.91488100,34.26034100 133.91448200,34.26091500 133.91439600,34.26122900 133.91403500,34.26149600 133.91313200,34.26176300 133.91209500,34.26202200 133.91143900,34.26218700 133.91145300,34.26304200 133.91139600,34.26342000 133.91093900,34.26352600 133.91035400,34.26376100 133.90895700,34.26380800 133.90884300,34.26342000 133.90877200,34.26395000 133.90860000,34.26428000 133.90845100,34.26445200 133.90843900,34.26455500 133.90852800,34.26467300 133.90867100,34.26480000 133.90851000,34.26495200 133.90846800,34.26504100 133.90844500,34.26519800 133.90852800,34.26533500 133.90871200,34.26552200 133.90880700,34.26561500 133.90886700,34.26595400 133.90899100,34.26616000 133.90934800,34.26635700 133.90943100,34.26640600 133.90959200,34.26660200 133.90990000,34.26698500 133.90999600,34.26733200 133.91004300,34.26743500 133.91022700,34.26765600 133.91045900,34.26787200 133.91050100,34.26802900 133.91018600,34.26838800 133.91004900,34.26857000 133.91007900,34.26918800 133.90997800,34.26932600 133.90992400,34.26941900 133.90990600,34.26953200 133.90991800,34.26960100 133.90999000,34.26968400 133.91008500,34.26973300 133.91023900,34.26974800 133.91044100,34.26977300 133.91054800,34.26984100 133.91071500,34.26995900 133.91098200,34.27009700 133.91108300,34.27026900 133.91110100,34.27072900 133.91110700,34.27127400 133.91114800,34.27143600 133.91113600,34.27165700 133.91109500,34.27181400 133.91069100,34.27242800 133.91001900,34.27342400 133.90975800,34.27382200 133.90952600,34.27413100 133.90931200,34.27434200 133.90895600,34.27460200 133.90881300,34.27472000 133.90878900,34.27482800 133.90888400,34.27495600 133.90920500,34.27531000 133.90938900,34.27548600 133.90940700,34.27562900 133.90934800,34.27587900 133.90918200,34.27612900 133.90908000,34.27632300 133.90908600,34.27653900 133.90918700,34.27678900 133.90925300,34.27701000 133.90914000,34.27734400 133.90897900,34.27795300 133.90893800,34.27827700 133.90893800,34.27852700 133.90893800,34.27868400 133.90885500,34.27919900 133.90877700,34.27957700 133.90955600,34.28023500 133.91004900,34.28067700 133.91028100,34.28103100 133.91053000,34.28154000 133.91060800,34.28173700 133.91083300,34.28203100 133.91114200,34.28240900 133.91144500,34.28274300 133.91165300,34.28303300 133.91185500,34.28340600 133.91202200,34.28387700 133.91212300,34.28428400 133.91223000,34.28464700 133.91243800,34.28501500 133.91260400,34.28516700 133.91280600,34.28503000 133.91294900,34.28500100 133.91315700,34.28505000 133.91324600,34.28506400 133.91339400,34.28505500 133.91347800,34.28508900 133.91358500,34.28505000 133.91408400,34.28501500 133.91406000,34.28490200 133.91410100,34.28481400 133.91414300,34.28476000 133.91420200,34.28470600 133.91424400,34.28466200 133.91430400,34.28464700 133.91440500,34.28467200 133.91453400,34.28469600 133.91487300,34.28469100 133.91528300,34.28473000 133.91540800,34.28474000 133.91559800,34.28466200 133.91610300,34.28474000 133.91710100,34.28491200 133.91732100,34.28467200 133.91756400,34.28448500 133.91798000,34.28429800 133.91842600,34.28411700 133.91869900,34.28397000 133.91884200,34.28379300 133.91902600,34.28340000 133.91911500,34.28315900 133.91969800,34.28315900 133.92008400,34.28317400 133.92028000,34.28322800 133.92051200,34.28334600 133.92082100,34.28351800 133.92096900,34.28358200 133.92123700,34.28364500 133.92137300,34.28373900 133.92142700,34.28386600 133.92144500,34.28399400 133.92113600,34.28487300 133.92090400,34.28553600 133.92077300,34.28598200 133.92152500,34.28608700 133.92271400,34.28624500 133.92329000,34.28630400 133.92421700,34.28642100 133.92466300,34.28648500 133.92490000,34.28657800 133.92519200,34.28681900 133.92549500,34.28713800 133.92563100,34.28728000 133.92579800,34.28707400 133.92627200,34.28688800 133.92654500,34.28687800 133.92683600,34.28689300 133.92705600,34.28684800 133.92717500,34.28679000 133.92735900,34.28677500 133.92752600,34.28665200 133.92756100,34.28661800 133.92778100,34.28671600 133.92800100,34.28662300 133.92816100,34.28658800 133.92828000,34.28668600 133.92833400,34.28685800 133.92837500,34.28694200 133.92846400,34.28697600 133.92864300,34.28695600 133.92877300,34.28697600 133.92889200,34.28707400 133.92897500,34.28712300 133.92940300,34.28712300 133.92961700,34.28710400 133.93102500,34.28643100 133.93372400,34.28506700 133.93413300,34.28546000 133.93489300,34.28610400 133.93552100,34.28664600 133.93574900,34.28691300 133.93577700,34.28714900 133.93572000,34.28737600 133.93549200,34.28767500 133.93531200,34.28799700 133.93520700,34.28835800 133.93537800,34.28846000 133.93553000,34.28857000 133.93570100,34.28868800 133.93577700,34.28883000 133.93572000,34.28894700 133.93564400,34.28901800 133.93568200,34.28921400 133.93570100,34.28947400 133.93570100,34.28967600 133.93577700,34.28992800 133.93564400,34.29029700 133.93557800,34.29056400 133.93541600,34.29080000 133.93535000,34.29115300 133.93538800,34.29143600 133.93558700,34.29134200 133.93579700,34.29125500 133.93600600,34.29131000 133.93643300,34.29120800 133.93625300,34.29178900 133.93618600,34.29234700 133.93608200,34.29259000 133.93636700,34.29270800 133.93647200,34.29310900 133.93658600,34.29327400 133.93687100,34.29332100 133.93740300,34.29321100 133.93821100,34.29282600 133.93834400,34.29310100 133.93856300,34.29347000 133.93890500,34.29406700 133.93882000,34.29420800 133.93877200,34.29437300 133.93872500,34.29478200 133.93907600,34.29557500 133.93905700,34.29586600 133.93907600,34.29618800 133.93915300,34.29652500 133.93914300,34.29692600 133.93942800,34.29749000 133.93930500,34.29820500 133.93907600,34.29888000 133.93901000,34.29913900 133.93918100,34.29935900 133.93932400,34.29968900 133.93919100,34.29991700 133.93920000,34.30014500 133.93933300,34.30037200 133.93949500,34.30051400 133.94007500,34.30070200 133.94076900,34.30083600 133.94158800,34.30094600 133.94154100,34.30129900 133.94186400,34.30133800 133.94208300,34.30137800 133.94259600,34.30156600 133.94290000,34.30162100 133.94338500,34.30167600 133.94358400,34.30167400 133.94430700,34.30166800 133.94539100,34.30175000
			</coordinates>
		</LineString>
	</Placemark>
	<Placemark>
		<name>SHIKOKU_KGW_14</name>
		<description>杜のみち</description>
		<styleUrl>#lineStyle0</styleUrl>
		<LineString>
			<coordinates> 134.29563300,34.20249600 134.29585900,34.20286000 134.29607300,34.20290900 134.29653600,34.20316400 134.29695200,34.20345900 134.29734400,34.20358700 134.29749900,34.20380300 134.29761700,34.20414700 134.29778400,34.20433400 134.29778400,34.20490400 134.29783100,34.20518900 134.29764100,34.20555100 134.29751100,34.20605200 134.29734400,34.20627800 134.29729700,34.20667100 134.29747500,34.20689700 134.29785500,34.20727100 134.29799800,34.20745700 134.29809300,34.20760500 134.29816400,34.20746700 134.29849700,34.20756500 134.29846100,34.20787000 134.29846100,34.20814500 134.29834200,34.20837100 134.29831900,34.20852900 134.29823500,34.20863700 134.29815200,34.20879400 134.29802200,34.20893100 134.29784300,34.20921600 134.29779600,34.20950100 134.29778400,34.20974700 134.29805700,34.21017000 134.29795000,34.21119200 134.29886500,34.21142600 134.29957800,34.21166200 134.30017300,34.21244800 134.30030300,34.21282100 134.30052900,34.21300800 134.30073100,34.21302800 134.30079000,34.21329300 134.30077900,34.21349000 134.30105200,34.21375500 134.30143200,34.21381400 134.30194300,34.21366600 134.30220500,34.21374500 134.30232400,34.21406000 134.30197900,34.21423600 134.30142000,34.21445300 134.30109900,34.21470800 134.30115900,34.21502300 134.30105200,34.21536700 134.30092100,34.21572000 134.30044600,34.21602500 134.29981600,34.21641800 134.29944800,34.21671300 134.29926900,34.21681900 134.29906700,34.21745800 134.29884200,34.21796900 134.29856800,34.21829300 134.29852100,34.21884300 134.29856800,34.21948200 134.29859200,34.21973800 134.29846100,34.21991400 134.29829500,34.22005200 134.29822400,34.22020900 134.29828300,34.22031700 134.29846100,34.22040600 134.29858000,34.22055300 134.29859200,34.22067100 134.29843700,34.22073000 134.29835400,34.22078900 134.29820000,34.22090700 134.29812800,34.22110400 134.29812800,34.22124100 134.29806900,34.22130000 134.29792600,34.22130000 134.29779600,34.22125100 134.29773600,34.22121200 134.29760600,34.22124100 134.29759400,34.22137900 134.29762900,34.22153600 134.29764100,34.22163400 134.29752200,34.22176200 134.29670200,34.22237100 134.29705900,34.22266600 134.29716600,34.22289200 134.29716600,34.22322600 134.29728500,34.22332400 134.29745100,34.22335400 134.29696400,34.22418900 134.29796200,34.22417900 134.29913900,34.22443500 134.29904400,34.22494600 134.29862800,34.22567300 134.29886500,34.22608500 134.29918600,34.22676100 134.30104000,34.22684000 134.30239500,34.22693800 134.30285800,34.22705600 134.30399900,34.22745900 134.30485700,34.22784200 134.30530900,34.22822500 134.30592700,34.22874600 134.30637800,34.22907000 134.30671100,34.22953200 134.30737700,34.23030900 134.30793500,34.23085900 134.30822000,34.23103600 134.30861300,34.23108500 134.30911200,34.23111400 134.30963500,34.23127100 134.30992000,34.23145800 134.31022400,34.23182000 134.31040200,34.23195700 134.31067600,34.23207500 134.31073500,34.23229100 134.31074700,34.23243900 134.31086600,34.23259600 134.31111500,34.23270400 134.31142400,34.23292000 134.31156700,34.23307700 134.31148400,34.23338200 134.31178100,34.23352900 134.31260100,34.23393200 134.31381300,34.23445300 134.31430000,34.23481600 134.31518000,34.23490500 134.31580900,34.23490500 134.31576200,34.23540600 134.31570300,34.23574000 134.31577400,34.23588700 134.31597600,34.23596600 134.31615400,34.23602500 134.31649900,34.23645700 134.31660600,34.23653600 134.31695000,34.23657500 134.31724700,34.23664400 134.31809100,34.23674200 134.31874500,34.23660400 134.31904200,34.23653600 134.31916100,34.23701700 134.31916100,34.23726300 134.31928000,34.23804100 134.31937500,34.23872900 134.31960000,34.23928900 134.31990900,34.23965200 134.32013500,34.23994700 134.32013500,34.24027100 134.32013500,34.24047700 134.32031400,34.24070300 134.32057500,34.24085100 134.32095500,34.24099800 134.32124000,34.24113600 134.32139500,34.24127300 134.32175100,34.24129300 134.32202500,34.24133200 134.32222700,34.24143000 134.32235800,34.24144000 134.32246500,34.24144000 134.32241700,34.24166600 134.32247600,34.24192100
			</coordinates>
		</LineString>
	</Placemark>
	<Placemark>
		<name>SHIKOKU_KGW_15</name>
		<description>田園のみち</description>
		<styleUrl>#lineStyle0</styleUrl>
		<LineString>
			<coordinates> 134.32247600,34.24192100 134.32360500,34.24191200 134.32496000,34.24182300 134.32456800,34.24088000 134.32526900,34.24069300 134.32456800,34.23896400 134.32507900,34.23878700 134.32525700,34.23877800 134.32554200,34.23888600 134.32575600,34.23885600 134.32678300,34.23872900 134.32727000,34.23867000 134.32784100,34.23864000 134.32807900,34.23858100 134.32805500,34.23819800 134.32805500,34.23811000 134.32950500,34.23790300 134.33094300,34.23775600 134.33132300,34.23762800 134.33156100,34.23756900 134.33156100,34.23732400 134.33236900,34.23722500 134.33373500,34.23704900 134.33409200,34.23677300 134.33430600,34.23640000 134.33444800,34.23608800 134.33437700,34.23561600 134.33436500,34.23526200 134.33432900,34.23499700 134.33437700,34.23472200 134.33437700,34.23440800 134.33484000,34.23406400 134.33605300,34.23351400 134.33770500,34.23282600 134.33955800,34.23209900 134.33965400,34.23205900 134.33982000,34.23250200 134.33984400,34.23317900 134.33985600,34.23336600 134.34004600,34.23374000 134.34206800,34.23260000 134.34275800,34.23247200 134.34364900,34.23261900 134.34380300,34.23236400 134.34438600,34.23208900 134.34465900,34.23188300 134.34508700,34.23161700 134.34520600,34.23190200 134.34577600,34.23181400 134.34621600,34.23169600 134.34654900,34.23149000 134.34656000,34.23132200 134.34624000,34.23063500 134.34609700,34.23017300 134.34606100,34.22995700 134.34578800,34.22969100 134.34545500,34.22955400 134.34514600,34.22947500 134.34509900,34.22928900 134.34490900,34.22908200 134.34487300,34.22880700 134.34460000,34.22838500 134.34455200,34.22821800 134.34463500,34.22788400 134.34463500,34.22777500 134.34456400,34.22761800 134.34456400,34.22740200 134.34445700,34.22728400 134.34440900,34.22717600 134.34462300,34.22700900 134.34463500,34.22675900 134.34471800,34.22664200 134.34488500,34.22644500 134.34492000,34.22615000 134.34513400,34.22573800 134.34480200,34.22563900 134.34490900,34.22549200 134.34489700,34.22532500 134.34513400,34.22522700 134.34524100,34.22513800 134.34522900,34.22484300 134.34528900,34.22471600 134.34550300,34.22460800 134.34574000,34.22444100 134.34566900,34.22435200 134.34582400,34.22412600 134.34578800,34.22392000 134.34577600,34.22375300 134.34556200,34.22336900 134.34544300,34.22314300 134.34520600,34.22271100 134.34490900,34.22233800 134.34467100,34.22203100 134.34454000,34.22185400 134.34448100,34.22155900 134.34443300,34.22146100 134.34414800,34.22123500 134.34407700,34.22111700 134.34436200,34.22063600 134.34452800,34.22047900 134.34465900,34.22027200 134.34467100,34.22006600 134.34481400,34.21980000 134.34511100,34.21956500 134.34533600,34.21937800 134.34566900,34.21881800 134.34600200,34.21797300 134.34624000,34.21700000 134.34643000,34.21617400 134.34652500,34.21608600 134.34653700,34.21588900 134.34652500,34.21575200 134.34638200,34.21573200 134.34621600,34.21562400 134.34603800,34.21538200 134.34588300,34.21517600 134.34594300,34.21498900 134.34590700,34.21465500 134.34589500,34.21450800 134.34587100,34.21426200 134.34588300,34.21407500 134.34582400,34.21389800 134.34578800,34.21377100 134.34558600,34.21341700 134.34538400,34.21281700 134.34528900,34.21242400 134.34533600,34.21212900 134.34570500,34.21176600 134.34609700,34.21169700 134.34635800,34.21166800 134.34647700,34.21154000 134.34660800,34.21120600 134.34678600,34.21096000 134.34697600,34.21081300 134.34694100,34.21070400 134.34710700,34.21037000 134.34725000,34.21019300 134.34752300,34.20999700 134.34774900,34.20978100 134.34770100,34.20940700 134.34771300,34.20912200 134.34809400,34.20925000 134.34866400,34.20949600 134.34960300,34.20984900 134.35058900,34.21015400 134.35108800,34.21026200 134.35228900,34.21035100 134.35519100,34.21118600 134.35584400,34.21142200 134.35629600,34.21165800 134.35661700,34.21168700 134.35803100,34.21174600 134.35831600,34.21187400 134.35868500,34.21206100 134.35912400,34.21230600 134.35960000,34.21252300 134.36018200,34.21274900 134.36061000,34.21282700 134.36128700,34.21270900 134.36183400,34.21285700 134.36257100,34.21305300 134.36337900,34.21311200 134.36392500,34.21288600 134.36593100,34.21248300 134.36624000,34.21249300 134.36900900,34.21300400 134.36934200,34.21317100 134.36941300,34.21340700 134.37079200,34.21399700 134.37190900,34.21442900 134.37291900,34.21484200 134.37315700,34.21493000 134.37357300,34.21471400 134.37421500,34.21447800 134.37448800,34.21439000 134.37484400,34.21437000 134.37513000,34.21451700 134.37528400,34.21486100 134.37560500,34.21550000 134.37579500,34.21573600 134.37604500,34.21589300 134.37623500,34.21593300 134.37705500,34.21596200 134.37751800,34.21605100 134.37779400,34.21634700 134.37848300,34.21670100 134.37908900,34.21677000 134.37903000,34.21735000 134.37944600,34.21733000 134.37975500,34.21733000 134.38038500,34.21744800 134.38080100,34.21750700 134.38096700,34.21768400 134.38138300,34.21776200 134.38153700,34.21760500 134.38232200,34.21731000 134.38233400,34.21692700 134.38232200,34.21662200 134.38279700,34.21643600 134.38316600,34.21642600 134.38343900,34.21621000 134.38365300,34.21610200 134.38481700,34.21579700 134.38504300,34.21562000 134.38550700,34.21505000 134.38581600,34.21502100 134.38606500,34.21483400 134.38649300,34.21446500 134.38666500,34.21415800 134.38676400,34.21387500 134.38726400,34.21342700 134.38764900,34.21300200 134.38779100,34.21267200 134.38786300,34.21242400 134.38801900,34.21207100 134.38806200,34.21192900 134.38839000,34.21159900 134.38871800,34.21129200 134.38910300,34.21118600 134.38975900,34.21102100 134.38978800,34.21084400 134.38988800,34.21066700 134.39008700,34.21064400 134.39044400,34.21073800 134.39118500,34.21105600 134.39161300,34.21073800 134.39232600,34.21052600 134.39235500,34.21027800 134.39281100,34.20981800 134.39380900,34.20918100 134.39432300,34.20894500 134.39455100,34.20882700 134.39516400,34.20892200 134.39557800,34.20914600 134.39577700,34.20912200 134.39587700,34.20899300 134.39586300,34.20880400 134.39597700,34.20872100 134.39614800,34.20873300 134.39636200,34.20875700 134.39697500,34.20837900 134.39776800,34.20821400 134.39805300,34.20855600 134.39860900,34.20873300 134.39920800,34.20881600 134.39960800,34.20866200 134.39977900,34.20835600 134.40003600,34.20832000 134.40027800,34.20825000 134.40032100,34.20813200 134.40054900,34.20809400 134.40094800,34.20807000 134.40131900,34.20794100 134.40188900,34.20782300 134.40176100,34.20725700 134.40221700,34.20713900 134.40243100,34.20651400 134.40260200,34.20604200 134.40273100,34.20584100 134.40214600,34.20513400 134.40264500,34.20493300 134.40350100,34.20470900 134.40420000,34.20480300 134.40459900,34.20473300 134.40494100,34.20489800 134.40482700,34.20424900 134.40484100,34.20410800 134.40491300,34.20394200 134.40452800,34.20365900 134.40474200,34.20349400 134.40519800,34.20351800 134.40569700,34.20356500 134.40635300,34.20364800 134.40688100,34.20374200 134.40732300,34.20383600 134.40746500,34.20421400 134.40762200,34.20456700 134.40777900,34.20472100 134.40809300,34.20474400 134.40864900,34.20496800 134.40937600,34.20519300 134.40986100,34.20528700 134.41007500,34.20541700 134.41038900,34.20608900 134.41093900,34.20606500 134.41116700,34.20597100 134.41182300,34.20590000 134.41199500,34.20612400 134.41309300,34.20590000 134.41349200,34.20601800 134.41373400,34.20587700 134.41430500,34.20649000 134.41439000,34.20656100 134.41508900,34.20647800 134.41520300,34.20671400 134.41536000,34.20690300 134.41551700,34.20676100 134.41557400,34.20664300 134.41568800,34.20683200 134.41614400,34.20693800 134.41662900,34.20702100 134.41644400,34.20743300 134.41633000,34.20764600 134.41631600,34.20788200 134.41641500,34.20801100 134.41654400,34.20811700 134.41677200,34.20804700 134.41700000,34.20803500 134.41732800,34.20790500 134.41764200,34.20797600 134.41784200,34.20811700 134.41811200,34.20836500 134.41832600,34.20831800 134.41846900,34.20838900 134.41918200,34.20796400 134.42008000,34.20900200 134.42042300,34.20930900 134.42122700,34.20991500 134.42131300,34.21012700 134.42155500,34.21042200 134.42162600,34.21068100 134.42186900,34.21092900 134.42219700,34.21111800 134.42236800,34.21134200 134.42266700,34.21274500 134.42332300,34.21357100 134.42512000,34.21268600 134.42455000,34.21206100
			</coordinates>
		</LineString>
	</Placemark>
	<Placemark>
		<name>SHIKOKU_KGW_16</name>
		<description>山里のみち</description>
		<styleUrl>#lineStyle0</styleUrl>
		<LineString>
			<coordinates> 134.42512000,34.21268600 134.42609000,34.21217900 134.42603300,34.21164800 134.42537700,34.21044500 134.42520600,34.21005600 134.42510600,34.20970300 134.42483500,34.20941900 134.42453600,34.20916000 134.42426500,34.20871200 134.42420800,34.20847600 134.42419300,34.20829900 134.42409300,34.20811000 134.42407900,34.20794500 134.42420800,34.20763900 134.42453600,34.20756800 134.42443600,34.20733200 134.42445000,34.20708400 134.42473500,34.20681300 134.42544800,34.20663600 134.42584800,34.20664800 134.42604700,34.20678900 134.42627500,34.20674200 134.42657500,34.20700200 134.42713100,34.20702500 134.42733100,34.20693100 134.42758700,34.20677800 134.42790100,34.20667200 134.42815800,34.20668300 134.42848600,34.20674200 134.42884200,34.20662400 134.42934100,34.20656500 134.42962700,34.20648300 134.43039700,34.20610500 134.43055400,34.20597600 134.43072500,34.20590500 134.43095300,34.20594000 134.43175100,34.20565700 134.43163700,34.20535100 134.43173700,34.20502000 134.43186600,34.20479600 134.43173700,34.20454900 134.43185100,34.20425400 134.43198000,34.20410000 134.43200800,34.20368800 134.43199400,34.20347500 134.43207900,34.20320400 134.43229300,34.20300400 134.43249300,34.20231900 134.43260700,34.20189700 134.43257900,34.20157900 134.43259300,34.20135500 134.43253600,34.20126000 134.43237900,34.20121300 134.43206500,34.20124900 134.43226500,34.20100100 134.43239300,34.20084800 134.43252200,34.20073000 134.43265000,34.20058800 134.43280700,34.20042300 134.43290700,34.20005700 134.43292100,34.19986900 134.43309200,34.20022200 134.43314900,34.20049400 134.43310600,34.20065900 134.43312100,34.20083600 134.43342000,34.20094200 134.43371900,34.20091800 134.43397600,34.20061200 134.43437500,34.20045800 134.43463200,34.20006900 134.43464600,34.19953800 134.43456100,34.19901900 134.43466100,34.19861800 134.43488900,34.19827600 134.43500300,34.19818200 134.43544500,34.19824100 134.43570200,34.19827600 134.43604400,34.19797000 134.43634300,34.19791100 134.43658600,34.19792200 134.43714200,34.19772200 134.43734200,34.19748600 134.43758400,34.19700200 134.43794100,34.19705000 134.43898200,34.19705000 134.43912400,34.19715600
			</coordinates>
		</LineString>
	</Placemark>
	<Placemark>
		<name>SHIKOKU_KGW_17</name>
		<description>タケノコ山のみち</description>
		<styleUrl>#lineStyle0</styleUrl>
		<LineString>
			<coordinates> 133.81754700,34.15754700 133.81723540,34.15757000 133.81707959,34.15736643 133.81702629,34.15727142 133.81687868,34.15715946 133.81661627,34.15714589 133.81622676,34.15691178 133.81614476,34.15678963 133.81632106,34.15647070 133.81599600,34.15658900 133.81582494,34.15657588 133.81574600,34.15662600 133.81508275,34.15707301 133.81482649,34.15699667 133.81472500,34.15703800 133.81458200,34.15708100 133.81435900,34.15720300 133.81422100,34.15725000 133.81411600,34.15734800 133.81391700,34.15745500 133.81382600,34.15748600 133.81366900,34.15762400 133.81340300,34.15771800 133.81324200,34.15777300 133.81318500,34.15776100 133.81309400,34.15764700 133.81303700,34.15758400 133.81293700,34.15758000 133.81258165,34.15760314 133.81243800,34.15771400 133.81234300,34.15776900 133.81224000,34.15774300 133.81227900,34.15798300 133.81229800,34.15807300 133.81228800,34.15810100 133.81218300,34.15810500 133.81208800,34.15811600 133.81207900,34.15816000 133.81209300,34.15825000 133.81205500,34.15840000 133.81206500,34.15855300 133.81211200,34.15862000 133.81203600,34.15868700 133.81168900,34.15886400 133.81159400,34.15895800 133.81149900,34.15910800 133.81130900,34.15921400 133.81110900,34.15933200 133.81094800,34.15942200 133.81086200,34.15948100 133.81085200,34.15954800 133.81087100,34.15962200 133.81084800,34.15968900 133.81075700,34.15975200 133.81066700,34.15982700 133.81066200,34.15994100 133.81066200,34.16009000 133.81076200,34.16038900 133.81062400,34.16048400 133.81044400,34.16058200 133.81032500,34.16068800 133.81024400,34.16083000 133.81020100,34.16106200 133.81023000,34.16123900 133.81023900,34.16131800 133.81021500,34.16136900 133.81008700,34.16151000 133.80997300,34.16166600 133.80986400,34.16178400 133.81024000,34.16186200 133.81044700,34.16191700 133.81051800,34.16199200 133.81043700,34.16230300 133.81039400,34.16258200 133.81041800,34.16302600 133.81032800,34.16323500 133.81025200,34.16336100 133.81001900,34.16355100 133.80985200,34.16374400 133.80971000,34.16395200 133.80965300,34.16414900 133.80958100,34.16439300 133.80940600,34.16468000 133.80933400,34.16482200 133.80941000,34.16499500 133.80938700,34.16505800 133.80930100,34.16520300 133.80913900,34.16548200 133.80908700,34.16569900 133.80908200,34.16586800 133.80904900,34.16615000 133.80894000,34.16670100 133.80880200,34.16748000 133.80867800,34.16810500 133.80860200,34.16860600 133.80849300,34.16934300 133.80826800,34.16958700 133.80848600,34.16977000 133.80702800,34.17121800 133.80789400,34.17148700 133.80790100,34.17161000 133.80797200,34.17174300 133.80805800,34.17180000 133.80835000,34.17190300 133.80873200,34.17230400 133.80893500,34.17246300 133.80897100,34.17258400 133.80892800,34.17266700 133.80884600,34.17273500 133.80880000,34.17284400 133.80873200,34.17301800 133.80857100,34.17327200 133.80848600,34.17341900 133.80856400,34.17356200 133.80876800,34.17367300 133.80887300,34.17377100 133.80897700,34.17398700 133.80909600,34.17411700 133.80920500,34.17438100 133.80920600,34.17440500 133.80923400,34.17557600 133.80922000,34.17588400 133.80936700,34.17638700 133.80934800,34.17676800 133.80946700,34.17734700 133.80955200,34.17769300 133.80970900,34.17797600 133.80980000,34.17827400 133.80984700,34.17845500 133.80994700,34.17862000 133.81021800,34.17884800 133.81037000,34.17902100 133.81047500,34.17915500 133.81059300,34.17923700 133.81080300,34.17926500 133.81112600,34.17932000 133.81141700,34.17963200 133.81173100,34.18015100 133.81215900,34.18045000 133.81268100,34.18069300 133.81337500,34.18137000 133.81404100,34.18194400 133.81433600,34.18212500 133.81445000,34.18243900 133.81462100,34.18280100 133.81525800,34.18330500 133.81546700,34.18357200 133.81560000,34.18395700 133.81590400,34.18479600
			</coordinates>
		</LineString>
	</Placemark>
	<Placemark>
		<name>SHIKOKU_KGW_17</name>
		<description>タケノコ山のみち</description>
		<styleUrl>#lineStyle0</styleUrl>
		<LineString>
			<coordinates> 133.81754700,34.15754700 133.81723540,34.15757000 133.81707959,34.15736643 133.81702629,34.15727142 133.81687868,34.15715946 133.81661627,34.15714589 133.81622676,34.15691178 133.81614476,34.15678963 133.81632106,34.15647070 133.81626366,34.15632820 133.81623906,34.15617891 133.81641249,34.15596050 133.81623906,34.15617891 133.81626366,34.15632820 133.81626516,34.15646032 133.81599600,34.15658900 133.81582494,34.15657588 133.81574600,34.15662600 133.81508275,34.15707301 133.81482649,34.15699667 133.81472500,34.15703800 133.81458200,34.15708100 133.81435900,34.15720300 133.81422100,34.15725000 133.81411600,34.15734800 133.81391933,34.15742926 133.81382600,34.15748600 133.81366900,34.15762400 133.81324200,34.15777300 133.81318500,34.15776100 133.81309400,34.15764700 133.81303700,34.15758400 133.81293700,34.15758000 133.81258165,34.15760314 133.81243800,34.15771400 133.81234300,34.15776900 133.81224000,34.15774300 133.81216335,34.15767226 133.81196600,34.15717900 133.81160900,34.15702200 133.81158000,34.15686500 133.81150900,34.15665000 133.81136600,34.15656500 133.81133800,34.15643600 133.81156600,34.15635100 133.81170900,34.15627900 133.81168000,34.15609400 133.81146600,34.15607900 133.81129500,34.15597900 133.81105200,34.15600800 133.81100900,34.15579400 133.81118000,34.15539400 133.81113800,34.15512300 133.81092400,34.15482300 133.81086600,34.15460900 133.81092300,34.15430000 133.81069500,34.15416600 133.81060900,34.15405200 133.81078100,34.15390900 133.81089500,34.15410900 133.81109500,34.15416600 133.81126600,34.15403800 133.81145200,34.15389500 133.81136600,34.15356700 133.81112300,34.15339500 133.81109500,34.15276700 133.81145200,34.15216800 133.81170900,34.15156800 133.81156600,34.15128200 133.81155200,34.15111100 133.81205100,34.15049700 133.81202300,34.15016900 133.81222300,34.14991200 133.81222300,34.14964100 133.81218000,34.14941200 133.81245100,34.14911200 133.81273700,34.14889800 133.81289400,34.14868400 133.81333600,34.14862700 133.81357900,34.14848400 133.81362200,34.14811300 133.81387900,34.14802700 133.81396400,34.14785600 133.81395000,34.14757000 133.81416400,34.14739900 133.81416400,34.14717100 133.81442100,34.14689900 133.81467800,34.14678500 133.81476400,34.14655700 133.81455000,34.14630000 133.81389300,34.14607100 133.81373600,34.14588600 133.81366500,34.14531500 133.81307900,34.14404400 133.81280800,34.14318700 133.81248000,34.14251600 133.81268000,34.14223100 133.81268000,34.14141700 133.81270800,34.14111700 133.81275800,34.14088100 133.81276500,34.14037500 133.81259400,34.14007500 133.81272200,34.13986100 133.81259400,34.13836200 133.81319400,34.13783400 133.81343600,34.13700600 133.81337900,34.13643500 133.81370700,34.13622000 133.81402200,34.13566400 133.81462100,34.13506400 133.81563500,34.13465000 133.81543500,34.13376500 133.81570600,34.13347900 133.81604900,34.13333600 133.81632000,34.13316500 133.81670600,34.13303700 133.81713400,34.13276500 133.81713800,34.13238000 133.81749100,34.13168000 133.81773400,34.13133800 133.81807600,34.13113800 133.81823300,34.13073800 133.81857600,34.13043800 133.81836200,34.12992400 133.81809000,34.12921100 133.81794800,34.12855400 133.81790000,34.12788200 133.81773400,34.12772600 133.81791900,34.12758300 133.81770500,34.12729700 133.81784800,34.12646900 133.81781400,34.12601300 133.81787200,34.12576500 133.81779500,34.12554600 133.81779500,34.12530800 133.81762400,34.12530800 133.81751000,34.12476600 133.81712900,34.12393800 133.81664400,34.12334800 133.81646300,34.12311000 133.81616800,34.12288100 133.81561700,34.12232400 133.81523600,34.12222900 133.81505500,34.12210500 133.81517900,34.12185800 133.81536900,34.12173400 133.81586400,34.12170600 133.81654900,34.12155300 133.81642600,34.12114400 133.81619700,34.12097300 133.81593100,34.12043000 133.81584500,34.12016400 133.81583100,34.11989700 133.81618800,34.11992600 133.81655900,34.11981200 133.81697300,34.11936900
			</coordinates>
		</LineString>
	</Placemark>
	<Placemark>
		<name>SHIKOKU_KGW_18</name>
		<description>茶摘みのみち</description>
		<styleUrl>#lineStyle0</styleUrl>
		<LineString>
			<coordinates> 133.81590400,34.18479600 133.81560000,34.18395700 133.81546700,34.18357200 133.81525800,34.18330500 133.81462100,34.18280100 133.81445000,34.18243900 133.81433600,34.18212500 133.81404100,34.18194400 133.81337500,34.18137000 133.81268100,34.18069300 133.81215900,34.18045000 133.81173100,34.18015100 133.81141700,34.17963200 133.81112600,34.17932000 133.81080300,34.17926500 133.81059300,34.17923700 133.81047500,34.17915500 133.81037000,34.17902100 133.81021800,34.17884800 133.80994700,34.17862000 133.80984700,34.17845500 133.80980000,34.17827400 133.80970900,34.17797600 133.80955200,34.17769300 133.80946700,34.17734700 133.80934800,34.17676800 133.80936700,34.17638700 133.80922000,34.17588400 133.80923400,34.17557600 133.80920500,34.17438100 133.80909600,34.17411700 133.80897700,34.17398700 133.80887300,34.17377100 133.80876800,34.17367300 133.80856400,34.17356200 133.80848600,34.17341900 133.80832600,34.17357200 133.80817400,34.17393400 133.80830700,34.17404400 133.80840200,34.17415400 133.80818300,34.17440600 133.80810700,34.17467400 133.80799300,34.17494100 133.80796400,34.17509800 133.80801200,34.17566500 133.80801200,34.17605000 133.80800200,34.17637300 133.80764100,34.17635700 133.80723200,34.17615200 133.80643400,34.17601900 133.80611100,34.17590800 133.80605400,34.17586100 133.80593000,34.17586100 133.80574900,34.17578300 133.80558800,34.17579800 133.80536900,34.17585300 133.80486500,34.17590800 133.80459900,34.17588500 133.80445600,34.17579800 133.80424700,34.17578300 133.80398100,34.17585300 133.80375300,34.17612900 133.80362900,34.17626200 133.80338200,34.17622300 133.80304000,34.17608900 133.80272600,34.17608900 133.80246900,34.17616000 133.80223200,34.17627000 133.80199400,34.17625500 133.80110000,34.17584600 133.80045200,34.17627000 133.79951100,34.17668700 133.79780900,34.17732400 133.79741900,34.17745800 133.79750500,34.17766200 133.79754300,34.17798500 133.79753300,34.17826000 133.79746700,34.17848000 133.79741000,34.17870700 133.79734300,34.17892700 133.79721900,34.17907700 133.79707700,34.17913200 133.79683900,34.17914000 133.79660100,34.17931300 133.79637300,34.17940700 133.79624000,34.17945400 133.79606000,34.17943800 133.79584100,34.17936000 133.79566000,34.17930500 133.79546100,34.17917900 133.79537500,34.17914700 133.79510900,34.17921000 133.79486200,34.17954100 133.79459500,34.17994200 133.79446200,34.18011500 133.79432000,34.18017800 133.79420600,34.18030400 133.79416500,34.18034200 133.79404600,34.18039400 133.79363300,34.18032000 133.79320200,34.18047500 133.79309200,34.18043800 133.79299100,34.18036400 133.79290200,34.18028300 133.79281900,34.18024100 133.79274700,34.18026300 133.79273000,34.18033200 133.79273900,34.18048700 133.79287616,34.18070451 133.79292953,34.18077490 133.79299700,34.18104500 133.79304500,34.18117300 133.79315799,34.18126946 133.79336717,34.18139840 133.79338767,34.18149001 133.79335076,34.18183948 133.79337200,34.18201300 133.79336000,34.18216600 133.79323182,34.18232467 133.79317030,34.18244681 133.79328900,34.18259300 133.79329500,34.18263800 133.79311288,34.18275557 133.79301444,34.18308807 133.79304726,34.18333575 133.79293652,34.18347486 133.79294694,34.18354879 133.79293652,34.18347486 133.79304726,34.18333575 133.79301444,34.18308807 133.79311288,34.18275557 133.79329500,34.18263800 133.79328900,34.18259300 133.79317030,34.18244681 133.79323182,34.18232467 133.79336000,34.18216600 133.79337200,34.18201300 133.79335076,34.18183948 133.79338767,34.18149001 133.79336717,34.18139840 133.79304500,34.18117300 133.79299700,34.18104500 133.79292953,34.18077490 133.79277306,34.18059106 133.79270200,34.18056100 133.79245000,34.18008900 133.79242200,34.17996700 133.79234100,34.17989200 133.79193700,34.17988800 133.79180800,34.17980600 133.79174200,34.17976300 133.79164200,34.17978600 133.79162300,34.17984500 133.79171300,34.17998700 133.79169900,34.18007700 133.79164200,34.18016000 133.79158000,34.18023100 133.79151800,34.18039200 133.79145200,34.18050200 133.79137100,34.18050600 133.79124800,34.18048200 133.79115700,34.18043100 133.79101900,34.18032900 133.79092000,34.18028600 133.79082900,34.18026600 133.79070600,34.18027400 133.79063000,34.18034100 133.79060100,34.18046600 133.79055800,34.18051400 133.79041600,34.18061200 133.79032500,34.18074200 133.79024500,34.18085600 133.79013500,34.18092300 133.78997800,34.18098900 133.78989800,34.18098900 133.78973600,34.18086800 133.78961700,34.18075400 133.78946000,34.18079300 133.78930800,34.18082000 133.78915100,34.18088700 133.78902300,34.18097400 133.78893300,34.18118200 133.78875200,34.18133200 133.78867100,34.18137900 133.78844800,34.18133900 133.78833400,34.18122200 133.78818600,34.18100900 133.78801300,34.18084800 133.78788000,34.18068700 133.78774200,34.18055300 133.78772800,34.18047000 133.78772300,34.18033300 133.78753300,34.18024600 133.78629200,34.17984500 133.78613100,34.17983300 133.78606400,34.17982200 133.78598800,34.17967600 133.78567900,34.17926700 133.78513700,34.17949500 133.78500400,34.17951500 133.78488100,34.17957400 133.78465103,34.17996648 133.78433200,34.18044200 133.78379992,34.18105162 133.78311903,34.18163975 133.78251824,34.18216989 133.78202760,34.18233555 133.78209700,34.18207000 133.78215500,34.18179400 133.78228800,34.18156600 133.78249822,34.18154863 133.78259200,34.18105500 133.78260100,34.18075600 133.78259835,34.18067887 133.78224789,34.18044693 133.78198755,34.18062916 133.78183735,34.18065401 133.78167900,34.18061500 133.78157701,34.18061260 133.78143683,34.18071200 133.78130666,34.18092737 133.78122790,34.18084470 133.78107590,34.18075870 133.78090490,34.18061670 133.78074390,34.18041270 133.78057190,34.18032570 133.78038190,34.18025570 133.78024490,34.18017170 133.78014000,34.17991000 133.78000400,34.17964500 133.77980500,34.17945600 133.77956200,34.17932600 133.77918400,34.17926100 133.77920600,34.17916700 133.77928400,34.17887800 133.77929100,34.17858900 133.77924200,34.17843000 133.77855700,34.17761000 133.77824200,34.17725900 133.77784700,34.17652200 133.77766800,34.17618900 133.77761100,34.17611800 133.77735100,34.17595200 133.77723200,34.17579900 133.77709900,34.17561000 133.77689500,34.17545200 133.77666200,34.17533400 133.77651500,34.17523600 133.77634300,34.17508700 133.77632900,34.17495700 133.77635300,34.17465800 133.77634800,34.17437500 133.77628200,34.17423300 133.77607300,34.17411900 133.77584000,34.17400900 133.77541200,34.17389100 133.77476000,34.17364500 133.77386600,34.17351100 133.77338100,34.17346400 133.77264900,34.17349500 133.77153700,34.17400700 133.77033900,34.17473800 133.76967300,34.17506900 133.76824700,34.17506900 133.76652600,34.17510800 133.76619400,34.17486000 133.76591600,34.17488400 133.76486800,34.17427600 133.76466800,34.17424700 133.76429700,34.17434100 133.76409800,34.17444100 133.76389800,34.17428800 133.76378400,34.17397500 133.76386200,34.17385100 133.76416200,34.17342700 133.76449000,34.17313800 133.76476100,34.17296700 133.76498900,34.17286000 133.76511700,34.17273100 133.76519600,34.17255400 133.76545900,34.17228000 133.76578700,34.17193800 133.76596600,34.17157800 133.76603000,34.17074600 133.76606600,34.17060400 133.76623700,34.17051000 133.76625800,34.17040400 133.76609400,34.16970800 133.76615800,34.16956000 133.76621500,34.16945400 133.76618000,34.16932300 133.76614400,34.16920500 133.76620100,34.16910500 133.76623700,34.16904000 133.76620100,34.16881600 133.76617300,34.16867400 133.76613700,34.16858600 133.76602300,34.16849700 133.76598700,34.16840900 133.76598000,34.16819600 133.76574500,34.16810200 133.76508200,34.16813100 133.76510300,34.16800700 133.76467500,34.16791300 133.76449000,34.16790100 133.76445400,34.16771800 133.76324200,34.16668000 133.76288500,34.16580700 133.76197300,34.16403800 133.76187300,34.16393800 133.76177300,34.16363100 133.76165200,34.16346600 133.76151600,34.16339500 133.75999300,34.16304700 133.75987200,34.16302900 133.75958700,34.16281700 133.75925200,34.16258100 133.75893800,34.16238600 133.75853200,34.16229200 133.75796800,34.16212900 133.75767600,34.16211100 133.75704100,34.16216400 133.75690600,34.16218800 133.75672000,34.16260100 133.75581500,34.16265400 133.75556500,34.16256500 133.75562200,34.16218200 133.75554400,34.16202900 133.75538400,34.16196400 133.75512000,34.16198100 133.75477100,34.16208200 133.75467800,34.16198700 133.75486400,34.16141500 133.75504900,34.16114900 133.75512000,34.16053000 133.75512000,34.16032800 133.75516300,34.16021600 133.75559800,34.15996200 133.75641800,34.16013900 133.75654900,34.16011100 133.75693500,34.15901900 133.75701800,34.15884700 133.75713100,34.15866000 133.75728000,34.15861100 133.75755900,34.15861100 133.75773700,34.15857700 133.75790400,34.15848300 133.75834900,34.15806500 133.75904000,34.15744900 133.75914700,34.15739000 133.75922400,34.15736100 133.75942000,34.15736600 133.75951500,34.15729200 133.75955100,34.15723800 133.75980700,34.15708600 133.75968800,34.15683500 133.75949200,34.15668200 133.75937300,34.15657400 133.75930800,34.15643700 133.75931300,34.15569400 133.75941400,34.15538900 133.75927800,34.15511000 133.75907600,34.15497200 133.75885000,34.15482500 133.75872500,34.15471700 133.75851700,34.15468700 133.75801800,34.15458400 133.75784600,34.15431800 133.75774500,34.15417100 133.75761400,34.15401300 133.75762600,34.15382600 133.75755500,34.15360500 133.75729900,34.15349200 133.75710300,34.15330500 133.75715100,34.15320700 133.75756100,34.15317300 133.75784000,34.15310900 133.75799400,34.15302000 133.75832700,34.15246200 133.75836300,34.15236400 133.75832700,34.15229500 133.75820800,34.15190700 133.75801800,34.15180400 133.75777500,34.15174500 133.75757800,34.15164600 133.75739400,34.15122800 133.75742400,34.15092300 133.75735300,34.15075100 133.75700800,34.15026400 133.75658600,34.14969300 133.75738000,34.14926100 133.75779400,34.14881600 133.75793700,34.14855600 133.75769400,34.14848200 133.75750400,34.14841100 133.75728500,34.14832400 133.75718100,34.14827000 133.75712800,34.14822700 133.75701900,34.14810100 133.75691400,34.14798700 133.75682400,34.14792400 133.75671000,34.14786100 133.75644900,34.14782200 133.75577400,34.14772300 133.75525100,34.14764100 133.75498500,34.14762500 133.75487000,34.14767600 133.75474200,34.14774700 133.75454200,34.14793200 133.75442400,34.14800600
			</coordinates>
		</LineString>
	</Placemark>
	<Placemark>
		<name>SHIKOKU_KGW_19</name>
		<description>宮川沿いの歴史のみち</description>
		<styleUrl>#lineStyle0</styleUrl>
		<LineString>
			<coordinates> 133.75412400,34.14815200 133.75392800,34.14837500 133.75372400,34.14867800 133.75349100,34.14877600 133.75326800,34.14882700 133.75291600,34.14883900 133.75239800,34.14875600 133.75133800,34.14842600 133.75028700,34.14819800 133.74941200,34.14809100 133.74888000,34.14804800 133.74839000,34.14750500 133.74780100,34.14682500 133.74691700,34.14598000 133.74622300,34.14538900 133.74546300,34.14476300 133.74561800,34.14468900 133.74514200,34.14413800 133.74486300,34.14386800 133.74460200,34.14367100 133.74379400,34.14324800 133.74290800,34.14281600 133.74259300,34.14263400 133.74230200,34.14254500 133.74204700,34.14250100 133.74153000,34.14241900 133.74165800,34.14227800 133.74121600,34.14223700 133.74076700,34.14216000 133.74018200,34.14200600 133.73987500,34.14190000 133.73953300,34.14178800 133.73922700,34.14172900 133.73877000,34.14166400 133.73832800,34.14164600 133.73762200,34.14157000 133.73675200,34.14144600 133.73654600,34.14233700 133.73579000,34.14233700 133.73553300,34.14240200 133.73468900,34.14260200 133.73442500,34.14263800 133.73406100,34.14265600 133.73371200,34.14257300 133.73329100,34.14314500 133.73327000,34.14339300 133.73309200,34.14344600 133.73269900,34.14360000 133.73221500,34.14431400 133.73214300,34.14437300 133.73183000,34.14447900 133.73147300,34.14460900 133.73137300,34.14467400 133.73133800,34.14483200 133.73122300,34.14491500 133.73115200,34.14495000 133.73102400,34.14495000 133.73093800,34.14493800 133.73080300,34.14488500 133.73035400,34.14487900 133.73021200,34.14495000 133.73002700,34.14504400 133.72961300,34.14512100 133.72942800,34.14513300 133.72922800,34.14510900 133.72897200,34.14504400 133.72872900,34.14503800 133.72861500,34.14494400 133.72851500,34.14479700 133.72843000,34.14479700 133.72830100,34.14477900 133.72816600,34.14369900 133.72818000,34.14349700 133.72822300,34.14326700 133.72661200,34.14242300 133.72594100,34.14209300 133.72569200,34.14203900 133.72527100,34.14198000 133.72507100,34.14189800 133.72489300,34.14175600 133.72479300,34.14167900 133.72414400,34.14065800 133.72394500,34.14079400 133.72369500,34.14095400 133.72309500,34.14111900 133.72195400,34.14133100 133.72147600,34.14141400 133.72080600,34.14157300 133.71995000,34.14173300 133.71998600,34.14197300 133.71972500,34.14220900 133.71951100,34.14227200 133.71936800,34.14240900 133.71882100,34.14218100 133.71877900,34.14212600 133.71874100,34.14209100 133.71863000,34.14205700 133.71857500,34.14200800 133.71838500,34.14199200 133.71832800,34.14192700 133.71821800,34.14178200 133.71815400,34.14174600 133.71808100,34.14172100 133.71779100,34.14172300 133.71768100,34.14169300 133.71757900,34.14164600 133.71752400,34.14162000 133.71749800,34.14157700 133.71749800,34.14151000 133.71748900,34.14141600 133.71748300,34.14138100 133.71743300,34.14133500 133.71732900,34.14127800 133.71727800,34.14123900 133.71724600,34.14121200 133.71719800,34.14114300 133.71717100,34.14106200 133.71717700,34.14076400 133.71709100,34.14063600 133.71683000,34.14051600 133.71679700,34.14038600 133.71662800,34.14008300 133.71648700,34.13982300 133.71629700,34.13974800 133.71580300,34.13891800 133.71432000,34.13967300 133.71378200,34.13889400 133.71364000,34.13879600 133.71346400,34.13867400 133.71337800,34.13867400 133.71329800,34.13871700 133.71326000,34.13877200 133.71324500,34.13887100 133.71298900,34.13887400 133.71296000,34.13893700 133.71270300,34.13941300 133.71233300,34.13954300 133.71227100,34.14003900 133.71162000,34.14032600 133.71178600,34.14079100 133.71213000,34.14149400 133.71191600,34.14148400 133.71145900,34.14135100 133.71133400,34.14132200 133.71106100,34.14115000 133.70997300,34.14040200 133.70975300,34.14028900 133.70948000,34.14018600 133.70893300,34.14008200 133.70869000,34.14004800 133.70864800,34.14032300 133.70803000,34.14015600 133.70766800,34.14003300 133.70692500,34.13966900 133.70649800,34.13933900 133.70614100,34.13913800 133.70594500,34.13902500 133.70570100,34.13891600 133.70555900,34.13888200 133.70533900,34.13886700 133.70515500,34.13888200 133.70492300,34.13895600 133.70468500,34.13908900 133.70445400,34.13922600 133.70422800,34.13929500 133.70380000,34.13938400 133.70334200,34.13936900 133.70290900,34.13935900 133.70261200,34.13931500 133.70236200,34.13920200 133.70217200,34.13910800 133.70198200,34.13893600 133.70167200,34.13868400 133.70142200,34.13845300 133.70125600,34.13832500 133.70099500,34.13822200 133.70065000,34.13812400 133.70046600,34.13810900 133.70017500,34.13813400 133.69980000,34.13817300 133.69949100,34.13818300 133.69918200,34.13816300 133.69886700,34.13810900 133.69855200,34.13800600 133.69824300,34.13793700 133.69805300,34.13787800 133.69776800,34.13787800 133.69762500,34.13795200 133.69679400,34.13892500 133.69677000,34.13922500 133.69663300,34.13961900 133.69631800,34.13998300 133.69601500,34.14008600 133.69582500,34.14012000 133.69551000,34.14012000 133.69520700,34.14005600 133.69493400,34.13994300 133.69476000,34.13984500 133.69451700,34.13959400 133.69417800,34.13925500 133.69311400,34.13976100
			</coordinates>
		</LineString>
	</Placemark>
	<Placemark>
		<name>SHIKOKU_KGW_20</name>
		<description>不動の滝とみのりのみち</description>
		<styleUrl>#lineStyle0</styleUrl>
		<LineString>
			<coordinates> 133.69311400,34.13976100 133.69253800,34.14018400 133.69222900,34.14035200 133.69203300,34.14042500 133.68977600,34.14159400 133.68717100,34.14274300 133.68265300,34.14485500 133.68150300,34.14552400 133.68199700,34.14569700 133.68246300,34.14592500 133.68267200,34.14612200 133.68279600,34.14626300 133.68281100,34.14639200 133.68271600,34.14647100 133.68239300,34.14660500 133.68226900,34.14647100 133.68224100,34.14640800 133.68216500,34.14626600 133.68185100,34.14643200 133.68154700,34.14661300 133.68106200,34.14682500 133.68065300,34.14701400 133.67984500,34.14745500 133.67964500,34.14748600 133.67834300,34.14813100 133.67806700,34.14828900 133.67796200,34.14899700 133.67814300,34.14942900 133.67829500,34.14946900 133.67820000,34.14972000 133.67775300,34.14971300 133.67757300,34.14977600 133.67710700,34.14979900 133.67679300,34.14989400 133.67682200,34.15008200 133.67671700,34.15017700 133.67666000,34.15038900 133.67665000,34.15046000 133.67644100,34.15061700 133.67621300,34.15059400 133.67604200,34.15049900 133.67591800,34.15008200 133.67595600,34.14990100 133.67574700,34.14998800 133.67546200,34.14995700 133.67527200,34.15001900 133.67483500,34.15036600 133.67436300,34.15049900 133.67390700,34.15059400 133.67346900,34.15081400 133.67322200,34.15092400 133.67297500,34.15094800 133.67262300,34.15101100 133.67243300,34.15108200 133.67227100,34.15129400 133.67211900,34.15144400 133.67155800,34.15181300 133.67175800,34.15132600 133.67156800,34.15111300 133.67157700,34.15071200 133.67162500,34.15054700 133.67174900,34.15043600 133.67222400,34.15043600 133.67268000,34.15047600 133.67352600,34.15000400 133.67442000,34.14957100 133.67490500,34.14931100 133.67603600,34.14837500 133.67588400,34.14832900 133.67565600,34.14821900 133.67553200,34.14809300 133.67541800,34.14796800 133.67529500,34.14789700 133.67521900,34.14792000 133.67481000,34.14769200 133.67490500,34.14759800 133.67510500,34.14753500 133.67545600,34.14711800 133.67570400,34.14711000 133.67589400,34.14707100 133.67601700,34.14694500 133.67613100,34.14658300 133.67648300,34.14655100 133.67678700,34.14650400 133.67694900,34.14641000 133.67705400,34.14629900 133.67685400,34.14587500 133.67668300,34.14535500 133.67656900,34.14496200 133.67728000,34.14439800 133.67720400,34.14424100 133.67719400,34.14413100 133.67739400,34.14381600 133.67754600,34.14358800 133.67749900,34.14351700 133.67747900,34.14332100 133.67756500,34.14309200 133.67779300,34.14277800 133.67785000,34.14258900 133.67783100,34.14233700 133.67765100,34.14210900 133.67734600,34.14188100 133.67690900,34.14167600 133.67669000,34.14155800 133.67651000,34.14140100 133.67643400,34.14119600 133.67632900,34.14104600 133.67577800,34.14055200 133.67549200,34.14035600 133.67544500,34.14027700 133.67385700,34.13967100 133.67341000,34.13941100 133.67304900,34.13913600 133.67280200,34.13899400 133.67086200,34.13827800 133.66993800,34.13806600 133.66653500,34.13705900 133.66592600,34.13749900 133.66553700,34.13776700 133.66533700,34.13792400 133.66506100,34.13827000 133.66482400,34.13856200 133.66452900,34.13875800 133.66364500,34.13907300 133.66330200,34.13927000 133.66276000,34.13938000 133.66258000,34.13960000 133.66225700,34.13970200 133.66162000,34.14034000 133.66130600,34.14060000 133.66094500,34.14093000 133.66067800,34.14128700 133.66058300,34.14138200 133.66036500,34.14153100 133.66005100,34.14166500 133.66000300,34.14174400 133.65973700,34.14212100 133.65713200,34.14341200 133.65689500,34.14362400 133.65673300,34.14383700 133.65667600,34.14443500 133.65685600,34.14490700 133.65673300,34.14499300 133.65652400,34.14508800 133.65622900,34.14526900 133.65556400,34.14571700 133.65496500,34.14603100 133.65447700,34.14624700 133.65365700,34.14697500 133.65292100,34.14762400 133.65220700,34.14843000 133.65205300,34.14865700 133.65204100,34.14896200 133.65232600,34.14935500 133.65281400,34.14971900 133.65314600,34.15012200 133.65298000,34.15042700 133.65309900,34.15056500 133.65342000,34.15073200 133.65314600,34.15116800 133.65279000,34.15164100 133.65227900,34.15133600 133.65186300,34.15126700 133.65181500,34.15093200 133.65166100,34.15096200 133.65149400,34.15106000 133.65122100,34.15144400 133.65126900,34.15160100 133.65134000,34.15174900 133.65130400,34.15197500 133.65115000,34.15213200 133.65084100,34.15240800 133.65087600,34.15206300 133.65088800,34.15191600 133.65081700,34.15184700 133.65059100,34.15182700 133.64970000,34.15191600
			</coordinates>
		</LineString>
	</Placemark>
	<Placemark>
		<name>SHIKOKU_KGW_28</name>
		<description>五色台のへんろみち</description>
		<styleUrl>#lineStyle0</styleUrl>
		<LineString>
			<coordinates> 133.94539100,34.30175000 133.94430700,34.30166800 133.94358400,34.30167400 133.94350900,34.30381500 133.94285300,34.30380800 133.94244400,34.30384700 133.94253900,34.30438900 133.94257700,34.30452200 133.94249100,34.30465600 133.94240600,34.30478100 133.94226300,34.30486000 133.94206400,34.30491500 133.94208300,34.30596100 133.94207300,34.30680900 133.94177800,34.30712300 133.94165500,34.30743700 133.94156000,34.30765700 133.94463100,34.30824600 133.94478300,34.30831700 133.94497300,34.30856000 133.94520100,34.30885900 133.94527700,34.30915700 133.94529600,34.30961300 133.94610400,34.30956600 133.94621800,34.30950300 133.94778700,34.30940800 133.94767300,34.30965200 133.94769200,34.30992700 133.94776800,34.31042000 133.94776800,34.31070300 133.94768200,34.31099300 133.94756800,34.31136200 133.94800600,34.31230500 133.94801500,34.31264200 133.94810100,34.31336500 133.94818600,34.31364700 133.94858600,34.31426000 133.94876600,34.31462000 133.94882300,34.31501200 133.94873800,34.31510600 133.94865200,34.31537300 133.94867100,34.31564000 133.94885200,34.31581300 133.94902300,34.31591500 133.94897500,34.31621400 133.94884200,34.31659800 133.94883300,34.31686500 133.94863300,34.31749400 133.94861400,34.31768200 133.94842400,34.31788600 133.94824300,34.31864000 133.94865200,34.31840400 133.94873800,34.31838900 133.94870000,34.31861600 133.94871900,34.31886000 133.94856700,34.31928500 133.94835700,34.31966200 133.94833800,34.31992900 133.94828100,34.32001600 133.94810100,34.32002300 133.94766300,34.32022000 133.94757800,34.32033000 133.94770100,34.32034500 133.94812000,34.32033800 133.94815800,34.32036900 133.94783400,34.32068300 133.94752100,34.32095000 133.94734000,34.32107600 133.94704500,34.32119300 133.94696900,34.32126400 133.94700700,34.32131100 133.94728300,34.32124800 133.94737800,34.32124800 133.94760600,34.32133500 133.94780600,34.32139000 133.94805300,34.32136600 133.94820500,34.32136600 133.94841400,34.32135800 133.94852900,34.32139000 133.94843300,34.32151500 133.94849000,34.32157800 133.94857600,34.32175100 133.94842400,34.32179000 133.94834800,34.32184500 133.94845200,34.32187700 133.94858600,34.32199400 133.94858600,34.32205700 133.94850000,34.32211200 133.94875700,34.32223800 133.94871900,34.32227700 133.94849000,34.32229300 133.94833800,34.32240300 133.94856700,34.32242600 133.94870000,34.32252800 133.94853800,34.32256800 133.94828100,34.32270900 133.94800600,34.32285000 133.94781500,34.32309400 133.94779600,34.32331300 133.94773900,34.32353300 133.94775800,34.32383200 133.94763500,34.32421600 133.94765400,34.32478200 133.94777700,34.32513500 133.94799600,34.32535500 133.94831900,34.32568500 133.94842400,34.32583400 133.94819600,34.32600600 133.94773900,34.32639900 133.94744500,34.32697200 133.94733100,34.32717800 133.94699800,34.32756300 133.94674100,34.32802600 133.94659900,34.32841100 133.94659900,34.32877200 133.94668400,34.32918000 133.94693100,34.32953300 133.94720700,34.32976900 133.94747300,34.32997300 133.94754000,34.33019300 133.94787300,34.33059300 133.94815800,34.33078900 133.94847100,34.33082900 133.94868100,34.33080500 133.94894700,34.33059300 133.94910800,34.33054600 133.94921300,34.33070300 133.94921300,34.33090700 133.94947000,34.33132300 133.94965000,34.33158200 133.94982200,34.33169200
			</coordinates>
		</LineString>
	</Placemark>
	<Placemark>
		<name>SHIKOKU_KGW_28</name>
		<description>五色台のへんろみち</description>
		<styleUrl>#lineStyle0</styleUrl>
		<LineString>
			<coordinates> 133.94988800,34.33170800 133.95027800,34.33181300 133.95052800,34.33182300 133.95077700,34.33185200 133.95095600,34.33195000 133.95102700,34.33220500 133.95116900,34.33240200 133.95140700,34.33254900 133.95174000,34.33272500 133.95200100,34.33286300 133.95215600,34.33315700 133.95223900,34.33336300 133.95244100,34.33365800 133.95261900,34.33384400 133.95288100,34.33398200 133.95321300,34.33397200 133.95354600,34.33391300 133.95389100,34.33404000 133.95423500,34.33442300 133.95458000,34.33475500 133.95506700,34.33515700 133.95561400,34.33547100 133.95622000,34.33561800 133.95726600,34.33583400 133.95856100,34.33591300 133.95896500,34.33601100 133.95923900,34.33619700 133.95947600,34.33624600 133.95960700,34.33631500 133.95964300,34.33654100 133.95960700,34.33687400 133.95952400,34.33715900 133.95946400,34.33743400 133.95953600,34.33771800 133.95961900,34.33802300 133.95969000,34.33834600 133.95965500,34.33878800 133.95969000,34.33917100 133.95962400,34.33944900 133.95981400,34.33945900 133.96019400,34.33962600 133.96050300,34.33980300 133.96087200,34.34001800 133.96115700,34.34025400 133.96150100,34.34055800 133.96163200,34.34070500 133.96196500,34.34080300 133.96233300,34.34114700 133.96240500,34.34138200 133.96227400,34.34180400 133.96204800,34.34223600 133.96192900,34.34250100 133.96178700,34.34285400 133.96168000,34.34317800 133.96181000,34.34347200 133.96188200,34.34370800 133.96203600,34.34393400 133.96202400,34.34373700 133.96201200,34.34351200 133.96204800,34.34324700 133.96222600,34.34297200 133.96258300,34.34283500 133.96233300,34.34315800 133.96227400,34.34337400 133.96251200,34.34317800 133.96330800,34.34291300 133.96326000,34.34304100 133.96346200,34.34307000 133.96326000,34.34324700 133.96361700,34.34310900 133.96353400,34.34327600 133.96364000,34.34324700 133.96345000,34.34339400 133.96364000,34.34335500 133.96381900,34.34330600 133.96412800,34.34333500 133.96441300,34.34331500 133.96457900,34.34332500 133.96440100,34.34343300 133.96493600,34.34361000 133.96496000,34.34365900 133.96459100,34.34372800 133.96475800,34.34377700 133.96486500,34.34396300 133.96513800,34.34406100 133.96545900,34.34429700 133.96560100,34.34452200 133.96593400,34.34459100 133.96610000,34.34478700 133.96626700,34.34494400 133.96665900,34.34499300 133.96727200,34.34561500 133.96711800,34.34596900 133.96679700,34.34665600 133.96679700,34.34705800 133.96672600,34.34757800 133.96670200,34.34813700 133.96673700,34.34847100 133.96682100,34.34888300 133.96691600,34.34905900 133.96702300,34.34913800 133.96749800,34.34909900 133.96792600,34.34894200 133.96827000,34.34858800 133.96850800,34.34803900 133.96856800,34.34793100 133.96872200,34.34792100 133.96867500,34.34809800 133.96860300,34.34860800 133.96853200,34.34893200 133.96860300,34.34908900 133.96887700,34.34883400 133.96909000,34.34863700 133.96928100,34.34844100 133.96957800,34.34819600 133.96978000,34.34803900 133.96997000,34.34776400 133.97006500,34.34758800 133.97030300,34.34734200 133.97033800,34.34745000 133.97027900,34.34776400 133.97029100,34.34787200 133.97049300,34.34776400 133.97070700,34.34760700 133.97109900,34.34754800 133.97140800,34.34733300 133.97172900,34.34733300 133.97197800,34.34747000 133.97202600,34.34767600 133.97227500,34.34770500 133.97243000,34.34781300 133.97269100,34.34785300 133.97301200,34.34789200 133.97308300,34.34805900 133.97317900,34.34814700 133.97334500,34.34824500 133.97355900,34.34825500 133.97380800,34.34820600 133.97401000,34.34793100 133.97417700,34.34769600 133.97448600,34.34755800 133.97480700,34.34743100 133.97502100,34.34747000 133.97542500,34.34741100 133.97572200,34.34735200 133.97604300,34.34737200 133.97613800,34.34744000 133.97634000,34.34767600 133.97653000,34.34793100 133.97684600,34.34825500 133.97702400,34.34833300 133.97741600,34.34838200 133.97783200,34.34834300 133.97811800,34.34840200 133.97828400,34.34852000 133.97847400,34.34882400 133.97862900,34.34912800 133.97900900,34.34974600 133.97921100,34.35006200 133.97956700,34.35025800 133.97986400,34.35037600 133.98006700,34.35040600 133.98041100,34.35031700 133.98068400,34.35031700 133.98102900,34.35052300 133.98145700,34.35061200 133.98188500,34.35067000 133.98239600,34.35080800 133.98293100,34.35080800 133.98371500,34.35078800 133.98409500,34.35081800 133.98438000,34.35088600 133.98460600,34.35113200 133.98477300,34.35144600 133.98503400,34.35166100 133.98540200,34.35177900 133.98624600,34.35186700 133.98669800,34.35191600 133.98726600,34.35205400 133.98761000,34.35230900 133.98797900,34.35246600 133.98822800,34.35252500 133.98863200,34.35243600 133.98913200,34.35237800 133.98939300,34.35239700 133.98977300,34.35252500
			</coordinates>
		</LineString>
	</Placemark>
	<Placemark>
		<name>SHIKOKU_KGW_28</name>
		<description>五色台のへんろみち</description>
		<styleUrl>#lineStyle0</styleUrl>
		<LineString>
			<coordinates> 133.90690000,34.33579200 133.91226300,34.33594200 133.91258600,34.33632600 133.91293800,34.33670300 133.91303300,34.33696200 133.91307100,34.33767600 133.91304200,34.33796700 133.91290900,34.33838300 133.91269000,34.33882300 133.91262400,34.33900300 133.91260500,34.33928600 133.91276600,34.33959800 133.91311800,34.33999100 133.91353700,34.34028900 133.91400200,34.34039100 133.91456300,34.34038300 133.91544000,34.34037500 133.91573500,34.34046200 133.91598200,34.34043800 133.91620000,34.34031300 133.91641000,34.34017100 133.91663800,34.34019500 133.91703700,34.34050100 133.91732200,34.34061100 133.91757900,34.34062700 133.91783600,34.34056400 133.91803500,34.34042200 133.91833000,34.34034400 133.91913800,34.34036800 133.91951800,34.34027300 133.91976600,34.34009300 133.92014600,34.33977900 133.92031700,34.33944900 133.92043100,34.33900200 133.92053600,34.33875000 133.92069700,34.33842900 133.92072600,34.33821700 133.92083000,34.33809100 133.92104000,34.33797800 133.92146700,34.33779000 133.92170500,34.33754600 133.92191400,34.33736600 133.92234200,34.33720100 133.92284600,34.33682400 133.92329300,34.33647800 133.92367300,34.33632900 133.92372100,34.33622700 133.92367300,34.33614900 133.92406300,34.33592100 133.92419600,34.33567800 133.92384400,34.33589800 133.92355900,34.33597600 133.92265600,34.33625900 133.92341600,34.33490800 133.92358800,34.33483800 133.92439600,34.33449900 133.92495700,34.33435700 133.92549800,34.33412200 133.92591700,34.33388600 133.92630700,34.33362700 133.92649700,34.33337600 133.92665800,34.33320300 133.92705800,34.33310100 133.92736200,34.33310100 133.92759000,34.33300700 133.92780900,34.33282600 133.92832200,34.33248900 133.92849300,34.33245700 133.92861700,34.33247300 133.92867400,34.33255900 133.92874000,34.33259100 133.92880700,34.33255200 133.92892100,34.33246500 133.92900700,34.33234700 133.92935800,34.33232400 133.92967200,34.33241000 133.93002400,34.33241800 133.93043500,34.33230000 133.93097700,34.33212000 133.93139500,34.33208100 133.93224100,34.33207300 133.93244100,34.33201000 133.93257400,34.33183700 133.93284000,34.33159400 133.93295400,34.33117800 133.93357200,34.33075400 133.93391400,34.33033800 133.93403800,34.33013400 133.93413300,34.33004700 133.93449400,34.32998400 133.93479800,34.33011800 133.93518800,34.33011000 133.93564500,34.32986700 133.93605300,34.32950500 133.93632000,34.32937200 133.93709300,34.32901800 133.93740700,34.32878300 133.93773500,34.32879500 133.93807700,34.32870000 133.93842000,34.32844100 133.93870500,34.32834700 133.93883300,34.32843000 133.93903300,34.32863000 133.93913300,34.32891200 133.93938900,34.32893600 133.93968900,34.32901800 133.94023100,34.32893600 133.94070100,34.32878300 133.94087300,34.32884200 133.94114400,34.32918300 133.94140000,34.32938400 133.94181400,34.32959600 133.94218500,34.32976000 133.94253700,34.32946200 133.94284400,34.32923200 133.94298700,34.32922600 133.94325800,34.32922000 133.94354300,34.32915600 133.94384200,34.32903800 133.94419900,34.32895500 133.94431300,34.32900800 133.94439900,34.32895000 133.94455500,34.32896100 133.94468400,34.32899100 133.94471200,34.32907300 133.94472700,34.32927900 133.94478400,34.32933200 133.94486900,34.32927900 133.94486900,34.32919100 133.94488300,34.32912600 133.94491900,34.32911400 133.94505500,34.32911400 133.94515400,34.32929100 133.94519700,34.32937900 133.94525400,34.32943800 133.94531800,34.32946800 133.94533300,34.32956200 133.94528300,34.32963300 133.94525400,34.32969700 133.94525400,34.32986200 133.94529700,34.32996200 133.94539000,34.33002100 133.94551800,34.33006200 133.94560400,34.33015100 133.94573900,34.33038600 133.94583200,34.33047500 133.94583900,34.33055100 133.94583900,34.33069200 133.94590300,34.33080400 133.94596000,34.33088700 133.94621700,34.33096900 133.94628100,34.33104000 133.94642400,34.33100500 133.94650200,34.33096900 133.94654500,34.33098100 133.94655200,34.33108100 133.94662300,34.33118700 133.94675200,34.33128700 133.94686600,34.33130500 133.94704400,34.33125200 133.94720800,34.33124600 133.94735800,34.33132800 133.94745700,34.33141100 133.94766400,34.33145800 133.94793500,34.33149900 133.94814200,34.33160500 133.94843600,34.33154800 133.94875700,34.33139100 133.94893500,34.33134200 133.94926800,34.33149900 133.94944600,34.33167500
			</coordinates>
		</LineString>
	</Placemark>
	<Placemark>
		<name>SHIKOKU_KGW_08</name>
		<description>長柄ダムとサクラのみち</description>
		<styleUrl>#lineStyle0</styleUrl>
		<LineString>
			<coordinates> 133.94859500,34.20112300 133.94873700,34.20054900 133.94884200,34.20032900 133.94897500,34.20027300 133.94917500,34.20043900 133.94985900,34.20105200 133.94981200,34.20162600 133.94993500,34.20187800 133.95003000,34.20209000 133.95081900,34.20224700 133.95103800,34.20140600 133.95134200,34.20099700 133.95139000,34.20078500 133.95166500,34.20060400 133.95178000,34.20039900 133.95197000,34.20021800 133.95206500,34.20014000 133.95206500,34.20003800 133.95226400,34.20003800 133.95248300,34.19990400 133.95259700,34.19977000 133.95270200,34.19971500 133.95282500,34.19969900 133.95307300,34.19961300 133.95308200,34.19951900 133.95308200,34.19929100 133.95303500,34.19916500 133.95309200,34.19904700 133.95314900,34.19892900 133.95344300,34.19877900 133.95369100,34.19863000 133.95374800,34.19835500 133.95373800,34.19783000 133.95384300,34.19728700 133.95394700,34.19702000 133.95405200,34.19690200 133.95421300,34.19683900 133.95444200,34.19669700 133.95448900,34.19624900 133.95467900,34.19591900 133.95476500,34.19571400 133.95473600,34.19565900 133.95460300,34.19569900 133.95444200,34.19581700 133.95436600,34.19591100 133.95448000,34.19529000 133.95487900,34.19522700 133.95525000,34.19508500 133.95552500,34.19500700 133.95587700,34.19499900 133.95641900,34.19521900 133.95682600,34.19543100 133.95712100,34.19555700 133.95733000,34.19554900 133.95747200,34.19547800 133.95761500,34.19535300 133.95786200,34.19537600 133.95808100,34.19555700 133.95824300,34.19584000 133.95834700,34.19603700 133.95862300,34.19607600 133.95871800,34.19616200 133.95871800,34.19625700 133.95866100,34.19635100 133.95852800,34.19642200 133.95843300,34.19646100 133.95855600,34.19687800 133.95862300,34.19697200 133.95940200,34.19696500 133.95959300,34.19701200 133.95974500,34.19716900 133.95984900,34.19734200 133.96020100,34.19753100 133.96033400,34.19710600 133.96045800,34.19694100 133.96141800,34.19642200 133.96167500,34.19626500 133.96191200,34.19602900 133.96221700,34.19559600 133.96248300,34.19527400 133.96254000,34.19506900 133.96260600,34.19487300 133.96280600,34.19479400 133.96313500,34.19480400 133.96359100,34.19529900 133.96463200,34.19499200 133.96453300,34.19466200 133.96449000,34.19440300 133.96511700,34.19420200 133.96567300,34.19424900 133.96631500,34.19387200 133.96697100,34.19391900 133.96745600,34.19414300 133.96844900,34.19345000 133.96854800,34.19288300 133.96877700,34.19245900 133.96880500,34.19217600 133.96874800,34.19194000 133.96899000,34.19179800 133.96926100,34.19163300 133.96950400,34.19155000 133.96990300,34.19164500 133.97013100,34.19176300 133.97016000,34.19191600 133.96997400,34.19216400 133.96991700,34.19232900 133.96991700,34.19244700 133.97003100,34.19252900 133.97016000,34.19238800 133.97026000,34.19224600 133.97054500,34.19195100 133.97075900,34.19176300 133.97095800,34.19173900 133.97115800,34.19182200 133.97132900,34.19186900 133.97155700,34.19185700 133.97165700,34.19189200 133.97170000,34.19210500 133.97191400,34.19204600 133.97214200,34.19212800 133.97233000,34.19225200 133.97233600,34.19228700 133.97227700,34.19233100 133.97218800,34.19233100 133.97205100,34.19236500 133.97190200,34.19250300 133.97180700,34.19257200 133.97167700,34.19268500 133.97158700,34.19287700 133.97151000,34.19309800 133.97154600,34.19324500 133.97165300,34.19341700 133.97184900,34.19354000 133.97196800,34.19369200 133.97196200,34.19386900 133.97186100,34.19412500 133.97167100,34.19427700 133.97143300,34.19437100 133.97130800,34.19442500 133.97117100,34.19452300 133.97113000,34.19461200 133.97118900,34.19468000 133.97155200,34.19473900 133.97187300,34.19483800 133.97228300,34.19506400 133.97240100,34.19517200 133.97250800,34.19531100 133.97247900,34.19547400 133.97237200,34.19568500 133.97222300,34.19589100 133.97219900,34.19597000 133.97220500,34.19603400 133.97230000,34.19607800 133.97239000,34.19606800 133.97291200,34.19564600 133.97297200,34.19541500 133.97318000,34.19529700 133.97339400,34.19520800 133.97359300,34.19494800 133.97376000,34.19490800 133.97401500,34.19483500 133.97427100,34.19483500 133.97475200,34.19488900 133.97497800,34.19495800 133.97516800,34.19506600 133.97534600,34.19519800 133.97559000,34.19540500 133.97575600,34.19559600 133.97586900,34.19580800 133.97598200,34.19599000 133.97614800,34.19609300 133.97636200,34.19613200 133.97668300,34.19606300 133.97704600,34.19604900 133.97728900,34.19601900 133.97733700,34.19625000 133.97745600,34.19643200 133.97751500,34.19656500 133.97734900,34.19671200 133.97704000,34.19697800 133.97686100,34.19718500 133.97663600,34.19751900 133.97675500,34.19788300 133.97685600,34.19828600 133.97711100,34.19857100 133.97749700,34.19903300 133.97790100,34.19957800 133.97809700,34.19984400 133.97861400,34.20033500 133.97916100,34.20012400 133.97957700,34.20001600 133.98007600,34.19994700 133.98067600,34.19979900 133.98111000,34.19959800 133.98162700,34.19925400 133.98197200,34.19896900 133.98220900,34.19888500 133.98238800,34.19888500 133.98258400,34.19902300 133.98287300,34.19918900 133.98330100,34.19927200 133.98382900,34.19937800 133.98459900,34.19986200 133.98468400,34.20023900 133.98475600,34.20069900 133.98484100,34.20094700 133.98529700,34.20120600 133.98549700,34.20160700 133.98574000,34.20191400 133.98593900,34.20219700 133.98593900,34.20235000 133.98581100,34.20253900 133.98578200,34.20271600 133.98583900,34.20288100 133.98586800,34.20329400 133.98589600,34.20350600 133.98599600,34.20376600 133.98599600,34.20402500 133.98595300,34.20423800 133.98588200,34.20436700 133.98576300,34.20453400 133.98568000,34.20462700 133.98556700,34.20473600 133.98554900,34.20479500 133.98557300,34.20485400 133.98565600,34.20488800 133.98575100,34.20495700 133.98592400,34.20513900 133.98595900,34.20520700 133.98611400,34.20530600 133.98619700,34.20540900 133.98620300,34.20551700 133.98614400,34.20565900 133.98612600,34.20577700 133.98616700,34.20586600 133.98620900,34.20595400 133.98614400,34.20611200 133.98651800,34.20635700 133.98664300,34.20640200 133.98672000,34.20643600 133.98682700,34.20652900 133.98723100,34.20663200 133.98764700,34.20665700
			</coordinates>
		</LineString>
	</Placemark>
	<Placemark>
		<name>SHIKOKU_KGW_09</name>
		<description>丘のみち</description>
		<styleUrl>#lineStyle0</styleUrl>
		<LineString>
			<coordinates> 133.98764700,34.20665700 133.98694000,34.20701100 133.98600700,34.20741400 133.98598300,34.20770800 133.98608400,34.20774200 133.98606000,34.20810600 133.98595300,34.20882800 133.98582300,34.20912300 133.98563300,34.20909800 133.98547800,34.20901000 133.98528200,34.20890700 133.98503800,34.20882800 133.98487800,34.20880400 133.98483600,34.20951100 133.98479500,34.20972200 133.98466400,34.20992400 133.98449200,34.21009600 133.98428600,34.21022800 133.98403100,34.21046300 133.98384600,34.21046800 133.98369800,34.21047300 133.98356100,34.21042900 133.98337100,34.21057600 133.98323400,34.21071400 133.98305000,34.21077800 133.98289000,34.21077800 133.98259900,34.21083700 133.98240800,34.21095500 133.98221800,34.21100400 133.98201000,34.21101400 133.98190300,34.21108300 133.98180200,34.21123500 133.98177300,34.21136800 133.98171300,34.21150500 133.98154100,34.21153000 133.98142800,34.21154000 133.98133300,34.21172600 133.98132100,34.21187400 133.98139200,34.21205600 133.98136300,34.21215900 133.98122600,34.21223700 133.98108900,34.21233600 133.98100000,34.21243400 133.98090500,34.21258100 133.98091100,34.21280200 133.98081000,34.21286100 133.98059000,34.21287100 133.98044200,34.21314700 133.98025700,34.21338800 133.98018000,34.21353100 133.98053100,34.21369800 133.98089900,34.21388000 133.98098800,34.21403200 133.98160000,34.21435600 133.98179600,34.21443500 133.98203400,34.21439500 133.98236100,34.21438600 133.98255700,34.21439100 133.98295500,34.21448900 133.98316300,34.21450800 133.98336500,34.21459700 133.98379300,34.21476400 133.98405400,34.21480300 133.98431000,34.21480300 133.98459500,34.21475400 133.98490400,34.21478900 133.98511800,34.21482800 133.98542700,34.21498500 133.98559300,34.21507400 133.98558700,34.21516200 133.98583700,34.21529000 133.98598600,34.21538800 133.98602100,34.21555000 133.98605100,34.21571700 133.98632500,34.21614800 133.98643900,34.21640700 133.98661000,34.21663100 133.98671000,34.21693800 133.98689600,34.21731500 133.98699500,34.21744500 133.98692400,34.21797600 133.98713800,34.21853000 133.98716600,34.21903700 133.98691000,34.21934300 133.98688100,34.21965000 133.98756600,34.21943800 133.98768000,34.21903700 133.98786500,34.21900200 133.98810800,34.21900200 133.98822200,34.21900200 133.98835000,34.21924900 133.98835000,34.21941400 133.98857800,34.21959100 133.98879200,34.21959100 133.98900600,34.21953200 133.98912000,34.21952000 133.98920600,34.21960300 133.98952000,34.21960300 133.98982600,34.21959600 133.98969100,34.21967200 133.98966900,34.21982000 133.98981900,34.21997900 133.98937700,34.22035100 133.98934100,34.22051600 133.98942000,34.22097000 133.98963400,34.22199100 133.99054600,34.22276900 133.99128100,34.22350600 133.99149500,34.22365900 133.99197200,34.22394200 133.99250000,34.22424900 133.99288500,34.22475000 133.99319200,34.22506800 133.99337700,34.22512600 133.99379100,34.22512000 133.99409000,34.22505500 133.99414000,34.22500800 133.99428300,34.22487900 133.99434000,34.22467800 133.99439000,34.22448900 133.99457500,34.22434800 133.99485300,34.22428300 133.99531800,34.22425900 133.99551000,34.22412400 133.99583100,34.22389400 133.99605200,34.22378400 133.99638400,34.22359500 133.99660300,34.22332000 133.99671700,34.22309200 133.99716400,34.22256600 133.99758200,34.22212500 133.99783000,34.22170900 133.99795300,34.22152000 133.99842900,34.22117400 133.99880900,34.22155900 133.99903700,34.22207000 133.99874200,34.22288000 133.99851400,34.22423200 133.99867600,34.22451500 133.99936000,34.22560000 133.99922700,34.22671600 133.99921800,34.22695200 133.99933200,34.22719600 133.99964500,34.22761200 133.99983600,34.22799000 133.99981700,34.22828100 133.99965500,34.22862600 133.99947400,34.22916100 133.99944600,34.22933900 133.99958800,34.22989700 133.99964500,34.23032900 133.99947400,34.23087900 133.99921800,34.23138200 133.99917000,34.23159400 133.99918000,34.23194000 133.99885600,34.23250600 133.99889400,34.23311100 134.00013000,34.23363800 134.00387600,34.23510000 134.00408500,34.23404700 134.00405700,34.23314300 134.00408500,34.23246700 134.00420900,34.23209000 134.00417100,34.23149200 134.00469200,34.23128000 134.00515800,34.23085600 134.00593700,34.23131200 134.00640300,34.23155500 134.00685000,34.23169700 134.00722100,34.23176700 134.00736300,34.23159400 134.00751600,34.23127200 134.00777200,34.23109100 134.00822900,34.23105200 134.00890400,34.23116200 134.00914100,34.23094200 134.00943600,34.23049400 134.01081500,34.23083200 134.01322000,34.23149200 134.01330500,34.23164200 134.01399000,34.23182200 134.01477900,34.23217600 134.01538000,34.23225500 134.01571300,34.23236500 134.01610200,34.23263200 134.01640700,34.23285200 134.01664400,34.23292300 134.01701500,34.23292300 134.01740500,34.23282100 134.01773800,34.23271100 134.01779500,34.23245900 134.01809900,34.23164900 134.01812700,34.23135100 134.01823200,34.23096600 134.01828900,34.23062000 134.01849800,34.23005400 134.01853600,34.22988100 134.01853600,34.22926000 134.01866000,34.22959000 134.01882100,34.22983400 134.01901200,34.22998300 134.01922100,34.23011700 134.01933500,34.23018000 134.01935400,34.23033700 134.02003800,34.23047000 134.02050400,34.23065900 134.02071300,34.23057300 134.02083700,34.23066700 134.02113200,34.23057300 134.02135000,34.23057300 134.02151200,34.23074600 134.02172100,34.23077700 134.02161700,34.23110700 134.02161700,34.23143700 134.02157900,34.23169700 134.02166400,34.23245100 134.02175000,34.23255300 134.02180700,34.23267900 134.02177800,34.23280500 134.02175900,34.23289100 134.02190200,34.23337900 134.02199700,34.23354400 134.02201600,34.23367700 134.02198700,34.23389700 134.02219700,34.23481700 134.02173100,34.23489400 134.02187300,34.23585300 134.02194900,34.23648200 134.02131200,34.23659200 134.02142600,34.23697700 134.02158800,34.23722900 134.02157900,34.23817200 134.02175000,34.23862800 134.02210100,34.23877700 134.02255800,34.23885500 134.02331800,34.23894200 134.02453500,34.23901300 134.02601200,34.23911800 134.02601200,34.24000300 134.02598400,34.24121700 134.02595500,34.24172400 134.02598400,34.24211300 134.02577000,34.24266700 134.02664000,34.24267900 134.02725300,34.24262000 134.02782400,34.24251400 134.02815200,34.24243100 134.02866500,34.24237200 134.02916400,34.24241900 134.02970600,34.24237200 134.03043300,34.24232500 134.03077600,34.24241900 134.03120300,34.24234900 134.03161700,34.24230100 134.03218700,34.24239600 134.03240100,34.24237200 134.03224400,34.24296200 134.03205900,34.24341000 134.03201600,34.24401800 134.03210200,34.24453700 134.03227300,34.24489000
			</coordinates>
		</LineString>
	</Placemark>
	<Placemark>
		<name>SHIKOKU_KGW_10</name>
		<description>水と森をめぐるみち</description>
		<styleUrl>#lineStyle0</styleUrl>
		<LineString>
			<coordinates> 134.15114600,34.24591100 134.15068000,34.24593500 134.15046200,34.24596700 134.15014800,34.24595900 134.15012900,34.24569100 134.15019600,34.24546400 134.15014800,34.24534700 134.14985300,34.24526100 134.14979600,34.24511100 134.14986300,34.24497800 134.14987200,34.24480500 134.14976800,34.24466300 134.14956800,34.24443600 134.14951100,34.24419200 134.14947300,34.24412900 134.14925400,34.24395600 134.14911200,34.24394000 134.14890300,34.24401900 134.14875000,34.24394800 134.14867400,34.24383800 134.14847500,34.24354800 134.14825600,34.24311500 134.14832300,34.24300500 134.14846500,34.24290300 134.14847500,34.24278500 134.14844600,34.24258900 134.14839900,34.24233700 134.14839900,34.24214900 134.14830400,34.24191300 134.14821800,34.24170800 134.14821800,34.24148100 134.14807500,34.24126800 134.14776200,34.24141800 134.14699200,34.24163000 134.14648800,34.24165300 134.14600300,34.24169300 134.14495700,34.24185000 134.14287900,34.24218800 134.14257500,34.24211700 134.14267900,34.24163000 134.14267900,34.24065200 134.14250800,34.23925300 134.14221300,34.23754800 134.14212800,34.23694200 134.14170900,34.23700500 134.14127200,34.23725700 134.14081600,34.23750800 134.14060700,34.23749300 134.14042600,34.23738300 134.14022600,34.23715500 134.13991300,34.23701300 134.13984600,34.23665900 134.13981700,34.23625900 134.14000321,34.23589972 134.13993200,34.23591300 134.13957000,34.23593600 134.13927600,34.23599900 134.13870500,34.23598400 134.13857200,34.23603900 134.13834400,34.23603900 134.13803000,34.23596800 134.13765900,34.23598400 134.13734600,34.23607000 134.13689900,34.23631400 134.13667400,34.23654900 134.13596100,34.23657300 134.13482000,34.23774400 134.13439300,34.23839600 134.13432600,34.23857700 134.13434500,34.23886000 134.13332800,34.24035700 134.13314700,34.24012100 134.13288100,34.23989300 134.13233900,34.24001100 134.13145500,34.24025400 134.13092300,34.24035700 134.13070400,34.24047500 134.13044700,34.24075000 134.13011400,34.24099300 134.12980100,34.24111100 134.12932500,34.24121300 134.12901200,34.24113500 134.12844100,34.24088300 134.12821300,34.24087500 134.12802300,34.24089900 134.12804200,34.24116600 134.12812700,34.24143300 134.12828000,34.24171600 134.12745200,34.24179500 134.12679600,34.24188100 134.12624500,34.24196800 134.12608300,34.24193600 134.12533200,34.24211700 134.12514200,34.24167700 134.12511400,34.24146500 134.12503800,34.24091200 134.12485700,34.24030600 134.12463800,34.23983500 134.12410600,34.23923000 134.12371600,34.23881300 134.12355400,34.23845900 134.12320300,34.23802700 134.12274600,34.23760300 134.12220800,34.23747700 134.12238900,34.23675500 134.12257000,34.23619700 134.12242700,34.23524600 134.12212300,34.23518300 134.12194200,34.23521500 134.12152400,34.23537200 134.12120100,34.23534100 134.12075400,34.23538800 134.12053500,34.23556900 134.12011700,34.23589900 134.11971700,34.23623700 134.11909900,34.23641000 134.11881400,34.23625200 134.11862400,34.23598500 134.11851900,34.23562400 134.11825300,34.23529300 134.11765400,34.23499500 134.11740700,34.23486100 134.11737900,34.23472000 134.11746400,34.23461000 134.11753100,34.23450000 134.11757800,34.23433400 134.11751200,34.23417700 134.11735000,34.23393400 134.11712200,34.23373700 134.11689400,34.23352500 134.11676100,34.23352500 134.11651300,34.23360400 134.11634200,34.23371400 134.11628500,34.23383900 134.11629500,34.23420600 134.11618100,34.23430000 134.11605700,34.23443400 134.11602900,34.23463800 134.11589500,34.23477900 134.11577200,34.23503100 134.11586700,34.23555000 134.11586700,34.23622600 134.11584800,34.23668900 134.11612400,34.23739700 134.11609500,34.23764000 134.11592400,34.23785300 134.11587600,34.23805700 134.11585700,34.23862300 134.11519200,34.23818300 134.11447900,34.23775000 134.11388000,34.23753000 134.11372200,34.23766400 134.11350300,34.23774300 134.11321800,34.23761700 134.11289500,34.23751500 134.11257200,34.23724700 134.11248600,34.23686200 134.11242000,34.23661100 134.11172600,34.23646900 134.11137400,34.23646100 134.11116500,34.23616300 134.11121200,34.23602900 134.11124100,34.23591100 134.11103200,34.23577800 134.11081300,34.23585600 134.11037600,34.23582500 134.11025200,34.23588800 134.11013800,34.23602100 134.11031900,34.23608400 134.11033800,34.23617100 134.11025200,34.23628800 134.11024300,34.23636700 134.11008100,34.23644600 134.10988100,34.23638300 134.10961500,34.23648500 134.10946300,34.23651600 134.10928200,34.23642200 134.10914000,34.23637500 134.10896900,34.23646100 134.10888300,34.23664200 134.10892100,34.23671300 134.10893100,34.23688600 134.10882600,34.23700400 134.10856900,34.23712200 134.10847400,34.23722400 134.10827500,34.23766400 134.10799900,34.23793100 134.10779000,34.23804100 134.10779000,34.23796300 134.10783700,34.23778200 134.10781800,34.23757700 134.10773300,34.23738100 134.10756100,34.23723200 134.10742800,34.23710600 134.10735200,34.23687800 134.10696300,34.23658700 134.10586900,34.23588800 134.10569800,34.23576200 134.10568900,34.23556500 134.10572700,34.23542400 134.10587900,34.23516500 134.10583100,34.23492900 134.10571700,34.23474800 134.10579300,34.23454400 134.10589800,34.23434700 134.10604000,34.23422100 134.10602100,34.23407200 134.10586000,34.23389100 134.10582200,34.23374200 134.10564100,34.23345100 134.10553600,34.23323900 134.10500400,34.23302700 134.10449100,34.23296400 134.10327600,34.23291200 134.10322200,34.23288800 134.10319300,34.23279900 134.10322800,34.23275000 134.10344800,34.23264200 134.10352000,34.23258300 134.10357900,34.23250900 134.10352500,34.23245100 134.10344200,34.23241600 134.10331200,34.23231300 134.10324000,34.23220000 134.10308600,34.23204300 134.10295500,34.23199400 134.10272900,34.23194900 134.10254500,34.23179200 134.10248000,34.23162500 134.10238500,34.23149700 134.10228400,34.23121300 134.10215900,34.23096200 134.10198700,34.23075100 134.10185600,34.23075100 134.10160600,34.23078000 134.10129100,34.23089300 134.10094100,34.23084400 134.10072100,34.23095700 134.10032300,34.23114900 134.09998400,34.23127600 134.09990700,34.23113900 134.09979400,34.23100600 134.09960400,34.23078000 134.09950900,34.23077500 134.09936600,34.23060800 134.09918800,34.23065700 134.09908100,34.23065700 134.09884300,34.23079500 134.09855800,34.23102100 134.09839200,34.23120800 134.09827300,34.23141400 134.09803500,34.23167900 134.09775000,34.23207200 134.09745300,34.23216100 134.09713200,34.23225900 134.09684700,34.23244600 134.09669200,34.23188600 134.09670400,34.23081500 134.09678700,34.22993000 134.09656100,34.22990100 134.09584800,34.22979300 134.09527800,34.22964500 134.09519500,34.22984200 134.09524200,34.23000900 134.09529000,34.23018600 134.09530200,34.23039200 134.09544400,34.23060800 134.09531400,34.23127600 134.09512400,34.23164000 134.09511200,34.23188600 134.09491000,34.23209200 134.09466000,34.23192500 134.09424400,34.23182700 134.09413700,34.23172800 134.09388800,34.23171900 134.09361400,34.23164000 134.09322200,34.23201300 134.09286600,34.23185600 134.09269900,34.23178700 134.09224800,34.23185600 134.09205700,34.23182700 134.09170100,34.23218000 134.09151100,34.23252400 134.09149900,34.23278000 134.09104700,34.23262200 134.09086900,34.23275000 134.09057200,34.23280900 134.09044100,34.23323200 134.09048900,34.23351700 134.09066700,34.23382100 134.09048900,34.23439100 134.09050100,34.23468600 134.09071500,34.23492200 134.09098500,34.23514100 134.09096100,34.23525900 134.09085200,34.23532600 134.09060400,34.23540900 134.09016200,34.23551900 134.08997200,34.23552600 134.08973000,34.23540900 134.08954000,34.23539300 134.08927800,34.23549100 134.08912100,34.23550700 134.08893600,34.23545200 134.08896000,34.23566800 134.08897900,34.23606200 134.08897400,34.23615200 134.08894100,34.23622300 134.08885000,34.23630500 134.08871700,34.23637600 134.08863200,34.23644300 134.08862200,34.23651000 134.08859800,34.23662400 134.08856000,34.23671000 134.08845600,34.23678500 134.08834200,34.23680100 134.08817000,34.23681600 134.08788900,34.23680400 134.08769900,34.23686700 134.08760900,34.23691400 134.08749900,34.23709100 134.08729500,34.23744500 134.08694800,34.23805000 134.08681500,34.23819600 134.08660100,34.23825500 134.08613500,34.23819600 134.08501300,34.23704800 134.08492197,34.23669836 134.08480655,34.23645981 134.08459189,34.23625433 134.08448690,34.23603296 134.08418454,34.23592437 134.08393428,34.23600859 134.08359769,34.23584406 134.08333881,34.23578385 134.08322766,34.23569486 134.08302031,34.23555467 134.08285001,34.23540879 134.08283195,34.23517660 134.08295335,34.23497012 134.08295335,34.23497012 134.08314500,34.23494300 134.08368000,34.23466400 134.08406100,34.23461600 134.08457732,34.23438663 134.08406100,34.23461600 134.08368000,34.23466400 134.08314500,34.23494300 134.08295335,34.23497012 134.08289512,34.23482608 134.08285500,34.23476200 134.08286900,34.23465200 134.08288400,34.23454200 134.08288400,34.23441600 134.08280300,34.23435700 134.08272200,34.23418000 134.08270800,34.23406200 134.08274600,34.23394400 134.08284600,34.23381500 134.08286500,34.23370400 134.08285000,34.23355100 134.08292600,34.23341400 134.08299300,34.23330200 134.08300200,34.23321200 134.08295000,34.23309000 134.08295000,34.23295600 134.08296400,34.23286200 134.08306400,34.23271600 134.08313100,34.23257500 134.08314000,34.23244100 134.08308800,34.23233100 134.08301700,34.23226500 134.08300700,34.23218200 134.08307400,34.23207200 134.08306900,34.23189100 134.08303600,34.23169900 134.08290300,34.23123900 134.08285500,34.23108200 134.08294300,34.23091100 134.08298600,34.23078100 134.08304300,34.23077500 134.08297100,34.23035100 134.08287200,34.23003800 134.08275700,34.22998500 134.08264300,34.22997300 134.08248600,34.22992600 134.08235800,34.22971400 134.08228000,34.22943700 134.08220800,34.22937200 134.08226500,34.22916000 134.08240800,34.22895900 134.08256500,34.22883000 134.08240100,34.22842300 134.08259300,34.22802300 134.08204400,34.22828200 134.08188800,34.22833600 134.08175200,34.22833000 134.08164500,34.22827100 134.08118900,34.22799900 134.08093200,34.22784600 134.08085400,34.22786400 134.08043300,34.22810600 134.08026200,34.22806400 134.08010500,34.22804700 134.08001200,34.22798800 134.07987000,34.22789900 134.07977700,34.22785200 134.07969800,34.22786400 134.07952700,34.22788200 134.07943500,34.22785800 134.07935600,34.22776400 134.07929200,34.22761000 134.07922800,34.22751600 134.07908500,34.22749200 134.07797300,34.22766900 134.07805900,34.22752800 134.07818700,34.22735100 134.07825800,34.22713900 134.07829400,34.22682000 134.07830800,34.22665500 134.07840800,34.22650200 134.07852900,34.22634300 134.07854300,34.22608300 134.07855800,34.22584200 134.07861500,34.22562900 134.07870700,34.22544100 134.07868600,34.22492000 134.07870700,34.22475500 134.07877200,34.22469000 134.07892100,34.22461900 134.07899300,34.22454200 134.07898500,34.22417100 134.07900700,34.22400600 134.07908500,34.22389400 134.07922100,34.22372900 134.07921400,34.22349900 134.07918500,34.22315100 134.07907800,34.22295000 134.07850800,34.22260300 134.07840800,34.22243200 134.07805100,34.22213700 134.07780900,34.22193000 134.07775500,34.22180500 134.07775500,34.22161700 134.07772600,34.22149900 134.07759100,34.22139900 134.07736300,34.22124500 134.07729800,34.22117500 134.07727000,34.22101500 134.07730600,34.22079700 134.07724800,34.22060900 134.07706300,34.22031400 134.07675600,34.22017200 134.07652100,34.22012500 134.07626500,34.22002500 134.07611500,34.21991900 134.07580800,34.21966500 134.07558700,34.21938200 134.07533000,34.21926400 134.07508800,34.21905200 134.07490300,34.21891600 134.07482400,34.21879900 134.07481000,34.21865700 134.07484600,34.21848600 134.07481700,34.21841500 134.07473100,34.21839800 134.07463900,34.21843300 134.07450300,34.21851000 134.07438900,34.21855100 134.07419700,34.21856900 134.07409000,34.21866300 134.07407500,34.21881000 134.07412500,34.21891100 134.07411800,34.21902300 134.07409000,34.21918800 134.07416100,34.21930600 134.07426100,34.21937600 134.07441800,34.21939400 134.07452500,34.21940600 134.07468900,34.21954700 134.07485300,34.21981300 134.07488800,34.22006600 134.07481700,34.22030200 134.07462602,34.22053063 134.07475100,34.22064700 134.07485800,34.22077100 134.07485900,34.22086800 134.07484144,34.22095474 134.07471834,34.22111166 134.07484144,34.22095474 134.07485900,34.22086800 134.07485800,34.22077100 134.07475100,34.22064700 134.07462602,34.22053063 134.07442086,34.22081054 134.07438600,34.22086700 134.07422200,34.22113300 134.07401600,34.22124500 134.07349500,34.22152200 134.07324500,34.22156900 134.07316000,34.22151600 134.07313900,34.22142200 134.07323100,34.22116200 134.07338100,34.22098500 134.07348100,34.22079100 134.07348100,34.22068500 134.07338800,34.22060800 134.07326700,34.22060200 134.07313900,34.22072000 134.07308100,34.22086200 134.07300300,34.22097400 134.07287500,34.22110300 134.07273900,34.22122100 134.07268900,34.22131600 134.07266800,34.22144500 134.07270400,34.22159300 134.07274600,34.22174000 134.07283200,34.22202900 134.07283900,34.22219400 134.07279600,34.22236500 134.07272700,34.22248100 134.07262600,34.22277100 134.07256700,34.22310000 134.07252500,34.22351300 134.07248400,34.22367500 134.07243000,34.22374900 134.07225200,34.22379800 134.07201400,34.22383200 134.07179400,34.22389100 134.07163400,34.22389600 134.07150200,34.22377000 134.07147300,34.22349800 134.07108800,34.22355700 134.07047500,34.22336900 134.07009000,34.22339200 134.06893500,34.22269700 134.06863500,34.22242500 134.06845000,34.22161200 134.06806500,34.22167100 134.06769400,34.22182400 134.06708100,34.22187100 134.06679500,34.22198900 134.06651000,34.22191800 134.06618200,34.22195400 134.06595400,34.22185900 134.06564000,34.22204800 134.06522700,34.22221300 134.06479900,34.22257900 134.06425700,34.22257900 134.06382900,34.22243700 134.06368700,34.22240200 134.06343000,34.22240200 134.06315900,34.22217800 134.06271700,34.22213100 134.06253100,34.22227200 134.06246000,34.22247300 134.06233200,34.22259100 134.06218900,34.22260200 134.06194700,34.22261400 134.06190400,34.22273200 134.06199000,34.22282600 134.06291700,34.22292100 134.06308800,34.22302700 134.06335900,34.22323900 134.06355800,34.22341600 134.06348700,34.22377000 134.06331600,34.22393500 134.06330200,34.22409700 134.06308800,34.22435700 134.06324500,34.22458100 134.06338700,34.22488700 134.06340100,34.22519400 134.06343000,34.22560700 134.06347300,34.22571300 134.06388600,34.22584300 134.06411400,34.22580700 134.06440000,34.22578400 134.06464200,34.22587800 134.06494200,34.22599600 134.06514100,34.22612600 134.06541200,34.22640900 134.06554100,34.22679800 134.06545500,34.22704500 134.06508400,34.22723400 134.06482700,34.22739900 134.06474200,34.22757600 134.06469900,34.22776500 134.06405700,34.22823600 134.06258900,34.22943900 134.06203200,34.22971000 134.06150500,34.22986300 134.06113400,34.22981600 134.06079200,34.22952100 134.06027800,34.22916800 134.06013600,34.22875500 134.06022100,34.22842500 134.06042100,34.22780000 134.06020700,34.22722200 134.05985000,34.22676200 134.05933700,34.22616100 134.05872400,34.22567800 134.05808500,34.22527700 134.05718500,34.22514700 134.05710100,34.22513500 134.05586000,34.22499400 134.05523300,34.22500500 134.05390700,34.22520600 134.05288000,34.22541800 134.05326500,34.22609000 134.05330300,34.22634500 134.05333600,34.22656200 134.05326500,34.22702200 134.05316800,34.22718800 134.05293700,34.22758800 134.05209500,34.22860200 134.05149600,34.22929500 134.05086900,34.22971900 134.04995600,34.23025000 134.04937200,34.23060400 134.04897200,34.23100500 134.04881500,34.23133500 134.04880100,34.23167700 134.04863000,34.23184200 134.04804500,34.23217200 134.04753200,34.23239600 134.04711800,34.23249000 134.04691900,34.23258500 134.04679000,34.23267900 134.04673300,34.23280900 134.04677600,34.23325700 134.04650500,34.23333900 134.04639100,34.23322100 134.04594900,34.23333900 134.04533600,34.23354000 134.04475100,34.23370500 134.04420400,34.23385800 134.04390400,34.23418800 134.04371900,34.23464800 134.04356200,34.23469500 134.04327700,34.23556700 134.04219300,34.23587400 134.04167900,34.23585000 134.04159400,34.23657000 134.04152300,34.23673500 134.04149400,34.23704100 134.04132300,34.23719400 134.04109500,34.23754800 134.04105200,34.23785500 134.04071000,34.23799600 134.04079500,34.23930500 134.04096600,34.24035200 134.04062400,34.24034000 134.04008200,34.24039900 134.03976800,34.24056400 134.03919800,34.24105900 134.03894100,34.24140100 134.03884100,34.24184900 134.03867000,34.24252100 134.03848500,34.24301600 134.03815700,34.24333400 134.03786300,34.24358200 134.03769200,34.24374700 134.03766400,34.24398300 134.03776300,34.24418300 134.03773500,34.24431300 134.03756400,34.24441900 134.03736400,34.24453700 134.03723600,34.24470200 134.03677900,34.24478400 134.03632300,34.24473700 134.03562565,34.24493770 134.03594240,34.24557948 134.03614249,34.24579154 134.03629662,34.24598073 134.03654781,34.24635984 134.03659398,34.24644466 134.03672738,34.24661007 134.03659398,34.24644466 134.03654781,34.24635984 134.03629662,34.24598073 134.03594240,34.24554979 134.03562565,34.24493770 134.03546525,34.24497724 134.03542934,34.24499420 134.03451200,34.24529100 134.03280100,34.24494900 134.03227300,34.24489000
			</coordinates>
		</LineString>
	</Placemark>
	<Placemark>
		<name>SHIKOKU_KGW_11</name>
		<description>木もれ日のみち</description>
		<styleUrl>#lineStyle0</styleUrl>
		<LineString>
			<coordinates> 134.17133100,34.22443600 134.17171100,34.22472100 134.17179400,34.22495600 134.17169900,34.22526100 134.17149700,34.22564400 134.17146100,34.22605700 134.17148500,34.22651900 134.17159200,34.22712200 134.17166300,34.22742700 134.17178200,34.22779000 134.17186500,34.22814400 134.17199600,34.22876300 134.17209100,34.22946000 134.17209100,34.22976500 134.17202000,34.23004000 134.17172300,34.23071800 134.17133100,34.23182600 134.17131900,34.23215100 134.17136600,34.23238700 134.17142600,34.23264200 134.17154500,34.23288800 134.17219800,34.23399800 134.17279200,34.23496100 134.17243600,34.23512800 134.17225800,34.23491200 134.17216200,34.23498000 134.17202000,34.23507900 134.17183000,34.23510800 134.17173500,34.23502000 134.17149700,34.23494100 134.17133100,34.23495100 134.17109300,34.23493100 134.17091500,34.23498000 134.17079600,34.23523600 134.17071300,34.23544200 134.17060600,34.23557000 134.17041600,34.23567800 134.17023700,34.23578600 134.17017800,34.23590400 134.17023700,34.23606100 134.17030900,34.23621800 134.17036800,34.23631700 134.17051100,34.23643400 134.17058200,34.23654200 134.17057000,34.23665100 134.17042700,34.23676800 134.17028500,34.23689600 134.17024900,34.23702200 134.17023700,34.23716900 134.17021400,34.23736600 134.17013000,34.23748400 134.16996400,34.23760200 134.16969100,34.23771900 134.16956000,34.23784700 134.16954800,34.23804400 134.16953600,34.23837800 134.16940500,34.23847600 134.16915600,34.23862300 134.16909600,34.23875100 134.16914400,34.23892800 134.16926300,34.23913400 134.16940500,34.23919300 134.16958400,34.23929100 134.16970200,34.23945800 134.16988100,34.23962500 134.17003500,34.23969400 134.17013000,34.23973400 134.17030900,34.23998900 134.17047500,34.24008700 134.17083100,34.24019500 134.17091500,34.24027400 134.17086700,34.24051000 134.17060600,34.24083400 134.17035600,34.24099100 134.16992800,34.24115800 134.16973800,34.24124600 134.16952400,34.24144300 134.16925100,34.24153100 134.16903700,34.24140400 134.16875200,34.24140400 134.16843100,34.24137400 134.16832400,34.24140400 134.16826500,34.24157100 134.16808600,34.24167900 134.16775400,34.24175700 134.16743300,34.24186500 134.16708800,34.24185600 134.16674300,34.24175700 134.16660100,34.24163000 134.16637500,34.24142300 134.16625600,34.24121700 134.16607800,34.24104000 134.16582800,34.24087300 134.16585200,34.24104000 134.16587600,34.24129600 134.16593500,34.24159000 134.16592300,34.24172800 134.16585200,34.24184600 134.16579300,34.24211100 134.16579300,34.24222900 134.16570900,34.24234700 134.16557900,34.24296600 134.16542200,34.24315900 134.16535500,34.24334400 134.16527500,34.24348100 134.16508900,34.24357600 134.16493700,34.24365400 134.16483700,34.24382300 134.16477500,34.24398800 134.16467100,34.24407900 134.16455200,34.24418900 134.16455700,34.24438500 134.16453300,34.24454200 134.16445600,34.24471400 134.16441218,34.24470752 134.16419200,34.24473600 134.16396100,34.24476500 134.16380700,34.24477700 134.16374700,34.24473600 134.16372500,34.24466200 134.16372500,34.24455600 134.16379000,34.24434400 134.16367600,34.24414300 134.16390000,34.24379800 134.16392463,34.24371287 134.16391400,34.24362700 134.16381100,34.24358300 134.16364300,34.24353000 134.16337300,34.24350100 134.16332300,34.24361300 134.16329800,34.24375400 134.16320800,34.24391900 134.16309800,34.24401400 134.16297300,34.24404000 134.16274900,34.24404300 134.16273400,34.24419300 134.16286300,34.24424300 134.16298000,34.24429600 134.16307300,34.24437200 134.16306268,34.24457807 134.16301651,34.24490040 134.16291600,34.24495000 134.16265224,34.24495130 134.16253100,34.24515000 134.16267400,34.24537400 134.16249832,34.24567229 134.16267400,34.24537400 134.16253100,34.24515000 134.16265224,34.24495130 134.16291600,34.24495000 134.16301651,34.24490040 134.16306268,34.24457807 134.16307300,34.24437200 134.16298000,34.24429600 134.16286300,34.24424300 134.16273400,34.24419300 134.16274900,34.24404300 134.16297300,34.24404000 134.16309800,34.24401400 134.16320800,34.24391900 134.16329800,34.24375400 134.16332300,34.24361300 134.16337300,34.24350100 134.16364300,34.24353000 134.16381100,34.24358300 134.16391400,34.24362700 134.16390000,34.24379800 134.16367600,34.24414300 134.16379000,34.24434400 134.16372500,34.24455600 134.16372500,34.24466200 134.16374700,34.24473600 134.16380700,34.24477700 134.16432100,34.24470900 134.16445600,34.24471400 134.16449412,34.24475196 134.16482242,34.24511671 134.16500712,34.24529484 134.16507382,34.24548993 134.16504304,34.24570199 134.16486859,34.24579529 134.16467000,34.24596300 134.16449900,34.24631700 134.16441695,34.24664291 134.16428500,34.24680000 134.16394492,34.24708399 134.16395800,34.24714900 134.16425500,34.24715900 134.16461705,34.24720275 134.16484900,34.24717900 134.16525300,34.24734600 134.16538400,34.24734600 134.16550300,34.24727700 134.16568100,34.24727700 134.16594200,34.24737500 134.16568100,34.24727700 134.16550300,34.24727700 134.16538400,34.24734600 134.16525300,34.24734600 134.16484900,34.24717900 134.16457600,34.24719800 134.16425500,34.24715900 134.16395800,34.24714900 134.16394492,34.24708399 134.16428500,34.24680000 134.16395700,34.24687100 134.16360100,34.24691800 134.16317300,34.24689500 134.16287300,34.24684700 134.16263100,34.24678900 134.16247400,34.24662400 134.16237400,34.24623400 134.16233630,34.24609302 134.16236196,34.24590217 134.16247483,34.24574101 134.16246457,34.24569860 134.16224900,34.24568400 134.16214400,34.24571500 134.16209700,34.24584900 134.16216300,34.24613200 134.16224900,34.24643800 134.16234400,34.24680700 134.16190600,34.24696500 134.16137400,34.24694100 134.16112700,34.24698800 134.16095600,34.24692500 134.16079200,34.24686200 134.16052600,34.24688600 134.15964200,34.24696500 134.15932800,34.24703500 134.15898600,34.24713000 134.15841500,34.24725500 134.15786400,34.24737300 134.15725600,34.24746800 134.15669500,34.24760100 134.15652400,34.24753800 134.15619100,34.24751500 134.15589600,34.24751500 134.15557300,34.24759300 134.15531600,34.24769500 134.15511600,34.24762500 134.15454600,34.24731000 134.15443200,34.24746800 134.15408000,34.24770300 134.15355700,34.24790000 134.15341500,34.24808100 134.15332900,34.24795500 134.15323400,34.24769500 134.15311000,34.24749900 134.15314800,34.24732600 134.15313900,34.24715300 134.15311000,34.24699600 134.15296800,34.24664200 134.15290100,34.24636700 134.15289200,34.24622600 134.15291100,34.24606100 134.15303400,34.24590400 134.15268300,34.24588800 134.15243500,34.24595900 134.15221700,34.24591100 134.15172200,34.24592700 134.15114600,34.24591100
			</coordinates>
		</LineString>
	</Placemark>
	<Placemark>
		<name>SHIKOKU_KGW_12</name>
		<description>小川のせせらぎのみち</description>
		<styleUrl>#lineStyle0</styleUrl>
		<LineString>
			<coordinates> 134.17144900,34.22413100 134.17297100,34.22474000 134.17326800,34.22489700 134.17345800,34.22494700 134.17371900,34.22494700 134.17396900,34.22488800 134.17402800,34.22478900 134.17396900,34.22473000 134.17382600,34.22470100 134.17382600,34.22459300 134.17382600,34.22452400 134.17377500,34.22445400 134.17362700,34.22436700 134.17362700,34.22431600 134.17365100,34.22426100 134.17372700,34.22421800 134.17396000,34.22410400 134.17397000,34.22406900 134.17394100,34.22399800 134.17390300,34.22393900 134.17395100,34.22388000 134.17425000,34.22370300 134.17433600,34.22369100 134.17441200,34.22371500 134.17449700,34.22368700 134.17461100,34.22361700 134.17471100,34.22361300 134.17482500,34.22366800 134.17490100,34.22375800 134.17495800,34.22390800 134.17499600,34.22395900 134.17511300,34.22393900 134.17517000,34.22388000 134.17518400,34.22379800 134.17522000,34.22376800 134.17532000,34.22372700 134.17542700,34.22372700 134.17549800,34.22360300 134.17553400,34.22352600 134.17576200,34.22346700 134.17625400,34.22345000 134.17676700,34.22359100 134.17719500,34.22370900 134.17763000,34.22381500 134.17787200,34.22389200 134.17800800,34.22378600 134.17802200,34.22359100 134.17795500,34.22347800 134.17802600,34.22326600 134.17824000,34.22312400 134.17853900,34.22312400 134.17882400,34.22316000 134.17912400,34.22301800 134.17933800,34.22298300 134.17958000,34.22303000 134.17988000,34.22324200 134.18030800,34.22333600 134.18057800,34.22339500 134.18102100,34.22323000 134.18184800,34.22320700 134.18248900,34.22308900 134.18278900,34.22304200 134.18314500,34.22272300 134.18361600,34.22232200 134.18378700,34.22215700 134.18405800,34.22199200 134.18415800,34.22187400 134.18421500,34.22179200 134.18457200,34.22169700 134.18475700,34.22180300 134.18517000,34.22179200 134.18537000,34.22200400 134.18554100,34.22216900 134.18594100,34.22211000 134.18641100,34.22208600 134.18659700,34.22220400 134.18669600,34.22239300 134.18706700,34.22247600 134.18785100,34.22258200 134.18799400,34.22239300 134.18766600,34.22221600 134.18713800,34.22200400 134.18705300,34.22183900 134.18699600,34.22159100 134.18708100,34.22126100 134.18711000,34.22099000 134.18729500,34.22074200 134.18765200,34.22061200 134.18796600,34.22068300 134.18834000,34.22055800 134.18839700,34.22041700 134.18843500,34.22029900 134.18856800,34.22011000 134.18857800,34.21996900 134.18861600,34.21985100 134.18870100,34.21976400 134.18886300,34.21966200 134.18921400,34.21966200 134.18964200,34.21971700 134.18989900,34.21974100 134.19032700,34.21962300 134.19066000,34.21956800 134.19101100,34.21965400 134.19124000,34.21963100 134.19143900,34.21948900 134.19161000,34.21923000 134.19178100,34.21908000 134.19191500,34.21908000 134.19207600,34.21923800 134.19234200,34.21934800 134.19249400,34.21936300 134.19269400,34.21930100 134.19286500,34.21919000 134.19288400,34.21894700 134.19285600,34.21880500 134.19303600,34.21854600 134.19316900,34.21840400 134.19320800,34.21831000 134.19316000,34.21820000 134.19311200,34.21811300 134.19321700,34.21790900 134.19333100,34.21774400 134.19355900,34.21761800 134.19382500,34.21750800 134.19418700,34.21749200 134.19450000,34.21751600 134.19476700,34.21742200 134.19509200,34.21734300 134.19536800,34.21728000 134.19558600,34.21713100 134.19583300,34.21691800 134.19593800,34.21681600 134.19614700,34.21673800 134.19628000,34.21671400 134.19643200,34.21651800 134.19652700,34.21642300 134.19669900,34.21627400 134.19676500,34.21606200 134.19675600,34.21589600 134.19668900,34.21579400 134.19660300,34.21595200 134.19648900,34.21581000 134.19639400,34.21570800 134.19626100,34.21564500 134.19617600,34.21542500 134.19610000,34.21526800 134.19605200,34.21519700 134.19611900,34.21500000 134.19610000,34.21474100 134.19609000,34.21454400 134.19598600,34.21442600 134.19593800,34.21435600 134.19596600,34.21423800 134.19608100,34.21411200 134.19623300,34.21399400 134.19630900,34.21388400 134.19632800,34.21366400 134.19629000,34.21357700 134.19602400,34.21343700 134.19628000,34.21332700 134.19636600,34.21314600 134.19632800,34.21298100 134.19642300,34.21283200 134.19648900,34.21265100 134.19657500,34.21247800 134.19687900,34.21221100 134.19697400,34.21205400 134.19704100,34.21181800 134.19713600,34.21170000 134.19724000,34.21150300 134.19725900,34.21132200 134.19736400,34.21120400 134.19753500,34.21111000 134.19759200,34.21094500 134.19757300,34.21080400 134.19757300,34.21064600 134.19762100,34.21052000 134.19753500,34.21037900 134.19761100,34.21025300 134.19762100,34.21008800 134.19755400,34.20975800 134.19744000,34.20971100 134.19737400,34.20965600 134.19731700,34.20948000 134.19732600,34.20940100 134.19744000,34.20928300 134.19759200,34.20922800 134.19746900,34.20880300 134.19735500,34.20848900 134.19725900,34.20838700 134.19716400,34.20810400 134.19706000,34.20788300 134.19701200,34.20764000 134.19701200,34.20753000 134.19691700,34.20742000 134.19694600,34.20716800 134.19703100,34.20697900 134.19714500,34.20689300 134.19721200,34.20671200 134.19723100,34.20656300 134.19714500,34.20638200 134.19719300,34.20616200 134.19728800,34.20598900 134.19720200,34.20585500 134.19714500,34.20560300 134.19720200,34.20488900 134.19700300,34.20450400 134.19675600,34.20406400 134.19660300,34.20388300 134.19654600,34.20356100 134.19652700,34.20334800 134.19666100,34.20314400 134.19680600,34.20313200 134.19692400,34.20305800 134.19697800,34.20298400 134.19697200,34.20283700 134.19693600,34.20272400 134.19691800,34.20267500 134.19673400,34.20262100 134.19663900,34.20246300 134.19642500,34.20228600 134.19625300,34.20219800 134.19614600,34.20217300 134.19604500,34.20210900 134.19604500,34.20205500 134.19608100,34.20197700 134.19618800,34.20194700 134.19624700,34.20197700 134.19644300,34.20215400 134.19672800,34.20231100 134.19687100,34.20239000 134.19706100,34.20239500 134.19724500,34.20247800 134.19754800,34.20254200 134.19778600,34.20259100 134.19817200,34.20256200 134.19841000,34.20253200 134.19853200,34.20247800 134.19863300,34.20234000 134.19867500,34.20221800 134.19867500,34.20212400 134.19866900,34.20204100 134.19859800,34.20196200 134.19861500,34.20191300 134.19850300,34.20159900 134.19844300,34.20145700 134.19849700,34.20134400 134.19859200,34.20131400 134.19892400,34.20135900 134.19900800,34.20127000 134.19899000,34.20117200 134.19909700,34.20090600 134.19917400,34.20082800 134.19924500,34.20076900 134.19934000,34.20063600 134.19936400,34.20060200 134.19940000,34.20046400 134.19942900,34.20033600 134.19947700,34.20022800 134.19950700,34.20009600 134.19950700,34.20001700 134.19942900,34.19994800 134.19930500,34.19990900 134.19926900,34.19986500 134.19928100,34.19948100 134.19937600,34.19931400 134.19940000,34.19910800 134.19959000,34.19919600 134.19963700,34.19940300 134.19969700,34.19957500 134.19978600,34.19968800 134.19979800,34.19979600 134.19986300,34.19991900 134.19989300,34.19999200 134.19997000,34.20004100 134.20008300,34.20003700 134.20015400,34.20001200 134.20024400,34.19999200 134.20026100,34.20012500 134.20032100,34.20021800 134.20042800,34.20026300 134.20055800,34.20023300 134.20064800,34.20014000 134.20072500,34.20002200 134.20079000,34.19994800 134.20087900,34.19991400 134.20090300,34.19986500 134.20083800,34.19983500 134.20089100,34.19978100 134.20097400,34.19973200 134.20085600,34.19969700 134.20086200,34.19940400 134.20077800,34.19903000 134.20074300,34.19887300 134.20121200,34.19800300 134.20125400,34.19755100 134.20215100,34.19736900 134.20256700,34.19738400 134.20266800,34.19738900 134.20279300,34.19728000 134.20284000,34.19712300 134.20287600,34.19699500 134.20297700,34.19688200 134.20306600,34.19679900 134.20314100,34.19668400 134.20320000,34.19644800 134.20330700,34.19613300 134.20340800,34.19607400 134.20355100,34.19598600 134.20359200,34.19580400 134.20370500,34.19550900 134.20374100,34.19536200 134.20376500,34.19526300 134.20386000,34.19522400 134.20408000,34.19501800 134.20412700,34.19491900 134.20418700,34.19489000 134.20418100,34.19482600 134.20427000,34.19475700 134.20431700,34.19467900 134.20428200,34.19455100 134.20437000,34.19447700 134.20438700,34.19438900 134.20437600,34.19434400 134.20441100,34.19427600 134.20442900,34.19420700 134.20449400,34.19408900 134.20457800,34.19401000 134.20454200,34.19395600 134.20455400,34.19392200 134.20461900,34.19388700 134.20472600,34.19391700 134.20478000,34.19393200 134.20495200,34.19386800 134.20505900,34.19379400 134.20516600,34.19360600 134.20526700,34.19360100 134.20532000,34.19350300 134.20541000,34.19345400 134.20551600,34.19334600 134.20551600,34.19325700 134.20557000,34.19313900 134.20564100,34.19303100 134.20567700,34.19291800 134.20565300,34.19283900 134.20566500,34.19278000 134.20563500,34.19267700 134.20565900,34.19260800 134.20561200,34.19257400 134.20555800,34.19248100 134.20555200,34.19241700 134.20565300,34.19226400 134.20568300,34.19212700 134.20567700,34.19202400 134.20592100,34.19186100 134.20605700,34.19178300 134.20614000,34.19159600 134.20613400,34.19150800 134.20610500,34.19139900 134.20614000,34.19134500 134.20630100,34.19133100 134.20636000,34.19124200 134.20642600,34.19113900 134.20647900,34.19099600 134.20665400,34.19104400 134.20674900,34.19109800
			</coordinates>
		</LineString>
	</Placemark>
	<Placemark>
		<name>SHIKOKU_KGW_13</name>
		<description>阿讃山麓のへんろみち</description>
		<styleUrl>#lineStyle0</styleUrl>
		<LineString>
			<coordinates> 134.29578700,34.20222100 134.29601300,34.20192600 134.29609600,34.20159200 134.29618000,34.20129700 134.29644100,34.20122800 134.29698800,34.20109000 134.29732000,34.20094300 134.29749900,34.20076600 134.29770100,34.20050100 134.29773600,34.20015700 134.29764100,34.19974400 134.29745100,34.19949800 134.29749900,34.19925000 134.29732000,34.19915200 134.29664300,34.19889600 134.29622700,34.19884700 134.29589400,34.19892600 134.29543100,34.19897500 134.29461100,34.19875900 134.29395000,34.19841500 134.29358200,34.19806100 134.29335600,34.19791400 134.29276200,34.19778600 134.29221500,34.19738300 134.29162100,34.19692100 134.29140700,34.19651800 134.29126400,34.19639000 134.29107400,34.19636100 134.29076500,34.19634100 134.29036100,34.19603600 134.29001600,34.19555500 134.28980300,34.19537800 134.28955300,34.19535800 134.28929200,34.19539700 134.28881600,34.19532800 134.28830500,34.19513200 134.28780600,34.19453200 134.28752100,34.19426700 134.28708100,34.19419800 134.28660600,34.19425700 134.28610700,34.19422800 134.28571400,34.19414900 134.28544100,34.19426700 134.28527500,34.19431600 134.28515600,34.19423700 134.28500100,34.19408000 134.28493000,34.19389300 134.28495400,34.19361800 134.28509700,34.19332100 134.28507300,34.19324300 134.28506100,34.19305600 134.28520300,34.19302600 134.28532200,34.19294800 134.28532200,34.19283000 134.28526300,34.19248600 134.28515600,34.19218100 134.28485900,34.19185700 134.28440700,34.19161100 134.28400300,34.19138500 134.28364700,34.19121800 134.28358700,34.19147300 134.28336100,34.19166000 134.28319500,34.19186600 134.28292200,34.19181700 134.28247000,34.19177800 134.28128200,34.19142400 134.28059000,34.19128600 134.28042400,34.19124700 134.28000800,34.19095200 134.27959200,34.19040200 134.27940200,34.19020500 134.27872400,34.18992000 134.27814200,34.18959600 134.27775000,34.18967400 134.27752400,34.18987100 134.27732200,34.19004800 134.27713200,34.19006800 134.27678700,34.18999900 134.27577700,34.18937000 134.27495700,34.18920200 134.27441000,34.18911400 134.27400600,34.18894700 134.27363800,34.18864200 134.27309100,34.18845500 134.27281800,34.18844600 134.27240200,34.18825900 134.27210500,34.18802500 134.27191500,34.18795600 134.27158200,34.18787700 134.27123700,34.18768100 134.27084500,34.18728700 134.27016800,34.18654000 134.26976400,34.18618600 134.26949000,34.18605900 134.26950200,34.18595100 134.26950200,34.18581300 134.26928800,34.18572400 134.26901500,34.18570500 134.26859000,34.18586200 134.26825700,34.18550800 134.26797200,34.18558700 134.26792400,34.18586200 134.26761500,34.18605900 134.26705700,34.18587200 134.26613000,34.18525300 134.26569000,34.18461400 134.26534500,34.18506600 134.26523800,34.18563600 134.26536900,34.18603900 134.26573700,34.18691400 134.26564200,34.18700200 134.26531000,34.18702200 134.26485800,34.18683500 134.26475100,34.18674700 134.26447800,34.18681600 134.26432300,34.18690400 134.26424000,34.18670700 134.26396700,34.18671700 134.26367000,34.18672700 134.26344400,34.18663900 134.26327800,34.18640300 134.26271900,34.18514400 134.26219600,34.18477100 134.26174400,34.18442700 134.26119800,34.18425000 134.26071100,34.18413200 134.26018800,34.18405300 134.25997400,34.18389600 134.25951000,34.18335500 134.25917800,34.18295200 134.25882100,34.18275600 134.25764700,34.18238600 134.25681800,34.18208700 134.25668500,34.18199300 134.25630400,34.18161500 134.25595300,34.18110400 134.25567700,34.18083600 134.25533500,34.18057700 134.25453600,34.18014400 134.25410800,34.17986100 134.25394700,34.18021500 134.25363300,34.18042700 134.25330000,34.18050600 134.25276800,34.18051400 134.25248300,34.18062400 134.25207400,34.18071800 134.25154100,34.18071100 134.25095200,34.18066300 134.25045800,34.18045100 134.25007700,34.18013600 134.24981100,34.17978300 134.24939300,34.17940500 134.24892700,34.17927900 134.24846100,34.17886200 134.24816600,34.17896500 134.24792900,34.17919300 134.24782400,34.17963300 134.24776700,34.18008900 134.24750100,34.18009700 134.24743400,34.18014400 134.24727300,34.18037200 134.24706300,34.18069500 134.24678800,34.18089900 134.24659800,34.18097800 134.24611500,34.18142600 134.24581000,34.18112000 134.24561100,34.18097000 134.24544000,34.18074200 134.24518300,34.18075800 134.24502100,34.18069500 134.24458400,34.18075800 134.24431800,34.18084400 134.24403300,34.18107200 134.24384200,34.18107200 134.24361400,34.18102500 134.24330100,34.18102500 134.24306300,34.18109600 134.24320500,34.18121400 134.24349100,34.18148900 134.24372800,34.18179600 134.24397600,34.18204800 134.24391800,34.18214000 134.24378500,34.18257300 134.24366200,34.18294300 134.24353800,34.18314700 134.24321500,34.18361900 134.24294900,34.18394900 134.24277800,34.18439800 134.24254000,34.18500300 134.24246400,34.18532600 134.24255900,34.18598600 134.24254900,34.18615100 134.24242600,34.18628500 134.24223600,34.18637200 134.24171300,34.18655300 134.24089500,34.18682800 134.24066700,34.18726000 134.23992500,34.18748800 134.23917400,34.18750400 134.23903200,34.18757500 134.23857500,34.18789700 134.23792100,34.18832800 134.23741700,34.18859500 134.23688400,34.18881600 134.23595300,34.18906700 134.23521100,34.18926400 134.23484000,34.18940500 134.23427000,34.18968100 134.23407706,34.18977109 134.23405142,34.19014855 134.23393350,34.19024610 134.23363099,34.19043695 134.23349768,34.19058539 134.23328746,34.19094588 134.23327721,34.19113673 134.23328234,34.19125124 134.23327721,34.19113673 134.23328746,34.19094588 134.23349768,34.19058539 134.23363099,34.19043695 134.23393350,34.19024610 134.23405142,34.19014855 134.23407706,34.18977109 134.23397451,34.18980502 134.23369900,34.18963300 134.23307200,34.18969600 134.23233000,34.18972000 134.23205500,34.18959400 134.23166500,34.18940500 134.23109400,34.18910600 134.23088500,34.18894900 134.23043800,34.18847700 134.23015300,34.18819400 134.23003900,34.18817100 134.22969700,34.18821800 134.22941200,34.18824100 134.22893600,34.18821000 134.22887900,34.18814700 134.22901100,34.18788000 134.22894400,34.18780900 134.22886800,34.18777000 134.22832600,34.18769100 134.22763200,34.18748600 134.22698500,34.18723500 134.22684300,34.18711700 134.22655800,34.18684900 134.22603500,34.18684900 134.22584500,34.18687300 134.22572100,34.18717200 134.22560700,34.18725100 134.22516000,34.18672400 134.22466600,34.18650300 134.22437100,34.18633000 134.22401900,34.18599200 134.22332500,34.18592100 134.22297300,34.18610200 134.22259300,34.18640100 134.22210800,34.18663700 134.22161400,34.18767500 134.22135700,34.18777000 134.22072000,34.18800600 134.21958900,34.18847700 134.21942700,34.18843800 134.21921800,34.18858000 134.21885700,34.18864300 134.21848600,34.18868200 134.21831500,34.18859500 134.21793500,34.18841400 134.21761100,34.18839900 134.21734500,34.18846200 134.21704100,34.18866600 134.21675600,34.18864300 134.21641300,34.18847700 134.21608100,34.18835200 134.21567200,34.18832800 134.21537700,34.18842200 134.21510100,34.18842200 134.21474000,34.18845400 134.21446500,34.18856400 134.21424900,34.18882700 134.21417800,34.18886600 134.21394000,34.18903800 134.21376200,34.18921500 134.21373200,34.18927400 134.21363700,34.18927900 134.21339300,34.18931800 134.21326200,34.18938700 134.21312600,34.18944100 134.21294200,34.18949500 134.21275100,34.18955400 134.21256100,34.18953000 134.21230600,34.18954000 134.21215700,34.18959400 134.21189600,34.18973600 134.21160500,34.18987900 134.21138500,34.18996700 134.21130200,34.18997700 134.21125400,34.19002600 134.21122400,34.19005600 134.21126600,34.19011000 134.21134300,34.19012400 134.21148000,34.19016900 134.21162200,34.19027200 134.21183600,34.19032600 134.21223400,34.19038500 134.21261500,34.19042400 134.21308400,34.19040500 134.21291800,34.19048300 134.21252600,34.19061600 134.21188400,34.19072900 134.21134300,34.19075800 134.20999300,34.19076300 134.20991000,34.19095500 134.20977300,34.19107300 134.20913200,34.19105800 134.20850800,34.19099900 134.20826400,34.19086700 134.20794300,34.19068000 134.20770500,34.19056200 134.20724800,34.19042400 134.20669500,34.19038500 134.20673700,34.19081300 134.20677300,34.19094500 134.20674900,34.19109800
			</coordinates>
		</LineString>
	</Placemark>
	<Placemark>
		<name>SHIKOKU_KGW_21</name>
		<description>ミカンのみち</description>
		<styleUrl>#lineStyle0</styleUrl>
		<LineString>
			<coordinates> 133.64970000,34.15191600 133.64948600,34.15163100 133.64921300,34.15045100 133.64948600,34.15027300 133.64943900,34.14996900 133.64911800,34.14989000 133.64908200,34.14982100 133.64924800,34.14965400 133.65029700,34.14930600 133.65028500,34.14924200 133.64982200,34.14939000 133.64956600,34.14946900 133.64932900,34.14948300 133.64891300,34.14965600 133.64851500,34.14989600 133.64827700,34.15016200 133.64823500,34.15050100 133.64817000,34.15092400 133.64798300,34.15146100 133.64786400,34.15186400 133.64750700,34.15223800 133.64723400,34.15251300 133.64680600,34.15332000 133.64724600,34.15402800 133.64723400,34.15420500 133.64729300,34.15482400 133.64719800,34.15502100 133.64737700,34.15520800 133.64721000,34.15553200 133.64713900,34.15583700 133.64713900,34.15625000 133.64715100,34.15683100 133.64734100,34.15710200 133.64737700,34.15768200 133.64736500,34.15796700 133.64762600,34.15857700 133.64778100,34.15887200 133.64785200,34.15925600 133.64795900,34.15958000 133.64805400,34.15975700 133.64817300,34.16022900 133.64824400,34.16092700 133.64841100,34.16139900 133.64847000,34.16258900 133.64791100,34.16245200 133.64708000,34.16219600 133.64669900,34.16205800 133.64660400,34.16203900 133.64616400,34.16218600 133.64609300,34.16244200 133.64636600,34.16357300 133.64643800,34.16562800 133.64646200,34.16639500 133.64639000,34.16709300 133.64640200,34.16744700 133.64665200,34.16842000 133.64694900,34.16881400 133.64730500,34.16918700 133.64749500,34.16892200 133.64763800,34.16865600 133.64772100,34.16842000 133.64793500,34.16825300 133.64836300,34.16832200 133.64881500,34.16788900 133.64910000,34.16782000 133.64926600,34.16777100 133.64964600,34.16765300 133.64994400,34.16763400 133.65070400,34.16724000 133.65081100,34.16700400 133.65135800,34.16690600 133.65164300,34.16695500 133.65191600,34.16691600 133.65221300,34.16694500 133.65245100,34.16711200 133.65268900,34.16716200 133.65297400,34.16718100 133.65291500,34.16729900 133.65196400,34.16752500 133.65115600,34.16778100 133.65052600,34.16803700 133.65026400,34.16833200 133.65009800,34.16842000 133.64983700,34.16871500 133.64975300,34.16895100 133.64981300,34.16924600 133.64996700,34.16963000 133.65019300,34.16991500 133.65046600,34.17015100 133.65074000,34.17039700 133.65101300,34.17055400 133.65119100,34.17067200 133.65131000,34.17100600 133.65195200,34.17197400 133.65214200,34.17224900 133.65246300,34.17289800 133.65262900,34.17310400 133.65293800,34.17328100 133.65327100,34.17336000 133.65410300,34.17365500 133.65450700,34.17378300 133.65517300,34.17378300 133.65549300,34.17361600 133.65582600,34.17335000 133.65601600,34.17320300 133.65615900,34.17310400 133.65631300,34.17310400 133.65648000,34.17322200 133.65657500,34.17332100 133.65657500,34.17354700 133.65674100,34.17377300 133.65716900,34.17413700 133.65728800,34.17441200 133.65720500,34.17475600 133.65680100,34.17482500 133.65651500,34.17477600 133.65623000,34.17479500 133.65595700,34.17494300 133.65575500,34.17500200 133.65552900,34.17502200 133.65525600,34.17497200 133.65503000,34.17494300 133.65473300,34.17499200 133.65456600,34.17509000 133.65461400,34.17568000 133.65482800,34.17593600 133.65498200,34.17622100 133.65524400,34.17638800 133.65517300,34.17657900 133.65505400,34.17671700 133.65468500,34.17701200 133.65487500,34.17725700 133.65493500,34.17754200 133.65460200,34.17764100 133.65455500,34.17774900 133.65468500,34.17772900 133.65478000,34.17764100 133.65550500,34.17751300 133.65551700,34.17740500 133.65541000,34.17720800 133.65571900,34.17699200 133.65601600,34.17704100 133.65620600,34.17688400 133.65631300,34.17672600 133.65644400,34.17675600 133.65620600,34.17719800 133.65607600,34.17732600 133.65607600,34.17739500 133.65632500,34.17749300 133.65637300,34.17761100 133.65629000,34.17813200 133.65602800,34.17821100 133.65579100,34.17830000 133.65576700,34.17878100 133.65587400,34.17890900 133.65602800,34.17921400 133.65620600,34.17939100 133.65639700,34.17961700 133.65631300,34.17994100 133.65600400,34.17986300 133.65571900,34.17992200 133.65571900,34.18005000 133.65590900,34.18026600 133.65587400,34.18044300 133.65596900,34.18061000 133.65600400,34.18100300 133.65582600,34.18120400 133.65595700,34.18136100 133.65605200,34.18151800 133.65633700,34.18147900 133.65670600,34.18144900 133.65676500,34.18160700 133.65675300,34.18180300 133.65678900,34.18217700 133.65681300,34.18235400 133.65662200,34.18266900 133.65644400,34.18272800 133.65650400,34.18303200 133.65642000,34.18319900 133.65642000,34.18329800 133.65648000,34.18342600 133.65642000,34.18367100 133.65644400,34.18376000 133.65651500,34.18379900 133.65668200,34.18365200 133.65684800,34.18334700 133.65699100,34.18326800 133.65696700,34.18380900 133.65688400,34.18413300 133.65690800,34.18442800 133.65680100,34.18479200 133.65667000,34.18501800 133.65668200,34.18522500 133.65674100,34.18540200 133.65690800,34.18561800 133.65695500,34.18580500 133.65711400,34.18599300 133.65725700,34.18621900 133.65730500,34.18637700 133.65730500,34.18657300 133.65730500,34.18685800 133.65745900,34.18707500 133.65750700,34.18724200 133.65744700,34.18738900 133.65743500,34.18759600 133.65729300,34.18790000 133.65721432,34.18807083 133.65750272,34.18814505 133.65770900,34.18824500 133.65790647,34.18841012 133.65792570,34.18854266 133.65819600,34.18860800 133.65827178,34.18874411 133.65844500,34.18895200 133.65845763,34.18926894 133.65847425,34.18931062 133.65857552,34.18949111 133.65860000,34.18922800 133.65871900,34.18909000 133.65895600,34.18893300 133.65907500,34.18887400 133.65983600,34.18823500 133.65991900,34.18808700 133.66013300,34.18807700 133.66045400,34.18804800 133.66085800,34.18793000 133.66115500,34.18775300 133.66128600,34.18771400 133.66142800,34.18777300 133.66167800,34.18767400 133.66217700,34.18727100 133.66225800,34.18725500 133.66229400,34.18729400 133.66228800,34.18735800 133.66210400,34.18763800 133.66200900,34.18781000 133.66199700,34.18792800 133.66187200,34.18794800 133.66175900,34.18786400 133.66164600,34.18785900 133.66157500,34.18786900 133.66156300,34.18791800 133.66156900,34.18796300 133.66169400,34.18807600 133.66174700,34.18817900 133.66172900,34.18827700 133.66170600,34.18837100 133.66204400,34.18848400 133.66228200,34.18852800 133.66235900,34.18856200 133.66261500,34.18863600 133.66308400,34.18886700 133.66342900,34.18888200 133.66376100,34.18878800 133.66406000,34.18865400 133.66427400,34.18854800 133.66446600,34.18831200 133.66457300,34.18817600 133.66464500,34.18820000 133.66469500,34.18827600 133.66465200,34.18848900 133.66456600,34.18871900 133.66450200,34.18885400 133.66451600,34.18906100 133.66455900,34.18926700 133.66481600,34.18968000 133.66488000,34.18981600 133.66488000,34.19002800 133.66480200,34.19028800 133.66469500,34.19059300 133.66470900,34.19079900 133.66472300,34.19096500 133.66470200,34.19108800 133.66465900,34.19120100 133.66472300,34.19125400 133.66479400,34.19123000 133.66484400,34.19105900 133.66487300,34.19093500 133.66502300,34.19079400 133.66518000,34.19077000 133.66595700,34.19087600 133.66622800,34.19072900 133.66647000,34.19061100 133.66658400,34.19060500 133.66665500,34.19063400 133.66670500,34.19068700 133.66667700,34.19075800 133.66664800,34.19081100 133.66642000,34.19084100 133.66632700,34.19097600 133.66622100,34.19115300 133.66582800,34.19132400 133.66549300,34.19157800 133.66520800,34.19200900 133.66560700,34.19187900 133.66590000,34.19186100 133.66599900,34.19190200 133.66608500,34.19201400 133.66601400,34.19216200 133.66579300,34.19259800 133.66562900,34.19292900 133.66605700,34.19286400 133.66637700,34.19281100 133.66665500,34.19268700 133.66706900,34.19246300 133.66716900,34.19247400 133.66734000,34.19271000 133.66744000,34.19272200 133.66773200,34.19269300 133.66767500,34.19275800 133.66760400,34.19277200 133.66749300,34.19285100 133.66735800,34.19296300 133.66734400,34.19301900 133.66739700,34.19304300 133.66749700,34.19296000 133.66769700,34.19290400 133.66788500,34.19286900 133.66820600,34.19280100 133.66842700,34.19278900 133.66862700,34.19280700 133.66852400,34.19285100 133.66831300,34.19291600 133.66820600,34.19296300 133.66810700,34.19306400 133.66811000,34.19312000 133.66813900,34.19317600 133.66825300,34.19322300 133.66836000,34.19327900 133.66843500,34.19332000 133.66844900,34.19348000 133.66846300,34.19367800 133.66849200,34.19377200 133.66857400,34.19386300 133.66870500,34.19397600 133.66882300,34.19408800 133.66884500,34.19418200 133.66881600,34.19425600 133.66872300,34.19438800 133.66858400,34.19455900 133.66853100,34.19462100 133.66841300,34.19481600 133.66836000,34.19492800 133.66823100,34.19499300 133.66797100,34.19505800 133.66787100,34.19506400 133.66774600,34.19501600 133.66769700,34.19496900 133.66761500,34.19489300 133.66746800,34.19483700 133.66714400,34.19478600 133.66694100,34.19477800 133.66663100,34.19485700 133.66634200,34.19499600 133.66609200,34.19509300 133.66597800,34.19513700 133.66583200,34.19515500 133.66574600,34.19518200 133.66568600,34.19522600 133.66565400,34.19530300 133.66564700,34.19545600 133.66566400,34.19554100 133.66566100,34.19563200 133.66559300,34.19573000 133.66555000,34.19577100 133.66541500,34.19580900 133.66522200,34.19587400 133.66506900,34.19592700 133.66488300,34.19603600 133.66463300,34.19626600 133.66433700,34.19652600 133.66419100,34.19669700 133.66404100,34.19684400 133.66391300,34.19691500 133.66371800,34.19698600 133.66340000,34.19714300 133.66310000,34.19738300 133.66277200,34.19764600 133.66258700,34.19778000 133.66249600,34.19787800 133.66254900,34.19803900 133.66258200,34.19817300 133.66288600,34.19823200 133.66339500,34.19837800 133.66366100,34.19841300 133.66367500,34.19855400 133.66373200,34.19862500 133.66396000,34.19871600 133.66428800,34.19886500 133.66447900,34.19887300 133.66468300,34.19894400 133.66479200,34.19900700 133.66472600,34.19907300 133.66460200,34.19910100 133.66440700,34.19905800 133.66415100,34.19907300 133.66390300,34.19912800 133.66363200,34.19913600 133.66332300,34.19929300 133.66301900,34.19941100 133.66283900,34.19949700 133.66267200,34.19965100 133.66260600,34.19979600 133.66255800,34.19992600 133.66265300,34.20001200 133.66281000,34.20015800 133.66287700,34.20048400 133.66285300,34.20061000 133.66271000,34.20068100 133.66254900,34.20075500 133.66252000,34.20086900 133.66264400,34.20098300 133.66278600,34.20105000 133.66308600,34.20106600 133.66322800,34.20113700 133.66319000,34.20123900 133.66294300,34.20143200 133.66283400,34.20151900 133.66274400,34.20162900 133.66257700,34.20166000 133.66234400,34.20174700 133.66221100,34.20184100 133.66209200,34.20187300 133.66202600,34.20189200 133.66199700,34.20200200 133.66205900,34.20209700 133.66214000,34.20217900 133.66214900,34.20223400 133.66214000,34.20229300 133.66208800,34.20230100 133.66202600,34.20229700 133.66195000,34.20221500 133.66192100,34.20215200 133.66177400,34.20206500 133.66157400,34.20195500 133.66148900,34.20191600 133.66139400,34.20188100 133.66136500,34.20182600 133.66134600,34.20155800 133.66124600,34.20156600 133.66118000,34.20158600 133.66115600,34.20167600 133.66121800,34.20181400 133.66125100,34.20192400 133.66129400,34.20211300 133.66148400,34.20243500 133.66147400,34.20261200 133.66136000,34.20280400 133.66121300,34.20286000 133.66092800,34.20289100 133.66057600,34.20291500 133.66034800,34.20295400 133.66015300,34.20296600 133.65993400,34.20295000 133.65981100,34.20293400 133.65927400,34.20286000 133.65899500,34.20283000 133.65869800,34.20274200 133.65846000,34.20266800 133.65840100,34.20269700 133.65832900,34.20276600
			</coordinates>
		</LineString>
	</Placemark>
	<Placemark>
		<name>SHIKOKU_KGW_22</name>
		<description>しおさいのみち</description>
		<styleUrl>#lineStyle0</styleUrl>
		<LineString>
			<coordinates> 133.65838300,34.20290400 133.65910800,34.20313500 133.65955900,34.20346900 133.65955300,34.20373900 133.65930400,34.20439300 133.65910800,34.20478600 133.65897100,34.20508100 133.65890600,34.20520600 133.65880500,34.20526000 133.65869200,34.20538300 133.65862000,34.20558400 133.65852500,34.20575100 133.65841800,34.20590300 133.65808600,34.20601600 133.65786600,34.20599700 133.65758100,34.20602600 133.65735500,34.20610000 133.65708700,34.20621800 133.65695700,34.20637000 133.65690900,34.20612000 133.65687900,34.20595300 133.65676700,34.20602600 133.65666000,34.20614900 133.65658200,34.20615900 133.65639200,34.20609000 133.65628500,34.20608500 133.65625600,34.20615900 133.65625600,34.20644400 133.65641600,34.20665000 133.65645200,34.20682700 133.65645200,34.20692100 133.65622600,34.20720600 133.65579800,34.20715700 133.65535800,34.20703400 133.65502000,34.20689100 133.65465200,34.20701500 133.65433100,34.20700600 133.65346400,34.20702500 133.65325000,34.20718200 133.65301200,34.20713300 133.65263200,34.20711400 133.65248900,34.20717300 133.65221600,34.20710400 133.65165700,34.20712400 133.65137200,34.20712400 133.65101600,34.20722200 133.65062400,34.20745800 133.65042200,34.20769400 133.65033800,34.20801800 133.65030300,34.20810600 133.65010100,34.20813600 133.64979200,34.20807700 133.64960200,34.20822400 133.64942300,34.20835200 133.64928100,34.20862700 133.64942300,34.20900100 133.64959000,34.20920700 133.64975600,34.20927600 133.64986300,34.20937400 133.64970900,34.20944300 133.64955400,34.20953100 133.64919800,34.20948200 133.64901900,34.20940400 133.64868600,34.20922700 133.64848400,34.20937400 133.64835400,34.20960000 133.64837800,34.20974800 133.64823500,34.20993400 133.64808000,34.20996400 133.64785500,34.20998300 133.64771200,34.20989500 133.64754600,34.20986600 133.64748600,34.21001300 133.64732000,34.21067100 133.64729600,34.21097600 133.64723700,34.21114300 133.64710600,34.21132000 133.64691600,34.21144800 133.64670800,34.21182600 133.64632800,34.21222900 133.64626900,34.21279900 133.64582900,34.21287800 133.64537700,34.21301600 133.64509200,34.21329100 133.64491400,34.21329100 133.64451000,34.21327100 133.64421300,34.21336000 133.64399900,34.21331000 133.64388000,34.21322200 133.64407000,34.21261300 133.64423700,34.21243600 133.64426000,34.21226900 133.64409400,34.21188500 133.64396300,34.21140400 133.64366600,34.21135500 133.64351200,34.21137400 133.64320300,34.21119800 133.64294100,34.21112900 133.64268000,34.21102100 133.64254900,34.21090300 133.64235900,34.21086300 133.64225200,34.21085400 133.64206200,34.21103000 133.64200200,34.21109900 133.64187200,34.21115800 133.64175300,34.21115800 133.64151500,34.21103000 133.64130100,34.21091300 133.64117100,34.21086300 133.64098000,34.21085400 133.64089700,34.21091300 133.64081400,34.21105000 133.64081400,34.21120700 133.64071900,34.21139400 133.64068300,34.21142400 133.64027900,34.21143300 133.63962600,34.21140400 133.63944700,34.21122700 133.63935200,34.21118800 133.63928100,34.21130600 133.63922200,34.21144300 133.63906700,34.21164000 133.63874600,34.21163000 133.63852000,34.21157100 133.63825900,34.21155100 133.63787900,34.21177700 133.63765300,34.21182600 133.63710600,34.21207200 133.63695200,34.21238700 133.63688000,34.21274000 133.63697600,34.21309400 133.63705900,34.21340900 133.63714200,34.21353600 133.63714200,34.21379200 133.63724900,34.21390000 133.63761700,34.21388000 133.63778400,34.21392000 133.63791400,34.21405700 133.63780700,34.21413600 133.63753400,34.21437200 133.63747500,34.21448000 133.63751000,34.21459800 133.63771200,34.21461800 133.63779600,34.21472600 133.63767700,34.21487300 133.63764100,34.21494200 133.63771200,34.21502000 133.63785500,34.21507900 133.63789100,34.21507900 133.63777200,34.21522700 133.63774800,34.21534500 133.63785500,34.21544300 133.63804500,34.21571800 133.63815200,34.21587500 133.63814000,34.21593400 133.63804500,34.21596400 133.63789100,34.21591500 133.63764100,34.21579700 133.63735600,34.21558100 133.63715400,34.21518700 133.63704700,34.21507000 133.63671400,34.21504000 133.63647600,34.21497100 133.63622700,34.21490200 133.63603700,34.21494200 133.63595300,34.21509900 133.63582300,34.21522700 133.63563300,34.21522700 133.63547800,34.21515800 133.63532400,34.21507000 133.63509800,34.21508900 133.63505000,34.21522700 133.63475100,34.21538200 133.63435900,34.21528400 133.63421600,34.21530300 133.63363400,34.21507700 133.63328900,34.21517600 133.63326500,34.21562800 133.63309900,34.21619800 133.63267100,34.21616800 133.63245700,34.21652200 133.63242200,34.21656100 133.63216000,34.21660100 133.63182700,34.21669900 133.63151800,34.21672800 133.63137600,34.21679700 133.63124500,34.21689500 133.63059100,34.21713100 133.63038900,34.21702300 133.63004500,34.21689500 133.62972400,34.21683600 133.62964100,34.21686600 133.62939100,34.21689500 133.62920100,34.21684600 133.62898700,34.21676800 133.62883300,34.21669900 133.62860700,34.21669900 133.62835700,34.21688600 133.62784600,34.21688600 133.62716900,34.21690500 133.62713300,34.21713100 133.62706200,34.21733800 133.62702600,34.21756400 133.62702600,34.21769100 133.62708600,34.21797600 133.62697900,34.21830100 133.62682400,34.21856600 133.62677700,34.21867400 133.62691900,34.21880200 133.62693100,34.21891000 133.62652700,34.21891000 133.62628900,34.21910600 133.62626600,34.21929300 133.62571900,34.21957800 133.62548100,34.21985300 133.62507700,34.22000100 133.62489900,34.22013800 133.62484000,34.22020700 133.62473300,34.22013800 133.62411500,34.22030500 133.62370300,34.22033700 133.62337100,34.22038600 133.62303800,34.22057300 133.62267000,34.22069100 133.62238400,34.22091700 133.62189700,34.22112300 133.62157600,34.22121100 133.62117200,34.22125100 133.62104100,34.22132900 133.62094600,34.22153600 133.62082800,34.22201700 133.62095800,34.22230200 133.62111300,34.22257700 133.62112500,34.22282300 133.62097000,34.22296000 133.62082800,34.22303900 133.62081600,34.22331400 133.62079200,34.22359900 133.62073200,34.22385500 133.62073200,34.22408100 133.62079200,34.22435600 133.62089900,34.22495100 133.62087500,34.22564900 133.62088700,34.22603200 133.62097000,34.22638600 133.62097000,34.22650400 133.62070900,34.22667100 133.62057800,34.22670000 133.62063700,34.22702500 133.62089900,34.22778100 133.62086300,34.22795800 133.62082800,34.22816400 133.62097000,34.22862600 133.62095800,34.22886200 133.62087500,34.22911700 133.62088700,34.22927500 133.62103000,34.22959900 133.62117200,34.22978600 133.62117200,34.22993300 133.62112500,34.23007100 133.62078000,34.23035500 133.62042300,34.23066000 133.62011400,34.23084100 133.61960300,34.23096900 133.61934200,34.23107700 133.61921100,34.23117500 133.61923500,34.23132200 133.61936600,34.23142100 133.61950800,34.23149900 133.61953200,34.23165600 133.61946100,34.23180400 133.61909200,34.23203000 133.61876000,34.23219700 133.61855800,34.23227500 133.61840300,34.23245200 133.61841500,34.23270800 133.61861700,34.23316000 133.61852200,34.23336600 133.61839100,34.23355300 133.61834400,34.23428000 133.61826100,34.23437800 133.61750000,34.23468200 133.61672800,34.23512500 133.61596700,34.23569400 133.61570600,34.23606800 133.61546800,34.23657900 133.61537800,34.23694400 133.61490200,34.23724900 133.61443900,34.23753400 133.61395100,34.23680700 133.61384500,34.23666900 133.61370200,34.23658100 133.61338100,34.23649200 133.61306000,34.23634500 133.61252500,34.23593200 133.61190700,34.23547200 133.61150300,34.23512900 133.61124200,34.23494200 133.61090900,34.23471600 133.61067100,34.23452900 133.61046900,34.23421500 133.60973300,34.23395900 133.60925700,34.23381200 133.60881800,34.23371400 133.60854400,34.23399900
			</coordinates>
		</LineString>
	</Placemark>
	<Placemark>
		<name>SHIKOKU_KGW_23</name>
		<description>紫雲出山ロマンのみち</description>
		<styleUrl>#lineStyle0</styleUrl>
		<LineString>
			<coordinates> 133.60854400,34.23399900 133.60830700,34.23442100 133.60806900,34.23543300 133.60795000,34.23593400 133.60779600,34.23619000 133.60768900,34.23642500 133.60759400,34.23673000 133.60733200,34.23710100 133.60703500,34.23726800 133.60675000,34.23747500 133.60656000,34.23760200 133.60644100,34.23783800 133.60621500,34.23803500 133.60614400,34.23830000 133.60614400,34.23837900 133.60558500,34.23889900 133.60524100,34.23920400 133.60493200,34.23949900 133.60478900,34.23979300 133.60462300,34.24004900 133.60445600,34.24022600 133.60432500,34.24043200 133.60440900,34.24056000 133.60440200,34.24069100 133.60389000,34.24103500 133.60327300,34.24140800 133.60322500,34.24162500 133.60303500,34.24173300 133.60292800,34.24184100 133.60270200,34.24202700 133.60258300,34.24190900 133.60254800,34.24162500 133.60271400,34.24127100 133.60283300,34.24098600 133.60275000,34.24083900 133.60251200,34.24090700 133.60220300,34.24115300 133.60193000,34.24135900 133.60172800,34.24154600 133.60157300,34.24166400 133.60130000,34.24177200 133.60109800,34.24177200 133.60056300,34.24188000 133.60014700,34.24202700 133.59969500,34.24205700 133.59917106,34.24204413 133.59887445,34.24207727 133.59846562,34.24195136 133.59824600,34.24187000 133.59812700,34.24190000 133.59804400,34.24194900 133.59803200,34.24200800 133.59809100,34.24209600 133.59819800,34.24212600 133.59838800,34.24211600 133.59870900,34.24222400 133.59900271,34.24236884 133.59918709,34.24245499 133.59966000,34.24237100 133.59939551,34.24251463 133.59919511,34.24264054 133.59898200,34.24258700 133.59875700,34.24252800 133.59893858,34.24269356 133.59878628,34.24294537 133.59879429,34.24305803 133.59867405,34.24307791 133.59863397,34.24276645 133.59842554,34.24267368 133.59816100,34.24256102 133.59802000,34.24261700 133.59793700,34.24271500 133.59805500,34.24281300 133.59793655,34.24283934 133.59716400,34.24327500 133.59706900,34.24326500 133.59698600,34.24335400 133.59711700,34.24347100 133.59721200,34.24356000 133.59721200,34.24364800 133.59705446,34.24372873 133.59673124,34.24373722 133.59655167,34.24369056 133.59618740,34.24369056 133.59606940,34.24375418 133.59594627,34.24371177 133.59587444,34.24371177 133.59575131,34.24367360 133.59556661,34.24369905 133.59534086,34.24376690 133.59527930,34.24387293 133.59517669,34.24390262 133.59515104,34.24420798 133.59473033,34.24465754 133.59464311,34.24469147 133.59439685,34.24472540 133.59415571,34.24457272 133.59398641,34.24465330 133.59392607,34.24464852 133.59385219,34.24474352 133.59371264,34.24467566 133.59365107,34.24475370 133.59349200,34.24464000 133.59341301,34.24461459 133.59338428,34.24468245 133.59333913,34.24469602 133.59318727,34.24467566 133.59305592,34.24476727 133.59298204,34.24468923 133.59292458,34.24480120 133.59284249,34.24471638 133.59279734,34.24483513 133.59268241,34.24499799 133.59257570,34.24506246 133.59232943,34.24503192 133.59212010,34.24509639 133.59185741,34.24516764 133.59170965,34.24528639 133.59170555,34.24545264 133.59169000,34.24570100 133.59156599,34.24597176 133.59148801,34.24606676 133.59138540,34.24598872 133.59134173,34.24613276 133.59121203,34.24617793 133.59109018,34.24626806 133.59080799,34.24635818 133.59057710,34.24650663 133.59039111,34.24675050 133.59013457,34.24684062 133.59001271,34.24695726 133.58991010,34.24701027 133.58947398,34.24725944 133.58928799,34.24749271 133.58915331,34.24747150 133.58915972,34.24756163 133.58909559,34.24755633 133.58910841,34.24763055 133.58900580,34.24763055 133.58901862,34.24776838 133.58883263,34.24780549 133.58879415,34.24801755 133.58883905,34.24820310 133.58895449,34.24825612 133.58905069,34.24839395 133.58893044,34.24859475 133.58911200,34.24881400 133.58901061,34.24922429 133.58907073,34.24959704 133.58898054,34.24986210 133.58842200,34.25020800 133.58825903,34.25032597 133.58777802,34.25069043 133.58758711,34.25085531 133.58732254,34.25125955 133.58708202,34.25148486 133.58682547,34.25175656 133.58642460,34.25182283 133.58596762,34.25221381 133.58587141,34.25260479 133.58561800,34.25282900 133.58575917,34.25333373 133.58565495,34.25348615 133.58551064,34.25366507 133.58523003,34.25383736 133.58562288,34.25398315 133.58584300,34.25427300 133.58578322,34.25423496
			</coordinates>
		</LineString>
	</Placemark>
	<Placemark>
		<name>SHIKOKU_KGW_24</name>
		<description>岬めぐりのみち</description>
		<styleUrl>#lineStyle0</styleUrl>
		<LineString>
			<coordinates> 133.57035175,34.26123823 133.57055700,34.26119900 133.57074700,34.26079600 133.57090100,34.26046200 133.57093700,34.26018700 133.57099600,34.25995100 133.57108000,34.25982400 133.57146000,34.25971600 133.57157900,34.25970600 133.57167400,34.25950000 133.57166200,34.25928300 133.57169700,34.25918500 133.57190000,34.25909700 133.57224400,34.25909700 133.57261300,34.25885100 133.57323100,34.25885100 133.57340900,34.25909700 133.57370600,34.25897900 133.57400300,34.25872400 133.57445500,34.25871400 133.57478700,34.25856600 133.57507300,34.25841900 133.57531000,34.25840900 133.57535800,34.25837000 133.57529800,34.25818300 133.57533400,34.25800700 133.57533400,34.25777100 133.57541700,34.25744100 133.57628500,34.25604600 133.57642700,34.25600700 133.57658200,34.25601700 133.57670100,34.25594800 133.57715200,34.25593800 133.57730700,34.25606600 133.57756800,34.25619300 133.57768700,34.25634100 133.57777000,34.25656700 133.57798400,34.25666500 133.57819800,34.25670400 133.57876800,34.25645900 133.57898200,34.25621300 133.57922000,34.25604600 133.57931500,34.25610500 133.57948100,34.25597700 133.57952900,34.25580000 133.57961200,34.25569200 133.57986200,34.25569200 133.58007600,34.25582000 133.58048000,34.25583000 133.58091900,34.25594800 133.58133500,34.25605600 133.58159700,34.25623300 133.58168000,34.25623300 133.58187000,34.25597700 133.58194100,34.25588900 133.58212000,34.25581000 133.58226200,34.25585000 133.58244100,34.25596700 133.58257100,34.25607600 133.58272600,34.25610500 133.58288000,34.25601700 133.58297500,34.25583000 133.58299900,34.25566300 133.58309400,34.25556500 133.58319400,34.25547600 133.58339600,34.25550600 133.58362200,34.25553500 133.58372900,34.25553500 133.58376400,34.25531900 133.58383600,34.25514200 133.58387100,34.25508300 133.58407300,34.25507400 133.58420400,34.25514200 133.58439400,34.25514200 133.58457300,34.25506400 133.58472700,34.25494600 133.58476300,34.25474000 133.58476300,34.25459200 133.58491700,34.25448400 133.58504800,34.25456300 133.58519100,34.25449400 133.58534500,34.25438600 133.58534235,34.25419353 133.58573319,34.25422667 133.58607993,34.25442713 133.58626432,34.25475846 133.58644600,34.25500900 133.58661800,34.25515000 133.58677900,34.25550400 133.58699800,34.25580200 133.58739700,34.25622700 133.58799600,34.25639900 133.58841400,34.25654900 133.58836700,34.25669000 133.58831000,34.25696500 133.58844300,34.25726400 133.58854700,34.25761000 133.58849000,34.25794000 133.58850000,34.25841900 133.58857600,34.25889000 133.58861400,34.25916400 133.58844300,34.25924200 133.58840500,34.25930500 133.58848100,34.25952500 133.58871900,34.25974500 133.58892800,34.25987100 133.58894700,34.25999700 133.58886100,34.26005200 133.58867100,34.26005200 133.58812900,34.25998100 133.58782500,34.25994200 133.58742600,34.26002800 133.58680800,34.26017700 133.58646500,34.26020900 133.58607600,34.26016200 133.58562900,34.26006700 133.58502000,34.26003600 133.58471600,34.25987900 133.58454500,34.25980800 133.58414600,34.25995700 133.58391700,34.25995000 133.58374600,34.25979200 133.58351800,34.25974500 133.58334700,34.25979200 133.58314700,34.26002800 133.58291900,34.26004400 133.58236800,34.25975300 133.58226300,34.25979200 133.58196800,34.26011500 133.58175000,34.26012200 133.58156000,34.26010700 133.58141700,34.25997300 133.58126500,34.25969800 133.58101800,34.25943100 133.58075200,34.25925800 133.58065600,34.25927400 133.58031400,34.25963500 133.58021900,34.25986300 133.58013400,34.26019300 133.58010500,34.26058600 133.58000100,34.26085300 133.57982200,34.26102600 133.57946000,34.26119900 133.57938400,34.26129300 133.57925100,34.26128500 133.57903300,34.26128500 133.57883300,34.26134800 133.57855700,34.26147400 133.57842400,34.26155200 133.57818700,34.26152900 133.57805011,34.26144519 133.57777800,34.26152900 133.57737859,34.26172684 133.57727400,34.26193000 133.57731200,34.26207100 133.57735900,34.26223600 133.57735000,34.26231500 133.57717900,34.26234600 133.57697900,34.26229100 133.57675359,34.26213140 133.57649400,34.26216500 133.57621477,34.26226394 133.57605440,34.26223213 133.57584272,34.26224273 133.57529748,34.26244949 133.57459829,34.26284179 133.57449483,34.26272620 133.57426391,34.26275271 133.57409071,34.26269440 133.57384200,34.26240900 133.57344284,34.26222257 133.57325682,34.26207943 133.57303400,34.26206300 133.57282063,34.26194690 133.57272442,34.26219076 133.57264103,34.26232330 133.57249349,34.26237101 133.57235900,34.26222800 133.57227299,34.26219111 133.57194000,34.26215000 133.57149684,34.26196845 133.57127233,34.26185182 133.57104782,34.26158675 133.57073351,34.26159205 133.57039995,34.26160265 133.57000225,34.26134288 133.56949550,34.26115203 133.56949550,34.26115203 133.56930948,34.26118384 133.56895027,34.26124745 133.56873200,34.26131200 133.56850600,34.26131200 133.56834089,34.26126336 133.56821901,34.26117853 133.56805865,34.26108841 133.56794700,34.26109500 133.56743003,34.26131107 133.56721835,34.26137469 133.56703200,34.26136100 133.56684200,34.26130200 133.56649665,34.26117465 133.56623366,34.26128068 133.56597708,34.26124887 133.56575899,34.26128068 133.56552807,34.26147683 133.56536129,34.26151924 133.56510700,34.26149800 133.56485455,34.26146092 133.56450817,34.26147153 133.56429649,34.26135490 133.56402067,34.26132839 133.56384878,34.26130263 133.56349299,34.26132334 133.56286437,34.26148238 133.56238329,34.26155130 133.56197957,34.26158126 133.56186932,34.26154812 133.56091717,34.26131619 133.56047615,34.26178006 133.56091717,34.26131619 133.56197957,34.26158126 133.56238329,34.26155130 133.56286437,34.26148238 133.56349299,34.26132334 133.56384878,34.26130263 133.56429649,34.26135490 133.56450817,34.26147153 133.56485455,34.26146092 133.56510700,34.26149800 133.56536129,34.26151924 133.56552807,34.26147683 133.56575899,34.26128068 133.56597708,34.26124887 133.56623366,34.26128068 133.56649665,34.26117465 133.56684200,34.26130200 133.56703200,34.26136100 133.56721835,34.26137469 133.56743003,34.26131107 133.56794700,34.26109500 133.56805865,34.26108841 133.56821901,34.26117853 133.56834089,34.26126336 133.56850600,34.26131200 133.56873200,34.26131200 133.56895027,34.26124745 133.56930948,34.26118384 133.56949550,34.26115203 133.56970310,34.26113372 133.56991497,34.26117719 133.57022566,34.26124346
			</coordinates>
		</LineString>
	</Placemark>
</Document>
</kml>
