<?xml version="1.0" encoding="UTF-8"?>
<gpx version="1.1" creator="ChizuTaro - http://www.tcg.co.jp" xmlns="http://www.topografix.com/GPX/1/1" xmlns:xsi="http://www.w3.org/2001/XMLSchema-instance" xsi:schemaLocation="http://www.topografix.com/GPX/1/1 http://www.topografix.com/GPX/1/1/gpx.xsd">
 <rte>
  <name>接続コース</name>
   <rtept lat="32.96593600" lon="132.54893700">
   </rtept>
   <rtept lat="32.96612900" lon="132.54789700">
   </rtept>
   <rtept lat="32.96637600" lon="132.54694600">
   </rtept>
   <rtept lat="32.96668700" lon="132.54617600">
   </rtept>
   <rtept lat="32.96702200" lon="132.54563400">
   </rtept>
   <rtept lat="32.96746100" lon="132.54517800">
   </rtept>
   <rtept lat="32.96808600" lon="132.54479800">
   </rtept>
   <rtept lat="32.96849300" lon="132.54466400">
   </rtept>
   <rtept lat="32.96873200" lon="132.54462600">
   </rtept>
   <rtept lat="32.96890000" lon="132.54467400">
   </rtept>
   <rtept lat="32.96920300" lon="132.54477900">
   </rtept>
   <rtept lat="32.96948200" lon="132.54496900">
   </rtept>
   <rtept lat="32.96983300" lon="132.54508300">
   </rtept>
   <rtept lat="32.97015200" lon="132.54509200">
   </rtept>
   <rtept lat="32.97040700" lon="132.54499700">
   </rtept>
   <rtept lat="32.97079800" lon="132.54477900">
   </rtept>
   <rtept lat="32.97134800" lon="132.54441700">
   </rtept>
   <rtept lat="32.97167500" lon="132.54412300">
   </rtept>
   <rtept lat="32.97191000" lon="132.54382800">
   </rtept>
   <rtept lat="32.97227700" lon="132.54273400">
   </rtept>
   <rtept lat="32.97238800" lon="132.54228800">
   </rtept>
   <rtept lat="32.97238000" lon="132.54201200">
   </rtept>
   <rtept lat="32.97230800" lon="132.54181200">
   </rtept>
   <rtept lat="32.97213300" lon="132.54151800">
   </rtept>
   <rtept lat="32.97194200" lon="132.54119400">
   </rtept>
   <rtept lat="32.97188600" lon="132.54088100">
   </rtept>
   <rtept lat="32.97198900" lon="132.54053800">
   </rtept>
   <rtept lat="32.97282700" lon="132.53915000">
   </rtept>
   <rtept lat="32.97313000" lon="132.53878900">
   </rtept>
   <rtept lat="32.97352900" lon="132.53841800">
   </rtept>
   <rtept lat="32.97395900" lon="132.53827600">
   </rtept>
   <rtept lat="32.97468500" lon="132.53798100">
   </rtept>
   <rtept lat="32.97529100" lon="132.53770500">
   </rtept>
   <rtept lat="32.97549100" lon="132.53751500">
   </rtept>
   <rtept lat="32.97568700" lon="132.53718800">
   </rtept>
   <rtept lat="32.97579800" lon="132.53677000">
   </rtept>
   <rtept lat="32.97592600" lon="132.53612300">
   </rtept>
   <rtept lat="32.97613300" lon="132.53547700">
   </rtept>
   <rtept lat="32.97646800" lon="132.53488700">
   </rtept>
   <rtept lat="32.97691500" lon="132.53381300">
   </rtept>
   <rtept lat="32.97752100" lon="132.53196900">
   </rtept>
   <rtept lat="32.97776800" lon="132.53146500">
   </rtept>
   <rtept lat="32.97804700" lon="132.53106600">
   </rtept>
   <rtept lat="32.97828700" lon="132.53079900">
   </rtept>
   <rtept lat="32.97860600" lon="132.53058100">
   </rtept>
   <rtept lat="32.97914800" lon="132.53028600">
   </rtept>
   <rtept lat="32.97949900" lon="132.53015300">
   </rtept>
   <rtept lat="32.98019300" lon="132.52995300">
   </rtept>
   <rtept lat="32.98044000" lon="132.52971600">
   </rtept>
   <rtept lat="32.98062300" lon="132.52941100">
   </rtept>
   <rtept lat="32.98069400" lon="132.52915600">
   </rtept>
   <rtept lat="32.98070000" lon="132.52879200">
   </rtept>
   <rtept lat="32.98059800" lon="132.52825000">
   </rtept>
   <rtept lat="32.98047900" lon="132.52733800">
   </rtept>
   <rtept lat="32.98049700" lon="132.52679600">
   </rtept>
   <rtept lat="32.98066400" lon="132.52638200">
   </rtept>
   <rtept lat="32.98131000" lon="132.52554800">
   </rtept>
   <rtept lat="32.98172300" lon="132.52513400">
   </rtept>
   <rtept lat="32.98205200" lon="132.52504200">
   </rtept>
   <rtept lat="32.98251800" lon="132.52497000">
   </rtept>
   <rtept lat="32.98306800" lon="132.52477800">
   </rtept>
   <rtept lat="32.98344500" lon="132.52452100">
   </rtept>
   <rtept lat="32.98368700" lon="132.52429100">
   </rtept>
   <rtept lat="32.98417000" lon="132.52366700">
   </rtept>
   <rtept lat="32.98527200" lon="132.52216900">
   </rtept>
   <rtept lat="32.98597400" lon="132.52135500">
   </rtept>
   <rtept lat="32.98633000" lon="132.52103300">
   </rtept>
   <rtept lat="32.98664400" lon="132.52081300">
   </rtept>
   <rtept lat="32.98715300" lon="132.52053400">
   </rtept>
   <rtept lat="32.98761100" lon="132.52011800">
   </rtept>
   <rtept lat="32.98783000" lon="132.51995200">
   </rtept>
   <rtept lat="32.98811000" lon="132.51980300">
   </rtept>
   <rtept lat="32.98841900" lon="132.51970200">
   </rtept>
   <rtept lat="32.98861800" lon="132.51960700">
   </rtept>
   <rtept lat="32.98875900" lon="132.51948700">
   </rtept>
   <rtept lat="32.98895800" lon="132.51922600">
   </rtept>
   <rtept lat="32.98906800" lon="132.51872700">
   </rtept>
   <rtept lat="32.98917700" lon="132.51835800">
   </rtept>
   <rtept lat="32.98940700" lon="132.51803700">
   </rtept>
   <rtept lat="32.98962600" lon="132.51777600">
   </rtept>
   <rtept lat="32.99002500" lon="132.51740800">
   </rtept>
   <rtept lat="32.99027400" lon="132.51703900">
   </rtept>
   <rtept lat="32.99091200" lon="132.51617200">
   </rtept>
   <rtept lat="32.99111100" lon="132.51604100">
   </rtept>
   <rtept lat="32.99135000" lon="132.51589800">
   </rtept>
   <rtept lat="32.99165000" lon="132.51585100">
   </rtept>
   <rtept lat="32.99194900" lon="132.51568400">
   </rtept>
   <rtept lat="32.99216800" lon="132.51550600">
   </rtept>
   <rtept lat="32.99233700" lon="132.51517300">
   </rtept>
   <rtept lat="32.99259600" lon="132.51466200">
   </rtept>
   <rtept lat="32.99279600" lon="132.51421100">
   </rtept>
   <rtept lat="32.99300500" lon="132.51387800">
   </rtept>
   <rtept lat="32.99328400" lon="132.51366400">
   </rtept>
   <rtept lat="32.99362300" lon="132.51354500">
   </rtept>
   <rtept lat="32.99384200" lon="132.51352200">
   </rtept>
   <rtept lat="32.99437300" lon="132.51353300">
   </rtept>
   <rtept lat="32.99503000" lon="132.51351000">
   </rtept>
   <rtept lat="32.99589800" lon="132.51327200">
   </rtept>
   <rtept lat="32.99641600" lon="132.51308200">
   </rtept>
   <rtept lat="32.99662500" lon="132.51308200">
   </rtept>
   <rtept lat="32.99695400" lon="132.51315300">
   </rtept>
   <rtept lat="32.99758200" lon="132.51336700">
   </rtept>
   <rtept lat="32.99781100" lon="132.51337900">
   </rtept>
   <rtept lat="32.99862900" lon="132.51316500">
   </rtept>
   <rtept lat="32.99894800" lon="132.51316500">
   </rtept>
   <rtept lat="32.99918700" lon="132.51330800">
   </rtept>
   <rtept lat="32.99984500" lon="132.51370000">
   </rtept>
   <rtept lat="33.00088300" lon="132.51414000">
   </rtept>
   <rtept lat="33.00114200" lon="132.51416300">
   </rtept>
   <rtept lat="33.00182000" lon="132.51402100">
   </rtept>
   <rtept lat="33.00291600" lon="132.51370000">
   </rtept>
   <rtept lat="33.00342500" lon="132.51324800">
   </rtept>
   <rtept lat="33.00408200" lon="132.51263000">
   </rtept>
   <rtept lat="33.00423200" lon="132.51244000">
   </rtept>
   <rtept lat="33.00440100" lon="132.51181000">
   </rtept>
   <rtept lat="33.00461100" lon="132.51083600">
   </rtept>
   <rtept lat="33.00493600" lon="132.50965700">
   </rtept>
   <rtept lat="33.00497200" lon="132.50921900">
   </rtept>
   <rtept lat="33.00500400" lon="132.50805500">
   </rtept>
   <rtept lat="33.00505200" lon="132.50771700">
   </rtept>
   <rtept lat="33.00539900" lon="132.50709400">
   </rtept>
   <rtept lat="33.00566600" lon="132.50673300">
   </rtept>
   <rtept lat="33.00591300" lon="132.50606300">
   </rtept>
   <rtept lat="33.00610800" lon="132.50564000">
   </rtept>
   <rtept lat="33.00633100" lon="132.50538800">
   </rtept>
   <rtept lat="33.00657400" lon="132.50514500">
   </rtept>
   <rtept lat="33.00682300" lon="132.50487200">
   </rtept>
   <rtept lat="33.00716200" lon="132.50433700">
   </rtept>
   <rtept lat="33.00736100" lon="132.50407600">
   </rtept>
   <rtept lat="33.00764100" lon="132.50391000">
   </rtept>
   <rtept lat="33.00786000" lon="132.50383800">
   </rtept>
   <rtept lat="33.00817900" lon="132.50389800">
   </rtept>
   <rtept lat="33.00863700" lon="132.50386200">
   </rtept>
   <rtept lat="33.00892600" lon="132.50370700">
   </rtept>
   <rtept lat="33.00914500" lon="132.50329200">
   </rtept>
   <rtept lat="33.00980300" lon="132.50184200">
   </rtept>
   <rtept lat="33.01006200" lon="132.50104500">
   </rtept>
   <rtept lat="33.01020200" lon="132.50067700">
   </rtept>
   <rtept lat="33.01043100" lon="132.50039200">
   </rtept>
   <rtept lat="33.01105900" lon="132.49997600">
   </rtept>
   <rtept lat="33.01128600" lon="132.49963100">
   </rtept>
   <rtept lat="33.01157500" lon="132.49776500">
   </rtept>
   <rtept lat="33.01222300" lon="132.49686200">
   </rtept>
   <rtept lat="33.01261100" lon="132.49643400">
   </rtept>
   <rtept lat="33.01286100" lon="132.49631600">
   </rtept>
   <rtept lat="33.01399700" lon="132.49619700">
   </rtept>
   <rtept lat="33.01470400" lon="132.49618500">
   </rtept>
   <rtept lat="33.01490300" lon="132.49633900">
   </rtept>
   <rtept lat="33.01511300" lon="132.49653000">
   </rtept>
   <rtept lat="33.01533200" lon="132.49696900">
   </rtept>
 </rte>
 <rte>
  <name>接続コース</name>
   <rtept lat="33.08531700" lon="132.50712400">
   </rtept>
   <rtept lat="33.08556900" lon="132.50933500">
   </rtept>
   <rtept lat="33.08647700" lon="132.51188700">
   </rtept>
   <rtept lat="33.08788700" lon="132.51552400">
   </rtept>
   <rtept lat="33.08804300" lon="132.51569500">
   </rtept>
   <rtept lat="33.09012200" lon="132.51687900">
   </rtept>
   <rtept lat="33.09045600" lon="132.51692200">
   </rtept>
   <rtept lat="33.09064700" lon="132.51692200">
   </rtept>
   <rtept lat="33.09132800" lon="132.51650800">
   </rtept>
   <rtept lat="33.09162700" lon="132.51640800">
   </rtept>
   <rtept lat="33.09309700" lon="132.51650800">
   </rtept>
   <rtept lat="33.09426500" lon="132.51657900">
   </rtept>
   <rtept lat="33.09491000" lon="132.51626600">
   </rtept>
   <rtept lat="33.09538800" lon="132.51606600">
   </rtept>
   <rtept lat="33.09600900" lon="132.51575200">
   </rtept>
   <rtept lat="33.09640400" lon="132.51556700">
   </rtept>
   <rtept lat="33.09724000" lon="132.51475400">
   </rtept>
   <rtept lat="33.09761000" lon="132.51436900">
   </rtept>
   <rtept lat="33.09792100" lon="132.51357000">
   </rtept>
   <rtept lat="33.09813600" lon="132.51284300">
   </rtept>
   <rtept lat="33.09830300" lon="132.51238700">
   </rtept>
   <rtept lat="33.09884100" lon="132.51174500">
   </rtept>
   <rtept lat="33.09934300" lon="132.51130300">
   </rtept>
   <rtept lat="33.09974900" lon="132.51123100">
   </rtept>
   <rtept lat="33.10070400" lon="132.51146000">
   </rtept>
   <rtept lat="33.10202100" lon="132.51170200">
   </rtept>
   <rtept lat="33.10284500" lon="132.51174500">
   </rtept>
   <rtept lat="33.10634500" lon="132.51167400">
   </rtept>
   <rtept lat="33.10684700" lon="132.51177300">
   </rtept>
   <rtept lat="33.10803000" lon="132.51264300">
   </rtept>
   <rtept lat="33.10927000" lon="132.51367000">
   </rtept>
   <rtept lat="33.11061900" lon="132.51482500">
   </rtept>
   <rtept lat="33.11045200" lon="132.51523900">
   </rtept>
   <rtept lat="33.11048800" lon="132.51548100">
   </rtept>
   <rtept lat="33.11064300" lon="132.51563800">
   </rtept>
   <rtept lat="33.11091800" lon="132.51563800">
   </rtept>
   <rtept lat="33.11128800" lon="132.51570900">
   </rtept>
   <rtept lat="33.11164700" lon="132.51586600">
   </rtept>
   <rtept lat="33.11239900" lon="132.51676500">
   </rtept>
   <rtept lat="33.11357900" lon="132.51831900">
   </rtept>
   <rtept lat="33.11385400" lon="132.51851900">
   </rtept>
   <rtept lat="33.11583700" lon="132.51954600">
   </rtept>
   <rtept lat="33.11639800" lon="132.51961700">
   </rtept>
   <rtept lat="33.11755700" lon="132.51956000">
   </rtept>
   <rtept lat="33.11933700" lon="132.51934600">
   </rtept>
   <rtept lat="33.11981400" lon="132.51918900">
   </rtept>
   <rtept lat="33.12014900" lon="132.51958200">
   </rtept>
   <rtept lat="33.12075600" lon="132.52004600">
   </rtept>
   <rtept lat="33.12113400" lon="132.52027200">
   </rtept>
   <rtept lat="33.12143300" lon="132.52034300">
   </rtept>
   <rtept lat="33.12262700" lon="132.52037900">
   </rtept>
   <rtept lat="33.12299500" lon="132.52035500">
   </rtept>
   <rtept lat="33.12334300" lon="132.52050900">
   </rtept>
   <rtept lat="33.12475700" lon="132.52134100">
   </rtept>
   <rtept lat="33.12600100" lon="132.52201900">
   </rtept>
   <rtept lat="33.12671700" lon="132.52237500">
   </rtept>
   <rtept lat="33.12702800" lon="132.52245800">
   </rtept>
   <rtept lat="33.12731700" lon="132.52262500">
   </rtept>
   <rtept lat="33.12800300" lon="132.52282700">
   </rtept>
   <rtept lat="33.12916800" lon="132.52270800">
   </rtept>
   <rtept lat="33.12946600" lon="132.52273200">
   </rtept>
   <rtept lat="33.12974500" lon="132.52282700">
   </rtept>
   <rtept lat="33.13075000" lon="132.52338500">
   </rtept>
   <rtept lat="33.13122800" lon="132.52363500">
   </rtept>
   <rtept lat="33.13237200" lon="132.52388400">
   </rtept>
   <rtept lat="33.13302900" lon="132.52401500">
   </rtept>
   <rtept lat="33.13502100" lon="132.52449100">
   </rtept>
   <rtept lat="33.13564800" lon="132.52460900">
   </rtept>
   <rtept lat="33.13620600" lon="132.52478800">
   </rtept>
   <rtept lat="33.13668300" lon="132.52496600">
   </rtept>
   <rtept lat="33.13745900" lon="132.52520400">
   </rtept>
   <rtept lat="33.13913100" lon="132.52527500">
   </rtept>
   <rtept lat="33.14014800" lon="132.52527500">
   </rtept>
   <rtept lat="33.14067600" lon="132.52521500">
   </rtept>
   <rtept lat="33.14104400" lon="132.52515600">
   </rtept>
   <rtept lat="33.14128300" lon="132.52522700">
   </rtept>
   <rtept lat="33.14154100" lon="132.52533400">
   </rtept>
   <rtept lat="33.14245700" lon="132.52610700">
   </rtept>
   <rtept lat="33.14443700" lon="132.52769900">
   </rtept>
   <rtept lat="33.14613600" lon="132.52889600">
   </rtept>
   <rtept lat="33.14706200" lon="132.52939500">
   </rtept>
   <rtept lat="33.14795700" lon="132.52988200">
   </rtept>
   <rtept lat="33.14857400" lon="132.53019100">
   </rtept>
   <rtept lat="33.14894200" lon="132.53046500">
   </rtept>
   <rtept lat="33.15073600" lon="132.53485200">
   </rtept>
   <rtept lat="33.15258700" lon="132.53948700">
   </rtept>
   <rtept lat="33.15366200" lon="132.54214900">
   </rtept>
   <rtept lat="33.15461700" lon="132.54433600">
   </rtept>
   <rtept lat="33.15529300" lon="132.54541900">
   </rtept>
   <rtept lat="33.15636800" lon="132.54653600">
   </rtept>
   <rtept lat="33.15680600" lon="132.54679600">
   </rtept>
   <rtept lat="33.15796400" lon="132.54738000">
   </rtept>
   <rtept lat="33.15922900" lon="132.54787900">
   </rtept>
   <rtept lat="33.16028000" lon="132.54802200">
   </rtept>
   <rtept lat="33.16216600" lon="132.54802200">
   </rtept>
   <rtept lat="33.16352400" lon="132.54800800">
   </rtept>
   <rtept lat="33.16419300" lon="132.54812200">
   </rtept>
   <rtept lat="33.16480200" lon="132.54832100">
   </rtept>
   <rtept lat="33.16564900" lon="132.54890600">
   </rtept>
   <rtept lat="33.16679500" lon="132.54989000">
   </rtept>
   <rtept lat="33.16788200" lon="132.55087400">
   </rtept>
   <rtept lat="33.16878900" lon="132.55160100">
   </rtept>
   <rtept lat="33.16928100" lon="132.55190100">
   </rtept>
   <rtept lat="33.17024800" lon="132.55238600">
   </rtept>
   <rtept lat="33.17123800" lon="132.55287100">
   </rtept>
   <rtept lat="33.17197800" lon="132.55317000">
   </rtept>
   <rtept lat="33.17239600" lon="132.55328400">
   </rtept>
   <rtept lat="33.17300500" lon="132.55327000">
   </rtept>
   <rtept lat="33.17411500" lon="132.55279900">
   </rtept>
   <rtept lat="33.17783200" lon="132.55125900">
   </rtept>
   <rtept lat="33.17895400" lon="132.55078900">
   </rtept>
   <rtept lat="33.17974200" lon="132.55036100">
   </rtept>
   <rtept lat="33.18168700" lon="132.54920600">
   </rtept>
   <rtept lat="33.18227000" lon="132.54886300">
   </rtept>
   <rtept lat="33.18315300" lon="132.54864900">
   </rtept>
   <rtept lat="33.18637500" lon="132.54815000">
   </rtept>
   <rtept lat="33.18803400" lon="132.54796500">
   </rtept>
   <rtept lat="33.19045500" lon="132.54787900">
   </rtept>
   <rtept lat="33.19106300" lon="132.54779400">
   </rtept>
   <rtept lat="33.19132600" lon="132.54775100">
   </rtept>
   <rtept lat="33.19298500" lon="132.54710900">
   </rtept>
   <rtept lat="33.19432100" lon="132.54666700">
   </rtept>
   <rtept lat="33.19501300" lon="132.54648200">
   </rtept>
   <rtept lat="33.19723500" lon="132.54605400">
   </rtept>
   <rtept lat="33.19765300" lon="132.54594000">
   </rtept>
   <rtept lat="33.19862000" lon="132.54621100">
   </rtept>
   <rtept lat="33.19884600" lon="132.54689500">
   </rtept>
   <rtept lat="33.19956200" lon="132.54916300">
   </rtept>
   <rtept lat="33.20086300" lon="132.55090300">
   </rtept>
   <rtept lat="33.20267700" lon="132.55267100">
   </rtept>
   <rtept lat="33.20361700" lon="132.55391200">
   </rtept>
   <rtept lat="33.20627800" lon="132.55609400">
   </rtept>
   <rtept lat="33.20843800" lon="132.55780500">
   </rtept>
   <rtept lat="33.20920100" lon="132.55834700">
   </rtept>
   <rtept lat="33.21013900" lon="132.55868300">
   </rtept>
   <rtept lat="33.21071200" lon="132.55875500">
   </rtept>
   <rtept lat="33.21191700" lon="132.55879700">
   </rtept>
   <rtept lat="33.21232200" lon="132.55884000">
   </rtept>
   <rtept lat="33.21462500" lon="132.55956800">
   </rtept>
   <rtept lat="33.21676100" lon="132.56020900">
   </rtept>
   <rtept lat="33.21643900" lon="132.56224900">
   </rtept>
   <rtept lat="33.21825200" lon="132.56264800">
   </rtept>
   <rtept lat="33.21768900" lon="132.56556400">
   </rtept>
   <rtept lat="33.21891800" lon="132.56734700">
   </rtept>
   <rtept lat="33.22205600" lon="132.56522200">
   </rtept>
   <rtept lat="33.22447800" lon="132.56381000">
   </rtept>
   <rtept lat="33.22527900" lon="132.56334100">
   </rtept>
   <rtept lat="33.22814200" lon="132.56607400">
   </rtept>
   <rtept lat="33.22852000" lon="132.56674000">
   </rtept>
   <rtept lat="33.22947400" lon="132.56845100">
   </rtept>
   <rtept lat="33.22968100" lon="132.56845100">
   </rtept>
   <rtept lat="33.23009500" lon="132.56831800">
   </rtept>
   <rtept lat="33.23054000" lon="132.56809000">
   </rtept>
   <rtept lat="33.23093000" lon="132.56801400">
   </rtept>
   <rtept lat="33.23122400" lon="132.56805200">
   </rtept>
   <rtept lat="33.23209100" lon="132.56860300">
   </rtept>
   <rtept lat="33.23249600" lon="132.56882200">
   </rtept>
   <rtept lat="33.23298900" lon="132.56898400">
   </rtept>
   <rtept lat="33.23327600" lon="132.56898400">
   </rtept>
   <rtept lat="33.23355400" lon="132.56895500">
   </rtept>
   <rtept lat="33.23403100" lon="132.56864100">
   </rtept>
   <rtept lat="33.23503500" lon="132.56793800">
   </rtept>
   <rtept lat="33.23542400" lon="132.56780500">
   </rtept>
   <rtept lat="33.23605200" lon="132.56770000">
   </rtept>
   <rtept lat="33.23778600" lon="132.56754800">
   </rtept>
   <rtept lat="33.23816000" lon="132.56766200">
   </rtept>
   <rtept lat="33.23932900" lon="132.56812800">
   </rtept>
   <rtept lat="33.23959300" lon="132.56819100">
   </rtept>
   <rtept lat="33.23983100" lon="132.56817900">
   </rtept>
   <rtept lat="33.24022900" lon="132.56809600">
   </rtept>
   <rtept lat="33.24042800" lon="132.56829800">
   </rtept>
   <rtept lat="33.24178900" lon="132.56899900">
   </rtept>
   <rtept lat="33.24267400" lon="132.56943900">
   </rtept>
   <rtept lat="33.24285300" lon="132.56959300">
   </rtept>
   <rtept lat="33.24297200" lon="132.56981900">
   </rtept>
   <rtept lat="33.24334000" lon="132.57073400">
   </rtept>
   <rtept lat="33.24356900" lon="132.57115000">
   </rtept>
   <rtept lat="33.24379700" lon="132.57138800">
   </rtept>
   <rtept lat="33.24412500" lon="132.57147100">
   </rtept>
   <rtept lat="33.24471200" lon="132.57154200">
   </rtept>
   <rtept lat="33.24514900" lon="132.57181600">
   </rtept>
   <rtept lat="33.24563600" lon="132.57245800">
   </rtept>
   <rtept lat="33.24622000" lon="132.57350300">
   </rtept>
   <rtept lat="33.24651800" lon="132.57369300">
   </rtept>
   <rtept lat="33.24689600" lon="132.57374100">
   </rtept>
   <rtept lat="33.24722400" lon="132.57365800">
   </rtept>
   <rtept lat="33.24809900" lon="132.57330100">
   </rtept>
   <rtept lat="33.24834700" lon="132.57328900">
   </rtept>
   <rtept lat="33.24893400" lon="132.57353900">
   </rtept>
   <rtept lat="33.24954000" lon="132.57369300">
   </rtept>
   <rtept lat="33.24973900" lon="132.57377700">
   </rtept>
   <rtept lat="33.25018600" lon="132.57412100">
   </rtept>
   <rtept lat="33.25057300" lon="132.57421600">
   </rtept>
   <rtept lat="33.25109000" lon="132.57422800">
   </rtept>
   <rtept lat="33.25134700" lon="132.57437100">
   </rtept>
   <rtept lat="33.25153500" lon="132.57464400">
   </rtept>
   <rtept lat="33.25166500" lon="132.57503600">
   </rtept>
   <rtept lat="33.25178400" lon="132.57514300">
   </rtept>
   <rtept lat="33.25197300" lon="132.57519100">
   </rtept>
   <rtept lat="33.25259900" lon="132.57522700">
   </rtept>
   <rtept lat="33.25280700" lon="132.57538100">
   </rtept>
   <rtept lat="33.25325500" lon="132.57580900">
   </rtept>
   <rtept lat="33.25417900" lon="132.57603500">
   </rtept>
   <rtept lat="33.25452700" lon="132.57622500">
   </rtept>
   <rtept lat="33.25555000" lon="132.57685500">
   </rtept>
   <rtept lat="33.25644500" lon="132.57759100">
   </rtept>
   <rtept lat="33.25669100" lon="132.57771700">
   </rtept>
   <rtept lat="33.25851000" lon="132.57821700">
   </rtept>
   <rtept lat="33.25879800" lon="132.57843000">
   </rtept>
   <rtept lat="33.25910600" lon="132.57888200">
   </rtept>
   <rtept lat="33.25921500" lon="132.57922700">
   </rtept>
   <rtept lat="33.25928500" lon="132.57986800">
   </rtept>
   <rtept lat="33.25940400" lon="132.58021300">
   </rtept>
   <rtept lat="33.25966300" lon="132.58049800">
   </rtept>
   <rtept lat="33.25998100" lon="132.58058100">
   </rtept>
   <rtept lat="33.26077500" lon="132.58061700">
   </rtept>
   <rtept lat="33.26130200" lon="132.58060500">
   </rtept>
   <rtept lat="33.26152100" lon="132.58060500">
   </rtept>
   <rtept lat="33.26203800" lon="132.58076000">
   </rtept>
   <rtept lat="33.26265200" lon="132.58078300">
   </rtept>
   <rtept lat="33.26300900" lon="132.58112800">
   </rtept>
   <rtept lat="33.26366500" lon="132.58186500">
   </rtept>
   <rtept lat="33.26418200" lon="132.58222100">
   </rtept>
   <rtept lat="33.26493700" lon="132.58244700">
   </rtept>
   <rtept lat="33.26568200" lon="132.58250700">
   </rtept>
   <rtept lat="33.26657700" lon="132.58251900">
   </rtept>
   <rtept lat="33.26731200" lon="132.58283900">
   </rtept>
   <rtept lat="33.26789800" lon="132.58311300">
   </rtept>
   <rtept lat="33.26881800" lon="132.58348100">
   </rtept>
   <rtept lat="33.26927500" lon="132.58383800">
   </rtept>
   <rtept lat="33.26973200" lon="132.58444400">
   </rtept>
   <rtept lat="33.26980200" lon="132.58493100">
   </rtept>
   <rtept lat="33.26984200" lon="132.58539400">
   </rtept>
   <rtept lat="33.26998100" lon="132.58569200">
   </rtept>
   <rtept lat="33.27054700" lon="132.58610700">
   </rtept>
   <rtept lat="33.27076600" lon="132.58641600">
   </rtept>
   <rtept lat="33.27087500" lon="132.58682100">
   </rtept>
   <rtept lat="33.27088500" lon="132.58726000">
   </rtept>
   <rtept lat="33.27105400" lon="132.58760500">
   </rtept>
   <rtept lat="33.27151100" lon="132.58789000">
   </rtept>
   <rtept lat="33.27158100" lon="132.58810400">
   </rtept>
   <rtept lat="33.27154100" lon="132.58850800">
   </rtept>
   <rtept lat="33.27158100" lon="132.58895600">
   </rtept>
   <rtept lat="33.27168000" lon="132.58913400">
   </rtept>
   <rtept lat="33.27199800" lon="132.58942000">
   </rtept>
   <rtept lat="33.27227600" lon="132.58978800">
   </rtept>
   <rtept lat="33.27281300" lon="132.59002600">
   </rtept>
   <rtept lat="33.27296200" lon="132.59002600">
   </rtept>
   <rtept lat="33.27341900" lon="132.58981200">
   </rtept>
   <rtept lat="33.27361700" lon="132.58968100">
   </rtept>
   <rtept lat="33.27376600" lon="132.58965700">
   </rtept>
   <rtept lat="33.27452200" lon="132.58974000">
   </rtept>
   <rtept lat="33.27484900" lon="132.58962200">
   </rtept>
   <rtept lat="33.27540200" lon="132.58937200">
   </rtept>
   <rtept lat="33.27569000" lon="132.58940800">
   </rtept>
   <rtept lat="33.27603800" lon="132.58963300">
   </rtept>
   <rtept lat="33.27690200" lon="132.59024000">
   </rtept>
   <rtept lat="33.27725000" lon="132.59071500">
   </rtept>
   <rtept lat="33.27831300" lon="132.59167800">
   </rtept>
   <rtept lat="33.27872000" lon="132.59223600">
   </rtept>
   <rtept lat="33.27902800" lon="132.59323400">
   </rtept>
   <rtept lat="33.27922700" lon="132.59359100">
   </rtept>
   <rtept lat="33.28019100" lon="132.59480300">
   </rtept>
   <rtept lat="33.28117400" lon="132.59576600">
   </rtept>
   <rtept lat="33.28122400" lon="132.59658600">
   </rtept>
   <rtept lat="33.28158100" lon="132.59725100">
   </rtept>
   <rtept lat="33.28211800" lon="132.59819000">
   </rtept>
   <rtept lat="33.28238800" lon="132.59884800">
   </rtept>
 </rte>
 <rte>
  <name>接続コース</name>
   <rtept lat="33.45312200" lon="132.53252900">
   </rtept>
   <rtept lat="33.45349500" lon="132.53275000">
   </rtept>
   <rtept lat="33.45396500" lon="132.53281400">
   </rtept>
   <rtept lat="33.45480400" lon="132.53280700">
   </rtept>
   <rtept lat="33.45531200" lon="132.53283700">
   </rtept>
   <rtept lat="33.45631500" lon="132.53314200">
   </rtept>
   <rtept lat="33.45681000" lon="132.53314200">
   </rtept>
   <rtept lat="33.45745200" lon="132.53301400">
   </rtept>
   <rtept lat="33.45805900" lon="132.53308500">
   </rtept>
   <rtept lat="33.45847600" lon="132.53328500">
   </rtept>
   <rtept lat="33.45888000" lon="132.53378400">
   </rtept>
   <rtept lat="33.45913000" lon="132.53429800">
   </rtept>
   <rtept lat="33.45941600" lon="132.53575200">
   </rtept>
   <rtept lat="33.45995100" lon="132.53713500">
   </rtept>
   <rtept lat="33.46042700" lon="132.53811900">
   </rtept>
   <rtept lat="33.46072400" lon="132.53897500">
   </rtept>
   <rtept lat="33.46103400" lon="132.54007300">
   </rtept>
   <rtept lat="33.46128300" lon="132.54047200">
   </rtept>
   <rtept lat="33.46324600" lon="132.54168500">
   </rtept>
   <rtept lat="33.46367500" lon="132.54179900">
   </rtept>
   <rtept lat="33.46422400" lon="132.54167000">
   </rtept>
   <rtept lat="33.46478400" lon="132.54167000">
   </rtept>
   <rtept lat="33.46510500" lon="132.54185600">
   </rtept>
   <rtept lat="33.46555700" lon="132.54222700">
   </rtept>
   <rtept lat="33.46604500" lon="132.54249800">
   </rtept>
   <rtept lat="33.46650900" lon="132.54251200">
   </rtept>
   <rtept lat="33.46698400" lon="132.54249800">
   </rtept>
   <rtept lat="33.46738900" lon="132.54269700">
   </rtept>
   <rtept lat="33.46771000" lon="132.54282500">
   </rtept>
   <rtept lat="33.46815000" lon="132.54346700">
   </rtept>
   <rtept lat="33.46887600" lon="132.54461400">
   </rtept>
   <rtept lat="33.46939900" lon="132.54499900">
   </rtept>
   <rtept lat="33.46999400" lon="132.54531300">
   </rtept>
   <rtept lat="33.47050600" lon="132.54568300">
   </rtept>
   <rtept lat="33.47130300" lon="132.54631100">
   </rtept>
   <rtept lat="33.47185000" lon="132.54666700">
   </rtept>
   <rtept lat="33.47239700" lon="132.54673900">
   </rtept>
   <rtept lat="33.47281300" lon="132.54668200">
   </rtept>
   <rtept lat="33.47318200" lon="132.54641100">
   </rtept>
   <rtept lat="33.47370600" lon="132.54556900">
   </rtept>
   <rtept lat="33.47381300" lon="132.54525600">
   </rtept>
   <rtept lat="33.47420500" lon="132.54474200">
   </rtept>
   <rtept lat="33.47474300" lon="132.54440000">
   </rtept>
   <rtept lat="33.47505200" lon="132.54421500">
   </rtept>
   <rtept lat="33.47552800" lon="132.54425700">
   </rtept>
   <rtept lat="33.47609100" lon="132.54440100">
   </rtept>
   <rtept lat="33.47634600" lon="132.54430100">
   </rtept>
   <rtept lat="33.47653100" lon="132.54408800">
   </rtept>
   <rtept lat="33.47687600" lon="132.54369500">
   </rtept>
   <rtept lat="33.47713100" lon="132.54364500">
   </rtept>
   <rtept lat="33.47775400" lon="132.54358600">
   </rtept>
   <rtept lat="33.47850500" lon="132.54361700">
   </rtept>
   <rtept lat="33.47898700" lon="132.54375200">
   </rtept>
   <rtept lat="33.47917700" lon="132.54368100">
   </rtept>
   <rtept lat="33.47955800" lon="132.54337500">
   </rtept>
   <rtept lat="33.47979000" lon="132.54331000">
   </rtept>
   <rtept lat="33.48000400" lon="132.54331700">
   </rtept>
   <rtept lat="33.48035600" lon="132.54338900">
   </rtept>
   <rtept lat="33.48084400" lon="132.54363100">
   </rtept>
   <rtept lat="33.48118300" lon="132.54366700">
   </rtept>
   <rtept lat="33.48208700" lon="132.54356700">
   </rtept>
   <rtept lat="33.48323500" lon="132.54342400">
   </rtept>
   <rtept lat="33.48354100" lon="132.54339600">
   </rtept>
   <rtept lat="33.48414800" lon="132.54367400">
   </rtept>
   <rtept lat="33.48455200" lon="132.54376000">
   </rtept>
   <rtept lat="33.48487400" lon="132.54373100">
   </rtept>
   <rtept lat="33.48524200" lon="132.54357400">
   </rtept>
   <rtept lat="33.48587400" lon="132.54283800">
   </rtept>
   <rtept lat="33.48621600" lon="132.54271100">
   </rtept>
   <rtept lat="33.48673400" lon="132.54257600">
   </rtept>
   <rtept lat="33.48711400" lon="132.54241900">
   </rtept>
   <rtept lat="33.48743500" lon="132.54224100">
   </rtept>
   <rtept lat="33.48767900" lon="132.54189900">
   </rtept>
   <rtept lat="33.48810800" lon="132.54121900">
   </rtept>
   <rtept lat="33.48841100" lon="132.54086500">
   </rtept>
   <rtept lat="33.48885700" lon="132.54070100">
   </rtept>
   <rtept lat="33.48900000" lon="132.54067200">
   </rtept>
   <rtept lat="33.48935700" lon="132.54064800">
   </rtept>
   <rtept lat="33.48969400" lon="132.54044600">
   </rtept>
   <rtept lat="33.48999200" lon="132.54019600">
   </rtept>
   <rtept lat="33.49023900" lon="132.54010100">
   </rtept>
   <rtept lat="33.49047700" lon="132.54012500">
   </rtept>
   <rtept lat="33.49078400" lon="132.54018400">
   </rtept>
   <rtept lat="33.49114100" lon="132.54050500">
   </rtept>
   <rtept lat="33.49259800" lon="132.54220500">
   </rtept>
   <rtept lat="33.49316900" lon="132.54311800">
   </rtept>
   <rtept lat="33.49312200" lon="132.54340300">
   </rtept>
   <rtept lat="33.49321700" lon="132.54398700">
   </rtept>
   <rtept lat="33.49344300" lon="132.54488600">
   </rtept>
   <rtept lat="33.49383500" lon="132.54554200">
   </rtept>
   <rtept lat="33.49424000" lon="132.54609800">
   </rtept>
   <rtept lat="33.49468000" lon="132.54636900">
   </rtept>
 </rte>
 <rte>
   <rtept lat="33.53519300" lon="132.61441600">
   </rtept>
   <rtept lat="33.53448800" lon="132.61527600">
   </rtept>
   <rtept lat="33.53445900" lon="132.61595400">
   </rtept>
   <rtept lat="33.53430000" lon="132.61680900">
   </rtept>
   <rtept lat="33.53422100" lon="132.61730800">
   </rtept>
   <rtept lat="33.53358700" lon="132.61850900">
   </rtept>
   <rtept lat="33.53333900" lon="132.61929300">
   </rtept>
   <rtept lat="33.53330000" lon="132.61959000">
   </rtept>
   <rtept lat="33.53326000" lon="132.62111100">
   </rtept>
   <rtept lat="33.53324000" lon="132.62146800">
   </rtept>
   <rtept lat="33.53319100" lon="132.62175300">
   </rtept>
   <rtept lat="33.53325000" lon="132.62235900">
   </rtept>
   <rtept lat="33.53365600" lon="132.62367800">
   </rtept>
   <rtept lat="33.53379500" lon="132.62421300">
   </rtept>
   <rtept lat="33.53384400" lon="132.62550800">
   </rtept>
   <rtept lat="33.53393400" lon="132.62678700">
   </rtept>
   <rtept lat="33.53398300" lon="132.62775000">
   </rtept>
   <rtept lat="33.53423100" lon="132.62840300">
   </rtept>
   <rtept lat="33.53460700" lon="132.62893800">
   </rtept>
   <rtept lat="33.53519200" lon="132.62953200">
   </rtept>
   <rtept lat="33.53557800" lon="132.63010300">
   </rtept>
   <rtept lat="33.53636100" lon="132.63165900">
   </rtept>
   <rtept lat="33.53700400" lon="132.63297900">
   </rtept>
 </rte>
 <rte>
  <name>接続コース</name>
   <rtept lat="33.56621200" lon="132.67435300">
   </rtept>
   <rtept lat="33.56682900" lon="132.67463800">
   </rtept>
   <rtept lat="33.56843300" lon="132.67525600">
   </rtept>
   <rtept lat="33.56880900" lon="132.67570800">
   </rtept>
   <rtept lat="33.56896800" lon="132.67668200">
   </rtept>
   <rtept lat="33.56879000" lon="132.67758600">
   </rtept>
   <rtept lat="33.56841300" lon="132.67844100">
   </rtept>
   <rtept lat="33.56772000" lon="132.67948700">
   </rtept>
   <rtept lat="33.56684900" lon="132.68058000">
   </rtept>
   <rtept lat="33.56572000" lon="132.68138800">
   </rtept>
   <rtept lat="33.56534400" lon="132.68181600">
   </rtept>
   <rtept lat="33.56498700" lon="132.68288600">
   </rtept>
   <rtept lat="33.56445200" lon="132.68514400">
   </rtept>
   <rtept lat="33.56411600" lon="132.68607100">
   </rtept>
   <rtept lat="33.56366000" lon="132.68671200">
   </rtept>
   <rtept lat="33.56304600" lon="132.68737800">
   </rtept>
   <rtept lat="33.56280900" lon="132.68802000">
   </rtept>
   <rtept lat="33.56284800" lon="132.68870900">
   </rtept>
   <rtept lat="33.56306600" lon="132.68954100">
   </rtept>
   <rtept lat="33.56342300" lon="132.69065800">
   </rtept>
   <rtept lat="33.56362100" lon="132.69096000">
   </rtept>
   <rtept lat="33.56433400" lon="132.69164900">
   </rtept>
   <rtept lat="33.56496700" lon="132.69250500">
   </rtept>
   <rtept lat="33.56526400" lon="132.69328900">
   </rtept>
   <rtept lat="33.56568000" lon="132.69428700">
   </rtept>
   <rtept lat="33.56629400" lon="132.69526200">
   </rtept>
   <rtept lat="33.56663100" lon="132.69614100">
   </rtept>
   <rtept lat="33.56714600" lon="132.69768600">
   </rtept>
   <rtept lat="33.56724500" lon="132.69858900">
   </rtept>
   <rtept lat="33.56728500" lon="132.70032400">
   </rtept>
   <rtept lat="33.56738400" lon="132.70077600">
   </rtept>
   <rtept lat="33.56778000" lon="132.70146500">
   </rtept>
   <rtept lat="33.56859200" lon="132.70260600">
   </rtept>
   <rtept lat="33.56890800" lon="132.70312900">
   </rtept>
   <rtept lat="33.56914600" lon="132.70415100">
   </rtept>
   <rtept lat="33.56914600" lon="132.70500700">
   </rtept>
   <rtept lat="33.56964100" lon="132.70664700">
   </rtept>
   <rtept lat="33.56985900" lon="132.70774000">
   </rtept>
   <rtept lat="33.56981900" lon="132.70823900">
   </rtept>
   <rtept lat="33.56956200" lon="132.70978400">
   </rtept>
   <rtept lat="33.56972000" lon="132.71059200">
   </rtept>
   <rtept lat="33.56993800" lon="132.71106800">
   </rtept>
   <rtept lat="33.57052800" lon="132.71149500">
   </rtept>
   <rtept lat="33.57102400" lon="132.71144800">
   </rtept>
   <rtept lat="33.57197400" lon="132.71130500">
   </rtept>
   <rtept lat="33.57312300" lon="132.71116300">
   </rtept>
   <rtept lat="33.57375600" lon="132.71130500">
   </rtept>
   <rtept lat="33.57415200" lon="132.71149500">
   </rtept>
   <rtept lat="33.57478600" lon="132.71239900">
   </rtept>
   <rtept lat="33.57484600" lon="132.71332500">
   </rtept>
   <rtept lat="33.57462800" lon="132.71396700">
   </rtept>
   <rtept lat="33.57399400" lon="132.71522700">
   </rtept>
   <rtept lat="33.57330100" lon="132.71617800">
   </rtept>
   <rtept lat="33.57308300" lon="132.71717600">
   </rtept>
   <rtept lat="33.57288500" lon="132.71793600">
   </rtept>
   <rtept lat="33.57268700" lon="132.71962200">
   </rtept>
   <rtept lat="33.57284500" lon="132.72009700">
   </rtept>
   <rtept lat="33.57322200" lon="132.72047700">
   </rtept>
   <rtept lat="33.57393500" lon="132.72107100">
   </rtept>
   <rtept lat="33.57456800" lon="132.72192700">
   </rtept>
   <rtept lat="33.57468700" lon="132.72266400">
   </rtept>
   <rtept lat="33.57484600" lon="132.72411400">
   </rtept>
   <rtept lat="33.57510300" lon="132.72473200">
   </rtept>
   <rtept lat="33.57575600" lon="132.72575400">
   </rtept>
   <rtept lat="33.57611300" lon="132.72670400">
   </rtept>
   <rtept lat="33.57629100" lon="132.72796400">
   </rtept>
   <rtept lat="33.57615200" lon="132.72884400">
   </rtept>
   <rtept lat="33.57615200" lon="132.73015100">
   </rtept>
   <rtept lat="33.57631100" lon="132.73081600">
   </rtept>
   <rtept lat="33.57652900" lon="132.73133900">
   </rtept>
   <rtept lat="33.57700400" lon="132.73181500">
   </rtept>
   <rtept lat="33.57765700" lon="132.73219500">
   </rtept>
   <rtept lat="33.57789500" lon="132.73262300">
   </rtept>
   <rtept lat="33.57807300" lon="132.73340700">
   </rtept>
   <rtept lat="33.57799400" lon="132.73435800">
   </rtept>
   <rtept lat="33.57775600" lon="132.73485700">
   </rtept>
   <rtept lat="33.57736000" lon="132.73606900">
   </rtept>
   <rtept lat="33.57742000" lon="132.73647300">
   </rtept>
   <rtept lat="33.57783600" lon="132.73747100">
   </rtept>
   <rtept lat="33.57801400" lon="132.73818400">
   </rtept>
   <rtept lat="33.57791500" lon="132.73908800">
   </rtept>
   <rtept lat="33.57775600" lon="132.74053700">
   </rtept>
   <rtept lat="33.57773700" lon="132.74160700">
   </rtept>
   <rtept lat="33.57791500" lon="132.74217700">
   </rtept>
   <rtept lat="33.57843500" lon="132.74336700">
   </rtept>
   <rtept lat="33.57898900" lon="132.74456500">
   </rtept>
   <rtept lat="33.57941700" lon="132.74517300">
   </rtept>
   <rtept lat="33.57987700" lon="132.74566800">
   </rtept>
   <rtept lat="33.58038300" lon="132.74599100">
   </rtept>
   <rtept lat="33.58078000" lon="132.74642800">
   </rtept>
   <rtept lat="33.58114400" lon="132.74718900">
   </rtept>
   <rtept lat="33.58149200" lon="132.74796900">
   </rtept>
   <rtept lat="33.58199900" lon="132.74852000">
   </rtept>
   <rtept lat="33.58272800" lon="132.74935700">
   </rtept>
   <rtept lat="33.58318700" lon="132.75002200">
   </rtept>
   <rtept lat="33.58405900" lon="132.75129600">
   </rtept>
   <rtept lat="33.58442300" lon="132.75262700">
   </rtept>
   <rtept lat="33.58445500" lon="132.75355900">
   </rtept>
   <rtept lat="33.58423300" lon="132.75422400">
   </rtept>
   <rtept lat="33.58393200" lon="132.75449100">
   </rtept>
   <rtept lat="33.58352000" lon="132.75458600">
   </rtept>
   <rtept lat="33.58328200" lon="132.75479500">
   </rtept>
   <rtept lat="33.58253800" lon="132.75570700">
   </rtept>
   <rtept lat="33.58214200" lon="132.75652500">
   </rtept>
   <rtept lat="33.58193600" lon="132.75721000">
   </rtept>
   <rtept lat="33.58169800" lon="132.75829300">
   </rtept>
   <rtept lat="33.58171400" lon="132.75928200">
   </rtept>
   <rtept lat="33.58144500" lon="132.76013800">
   </rtept>
   <rtept lat="33.58109600" lon="132.76057500">
   </rtept>
   <rtept lat="33.58057400" lon="132.76087900">
   </rtept>
   <rtept lat="33.58008300" lon="132.76122200">
   </rtept>
   <rtept lat="33.57982900" lon="132.76184900">
   </rtept>
   <rtept lat="33.57963900" lon="132.76274300">
   </rtept>
   <rtept lat="33.57960700" lon="132.76373100">
   </rtept>
   <rtept lat="33.57943300" lon="132.76464400">
   </rtept>
   <rtept lat="33.57919500" lon="132.76515800">
   </rtept>
   <rtept lat="33.57881400" lon="132.76598600">
   </rtept>
   <rtept lat="33.57941600" lon="132.76665100">
   </rtept>
   <rtept lat="33.57987600" lon="132.76708900">
   </rtept>
   <rtept lat="33.58043000" lon="132.76762100">
   </rtept>
   <rtept lat="33.58100100" lon="132.76788700">
   </rtept>
   <rtept lat="33.58136500" lon="132.76832500">
   </rtept>
   <rtept lat="33.58157100" lon="132.76900900">
   </rtept>
   <rtept lat="33.58153900" lon="132.77025700">
   </rtept>
   <rtept lat="33.58172900" lon="132.77240500">
   </rtept>
   <rtept lat="33.58177700" lon="132.77445900">
   </rtept>
   <rtept lat="33.58196700" lon="132.77480100">
   </rtept>
   <rtept lat="33.58236300" lon="132.77520000">
   </rtept>
   <rtept lat="33.58285400" lon="132.77539000">
   </rtept>
   <rtept lat="33.58367800" lon="132.77525700">
   </rtept>
   <rtept lat="33.58451700" lon="132.77470600">
   </rtept>
   <rtept lat="33.58550900" lon="132.77421200">
   </rtept>
   <rtept lat="33.58596800" lon="132.77432600">
   </rtept>
   <rtept lat="33.58650700" lon="132.77476300">
   </rtept>
   <rtept lat="33.58699800" lon="132.77483900">
   </rtept>
   <rtept lat="33.58736200" lon="132.77461100">
   </rtept>
   <rtept lat="33.58777400" lon="132.77398300">
   </rtept>
   <rtept lat="33.58813800" lon="132.77381200">
   </rtept>
   <rtept lat="33.58861300" lon="132.77388800">
   </rtept>
   <rtept lat="33.58896200" lon="132.77419300">
   </rtept>
   <rtept lat="33.58939000" lon="132.77472500">
   </rtept>
   <rtept lat="33.58975400" lon="132.77571400">
   </rtept>
   <rtept lat="33.59002300" lon="132.77704500">
   </rtept>
   <rtept lat="33.58967500" lon="132.77881300">
   </rtept>
   <rtept lat="33.58965900" lon="132.77953600">
   </rtept>
   <rtept lat="33.58994400" lon="132.78023900">
   </rtept>
   <rtept lat="33.59041900" lon="132.78061900">
   </rtept>
   <rtept lat="33.59083100" lon="132.78098100">
   </rtept>
   <rtept lat="33.59127400" lon="132.78162700">
   </rtept>
   <rtept lat="33.59149600" lon="132.78242600">
   </rtept>
   <rtept lat="33.59171800" lon="132.78326200">
   </rtept>
   <rtept lat="33.59203500" lon="132.78383300">
   </rtept>
   <rtept lat="33.59258900" lon="132.78404200">
   </rtept>
   <rtept lat="33.59340900" lon="132.78409900">
   </rtept>
   <rtept lat="33.59399600" lon="132.78428900">
   </rtept>
   <rtept lat="33.59453400" lon="132.78440300">
   </rtept>
   <rtept lat="33.59546800" lon="132.78472600">
   </rtept>
   <rtept lat="33.59605500" lon="132.78503100">
   </rtept>
   <rtept lat="33.59695700" lon="132.78567700">
   </rtept>
   <rtept lat="33.59763800" lon="132.78596200">
   </rtept>
   <rtept lat="33.59827200" lon="132.78596200">
   </rtept>
   <rtept lat="33.59877900" lon="132.78617200">
   </rtept>
   <rtept lat="33.59919000" lon="132.78638100">
   </rtept>
   <rtept lat="33.59974500" lon="132.78655200">
   </rtept>
   <rtept lat="33.60015600" lon="132.78634300">
   </rtept>
   <rtept lat="33.60083800" lon="132.78588600">
   </rtept>
   <rtept lat="33.60162900" lon="132.78582900">
   </rtept>
   <rtept lat="33.60259500" lon="132.78575300">
   </rtept>
   <rtept lat="33.60307100" lon="132.78560100">
   </rtept>
   <rtept lat="33.60427400" lon="132.78544900">
   </rtept>
   <rtept lat="33.60518300" lon="132.78561100">
   </rtept>
   <rtept lat="33.60589800" lon="132.78591300">
   </rtept>
   <rtept lat="33.60725900" lon="132.78627000">
   </rtept>
   <rtept lat="33.60834800" lon="132.78638900">
   </rtept>
   <rtept lat="33.60918900" lon="132.78621000">
   </rtept>
   <rtept lat="33.61022800" lon="132.78624000">
   </rtept>
   <rtept lat="33.61198500" lon="132.78632900">
   </rtept>
   <rtept lat="33.61248000" lon="132.78665600">
   </rtept>
   <rtept lat="33.61339500" lon="132.78760700">
   </rtept>
   <rtept lat="33.61403900" lon="132.78888400">
   </rtept>
   <rtept lat="33.61421200" lon="132.79028100">
   </rtept>
   <rtept lat="33.61470700" lon="132.79117200">
   </rtept>
   <rtept lat="33.61475600" lon="132.79155800">
   </rtept>
   <rtept lat="33.61492900" lon="132.79224100">
   </rtept>
   <rtept lat="33.61544900" lon="132.79277600">
   </rtept>
   <rtept lat="33.61564700" lon="132.79331100">
   </rtept>
   <rtept lat="33.61609800" lon="132.79472700">
   </rtept>
   <rtept lat="33.61649400" lon="132.79495300">
   </rtept>
   <rtept lat="33.61814600" lon="132.79580800">
   </rtept>
   <rtept lat="33.61918500" lon="132.79768600">
   </rtept>
   <rtept lat="33.61973000" lon="132.79879100">
   </rtept>
   <rtept lat="33.61949200" lon="132.79933800">
   </rtept>
   <rtept lat="33.61952200" lon="132.79976600">
   </rtept>
   <rtept lat="33.61967000" lon="132.79993200">
   </rtept>
   <rtept lat="33.62010600" lon="132.80030100">
   </rtept>
   <rtept lat="33.62007600" lon="132.80071600">
   </rtept>
   <rtept lat="33.61969000" lon="132.80115600">
   </rtept>
   <rtept lat="33.61964100" lon="132.80154800">
   </rtept>
   <rtept lat="33.61956100" lon="132.80213100">
   </rtept>
   <rtept lat="33.61978900" lon="132.80242800">
   </rtept>
   <rtept lat="33.61979900" lon="132.80359200">
   </rtept>
   <rtept lat="33.61973000" lon="132.80386600">
   </rtept>
   <rtept lat="33.61979900" lon="132.80424600">
   </rtept>
   <rtept lat="33.61962100" lon="132.80473300">
   </rtept>
   <rtept lat="33.61994700" lon="132.80507000">
   </rtept>
   <rtept lat="33.62001800" lon="132.80555500">
   </rtept>
   <rtept lat="33.62023200" lon="132.80584000">
   </rtept>
   <rtept lat="33.62052900" lon="132.80609700">
   </rtept>
   <rtept lat="33.62084900" lon="132.80648200">
   </rtept>
   <rtept lat="33.62126500" lon="132.80676700">
   </rtept>
   <rtept lat="33.62151500" lon="132.80718000">
   </rtept>
   <rtept lat="33.62174000" lon="132.80760800">
   </rtept>
   <rtept lat="33.62189500" lon="132.80820700">
   </rtept>
   <rtept lat="33.62219100" lon="132.80850700">
   </rtept>
   <rtept lat="33.62261900" lon="132.80869200">
   </rtept>
   <rtept lat="33.62284500" lon="132.80869200">
   </rtept>
   <rtept lat="33.62294000" lon="132.80893500">
   </rtept>
   <rtept lat="33.62311800" lon="132.80949100">
   </rtept>
   <rtept lat="33.62330800" lon="132.80993300">
   </rtept>
   <rtept lat="33.62380600" lon="132.81067400">
   </rtept>
   <rtept lat="33.62386600" lon="132.81104500">
   </rtept>
   <rtept lat="33.62374700" lon="132.81164400">
   </rtept>
   <rtept lat="33.62375900" lon="132.81218600">
   </rtept>
   <rtept lat="33.62365200" lon="132.81257100">
   </rtept>
   <rtept lat="33.62342600" lon="132.81389700">
   </rtept>
   <rtept lat="33.62358100" lon="132.81416800">
   </rtept>
   <rtept lat="33.62375900" lon="132.81455300">
   </rtept>
   <rtept lat="33.62381800" lon="132.81466700">
   </rtept>
   <rtept lat="33.62422200" lon="132.81502400">
   </rtept>
   <rtept lat="33.62441200" lon="132.81550900">
   </rtept>
   <rtept lat="33.62415100" lon="132.81585100">
   </rtept>
   <rtept lat="33.62391300" lon="132.81602200">
   </rtept>
   <rtept lat="33.62358100" lon="132.81605100">
   </rtept>
   <rtept lat="33.62314100" lon="132.81635000">
   </rtept>
   <rtept lat="33.62285300" lon="132.81679600">
   </rtept>
   <rtept lat="33.62287800" lon="132.81747900">
   </rtept>
   <rtept lat="33.62310100" lon="132.81834100">
   </rtept>
   <rtept lat="33.62339800" lon="132.81890500">
   </rtept>
   <rtept lat="33.62337700" lon="132.81994700">
   </rtept>
   <rtept lat="33.62352600" lon="132.82037500">
   </rtept>
   <rtept lat="33.62352600" lon="132.82081500">
   </rtept>
   <rtept lat="33.62305100" lon="132.82196700">
   </rtept>
   <rtept lat="33.62151700" lon="132.82569900">
   </rtept>
   <rtept lat="33.62145700" lon="132.82617400">
   </rtept>
   <rtept lat="33.62119000" lon="132.82672100">
   </rtept>
   <rtept lat="33.62081400" lon="132.82718400">
   </rtept>
   <rtept lat="33.62101200" lon="132.82806400">
   </rtept>
   <rtept lat="33.62098200" lon="132.82851500">
   </rtept>
   <rtept lat="33.62058700" lon="132.82876500">
   </rtept>
   <rtept lat="33.61960700" lon="132.82907400">
   </rtept>
   <rtept lat="33.61935000" lon="132.82940700">
   </rtept>
   <rtept lat="33.61931000" lon="132.83027400">
   </rtept>
   <rtept lat="33.61938900" lon="132.83070200">
   </rtept>
   <rtept lat="33.61931000" lon="132.83134400">
   </rtept>
   <rtept lat="33.61937900" lon="132.83189000">
   </rtept>
   <rtept lat="33.61967600" lon="132.83285300">
   </rtept>
   <rtept lat="33.61982000" lon="132.83321400">
   </rtept>
   <rtept lat="33.62001000" lon="132.83336600">
   </rtept>
   <rtept lat="33.62026300" lon="132.83380400">
   </rtept>
   <rtept lat="33.62072200" lon="132.83578100">
   </rtept>
   <rtept lat="33.62034200" lon="132.83690300">
   </rtept>
   <rtept lat="33.62042200" lon="132.83745400">
   </rtept>
   <rtept lat="33.62069100" lon="132.83787300">
   </rtept>
   <rtept lat="33.62165700" lon="132.83922300">
   </rtept>
   <rtept lat="33.62262300" lon="132.83985000">
   </rtept>
   <rtept lat="33.62312900" lon="132.84059200">
   </rtept>
   <rtept lat="33.62358800" lon="132.84112400">
   </rtept>
   <rtept lat="33.62363600" lon="132.84160000">
   </rtept>
   <rtept lat="33.62382600" lon="132.84199900">
   </rtept>
   <rtept lat="33.62371500" lon="132.84253100">
   </rtept>
   <rtept lat="33.62374700" lon="132.84274000">
   </rtept>
   <rtept lat="33.62388900" lon="132.84317800">
   </rtept>
   <rtept lat="33.62439600" lon="132.84353900">
   </rtept>
   <rtept lat="33.62458600" lon="132.84388100">
   </rtept>
   <rtept lat="33.62464900" lon="132.84439500">
   </rtept>
   <rtept lat="33.62476000" lon="132.84466100">
   </rtept>
   <rtept lat="33.62507700" lon="132.84469900">
   </rtept>
   <rtept lat="33.62536200" lon="132.84498400">
   </rtept>
   <rtept lat="33.62548800" lon="132.84532600">
   </rtept>
   <rtept lat="33.62542500" lon="132.84540300">
   </rtept>
   <rtept lat="33.62523500" lon="132.84540300">
   </rtept>
   <rtept lat="33.62487100" lon="132.84507900">
   </rtept>
   <rtept lat="33.62441200" lon="132.84502200">
   </rtept>
   <rtept lat="33.62419000" lon="132.84473700">
   </rtept>
   <rtept lat="33.62369900" lon="132.84390000">
   </rtept>
   <rtept lat="33.62346200" lon="132.84365300">
   </rtept>
   <rtept lat="33.62330300" lon="132.84367200">
   </rtept>
   <rtept lat="33.62324000" lon="132.84431900">
   </rtept>
   <rtept lat="33.62349300" lon="132.84496500">
   </rtept>
   <rtept lat="33.62349300" lon="132.84572600">
   </rtept>
   <rtept lat="33.62368300" lon="132.84606800">
   </rtept>
   <rtept lat="33.62365200" lon="132.84654300">
   </rtept>
   <rtept lat="33.62284400" lon="132.84764600">
   </rtept>
   <rtept lat="33.62259100" lon="132.84758900">
   </rtept>
   <rtept lat="33.62257500" lon="132.84703800">
   </rtept>
   <rtept lat="33.62252800" lon="132.84644800">
   </rtept>
   <rtept lat="33.62232200" lon="132.84623900">
   </rtept>
   <rtept lat="33.62167300" lon="132.84631500">
   </rtept>
   <rtept lat="33.62154600" lon="132.84644800">
   </rtept>
   <rtept lat="33.62160900" lon="132.84660000">
   </rtept>
   <rtept lat="33.62200500" lon="132.84654300">
   </rtept>
   <rtept lat="33.62213200" lon="132.84665700">
   </rtept>
   <rtept lat="33.62216300" lon="132.84719000">
   </rtept>
   <rtept lat="33.62211600" lon="132.84751300">
   </rtept>
   <rtept lat="33.62211600" lon="132.84777900">
   </rtept>
   <rtept lat="33.62216300" lon="132.84838800">
   </rtept>
   <rtept lat="33.62210000" lon="132.84878700">
   </rtept>
   <rtept lat="33.62225800" lon="132.84907200">
   </rtept>
   <rtept lat="33.62225800" lon="132.84958600">
   </rtept>
   <rtept lat="33.62233800" lon="132.84960500">
   </rtept>
   <rtept lat="33.62262300" lon="132.84903400">
   </rtept>
   <rtept lat="33.62276500" lon="132.84873000">
   </rtept>
   <rtept lat="33.62295500" lon="132.84829300">
   </rtept>
   <rtept lat="33.62317700" lon="132.84802600">
   </rtept>
   <rtept lat="33.62331900" lon="132.84764600">
   </rtept>
   <rtept lat="33.62407900" lon="132.84804600">
   </rtept>
   <rtept lat="33.62417400" lon="132.84829300">
   </rtept>
   <rtept lat="33.62426900" lon="132.84855900">
   </rtept>
   <rtept lat="33.62457000" lon="132.84882500">
   </rtept>
   <rtept lat="33.62518700" lon="132.84911000">
   </rtept>
   <rtept lat="33.62536200" lon="132.84926200">
   </rtept>
   <rtept lat="33.62534600" lon="132.84954800">
   </rtept>
   <rtept lat="33.62518700" lon="132.84989000">
   </rtept>
   <rtept lat="33.62537700" lon="132.85034600">
   </rtept>
   <rtept lat="33.62536200" lon="132.85070800">
   </rtept>
   <rtept lat="33.62548800" lon="132.85095500">
   </rtept>
   <rtept lat="33.62596300" lon="132.84994700">
   </rtept>
   <rtept lat="33.62602700" lon="132.84971900">
   </rtept>
   <rtept lat="33.62624800" lon="132.84964300">
   </rtept>
   <rtept lat="33.62640400" lon="132.84982000">
   </rtept>
   <rtept lat="33.62659400" lon="132.85033400">
   </rtept>
   <rtept lat="33.62673700" lon="132.85046700">
   </rtept>
   <rtept lat="33.62695900" lon="132.85103700">
   </rtept>
   <rtept lat="33.62695900" lon="132.85164600">
   </rtept>
   <rtept lat="33.62725900" lon="132.85179800">
   </rtept>
   <rtept lat="33.62743400" lon="132.85168400">
   </rtept>
   <rtept lat="33.62756000" lon="132.85111300">
   </rtept>
   <rtept lat="33.62773400" lon="132.85075200">
   </rtept>
   <rtept lat="33.62794000" lon="132.85073300">
   </rtept>
   <rtept lat="33.62824100" lon="132.85086600">
   </rtept>
   <rtept lat="33.62844700" lon="132.85113200">
   </rtept>
   <rtept lat="33.62855800" lon="132.85170300">
   </rtept>
   <rtept lat="33.62852600" lon="132.85217800">
   </rtept>
   <rtept lat="33.62865300" lon="132.85259600">
   </rtept>
   <rtept lat="33.62890600" lon="132.85265300">
   </rtept>
   <rtept lat="33.63042600" lon="132.85195000">
   </rtept>
   <rtept lat="33.63071100" lon="132.85198800">
   </rtept>
   <rtept lat="33.63107500" lon="132.85204500">
   </rtept>
   <rtept lat="33.63120200" lon="132.85170300">
   </rtept>
   <rtept lat="33.63142300" lon="132.85155000">
   </rtept>
   <rtept lat="33.63162900" lon="132.85164600">
   </rtept>
   <rtept lat="33.63181900" lon="132.85202600">
   </rtept>
   <rtept lat="33.63231000" lon="132.85314800">
   </rtept>
   <rtept lat="33.63292700" lon="132.85472600">
   </rtept>
   <rtept lat="33.63281600" lon="132.85603800">
   </rtept>
   <rtept lat="33.63242100" lon="132.85765400">
   </rtept>
   <rtept lat="33.63210400" lon="132.85809100">
   </rtept>
   <rtept lat="33.63205700" lon="132.85858600">
   </rtept>
   <rtept lat="33.63202500" lon="132.85921300">
   </rtept>
   <rtept lat="33.63178700" lon="132.85968900">
   </rtept>
   <rtept lat="33.63181900" lon="132.86014500">
   </rtept>
   <rtept lat="33.63174000" lon="132.86063900">
   </rtept>
   <rtept lat="33.63180300" lon="132.86151400">
   </rtept>
   <rtept lat="33.63166100" lon="132.86204600">
   </rtept>
 </rte>
 <rte>
  <name>接続コース</name>
   <rtept lat="33.67097000" lon="132.89395100">
   </rtept>
   <rtept lat="33.67172800" lon="132.89221400">
   </rtept>
   <rtept lat="33.67228200" lon="132.89105400">
   </rtept>
   <rtept lat="33.67457700" lon="132.88951400">
   </rtept>
   <rtept lat="33.67546300" lon="132.88947600">
   </rtept>
   <rtept lat="33.67581100" lon="132.88930500">
   </rtept>
   <rtept lat="33.67661500" lon="132.88838200">
   </rtept>
   <rtept lat="33.67966800" lon="132.88499800">
   </rtept>
   <rtept lat="33.68261100" lon="132.88305800">
   </rtept>
   <rtept lat="33.68416200" lon="132.88208900">
   </rtept>
   <rtept lat="33.68466800" lon="132.88151800">
   </rtept>
   <rtept lat="33.68519000" lon="132.88079600">
   </rtept>
   <rtept lat="33.68639600" lon="132.88062500">
   </rtept>
   <rtept lat="33.68748800" lon="132.88104300">
   </rtept>
   <rtept lat="33.68791500" lon="132.88113800">
   </rtept>
   <rtept lat="33.68965500" lon="132.88051000">
   </rtept>
   <rtept lat="33.69095300" lon="132.87995900">
   </rtept>
   <rtept lat="33.69155400" lon="132.87925600">
   </rtept>
   <rtept lat="33.69179100" lon="132.87916000">
   </rtept>
   <rtept lat="33.69215500" lon="132.87917900">
   </rtept>
   <rtept lat="33.69269300" lon="132.87929400">
   </rtept>
   <rtept lat="33.69318300" lon="132.87929400">
   </rtept>
   <rtept lat="33.69435400" lon="132.87881800">
   </rtept>
   <rtept lat="33.69624900" lon="132.87792400">
   </rtept>
   <rtept lat="33.69757800" lon="132.87737300">
   </rtept>
   <rtept lat="33.69798900" lon="132.87701200">
   </rtept>
   <rtept lat="33.69833700" lon="132.87636500">
   </rtept>
   <rtept lat="33.69873300" lon="132.87592800">
   </rtept>
   <rtept lat="33.69931800" lon="132.87573800">
   </rtept>
   <rtept lat="33.70004600" lon="132.87596600">
   </rtept>
   <rtept lat="33.70031500" lon="132.87632700">
   </rtept>
   <rtept lat="33.70058400" lon="132.87703100">
   </rtept>
   <rtept lat="33.70086800" lon="132.87762000">
   </rtept>
   <rtept lat="33.70124800" lon="132.87771500">
   </rtept>
   <rtept lat="33.70172300" lon="132.87765800">
   </rtept>
   <rtept lat="33.70208700" lon="132.87727800">
   </rtept>
   <rtept lat="33.70251400" lon="132.87680300">
   </rtept>
   <rtept lat="33.70284600" lon="132.87652700">
   </rtept>
   <rtept lat="33.70379500" lon="132.87647000">
   </rtept>
   <rtept lat="33.70393700" lon="132.87622300">
   </rtept>
   <rtept lat="33.70396900" lon="132.87574700">
   </rtept>
   <rtept lat="33.70409500" lon="132.87466400">
   </rtept>
   <rtept lat="33.70450700" lon="132.87396000">
   </rtept>
   <rtept lat="33.70461700" lon="132.87281900">
   </rtept>
   <rtept lat="33.70468100" lon="132.87190600">
   </rtept>
   <rtept lat="33.70488600" lon="132.87150700">
   </rtept>
   <rtept lat="33.70532900" lon="132.87084200">
   </rtept>
   <rtept lat="33.70572500" lon="132.87027100">
   </rtept>
   <rtept lat="33.70583500" lon="132.86876900">
   </rtept>
   <rtept lat="33.70593000" lon="132.86738100">
   </rtept>
   <rtept lat="33.70607300" lon="132.86684900">
   </rtept>
   <rtept lat="33.70692700" lon="132.86534600">
   </rtept>
   <rtept lat="33.70824000" lon="132.86302700">
   </rtept>
 </rte>
 <rte>
  <name>接続コース</name>
   <rtept lat="33.84747200" lon="132.79715100">
   </rtept>
   <rtept lat="33.84742700" lon="132.79649600">
   </rtept>
   <rtept lat="33.84556300" lon="132.79710400">
   </rtept>
   <rtept lat="33.84448200" lon="132.79745600">
   </rtept>
   <rtept lat="33.84407100" lon="132.79739000">
   </rtept>
   <rtept lat="33.84388900" lon="132.79737100">
   </rtept>
   <rtept lat="33.84366800" lon="132.79747500">
   </rtept>
   <rtept lat="33.84321000" lon="132.79786500">
   </rtept>
   <rtept lat="33.84274600" lon="132.79789400">
   </rtept>
   <rtept lat="33.84160100" lon="132.79814100">
   </rtept>
   <rtept lat="33.84127700" lon="132.79817900">
   </rtept>
   <rtept lat="33.84101700" lon="132.79827400">
   </rtept>
   <rtept lat="33.84043200" lon="132.79869200">
   </rtept>
   <rtept lat="33.84021100" lon="132.79873000">
   </rtept>
   <rtept lat="33.83997400" lon="132.79874000">
   </rtept>
   <rtept lat="33.83964400" lon="132.79874900">
   </rtept>
   <rtept lat="33.83688000" lon="132.79948100">
   </rtept>
   <rtept lat="33.83672200" lon="132.79942400">
   </rtept>
   <rtept lat="33.83616200" lon="132.79901500">
   </rtept>
   <rtept lat="33.83569600" lon="132.79867300">
   </rtept>
   <rtept lat="33.83556200" lon="132.79861600">
   </rtept>
   <rtept lat="33.83540400" lon="132.79859700">
   </rtept>
   <rtept lat="33.83529300" lon="132.79860700">
   </rtept>
   <rtept lat="33.83478000" lon="132.79878700">
   </rtept>
   <rtept lat="33.83417600" lon="132.79881600">
   </rtept>
   <rtept lat="33.83391600" lon="132.79860700">
   </rtept>
   <rtept lat="33.83351300" lon="132.79819800">
   </rtept>
   <rtept lat="33.83318100" lon="132.79803600">
   </rtept>
   <rtept lat="33.83251000" lon="132.79778900">
   </rtept>
   <rtept lat="33.83176000" lon="132.79754200">
   </rtept>
   <rtept lat="33.83141200" lon="132.79742800">
   </rtept>
   <rtept lat="33.83108900" lon="132.79747500">
   </rtept>
   <rtept lat="33.83024800" lon="132.79774100">
   </rtept>
   <rtept lat="33.82962400" lon="132.79784600">
   </rtept>
   <rtept lat="33.82881100" lon="132.79792200">
   </rtept>
   <rtept lat="33.82801900" lon="132.79797200">
   </rtept>
   <rtept lat="33.82749800" lon="132.79803900">
   </rtept>
   <rtept lat="33.82626500" lon="132.79833400">
   </rtept>
   <rtept lat="33.82561800" lon="132.79919900">
   </rtept>
   <rtept lat="33.82472500" lon="132.80019700">
   </rtept>
   <rtept lat="33.82394300" lon="132.80095800">
   </rtept>
   <rtept lat="33.82356900" lon="132.80129000">
   </rtept>
   <rtept lat="33.82296100" lon="132.80172800">
   </rtept>
   <rtept lat="33.82215500" lon="132.80261200">
   </rtept>
   <rtept lat="33.82155500" lon="132.80341100">
   </rtept>
   <rtept lat="33.82119200" lon="132.80371500">
   </rtept>
   <rtept lat="33.82043300" lon="132.80383800">
   </rtept>
   <rtept lat="33.81996400" lon="132.80386700">
   </rtept>
   <rtept lat="33.81976700" lon="132.80387600">
   </rtept>
   <rtept lat="33.81949000" lon="132.80380000">
   </rtept>
   <rtept lat="33.81906400" lon="132.80395200">
   </rtept>
   <rtept lat="33.81840800" lon="132.80436100">
   </rtept>
   <rtept lat="33.81787900" lon="132.80498900">
   </rtept>
   <rtept lat="33.81737400" lon="132.80543600">
   </rtept>
   <rtept lat="33.81690800" lon="132.80568300">
   </rtept>
   <rtept lat="33.81641000" lon="132.80606300">
   </rtept>
   <rtept lat="33.81625400" lon="132.80605500">
   </rtept>
   <rtept lat="33.81535400" lon="132.80587700">
   </rtept>
   <rtept lat="33.81421600" lon="132.80571300">
   </rtept>
   <rtept lat="33.81305000" lon="132.80547800">
   </rtept>
   <rtept lat="33.81269500" lon="132.80540600">
   </rtept>
   <rtept lat="33.81242800" lon="132.80534900">
   </rtept>
   <rtept lat="33.81217300" lon="132.80536300">
   </rtept>
   <rtept lat="33.81206700" lon="132.80542000">
   </rtept>
   <rtept lat="33.81201900" lon="132.80583400">
   </rtept>
   <rtept lat="33.81111300" lon="132.80592000">
   </rtept>
   <rtept lat="33.80973300" lon="132.80611900">
   </rtept>
   <rtept lat="33.80883300" lon="132.80625500">
   </rtept>
   <rtept lat="33.80827600" lon="132.80630500">
   </rtept>
   <rtept lat="33.80803900" lon="132.80636900">
   </rtept>
   <rtept lat="33.80774900" lon="132.80659000">
   </rtept>
   <rtept lat="33.80728700" lon="132.80702500">
   </rtept>
   <rtept lat="33.80719200" lon="132.80712500">
   </rtept>
   <rtept lat="33.80702600" lon="132.80718900">
   </rtept>
   <rtept lat="33.80636900" lon="132.80718200">
   </rtept>
   <rtept lat="33.80345200" lon="132.80720400">
   </rtept>
   <rtept lat="33.80153300" lon="132.80722300">
   </rtept>
   <rtept lat="33.79827100" lon="132.80715600">
   </rtept>
   <rtept lat="33.79814500" lon="132.80720400">
   </rtept>
   <rtept lat="33.79809700" lon="132.80732700">
   </rtept>
   <rtept lat="33.79779700" lon="132.81061700">
   </rtept>
   <rtept lat="33.79765500" lon="132.81096900">
   </rtept>
   <rtept lat="33.79722000" lon="132.81154900">
   </rtept>
   <rtept lat="33.79595300" lon="132.81326500">
   </rtept>
   <rtept lat="33.79535200" lon="132.81336000">
   </rtept>
   <rtept lat="33.79255500" lon="132.81339800">
   </rtept>
   <rtept lat="33.79111700" lon="132.81337900">
   </rtept>
   <rtept lat="33.79042200" lon="132.81337900">
   </rtept>
   <rtept lat="33.78999600" lon="132.81347400">
   </rtept>
   <rtept lat="33.78876300" lon="132.81398800">
   </rtept>
   <rtept lat="33.78766900" lon="132.81442500">
   </rtept>
   <rtept lat="33.78537800" lon="132.81438700">
   </rtept>
   <rtept lat="33.78218600" lon="132.81431100">
   </rtept>
   <rtept lat="33.78142700" lon="132.81438700">
   </rtept>
   <rtept lat="33.78062100" lon="132.81417800">
   </rtept>
   <rtept lat="33.77919900" lon="132.81421600">
   </rtept>
   <rtept lat="33.77863300" lon="132.81427300">
   </rtept>
   <rtept lat="33.77604100" lon="132.81497600">
   </rtept>
   <rtept lat="33.77585200" lon="132.81502000">
   </rtept>
   <rtept lat="33.77514200" lon="132.81180400">
   </rtept>
   <rtept lat="33.77503100" lon="132.81171800">
   </rtept>
   <rtept lat="33.77497600" lon="132.81101500">
   </rtept>
   <rtept lat="33.77498400" lon="132.80976900">
   </rtept>
   <rtept lat="33.77320100" lon="132.81046300">
   </rtept>
   <rtept lat="33.77072700" lon="132.81064400">
   </rtept>
   <rtept lat="33.76862500" lon="132.81072000">
   </rtept>
   <rtept lat="33.76666700" lon="132.81083400">
   </rtept>
   <rtept lat="33.76460400" lon="132.81092000">
   </rtept>
   <rtept lat="33.76425300" lon="132.81120300">
   </rtept>
   <rtept lat="33.76398700" lon="132.81128100">
   </rtept>
   <rtept lat="33.76373500" lon="132.81151900">
   </rtept>
   <rtept lat="33.76350700" lon="132.81168000">
   </rtept>
   <rtept lat="33.76318300" lon="132.81177500">
   </rtept>
   <rtept lat="33.76296900" lon="132.81230800">
   </rtept>
   <rtept lat="33.76236600" lon="132.81310900">
   </rtept>
   <rtept lat="33.76087200" lon="132.81487700">
   </rtept>
   <rtept lat="33.76050600" lon="132.81499600">
   </rtept>
   <rtept lat="33.76011100" lon="132.81512700">
   </rtept>
   <rtept lat="33.75936000" lon="132.81561400">
   </rtept>
   <rtept lat="33.75913300" lon="132.81581600">
   </rtept>
   <rtept lat="33.75892600" lon="132.81542400">
   </rtept>
   <rtept lat="33.75878700" lon="132.81482900">
   </rtept>
   <rtept lat="33.75875900" lon="132.81452100">
   </rtept>
   <rtept lat="33.75883700" lon="132.81395000">
   </rtept>
   <rtept lat="33.75911300" lon="132.81315400">
   </rtept>
   <rtept lat="33.75853000" lon="132.81346300">
   </rtept>
 </rte>
 <rte>
  <name>連絡コース</name>
   <rtept lat="33.91964300" lon="133.23701400">
   </rtept>
   <rtept lat="33.91963400" lon="133.23735600">
   </rtept>
   <rtept lat="33.91956700" lon="133.23991400">
   </rtept>
   <rtept lat="33.91996200" lon="133.24177800">
   </rtept>
   <rtept lat="33.92045100" lon="133.24478200">
   </rtept>
   <rtept lat="33.92063900" lon="133.24584600">
   </rtept>
   <rtept lat="33.92013200" lon="133.24597600">
   </rtept>
   <rtept lat="33.91945400" lon="133.24611000">
   </rtept>
   <rtept lat="33.91877500" lon="133.24630000">
   </rtept>
   <rtept lat="33.91858900" lon="133.24661900">
   </rtept>
   <rtept lat="33.91773400" lon="133.24690800">
   </rtept>
   <rtept lat="33.91732400" lon="133.24704100">
   </rtept>
   <rtept lat="33.91726100" lon="133.24715500">
   </rtept>
   <rtept lat="33.91644000" lon="133.24732700">
   </rtept>
   <rtept lat="33.91631400" lon="133.24797300">
   </rtept>
   <rtept lat="33.91626600" lon="133.24854300">
   </rtept>
   <rtept lat="33.91603000" lon="133.24882900">
   </rtept>
   <rtept lat="33.91574600" lon="133.24903800">
   </rtept>
   <rtept lat="33.91560400" lon="133.24945600">
   </rtept>
   <rtept lat="33.91498800" lon="133.25006500">
   </rtept>
   <rtept lat="33.91434100" lon="133.25057800">
   </rtept>
   <rtept lat="33.91410500" lon="133.25101500">
   </rtept>
   <rtept lat="33.91369400" lon="133.25145300">
   </rtept>
   <rtept lat="33.91380500" lon="133.25170000">
   </rtept>
   <rtept lat="33.91396300" lon="133.25194700">
   </rtept>
   <rtept lat="33.91384900" lon="133.25227400">
   </rtept>
   <rtept lat="33.91374200" lon="133.25257300">
   </rtept>
   <rtept lat="33.91331000" lon="133.25332200">
   </rtept>
   <rtept lat="33.91287800" lon="133.25404900">
   </rtept>
   <rtept lat="33.91238100" lon="133.25452700">
   </rtept>
   <rtept lat="33.91227500" lon="133.25514000">
   </rtept>
   <rtept lat="33.91218600" lon="133.25544700">
   </rtept>
   <rtept lat="33.91209100" lon="133.25565300">
   </rtept>
   <rtept lat="33.91205000" lon="133.25600300">
   </rtept>
   <rtept lat="33.91207300" lon="133.25638800">
   </rtept>
   <rtept lat="33.91209500" lon="133.25678800">
   </rtept>
   <rtept lat="33.91192500" lon="133.25718200">
   </rtept>
   <rtept lat="33.91162300" lon="133.25751000">
   </rtept>
   <rtept lat="33.91145100" lon="133.25752400">
   </rtept>
   <rtept lat="33.91130900" lon="133.25749600">
   </rtept>
   <rtept lat="33.91106100" lon="133.25773100">
   </rtept>
   <rtept lat="33.91080600" lon="133.25812300">
   </rtept>
   <rtept lat="33.91058700" lon="133.25860100">
   </rtept>
   <rtept lat="33.91050500" lon="133.25913600">
   </rtept>
   <rtept lat="33.91045700" lon="133.25945700">
   </rtept>
   <rtept lat="33.91036200" lon="133.25967100">
   </rtept>
   <rtept lat="33.91030300" lon="133.26012700">
   </rtept>
   <rtept lat="33.91022000" lon="133.26046900">
   </rtept>
   <rtept lat="33.91009000" lon="133.26083300">
   </rtept>
   <rtept lat="33.91024300" lon="133.26119900">
   </rtept>
   <rtept lat="33.91055000" lon="133.26154100">
   </rtept>
   <rtept lat="33.91092800" lon="133.26166000">
   </rtept>
   <rtept lat="33.91097200" lon="133.26147700">
   </rtept>
   <rtept lat="33.91125200" lon="133.26087600">
   </rtept>
   <rtept lat="33.91148900" lon="133.26056200">
   </rtept>
   <rtept lat="33.91167100" lon="133.26050500">
   </rtept>
   <rtept lat="33.91284600" lon="133.25999200">
   </rtept>
   <rtept lat="33.91317800" lon="133.25988700">
   </rtept>
   <rtept lat="33.91328000" lon="133.26084000">
   </rtept>
   <rtept lat="33.91340800" lon="133.26161200">
   </rtept>
   <rtept lat="33.91337800" lon="133.26183800">
   </rtept>
   <rtept lat="33.91341800" lon="133.26233700">
   </rtept>
   <rtept lat="33.91362500" lon="133.26281300">
   </rtept>
   <rtept lat="33.91411800" lon="133.26337100">
   </rtept>
   <rtept lat="33.91425600" lon="133.26365700">
   </rtept>
   <rtept lat="33.91450200" lon="133.26441700">
   </rtept>
   <rtept lat="33.91482800" lon="133.26515400">
   </rtept>
   <rtept lat="33.91506500" lon="133.26574800">
   </rtept>
   <rtept lat="33.91523200" lon="133.26634200">
   </rtept>
   <rtept lat="33.91537000" lon="133.26688900">
   </rtept>
   <rtept lat="33.91552800" lon="133.26688900">
   </rtept>
   <rtept lat="33.91595400" lon="133.26773600">
   </rtept>
   <rtept lat="33.91517300" lon="133.26850500">
   </rtept>
   <rtept lat="33.91455200" lon="133.26869500">
   </rtept>
   <rtept lat="33.91447300" lon="133.26823200">
   </rtept>
   <rtept lat="33.91425600" lon="133.26844600">
   </rtept>
   <rtept lat="33.91402900" lon="133.26867200">
   </rtept>
   <rtept lat="33.91384200" lon="133.26890900">
   </rtept>
   <rtept lat="33.91369400" lon="133.26937300">
   </rtept>
   <rtept lat="33.91332900" lon="133.26987200">
   </rtept>
   <rtept lat="33.91313200" lon="133.27005000">
   </rtept>
   <rtept lat="33.91295400" lon="133.26999100">
   </rtept>
   <rtept lat="33.91314500" lon="133.27123600">
   </rtept>
   <rtept lat="33.91322400" lon="133.27179700">
   </rtept>
   <rtept lat="33.91351100" lon="133.27267000">
   </rtept>
   <rtept lat="33.91382700" lon="133.27403900">
   </rtept>
   <rtept lat="33.91400500" lon="133.27556200">
   </rtept>
   <rtept lat="33.91415500" lon="133.27707300">
   </rtept>
   <rtept lat="33.91425700" lon="133.27770100">
   </rtept>
   <rtept lat="33.91439100" lon="133.27799500">
   </rtept>
   <rtept lat="33.91461100" lon="133.27934600">
   </rtept>
   <rtept lat="33.91474700" lon="133.28029500">
   </rtept>
   <rtept lat="33.91477700" lon="133.28050800">
   </rtept>
   <rtept lat="33.91509600" lon="133.28144300">
   </rtept>
   <rtept lat="33.91514900" lon="133.28222000">
   </rtept>
   <rtept lat="33.91532700" lon="133.28264800">
   </rtept>
   <rtept lat="33.91577700" lon="133.28420200">
   </rtept>
   <rtept lat="33.91605500" lon="133.28518600">
   </rtept>
   <rtept lat="33.91660900" lon="133.28695800">
   </rtept>
   <rtept lat="33.91700300" lon="133.28764200">
   </rtept>
   <rtept lat="33.91728700" lon="133.28798500">
   </rtept>
   <rtept lat="33.91764200" lon="133.28810800">
   </rtept>
   <rtept lat="33.91813100" lon="133.28823200">
   </rtept>
   <rtept lat="33.91863600" lon="133.28834600">
   </rtept>
   <rtept lat="33.91905400" lon="133.28842200">
   </rtept>
   <rtept lat="33.91948000" lon="133.28841200">
   </rtept>
   <rtept lat="33.92000100" lon="133.28827800">
   </rtept>
   <rtept lat="33.92052200" lon="133.28825100">
   </rtept>
   <rtept lat="33.92077400" lon="133.28832700">
   </rtept>
   <rtept lat="33.92095600" lon="133.28843200">
   </rtept>
   <rtept lat="33.92101500" lon="133.28916600">
   </rtept>
   <rtept lat="33.92090500" lon="133.28965100">
   </rtept>
   <rtept lat="33.92092000" lon="133.29018300">
   </rtept>
   <rtept lat="33.92122000" lon="133.29026900">
   </rtept>
   <rtept lat="33.92114900" lon="133.29168500">
   </rtept>
   <rtept lat="33.92081000" lon="133.29257900">
   </rtept>
   <rtept lat="33.92067600" lon="133.29284500">
   </rtept>
   <rtept lat="33.92055000" lon="133.29373900">
   </rtept>
   <rtept lat="33.92070000" lon="133.29534600">
   </rtept>
   <rtept lat="33.92074700" lon="133.29647700">
   </rtept>
   <rtept lat="33.92077100" lon="133.29685700">
   </rtept>
   <rtept lat="33.92079400" lon="133.29749400">
   </rtept>
   <rtept lat="33.92077800" lon="133.29818800">
   </rtept>
   <rtept lat="33.92071500" lon="133.29847300">
   </rtept>
   <rtept lat="33.92107000" lon="133.29944300">
   </rtept>
   <rtept lat="33.92114900" lon="133.30032000">
   </rtept>
   <rtept lat="33.92130700" lon="133.30097600">
   </rtept>
   <rtept lat="33.92181200" lon="133.30163200">
   </rtept>
   <rtept lat="33.92305100" lon="133.30138500">
   </rtept>
   <rtept lat="33.92338200" lon="133.30624300">
   </rtept>
   <rtept lat="33.92346100" lon="133.30798300">
   </rtept>
   <rtept lat="33.92338400" lon="133.30920000">
   </rtept>
   <rtept lat="33.92323000" lon="133.31256500">
   </rtept>
   <rtept lat="33.92312300" lon="133.31379200">
   </rtept>
   <rtept lat="33.92334800" lon="133.31479000">
   </rtept>
   <rtept lat="33.92332400" lon="133.31510400">
   </rtept>
   <rtept lat="33.92366800" lon="133.31546000">
   </rtept>
   <rtept lat="33.92366800" lon="133.31566000">
   </rtept>
   <rtept lat="33.92377400" lon="133.31590200">
   </rtept>
   <rtept lat="33.92365600" lon="133.31614500">
   </rtept>
   <rtept lat="33.92385700" lon="133.31674400">
   </rtept>
   <rtept lat="33.92395200" lon="133.31702900">
   </rtept>
   <rtept lat="33.92405800" lon="133.31702900">
   </rtept>
   <rtept lat="33.92407000" lon="133.31747100">
   </rtept>
   <rtept lat="33.92391600" lon="133.31794200">
   </rtept>
   <rtept lat="33.92402300" lon="133.31820400">
   </rtept>
   <rtept lat="33.92431800" lon="133.31894600">
   </rtept>
   <rtept lat="33.92430700" lon="133.31920200">
   </rtept>
   <rtept lat="33.92493400" lon="133.32074300">
   </rtept>
   <rtept lat="33.92525300" lon="133.32179800">
   </rtept>
   <rtept lat="33.92578600" lon="133.32359500">
   </rtept>
   <rtept lat="33.92649700" lon="133.32544200">
   </rtept>
   <rtept lat="33.92720300" lon="133.32767700">
   </rtept>
   <rtept lat="33.92751900" lon="133.32919800">
   </rtept>
   <rtept lat="33.92806100" lon="133.33085000">
   </rtept>
   <rtept lat="33.92866300" lon="133.33304800">
   </rtept>
   <rtept lat="33.92896700" lon="133.33309900">
   </rtept>
   <rtept lat="33.92915600" lon="133.33331000">
   </rtept>
   <rtept lat="33.92925400" lon="133.33360700">
   </rtept>
   <rtept lat="33.92911300" lon="133.33403600">
   </rtept>
   <rtept lat="33.92921900" lon="133.33472000">
   </rtept>
   <rtept lat="33.92931300" lon="133.33623300">
   </rtept>
   <rtept lat="33.92937300" lon="133.33812300">
   </rtept>
   <rtept lat="33.92939200" lon="133.33902600">
   </rtept>
   <rtept lat="33.92935300" lon="133.34048700">
   </rtept>
   <rtept lat="33.92935300" lon="133.34179500">
   </rtept>
   <rtept lat="33.92958400" lon="133.34214800">
   </rtept>
   <rtept lat="33.92959400" lon="133.34229000">
   </rtept>
   <rtept lat="33.92939600" lon="133.34239700">
   </rtept>
   <rtept lat="33.92936700" lon="133.34312200">
   </rtept>
   <rtept lat="33.92957400" lon="133.34453600">
   </rtept>
   <rtept lat="33.92977100" lon="133.34478600">
   </rtept>
   <rtept lat="33.92995800" lon="133.34541600">
   </rtept>
   <rtept lat="33.93013600" lon="133.34580800">
   </rtept>
   <rtept lat="33.93032300" lon="133.34665200">
   </rtept>
   <rtept lat="33.93050100" lon="133.34793500">
   </rtept>
   <rtept lat="33.93075700" lon="133.34892100">
   </rtept>
   <rtept lat="33.93106300" lon="133.34875500">
   </rtept>
   <rtept lat="33.93124000" lon="133.34934900">
   </rtept>
   <rtept lat="33.93156600" lon="133.34988400">
   </rtept>
   <rtept lat="33.93160500" lon="133.35009800">
   </rtept>
   <rtept lat="33.93181200" lon="133.35020500">
   </rtept>
   <rtept lat="33.93160500" lon="133.35064500">
   </rtept>
   <rtept lat="33.93138800" lon="133.35088200">
   </rtept>
   <rtept lat="33.93104300" lon="133.35106000">
   </rtept>
   <rtept lat="33.93107500" lon="133.35140400">
   </rtept>
   <rtept lat="33.93147700" lon="133.35207400">
   </rtept>
   <rtept lat="33.93160700" lon="133.35235900">
   </rtept>
   <rtept lat="33.93155900" lon="133.35307400">
   </rtept>
   <rtept lat="33.93156900" lon="133.35353700">
   </rtept>
   <rtept lat="33.93163800" lon="133.35381000">
   </rtept>
   <rtept lat="33.93161800" lon="133.35429800">
   </rtept>
   <rtept lat="33.93184500" lon="133.35524800">
   </rtept>
   <rtept lat="33.93186400" lon="133.35539100">
   </rtept>
   <rtept lat="33.93192400" lon="133.35605700">
   </rtept>
   <rtept lat="33.93191400" lon="133.35647200">
   </rtept>
   <rtept lat="33.93191400" lon="133.35719700">
   </rtept>
   <rtept lat="33.93197300" lon="133.35759000">
   </rtept>
   <rtept lat="33.93210100" lon="133.35772000">
   </rtept>
   <rtept lat="33.93248600" lon="133.35785100">
   </rtept>
   <rtept lat="33.93254500" lon="133.35793400">
   </rtept>
   <rtept lat="33.93257400" lon="133.35901600">
   </rtept>
   <rtept lat="33.93265300" lon="133.36014500">
   </rtept>
   <rtept lat="33.93275200" lon="133.36053700">
   </rtept>
   <rtept lat="33.93281100" lon="133.36103600">
   </rtept>
   <rtept lat="33.93297900" lon="133.36154500">
   </rtept>
   <rtept lat="33.93308700" lon="133.36166300">
   </rtept>
   <rtept lat="33.93333400" lon="133.36212700">
   </rtept>
   <rtept lat="33.93355100" lon="133.36236500">
   </rtept>
   <rtept lat="33.93397800" lon="133.36252100">
   </rtept>
   <rtept lat="33.93391500" lon="133.36301800">
   </rtept>
   <rtept lat="33.93407300" lon="133.36322000">
   </rtept>
   <rtept lat="33.93425100" lon="133.36335100">
   </rtept>
   <rtept lat="33.93435900" lon="133.36354100">
   </rtept>
   <rtept lat="33.93473400" lon="133.36370300">
   </rtept>
   <rtept lat="33.93508900" lon="133.36385000">
   </rtept>
   <rtept lat="33.93571000" lon="133.36465800">
   </rtept>
   <rtept lat="33.93603500" lon="133.36503800">
   </rtept>
   <rtept lat="33.93597300" lon="133.36538800">
   </rtept>
   <rtept lat="33.93592700" lon="133.36604900">
   </rtept>
   <rtept lat="33.93601200" lon="133.36616700">
   </rtept>
   <rtept lat="33.93620900" lon="133.36631000">
   </rtept>
   <rtept lat="33.93635700" lon="133.36673800">
   </rtept>
   <rtept lat="33.93671200" lon="133.36715400">
   </rtept>
 </rte>
 <rte>
  <name>接続コース</name>
   <rtept lat="33.96497900" lon="133.46653600">
   </rtept>
   <rtept lat="33.96507200" lon="133.46836100">
   </rtept>
   <rtept lat="33.96515000" lon="133.46995300">
   </rtept>
   <rtept lat="33.96522900" lon="133.47107000">
   </rtept>
   <rtept lat="33.96591900" lon="133.47344700">
   </rtept>
   <rtept lat="33.96662900" lon="133.47534900">
   </rtept>
   <rtept lat="33.96704300" lon="133.47751200">
   </rtept>
   <rtept lat="33.96737800" lon="133.47972200">
   </rtept>
   <rtept lat="33.96757500" lon="133.48098200">
   </rtept>
 </rte>
 <rte>
  <name>接続コース</name>
   <rtept lat="33.98286200" lon="133.05352100">
   </rtept>
   <rtept lat="33.98321000" lon="133.05329200">
   </rtept>
   <rtept lat="33.98279100" lon="133.05326300">
   </rtept>
   <rtept lat="33.98261900" lon="133.05295000">
   </rtept>
   <rtept lat="33.98244800" lon="133.05277100">
   </rtept>
   <rtept lat="33.98179100" lon="133.05284300">
   </rtept>
   <rtept lat="33.98167100" lon="133.05272200">
   </rtept>
   <rtept lat="33.98145400" lon="133.05236500">
   </rtept>
   <rtept lat="33.98138300" lon="133.05221500">
   </rtept>
   <rtept lat="33.98117000" lon="133.05210800">
   </rtept>
   <rtept lat="33.98042600" lon="133.05208700">
   </rtept>
   <rtept lat="33.97983300" lon="133.05210800">
   </rtept>
   <rtept lat="33.97960000" lon="133.05178000">
   </rtept>
   <rtept lat="33.97934000" lon="133.05095300">
   </rtept>
   <rtept lat="33.97905600" lon="133.05065400">
   </rtept>
   <rtept lat="33.97832300" lon="133.05062500">
   </rtept>
   <rtept lat="33.97665500" lon="133.05049700">
   </rtept>
   <rtept lat="33.97611100" lon="133.05031100">
   </rtept>
   <rtept lat="33.97587500" lon="133.05032600">
   </rtept>
   <rtept lat="33.97546300" lon="133.05043100">
   </rtept>
   <rtept lat="33.97522600" lon="133.05046700">
   </rtept>
   <rtept lat="33.97469400" lon="133.05013900">
   </rtept>
   <rtept lat="33.97448500" lon="133.05001800">
   </rtept>
   <rtept lat="33.97419500" lon="133.04997500">
   </rtept>
   <rtept lat="33.97384000" lon="133.05012500">
   </rtept>
   <rtept lat="33.97309500" lon="133.05038100">
   </rtept>
   <rtept lat="33.97246200" lon="133.05040300">
   </rtept>
   <rtept lat="33.97131500" lon="133.05042400">
   </rtept>
   <rtept lat="33.97119100" lon="133.05078800">
   </rtept>
   <rtept lat="33.97110800" lon="133.05119400">
   </rtept>
   <rtept lat="33.97106100" lon="133.05180700">
   </rtept>
   <rtept lat="33.97095500" lon="133.05201400">
   </rtept>
   <rtept lat="33.97077700" lon="133.05220700">
   </rtept>
   <rtept lat="33.97048100" lon="133.05234900">
   </rtept>
   <rtept lat="33.97008100" lon="133.05239900">
   </rtept>
   <rtept lat="33.96955400" lon="133.05229200">
   </rtept>
   <rtept lat="33.96923500" lon="133.05244200">
   </rtept>
   <rtept lat="33.96893900" lon="133.05270600">
   </rtept>
   <rtept lat="33.96876800" lon="133.05280600">
   </rtept>
   <rtept lat="33.96847200" lon="133.05281300">
   </rtept>
   <rtept lat="33.96788800" lon="133.05267600">
   </rtept>
   <rtept lat="33.96746400" lon="133.05323400">
   </rtept>
   <rtept lat="33.96707900" lon="133.05322200">
   </rtept>
   <rtept lat="33.96627100" lon="133.05306800">
   </rtept>
   <rtept lat="33.96600500" lon="133.05308000">
   </rtept>
   <rtept lat="33.96574900" lon="133.05321000">
   </rtept>
   <rtept lat="33.96459600" lon="133.05405400">
   </rtept>
   <rtept lat="33.96437900" lon="133.05439900">
   </rtept>
   <rtept lat="33.96346200" lon="133.05646700">
   </rtept>
   <rtept lat="33.96318400" lon="133.05697800">
   </rtept>
   <rtept lat="33.96289800" lon="133.05740500">
   </rtept>
   <rtept lat="33.96248400" lon="133.05765500">
   </rtept>
   <rtept lat="33.96156800" lon="133.05784500">
   </rtept>
   <rtept lat="33.96064100" lon="133.05791700">
   </rtept>
   <rtept lat="33.96009900" lon="133.05791700">
   </rtept>
   <rtept lat="33.95795000" lon="133.05784500">
   </rtept>
   <rtept lat="33.95621500" lon="133.05781000">
   </rtept>
   <rtept lat="33.95476600" lon="133.05798400">
   </rtept>
   <rtept lat="33.95321700" lon="133.05800000">
   </rtept>
   <rtept lat="33.95163000" lon="133.05814200">
   </rtept>
   <rtept lat="33.95060400" lon="133.05822500">
   </rtept>
   <rtept lat="33.94921400" lon="133.05849900">
   </rtept>
   <rtept lat="33.94880800" lon="133.05863000">
   </rtept>
   <rtept lat="33.94815800" lon="133.05904500">
   </rtept>
   <rtept lat="33.94778300" lon="133.05936600">
   </rtept>
   <rtept lat="33.94720900" lon="133.05997400">
   </rtept>
   <rtept lat="33.94688600" lon="133.05972300">
   </rtept>
   <rtept lat="33.94593000" lon="133.05961600">
   </rtept>
   <rtept lat="33.94509200" lon="133.05955700">
   </rtept>
   <rtept lat="33.94450000" lon="133.05954500">
   </rtept>
   <rtept lat="33.94370100" lon="133.05931900">
   </rtept>
   <rtept lat="33.94328600" lon="133.05924400">
   </rtept>
   <rtept lat="33.94287500" lon="133.05882000">
   </rtept>
   <rtept lat="33.94172200" lon="133.05784500">
   </rtept>
   <rtept lat="33.94056800" lon="133.05707300">
   </rtept>
   <rtept lat="33.93977000" lon="133.05651400">
   </rtept>
   <rtept lat="33.93911900" lon="133.05569400">
   </rtept>
   <rtept lat="33.93887200" lon="133.05573000">
   </rtept>
   <rtept lat="33.93860600" lon="133.05582500">
   </rtept>
   <rtept lat="33.93758100" lon="133.05494600">
   </rtept>
   <rtept lat="33.93577600" lon="133.05344100">
   </rtept>
   <rtept lat="33.93450100" lon="133.05159900">
   </rtept>
   <rtept lat="33.93142200" lon="133.05453400">
   </rtept>
   <rtept lat="33.92928300" lon="133.05132600">
   </rtept>
   <rtept lat="33.92907600" lon="133.05127800">
   </rtept>
   <rtept lat="33.92809000" lon="133.05133800">
   </rtept>
   <rtept lat="33.92774400" lon="133.05133800">
   </rtept>
   <rtept lat="33.92727100" lon="133.05092200">
   </rtept>
   <rtept lat="33.92668900" lon="133.05007800">
   </rtept>
   <rtept lat="33.92623600" lon="133.05009000">
   </rtept>
   <rtept lat="33.92479400" lon="133.05162300">
   </rtept>
   <rtept lat="33.92429100" lon="133.05218100">
   </rtept>
   <rtept lat="33.92294000" lon="133.05361900">
   </rtept>
   <rtept lat="33.92192500" lon="133.05461800">
   </rtept>
   <rtept lat="33.92043500" lon="133.05631700">
   </rtept>
   <rtept lat="33.91989100" lon="133.05691100">
   </rtept>
   <rtept lat="33.91958500" lon="133.05710100">
   </rtept>
   <rtept lat="33.91762300" lon="133.05805200">
   </rtept>
   <rtept lat="33.91586800" lon="133.05921700">
   </rtept>
   <rtept lat="33.91496000" lon="133.05975100">
   </rtept>
   <rtept lat="33.91473300" lon="133.05992500">
   </rtept>
   <rtept lat="33.91422100" lon="133.05986500">
   </rtept>
   <rtept lat="33.91187300" lon="133.05871300">
   </rtept>
   <rtept lat="33.91139000" lon="133.05849900">
   </rtept>
   <rtept lat="33.91121200" lon="133.05855800">
   </rtept>
   <rtept lat="33.91045900" lon="133.05904500">
   </rtept>
   <rtept lat="33.90848600" lon="133.06029300">
   </rtept>
   <rtept lat="33.90694800" lon="133.06177900">
   </rtept>
   <rtept lat="33.90542900" lon="133.05972300">
   </rtept>
   <rtept lat="33.90453000" lon="133.05843000">
   </rtept>
   <rtept lat="33.90388300" lon="133.05763200">
   </rtept>
   <rtept lat="33.90301500" lon="133.05700400">
   </rtept>
   <rtept lat="33.90154700" lon="133.05609100">
   </rtept>
   <rtept lat="33.89965300" lon="133.05498900">
   </rtept>
   <rtept lat="33.89752200" lon="133.05373400">
   </rtept>
   <rtept lat="33.89619700" lon="133.05331500">
   </rtept>
   <rtept lat="33.89504500" lon="133.05291600">
   </rtept>
   <rtept lat="33.89375000" lon="133.05449400">
   </rtept>
   <rtept lat="33.89327700" lon="133.05498900">
   </rtept>
   <rtept lat="33.89302400" lon="133.05550200">
   </rtept>
   <rtept lat="33.89149300" lon="133.05708000">
   </rtept>
   <rtept lat="33.89010400" lon="133.05839200">
   </rtept>
   <rtept lat="33.88899400" lon="133.05971100">
   </rtept>
   <rtept lat="33.88862900" lon="133.06031700">
   </rtept>
   <rtept lat="33.88835300" lon="133.06059100">
   </rtept>
   <rtept lat="33.88808600" lon="133.06141100">
   </rtept>
   <rtept lat="33.88751400" lon="133.06194500">
   </rtept>
   <rtept lat="33.88723800" lon="133.06217100">
   </rtept>
   <rtept lat="33.88666600" lon="133.06250400">
   </rtept>
   <rtept lat="33.88611300" lon="133.06288400">
   </rtept>
   <rtept lat="33.88582700" lon="133.06314600">
   </rtept>
   <rtept lat="33.88567900" lon="133.06344300">
   </rtept>
   <rtept lat="33.88562000" lon="133.06400100">
   </rtept>
   <rtept lat="33.88598500" lon="133.06387100">
   </rtept>
   <rtept lat="33.88783000" lon="133.06554600">
   </rtept>
   <rtept lat="33.88898400" lon="133.06718600">
   </rtept>
   <rtept lat="33.88975300" lon="133.06805400">
   </rtept>
   <rtept lat="33.88842200" lon="133.06974100">
   </rtept>
   <rtept lat="33.88688300" lon="133.07147600">
   </rtept>
   <rtept lat="33.88602400" lon="133.07229900">
   </rtept>
   <rtept lat="33.88475200" lon="133.07360600">
   </rtept>
   <rtept lat="33.88345900" lon="133.07510400">
   </rtept>
   <rtept lat="33.88284800" lon="133.07581700">
   </rtept>
   <rtept lat="33.88251200" lon="133.07662500">
   </rtept>
   <rtept lat="33.88241400" lon="133.07701700">
   </rtept>
 </rte>
 <rte>
  <name>接続コース</name>
   <rtept lat="33.99065900" lon="133.63936600">
   </rtept>
   <rtept lat="33.99121400" lon="133.64005400">
   </rtept>
   <rtept lat="33.99123800" lon="133.64045300">
   </rtept>
   <rtept lat="33.99112800" lon="133.64093800">
   </rtept>
   <rtept lat="33.99106500" lon="133.64126100">
   </rtept>
   <rtept lat="33.99108000" lon="133.64150800">
   </rtept>
   <rtept lat="33.99130900" lon="133.64189800">
   </rtept>
   <rtept lat="33.99170300" lon="133.64231600">
   </rtept>
   <rtept lat="33.99231000" lon="133.64281600">
   </rtept>
   <rtept lat="33.99269600" lon="133.64318100">
   </rtept>
   <rtept lat="33.99300400" lon="133.64369500">
   </rtept>
   <rtept lat="33.99319300" lon="133.64442700">
   </rtept>
   <rtept lat="33.99331900" lon="133.64521600">
   </rtept>
   <rtept lat="33.99339000" lon="133.64602400">
   </rtept>
   <rtept lat="33.99336500" lon="133.64689700">
   </rtept>
   <rtept lat="33.99357100" lon="133.64785900">
   </rtept>
   <rtept lat="33.99378400" lon="133.64868600">
   </rtept>
   <rtept lat="33.99402100" lon="133.64937100">
   </rtept>
   <rtept lat="33.99440700" lon="133.65001700">
   </rtept>
   <rtept lat="33.99455000" lon="133.65062000">
   </rtept>
   <rtept lat="33.99466100" lon="133.65116200">
   </rtept>
   <rtept lat="33.99477900" lon="133.65154200">
   </rtept>
   <rtept lat="33.99529900" lon="133.65209400">
   </rtept>
   <rtept lat="33.99590600" lon="133.65253100">
   </rtept>
   <rtept lat="33.99619000" lon="133.65282600">
   </rtept>
   <rtept lat="33.99641800" lon="133.65329100">
   </rtept>
   <rtept lat="33.99675700" lon="133.65430900">
   </rtept>
   <rtept lat="33.99690700" lon="133.65495500">
   </rtept>
   <rtept lat="33.99683600" lon="133.65542100">
   </rtept>
   <rtept lat="33.99650500" lon="133.65625800">
   </rtept>
   <rtept lat="33.99618400" lon="133.65702000">
   </rtept>
   <rtept lat="33.99610300" lon="133.65732800">
   </rtept>
   <rtept lat="33.99621600" lon="133.65771200">
   </rtept>
   <rtept lat="33.99671800" lon="133.65852600">
   </rtept>
   <rtept lat="33.99689900" lon="133.65912500">
   </rtept>
   <rtept lat="33.99713600" lon="133.66015200">
   </rtept>
   <rtept lat="33.99695400" lon="133.66082700">
   </rtept>
   <rtept lat="33.99642100" lon="133.66216300">
   </rtept>
   <rtept lat="33.99624500" lon="133.66265000">
   </rtept>
   <rtept lat="33.99611900" lon="133.66345800">
   </rtept>
   <rtept lat="33.99604800" lon="133.66384800">
   </rtept>
   <rtept lat="33.99582700" lon="133.66429500">
   </rtept>
   <rtept lat="33.99564600" lon="133.66465600">
   </rtept>
   <rtept lat="33.99563000" lon="133.66519800">
   </rtept>
   <rtept lat="33.99583500" lon="133.66579700">
   </rtept>
   <rtept lat="33.99618200" lon="133.66635800">
   </rtept>
   <rtept lat="33.99640300" lon="133.66673800">
   </rtept>
   <rtept lat="33.99635500" lon="133.66755600">
   </rtept>
   <rtept lat="33.99642700" lon="133.66823000">
   </rtept>
   <rtept lat="33.99649700" lon="133.66896300">
   </rtept>
   <rtept lat="33.99667100" lon="133.66975200">
   </rtept>
   <rtept lat="33.99678900" lon="133.67055100">
   </rtept>
   <rtept lat="33.99684400" lon="133.67158500">
   </rtept>
   <rtept lat="33.99697000" lon="133.67246000">
   </rtept>
   <rtept lat="33.99717500" lon="133.67315400">
   </rtept>
   <rtept lat="33.99770300" lon="133.67370500">
   </rtept>
 </rte>
 <rte>
  <name>SHIKOKU_EHM_01(旧宿毛街道のみち)</name>
   <rtept lat="32.94378100" lon="132.67625200">
   </rtept>
   <rtept lat="32.94406600" lon="132.67604300">
   </rtept>
   <rtept lat="32.94435500" lon="132.67587600">
   </rtept>
   <rtept lat="32.94450500" lon="132.67588800">
   </rtept>
   <rtept lat="32.94478400" lon="132.67571000">
   </rtept>
   <rtept lat="32.94502400" lon="132.67559100">
   </rtept>
   <rtept lat="32.94534300" lon="132.67561500">
   </rtept>
   <rtept lat="32.94545200" lon="132.67562700">
   </rtept>
   <rtept lat="32.94568200" lon="132.67578100">
   </rtept>
   <rtept lat="32.94578200" lon="132.67590000">
   </rtept>
   <rtept lat="32.94591100" lon="132.67597100">
   </rtept>
   <rtept lat="32.94646000" lon="132.67587600">
   </rtept>
   <rtept lat="32.94682900" lon="132.67579300">
   </rtept>
   <rtept lat="32.94723800" lon="132.67584100">
   </rtept>
   <rtept lat="32.94765600" lon="132.67584100">
   </rtept>
   <rtept lat="32.94795600" lon="132.67572200">
   </rtept>
   <rtept lat="32.94816500" lon="132.67556700">
   </rtept>
   <rtept lat="32.94828500" lon="132.67547200">
   </rtept>
   <rtept lat="32.94863400" lon="132.67546000">
   </rtept>
   <rtept lat="32.94943100" lon="132.67552000">
   </rtept>
   <rtept lat="32.94986000" lon="132.67574600">
   </rtept>
   <rtept lat="32.95019900" lon="132.67575400">
   </rtept>
   <rtept lat="32.95074800" lon="132.67599600">
   </rtept>
   <rtept lat="32.95095100" lon="132.67603200">
   </rtept>
   <rtept lat="32.95111300" lon="132.67611000">
   </rtept>
   <rtept lat="32.95140600" lon="132.67632400">
   </rtept>
   <rtept lat="32.95183700" lon="132.67623100">
   </rtept>
   <rtept lat="32.95207600" lon="132.67621700">
   </rtept>
   <rtept lat="32.95248900" lon="132.67617400">
   </rtept>
   <rtept lat="32.95281200" lon="132.67610300">
   </rtept>
   <rtept lat="32.95316600" lon="132.67586000">
   </rtept>
   <rtept lat="32.95345300" lon="132.67565400">
   </rtept>
   <rtept lat="32.95362700" lon="132.67547500">
   </rtept>
   <rtept lat="32.95392600" lon="132.67534000">
   </rtept>
   <rtept lat="32.95417100" lon="132.67521200">
   </rtept>
   <rtept lat="32.95453600" lon="132.67523300">
   </rtept>
   <rtept lat="32.95465600" lon="132.67511200">
   </rtept>
   <rtept lat="32.95483000" lon="132.67461300">
   </rtept>
   <rtept lat="32.95507500" lon="132.67427000">
   </rtept>
   <rtept lat="32.95529000" lon="132.67396400">
   </rtept>
   <rtept lat="32.95533200" lon="132.67369300">
   </rtept>
   <rtept lat="32.95534400" lon="132.67352200">
   </rtept>
   <rtept lat="32.95512900" lon="132.67373600">
   </rtept>
   <rtept lat="32.95521200" lon="132.67355700">
   </rtept>
   <rtept lat="32.95535000" lon="132.67324400">
   </rtept>
   <rtept lat="32.95548200" lon="132.67305800">
   </rtept>
   <rtept lat="32.95551800" lon="132.67283000">
   </rtept>
   <rtept lat="32.95567900" lon="132.67251600">
   </rtept>
   <rtept lat="32.95584100" lon="132.67215300">
   </rtept>
   <rtept lat="32.95593600" lon="132.67171000">
   </rtept>
   <rtept lat="32.95596600" lon="132.67137500">
   </rtept>
   <rtept lat="32.95606800" lon="132.67106200">
   </rtept>
   <rtept lat="32.95627700" lon="132.67063400">
   </rtept>
   <rtept lat="32.95652700" lon="132.67018300">
   </rtept>
   <rtept lat="32.95671900" lon="132.66953600">
   </rtept>
   <rtept lat="32.95692600" lon="132.66910800">
   </rtept>
   <rtept lat="32.95740500" lon="132.66848100">
   </rtept>
   <rtept lat="32.95750800" lon="132.66816700">
   </rtept>
   <rtept lat="32.95748500" lon="132.66754900">
   </rtept>
   <rtept lat="32.95749300" lon="132.66715900">
   </rtept>
   <rtept lat="32.95761200" lon="132.66693100">
   </rtept>
   <rtept lat="32.95792300" lon="132.66657000">
   </rtept>
   <rtept lat="32.95803500" lon="132.66638000">
   </rtept>
   <rtept lat="32.95824200" lon="132.66566700">
   </rtept>
   <rtept lat="32.95850700" lon="132.66551700">
   </rtept>
   <rtept lat="32.95863500" lon="132.66538400">
   </rtept>
   <rtept lat="32.95868300" lon="132.66505100">
   </rtept>
   <rtept lat="32.95875500" lon="132.66467100">
   </rtept>
   <rtept lat="32.95893800" lon="132.66426200">
   </rtept>
   <rtept lat="32.95902600" lon="132.66400500">
   </rtept>
   <rtept lat="32.95903400" lon="132.66334900">
   </rtept>
   <rtept lat="32.95888200" lon="132.66274100">
   </rtept>
   <rtept lat="32.95868300" lon="132.66230400">
   </rtept>
   <rtept lat="32.95839600" lon="132.66185700">
   </rtept>
   <rtept lat="32.95867500" lon="132.66111500">
   </rtept>
   <rtept lat="32.95878700" lon="132.66075400">
   </rtept>
   <rtept lat="32.95877900" lon="132.66051600">
   </rtept>
   <rtept lat="32.95858700" lon="132.66021200">
   </rtept>
   <rtept lat="32.95836400" lon="132.65995500">
   </rtept>
   <rtept lat="32.95826800" lon="132.65983200">
   </rtept>
   <rtept lat="32.95816400" lon="132.65935600">
   </rtept>
   <rtept lat="32.95808500" lon="132.65896700">
   </rtept>
   <rtept lat="32.95781300" lon="132.65850100">
   </rtept>
   <rtept lat="32.95760600" lon="132.65814900">
   </rtept>
   <rtept lat="32.95749400" lon="132.65798700">
   </rtept>
   <rtept lat="32.95755400" lon="132.65775500">
   </rtept>
   <rtept lat="32.95754600" lon="132.65755600">
   </rtept>
   <rtept lat="32.95742700" lon="132.65716600">
   </rtept>
   <rtept lat="32.95732300" lon="132.65683300">
   </rtept>
   <rtept lat="32.95731500" lon="132.65638600">
   </rtept>
   <rtept lat="32.95733100" lon="132.65596800">
   </rtept>
   <rtept lat="32.95752200" lon="132.65533100">
   </rtept>
   <rtept lat="32.95753800" lon="132.65497000">
   </rtept>
   <rtept lat="32.95749000" lon="132.65459900">
   </rtept>
   <rtept lat="32.95738700" lon="132.65420000">
   </rtept>
   <rtept lat="32.95732300" lon="132.65382900">
   </rtept>
   <rtept lat="32.95736300" lon="132.65345800">
   </rtept>
   <rtept lat="32.95771400" lon="132.65214600">
   </rtept>
   <rtept lat="32.95777800" lon="132.65184200">
   </rtept>
   <rtept lat="32.95796100" lon="132.65042500">
   </rtept>
   <rtept lat="32.95861500" lon="132.64980700">
   </rtept>
   <rtept lat="32.95911800" lon="132.64971200">
   </rtept>
   <rtept lat="32.95933300" lon="132.64962700">
   </rtept>
   <rtept lat="32.95942900" lon="132.64963600">
   </rtept>
   <rtept lat="32.95953300" lon="132.64975000">
   </rtept>
   <rtept lat="32.95962000" lon="132.64987400">
   </rtept>
   <rtept lat="32.95972400" lon="132.64999700">
   </rtept>
   <rtept lat="32.95982000" lon="132.65000700">
   </rtept>
   <rtept lat="32.96009100" lon="132.64957900">
   </rtept>
   <rtept lat="32.96071500" lon="132.64816800">
   </rtept>
   <rtept lat="32.96123400" lon="132.64780700">
   </rtept>
   <rtept lat="32.96208700" lon="132.64687500">
   </rtept>
   <rtept lat="32.96277300" lon="132.64585800">
   </rtept>
   <rtept lat="32.96335500" lon="132.64511600">
   </rtept>
   <rtept lat="32.96365900" lon="132.64493600">
   </rtept>
   <rtept lat="32.96459200" lon="132.64459300">
   </rtept>
   <rtept lat="32.96499100" lon="132.64439400">
   </rtept>
   <rtept lat="32.96531800" lon="132.64414700">
   </rtept>
   <rtept lat="32.96572800" lon="132.64367300">
   </rtept>
   <rtept lat="32.96606900" lon="132.64298900">
   </rtept>
   <rtept lat="32.96635000" lon="132.64237600">
   </rtept>
   <rtept lat="32.96667900" lon="132.64209800">
   </rtept>
   <rtept lat="32.96754600" lon="132.64167000">
   </rtept>
   <rtept lat="32.96822800" lon="132.64117100">
   </rtept>
   <rtept lat="32.96869900" lon="132.64074900">
   </rtept>
   <rtept lat="32.96907800" lon="132.64013100">
   </rtept>
   <rtept lat="32.96917800" lon="132.63983400">
   </rtept>
   <rtept lat="32.96924800" lon="132.63872800">
   </rtept>
   <rtept lat="32.96914800" lon="132.63802700">
   </rtept>
   <rtept lat="32.96901900" lon="132.63738600">
   </rtept>
   <rtept lat="32.96906800" lon="132.63716000">
   </rtept>
   <rtept lat="32.96961900" lon="132.63444500">
   </rtept>
   <rtept lat="32.97005000" lon="132.63410300">
   </rtept>
   <rtept lat="32.97058400" lon="132.63388400">
   </rtept>
   <rtept lat="32.97072800" lon="132.63377900">
   </rtept>
   <rtept lat="32.97060800" lon="132.63278100">
   </rtept>
   <rtept lat="32.97060800" lon="132.63266700">
   </rtept>
   <rtept lat="32.97056800" lon="132.63238200">
   </rtept>
   <rtept lat="32.97037700" lon="132.63198200">
   </rtept>
   <rtept lat="32.97031300" lon="132.63177300">
   </rtept>
   <rtept lat="32.97020200" lon="132.63142100">
   </rtept>
   <rtept lat="32.96996200" lon="132.63094600">
   </rtept>
   <rtept lat="32.96997000" lon="132.63070800">
   </rtept>
   <rtept lat="32.96997000" lon="132.63018600">
   </rtept>
   <rtept lat="32.96997000" lon="132.62953000">
   </rtept>
   <rtept lat="32.97001000" lon="132.62914000">
   </rtept>
   <rtept lat="32.96997800" lon="132.62892100">
   </rtept>
   <rtept lat="32.96988200" lon="132.62865500">
   </rtept>
   <rtept lat="32.96972300" lon="132.62836000">
   </rtept>
   <rtept lat="32.96950800" lon="132.62810300">
   </rtept>
   <rtept lat="32.96947600" lon="132.62784700">
   </rtept>
   <rtept lat="32.96940400" lon="132.62736200">
   </rtept>
   <rtept lat="32.96931600" lon="132.62707700">
   </rtept>
   <rtept lat="32.96946800" lon="132.62722900">
   </rtept>
   <rtept lat="32.96957900" lon="132.62735200">
   </rtept>
   <rtept lat="32.96970700" lon="132.62760000">
   </rtept>
   <rtept lat="32.96981900" lon="132.62780900">
   </rtept>
   <rtept lat="32.96998600" lon="132.62793200">
   </rtept>
   <rtept lat="32.97056000" lon="132.62812200">
   </rtept>
   <rtept lat="32.97107100" lon="132.62826500">
   </rtept>
   <rtept lat="32.97121400" lon="132.62820800">
   </rtept>
   <rtept lat="32.97129400" lon="132.62814100">
   </rtept>
   <rtept lat="32.97131800" lon="132.62789400">
   </rtept>
   <rtept lat="32.97095100" lon="132.62709600">
   </rtept>
   <rtept lat="32.97084800" lon="132.62686800">
   </rtept>
   <rtept lat="32.97054500" lon="132.62648700">
   </rtept>
   <rtept lat="32.97044100" lon="132.62641100">
   </rtept>
   <rtept lat="32.97031300" lon="132.62641100">
   </rtept>
   <rtept lat="32.97015400" lon="132.62653500">
   </rtept>
   <rtept lat="32.97005000" lon="132.62653500">
   </rtept>
   <rtept lat="32.96987500" lon="132.62646800">
   </rtept>
   <rtept lat="32.96960300" lon="132.62607800">
   </rtept>
   <rtept lat="32.96940400" lon="132.62572700">
   </rtept>
   <rtept lat="32.96925200" lon="132.62550800">
   </rtept>
   <rtept lat="32.96900500" lon="132.62539400">
   </rtept>
   <rtept lat="32.96880600" lon="132.62526100">
   </rtept>
   <rtept lat="32.96865400" lon="132.62501400">
   </rtept>
   <rtept lat="32.96859700" lon="132.62489300">
   </rtept>
   <rtept lat="32.96859700" lon="132.62466800">
   </rtept>
   <rtept lat="32.96869100" lon="132.62447700">
   </rtept>
   <rtept lat="32.96881600" lon="132.62438200">
   </rtept>
   <rtept lat="32.96895600" lon="132.62441200">
   </rtept>
   <rtept lat="32.96924500" lon="132.62448300">
   </rtept>
   <rtept lat="32.96940900" lon="132.62448300">
   </rtept>
   <rtept lat="32.96957900" lon="132.62448300">
   </rtept>
   <rtept lat="32.96978800" lon="132.62436500">
   </rtept>
   <rtept lat="32.96993800" lon="132.62422800">
   </rtept>
   <rtept lat="32.97007200" lon="132.62419200">
   </rtept>
   <rtept lat="32.97034200" lon="132.62414500">
   </rtept>
   <rtept lat="32.97053600" lon="132.62416200">
   </rtept>
   <rtept lat="32.97073000" lon="132.62405600">
   </rtept>
   <rtept lat="32.97085500" lon="132.62389500">
   </rtept>
   <rtept lat="32.97097500" lon="132.62359800">
   </rtept>
   <rtept lat="32.97102900" lon="132.62334200">
   </rtept>
   <rtept lat="32.97094000" lon="132.62312300">
   </rtept>
   <rtept lat="32.97079000" lon="132.62302200">
   </rtept>
   <rtept lat="32.97021200" lon="132.62307500">
   </rtept>
   <rtept lat="32.96887600" lon="132.62337200">
   </rtept>
   <rtept lat="32.96869600" lon="132.62326500">
   </rtept>
   <rtept lat="32.96848700" lon="132.62297400">
   </rtept>
   <rtept lat="32.96833300" lon="132.62281400">
   </rtept>
   <rtept lat="32.96811300" lon="132.62264700">
   </rtept>
   <rtept lat="32.96802800" lon="132.62250500">
   </rtept>
   <rtept lat="32.96786900" lon="132.62242100">
   </rtept>
   <rtept lat="32.96778900" lon="132.62236800">
   </rtept>
   <rtept lat="32.96776400" lon="132.62206500">
   </rtept>
   <rtept lat="32.96771400" lon="132.62194600">
   </rtept>
   <rtept lat="32.96761500" lon="132.62186300">
   </rtept>
   <rtept lat="32.96739600" lon="132.62191600">
   </rtept>
   <rtept lat="32.96716700" lon="132.62195800">
   </rtept>
   <rtept lat="32.96702700" lon="132.62193400">
   </rtept>
   <rtept lat="32.96697300" lon="132.62188700">
   </rtept>
   <rtept lat="32.96691800" lon="132.62172600">
   </rtept>
   <rtept lat="32.96695800" lon="132.62150600">
   </rtept>
   <rtept lat="32.96706700" lon="132.62125700">
   </rtept>
   <rtept lat="32.96713200" lon="132.62112000">
   </rtept>
   <rtept lat="32.96719200" lon="132.62095400">
   </rtept>
   <rtept lat="32.96721700" lon="132.62064200">
   </rtept>
   <rtept lat="32.96720200" lon="132.62028600">
   </rtept>
   <rtept lat="32.96718200" lon="132.61957900">
   </rtept>
   <rtept lat="32.96709700" lon="132.61925800">
   </rtept>
   <rtept lat="32.96694300" lon="132.61900800">
   </rtept>
   <rtept lat="32.96665800" lon="132.61878900">
   </rtept>
   <rtept lat="32.96639900" lon="132.61862200">
   </rtept>
   <rtept lat="32.96608000" lon="132.61846800">
   </rtept>
   <rtept lat="32.96589100" lon="132.61831300">
   </rtept>
   <rtept lat="32.96580600" lon="132.61808700">
   </rtept>
   <rtept lat="32.96579600" lon="132.61780200">
   </rtept>
   <rtept lat="32.96579100" lon="132.61754100">
   </rtept>
   <rtept lat="32.96590600" lon="132.61730300">
   </rtept>
   <rtept lat="32.96607500" lon="132.61707100">
   </rtept>
   <rtept lat="32.96631500" lon="132.61675000">
   </rtept>
   <rtept lat="32.96684300" lon="132.61616800">
   </rtept>
   <rtept lat="32.96725500" lon="132.61579100">
   </rtept>
   <rtept lat="32.96736700" lon="132.61559100">
   </rtept>
   <rtept lat="32.96755800" lon="132.61502100">
   </rtept>
   <rtept lat="32.96799700" lon="132.61451700">
   </rtept>
   <rtept lat="32.96845900" lon="132.61380400">
   </rtept>
   <rtept lat="32.96871500" lon="132.61339500">
   </rtept>
   <rtept lat="32.96911300" lon="132.61222600">
   </rtept>
   <rtept lat="32.96927300" lon="132.61169300">
   </rtept>
   <rtept lat="32.96964000" lon="132.61069500">
   </rtept>
   <rtept lat="32.96974300" lon="132.61031500">
   </rtept>
   <rtept lat="32.96970400" lon="132.61003900">
   </rtept>
   <rtept lat="32.96949600" lon="132.60963000">
   </rtept>
   <rtept lat="32.96934600" lon="132.60939600">
   </rtept>
   <rtept lat="32.96901700" lon="132.60914600">
   </rtept>
   <rtept lat="32.96903700" lon="132.60900300">
   </rtept>
   <rtept lat="32.96890700" lon="132.60868300">
   </rtept>
   <rtept lat="32.96876700" lon="132.60839700">
   </rtept>
   <rtept lat="32.96875700" lon="132.60816000">
   </rtept>
   <rtept lat="32.96872800" lon="132.60747000">
   </rtept>
   <rtept lat="32.96868800" lon="132.60729200">
   </rtept>
   <rtept lat="32.96867800" lon="132.60699500">
   </rtept>
   <rtept lat="32.96869800" lon="132.60643700">
   </rtept>
   <rtept lat="32.96879700" lon="132.60591400">
   </rtept>
   <rtept lat="32.96888700" lon="132.60529600">
   </rtept>
   <rtept lat="32.96873700" lon="132.60477300">
   </rtept>
   <rtept lat="32.96856800" lon="132.60415500">
   </rtept>
   <rtept lat="32.96841800" lon="132.60351300">
   </rtept>
   <rtept lat="32.96838900" lon="132.60320400">
   </rtept>
   <rtept lat="32.96828900" lon="132.60297800">
   </rtept>
   <rtept lat="32.96817900" lon="132.60205100">
   </rtept>
   <rtept lat="32.96812900" lon="132.60192100">
   </rtept>
   <rtept lat="32.96804000" lon="132.60189700">
   </rtept>
   <rtept lat="32.96782000" lon="132.60200400">
   </rtept>
   <rtept lat="32.96776500" lon="132.60199600">
   </rtept>
   <rtept lat="32.96767600" lon="132.60178800">
   </rtept>
   <rtept lat="32.96769600" lon="132.60168100">
   </rtept>
   <rtept lat="32.96780000" lon="132.60146700">
   </rtept>
   <rtept lat="32.96789000" lon="132.60118200">
   </rtept>
   <rtept lat="32.96796800" lon="132.60102200">
   </rtept>
   <rtept lat="32.96802800" lon="132.60073700">
   </rtept>
   <rtept lat="32.96808800" lon="132.60040400">
   </rtept>
   <rtept lat="32.96827700" lon="132.60006000">
   </rtept>
   <rtept lat="32.96824700" lon="132.59982200">
   </rtept>
   <rtept lat="32.96828700" lon="132.59951300">
   </rtept>
   <rtept lat="32.96834700" lon="132.59906100">
   </rtept>
   <rtept lat="32.96811800" lon="132.59859800">
   </rtept>
   <rtept lat="32.96775900" lon="132.59789700">
   </rtept>
   <rtept lat="32.96763900" lon="132.59762300">
   </rtept>
   <rtept lat="32.96764900" lon="132.59737400">
   </rtept>
   <rtept lat="32.96769900" lon="132.59712400">
   </rtept>
   <rtept lat="32.96829400" lon="132.59606900">
   </rtept>
   <rtept lat="32.96763900" lon="132.59516300">
   </rtept>
   <rtept lat="32.96782900" lon="132.59486600">
   </rtept>
   <rtept lat="32.96744000" lon="132.59418800">
   </rtept>
   <rtept lat="32.96715100" lon="132.59363000">
   </rtept>
   <rtept lat="32.96694200" lon="132.59324900">
   </rtept>
   <rtept lat="32.96670200" lon="132.59301200">
   </rtept>
   <rtept lat="32.96635300" lon="132.59269100">
   </rtept>
   <rtept lat="32.96597400" lon="132.59244100">
   </rtept>
   <rtept lat="32.96561500" lon="132.59226300">
   </rtept>
   <rtept lat="32.96527200" lon="132.59209700">
   </rtept>
   <rtept lat="32.96491600" lon="132.59190800">
   </rtept>
   <rtept lat="32.96460700" lon="132.59167000">
   </rtept>
   <rtept lat="32.96409800" lon="132.59090900">
   </rtept>
   <rtept lat="32.96386900" lon="132.59050500">
   </rtept>
   <rtept lat="32.96374900" lon="132.58978000">
   </rtept>
   <rtept lat="32.96376900" lon="132.58913900">
   </rtept>
   <rtept lat="32.96383900" lon="132.58849700">
   </rtept>
   <rtept lat="32.96414800" lon="132.58755800">
   </rtept>
   <rtept lat="32.96432800" lon="132.58685700">
   </rtept>
   <rtept lat="32.96445700" lon="132.58632200">
   </rtept>
   <rtept lat="32.96450700" lon="132.58572800">
   </rtept>
   <rtept lat="32.96441800" lon="132.58509800">
   </rtept>
   <rtept lat="32.96421800" lon="132.58445600">
   </rtept>
   <rtept lat="32.96374900" lon="132.58364800">
   </rtept>
   <rtept lat="32.96336100" lon="132.58304200">
   </rtept>
   <rtept lat="32.96296200" lon="132.58241200">
   </rtept>
   <rtept lat="32.96287900" lon="132.58216000">
   </rtept>
   <rtept lat="32.96274800" lon="132.58183200">
   </rtept>
   <rtept lat="32.96262800" lon="132.58122600">
   </rtept>
   <rtept lat="32.96259800" lon="132.58085500">
   </rtept>
   <rtept lat="32.96257400" lon="132.58021300">
   </rtept>
   <rtept lat="32.96253800" lon="132.57965700">
   </rtept>
   <rtept lat="32.96252000" lon="132.57936500">
   </rtept>
   <rtept lat="32.96244200" lon="132.57875200">
   </rtept>
   <rtept lat="32.96231700" lon="132.57815300">
   </rtept>
   <rtept lat="32.96209500" lon="132.57729700">
   </rtept>
   <rtept lat="32.96189200" lon="132.57647700">
   </rtept>
   <rtept lat="32.96167700" lon="132.57563600">
   </rtept>
   <rtept lat="32.96149700" lon="132.57499400">
   </rtept>
   <rtept lat="32.96138900" lon="132.57458000">
   </rtept>
   <rtept lat="32.96136000" lon="132.57442400">
   </rtept>
   <rtept lat="32.96133000" lon="132.57398100">
   </rtept>
   <rtept lat="32.96129800" lon="132.57302000">
   </rtept>
   <rtept lat="32.96128000" lon="132.57238500">
   </rtept>
   <rtept lat="32.96134500" lon="132.57192200">
   </rtept>
   <rtept lat="32.96135100" lon="132.57144400">
   </rtept>
   <rtept lat="32.96136900" lon="132.57024600">
   </rtept>
   <rtept lat="32.96138100" lon="132.56862000">
   </rtept>
   <rtept lat="32.96136900" lon="132.56769300">
   </rtept>
   <rtept lat="32.96134100" lon="132.56703200">
   </rtept>
   <rtept lat="32.96134100" lon="132.56674700">
   </rtept>
   <rtept lat="32.96143700" lon="132.56395200">
   </rtept>
   <rtept lat="32.96229800" lon="132.56399400">
   </rtept>
   <rtept lat="32.96235800" lon="132.56258300">
   </rtept>
   <rtept lat="32.96241800" lon="132.56081400">
   </rtept>
   <rtept lat="32.96246600" lon="132.55964500">
   </rtept>
   <rtept lat="32.96259700" lon="132.55870400">
   </rtept>
   <rtept lat="32.96303300" lon="132.55581400">
   </rtept>
   <rtept lat="32.96320700" lon="132.55470200">
   </rtept>
   <rtept lat="32.96325500" lon="132.55450900">
   </rtept>
   <rtept lat="32.96344000" lon="132.55301900">
   </rtept>
   <rtept lat="32.96359000" lon="132.55174300">
   </rtept>
   <rtept lat="32.96423000" lon="132.55173600">
   </rtept>
   <rtept lat="32.96498800" lon="132.55174100">
   </rtept>
   <rtept lat="32.96506800" lon="132.54871100">
   </rtept>
   <rtept lat="32.96593600" lon="132.54893700">
   </rtept>
 </rte>
 <rte>
  <name>SHIKOKU_EHM_02(旧へんろみち・柏坂越えのみち)</name>
   <rtept lat="33.01557100" lon="132.49735000">
   </rtept>
   <rtept lat="33.01583200" lon="132.49785700">
   </rtept>
   <rtept lat="33.01617500" lon="132.49830400">
   </rtept>
   <rtept lat="33.01658200" lon="132.49858900">
   </rtept>
   <rtept lat="33.01706800" lon="132.49877900">
   </rtept>
   <rtept lat="33.01724300" lon="132.49887400">
   </rtept>
   <rtept lat="33.01737400" lon="132.49898300">
   </rtept>
   <rtept lat="33.01751800" lon="132.49891600">
   </rtept>
   <rtept lat="33.01784400" lon="132.49879200">
   </rtept>
   <rtept lat="33.01796400" lon="132.49901100">
   </rtept>
   <rtept lat="33.01822700" lon="132.49915400">
   </rtept>
   <rtept lat="33.01849800" lon="132.49931500">
   </rtept>
   <rtept lat="33.01865000" lon="132.49953400">
   </rtept>
   <rtept lat="33.01905600" lon="132.50047500">
   </rtept>
   <rtept lat="33.01955800" lon="132.50125500">
   </rtept>
   <rtept lat="33.01978200" lon="132.50150200">
   </rtept>
   <rtept lat="33.02000000" lon="132.50161200">
   </rtept>
   <rtept lat="33.02029300" lon="132.50169000">
   </rtept>
   <rtept lat="33.02053200" lon="132.50177600">
   </rtept>
   <rtept lat="33.02078900" lon="132.50194700">
   </rtept>
   <rtept lat="33.02120800" lon="132.50228900">
   </rtept>
   <rtept lat="33.02145900" lon="132.50246800">
   </rtept>
   <rtept lat="33.02175800" lon="132.50259700">
   </rtept>
   <rtept lat="33.02200300" lon="132.50271100">
   </rtept>
   <rtept lat="33.02238600" lon="132.50283200">
   </rtept>
   <rtept lat="33.02258500" lon="132.50288600">
   </rtept>
   <rtept lat="33.02267800" lon="132.50281100">
   </rtept>
   <rtept lat="33.02276800" lon="132.50277500">
   </rtept>
   <rtept lat="33.02279800" lon="132.50265600">
   </rtept>
   <rtept lat="33.02263800" lon="132.50250200">
   </rtept>
   <rtept lat="33.02309600" lon="132.50245400">
   </rtept>
   <rtept lat="33.02285700" lon="132.50220500">
   </rtept>
   <rtept lat="33.02326600" lon="132.50218100">
   </rtept>
   <rtept lat="33.02293700" lon="132.50189600">
   </rtept>
   <rtept lat="33.02337500" lon="132.50181300">
   </rtept>
   <rtept lat="33.02311600" lon="132.50158700">
   </rtept>
   <rtept lat="33.02365400" lon="132.50168200">
   </rtept>
   <rtept lat="33.02402300" lon="132.50156300">
   </rtept>
   <rtept lat="33.02430200" lon="132.50158700">
   </rtept>
   <rtept lat="33.02445200" lon="132.50188400">
   </rtept>
   <rtept lat="33.02457100" lon="132.50211000">
   </rtept>
   <rtept lat="33.02482000" lon="132.50216900">
   </rtept>
   <rtept lat="33.02498000" lon="132.50209800">
   </rtept>
   <rtept lat="33.02519900" lon="132.50259700">
   </rtept>
   <rtept lat="33.02528900" lon="132.50284700">
   </rtept>
   <rtept lat="33.02546800" lon="132.50315600">
   </rtept>
   <rtept lat="33.02560700" lon="132.50310800">
   </rtept>
   <rtept lat="33.02587600" lon="132.50287000">
   </rtept>
   <rtept lat="33.02646400" lon="132.50225200">
   </rtept>
   <rtept lat="33.02700400" lon="132.50164600">
   </rtept>
   <rtept lat="33.02735300" lon="132.50171800">
   </rtept>
   <rtept lat="33.02763200" lon="132.50176500">
   </rtept>
   <rtept lat="33.02784100" lon="132.50175300">
   </rtept>
   <rtept lat="33.02801100" lon="132.50164600">
   </rtept>
   <rtept lat="33.02819000" lon="132.50143200">
   </rtept>
   <rtept lat="33.02832900" lon="132.50137300">
   </rtept>
   <rtept lat="33.02842900" lon="132.50178900">
   </rtept>
   <rtept lat="33.02853900" lon="132.50227600">
   </rtept>
   <rtept lat="33.02871800" lon="132.50244300">
   </rtept>
   <rtept lat="33.02905700" lon="132.50230000">
   </rtept>
   <rtept lat="33.02935600" lon="132.50222900">
   </rtept>
   <rtept lat="33.02965500" lon="132.50209800">
   </rtept>
   <rtept lat="33.02983400" lon="132.50219300">
   </rtept>
   <rtept lat="33.02997300" lon="132.50247800">
   </rtept>
   <rtept lat="33.03011300" lon="132.50276300">
   </rtept>
   <rtept lat="33.03011300" lon="132.50314400">
   </rtept>
   <rtept lat="33.03017300" lon="132.50342900">
   </rtept>
   <rtept lat="33.03030200" lon="132.50366700">
   </rtept>
   <rtept lat="33.03047200" lon="132.50365500">
   </rtept>
   <rtept lat="33.03086000" lon="132.50344100">
   </rtept>
   <rtept lat="33.03120900" lon="132.50334600">
   </rtept>
   <rtept lat="33.03153800" lon="132.50320300">
   </rtept>
   <rtept lat="33.03226500" lon="132.50325100">
   </rtept>
   <rtept lat="33.03254400" lon="132.50300100">
   </rtept>
   <rtept lat="33.03277300" lon="132.50293000">
   </rtept>
   <rtept lat="33.03319400" lon="132.50271600">
   </rtept>
   <rtept lat="33.03339300" lon="132.50266800">
   </rtept>
   <rtept lat="33.03354200" lon="132.50272800">
   </rtept>
   <rtept lat="33.03364200" lon="132.50288200">
   </rtept>
   <rtept lat="33.03374200" lon="132.50295400">
   </rtept>
   <rtept lat="33.03396100" lon="132.50308400">
   </rtept>
   <rtept lat="33.03410000" lon="132.50333400">
   </rtept>
   <rtept lat="33.03413000" lon="132.50371400">
   </rtept>
   <rtept lat="33.03430900" lon="132.50345300">
   </rtept>
   <rtept lat="33.03453900" lon="132.50326300">
   </rtept>
   <rtept lat="33.03465800" lon="132.50320300">
   </rtept>
   <rtept lat="33.03476800" lon="132.50322700">
   </rtept>
   <rtept lat="33.03484700" lon="132.50344100">
   </rtept>
   <rtept lat="33.03496700" lon="132.50352400">
   </rtept>
   <rtept lat="33.03501700" lon="132.50356000">
   </rtept>
   <rtept lat="33.03526600" lon="132.50341700">
   </rtept>
   <rtept lat="33.03544500" lon="132.50332200">
   </rtept>
   <rtept lat="33.03559500" lon="132.50333400">
   </rtept>
   <rtept lat="33.03595300" lon="132.50365500">
   </rtept>
   <rtept lat="33.03624200" lon="132.50377400">
   </rtept>
   <rtept lat="33.03656100" lon="132.50372600">
   </rtept>
   <rtept lat="33.03676000" lon="132.50391600">
   </rtept>
   <rtept lat="33.03701900" lon="132.50391600">
   </rtept>
   <rtept lat="33.03725800" lon="132.50405900">
   </rtept>
   <rtept lat="33.03748800" lon="132.50420100">
   </rtept>
   <rtept lat="33.03784600" lon="132.50409400">
   </rtept>
   <rtept lat="33.03798600" lon="132.50419000">
   </rtept>
   <rtept lat="33.03823500" lon="132.50435600">
   </rtept>
   <rtept lat="33.03838400" lon="132.50460500">
   </rtept>
   <rtept lat="33.03868300" lon="132.50479600">
   </rtept>
   <rtept lat="33.03885200" lon="132.50498600">
   </rtept>
   <rtept lat="33.03905400" lon="132.50509300">
   </rtept>
   <rtept lat="33.03922300" lon="132.50518800">
   </rtept>
   <rtept lat="33.03940200" lon="132.50541400">
   </rtept>
   <rtept lat="33.03950200" lon="132.50555600">
   </rtept>
   <rtept lat="33.03962100" lon="132.50558000">
   </rtept>
   <rtept lat="33.04001000" lon="132.50558000">
   </rtept>
   <rtept lat="33.04017900" lon="132.50553200">
   </rtept>
   <rtept lat="33.04038900" lon="132.50546100">
   </rtept>
   <rtept lat="33.04052800" lon="132.50531800">
   </rtept>
   <rtept lat="33.04067700" lon="132.50511600">
   </rtept>
   <rtept lat="33.04091700" lon="132.50496200">
   </rtept>
   <rtept lat="33.04102600" lon="132.50481900">
   </rtept>
   <rtept lat="33.04122500" lon="132.50453400">
   </rtept>
   <rtept lat="33.04161400" lon="132.50417800">
   </rtept>
   <rtept lat="33.04194300" lon="132.50382100">
   </rtept>
   <rtept lat="33.04211200" lon="132.50364300">
   </rtept>
   <rtept lat="33.04230100" lon="132.50345300">
   </rtept>
   <rtept lat="33.04262000" lon="132.50327400">
   </rtept>
   <rtept lat="33.04290900" lon="132.50316700">
   </rtept>
   <rtept lat="33.04325800" lon="132.50321500">
   </rtept>
   <rtept lat="33.04347700" lon="132.50312000">
   </rtept>
   <rtept lat="33.04375600" lon="132.50307200">
   </rtept>
   <rtept lat="33.04393500" lon="132.50309600">
   </rtept>
   <rtept lat="33.04424400" lon="132.50319100">
   </rtept>
   <rtept lat="33.04445300" lon="132.50328600">
   </rtept>
   <rtept lat="33.04464200" lon="132.50323900">
   </rtept>
   <rtept lat="33.04510100" lon="132.50331000">
   </rtept>
   <rtept lat="33.04535000" lon="132.50294200">
   </rtept>
   <rtept lat="33.04567800" lon="132.50278700">
   </rtept>
   <rtept lat="33.04610900" lon="132.50269200">
   </rtept>
   <rtept lat="33.04631800" lon="132.50277500">
   </rtept>
   <rtept lat="33.04647700" lon="132.50287000">
   </rtept>
   <rtept lat="33.04703500" lon="132.50272800">
   </rtept>
   <rtept lat="33.04749300" lon="132.50257300">
   </rtept>
   <rtept lat="33.04765300" lon="132.50255000">
   </rtept>
   <rtept lat="33.04793200" lon="132.50264500">
   </rtept>
   <rtept lat="33.04818100" lon="132.50285900">
   </rtept>
   <rtept lat="33.04868900" lon="132.50331000">
   </rtept>
   <rtept lat="33.04899700" lon="132.50351200">
   </rtept>
   <rtept lat="33.04952500" lon="132.50353600">
   </rtept>
   <rtept lat="33.05001300" lon="132.50350000">
   </rtept>
   <rtept lat="33.05026300" lon="132.50351200">
   </rtept>
   <rtept lat="33.05043200" lon="132.50360700">
   </rtept>
   <rtept lat="33.05052200" lon="132.50379700">
   </rtept>
   <rtept lat="33.05080000" lon="132.50419000">
   </rtept>
   <rtept lat="33.05107900" lon="132.50464100">
   </rtept>
   <rtept lat="33.05139800" lon="132.50499800">
   </rtept>
   <rtept lat="33.05162700" lon="132.50541400">
   </rtept>
   <rtept lat="33.05200600" lon="132.50580600">
   </rtept>
   <rtept lat="33.05243600" lon="132.50626900">
   </rtept>
   <rtept lat="33.05273500" lon="132.50656600">
   </rtept>
   <rtept lat="33.05291400" lon="132.50708900">
   </rtept>
   <rtept lat="33.05299400" lon="132.50724400">
   </rtept>
   <rtept lat="33.05313300" lon="132.50732700">
   </rtept>
   <rtept lat="33.05329300" lon="132.50738600">
   </rtept>
   <rtept lat="33.05343200" lon="132.50741000">
   </rtept>
   <rtept lat="33.05379100" lon="132.50726700">
   </rtept>
   <rtept lat="33.05407000" lon="132.50714900">
   </rtept>
   <rtept lat="33.05428900" lon="132.50713700">
   </rtept>
   <rtept lat="33.05445800" lon="132.50720800">
   </rtept>
   <rtept lat="33.05457800" lon="132.50730300">
   </rtept>
   <rtept lat="33.05468700" lon="132.50732700">
   </rtept>
   <rtept lat="33.05487600" lon="132.50732700">
   </rtept>
   <rtept lat="33.05522500" lon="132.50737400">
   </rtept>
   <rtept lat="33.05586200" lon="132.50756500">
   </rtept>
   <rtept lat="33.05627100" lon="132.50756500">
   </rtept>
   <rtept lat="33.05650000" lon="132.50755300">
   </rtept>
   <rtept lat="33.05665900" lon="132.50760000">
   </rtept>
   <rtept lat="33.05677900" lon="132.50775500">
   </rtept>
   <rtept lat="33.05691800" lon="132.50818300">
   </rtept>
   <rtept lat="33.05702800" lon="132.50863400">
   </rtept>
   <rtept lat="33.05700800" lon="132.50899100">
   </rtept>
   <rtept lat="33.05704800" lon="132.50919300">
   </rtept>
   <rtept lat="33.05703800" lon="132.50932300">
   </rtept>
   <rtept lat="33.05692800" lon="132.50930000">
   </rtept>
   <rtept lat="33.05681900" lon="132.50908600">
   </rtept>
   <rtept lat="33.05669900" lon="132.50924000">
   </rtept>
   <rtept lat="33.05662900" lon="132.50947800">
   </rtept>
   <rtept lat="33.05662900" lon="132.50975100">
   </rtept>
   <rtept lat="33.05666900" lon="132.51020300">
   </rtept>
   <rtept lat="33.05672900" lon="132.51031000">
   </rtept>
   <rtept lat="33.05677900" lon="132.51029800">
   </rtept>
   <rtept lat="33.05686300" lon="132.51026200">
   </rtept>
   <rtept lat="33.05703800" lon="132.51031000">
   </rtept>
   <rtept lat="33.05726200" lon="132.51031000">
   </rtept>
   <rtept lat="33.05760100" lon="132.51019700">
   </rtept>
   <rtept lat="33.05788900" lon="132.51008400">
   </rtept>
   <rtept lat="33.05808500" lon="132.51004800">
   </rtept>
   <rtept lat="33.05829200" lon="132.51012400">
   </rtept>
   <rtept lat="33.05850700" lon="132.51024800">
   </rtept>
   <rtept lat="33.05861100" lon="132.51030500">
   </rtept>
   <rtept lat="33.05873000" lon="132.51029500">
   </rtept>
   <rtept lat="33.05896900" lon="132.51011400">
   </rtept>
   <rtept lat="33.05932000" lon="132.50987700">
   </rtept>
   <rtept lat="33.05991700" lon="132.50968700">
   </rtept>
   <rtept lat="33.06060300" lon="132.50944900">
   </rtept>
   <rtept lat="33.06118400" lon="132.50926800">
   </rtept>
   <rtept lat="33.06170200" lon="132.50901200">
   </rtept>
   <rtept lat="33.06192700" lon="132.50886000">
   </rtept>
   <rtept lat="33.06208600" lon="132.50867900">
   </rtept>
   <rtept lat="33.06238100" lon="132.50831800">
   </rtept>
   <rtept lat="33.06271600" lon="132.50782300">
   </rtept>
   <rtept lat="33.06287500" lon="132.50756700">
   </rtept>
   <rtept lat="33.06293900" lon="132.50744300">
   </rtept>
   <rtept lat="33.06300300" lon="132.50733800">
   </rtept>
   <rtept lat="33.06317000" lon="132.50727200">
   </rtept>
   <rtept lat="33.06339300" lon="132.50717700">
   </rtept>
   <rtept lat="33.06348900" lon="132.50698700">
   </rtept>
   <rtept lat="33.06358400" lon="132.50676800">
   </rtept>
   <rtept lat="33.06365600" lon="132.50649200">
   </rtept>
   <rtept lat="33.06375200" lon="132.50638800">
   </rtept>
   <rtept lat="33.06399900" lon="132.50635900">
   </rtept>
   <rtept lat="33.06426100" lon="132.50602600">
   </rtept>
   <rtept lat="33.06451600" lon="132.50567500">
   </rtept>
   <rtept lat="33.06458800" lon="132.50558900">
   </rtept>
   <rtept lat="33.06474000" lon="132.50551300">
   </rtept>
   <rtept lat="33.06489900" lon="132.50554200">
   </rtept>
   <rtept lat="33.06509000" lon="132.50564600">
   </rtept>
   <rtept lat="33.06520200" lon="132.50575100">
   </rtept>
   <rtept lat="33.06529700" lon="132.50577000">
   </rtept>
   <rtept lat="33.06548000" lon="132.50570300">
   </rtept>
   <rtept lat="33.06568800" lon="132.50569400">
   </rtept>
   <rtept lat="33.06599000" lon="132.50567500">
   </rtept>
   <rtept lat="33.06630100" lon="132.50573200">
   </rtept>
   <rtept lat="33.06657200" lon="132.50580800">
   </rtept>
   <rtept lat="33.06676200" lon="132.50581700">
   </rtept>
   <rtept lat="33.06702500" lon="132.50608300">
   </rtept>
   <rtept lat="33.06712000" lon="132.50615900">
   </rtept>
   <rtept lat="33.06736700" lon="132.50587400">
   </rtept>
   <rtept lat="33.06782100" lon="132.50582700">
   </rtept>
   <rtept lat="33.06810000" lon="132.50575100">
   </rtept>
   <rtept lat="33.06845900" lon="132.50558900">
   </rtept>
   <rtept lat="33.06879300" lon="132.50550300">
   </rtept>
   <rtept lat="33.06898500" lon="132.50536100">
   </rtept>
   <rtept lat="33.06918400" lon="132.50524700">
   </rtept>
   <rtept lat="33.06931900" lon="132.50524700">
   </rtept>
   <rtept lat="33.06955000" lon="132.50524700">
   </rtept>
   <rtept lat="33.06968600" lon="132.50524700">
   </rtept>
   <rtept lat="33.06990900" lon="132.50510400">
   </rtept>
   <rtept lat="33.07014800" lon="132.50487600">
   </rtept>
   <rtept lat="33.07038700" lon="132.50470500">
   </rtept>
   <rtept lat="33.07061000" lon="132.50462900">
   </rtept>
   <rtept lat="33.07079900" lon="132.50458500">
   </rtept>
   <rtept lat="33.07089500" lon="132.50460400">
   </rtept>
   <rtept lat="33.07112600" lon="132.50448100">
   </rtept>
   <rtept lat="33.07124600" lon="132.50436600">
   </rtept>
   <rtept lat="33.07149300" lon="132.50407200">
   </rtept>
   <rtept lat="33.07166000" lon="132.50383400">
   </rtept>
   <rtept lat="33.07182700" lon="132.50371000">
   </rtept>
   <rtept lat="33.07195500" lon="132.50361500">
   </rtept>
   <rtept lat="33.07197900" lon="132.50343500">
   </rtept>
   <rtept lat="33.07226500" lon="132.50339700">
   </rtept>
   <rtept lat="33.07245700" lon="132.50337800">
   </rtept>
   <rtept lat="33.07267200" lon="132.50318800">
   </rtept>
   <rtept lat="33.07290300" lon="132.50297800">
   </rtept>
   <rtept lat="33.07303000" lon="132.50303500">
   </rtept>
   <rtept lat="33.07324500" lon="132.50303500">
   </rtept>
   <rtept lat="33.07342100" lon="132.50289300">
   </rtept>
   <rtept lat="33.07353200" lon="132.50277900">
   </rtept>
   <rtept lat="33.07362800" lon="132.50252200">
   </rtept>
   <rtept lat="33.07375500" lon="132.50241700">
   </rtept>
   <rtept lat="33.07389900" lon="132.50239800">
   </rtept>
   <rtept lat="33.07407400" lon="132.50247400">
   </rtept>
   <rtept lat="33.07440800" lon="132.50257000">
   </rtept>
   <rtept lat="33.07457600" lon="132.50265500">
   </rtept>
   <rtept lat="33.07467100" lon="132.50280700">
   </rtept>
   <rtept lat="33.07475900" lon="132.50294000">
   </rtept>
   <rtept lat="33.07492600" lon="132.50316900">
   </rtept>
   <rtept lat="33.07512500" lon="132.50332100">
   </rtept>
   <rtept lat="33.07541900" lon="132.50353900">
   </rtept>
   <rtept lat="33.07550600" lon="132.50353000">
   </rtept>
   <rtept lat="33.07564200" lon="132.50371000">
   </rtept>
   <rtept lat="33.07584900" lon="132.50399600">
   </rtept>
   <rtept lat="33.07619100" lon="132.50417600">
   </rtept>
   <rtept lat="33.07641400" lon="132.50430900">
   </rtept>
   <rtept lat="33.07649400" lon="132.50430000">
   </rtept>
   <rtept lat="33.07657400" lon="132.50424300">
   </rtept>
   <rtept lat="33.07730700" lon="132.50336800">
   </rtept>
   <rtept lat="33.07745800" lon="132.50317800">
   </rtept>
   <rtept lat="33.07760100" lon="132.50307300">
   </rtept>
   <rtept lat="33.07781600" lon="132.50302600">
   </rtept>
   <rtept lat="33.07793600" lon="132.50301600">
   </rtept>
   <rtept lat="33.07824700" lon="132.50324500">
   </rtept>
   <rtept lat="33.07839000" lon="132.50357700">
   </rtept>
   <rtept lat="33.07876400" lon="132.50416700">
   </rtept>
   <rtept lat="33.07899500" lon="132.50450000">
   </rtept>
   <rtept lat="33.07914700" lon="132.50464200">
   </rtept>
   <rtept lat="33.07927400" lon="132.50468000">
   </rtept>
   <rtept lat="33.07983800" lon="132.50474700">
   </rtept>
   <rtept lat="33.08012500" lon="132.50475600">
   </rtept>
   <rtept lat="33.08028400" lon="132.50485100">
   </rtept>
   <rtept lat="33.08042800" lon="132.50511700">
   </rtept>
   <rtept lat="33.08057100" lon="132.50496500">
   </rtept>
   <rtept lat="33.08077000" lon="132.50477500">
   </rtept>
   <rtept lat="33.08090600" lon="132.50464200">
   </rtept>
   <rtept lat="33.08112100" lon="132.50450000">
   </rtept>
   <rtept lat="33.08116100" lon="132.50438500">
   </rtept>
   <rtept lat="33.08116900" lon="132.50406200">
   </rtept>
   <rtept lat="33.08128000" lon="132.50394800">
   </rtept>
   <rtept lat="33.08142400" lon="132.50385300">
   </rtept>
   <rtept lat="33.08343900" lon="132.50443300">
   </rtept>
   <rtept lat="33.08390100" lon="132.50496500">
   </rtept>
   <rtept lat="33.08419400" lon="132.50530800">
   </rtept>
   <rtept lat="33.08432200" lon="132.50553600">
   </rtept>
   <rtept lat="33.08446500" lon="132.50582100">
   </rtept>
   <rtept lat="33.08460800" lon="132.50638200">
   </rtept>
   <rtept lat="33.08468000" lon="132.50655300">
   </rtept>
   <rtept lat="33.08500700" lon="132.50691400">
   </rtept>
   <rtept lat="33.08531700" lon="132.50712400">
   </rtept>
 </rte>
 <rte>
  <name>SHIKOKU_EHM_03(三間盆地2か寺参りのみち)</name>
   <rtept lat="33.28254500" lon="132.59952300">
   </rtept>
   <rtept lat="33.28397500" lon="132.59959400">
   </rtept>
   <rtept lat="33.28570400" lon="132.59959400">
   </rtept>
   <rtept lat="33.28731300" lon="132.59968900">
   </rtept>
   <rtept lat="33.28882300" lon="132.59983200">
   </rtept>
   <rtept lat="33.28878400" lon="132.59949900">
   </rtept>
   <rtept lat="33.29118800" lon="132.59964200">
   </rtept>
   <rtept lat="33.29249900" lon="132.59961800">
   </rtept>
   <rtept lat="33.29320200" lon="132.59989300">
   </rtept>
   <rtept lat="33.29386200" lon="132.60014000">
   </rtept>
   <rtept lat="33.29425900" lon="132.60002600">
   </rtept>
   <rtept lat="33.29501400" lon="132.60019700">
   </rtept>
   <rtept lat="33.29558600" lon="132.60040600">
   </rtept>
   <rtept lat="33.29623000" lon="132.60068200">
   </rtept>
   <rtept lat="33.29645200" lon="132.60075800">
   </rtept>
   <rtept lat="33.29671500" lon="132.60077700">
   </rtept>
   <rtept lat="33.29681000" lon="132.60070100">
   </rtept>
   <rtept lat="33.29757100" lon="132.60050100">
   </rtept>
   <rtept lat="33.29764300" lon="132.60050100">
   </rtept>
   <rtept lat="33.29777000" lon="132.60054000">
   </rtept>
   <rtept lat="33.29805600" lon="132.60073900">
   </rtept>
   <rtept lat="33.29847700" lon="132.60102400">
   </rtept>
   <rtept lat="33.29893800" lon="132.60119600">
   </rtept>
   <rtept lat="33.29944600" lon="132.60140500">
   </rtept>
   <rtept lat="33.29948600" lon="132.60161400">
   </rtept>
   <rtept lat="33.29939900" lon="132.60205100">
   </rtept>
   <rtept lat="33.30128200" lon="132.60206100">
   </rtept>
   <rtept lat="33.30231300" lon="132.60203200">
   </rtept>
   <rtept lat="33.30317200" lon="132.60199400">
   </rtept>
   <rtept lat="33.30391800" lon="132.60194700">
   </rtept>
   <rtept lat="33.30417300" lon="132.60198500">
   </rtept>
   <rtept lat="33.30431600" lon="132.60113800">
   </rtept>
   <rtept lat="33.30435600" lon="132.60074900">
   </rtept>
   <rtept lat="33.30435600" lon="132.60063500">
   </rtept>
   <rtept lat="33.30433200" lon="132.60034900">
   </rtept>
   <rtept lat="33.30472900" lon="132.60023500">
   </rtept>
   <rtept lat="33.30477700" lon="132.60010200">
   </rtept>
   <rtept lat="33.30492000" lon="132.60011200">
   </rtept>
   <rtept lat="33.30497500" lon="132.59987400">
   </rtept>
   <rtept lat="33.30498300" lon="132.59977900">
   </rtept>
   <rtept lat="33.30488800" lon="132.59939900">
   </rtept>
   <rtept lat="33.30508700" lon="132.59913200">
   </rtept>
   <rtept lat="33.30530900" lon="132.59870500">
   </rtept>
   <rtept lat="33.30538000" lon="132.59815300">
   </rtept>
   <rtept lat="33.30542000" lon="132.59799200">
   </rtept>
   <rtept lat="33.30526900" lon="132.59767800">
   </rtept>
   <rtept lat="33.30483200" lon="132.59761100">
   </rtept>
   <rtept lat="33.30467300" lon="132.59755400">
   </rtept>
   <rtept lat="33.30457000" lon="132.59733600">
   </rtept>
   <rtept lat="33.30478500" lon="132.59701200">
   </rtept>
   <rtept lat="33.30495100" lon="132.59698400">
   </rtept>
   <rtept lat="33.30519800" lon="132.59676500">
   </rtept>
   <rtept lat="33.30520600" lon="132.59637500">
   </rtept>
   <rtept lat="33.30499900" lon="132.59597600">
   </rtept>
   <rtept lat="33.30484000" lon="132.59577600">
   </rtept>
   <rtept lat="33.30469700" lon="132.59552000">
   </rtept>
   <rtept lat="33.30474500" lon="132.59531100">
   </rtept>
   <rtept lat="33.30492800" lon="132.59550100">
   </rtept>
   <rtept lat="33.30514200" lon="132.59570000">
   </rtept>
   <rtept lat="33.30534100" lon="132.59580500">
   </rtept>
   <rtept lat="33.30547600" lon="132.59573800">
   </rtept>
   <rtept lat="33.30554700" lon="132.59529200">
   </rtept>
   <rtept lat="33.30554700" lon="132.59476900">
   </rtept>
   <rtept lat="33.30550800" lon="132.59440700">
   </rtept>
   <rtept lat="33.30542000" lon="132.59407500">
   </rtept>
   <rtept lat="33.30553100" lon="132.59387500">
   </rtept>
   <rtept lat="33.30567400" lon="132.59387500">
   </rtept>
   <rtept lat="33.30573800" lon="132.59400800">
   </rtept>
   <rtept lat="33.30566700" lon="132.59432200">
   </rtept>
   <rtept lat="33.30567400" lon="132.59443600">
   </rtept>
   <rtept lat="33.30589700" lon="132.59454000">
   </rtept>
   <rtept lat="33.30619900" lon="132.59445500">
   </rtept>
   <rtept lat="33.30631000" lon="132.59431500">
   </rtept>
   <rtept lat="33.30641300" lon="132.59421100">
   </rtept>
   <rtept lat="33.30648400" lon="132.59400200">
   </rtept>
   <rtept lat="33.30655600" lon="132.59383100">
   </rtept>
   <rtept lat="33.30655600" lon="132.59372600">
   </rtept>
   <rtept lat="33.30653200" lon="132.59360200">
   </rtept>
   <rtept lat="33.30654800" lon="132.59347900">
   </rtept>
   <rtept lat="33.30672300" lon="132.59328900">
   </rtept>
   <rtept lat="33.30688200" lon="132.59316500">
   </rtept>
   <rtept lat="33.30707200" lon="132.59292700">
   </rtept>
   <rtept lat="33.30727900" lon="132.59265200">
   </rtept>
   <rtept lat="33.30688200" lon="132.59187200">
   </rtept>
   <rtept lat="33.30922600" lon="132.59287000">
   </rtept>
   <rtept lat="33.30923400" lon="132.59183400">
   </rtept>
   <rtept lat="33.30936100" lon="132.59146300">
   </rtept>
   <rtept lat="33.30936900" lon="132.59086400">
   </rtept>
   <rtept lat="33.30970200" lon="132.58995200">
   </rtept>
   <rtept lat="33.30979800" lon="132.58993300">
   </rtept>
   <rtept lat="33.31002000" lon="132.58928200">
   </rtept>
   <rtept lat="33.31008400" lon="132.58910200">
   </rtept>
   <rtept lat="33.31012300" lon="132.58899700">
   </rtept>
   <rtept lat="33.31013900" lon="132.58867400">
   </rtept>
   <rtept lat="33.31014700" lon="132.58840800">
   </rtept>
   <rtept lat="33.31018700" lon="132.58817000">
   </rtept>
   <rtept lat="33.31029000" lon="132.58813200">
   </rtept>
   <rtept lat="33.31041700" lon="132.58804600">
   </rtept>
   <rtept lat="33.31047300" lon="132.58786600">
   </rtept>
   <rtept lat="33.31053700" lon="132.58763800">
   </rtept>
   <rtept lat="33.31031400" lon="132.58736200">
   </rtept>
   <rtept lat="33.30995700" lon="132.58719100">
   </rtept>
   <rtept lat="33.30958300" lon="132.58721000">
   </rtept>
   <rtept lat="33.30931300" lon="132.58740000">
   </rtept>
   <rtept lat="33.30918600" lon="132.58751400">
   </rtept>
   <rtept lat="33.30900300" lon="132.58751400">
   </rtept>
   <rtept lat="33.30877300" lon="132.58733300">
   </rtept>
   <rtept lat="33.30852600" lon="132.58733300">
   </rtept>
   <rtept lat="33.30836800" lon="132.58736200">
   </rtept>
   <rtept lat="33.30819300" lon="132.58692500">
   </rtept>
   <rtept lat="33.30807400" lon="132.58666800">
   </rtept>
   <rtept lat="33.30755700" lon="132.58664900">
   </rtept>
   <rtept lat="33.30756200" lon="132.58627500">
   </rtept>
   <rtept lat="33.30750200" lon="132.58619100">
   </rtept>
   <rtept lat="33.30747300" lon="132.58609600">
   </rtept>
   <rtept lat="33.30747800" lon="132.58593000">
   </rtept>
   <rtept lat="33.30755700" lon="132.58570400">
   </rtept>
   <rtept lat="33.30759200" lon="132.58559100">
   </rtept>
   <rtept lat="33.30772600" lon="132.58548400">
   </rtept>
   <rtept lat="33.30780000" lon="132.58544900">
   </rtept>
   <rtept lat="33.30795900" lon="132.58523500">
   </rtept>
   <rtept lat="33.30807800" lon="132.58506800">
   </rtept>
   <rtept lat="33.30803900" lon="132.58487200">
   </rtept>
   <rtept lat="33.30798900" lon="132.58471200">
   </rtept>
   <rtept lat="33.30791000" lon="132.58444400">
   </rtept>
   <rtept lat="33.30816800" lon="132.58424800">
   </rtept>
   <rtept lat="33.30833200" lon="132.58410000">
   </rtept>
   <rtept lat="33.30856500" lon="132.58411200">
   </rtept>
   <rtept lat="33.30873900" lon="132.58410600">
   </rtept>
   <rtept lat="33.30880400" lon="132.58402800">
   </rtept>
   <rtept lat="33.30884300" lon="132.58390400">
   </rtept>
   <rtept lat="33.30884300" lon="132.58374300">
   </rtept>
   <rtept lat="33.30890300" lon="132.58354100">
   </rtept>
   <rtept lat="33.30896200" lon="132.58341100">
   </rtept>
   <rtept lat="33.30905700" lon="132.58329200">
   </rtept>
   <rtept lat="33.30996100" lon="132.58237700">
   </rtept>
   <rtept lat="33.30999000" lon="132.58232300">
   </rtept>
   <rtept lat="33.30979700" lon="132.58174700">
   </rtept>
   <rtept lat="33.31021800" lon="132.58144400">
   </rtept>
   <rtept lat="33.31014700" lon="132.58120700">
   </rtept>
   <rtept lat="33.31013900" lon="132.58101700">
   </rtept>
   <rtept lat="33.31017800" lon="132.58078800">
   </rtept>
   <rtept lat="33.31024200" lon="132.58054100">
   </rtept>
   <rtept lat="33.31032100" lon="132.58027500">
   </rtept>
   <rtept lat="33.31035300" lon="132.58014200">
   </rtept>
   <rtept lat="33.31021000" lon="132.57951500">
   </rtept>
   <rtept lat="33.31083000" lon="132.57907700">
   </rtept>
   <rtept lat="33.31180700" lon="132.57838300">
   </rtept>
   <rtept lat="33.31237900" lon="132.57811700">
   </rtept>
   <rtept lat="33.31311800" lon="132.57769900">
   </rtept>
   <rtept lat="33.31399200" lon="132.57737500">
   </rtept>
   <rtept lat="33.31525800" lon="132.57734700">
   </rtept>
   <rtept lat="33.31521100" lon="132.57670000">
   </rtept>
   <rtept lat="33.31517900" lon="132.57591100">
   </rtept>
   <rtept lat="33.31521100" lon="132.57498900">
   </rtept>
   <rtept lat="33.31521900" lon="132.57475700">
   </rtept>
   <rtept lat="33.31541700" lon="132.57437700">
   </rtept>
   <rtept lat="33.31542500" lon="132.57422500">
   </rtept>
   <rtept lat="33.31543300" lon="132.57398700">
   </rtept>
   <rtept lat="33.31548100" lon="132.57383500">
   </rtept>
   <rtept lat="33.31560800" lon="132.57363500">
   </rtept>
   <rtept lat="33.31567900" lon="132.57336900">
   </rtept>
   <rtept lat="33.31573500" lon="132.57293200">
   </rtept>
   <rtept lat="33.31587000" lon="132.57261800">
   </rtept>
   <rtept lat="33.31615600" lon="132.57232300">
   </rtept>
   <rtept lat="33.31636300" lon="132.57204800">
   </rtept>
   <rtept lat="33.31675200" lon="132.57174300">
   </rtept>
   <rtept lat="33.31696700" lon="132.57158200">
   </rtept>
   <rtept lat="33.31711700" lon="132.57150600">
   </rtept>
   <rtept lat="33.31728000" lon="132.57146000">
   </rtept>
   <rtept lat="33.31749500" lon="132.57158400">
   </rtept>
   <rtept lat="33.31777300" lon="132.57205900">
   </rtept>
   <rtept lat="33.31817800" lon="132.57230600">
   </rtept>
   <rtept lat="33.31855100" lon="132.57234400">
   </rtept>
   <rtept lat="33.31879000" lon="132.57224900">
   </rtept>
   <rtept lat="33.31902000" lon="132.57191600">
   </rtept>
   <rtept lat="33.31929000" lon="132.57173600">
   </rtept>
   <rtept lat="33.31985400" lon="132.57141300">
   </rtept>
   <rtept lat="33.32025900" lon="132.57108000">
   </rtept>
   <rtept lat="33.32069600" lon="132.57067100">
   </rtept>
   <rtept lat="33.32088700" lon="132.57047100">
   </rtept>
   <rtept lat="33.32090200" lon="132.57040800">
   </rtept>
   <rtept lat="33.32096700" lon="132.57027100">
   </rtept>
   <rtept lat="33.32120500" lon="132.57002100">
   </rtept>
   <rtept lat="33.32159700" lon="132.56967100">
   </rtept>
   <rtept lat="33.32201000" lon="132.56929000">
   </rtept>
   <rtept lat="33.32222300" lon="132.56910600">
   </rtept>
   <rtept lat="33.32231700" lon="132.56894600">
   </rtept>
   <rtept lat="33.32235700" lon="132.56878500">
   </rtept>
   <rtept lat="33.32231700" lon="132.56864900">
   </rtept>
   <rtept lat="33.32220300" lon="132.56852400">
   </rtept>
   <rtept lat="33.32199500" lon="132.56841700">
   </rtept>
   <rtept lat="33.32182100" lon="132.56831000">
   </rtept>
   <rtept lat="33.32167200" lon="132.56817900">
   </rtept>
   <rtept lat="33.32166200" lon="132.56804900">
   </rtept>
   <rtept lat="33.32168700" lon="132.56790000">
   </rtept>
   <rtept lat="33.32181100" lon="132.56784100">
   </rtept>
   <rtept lat="33.32202000" lon="132.56791200">
   </rtept>
   <rtept lat="33.32231200" lon="132.56803100">
   </rtept>
   <rtept lat="33.32266000" lon="132.56810200">
   </rtept>
   <rtept lat="33.32290300" lon="132.56810800">
   </rtept>
   <rtept lat="33.32315200" lon="132.56794200">
   </rtept>
   <rtept lat="33.32326600" lon="132.56780500">
   </rtept>
   <rtept lat="33.32334000" lon="132.56759100">
   </rtept>
   <rtept lat="33.32336500" lon="132.56735300">
   </rtept>
   <rtept lat="33.32339000" lon="132.56715700">
   </rtept>
   <rtept lat="33.32347400" lon="132.56696100">
   </rtept>
   <rtept lat="33.32363800" lon="132.56671200">
   </rtept>
   <rtept lat="33.32372700" lon="132.56651000">
   </rtept>
   <rtept lat="33.32374100" lon="132.56615700">
   </rtept>
   <rtept lat="33.32375600" lon="132.56590800">
   </rtept>
   <rtept lat="33.32386000" lon="132.56567000">
   </rtept>
   <rtept lat="33.32398900" lon="132.56552700">
   </rtept>
   <rtept lat="33.32426700" lon="132.56539700">
   </rtept>
   <rtept lat="33.32434200" lon="132.56537300">
   </rtept>
 </rte>
 <rte>
  <name>SHIKOKU_EHM_04(法華津湾展望回廊)</name>
   <rtept lat="33.32434200" lon="132.56537300">
   </rtept>
   <rtept lat="33.32442300" lon="132.56493700">
   </rtept>
   <rtept lat="33.32447000" lon="132.56474700">
   </rtept>
   <rtept lat="33.32455800" lon="132.56453800">
   </rtept>
   <rtept lat="33.32472400" lon="132.56436700">
   </rtept>
   <rtept lat="33.32498700" lon="132.56425300">
   </rtept>
   <rtept lat="33.32513000" lon="132.56407200">
   </rtept>
   <rtept lat="33.32526500" lon="132.56389100">
   </rtept>
   <rtept lat="33.32533600" lon="132.56369200">
   </rtept>
   <rtept lat="33.32531200" lon="132.56357800">
   </rtept>
   <rtept lat="33.32516100" lon="132.56334000">
   </rtept>
   <rtept lat="33.32507400" lon="132.56306400">
   </rtept>
   <rtept lat="33.32497900" lon="132.56287400">
   </rtept>
   <rtept lat="33.32481200" lon="132.56273100">
   </rtept>
   <rtept lat="33.32470100" lon="132.56260800">
   </rtept>
   <rtept lat="33.32466100" lon="132.56240800">
   </rtept>
   <rtept lat="33.32461300" lon="132.56212300">
   </rtept>
   <rtept lat="33.32449400" lon="132.56182800">
   </rtept>
   <rtept lat="33.32423200" lon="132.56139100">
   </rtept>
   <rtept lat="33.32412100" lon="132.56117200">
   </rtept>
   <rtept lat="33.32408900" lon="132.56084000">
   </rtept>
   <rtept lat="33.32407300" lon="132.56026000">
   </rtept>
   <rtept lat="33.32397800" lon="132.55976500">
   </rtept>
   <rtept lat="33.32387400" lon="132.55946100">
   </rtept>
   <rtept lat="33.32370000" lon="132.55927100">
   </rtept>
   <rtept lat="33.32342200" lon="132.55914700">
   </rtept>
   <rtept lat="33.32321500" lon="132.55892900">
   </rtept>
   <rtept lat="33.32308000" lon="132.55874800">
   </rtept>
   <rtept lat="33.32296900" lon="132.55841500">
   </rtept>
   <rtept lat="33.32292100" lon="132.55819700">
   </rtept>
   <rtept lat="33.32292900" lon="132.55789200">
   </rtept>
   <rtept lat="33.32306400" lon="132.55727400">
   </rtept>
   <rtept lat="33.32316700" lon="132.55683700">
   </rtept>
   <rtept lat="33.32319900" lon="132.55666600">
   </rtept>
   <rtept lat="33.32315900" lon="132.55643800">
   </rtept>
   <rtept lat="33.32312800" lon="132.55618100">
   </rtept>
   <rtept lat="33.32315200" lon="132.55607600">
   </rtept>
   <rtept lat="33.32330200" lon="132.55586700">
   </rtept>
   <rtept lat="33.32336600" lon="132.55572500">
   </rtept>
   <rtept lat="33.32337400" lon="132.55551600">
   </rtept>
   <rtept lat="33.32331800" lon="132.55531600">
   </rtept>
   <rtept lat="33.32331000" lon="132.55495300">
   </rtept>
   <rtept lat="33.32331000" lon="132.55449600">
   </rtept>
   <rtept lat="33.32323100" lon="132.55427800">
   </rtept>
   <rtept lat="33.32312000" lon="132.55396400">
   </rtept>
   <rtept lat="33.32306400" lon="132.55374500">
   </rtept>
   <rtept lat="33.32311200" lon="132.55346000">
   </rtept>
   <rtept lat="33.32320700" lon="132.55308900">
   </rtept>
   <rtept lat="33.32344500" lon="132.55289900">
   </rtept>
   <rtept lat="33.32374700" lon="132.55277600">
   </rtept>
   <rtept lat="33.32397000" lon="132.55267100">
   </rtept>
   <rtept lat="33.32415200" lon="132.55262300">
   </rtept>
   <rtept lat="33.32420000" lon="132.55238600">
   </rtept>
   <rtept lat="33.32410500" lon="132.55212900">
   </rtept>
   <rtept lat="33.32402500" lon="132.55195800">
   </rtept>
   <rtept lat="33.32397000" lon="132.55169200">
   </rtept>
   <rtept lat="33.32388200" lon="132.55144500">
   </rtept>
   <rtept lat="33.32387400" lon="132.55121600">
   </rtept>
   <rtept lat="33.32402500" lon="132.55117800">
   </rtept>
   <rtept lat="33.32411300" lon="132.55128300">
   </rtept>
   <rtept lat="33.32417600" lon="132.55156800">
   </rtept>
   <rtept lat="33.32426400" lon="132.55173900">
   </rtept>
   <rtept lat="33.32439900" lon="132.55203400">
   </rtept>
   <rtept lat="33.32444600" lon="132.55228100">
   </rtept>
   <rtept lat="33.32442300" lon="132.55250000">
   </rtept>
   <rtept lat="33.32427200" lon="132.55278500">
   </rtept>
   <rtept lat="33.32408100" lon="132.55305100">
   </rtept>
   <rtept lat="33.32400900" lon="132.55318400">
   </rtept>
   <rtept lat="33.32403300" lon="132.55334600">
   </rtept>
   <rtept lat="33.32410500" lon="132.55342200">
   </rtept>
   <rtept lat="33.32416800" lon="132.55327000">
   </rtept>
   <rtept lat="33.32431900" lon="132.55306100">
   </rtept>
   <rtept lat="33.32447000" lon="132.55291800">
   </rtept>
   <rtept lat="33.32453400" lon="132.55288000">
   </rtept>
   <rtept lat="33.32485200" lon="132.55199600">
   </rtept>
   <rtept lat="33.32533600" lon="132.55063600">
   </rtept>
   <rtept lat="33.32550300" lon="132.55023700">
   </rtept>
   <rtept lat="33.32559000" lon="132.54983800">
   </rtept>
   <rtept lat="33.32566200" lon="132.54942000">
   </rtept>
   <rtept lat="33.32577300" lon="132.54910600">
   </rtept>
   <rtept lat="33.32588400" lon="132.54860200">
   </rtept>
   <rtept lat="33.32606700" lon="132.54847800">
   </rtept>
   <rtept lat="33.32628900" lon="132.54787000">
   </rtept>
   <rtept lat="33.32632100" lon="132.54760400">
   </rtept>
   <rtept lat="33.32636900" lon="132.54733700">
   </rtept>
   <rtept lat="33.32647200" lon="132.54716600">
   </rtept>
   <rtept lat="33.32669400" lon="132.54691900">
   </rtept>
   <rtept lat="33.32689300" lon="132.54668100">
   </rtept>
   <rtept lat="33.32697500" lon="132.54632600">
   </rtept>
   <rtept lat="33.32695100" lon="132.54576500">
   </rtept>
   <rtept lat="33.32692700" lon="132.54455700">
   </rtept>
   <rtept lat="33.32694300" lon="132.54366400">
   </rtept>
   <rtept lat="33.32692000" lon="132.54289400">
   </rtept>
   <rtept lat="33.32684000" lon="132.54251300">
   </rtept>
   <rtept lat="33.32688800" lon="132.54211400">
   </rtept>
   <rtept lat="33.32709400" lon="132.54151500">
   </rtept>
   <rtept lat="33.32724500" lon="132.54098300">
   </rtept>
   <rtept lat="33.32731700" lon="132.54046000">
   </rtept>
   <rtept lat="33.32749200" lon="132.53994600">
   </rtept>
   <rtept lat="33.32765000" lon="132.53946200">
   </rtept>
   <rtept lat="33.32775400" lon="132.53889100">
   </rtept>
   <rtept lat="33.32776200" lon="132.53846300">
   </rtept>
   <rtept lat="33.32773800" lon="132.53812100">
   </rtept>
   <rtept lat="33.32774600" lon="132.53775000">
   </rtept>
   <rtept lat="33.32773800" lon="132.53743600">
   </rtept>
   <rtept lat="33.32780100" lon="132.53715100">
   </rtept>
   <rtept lat="33.32796000" lon="132.53680900">
   </rtept>
   <rtept lat="33.32800800" lon="132.53659600">
   </rtept>
   <rtept lat="33.32798400" lon="132.53619700">
   </rtept>
   <rtept lat="33.32806300" lon="132.53581600">
   </rtept>
   <rtept lat="33.32826200" lon="132.53544600">
   </rtept>
   <rtept lat="33.32855600" lon="132.53513200">
   </rtept>
   <rtept lat="33.32874700" lon="132.53484700">
   </rtept>
   <rtept lat="33.32884200" lon="132.53460900">
   </rtept>
   <rtept lat="33.32887400" lon="132.53433300">
   </rtept>
   <rtept lat="33.32915200" lon="132.53410500">
   </rtept>
   <rtept lat="33.32955700" lon="132.53405800">
   </rtept>
   <rtept lat="33.32987500" lon="132.53403900">
   </rtept>
   <rtept lat="33.33016100" lon="132.53403900">
   </rtept>
   <rtept lat="33.33030200" lon="132.53400100">
   </rtept>
   <rtept lat="33.33050800" lon="132.53387700">
   </rtept>
   <rtept lat="33.33073100" lon="132.53381000">
   </rtept>
   <rtept lat="33.33096100" lon="132.53364900">
   </rtept>
   <rtept lat="33.33106400" lon="132.53341100">
   </rtept>
   <rtept lat="33.33111200" lon="132.53299300">
   </rtept>
   <rtept lat="33.33128700" lon="132.53253600">
   </rtept>
   <rtept lat="33.33161300" lon="132.53176600">
   </rtept>
   <rtept lat="33.33185100" lon="132.53128200">
   </rtept>
   <rtept lat="33.33194600" lon="132.53095800">
   </rtept>
   <rtept lat="33.33212900" lon="132.53071100">
   </rtept>
   <rtept lat="33.33239900" lon="132.53042600">
   </rtept>
   <rtept lat="33.33251800" lon="132.53035900">
   </rtept>
   <rtept lat="33.33264500" lon="132.53028300">
   </rtept>
   <rtept lat="33.33278800" lon="132.53054900">
   </rtept>
   <rtept lat="33.33301100" lon="132.53072100">
   </rtept>
   <rtept lat="33.33317700" lon="132.53087300">
   </rtept>
   <rtept lat="33.33329700" lon="132.53098700">
   </rtept>
   <rtept lat="33.33351100" lon="132.53097700">
   </rtept>
   <rtept lat="33.33366200" lon="132.53083500">
   </rtept>
   <rtept lat="33.33381300" lon="132.53076800">
   </rtept>
   <rtept lat="33.33395600" lon="132.53080600">
   </rtept>
   <rtept lat="33.33421800" lon="132.53049200">
   </rtept>
   <rtept lat="33.33436100" lon="132.53037800">
   </rtept>
   <rtept lat="33.33447200" lon="132.53037800">
   </rtept>
   <rtept lat="33.33450400" lon="132.53035900">
   </rtept>
   <rtept lat="33.33444800" lon="132.53020700">
   </rtept>
   <rtept lat="33.33445600" lon="132.53003600">
   </rtept>
   <rtept lat="33.33452458" lon="132.52977031">
   </rtept>
   <rtept lat="33.33460742" lon="132.52953235">
   </rtept>
   <rtept lat="33.33478965" lon="132.52899696">
   </rtept>
   <rtept lat="33.33480900" lon="132.52856100">
   </rtept>
   <rtept lat="33.33489600" lon="132.52853200">
   </rtept>
   <rtept lat="33.33501500" lon="132.52838900">
   </rtept>
   <rtept lat="33.33508700" lon="132.52822800">
   </rtept>
   <rtept lat="33.33516600" lon="132.52803800">
   </rtept>
   <rtept lat="33.33530900" lon="132.52791400">
   </rtept>
   <rtept lat="33.33546000" lon="132.52786700">
   </rtept>
   <rtept lat="33.33561900" lon="132.52786700">
   </rtept>
   <rtept lat="33.33604800" lon="132.52784800">
   </rtept>
   <rtept lat="33.33619100" lon="132.52783800">
   </rtept>
   <rtept lat="33.33621500" lon="132.52773300">
   </rtept>
   <rtept lat="33.33629400" lon="132.52755300">
   </rtept>
   <rtept lat="33.33631000" lon="132.52751500">
   </rtept>
   <rtept lat="33.33630200" lon="132.52739100">
   </rtept>
   <rtept lat="33.33626400" lon="132.52731300">
   </rtept>
   <rtept lat="33.33620700" lon="132.52723800">
   </rtept>
   <rtept lat="33.33620200" lon="132.52715600">
   </rtept>
   <rtept lat="33.33624559" lon="132.52701085">
   </rtept>
   <rtept lat="33.33596993" lon="132.52697278">
   </rtept>
   <rtept lat="33.33590800" lon="132.52692200">
   </rtept>
   <rtept lat="33.33579300" lon="132.52676000">
   </rtept>
   <rtept lat="33.33578100" lon="132.52661800">
   </rtept>
   <rtept lat="33.33584000" lon="132.52653700">
   </rtept>
   <rtept lat="33.33599500" lon="132.52647000">
   </rtept>
   <rtept lat="33.33610600" lon="132.52645600">
   </rtept>
   <rtept lat="33.33617800" lon="132.52634200">
   </rtept>
   <rtept lat="33.33612600" lon="132.52621400">
   </rtept>
   <rtept lat="33.33601500" lon="132.52608500">
   </rtept>
   <rtept lat="33.33582400" lon="132.52601400">
   </rtept>
   <rtept lat="33.33569300" lon="132.52597600">
   </rtept>
   <rtept lat="33.33558600" lon="132.52589500">
   </rtept>
   <rtept lat="33.33538000" lon="132.52588100">
   </rtept>
   <rtept lat="33.33519063" lon="132.52583696">
   </rtept>
   <rtept lat="33.33497327" lon="132.52591945">
   </rtept>
   <rtept lat="33.33519063" lon="132.52583696">
   </rtept>
   <rtept lat="33.33538000" lon="132.52588100">
   </rtept>
   <rtept lat="33.33558600" lon="132.52589500">
   </rtept>
   <rtept lat="33.33569300" lon="132.52597600">
   </rtept>
   <rtept lat="33.33582400" lon="132.52601400">
   </rtept>
   <rtept lat="33.33601500" lon="132.52608500">
   </rtept>
   <rtept lat="33.33612600" lon="132.52621400">
   </rtept>
   <rtept lat="33.33617800" lon="132.52634200">
   </rtept>
   <rtept lat="33.33610600" lon="132.52645600">
   </rtept>
   <rtept lat="33.33599500" lon="132.52647000">
   </rtept>
   <rtept lat="33.33584000" lon="132.52653700">
   </rtept>
   <rtept lat="33.33578100" lon="132.52661800">
   </rtept>
   <rtept lat="33.33579300" lon="132.52676000">
   </rtept>
   <rtept lat="33.33590800" lon="132.52692200">
   </rtept>
   <rtept lat="33.33596993" lon="132.52697278">
   </rtept>
   <rtept lat="33.33624559" lon="132.52701085">
   </rtept>
   <rtept lat="33.33640463" lon="132.52699816">
   </rtept>
   <rtept lat="33.33647600" lon="132.52695000">
   </rtept>
   <rtept lat="33.33651800" lon="132.52686500">
   </rtept>
   <rtept lat="33.33656600" lon="132.52678600">
   </rtept>
   <rtept lat="33.33661900" lon="132.52670100">
   </rtept>
   <rtept lat="33.33672600" lon="132.52661500">
   </rtept>
   <rtept lat="33.33685100" lon="132.52657200">
   </rtept>
   <rtept lat="33.33689300" lon="132.52653000">
   </rtept>
   <rtept lat="33.33699400" lon="132.52637300">
   </rtept>
   <rtept lat="33.33706000" lon="132.52625200">
   </rtept>
   <rtept lat="33.33714300" lon="132.52615200">
   </rtept>
   <rtept lat="33.33726200" lon="132.52612300">
   </rtept>
   <rtept lat="33.33741700" lon="132.52618000">
   </rtept>
   <rtept lat="33.33751900" lon="132.52620900">
   </rtept>
   <rtept lat="33.33762600" lon="132.52620900">
   </rtept>
   <rtept lat="33.33775700" lon="132.52616600">
   </rtept>
   <rtept lat="33.33787000" lon="132.52607300">
   </rtept>
   <rtept lat="33.33791200" lon="132.52600900">
   </rtept>
   <rtept lat="33.33800700" lon="132.52561000">
   </rtept>
   <rtept lat="33.33808500" lon="132.52533200">
   </rtept>
   <rtept lat="33.33817700" lon="132.52504100">
   </rtept>
   <rtept lat="33.33819000" lon="132.52492500">
   </rtept>
   <rtept lat="33.33817500" lon="132.52484200">
   </rtept>
   <rtept lat="33.33812300" lon="132.52475800">
   </rtept>
   <rtept lat="33.33806300" lon="132.52472300">
   </rtept>
   <rtept lat="33.33799600" lon="132.52471400">
   </rtept>
   <rtept lat="33.33786700" lon="132.52471700">
   </rtept>
   <rtept lat="33.33774300" lon="132.52471400">
   </rtept>
   <rtept lat="33.33766600" lon="132.52467200">
   </rtept>
   <rtept lat="33.33761900" lon="132.52462200">
   </rtept>
   <rtept lat="33.33758600" lon="132.52455000">
   </rtept>
   <rtept lat="33.33760100" lon="132.52444600">
   </rtept>
   <rtept lat="33.33765800" lon="132.52414000">
   </rtept>
   <rtept lat="33.33771100" lon="132.52387000">
   </rtept>
   <rtept lat="33.33772500" lon="132.52374500">
   </rtept>
   <rtept lat="33.33769600" lon="132.52361500">
   </rtept>
   <rtept lat="33.33764100" lon="132.52346300">
   </rtept>
   <rtept lat="33.33760600" lon="132.52338600">
   </rtept>
   <rtept lat="33.33756400" lon="132.52332300">
   </rtept>
   <rtept lat="33.33754200" lon="132.52324000">
   </rtept>
   <rtept lat="33.33753700" lon="132.52315700">
   </rtept>
   <rtept lat="33.33755900" lon="132.52303800">
   </rtept>
   <rtept lat="33.33760100" lon="132.52297600">
   </rtept>
   <rtept lat="33.33770800" lon="132.52289900">
   </rtept>
   <rtept lat="33.33802300" lon="132.52273200">
   </rtept>
   <rtept lat="33.33816700" lon="132.52264600">
   </rtept>
   <rtept lat="33.33824200" lon="132.52256600">
   </rtept>
   <rtept lat="33.33829900" lon="132.52248000">
   </rtept>
   <rtept lat="33.33831400" lon="132.52239900">
   </rtept>
   <rtept lat="33.33832100" lon="132.52229500">
   </rtept>
   <rtept lat="33.33828900" lon="132.52222700">
   </rtept>
   <rtept lat="33.33827600" lon="132.52219100">
   </rtept>
   <rtept lat="33.33818000" lon="132.52210800">
   </rtept>
   <rtept lat="33.33803300" lon="132.52205700">
   </rtept>
   <rtept lat="33.33769600" lon="132.52198300">
   </rtept>
   <rtept lat="33.33740300" lon="132.52189700">
   </rtept>
   <rtept lat="33.33720200" lon="132.52176900">
   </rtept>
   <rtept lat="33.33703100" lon="132.52162900">
   </rtept>
   <rtept lat="33.33692200" lon="132.52153700">
   </rtept>
   <rtept lat="33.33685000" lon="132.52146600">
   </rtept>
   <rtept lat="33.33680500" lon="132.52138300">
   </rtept>
   <rtept lat="33.33678300" lon="132.52129400">
   </rtept>
   <rtept lat="33.33679000" lon="132.52119300">
   </rtept>
   <rtept lat="33.33680500" lon="132.52107400">
   </rtept>
   <rtept lat="33.33688000" lon="132.52074400">
   </rtept>
   <rtept lat="33.33691400" lon="132.52053000">
   </rtept>
   <rtept lat="33.33692700" lon="132.52038100">
   </rtept>
   <rtept lat="33.33692900" lon="132.52021500">
   </rtept>
   <rtept lat="33.33686500" lon="132.51991800">
   </rtept>
   <rtept lat="33.33680800" lon="132.51965700">
   </rtept>
   <rtept lat="33.33678800" lon="132.51931500">
   </rtept>
   <rtept lat="33.33675800" lon="132.51913400">
   </rtept>
   <rtept lat="33.33667300" lon="132.51890700">
   </rtept>
   <rtept lat="33.33653400" lon="132.51847000">
   </rtept>
   <rtept lat="33.33636100" lon="132.51815200">
   </rtept>
   <rtept lat="33.33620900" lon="132.51796200">
   </rtept>
   <rtept lat="33.33612500" lon="132.51781600">
   </rtept>
   <rtept lat="33.33608500" lon="132.51762900">
   </rtept>
   <rtept lat="33.33608300" lon="132.51732600">
   </rtept>
   <rtept lat="33.33604500" lon="132.51705900">
   </rtept>
   <rtept lat="33.33600800" lon="132.51686000">
   </rtept>
   <rtept lat="33.33592100" lon="132.51673500">
   </rtept>
   <rtept lat="33.33579300" lon="132.51653600">
   </rtept>
   <rtept lat="33.33571400" lon="132.51519300">
   </rtept>
   <rtept lat="33.33431700" lon="132.51516700">
   </rtept>
   <rtept lat="33.33387200" lon="132.51496700">
   </rtept>
   <rtept lat="33.33346700" lon="132.51453900">
   </rtept>
   <rtept lat="33.33329300" lon="132.51418800">
   </rtept>
   <rtept lat="33.33327700" lon="132.51341700">
   </rtept>
   <rtept lat="33.33333200" lon="132.51290400">
   </rtept>
   <rtept lat="33.33340400" lon="132.51229600">
   </rtept>
   <rtept lat="33.33340400" lon="132.51149700">
   </rtept>
   <rtept lat="33.33330000" lon="132.51121200">
   </rtept>
   <rtept lat="33.33301500" lon="132.51104000">
   </rtept>
   <rtept lat="33.33293200" lon="132.51095900">
   </rtept>
   <rtept lat="33.33291200" lon="132.51085400">
   </rtept>
   <rtept lat="33.33292400" lon="132.51073100">
   </rtept>
   <rtept lat="33.33293600" lon="132.51058300">
   </rtept>
   <rtept lat="33.33293600" lon="132.51048400">
   </rtept>
   <rtept lat="33.33290000" lon="132.51039300">
   </rtept>
   <rtept lat="33.33280500" lon="132.51031700">
   </rtept>
   <rtept lat="33.33274500" lon="132.51028900">
   </rtept>
   <rtept lat="33.33273300" lon="132.51018900">
   </rtept>
   <rtept lat="33.33278500" lon="132.51011800">
   </rtept>
   <rtept lat="33.33286800" lon="132.51000300">
   </rtept>
   <rtept lat="33.33309100" lon="132.50979900">
   </rtept>
   <rtept lat="33.33325400" lon="132.50957100">
   </rtept>
   <rtept lat="33.33329300" lon="132.50948500">
   </rtept>
   <rtept lat="33.33332900" lon="132.50934300">
   </rtept>
   <rtept lat="33.33334500" lon="132.50916200">
   </rtept>
   <rtept lat="33.33335300" lon="132.50899100">
   </rtept>
   <rtept lat="33.33334100" lon="132.50888600">
   </rtept>
   <rtept lat="33.33328100" lon="132.50877700">
   </rtept>
   <rtept lat="33.33322200" lon="132.50874400">
   </rtept>
   <rtept lat="33.33301500" lon="132.50875800">
   </rtept>
   <rtept lat="33.33284500" lon="132.50878700">
   </rtept>
   <rtept lat="33.33271700" lon="132.50874400">
   </rtept>
   <rtept lat="33.33248700" lon="132.50862500">
   </rtept>
   <rtept lat="33.33224500" lon="132.50846300">
   </rtept>
   <rtept lat="33.33213600" lon="132.50839500">
   </rtept>
   <rtept lat="33.33195700" lon="132.50834300">
   </rtept>
   <rtept lat="33.33160000" lon="132.50835300">
   </rtept>
   <rtept lat="33.33137300" lon="132.50832400">
   </rtept>
   <rtept lat="33.33114300" lon="132.50825800">
   </rtept>
   <rtept lat="33.33087300" lon="132.50826700">
   </rtept>
   <rtept lat="33.33051200" lon="132.50828600">
   </rtept>
   <rtept lat="33.33027300" lon="132.50828600">
   </rtept>
   <rtept lat="33.33017800" lon="132.50831500">
   </rtept>
   <rtept lat="33.33007900" lon="132.50838600">
   </rtept>
   <rtept lat="33.33001900" lon="132.50850500">
   </rtept>
   <rtept lat="33.32999500" lon="132.50868500">
   </rtept>
   <rtept lat="33.32996700" lon="132.50882800">
   </rtept>
   <rtept lat="33.32992000" lon="132.50890900">
   </rtept>
   <rtept lat="33.32985100" lon="132.50893300">
   </rtept>
   <rtept lat="33.32975100" lon="132.50892300">
   </rtept>
   <rtept lat="33.32968400" lon="132.50885200">
   </rtept>
   <rtept lat="33.32952900" lon="132.50873800">
   </rtept>
   <rtept lat="33.32937400" lon="132.50866200">
   </rtept>
   <rtept lat="33.32922700" lon="132.50861900">
   </rtept>
   <rtept lat="33.32909600" lon="132.50861400">
   </rtept>
   <rtept lat="33.32906000" lon="132.50854800">
   </rtept>
   <rtept lat="33.32908400" lon="132.50836700">
   </rtept>
   <rtept lat="33.32914000" lon="132.50815300">
   </rtept>
   <rtept lat="33.32920700" lon="132.50792000">
   </rtept>
   <rtept lat="33.32923900" lon="132.50775400">
   </rtept>
   <rtept lat="33.32923100" lon="132.50762100">
   </rtept>
   <rtept lat="33.32918700" lon="132.50739200">
   </rtept>
   <rtept lat="33.32915200" lon="132.50720700">
   </rtept>
   <rtept lat="33.32914800" lon="132.50708800">
   </rtept>
 </rte>
 <rte>
  <name>SHIKOKU_EHM_05(宇和文化の里とへんろみち)</name>
   <rtept lat="33.32434200" lon="132.56537300">
   </rtept>
   <rtept lat="33.32851600" lon="132.56362200">
   </rtept>
   <rtept lat="33.32883400" lon="132.56333200">
   </rtept>
   <rtept lat="33.32872300" lon="132.56289400">
   </rtept>
   <rtept lat="33.32937400" lon="132.56272300">
   </rtept>
   <rtept lat="33.32999300" lon="132.56219100">
   </rtept>
   <rtept lat="33.33069200" lon="132.56152500">
   </rtept>
   <rtept lat="33.33099400" lon="132.56133500">
   </rtept>
   <rtept lat="33.33155000" lon="132.56129700">
   </rtept>
   <rtept lat="33.33170900" lon="132.56124000">
   </rtept>
   <rtept lat="33.33190000" lon="132.56131600">
   </rtept>
   <rtept lat="33.33215400" lon="132.56125900">
   </rtept>
   <rtept lat="33.33282100" lon="132.56065100">
   </rtept>
   <rtept lat="33.33320300" lon="132.56047900">
   </rtept>
   <rtept lat="33.33369500" lon="132.56044100">
   </rtept>
   <rtept lat="33.33423500" lon="132.56038400">
   </rtept>
   <rtept lat="33.33445800" lon="132.56032700">
   </rtept>
   <rtept lat="33.33485500" lon="132.55983300">
   </rtept>
   <rtept lat="33.33553800" lon="132.55937700">
   </rtept>
   <rtept lat="33.33619500" lon="132.55890100">
   </rtept>
   <rtept lat="33.33654500" lon="132.55861600">
   </rtept>
   <rtept lat="33.33682300" lon="132.55847300">
   </rtept>
   <rtept lat="33.33717200" lon="132.55843500">
   </rtept>
   <rtept lat="33.33741900" lon="132.55837800">
   </rtept>
   <rtept lat="33.33758500" lon="132.55826400">
   </rtept>
   <rtept lat="33.33760900" lon="132.55809300">
   </rtept>
   <rtept lat="33.33754600" lon="132.55801700">
   </rtept>
   <rtept lat="33.33721200" lon="132.55800800">
   </rtept>
   <rtept lat="33.33679100" lon="132.55810300">
   </rtept>
   <rtept lat="33.33660100" lon="132.55827400">
   </rtept>
   <rtept lat="33.33644200" lon="132.55832100">
   </rtept>
   <rtept lat="33.33625900" lon="132.55828300">
   </rtept>
   <rtept lat="33.33617200" lon="132.55815000">
   </rtept>
   <rtept lat="33.33614800" lon="132.55795000">
   </rtept>
   <rtept lat="33.33622700" lon="132.55779800">
   </rtept>
   <rtept lat="33.33655300" lon="132.55772200">
   </rtept>
   <rtept lat="33.33704500" lon="132.55737100">
   </rtept>
   <rtept lat="33.33749000" lon="132.55735200">
   </rtept>
   <rtept lat="33.33771300" lon="132.55733300">
   </rtept>
   <rtept lat="33.33917400" lon="132.55808400">
   </rtept>
   <rtept lat="33.33930500" lon="132.55769500">
   </rtept>
   <rtept lat="33.33952400" lon="132.55717200">
   </rtept>
   <rtept lat="33.34006000" lon="132.55632800">
   </rtept>
   <rtept lat="33.34065600" lon="132.55542500">
   </rtept>
   <rtept lat="33.34117200" lon="132.55477100">
   </rtept>
   <rtept lat="33.34128100" lon="132.55454600">
   </rtept>
   <rtept lat="33.34140000" lon="132.55416500">
   </rtept>
   <rtept lat="33.34175800" lon="132.55298900">
   </rtept>
   <rtept lat="33.34235300" lon="132.55168200">
   </rtept>
   <rtept lat="33.34256200" lon="132.55107500">
   </rtept>
   <rtept lat="33.34261100" lon="132.55073100">
   </rtept>
   <rtept lat="33.34273100" lon="132.54983900">
   </rtept>
   <rtept lat="33.34328700" lon="132.54768800">
   </rtept>
   <rtept lat="33.34347500" lon="132.54654800">
   </rtept>
   <rtept lat="33.34371300" lon="132.54566800">
   </rtept>
   <rtept lat="33.34379300" lon="132.54501500">
   </rtept>
   <rtept lat="33.34386200" lon="132.54443200">
   </rtept>
   <rtept lat="33.34406100" lon="132.54370700">
   </rtept>
   <rtept lat="33.34412000" lon="132.54293500">
   </rtept>
   <rtept lat="33.34423000" lon="132.54199600">
   </rtept>
   <rtept lat="33.34435900" lon="132.54147300">
   </rtept>
   <rtept lat="33.34510300" lon="132.53944100">
   </rtept>
   <rtept lat="33.34543100" lon="132.53858500">
   </rtept>
   <rtept lat="33.34631200" lon="132.53730700">
   </rtept>
   <rtept lat="33.34695800" lon="132.53649900">
   </rtept>
   <rtept lat="33.34712700" lon="132.53626100">
   </rtept>
   <rtept lat="33.34740400" lon="132.53578500">
   </rtept>
   <rtept lat="33.34791100" lon="132.53542900">
   </rtept>
   <rtept lat="33.34859600" lon="132.53516800">
   </rtept>
   <rtept lat="33.34907200" lon="132.53478700">
   </rtept>
   <rtept lat="33.34968800" lon="132.53444300">
   </rtept>
   <rtept lat="33.35011500" lon="132.53427600">
   </rtept>
   <rtept lat="33.35048200" lon="132.53426400">
   </rtept>
   <rtept lat="33.35066100" lon="132.53421700">
   </rtept>
   <rtept lat="33.35095800" lon="132.53378900">
   </rtept>
   <rtept lat="33.35147300" lon="132.53364600">
   </rtept>
   <rtept lat="33.35268400" lon="132.53364600">
   </rtept>
   <rtept lat="33.35330900" lon="132.53344400">
   </rtept>
   <rtept lat="33.35380500" lon="132.53287400">
   </rtept>
   <rtept lat="33.35414300" lon="132.53204200">
   </rtept>
   <rtept lat="33.35459000" lon="132.53027800">
   </rtept>
   <rtept lat="33.35481800" lon="132.52995800">
   </rtept>
   <rtept lat="33.35522500" lon="132.52930400">
   </rtept>
   <rtept lat="33.35632700" lon="132.52841300">
   </rtept>
   <rtept lat="33.35776600" lon="132.52754500">
   </rtept>
   <rtept lat="33.35865900" lon="132.52712900">
   </rtept>
   <rtept lat="33.35892700" lon="132.52672500">
   </rtept>
   <rtept lat="33.35898700" lon="132.52649900">
   </rtept>
   <rtept lat="33.35902700" lon="132.52596500">
   </rtept>
   <rtept lat="33.35905600" lon="132.52529900">
   </rtept>
   <rtept lat="33.35906600" lon="132.52483600">
   </rtept>
   <rtept lat="33.35915600" lon="132.52422900">
   </rtept>
   <rtept lat="33.35925500" lon="132.52375400">
   </rtept>
   <rtept lat="33.35928500" lon="132.52313600">
   </rtept>
   <rtept lat="33.35964800" lon="132.52222800">
   </rtept>
   <rtept lat="33.35980700" lon="132.52180000">
   </rtept>
   <rtept lat="33.36022400" lon="132.52095700">
   </rtept>
   <rtept lat="33.36053100" lon="132.52026700">
   </rtept>
   <rtept lat="33.36094800" lon="132.52055300">
   </rtept>
   <rtept lat="33.36168300" lon="132.52077800">
   </rtept>
   <rtept lat="33.36244700" lon="132.52126600">
   </rtept>
   <rtept lat="33.36305300" lon="132.52167000">
   </rtept>
   <rtept lat="33.36331100" lon="132.52184800">
   </rtept>
   <rtept lat="33.36376700" lon="132.52138400">
   </rtept>
   <rtept lat="33.36460100" lon="132.52174100">
   </rtept>
   <rtept lat="33.36546200" lon="132.52227600">
   </rtept>
   <rtept lat="33.36572000" lon="132.52238300">
   </rtept>
   <rtept lat="33.36629600" lon="132.52246600">
   </rtept>
   <rtept lat="33.36674300" lon="132.52244200">
   </rtept>
   <rtept lat="33.36706000" lon="132.52260900">
   </rtept>
   <rtept lat="33.36790400" lon="132.52298900">
   </rtept>
   <rtept lat="33.36812200" lon="132.52249000">
   </rtept>
   <rtept lat="33.36817200" lon="132.52226400">
   </rtept>
   <rtept lat="33.36825100" lon="132.52161000">
   </rtept>
   <rtept lat="33.36845000" lon="132.52048100">
   </rtept>
   <rtept lat="33.36848000" lon="132.52023200">
   </rtept>
   <rtept lat="33.36849900" lon="132.51976800">
   </rtept>
   <rtept lat="33.36857900" lon="132.51949500">
   </rtept>
   <rtept lat="33.36868800" lon="132.51924500">
   </rtept>
   <rtept lat="33.36864800" lon="132.51902000">
   </rtept>
   <rtept lat="33.36848000" lon="132.51878200">
   </rtept>
   <rtept lat="33.36836100" lon="132.51867500">
   </rtept>
   <rtept lat="33.36850900" lon="132.51846100">
   </rtept>
   <rtept lat="33.36848000" lon="132.51831800">
   </rtept>
   <rtept lat="33.36820200" lon="132.51823500">
   </rtept>
   <rtept lat="33.36797300" lon="132.51812800">
   </rtept>
   <rtept lat="33.36800300" lon="132.51799800">
   </rtept>
   <rtept lat="33.36824100" lon="132.51786700">
   </rtept>
   <rtept lat="33.36823000" lon="132.51780300">
   </rtept>
   <rtept lat="33.36827700" lon="132.51767400">
   </rtept>
   <rtept lat="33.36837200" lon="132.51767400">
   </rtept>
   <rtept lat="33.36841400" lon="132.51756700">
   </rtept>
   <rtept lat="33.36842000" lon="132.51738900">
   </rtept>
   <rtept lat="33.36830700" lon="132.51733200">
   </rtept>
   <rtept lat="33.36829500" lon="132.51726800">
   </rtept>
   <rtept lat="33.36839600" lon="132.51711100">
   </rtept>
   <rtept lat="33.36842600" lon="132.51702500">
   </rtept>
   <rtept lat="33.36846200" lon="132.51686100">
   </rtept>
   <rtept lat="33.36839600" lon="132.51665500">
   </rtept>
   <rtept lat="33.36824100" lon="132.51659000">
   </rtept>
   <rtept lat="33.36798500" lon="132.51656900">
   </rtept>
   <rtept lat="33.36780100" lon="132.51656900">
   </rtept>
   <rtept lat="33.36768800" lon="132.51661200">
   </rtept>
   <rtept lat="33.36770500" lon="132.51681900">
   </rtept>
   <rtept lat="33.36783600" lon="132.51694000">
   </rtept>
   <rtept lat="33.36783100" lon="132.51720400">
   </rtept>
   <rtept lat="33.36780100" lon="132.51750300">
   </rtept>
   <rtept lat="33.36771700" lon="132.51753900">
   </rtept>
   <rtept lat="33.36758000" lon="132.51741000">
   </rtept>
   <rtept lat="33.36747900" lon="132.51733200">
   </rtept>
   <rtept lat="33.36739600" lon="132.51731100">
   </rtept>
   <rtept lat="33.36725300" lon="132.51743900">
   </rtept>
   <rtept lat="33.36712800" lon="132.51750300">
   </rtept>
   <rtept lat="33.36690200" lon="132.51748900">
   </rtept>
   <rtept lat="33.36651400" lon="132.51740300">
   </rtept>
   <rtept lat="33.36629200" lon="132.51732500">
   </rtept>
   <rtept lat="33.36610100" lon="132.51723900">
   </rtept>
   <rtept lat="33.36598200" lon="132.51724600">
   </rtept>
   <rtept lat="33.36590500" lon="132.51721100">
   </rtept>
   <rtept lat="33.36582100" lon="132.51712500">
   </rtept>
   <rtept lat="33.36576800" lon="132.51706100">
   </rtept>
   <rtept lat="33.36561300" lon="132.51686100">
   </rtept>
   <rtept lat="33.36497600" lon="132.51641200">
   </rtept>
   <rtept lat="33.36433300" lon="132.51606300">
   </rtept>
   <rtept lat="33.36357000" lon="132.51551400">
   </rtept>
   <rtept lat="33.36339200" lon="132.51534300">
   </rtept>
   <rtept lat="33.36296300" lon="132.51498600">
   </rtept>
   <rtept lat="33.36348700" lon="132.51402400">
   </rtept>
   <rtept lat="33.36377300" lon="132.51346000">
   </rtept>
   <rtept lat="33.36392200" lon="132.51318900">
   </rtept>
   <rtept lat="33.36389200" lon="132.51313400">
   </rtept>
   <rtept lat="33.36402300" lon="132.51267700">
   </rtept>
   <rtept lat="33.36417800" lon="132.51229200">
   </rtept>
   <rtept lat="33.36437400" lon="132.51202100">
   </rtept>
   <rtept lat="33.36447500" lon="132.51195000">
   </rtept>
   <rtept lat="33.36458300" lon="132.51188600">
   </rtept>
   <rtept lat="33.36479700" lon="132.51167200">
   </rtept>
   <rtept lat="33.36507100" lon="132.51123700">
   </rtept>
   <rtept lat="33.36534500" lon="132.51070900">
   </rtept>
   <rtept lat="33.36543400" lon="132.51051700">
   </rtept>
   <rtept lat="33.36611300" lon="132.50998200">
   </rtept>
   <rtept lat="33.36668500" lon="132.50919800">
   </rtept>
   <rtept lat="33.36694300" lon="132.50894800">
   </rtept>
   <rtept lat="33.36707400" lon="132.50890500">
   </rtept>
   <rtept lat="33.36747300" lon="132.50883400">
   </rtept>
   <rtept lat="33.36764000" lon="132.50878400">
   </rtept>
   <rtept lat="33.36800900" lon="132.50855600">
   </rtept>
   <rtept lat="33.36842600" lon="132.50840600">
   </rtept>
   <rtept lat="33.36876500" lon="132.50828500">
   </rtept>
   <rtept lat="33.36929000" lon="132.50830600">
   </rtept>
   <rtept lat="33.36977800" lon="132.50834900">
   </rtept>
   <rtept lat="33.37020500" lon="132.50828500">
   </rtept>
   <rtept lat="33.37086600" lon="132.50815000">
   </rtept>
   <rtept lat="33.37140200" lon="132.50806400">
   </rtept>
   <rtept lat="33.37210500" lon="132.50777200">
   </rtept>
   <rtept lat="33.37250400" lon="132.50757200">
   </rtept>
   <rtept lat="33.37283700" lon="132.50722300">
   </rtept>
   <rtept lat="33.37326000" lon="132.50673800">
   </rtept>
   <rtept lat="33.37349700" lon="132.50644400">
   </rtept>
   <rtept lat="33.37398500" lon="132.50593100">
   </rtept>
   <rtept lat="33.37446200" lon="132.50548100">
   </rtept>
   <rtept lat="33.37461700" lon="132.50533900">
   </rtept>
   <rtept lat="33.37518200" lon="132.50525300">
   </rtept>
   <rtept lat="33.37593800" lon="132.50515300">
   </rtept>
   <rtept lat="33.37614700" lon="132.50504600">
   </rtept>
   <rtept lat="33.37661100" lon="132.50464000">
   </rtept>
   <rtept lat="33.37683200" lon="132.50445500">
   </rtept>
   <rtept lat="33.37712200" lon="132.50406900">
   </rtept>
   <rtept lat="33.37724100" lon="132.50361300">
   </rtept>
   <rtept lat="33.37742000" lon="132.50293600">
   </rtept>
   <rtept lat="33.37893800" lon="132.50243700">
   </rtept>
   <rtept lat="33.37992300" lon="132.50208300">
   </rtept>
   <rtept lat="33.38038600" lon="132.50194900">
   </rtept>
 </rte>
 <rte>
  <name>SHIKOKU_EHM_06(宇和盆地四季のみち)</name>
   <rtept lat="33.38038600" lon="132.50194900">
   </rtept>
   <rtept lat="33.38224800" lon="132.50206300">
   </rtept>
   <rtept lat="33.38394400" lon="132.50215800">
   </rtept>
   <rtept lat="33.38596700" lon="132.50227700">
   </rtept>
   <rtept lat="33.38701100" lon="132.50238600">
   </rtept>
   <rtept lat="33.38811500" lon="132.50251000">
   </rtept>
   <rtept lat="33.38945700" lon="132.50265300">
   </rtept>
   <rtept lat="33.39063900" lon="132.50275700">
   </rtept>
   <rtept lat="33.39163900" lon="132.50286600">
   </rtept>
   <rtept lat="33.39252600" lon="132.50334700">
   </rtept>
   <rtept lat="33.39254500" lon="132.50315600">
   </rtept>
   <rtept lat="33.39372400" lon="132.50356000">
   </rtept>
   <rtept lat="33.39535400" lon="132.50411700">
   </rtept>
   <rtept lat="33.39506500" lon="132.50531500">
   </rtept>
   <rtept lat="33.39489000" lon="132.50604300">
   </rtept>
   <rtept lat="33.39552500" lon="132.50641400">
   </rtept>
   <rtept lat="33.39610400" lon="132.50681300">
   </rtept>
   <rtept lat="33.39698500" lon="132.50754500">
   </rtept>
   <rtept lat="33.39747700" lon="132.50798300">
   </rtept>
   <rtept lat="33.39768700" lon="132.50806800">
   </rtept>
   <rtept lat="33.39810000" lon="132.50797300">
   </rtept>
   <rtept lat="33.39834600" lon="132.50791600">
   </rtept>
   <rtept lat="33.39874300" lon="132.50796400">
   </rtept>
   <rtept lat="33.39934600" lon="132.50797300">
   </rtept>
   <rtept lat="33.40029000" lon="132.50798300">
   </rtept>
   <rtept lat="33.40060800" lon="132.50807800">
   </rtept>
   <rtept lat="33.40136200" lon="132.50819200">
   </rtept>
   <rtept lat="33.40239500" lon="132.50838200">
   </rtept>
   <rtept lat="33.40252500" lon="132.50784800">
   </rtept>
   <rtept lat="33.40307000" lon="132.50797300">
   </rtept>
   <rtept lat="33.40505100" lon="132.50855300">
   </rtept>
   <rtept lat="33.40751100" lon="132.50930400">
   </rtept>
   <rtept lat="33.40747100" lon="132.51012200">
   </rtept>
   <rtept lat="33.40782900" lon="132.51023600">
   </rtept>
   <rtept lat="33.40818600" lon="132.51032100">
   </rtept>
   <rtept lat="33.40831300" lon="132.51030200">
   </rtept>
   <rtept lat="33.40846300" lon="132.51045500">
   </rtept>
   <rtept lat="33.40893200" lon="132.51064500">
   </rtept>
   <rtept lat="33.40936700" lon="132.51083800">
   </rtept>
   <rtept lat="33.41030900" lon="132.51070700">
   </rtept>
   <rtept lat="33.41130100" lon="132.51104000">
   </rtept>
   <rtept lat="33.41219400" lon="132.51153900">
   </rtept>
   <rtept lat="33.41276900" lon="132.51186000">
   </rtept>
   <rtept lat="33.41358300" lon="132.51205000">
   </rtept>
   <rtept lat="33.41446300" lon="132.51216100">
   </rtept>
   <rtept lat="33.41517800" lon="132.51217500">
   </rtept>
   <rtept lat="33.41567700" lon="132.51207500">
   </rtept>
   <rtept lat="33.41608200" lon="132.51194700">
   </rtept>
   <rtept lat="33.41632000" lon="132.51190400">
   </rtept>
   <rtept lat="33.41657000" lon="132.51193300">
   </rtept>
   <rtept lat="33.41764200" lon="132.51230300">
   </rtept>
   <rtept lat="33.41935600" lon="132.51230300">
   </rtept>
   <rtept lat="33.42059300" lon="132.51234600">
   </rtept>
   <rtept lat="33.42155500" lon="132.51234600">
   </rtept>
   <rtept lat="33.42350700" lon="132.51160500">
   </rtept>
   <rtept lat="33.42388800" lon="132.51147600">
   </rtept>
   <rtept lat="33.42565000" lon="132.51197500">
   </rtept>
   <rtept lat="33.42642300" lon="132.51224600">
   </rtept>
   <rtept lat="33.42739900" lon="132.51264600">
   </rtept>
   <rtept lat="33.42984500" lon="132.51442300">
   </rtept>
   <rtept lat="33.43036100" lon="132.51478000">
   </rtept>
   <rtept lat="33.43143900" lon="132.51564000">
   </rtept>
   <rtept lat="33.43243900" lon="132.51633900">
   </rtept>
   <rtept lat="33.43323600" lon="132.51632500">
   </rtept>
   <rtept lat="33.43349800" lon="132.51639600">
   </rtept>
   <rtept lat="33.43408100" lon="132.51663900">
   </rtept>
   <rtept lat="33.43485500" lon="132.51681000">
   </rtept>
   <rtept lat="33.43516400" lon="132.51682400">
   </rtept>
   <rtept lat="33.43579500" lon="132.51733700">
   </rtept>
   <rtept lat="33.43611600" lon="132.51748000">
   </rtept>
   <rtept lat="33.43727100" lon="132.51785100">
   </rtept>
   <rtept lat="33.43854000" lon="132.51823900">
   </rtept>
   <rtept lat="33.43912700" lon="132.51827700">
   </rtept>
   <rtept lat="33.44000000" lon="132.51864800">
   </rtept>
   <rtept lat="33.44006400" lon="132.51851500">
   </rtept>
   <rtept lat="33.44015100" lon="132.51849600">
   </rtept>
   <rtept lat="33.44027800" lon="132.51849600">
   </rtept>
   <rtept lat="33.44081700" lon="132.51872400">
   </rtept>
   <rtept lat="33.44097600" lon="132.51881900">
   </rtept>
   <rtept lat="33.44139600" lon="132.51921900">
   </rtept>
   <rtept lat="33.44166600" lon="132.51943700">
   </rtept>
   <rtept lat="33.44184100" lon="132.51983600">
   </rtept>
   <rtept lat="33.44204700" lon="132.52004600">
   </rtept>
   <rtept lat="33.44212600" lon="132.52029300">
   </rtept>
   <rtept lat="33.44217400" lon="132.52041600">
   </rtept>
   <rtept lat="33.44244400" lon="132.52059700">
   </rtept>
   <rtept lat="33.44255500" lon="132.52064500">
   </rtept>
   <rtept lat="33.44289600" lon="132.52070200">
   </rtept>
   <rtept lat="33.44321400" lon="132.52048100">
   </rtept>
   <rtept lat="33.44340500" lon="132.52067500">
   </rtept>
   <rtept lat="33.44350400" lon="132.52087700">
   </rtept>
   <rtept lat="33.44368200" lon="132.52104400">
   </rtept>
   <rtept lat="33.44394000" lon="132.52122800">
   </rtept>
   <rtept lat="33.44406400" lon="132.52124000">
   </rtept>
   <rtept lat="33.44427200" lon="132.52113900">
   </rtept>
   <rtept lat="33.44457000" lon="132.52104400">
   </rtept>
   <rtept lat="33.44468900" lon="132.52099600">
   </rtept>
   <rtept lat="33.44518800" lon="132.52069700">
   </rtept>
   <rtept lat="33.44577100" lon="132.52051100">
   </rtept>
   <rtept lat="33.44630600" lon="132.52056800">
   </rtept>
   <rtept lat="33.44684200" lon="132.52055400">
   </rtept>
   <rtept lat="33.44730600" lon="132.52046800">
   </rtept>
   <rtept lat="33.44774600" lon="132.52049700">
   </rtept>
   <rtept lat="33.44807900" lon="132.52072500">
   </rtept>
   <rtept lat="33.44835300" lon="132.52088200">
   </rtept>
   <rtept lat="33.44868600" lon="132.52092500">
   </rtept>
   <rtept lat="33.44893600" lon="132.52076800">
   </rtept>
   <rtept lat="33.44917400" lon="132.52075400">
   </rtept>
   <rtept lat="33.44935200" lon="132.52095300">
   </rtept>
   <rtept lat="33.44936400" lon="132.52149500">
   </rtept>
   <rtept lat="33.44926300" lon="132.52186700">
   </rtept>
   <rtept lat="33.44936400" lon="132.52218800">
   </rtept>
   <rtept lat="33.44940000" lon="132.52255900">
   </rtept>
   <rtept lat="33.44948900" lon="132.52281600">
   </rtept>
   <rtept lat="33.44970300" lon="132.52294400">
   </rtept>
   <rtept lat="33.44987600" lon="132.52310100">
   </rtept>
   <rtept lat="33.44994700" lon="132.52325800">
   </rtept>
   <rtept lat="33.44982800" lon="132.52350700">
   </rtept>
   <rtept lat="33.44979900" lon="132.52372100">
   </rtept>
   <rtept lat="33.44979900" lon="132.52400700">
   </rtept>
   <rtept lat="33.44998900" lon="132.52424200">
   </rtept>
   <rtept lat="33.45021500" lon="132.52427000">
   </rtept>
   <rtept lat="33.45048300" lon="132.52425600">
   </rtept>
   <rtept lat="33.45072700" lon="132.52476900">
   </rtept>
   <rtept lat="33.45101800" lon="132.52534000">
   </rtept>
   <rtept lat="33.45108400" lon="132.52569600">
   </rtept>
   <rtept lat="33.45110200" lon="132.52635200">
   </rtept>
   <rtept lat="33.45120800" lon="132.52713400">
   </rtept>
   <rtept lat="33.45119600" lon="132.52740500">
   </rtept>
   <rtept lat="33.45142200" lon="132.52751200">
   </rtept>
   <rtept lat="33.45175000" lon="132.52778300">
   </rtept>
   <rtept lat="33.45201100" lon="132.52819700">
   </rtept>
   <rtept lat="33.45222000" lon="132.52855300">
   </rtept>
   <rtept lat="33.45232100" lon="132.52879600">
   </rtept>
   <rtept lat="33.45263600" lon="132.52903100">
   </rtept>
   <rtept lat="33.45293900" lon="132.52923800">
   </rtept>
   <rtept lat="33.45302900" lon="132.52932300">
   </rtept>
   <rtept lat="33.45273700" lon="132.52936600">
   </rtept>
   <rtept lat="33.45250500" lon="132.52957300">
   </rtept>
   <rtept lat="33.45226100" lon="132.53008600">
   </rtept>
   <rtept lat="33.45200500" lon="132.53081400">
   </rtept>
   <rtept lat="33.45186300" lon="132.53114200">
   </rtept>
   <rtept lat="33.45191600" lon="132.53129100">
   </rtept>
   <rtept lat="33.45191700" lon="132.53135500">
   </rtept>
   <rtept lat="33.45184900" lon="132.53140300">
   </rtept>
   <rtept lat="33.45174200" lon="132.53143100">
   </rtept>
   <rtept lat="33.45169000" lon="132.53153600">
   </rtept>
   <rtept lat="33.45163900" lon="132.53166900">
   </rtept>
   <rtept lat="33.45167100" lon="132.53184000">
   </rtept>
   <rtept lat="33.45182900" lon="132.53233900">
   </rtept>
   <rtept lat="33.45202800" lon="132.53252100">
   </rtept>
   <rtept lat="33.45226200" lon="132.53279700">
   </rtept>
   <rtept lat="33.45244400" lon="132.53303900">
   </rtept>
   <rtept lat="33.45258700" lon="132.53327200">
   </rtept>
   <rtept lat="33.45278900" lon="132.53341500">
   </rtept>
   <rtept lat="33.45288400" lon="132.53350500">
   </rtept>
   <rtept lat="33.45296400" lon="132.53360500">
   </rtept>
   <rtept lat="33.45302300" lon="132.53364800">
   </rtept>
   <rtept lat="33.45309500" lon="132.53363800">
   </rtept>
   <rtept lat="33.45320200" lon="132.53354800">
   </rtept>
   <rtept lat="33.45334400" lon="132.53347200">
   </rtept>
   <rtept lat="33.45343600" lon="132.53346200">
   </rtept>
   <rtept lat="33.45354700" lon="132.53341500">
   </rtept>
   <rtept lat="33.45354300" lon="132.53328200">
   </rtept>
   <rtept lat="33.45322900" lon="132.53294400">
   </rtept>
   <rtept lat="33.45313400" lon="132.53277300">
   </rtept>
   <rtept lat="33.45312200" lon="132.53260200">
   </rtept>
   <rtept lat="33.45312200" lon="132.53252900">
   </rtept>
 </rte>
 <rte>
  <name>SHIKOKU_EHM_07(肱川沿いのみち)</name>
   <rtept lat="33.49505200" lon="132.54624400">
   </rtept>
   <rtept lat="33.49514100" lon="132.54644600">
   </rtept>
   <rtept lat="33.49539900" lon="132.54676700">
   </rtept>
   <rtept lat="33.49571600" lon="132.54693300">
   </rtept>
   <rtept lat="33.49609200" lon="132.54794300">
   </rtept>
   <rtept lat="33.49604300" lon="132.54822800">
   </rtept>
   <rtept lat="33.49654800" lon="132.54835900">
   </rtept>
   <rtept lat="33.49684600" lon="132.54843000">
   </rtept>
   <rtept lat="33.49724200" lon="132.54858500">
   </rtept>
   <rtept lat="33.49817400" lon="132.54964300">
   </rtept>
   <rtept lat="33.49863900" lon="132.54908400">
   </rtept>
   <rtept lat="33.49922400" lon="132.54745600">
   </rtept>
   <rtept lat="33.50014600" lon="132.54752700">
   </rtept>
   <rtept lat="33.50101800" lon="132.54772900">
   </rtept>
   <rtept lat="33.50125400" lon="132.54778900">
   </rtept>
   <rtept lat="33.50203600" lon="132.54830000">
   </rtept>
   <rtept lat="33.50268100" lon="132.54878700">
   </rtept>
   <rtept lat="33.50293800" lon="132.54870400">
   </rtept>
   <rtept lat="33.50371100" lon="132.54982100">
   </rtept>
   <rtept lat="33.50375100" lon="132.55093800">
   </rtept>
   <rtept lat="33.50372100" lon="132.55180500">
   </rtept>
   <rtept lat="33.50400800" lon="132.55167500">
   </rtept>
   <rtept lat="33.50435500" lon="132.55153200">
   </rtept>
   <rtept lat="33.50467200" lon="132.55147300">
   </rtept>
   <rtept lat="33.50497000" lon="132.55149600">
   </rtept>
   <rtept lat="33.50513800" lon="132.55180500">
   </rtept>
   <rtept lat="33.50525700" lon="132.55193600">
   </rtept>
   <rtept lat="33.50530700" lon="132.55253000">
   </rtept>
   <rtept lat="33.50527700" lon="132.55286300">
   </rtept>
   <rtept lat="33.50542600" lon="132.55293400">
   </rtept>
   <rtept lat="33.50569300" lon="132.55294600">
   </rtept>
   <rtept lat="33.50593100" lon="132.55283900">
   </rtept>
   <rtept lat="33.50627600" lon="132.55276800">
   </rtept>
   <rtept lat="33.50653300" lon="132.55274400">
   </rtept>
   <rtept lat="33.50692000" lon="132.55283900">
   </rtept>
   <rtept lat="33.50720700" lon="132.55273200">
   </rtept>
   <rtept lat="33.50737600" lon="132.55273200">
   </rtept>
   <rtept lat="33.50768300" lon="132.55275600">
   </rtept>
   <rtept lat="33.50799000" lon="132.55263700">
   </rtept>
   <rtept lat="33.50825800" lon="132.55248300">
   </rtept>
   <rtept lat="33.50848500" lon="132.55224500">
   </rtept>
   <rtept lat="33.50859400" lon="132.55215000">
   </rtept>
   <rtept lat="33.50887200" lon="132.55196000">
   </rtept>
   <rtept lat="33.50905000" lon="132.55169800">
   </rtept>
   <rtept lat="33.50917900" lon="132.55140100">
   </rtept>
   <rtept lat="33.50920900" lon="132.55116400">
   </rtept>
   <rtept lat="33.50919900" lon="132.55081900">
   </rtept>
   <rtept lat="33.50924800" lon="132.55036700">
   </rtept>
   <rtept lat="33.50937700" lon="132.55003500">
   </rtept>
   <rtept lat="33.50961500" lon="132.54944100">
   </rtept>
   <rtept lat="33.50968400" lon="132.54914300">
   </rtept>
   <rtept lat="33.50975400" lon="132.54862100">
   </rtept>
   <rtept lat="33.50974400" lon="132.54807400">
   </rtept>
   <rtept lat="33.50963500" lon="132.54757500">
   </rtept>
   <rtept lat="33.50955600" lon="132.54718300">
   </rtept>
   <rtept lat="33.50948600" lon="132.54701600">
   </rtept>
   <rtept lat="33.50942700" lon="132.54679000">
   </rtept>
   <rtept lat="33.50949600" lon="132.54635100">
   </rtept>
   <rtept lat="33.50958500" lon="132.54580400">
   </rtept>
   <rtept lat="33.50969400" lon="132.54536400">
   </rtept>
   <rtept lat="33.50973400" lon="132.54523400">
   </rtept>
   <rtept lat="33.50983300" lon="132.54490100">
   </rtept>
   <rtept lat="33.50985300" lon="132.54479400">
   </rtept>
   <rtept lat="33.50981300" lon="132.54462700">
   </rtept>
   <rtept lat="33.51008100" lon="132.54414000">
   </rtept>
   <rtept lat="33.51050700" lon="132.54366500">
   </rtept>
   <rtept lat="33.51103200" lon="132.54315400">
   </rtept>
   <rtept lat="33.51152700" lon="132.54278500">
   </rtept>
   <rtept lat="33.51198300" lon="132.54251200">
   </rtept>
   <rtept lat="33.51223100" lon="132.54283300">
   </rtept>
   <rtept lat="33.51309300" lon="132.54228600">
   </rtept>
   <rtept lat="33.51397500" lon="132.54197700">
   </rtept>
   <rtept lat="33.51454900" lon="132.54183500">
   </rtept>
   <rtept lat="33.51453000" lon="132.54140700">
   </rtept>
   <rtept lat="33.51502500" lon="132.54140700">
   </rtept>
   <rtept lat="33.51573800" lon="132.54145400">
   </rtept>
   <rtept lat="33.51599600" lon="132.54150200">
   </rtept>
   <rtept lat="33.51599400" lon="132.54196500">
   </rtept>
   <rtept lat="33.51665800" lon="132.54213200">
   </rtept>
   <rtept lat="33.51788700" lon="132.54261900">
   </rtept>
   <rtept lat="33.51890700" lon="132.54332000">
   </rtept>
   <rtept lat="33.51973900" lon="132.54406900">
   </rtept>
   <rtept lat="33.52086900" lon="132.54510300">
   </rtept>
   <rtept lat="33.52156200" lon="132.54574500">
   </rtept>
   <rtept lat="33.52194700" lon="132.54616100">
   </rtept>
   <rtept lat="33.52251100" lon="132.54700400">
   </rtept>
   <rtept lat="33.52300700" lon="132.54808600">
   </rtept>
   <rtept lat="33.52341300" lon="132.54910800">
   </rtept>
   <rtept lat="33.52368000" lon="132.55022500">
   </rtept>
   <rtept lat="33.52390800" lon="132.55241200">
   </rtept>
   <rtept lat="33.52403700" lon="132.55451500">
   </rtept>
   <rtept lat="33.52417600" lon="132.55527600">
   </rtept>
   <rtept lat="33.52450300" lon="132.55664200">
   </rtept>
   <rtept lat="33.52476200" lon="132.55735300">
   </rtept>
   <rtept lat="33.52528700" lon="132.55826800">
   </rtept>
   <rtept lat="33.52623800" lon="132.55949200">
   </rtept>
   <rtept lat="33.52731800" lon="132.56091800">
   </rtept>
   <rtept lat="33.52820000" lon="132.56175000">
   </rtept>
   <rtept lat="33.52908200" lon="132.56238000">
   </rtept>
   <rtept lat="33.53081700" lon="132.56331900">
   </rtept>
   <rtept lat="33.53119400" lon="132.56349700">
   </rtept>
   <rtept lat="33.53117400" lon="132.56369900">
   </rtept>
   <rtept lat="33.53211500" lon="132.56413900">
   </rtept>
   <rtept lat="33.53402700" lon="132.56520800">
   </rtept>
   <rtept lat="33.53532500" lon="132.56619500">
   </rtept>
   <rtept lat="33.53576800" lon="132.56662200">
   </rtept>
   <rtept lat="33.53612500" lon="132.56706200">
   </rtept>
   <rtept lat="33.53587700" lon="132.56749000">
   </rtept>
   <rtept lat="33.53586700" lon="132.56776300">
   </rtept>
   <rtept lat="33.53613500" lon="132.56898700">
   </rtept>
   <rtept lat="33.53418300" lon="132.56960500">
   </rtept>
   <rtept lat="33.53028900" lon="132.57086700">
   </rtept>
   <rtept lat="33.53080000" lon="132.57176500">
   </rtept>
   <rtept lat="33.53125200" lon="132.57267800">
   </rtept>
   <rtept lat="33.53144200" lon="132.57339100">
   </rtept>
   <rtept lat="33.53157200" lon="132.57409000">
   </rtept>
   <rtept lat="33.53157200" lon="132.57461800">
   </rtept>
   <rtept lat="33.53179800" lon="132.57565900">
   </rtept>
   <rtept lat="33.53266600" lon="132.57486000">
   </rtept>
   <rtept lat="33.53284400" lon="132.57555900">
   </rtept>
   <rtept lat="33.53282100" lon="132.57608600">
   </rtept>
   <rtept lat="33.53294000" lon="132.57674200">
   </rtept>
   <rtept lat="33.53362900" lon="132.57664300">
   </rtept>
   <rtept lat="33.53436600" lon="132.57620100">
   </rtept>
   <rtept lat="33.53455600" lon="132.57473200">
   </rtept>
   <rtept lat="33.53460400" lon="132.57664300">
   </rtept>
   <rtept lat="33.53472300" lon="132.57802600">
   </rtept>
   <rtept lat="33.53509100" lon="132.57979400">
   </rtept>
   <rtept lat="33.53522700" lon="132.58063900">
   </rtept>
   <rtept lat="33.53542500" lon="132.58159500">
   </rtept>
   <rtept lat="33.53552900" lon="132.58248700">
   </rtept>
   <rtept lat="33.53558900" lon="132.58396600">
   </rtept>
   <rtept lat="33.53565300" lon="132.58532700">
   </rtept>
   <rtept lat="33.53577200" lon="132.58788000">
   </rtept>
   <rtept lat="33.53580600" lon="132.58886700">
   </rtept>
   <rtept lat="33.53576700" lon="132.59043000">
   </rtept>
   <rtept lat="33.53566800" lon="132.59187300">
   </rtept>
   <rtept lat="33.53556400" lon="132.59312700">
   </rtept>
   <rtept lat="33.53555100" lon="132.59361200">
   </rtept>
   <rtept lat="33.53569000" lon="132.59371400">
   </rtept>
   <rtept lat="33.53577400" lon="132.59407000">
   </rtept>
   <rtept lat="33.53595300" lon="132.59493800">
   </rtept>
   <rtept lat="33.53602200" lon="132.59525200">
   </rtept>
   <rtept lat="33.53604200" lon="132.59550200">
   </rtept>
   <rtept lat="33.53600200" lon="132.59568600">
   </rtept>
   <rtept lat="33.53592800" lon="132.59587600">
   </rtept>
   <rtept lat="33.53580400" lon="132.59600700">
   </rtept>
   <rtept lat="33.53599700" lon="132.59685700">
   </rtept>
   <rtept lat="33.53642300" lon="132.59883000">
   </rtept>
   <rtept lat="33.53654700" lon="132.59939400">
   </rtept>
   <rtept lat="33.53671100" lon="132.60016100">
   </rtept>
   <rtept lat="33.53681800" lon="132.60320600">
   </rtept>
   <rtept lat="33.53687200" lon="132.60486700">
   </rtept>
   <rtept lat="33.53686600" lon="132.60519500">
   </rtept>
   <rtept lat="33.53679500" lon="132.60563700">
   </rtept>
   <rtept lat="33.53671100" lon="132.60613700">
   </rtept>
   <rtept lat="33.53655100" lon="132.60660000">
   </rtept>
   <rtept lat="33.53619400" lon="132.60744100">
   </rtept>
   <rtept lat="33.53595100" lon="132.60802600">
   </rtept>
   <rtept lat="33.53557000" lon="132.60871800">
   </rtept>
   <rtept lat="33.53550500" lon="132.60900900">
   </rtept>
   <rtept lat="33.53540500" lon="132.61051300">
   </rtept>
   <rtept lat="33.53535600" lon="132.61267500">
   </rtept>
   <rtept lat="33.53533600" lon="132.61387000">
   </rtept>
   <rtept lat="33.53528700" lon="132.61421400">
   </rtept>
   <rtept lat="33.53516300" lon="132.61448200">
   </rtept>
 </rte>
 <rte>
  <name>SHIKOKU_EHM_(八日市歴史のみち)</name>
   <rtept lat="33.53739300" lon="132.63369700">
   </rtept>
   <rtept lat="33.53786900" lon="132.63440000">
   </rtept>
   <rtept lat="33.53826500" lon="132.63504700">
   </rtept>
   <rtept lat="33.53856600" lon="132.63552200">
   </rtept>
   <rtept lat="33.53877200" lon="132.63565500">
   </rtept>
   <rtept lat="33.53907300" lon="132.63590300">
   </rtept>
   <rtept lat="33.53937400" lon="132.63620700">
   </rtept>
   <rtept lat="33.54060300" lon="132.63731000">
   </rtept>
   <rtept lat="33.54139500" lon="132.63795600">
   </rtept>
   <rtept lat="33.54174400" lon="132.63829800">
   </rtept>
   <rtept lat="33.54229800" lon="132.63866000">
   </rtept>
   <rtept lat="33.54320200" lon="132.63915400">
   </rtept>
   <rtept lat="33.54363000" lon="132.63934400">
   </rtept>
   <rtept lat="33.54393100" lon="132.63959100">
   </rtept>
   <rtept lat="33.54451700" lon="132.64004800">
   </rtept>
   <rtept lat="33.54463600" lon="132.64012200">
   </rtept>
   <rtept lat="33.54480200" lon="132.64010300">
   </rtept>
   <rtept lat="33.54515900" lon="132.63991300">
   </rtept>
   <rtept lat="33.54542000" lon="132.63971400">
   </rtept>
   <rtept lat="33.54558700" lon="132.63960000">
   </rtept>
   <rtept lat="33.54579300" lon="132.63946600">
   </rtept>
   <rtept lat="33.54603100" lon="132.63938100">
   </rtept>
   <rtept lat="33.54615700" lon="132.63932400">
   </rtept>
   <rtept lat="33.54623700" lon="132.63918100">
   </rtept>
   <rtept lat="33.54639500" lon="132.63903900">
   </rtept>
   <rtept lat="33.54672000" lon="132.63891500">
   </rtept>
   <rtept lat="33.54698900" lon="132.63895300">
   </rtept>
   <rtept lat="33.54754400" lon="132.63914300">
   </rtept>
   <rtept lat="33.54780500" lon="132.63921900">
   </rtept>
   <rtept lat="33.54805900" lon="132.63941900">
   </rtept>
   <rtept lat="33.54821000" lon="132.63961900">
   </rtept>
   <rtept lat="33.54847900" lon="132.63954300">
   </rtept>
   <rtept lat="33.54854200" lon="132.63965700">
   </rtept>
   <rtept lat="33.54854200" lon="132.63983700">
   </rtept>
   <rtept lat="33.54855000" lon="132.63998900">
   </rtept>
   <rtept lat="33.54865300" lon="132.64018900">
   </rtept>
   <rtept lat="33.54885900" lon="132.64032200">
   </rtept>
   <rtept lat="33.54898600" lon="132.64063600">
   </rtept>
   <rtept lat="33.54900200" lon="132.64084500">
   </rtept>
   <rtept lat="33.54889100" lon="132.64110200">
   </rtept>
   <rtept lat="33.54883600" lon="132.64128200">
   </rtept>
   <rtept lat="33.54882800" lon="132.64144400">
   </rtept>
   <rtept lat="33.54901800" lon="132.64165300">
   </rtept>
   <rtept lat="33.54916800" lon="132.64170100">
   </rtept>
   <rtept lat="33.54943800" lon="132.64183400">
   </rtept>
   <rtept lat="33.54954900" lon="132.64194800">
   </rtept>
   <rtept lat="33.54960400" lon="132.64210000">
   </rtept>
   <rtept lat="33.54968600" lon="132.64229400">
   </rtept>
   <rtept lat="33.54986900" lon="132.64255100">
   </rtept>
   <rtept lat="33.54998000" lon="132.64275000">
   </rtept>
   <rtept lat="33.54998000" lon="132.64293100">
   </rtept>
   <rtept lat="33.54992400" lon="132.64336800">
   </rtept>
   <rtept lat="33.55002700" lon="132.64384400">
   </rtept>
   <rtept lat="33.54994000" lon="132.64430900">
   </rtept>
   <rtept lat="33.54992400" lon="132.64488000">
   </rtept>
   <rtept lat="33.54995600" lon="132.64538400">
   </rtept>
   <rtept lat="33.54995600" lon="132.64564000">
   </rtept>
   <rtept lat="33.54993200" lon="132.64602100">
   </rtept>
   <rtept lat="33.54986100" lon="132.64656300">
   </rtept>
   <rtept lat="33.54975800" lon="132.64695200">
   </rtept>
   <rtept lat="33.54976600" lon="132.64716200">
   </rtept>
   <rtept lat="33.54994000" lon="132.64755100">
   </rtept>
   <rtept lat="33.55015400" lon="132.64791300">
   </rtept>
   <rtept lat="33.55033600" lon="132.64817900">
   </rtept>
   <rtept lat="33.55045500" lon="132.64847400">
   </rtept>
   <rtept lat="33.55062100" lon="132.64889200">
   </rtept>
   <rtept lat="33.55067700" lon="132.64925300">
   </rtept>
   <rtept lat="33.55047900" lon="132.64947200">
   </rtept>
   <rtept lat="33.55035200" lon="132.64965700">
   </rtept>
   <rtept lat="33.55028900" lon="132.64976200">
   </rtept>
   <rtept lat="33.55102600" lon="132.65087400">
   </rtept>
   <rtept lat="33.55187300" lon="132.65204400">
   </rtept>
   <rtept lat="33.55288000" lon="132.65338400">
   </rtept>
   <rtept lat="33.55328400" lon="132.65395400">
   </rtept>
   <rtept lat="33.55346400" lon="132.65383100">
   </rtept>
   <rtept lat="33.55397100" lon="132.65365000">
   </rtept>
   <rtept lat="33.55481900" lon="132.65330800">
   </rtept>
   <rtept lat="33.55498500" lon="132.65326000">
   </rtept>
   <rtept lat="33.55505700" lon="132.65332700">
   </rtept>
   <rtept lat="33.55615000" lon="132.65333700">
   </rtept>
   <rtept lat="33.55645900" lon="132.65336500">
   </rtept>
   <rtept lat="33.55729100" lon="132.65362200">
   </rtept>
   <rtept lat="33.55837500" lon="132.65397400">
   </rtept>
   <rtept lat="33.55868400" lon="132.65442000">
   </rtept>
   <rtept lat="33.55915100" lon="132.65502900">
   </rtept>
   <rtept lat="33.55899300" lon="132.65538100">
   </rtept>
   <rtept lat="33.55964200" lon="132.65597400">
   </rtept>
   <rtept lat="33.56038700" lon="132.65654400">
   </rtept>
   <rtept lat="33.56098100" lon="132.65708600">
   </rtept>
   <rtept lat="33.56127400" lon="132.65747600">
   </rtept>
   <rtept lat="33.56151200" lon="132.65773300">
   </rtept>
   <rtept lat="33.56173400" lon="132.65810300">
   </rtept>
   <rtept lat="33.56218500" lon="132.65863600">
   </rtept>
   <rtept lat="33.56233900" lon="132.65885500">
   </rtept>
   <rtept lat="33.56249800" lon="132.65894000">
   </rtept>
   <rtept lat="33.56268800" lon="132.65898800">
   </rtept>
   <rtept lat="33.56281400" lon="132.65933000">
   </rtept>
   <rtept lat="33.56305200" lon="132.65995700">
   </rtept>
   <rtept lat="33.56312300" lon="132.65999500">
   </rtept>
   <rtept lat="33.56340900" lon="132.65999500">
   </rtept>
   <rtept lat="33.56349600" lon="132.65999500">
   </rtept>
   <rtept lat="33.56360700" lon="132.66024300">
   </rtept>
   <rtept lat="33.56325000" lon="132.66069900">
   </rtept>
   <rtept lat="33.56328600" lon="132.66080400">
   </rtept>
   <rtept lat="33.56331100" lon="132.66097600">
   </rtept>
   <rtept lat="33.56331100" lon="132.66110700">
   </rtept>
   <rtept lat="33.56326100" lon="132.66124300">
   </rtept>
   <rtept lat="33.56325100" lon="132.66138600">
   </rtept>
   <rtept lat="33.56323100" lon="132.66150500">
   </rtept>
   <rtept lat="33.56318700" lon="132.66157000">
   </rtept>
   <rtept lat="33.56313200" lon="132.66160600">
   </rtept>
   <rtept lat="33.56306800" lon="132.66160600">
   </rtept>
   <rtept lat="33.56294400" lon="132.66147500">
   </rtept>
   <rtept lat="33.56288500" lon="132.66136800">
   </rtept>
   <rtept lat="33.56279600" lon="132.66125500">
   </rtept>
   <rtept lat="33.56275100" lon="132.66124300">
   </rtept>
   <rtept lat="33.56267200" lon="132.66123700">
   </rtept>
   <rtept lat="33.56258300" lon="132.66130300">
   </rtept>
   <rtept lat="33.56275100" lon="132.66145700">
   </rtept>
   <rtept lat="33.56282000" lon="132.66167100">
   </rtept>
   <rtept lat="33.56296900" lon="132.66221200">
   </rtept>
   <rtept lat="33.56310800" lon="132.66278800">
   </rtept>
   <rtept lat="33.56315700" lon="132.66300800">
   </rtept>
   <rtept lat="33.56303800" lon="132.66381000">
   </rtept>
   <rtept lat="33.56320700" lon="132.66406000">
   </rtept>
   <rtept lat="33.56370200" lon="132.66467200">
   </rtept>
   <rtept lat="33.56427600" lon="132.66537900">
   </rtept>
   <rtept lat="33.56487500" lon="132.66601100">
   </rtept>
   <rtept lat="33.56520800" lon="132.66634300">
   </rtept>
   <rtept lat="33.56524800" lon="132.66672400">
   </rtept>
   <rtept lat="33.56493900" lon="132.66698000">
   </rtept>
   <rtept lat="33.56466100" lon="132.66725600">
   </rtept>
   <rtept lat="33.56447900" lon="132.66760800">
   </rtept>
   <rtept lat="33.56443200" lon="132.66794100">
   </rtept>
   <rtept lat="33.56443200" lon="132.66834000">
   </rtept>
   <rtept lat="33.56465300" lon="132.66817800">
   </rtept>
   <rtept lat="33.56495400" lon="132.66812100">
   </rtept>
   <rtept lat="33.56527100" lon="132.66815900">
   </rtept>
   <rtept lat="33.56553300" lon="132.66834900">
   </rtept>
   <rtept lat="33.56570700" lon="132.66848200">
   </rtept>
   <rtept lat="33.56611100" lon="132.66860600">
   </rtept>
   <rtept lat="33.56659400" lon="132.66860600">
   </rtept>
   <rtept lat="33.56701400" lon="132.66850100">
   </rtept>
   <rtept lat="33.56733400" lon="132.66835900">
   </rtept>
   <rtept lat="33.56753200" lon="132.66830200">
   </rtept>
   <rtept lat="33.56772200" lon="132.66836800">
   </rtept>
   <rtept lat="33.56811800" lon="132.66865100">
   </rtept>
   <rtept lat="33.56806900" lon="132.66920300">
   </rtept>
   <rtept lat="33.56798000" lon="132.66947100">
   </rtept>
   <rtept lat="33.56793000" lon="132.66977400">
   </rtept>
   <rtept lat="33.56801400" lon="132.67013600">
   </rtept>
   <rtept lat="33.56815300" lon="132.67041000">
   </rtept>
   <rtept lat="33.56822200" lon="132.67055200">
   </rtept>
   <rtept lat="33.56820300" lon="132.67063500">
   </rtept>
   <rtept lat="33.56810400" lon="132.67061200">
   </rtept>
   <rtept lat="33.56796500" lon="132.67039800">
   </rtept>
   <rtept lat="33.56786100" lon="132.67022500">
   </rtept>
   <rtept lat="33.56778700" lon="132.67005300">
   </rtept>
   <rtept lat="33.56774700" lon="132.67004100">
   </rtept>
   <rtept lat="33.56772700" lon="132.67023700">
   </rtept>
   <rtept lat="33.56783100" lon="132.67055200">
   </rtept>
   <rtept lat="33.56791500" lon="132.67067700">
   </rtept>
   <rtept lat="33.56810800" lon="132.67087900">
   </rtept>
   <rtept lat="33.56815800" lon="132.67096800">
   </rtept>
   <rtept lat="33.56812300" lon="132.67109300">
   </rtept>
   <rtept lat="33.56805400" lon="132.67117600">
   </rtept>
   <rtept lat="33.56784600" lon="132.67102200">
   </rtept>
   <rtept lat="33.56758400" lon="132.67076600">
   </rtept>
   <rtept lat="33.56734600" lon="132.67043900">
   </rtept>
   <rtept lat="33.56722700" lon="132.67030300">
   </rtept>
   <rtept lat="33.56713800" lon="132.67020200">
   </rtept>
   <rtept lat="33.56704900" lon="132.67025500">
   </rtept>
   <rtept lat="33.56711300" lon="132.67043900">
   </rtept>
   <rtept lat="33.56721700" lon="132.67060600">
   </rtept>
   <rtept lat="33.56721200" lon="132.67077200">
   </rtept>
   <rtept lat="33.56708900" lon="132.67084300">
   </rtept>
   <rtept lat="33.56690000" lon="132.67083200">
   </rtept>
   <rtept lat="33.56668300" lon="132.67081400">
   </rtept>
   <rtept lat="33.56652900" lon="132.67087300">
   </rtept>
   <rtept lat="33.56639000" lon="132.67099800">
   </rtept>
   <rtept lat="33.56633600" lon="132.67104500">
   </rtept>
   <rtept lat="33.56619400" lon="132.67105200">
   </rtept>
   <rtept lat="33.56611100" lon="132.67102300">
   </rtept>
   <rtept lat="33.56604500" lon="132.67092400">
   </rtept>
   <rtept lat="33.56598000" lon="132.67075200">
   </rtept>
   <rtept lat="33.56582600" lon="132.67079500">
   </rtept>
   <rtept lat="33.56571900" lon="132.67099500">
   </rtept>
   <rtept lat="33.56557000" lon="132.67133000">
   </rtept>
   <rtept lat="33.56551100" lon="132.67144400">
   </rtept>
   <rtept lat="33.56541600" lon="132.67146600">
   </rtept>
   <rtept lat="33.56529700" lon="132.67136600">
   </rtept>
   <rtept lat="33.56517800" lon="132.67124400">
   </rtept>
   <rtept lat="33.56514200" lon="132.67115900">
   </rtept>
   <rtept lat="33.56506500" lon="132.67112300">
   </rtept>
   <rtept lat="33.56496400" lon="132.67129400">
   </rtept>
   <rtept lat="33.56492300" lon="132.67179400">
   </rtept>
   <rtept lat="33.56485100" lon="132.67251400">
   </rtept>
   <rtept lat="33.56497000" lon="132.67284200">
   </rtept>
   <rtept lat="33.56512500" lon="132.67299100">
   </rtept>
   <rtept lat="33.56517200" lon="132.67332700">
   </rtept>
   <rtept lat="33.56535600" lon="132.67364000">
   </rtept>
   <rtept lat="33.56558800" lon="132.67377600">
   </rtept>
   <rtept lat="33.56564700" lon="132.67385400">
   </rtept>
   <rtept lat="33.56574800" lon="132.67387600">
   </rtept>
   <rtept lat="33.56583800" lon="132.67384700">
   </rtept>
   <rtept lat="33.56596200" lon="132.67381900">
   </rtept>
   <rtept lat="33.56609300" lon="132.67384700">
   </rtept>
   <rtept lat="33.56615200" lon="132.67394000">
   </rtept>
   <rtept lat="33.56621200" lon="132.67435300">
   </rtept>
 </rte>
 <rte>
  <name>SHIKOKU_EHM_09(久万郷の山寺に通ずるへんろみち)</name>
   <rtept lat="33.63130000" lon="132.86268200">
   </rtept>
   <rtept lat="33.63160100" lon="132.86268200">
   </rtept>
   <rtept lat="33.63194900" lon="132.86264400">
   </rtept>
   <rtept lat="33.63291500" lon="132.86268200">
   </rtept>
   <rtept lat="33.63402700" lon="132.86282900">
   </rtept>
   <rtept lat="33.63446000" lon="132.86302900">
   </rtept>
   <rtept lat="33.63473300" lon="132.86322100">
   </rtept>
   <rtept lat="33.63511900" lon="132.86349900">
   </rtept>
   <rtept lat="33.63545200" lon="132.86322100">
   </rtept>
   <rtept lat="33.63553500" lon="132.86310000">
   </rtept>
   <rtept lat="33.63592100" lon="132.86318500">
   </rtept>
   <rtept lat="33.63603400" lon="132.86325000">
   </rtept>
   <rtept lat="33.63693600" lon="132.86492500">
   </rtept>
   <rtept lat="33.63706100" lon="132.86643000">
   </rtept>
   <rtept lat="33.63715000" lon="132.86732800">
   </rtept>
   <rtept lat="33.63716700" lon="132.86817000">
   </rtept>
   <rtept lat="33.63721500" lon="132.86834800">
   </rtept>
   <rtept lat="33.63748000" lon="132.86880400">
   </rtept>
   <rtept lat="33.63764600" lon="132.86908000">
   </rtept>
   <rtept lat="33.63772500" lon="132.86932700">
   </rtept>
   <rtept lat="33.63786800" lon="132.86978300">
   </rtept>
   <rtept lat="33.63812100" lon="132.87007800">
   </rtept>
   <rtept lat="33.63860400" lon="132.87042000">
   </rtept>
   <rtept lat="33.63875400" lon="132.87061100">
   </rtept>
   <rtept lat="33.63888900" lon="132.87108600">
   </rtept>
   <rtept lat="33.63896000" lon="132.87130500">
   </rtept>
   <rtept lat="33.63927700" lon="132.87160900">
   </rtept>
   <rtept lat="33.63933200" lon="132.87200800">
   </rtept>
   <rtept lat="33.63938800" lon="132.87215100">
   </rtept>
   <rtept lat="33.63950600" lon="132.87227400">
   </rtept>
   <rtept lat="33.63978300" lon="132.87243600">
   </rtept>
   <rtept lat="33.63983100" lon="132.87278800">
   </rtept>
   <rtept lat="33.63987000" lon="132.87309200">
   </rtept>
   <rtept lat="33.63983900" lon="132.87360500">
   </rtept>
   <rtept lat="33.63977500" lon="132.87393800">
   </rtept>
   <rtept lat="33.63978300" lon="132.87431800">
   </rtept>
   <rtept lat="33.63990200" lon="132.87464200">
   </rtept>
   <rtept lat="33.63995700" lon="132.87493600">
   </rtept>
   <rtept lat="33.63992600" lon="132.87531700">
   </rtept>
   <rtept lat="33.63987000" lon="132.87567800">
   </rtept>
   <rtept lat="33.63985500" lon="132.87598200">
   </rtept>
   <rtept lat="33.64001300" lon="132.87646700">
   </rtept>
   <rtept lat="33.64017100" lon="132.87690400">
   </rtept>
   <rtept lat="33.64035300" lon="132.87724700">
   </rtept>
   <rtept lat="33.64047200" lon="132.87727500">
   </rtept>
   <rtept lat="33.64113700" lon="132.87740800">
   </rtept>
   <rtept lat="33.64169100" lon="132.87757900">
   </rtept>
   <rtept lat="33.64227500" lon="132.87762700">
   </rtept>
   <rtept lat="33.64276600" lon="132.87776000">
   </rtept>
   <rtept lat="33.64295600" lon="132.87777900">
   </rtept>
   <rtept lat="33.64300300" lon="132.87810700">
   </rtept>
   <rtept lat="33.64321700" lon="132.87842100">
   </rtept>
   <rtept lat="33.64341500" lon="132.87879200">
   </rtept>
   <rtept lat="33.64354100" lon="132.87914300">
   </rtept>
   <rtept lat="33.64374700" lon="132.87950500">
   </rtept>
   <rtept lat="33.64413500" lon="132.87994200">
   </rtept>
   <rtept lat="33.64432500" lon="132.88021800">
   </rtept>
   <rtept lat="33.64441200" lon="132.88056000">
   </rtept>
   <rtept lat="33.64472900" lon="132.88097800">
   </rtept>
   <rtept lat="33.64504500" lon="132.88143500">
   </rtept>
   <rtept lat="33.64539300" lon="132.88182400">
   </rtept>
   <rtept lat="33.64563900" lon="132.88213800">
   </rtept>
   <rtept lat="33.64584500" lon="132.88236600">
   </rtept>
   <rtept lat="33.64601100" lon="132.88262300">
   </rtept>
   <rtept lat="33.64619300" lon="132.88304100">
   </rtept>
   <rtept lat="33.64638400" lon="132.88320500">
   </rtept>
   <rtept lat="33.64653200" lon="132.88332400">
   </rtept>
   <rtept lat="33.64658600" lon="132.88349000">
   </rtept>
   <rtept lat="33.64670000" lon="132.88360300">
   </rtept>
   <rtept lat="33.64677900" lon="132.88365700">
   </rtept>
   <rtept lat="33.64704700" lon="132.88369200">
   </rtept>
   <rtept lat="33.64722000" lon="132.88372200">
   </rtept>
   <rtept lat="33.64733300" lon="132.88387100">
   </rtept>
   <rtept lat="33.64742200" lon="132.88404300">
   </rtept>
   <rtept lat="33.64748700" lon="132.88419800">
   </rtept>
   <rtept lat="33.64750200" lon="132.88433400">
   </rtept>
   <rtept lat="33.64759100" lon="132.88450100">
   </rtept>
   <rtept lat="33.64782800" lon="132.88462500">
   </rtept>
   <rtept lat="33.64796200" lon="132.88448300">
   </rtept>
   <rtept lat="33.64798100" lon="132.88432800">
   </rtept>
   <rtept lat="33.64793700" lon="132.88404900">
   </rtept>
   <rtept lat="33.64794200" lon="132.88388300">
   </rtept>
   <rtept lat="33.64804600" lon="132.88368100">
   </rtept>
   <rtept lat="33.64820900" lon="132.88368700">
   </rtept>
   <rtept lat="33.64835700" lon="132.88388300">
   </rtept>
   <rtept lat="33.64851600" lon="132.88408500">
   </rtept>
   <rtept lat="33.64864600" lon="132.88393000">
   </rtept>
   <rtept lat="33.64871100" lon="132.88372800">
   </rtept>
   <rtept lat="33.64896800" lon="132.88382300">
   </rtept>
   <rtept lat="33.64907700" lon="132.88388900">
   </rtept>
   <rtept lat="33.64918500" lon="132.88408500">
   </rtept>
   <rtept lat="33.64921500" lon="132.88428100">
   </rtept>
   <rtept lat="33.64916100" lon="132.88445900">
   </rtept>
   <rtept lat="33.64915100" lon="132.88470900">
   </rtept>
   <rtept lat="33.64914100" lon="132.88483300">
   </rtept>
   <rtept lat="33.64908100" lon="132.88500000">
   </rtept>
   <rtept lat="33.64917500" lon="132.88500000">
   </rtept>
   <rtept lat="33.64926000" lon="132.88482700">
   </rtept>
   <rtept lat="33.64936300" lon="132.88454800">
   </rtept>
   <rtept lat="33.64942800" lon="132.88444100">
   </rtept>
   <rtept lat="33.64955100" lon="132.88440000">
   </rtept>
   <rtept lat="33.64969500" lon="132.88445300">
   </rtept>
   <rtept lat="33.64970000" lon="132.88478600">
   </rtept>
   <rtept lat="33.64976900" lon="132.88526700">
   </rtept>
   <rtept lat="33.64979900" lon="132.88546900">
   </rtept>
   <rtept lat="33.65000200" lon="132.88588500">
   </rtept>
   <rtept lat="33.65028800" lon="132.88626500">
   </rtept>
   <rtept lat="33.65053600" lon="132.88660400">
   </rtept>
   <rtept lat="33.65067900" lon="132.88680000">
   </rtept>
   <rtept lat="33.65081800" lon="132.88719200">
   </rtept>
   <rtept lat="33.65087700" lon="132.88748300">
   </rtept>
   <rtept lat="33.65093100" lon="132.88778600">
   </rtept>
   <rtept lat="33.65109400" lon="132.88834800">
   </rtept>
   <rtept lat="33.65106400" lon="132.88863300">
   </rtept>
   <rtept lat="33.65113400" lon="132.88890600">
   </rtept>
   <rtept lat="33.65106400" lon="132.88907300">
   </rtept>
   <rtept lat="33.65113400" lon="132.88951200">
   </rtept>
   <rtept lat="33.65140100" lon="132.89008300">
   </rtept>
   <rtept lat="33.65152900" lon="132.89047500">
   </rtept>
   <rtept lat="33.65150900" lon="132.89079600">
   </rtept>
   <rtept lat="33.65163800" lon="132.89104500">
   </rtept>
   <rtept lat="33.65164800" lon="132.89146100">
   </rtept>
   <rtept lat="33.65149000" lon="132.89166300">
   </rtept>
   <rtept lat="33.65158900" lon="132.89221000">
   </rtept>
   <rtept lat="33.65170700" lon="132.89279200">
   </rtept>
   <rtept lat="33.65182600" lon="132.89343400">
   </rtept>
   <rtept lat="33.65224200" lon="132.89387400">
   </rtept>
   <rtept lat="33.65236000" lon="132.89421800">
   </rtept>
   <rtept lat="33.65251800" lon="132.89452700">
   </rtept>
   <rtept lat="33.65280500" lon="132.89484800">
   </rtept>
   <rtept lat="33.65291400" lon="132.89516900">
   </rtept>
   <rtept lat="33.65294400" lon="132.89547800">
   </rtept>
   <rtept lat="33.65306300" lon="132.89570400">
   </rtept>
   <rtept lat="33.65335900" lon="132.89582300">
   </rtept>
   <rtept lat="33.65368600" lon="132.89590600">
   </rtept>
   <rtept lat="33.65381400" lon="132.89597700">
   </rtept>
   <rtept lat="33.65403200" lon="132.89619100">
   </rtept>
   <rtept lat="33.65420000" lon="132.89645300">
   </rtept>
   <rtept lat="33.65433900" lon="132.89680900">
   </rtept>
   <rtept lat="33.65463400" lon="132.89710800">
   </rtept>
   <rtept lat="33.65481200" lon="132.89735800">
   </rtept>
   <rtept lat="33.65502400" lon="132.89781500">
   </rtept>
   <rtept lat="33.65527700" lon="132.89837400">
   </rtept>
   <rtept lat="33.65551900" lon="132.89912900">
   </rtept>
   <rtept lat="33.65568200" lon="132.89931900">
   </rtept>
   <rtept lat="33.65582100" lon="132.89939000">
   </rtept>
   <rtept lat="33.65592000" lon="132.89952100">
   </rtept>
   <rtept lat="33.65609800" lon="132.89984800">
   </rtept>
   <rtept lat="33.65622600" lon="132.89997800">
   </rtept>
   <rtept lat="33.65640400" lon="132.90008500">
   </rtept>
   <rtept lat="33.65648800" lon="132.90016800">
   </rtept>
   <rtept lat="33.65654300" lon="132.90031700">
   </rtept>
   <rtept lat="33.65666200" lon="132.90085200">
   </rtept>
   <rtept lat="33.65515300" lon="132.90142200">
   </rtept>
   <rtept lat="33.65538000" lon="132.90225400">
   </rtept>
   <rtept lat="33.65552500" lon="132.90281100">
   </rtept>
   <rtept lat="33.65631600" lon="132.90248800">
   </rtept>
   <rtept lat="33.65670400" lon="132.90237300">
   </rtept>
   <rtept lat="33.65703700" lon="132.90236400">
   </rtept>
   <rtept lat="33.65765400" lon="132.90248800">
   </rtept>
   <rtept lat="33.65792300" lon="132.90248800">
   </rtept>
   <rtept lat="33.65843700" lon="132.90235400">
   </rtept>
   <rtept lat="33.65886500" lon="132.90361900">
   </rtept>
   <rtept lat="33.65919700" lon="132.90459800">
   </rtept>
   <rtept lat="33.65949800" lon="132.90562500">
   </rtept>
   <rtept lat="33.65949800" lon="132.90583400">
   </rtept>
   <rtept lat="33.65990100" lon="132.90687000">
   </rtept>
   <rtept lat="33.66008300" lon="132.90724100">
   </rtept>
   <rtept lat="33.66015400" lon="132.90759300">
   </rtept>
   <rtept lat="33.66017000" lon="132.90813500">
   </rtept>
   <rtept lat="33.66024900" lon="132.90875300">
   </rtept>
   <rtept lat="33.66039200" lon="132.90951300">
   </rtept>
   <rtept lat="33.66048700" lon="132.91021700">
   </rtept>
   <rtept lat="33.66045500" lon="132.91107300">
   </rtept>
   <rtept lat="33.66041900" lon="132.91192000">
   </rtept>
   <rtept lat="33.66053000" lon="132.91219600">
   </rtept>
   <rtept lat="33.66068800" lon="132.91243400">
   </rtept>
   <rtept lat="33.66070400" lon="132.91260500">
   </rtept>
   <rtept lat="33.66052200" lon="132.91282300">
   </rtept>
   <rtept lat="33.66037200" lon="132.91299500">
   </rtept>
   <rtept lat="33.66034000" lon="132.91315600">
   </rtept>
   <rtept lat="33.66039500" lon="132.91345100">
   </rtept>
   <rtept lat="33.66035600" lon="132.91366000">
   </rtept>
   <rtept lat="33.66022100" lon="132.91368900">
   </rtept>
   <rtept lat="33.66032400" lon="132.91405900">
   </rtept>
   <rtept lat="33.66059300" lon="132.91467700">
   </rtept>
   <rtept lat="33.66085400" lon="132.91499100">
   </rtept>
   <rtept lat="33.66086200" lon="132.91529500">
   </rtept>
   <rtept lat="33.66091800" lon="132.91561900">
   </rtept>
   <rtept lat="33.66113700" lon="132.91602500">
   </rtept>
   <rtept lat="33.66121400" lon="132.91615300">
   </rtept>
   <rtept lat="33.66127400" lon="132.91634600">
   </rtept>
   <rtept lat="33.66141000" lon="132.91654600">
   </rtept>
   <rtept lat="33.66144600" lon="132.91673100">
   </rtept>
   <rtept lat="33.66149300" lon="132.91683100">
   </rtept>
   <rtept lat="33.66158200" lon="132.91684500">
   </rtept>
   <rtept lat="33.66165900" lon="132.91680200">
   </rtept>
   <rtept lat="33.66180800" lon="132.91666000">
   </rtept>
   <rtept lat="33.66198600" lon="132.91658100">
   </rtept>
   <rtept lat="33.66206900" lon="132.91648900">
   </rtept>
   <rtept lat="33.66214000" lon="132.91625300">
   </rtept>
   <rtept lat="33.66219400" lon="132.91611800">
   </rtept>
   <rtept lat="33.66225300" lon="132.91599600">
   </rtept>
   <rtept lat="33.66233000" lon="132.91596800">
   </rtept>
   <rtept lat="33.66238900" lon="132.91607500">
   </rtept>
   <rtept lat="33.66234800" lon="132.91618900">
   </rtept>
   <rtept lat="33.66234800" lon="132.91643100">
   </rtept>
   <rtept lat="33.66252600" lon="132.91695900">
   </rtept>
   <rtept lat="33.66266200" lon="132.91714400">
   </rtept>
   <rtept lat="33.66266200" lon="132.91729400">
   </rtept>
   <rtept lat="33.66265100" lon="132.91769400">
   </rtept>
   <rtept lat="33.66266400" lon="132.91834500">
   </rtept>
   <rtept lat="33.66278300" lon="132.91867800">
   </rtept>
   <rtept lat="33.66295100" lon="132.91870200">
   </rtept>
   <rtept lat="33.66323800" lon="132.91852300">
   </rtept>
   <rtept lat="33.66334700" lon="132.91853500">
   </rtept>
   <rtept lat="33.66347500" lon="132.91873700">
   </rtept>
   <rtept lat="33.66360400" lon="132.91884400">
   </rtept>
   <rtept lat="33.66383200" lon="132.91892700">
   </rtept>
   <rtept lat="33.66405900" lon="132.91905800">
   </rtept>
   <rtept lat="33.66419700" lon="132.91923600">
   </rtept>
   <rtept lat="33.66433600" lon="132.91929600">
   </rtept>
   <rtept lat="33.66461300" lon="132.91914100">
   </rtept>
   <rtept lat="33.66482100" lon="132.91913000">
   </rtept>
   <rtept lat="33.66483100" lon="132.92006800">
   </rtept>
   <rtept lat="33.66487000" lon="132.92044900">
   </rtept>
   <rtept lat="33.66500900" lon="132.92050800">
   </rtept>
   <rtept lat="33.66514700" lon="132.92049600">
   </rtept>
   <rtept lat="33.66540400" lon="132.92009200">
   </rtept>
   <rtept lat="33.66589900" lon="132.91941500">
   </rtept>
   <rtept lat="33.66618600" lon="132.91922500">
   </rtept>
   <rtept lat="33.66633200" lon="132.91922500">
   </rtept>
   <rtept lat="33.66635200" lon="132.91958100">
   </rtept>
   <rtept lat="33.66631200" lon="132.92022300">
   </rtept>
   <rtept lat="33.66628200" lon="132.92060300">
   </rtept>
   <rtept lat="33.66642100" lon="132.92120900">
   </rtept>
   <rtept lat="33.66638100" lon="132.92169600">
   </rtept>
   <rtept lat="33.66634200" lon="132.92205300">
   </rtept>
   <rtept lat="33.66644100" lon="132.92232600">
   </rtept>
   <rtept lat="33.66669800" lon="132.92258800">
   </rtept>
   <rtept lat="33.66710300" lon="132.92281400">
   </rtept>
   <rtept lat="33.66742000" lon="132.92322900">
   </rtept>
   <rtept lat="33.66763800" lon="132.92351500">
   </rtept>
   <rtept lat="33.66923000" lon="132.92456600">
   </rtept>
   <rtept lat="33.66968500" lon="132.92495900">
   </rtept>
   <rtept lat="33.67011400" lon="132.92526300">
   </rtept>
   <rtept lat="33.67038700" lon="132.92545800">
   </rtept>
   <rtept lat="33.67075300" lon="132.92573100">
   </rtept>
   <rtept lat="33.67090600" lon="132.92589900">
   </rtept>
 </rte>
 <rte>
  <name>SHIKOKU_EHM_10(山里のへんろみち)</name>
   <rtept lat="33.67090600" lon="132.92589900">
   </rtept>
   <rtept lat="33.67107900" lon="132.92608800">
   </rtept>
   <rtept lat="33.67129700" lon="132.92653900">
   </rtept>
   <rtept lat="33.67131800" lon="132.92708300">
   </rtept>
   <rtept lat="33.67124600" lon="132.92728300">
   </rtept>
   <rtept lat="33.67181600" lon="132.92755400">
   </rtept>
   <rtept lat="33.67249200" lon="132.92779600">
   </rtept>
   <rtept lat="33.67237400" lon="132.92858100">
   </rtept>
   <rtept lat="33.67224300" lon="132.92920800">
   </rtept>
   <rtept lat="33.67213600" lon="132.92943600">
   </rtept>
   <rtept lat="33.67154300" lon="132.93043500">
   </rtept>
   <rtept lat="33.67154300" lon="132.93176100">
   </rtept>
   <rtept lat="33.67099700" lon="132.93181800">
   </rtept>
   <rtept lat="33.67083100" lon="132.93230300">
   </rtept>
   <rtept lat="33.67061700" lon="132.93218900">
   </rtept>
   <rtept lat="33.67043900" lon="132.93221700">
   </rtept>
   <rtept lat="33.67013100" lon="132.93330100">
   </rtept>
   <rtept lat="33.67016600" lon="132.93462700">
   </rtept>
   <rtept lat="33.67020200" lon="132.93556900">
   </rtept>
   <rtept lat="33.67017800" lon="132.93622500">
   </rtept>
   <rtept lat="33.67013100" lon="132.93672400">
   </rtept>
   <rtept lat="33.67004800" lon="132.93699500">
   </rtept>
   <rtept lat="33.67002400" lon="132.93716600">
   </rtept>
   <rtept lat="33.66989300" lon="132.93732300">
   </rtept>
   <rtept lat="33.66968000" lon="132.93779300">
   </rtept>
   <rtept lat="33.66944200" lon="132.93842100">
   </rtept>
   <rtept lat="33.66927600" lon="132.93884800">
   </rtept>
   <rtept lat="33.66916900" lon="132.93914800">
   </rtept>
   <rtept lat="33.66918100" lon="132.93943300">
   </rtept>
   <rtept lat="33.66931200" lon="132.93974700">
   </rtept>
   <rtept lat="33.66952500" lon="132.93977500">
   </rtept>
   <rtept lat="33.66958500" lon="132.93993200">
   </rtept>
   <rtept lat="33.66925200" lon="132.94071100">
   </rtept>
   <rtept lat="33.66896800" lon="132.94099600">
   </rtept>
   <rtept lat="33.66825500" lon="132.94292100">
   </rtept>
   <rtept lat="33.66814900" lon="132.94316400">
   </rtept>
   <rtept lat="33.66804200" lon="132.94352000">
   </rtept>
   <rtept lat="33.66804200" lon="132.94384800">
   </rtept>
   <rtept lat="33.66816000" lon="132.94423300">
   </rtept>
   <rtept lat="33.66843300" lon="132.94451900">
   </rtept>
   <rtept lat="33.66868300" lon="132.94474700">
   </rtept>
   <rtept lat="33.66872700" lon="132.94489400">
   </rtept>
   <rtept lat="33.66905900" lon="132.94521700">
   </rtept>
   <rtept lat="33.66936800" lon="132.94562600">
   </rtept>
   <rtept lat="33.66951000" lon="132.94594900">
   </rtept>
   <rtept lat="33.66959700" lon="132.94652900">
   </rtept>
   <rtept lat="33.66972400" lon="132.94709000">
   </rtept>
   <rtept lat="33.66988200" lon="132.94745200">
   </rtept>
   <rtept lat="33.67012000" lon="132.94763200">
   </rtept>
   <rtept lat="33.67027800" lon="132.94773700">
   </rtept>
   <rtept lat="33.67040400" lon="132.94785100">
   </rtept>
   <rtept lat="33.67053100" lon="132.94792700">
   </rtept>
   <rtept lat="33.67071300" lon="132.94780300">
   </rtept>
   <rtept lat="33.67095800" lon="132.94792700">
   </rtept>
   <rtept lat="33.67120400" lon="132.94809800">
   </rtept>
   <rtept lat="33.67142500" lon="132.94833600">
   </rtept>
   <rtept lat="33.67151200" lon="132.94864900">
   </rtept>
   <rtept lat="33.67152800" lon="132.94921000">
   </rtept>
   <rtept lat="33.67149600" lon="132.94949600">
   </rtept>
   <rtept lat="33.67133800" lon="132.94986600">
   </rtept>
   <rtept lat="33.67110100" lon="132.95006600">
   </rtept>
   <rtept lat="33.67084000" lon="132.95018000">
   </rtept>
   <rtept lat="33.67053900" lon="132.95008500">
   </rtept>
   <rtept lat="33.67027800" lon="132.94975200">
   </rtept>
   <rtept lat="33.67007200" lon="132.94937200">
   </rtept>
   <rtept lat="33.66995300" lon="132.94922000">
   </rtept>
   <rtept lat="33.66956600" lon="132.94884000">
   </rtept>
   <rtept lat="33.66936800" lon="132.94870600">
   </rtept>
   <rtept lat="33.66913800" lon="132.94873500">
   </rtept>
   <rtept lat="33.66898000" lon="132.94887800">
   </rtept>
   <rtept lat="33.66892500" lon="132.94920100">
   </rtept>
   <rtept lat="33.66893300" lon="132.94967600">
   </rtept>
   <rtept lat="33.66896400" lon="132.94999900">
   </rtept>
   <rtept lat="33.66908300" lon="132.95022800">
   </rtept>
   <rtept lat="33.66908300" lon="132.95040800">
   </rtept>
   <rtept lat="33.66886200" lon="132.95101300">
   </rtept>
   <rtept lat="33.66875100" lon="132.95141200">
   </rtept>
   <rtept lat="33.66867200" lon="132.95175500">
   </rtept>
   <rtept lat="33.66866400" lon="132.95204900">
   </rtept>
   <rtept lat="33.66875900" lon="132.95250600">
   </rtept>
   <rtept lat="33.66877400" lon="132.95268600">
   </rtept>
   <rtept lat="33.66879800" lon="132.95328500">
   </rtept>
   <rtept lat="33.66874300" lon="132.95365600">
   </rtept>
   <rtept lat="33.66872700" lon="132.95404600">
   </rtept>
   <rtept lat="33.66864800" lon="132.95445500">
   </rtept>
   <rtept lat="33.66852100" lon="132.95488200">
   </rtept>
   <rtept lat="33.66843400" lon="132.95513900">
   </rtept>
   <rtept lat="33.66837900" lon="132.95562400">
   </rtept>
   <rtept lat="33.66838700" lon="132.95629900">
   </rtept>
   <rtept lat="33.66830400" lon="132.95695500">
   </rtept>
   <rtept lat="33.66816200" lon="132.95750600">
   </rtept>
   <rtept lat="33.66804300" lon="132.95783000">
   </rtept>
   <rtept lat="33.66779000" lon="132.95809600">
   </rtept>
   <rtept lat="33.66752100" lon="132.95828600">
   </rtept>
   <rtept lat="33.66730800" lon="132.95842900">
   </rtept>
   <rtept lat="33.66708600" lon="132.95882800">
   </rtept>
   <rtept lat="33.66684900" lon="132.95923700">
   </rtept>
   <rtept lat="33.66671400" lon="132.95963200">
   </rtept>
   <rtept lat="33.66670600" lon="132.96012700">
   </rtept>
   <rtept lat="33.66672200" lon="132.96083000">
   </rtept>
   <rtept lat="33.66660300" lon="132.96108700">
   </rtept>
   <rtept lat="33.66640500" lon="132.96148600">
   </rtept>
   <rtept lat="33.66634200" lon="132.96175200">
   </rtept>
   <rtept lat="33.66633400" lon="132.96237000">
   </rtept>
   <rtept lat="33.66633400" lon="132.96271200">
   </rtept>
   <rtept lat="33.66627900" lon="132.96319700">
   </rtept>
   <rtept lat="33.66627900" lon="132.96368200">
   </rtept>
   <rtept lat="33.66630300" lon="132.96398600">
   </rtept>
   <rtept lat="33.66650800" lon="132.96443300">
   </rtept>
   <rtept lat="33.66664300" lon="132.96472800">
   </rtept>
   <rtept lat="33.66662700" lon="132.96489900">
   </rtept>
   <rtept lat="33.66655600" lon="132.96505100">
   </rtept>
   <rtept lat="33.66658000" lon="132.96574500">
   </rtept>
   <rtept lat="33.66652400" lon="132.96607800">
   </rtept>
   <rtept lat="33.66654000" lon="132.96631600">
   </rtept>
   <rtept lat="33.66666700" lon="132.96676000">
   </rtept>
   <rtept lat="33.66692000" lon="132.96770100">
   </rtept>
   <rtept lat="33.66717300" lon="132.96830900">
   </rtept>
   <rtept lat="33.66732300" lon="132.96862300">
   </rtept>
   <rtept lat="33.66760000" lon="132.96926000">
   </rtept>
   <rtept lat="33.66770300" lon="132.96965000">
   </rtept>
   <rtept lat="33.66776600" lon="132.96999200">
   </rtept>
   <rtept lat="33.66779800" lon="132.97040100">
   </rtept>
   <rtept lat="33.66797200" lon="132.97097100">
   </rtept>
   <rtept lat="33.66802800" lon="132.97132300">
   </rtept>
   <rtept lat="33.66809100" lon="132.97172200">
   </rtept>
   <rtept lat="33.66809900" lon="132.97218800">
   </rtept>
   <rtept lat="33.66804300" lon="132.97274900">
   </rtept>
   <rtept lat="33.66794100" lon="132.97320600">
   </rtept>
   <rtept lat="33.66773500" lon="132.97353800">
   </rtept>
   <rtept lat="33.66720500" lon="132.97425100">
   </rtept>
   <rtept lat="33.66660900" lon="132.97501800">
   </rtept>
   <rtept lat="33.66622500" lon="132.97540800">
   </rtept>
   <rtept lat="33.66597600" lon="132.97564100">
   </rtept>
   <rtept lat="33.66575100" lon="132.97585500">
   </rtept>
   <rtept lat="33.66555300" lon="132.97616400">
   </rtept>
   <rtept lat="33.66545800" lon="132.97637300">
   </rtept>
   <rtept lat="33.66544200" lon="132.97669200">
   </rtept>
   <rtept lat="33.66534700" lon="132.97692900">
   </rtept>
   <rtept lat="33.66526400" lon="132.97706700">
   </rtept>
   <rtept lat="33.66526000" lon="132.97728100">
   </rtept>
   <rtept lat="33.66532300" lon="132.97752800">
   </rtept>
   <rtept lat="33.66528400" lon="132.97773700">
   </rtept>
   <rtept lat="33.66525200" lon="132.97806500">
   </rtept>
   <rtept lat="33.66529200" lon="132.97839800">
   </rtept>
   <rtept lat="33.66535100" lon="132.97867400">
   </rtept>
   <rtept lat="33.66539400" lon="132.97890200">
   </rtept>
   <rtept lat="33.66549700" lon="132.97908300">
   </rtept>
   <rtept lat="33.66556500" lon="132.97917800">
   </rtept>
   <rtept lat="33.66560400" lon="132.97939500">
   </rtept>
   <rtept lat="33.66561600" lon="132.97972800">
   </rtept>
   <rtept lat="33.66559600" lon="132.97994200">
   </rtept>
   <rtept lat="33.66562800" lon="132.98021300">
   </rtept>
   <rtept lat="33.66563600" lon="132.98050200">
   </rtept>
   <rtept lat="33.66558400" lon="132.98076900">
   </rtept>
   <rtept lat="33.66546600" lon="132.98102500">
   </rtept>
   <rtept lat="33.66531900" lon="132.98120600">
   </rtept>
   <rtept lat="33.66517300" lon="132.98127300">
   </rtept>
   <rtept lat="33.66494200" lon="132.98124900">
   </rtept>
   <rtept lat="33.66475200" lon="132.98124400">
   </rtept>
   <rtept lat="33.66463300" lon="132.98128700">
   </rtept>
   <rtept lat="33.66453000" lon="132.98135800">
   </rtept>
   <rtept lat="33.66448700" lon="132.98147700">
   </rtept>
   <rtept lat="33.66448300" lon="132.98191000">
   </rtept>
   <rtept lat="33.66455400" lon="132.98259400">
   </rtept>
   <rtept lat="33.66459800" lon="132.98284100">
   </rtept>
   <rtept lat="33.66454600" lon="132.98311200">
   </rtept>
   <rtept lat="33.66437200" lon="132.98337800">
   </rtept>
   <rtept lat="33.66417000" lon="132.98350200">
   </rtept>
   <rtept lat="33.66377900" lon="132.98366100">
   </rtept>
   <rtept lat="33.66339100" lon="132.98388400">
   </rtept>
   <rtept lat="33.66292000" lon="132.98423100">
   </rtept>
   <rtept lat="33.66273400" lon="132.98447400">
   </rtept>
   <rtept lat="33.66254400" lon="132.98501100">
   </rtept>
   <rtept lat="33.66232300" lon="132.98536700">
   </rtept>
   <rtept lat="33.66214100" lon="132.98564300">
   </rtept>
   <rtept lat="33.66205800" lon="132.98579500">
   </rtept>
   <rtept lat="33.66190300" lon="132.98581400">
   </rtept>
   <rtept lat="33.66177300" lon="132.98569100">
   </rtept>
   <rtept lat="33.66184800" lon="132.98529600">
   </rtept>
   <rtept lat="33.66210900" lon="132.98492000">
   </rtept>
   <rtept lat="33.66227500" lon="132.98460200">
   </rtept>
   <rtept lat="33.66236200" lon="132.98422200">
   </rtept>
   <rtept lat="33.66232300" lon="132.98390800">
   </rtept>
   <rtept lat="33.66224000" lon="132.98365600">
   </rtept>
   <rtept lat="33.66208500" lon="132.98347100">
   </rtept>
   <rtept lat="33.66191900" lon="132.98339000">
   </rtept>
   <rtept lat="33.66177200" lon="132.98336600">
   </rtept>
   <rtept lat="33.66145500" lon="132.98336100">
   </rtept>
   <rtept lat="33.66129700" lon="132.98334700">
   </rtept>
   <rtept lat="33.66116300" lon="132.98326100">
   </rtept>
   <rtept lat="33.66106400" lon="132.98311400">
   </rtept>
   <rtept lat="33.66104400" lon="132.98304800">
   </rtept>
   <rtept lat="33.66098900" lon="132.98299500">
   </rtept>
   <rtept lat="33.66090500" lon="132.98299100">
   </rtept>
   <rtept lat="33.66079100" lon="132.98308100">
   </rtept>
   <rtept lat="33.66057700" lon="132.98320900">
   </rtept>
   <rtept lat="33.66037500" lon="132.98322800">
   </rtept>
   <rtept lat="33.66011000" lon="132.98316200">
   </rtept>
   <rtept lat="33.65975400" lon="132.98319500">
   </rtept>
   <rtept lat="33.65920800" lon="132.98322300">
   </rtept>
   <rtept lat="33.65902200" lon="132.98323800">
   </rtept>
   <rtept lat="33.65886400" lon="132.98335200">
   </rtept>
   <rtept lat="33.65852800" lon="132.98382200">
   </rtept>
   <rtept lat="33.65830600" lon="132.98433100">
   </rtept>
   <rtept lat="33.65814000" lon="132.98485400">
   </rtept>
   <rtept lat="33.65793400" lon="132.98537200">
   </rtept>
   <rtept lat="33.65765300" lon="132.98578100">
   </rtept>
   <rtept lat="33.65751100" lon="132.98508700">
   </rtept>
   <rtept lat="33.65744900" lon="132.98473000">
   </rtept>
   <rtept lat="33.65754800" lon="132.98424500">
   </rtept>
   <rtept lat="33.65777300" lon="132.98372300">
   </rtept>
   <rtept lat="33.65817700" lon="132.98313800">
   </rtept>
   <rtept lat="33.65888100" lon="132.98186400">
   </rtept>
   <rtept lat="33.65906300" lon="132.98156400">
   </rtept>
   <rtept lat="33.65914100" lon="132.98033500">
   </rtept>
   <rtept lat="33.65904200" lon="132.97930100">
   </rtept>
   <rtept lat="33.65895800" lon="132.97835600">
   </rtept>
   <rtept lat="33.65875500" lon="132.97789900">
   </rtept>
   <rtept lat="33.65869000" lon="132.97731600">
   </rtept>
   <rtept lat="33.65868100" lon="132.97647300">
   </rtept>
   <rtept lat="33.65875500" lon="132.97591400">
   </rtept>
   <rtept lat="33.65885400" lon="132.97557000">
   </rtept>
   <rtept lat="33.65887300" lon="132.97520700">
   </rtept>
   <rtept lat="33.65885400" lon="132.97500500">
   </rtept>
   <rtept lat="33.65875000" lon="132.97479700">
   </rtept>
   <rtept lat="33.65860100" lon="132.97463700">
   </rtept>
   <rtept lat="33.65851700" lon="132.97444600">
   </rtept>
   <rtept lat="33.65849300" lon="132.97422700">
   </rtept>
   <rtept lat="33.65855700" lon="132.97378100">
   </rtept>
   <rtept lat="33.65855200" lon="132.97348600">
   </rtept>
   <rtept lat="33.65850700" lon="132.97321300">
   </rtept>
   <rtept lat="33.65853200" lon="132.97270200">
   </rtept>
   <rtept lat="33.65869500" lon="132.97222700">
   </rtept>
   <rtept lat="33.65874000" lon="132.97175700">
   </rtept>
   <rtept lat="33.65875000" lon="132.97153700">
   </rtept>
   <rtept lat="33.65864100" lon="132.97100800">
   </rtept>
   <rtept lat="33.65857700" lon="132.97067000">
   </rtept>
   <rtept lat="33.65856200" lon="132.97009300">
   </rtept>
   <rtept lat="33.65862100" lon="132.96975500">
   </rtept>
   <rtept lat="33.65897700" lon="132.96939200">
   </rtept>
   <rtept lat="33.65924900" lon="132.96917800">
   </rtept>
   <rtept lat="33.65945200" lon="132.96885200">
   </rtept>
   <rtept lat="33.65957600" lon="132.96850700">
   </rtept>
   <rtept lat="33.65966000" lon="132.96808500">
   </rtept>
   <rtept lat="33.65976400" lon="132.96770700">
   </rtept>
   <rtept lat="33.65986800" lon="132.96732100">
   </rtept>
   <rtept lat="33.66012000" lon="132.96660200">
   </rtept>
   <rtept lat="33.66029800" lon="132.96632300">
   </rtept>
   <rtept lat="33.66056500" lon="132.96606100">
   </rtept>
   <rtept lat="33.66075300" lon="132.96565100">
   </rtept>
   <rtept lat="33.66092600" lon="132.96517000">
   </rtept>
   <rtept lat="33.66098500" lon="132.96479000">
   </rtept>
   <rtept lat="33.66099000" lon="132.96449200">
   </rtept>
   <rtept lat="33.66112400" lon="132.96391600">
   </rtept>
   <rtept lat="33.66136700" lon="132.96325900">
   </rtept>
   <rtept lat="33.66152000" lon="132.96280700">
   </rtept>
   <rtept lat="33.66159900" lon="132.96249800">
   </rtept>
   <rtept lat="33.66164800" lon="132.96218400">
   </rtept>
   <rtept lat="33.66169300" lon="132.96175600">
   </rtept>
   <rtept lat="33.66185600" lon="132.96152400">
   </rtept>
   <rtept lat="33.66209900" lon="132.96138700">
   </rtept>
   <rtept lat="33.66254900" lon="132.96128000">
   </rtept>
   <rtept lat="33.66296900" lon="132.96125700">
   </rtept>
   <rtept lat="33.66329000" lon="132.96126800">
   </rtept>
   <rtept lat="33.66409700" lon="132.96139900">
   </rtept>
   <rtept lat="33.66451200" lon="132.96150600">
   </rtept>
   <rtept lat="33.66486200" lon="132.96161900">
   </rtept>
   <rtept lat="33.66501000" lon="132.96169600">
   </rtept>
   <rtept lat="33.66533700" lon="132.96172000">
   </rtept>
   <rtept lat="33.66569800" lon="132.96165500">
   </rtept>
   <rtept lat="33.66603504" lon="132.96162859">
   </rtept>
   <rtept lat="33.66628354" lon="132.96167835">
   </rtept>
 </rte>
 <rte>
  <name>SHIKOKU_EHM_11(久万郷の峠を越えるへんろみち)</name>
   <rtept lat="33.67090600" lon="132.92589900">
   </rtept>
   <rtept lat="33.67107400" lon="132.92581200">
   </rtept>
   <rtept lat="33.67132700" lon="132.92576400">
   </rtept>
   <rtept lat="33.67145500" lon="132.92555000">
   </rtept>
   <rtept lat="33.67105000" lon="132.92528300">
   </rtept>
   <rtept lat="33.67143500" lon="132.92485500">
   </rtept>
   <rtept lat="33.67166800" lon="132.92454000">
   </rtept>
   <rtept lat="33.67178200" lon="132.92432000">
   </rtept>
   <rtept lat="33.67183100" lon="132.92407300">
   </rtept>
   <rtept lat="33.67189000" lon="132.92361500">
   </rtept>
   <rtept lat="33.67195500" lon="132.92324100">
   </rtept>
   <rtept lat="33.67203900" lon="132.92288400">
   </rtept>
   <rtept lat="33.67209800" lon="132.92274200">
   </rtept>
   <rtept lat="33.67234500" lon="132.92212400">
   </rtept>
   <rtept lat="33.67248900" lon="132.92186800">
   </rtept>
   <rtept lat="33.67261700" lon="132.92160100">
   </rtept>
   <rtept lat="33.67262200" lon="132.92151200">
   </rtept>
   <rtept lat="33.67261200" lon="132.92143400">
   </rtept>
   <rtept lat="33.67252800" lon="132.92140500">
   </rtept>
   <rtept lat="33.67247900" lon="132.92145800">
   </rtept>
   <rtept lat="33.67241900" lon="132.92156500">
   </rtept>
   <rtept lat="33.67232600" lon="132.92173200">
   </rtept>
   <rtept lat="33.67222200" lon="132.92187400">
   </rtept>
   <rtept lat="33.67211800" lon="132.92198700">
   </rtept>
   <rtept lat="33.67203900" lon="132.92196300">
   </rtept>
   <rtept lat="33.67211300" lon="132.92177300">
   </rtept>
   <rtept lat="33.67224100" lon="132.92157700">
   </rtept>
   <rtept lat="33.67234500" lon="132.92127400">
   </rtept>
   <rtept lat="33.67237500" lon="132.92105400">
   </rtept>
   <rtept lat="33.67238500" lon="132.92075700">
   </rtept>
   <rtept lat="33.67236000" lon="132.92051900">
   </rtept>
   <rtept lat="33.67231600" lon="132.92047800">
   </rtept>
   <rtept lat="33.67224600" lon="132.92051300">
   </rtept>
   <rtept lat="33.67221700" lon="132.92063800">
   </rtept>
   <rtept lat="33.67219200" lon="132.92087600">
   </rtept>
   <rtept lat="33.67219200" lon="132.92111900">
   </rtept>
   <rtept lat="33.67216200" lon="132.92117300">
   </rtept>
   <rtept lat="33.67210300" lon="132.92115500">
   </rtept>
   <rtept lat="33.67204400" lon="132.92106600">
   </rtept>
   <rtept lat="33.67198400" lon="132.92079900">
   </rtept>
   <rtept lat="33.67198400" lon="132.92049600">
   </rtept>
   <rtept lat="33.67217700" lon="132.91989500">
   </rtept>
   <rtept lat="33.67223200" lon="132.91965200">
   </rtept>
   <rtept lat="33.67220200" lon="132.91930100">
   </rtept>
   <rtept lat="33.67223200" lon="132.91914700">
   </rtept>
   <rtept lat="33.67240500" lon="132.91853500">
   </rtept>
   <rtept lat="33.67268200" lon="132.91795900">
   </rtept>
   <rtept lat="33.67279500" lon="132.91772400">
   </rtept>
   <rtept lat="33.67308600" lon="132.91728200">
   </rtept>
   <rtept lat="33.67336500" lon="132.91690400">
   </rtept>
   <rtept lat="33.67343000" lon="132.91671200">
   </rtept>
   <rtept lat="33.67341200" lon="132.91640500">
   </rtept>
   <rtept lat="33.67339400" lon="132.91607700">
   </rtept>
   <rtept lat="33.67341200" lon="132.91585600">
   </rtept>
   <rtept lat="33.67353700" lon="132.91552800">
   </rtept>
   <rtept lat="33.67356600" lon="132.91536400">
   </rtept>
   <rtept lat="33.67358400" lon="132.91515700">
   </rtept>
   <rtept lat="33.67354800" lon="132.91498600">
   </rtept>
   <rtept lat="33.67342400" lon="132.91491500">
   </rtept>
   <rtept lat="33.67334100" lon="132.91493600">
   </rtept>
   <rtept lat="33.67319800" lon="132.91501500">
   </rtept>
   <rtept lat="33.67290800" lon="132.91515000">
   </rtept>
   <rtept lat="33.67264600" lon="132.91513600">
   </rtept>
   <rtept lat="33.67254000" lon="132.91518600">
   </rtept>
   <rtept lat="33.67241500" lon="132.91514300">
   </rtept>
   <rtept lat="33.67229600" lon="132.91490800">
   </rtept>
   <rtept lat="33.67211200" lon="132.91455800">
   </rtept>
   <rtept lat="33.67200600" lon="132.91448700">
   </rtept>
   <rtept lat="33.67188100" lon="132.91450800">
   </rtept>
   <rtept lat="33.67177400" lon="132.91443700">
   </rtept>
   <rtept lat="33.67175000" lon="132.91430100">
   </rtept>
   <rtept lat="33.67169100" lon="132.91410200">
   </rtept>
   <rtept lat="33.67161400" lon="132.91398800">
   </rtept>
   <rtept lat="33.67154900" lon="132.91383800">
   </rtept>
   <rtept lat="33.67160200" lon="132.91351000">
   </rtept>
   <rtept lat="33.67169700" lon="132.91317500">
   </rtept>
   <rtept lat="33.67176800" lon="132.91274700">
   </rtept>
   <rtept lat="33.67176100" lon="132.91245000">
   </rtept>
   <rtept lat="33.67170600" lon="132.91221300">
   </rtept>
   <rtept lat="33.67168200" lon="132.91208800">
   </rtept>
   <rtept lat="33.67174100" lon="132.91182600">
   </rtept>
   <rtept lat="33.67176600" lon="132.91163000">
   </rtept>
   <rtept lat="33.67185500" lon="132.91158900">
   </rtept>
   <rtept lat="33.67202800" lon="132.91149400">
   </rtept>
   <rtept lat="33.67226000" lon="132.91130400">
   </rtept>
   <rtept lat="33.67249300" lon="132.91103600">
   </rtept>
   <rtept lat="33.67260600" lon="132.91086400">
   </rtept>
   <rtept lat="33.67273500" lon="132.91067400">
   </rtept>
   <rtept lat="33.67293800" lon="132.91041200">
   </rtept>
   <rtept lat="33.67311100" lon="132.91011500">
   </rtept>
   <rtept lat="33.67320000" lon="132.90985400">
   </rtept>
   <rtept lat="33.67321000" lon="132.90972300">
   </rtept>
   <rtept lat="33.67323000" lon="132.90947300">
   </rtept>
   <rtept lat="33.67327400" lon="132.90937800">
   </rtept>
   <rtept lat="33.67336300" lon="132.90934900">
   </rtept>
   <rtept lat="33.67353100" lon="132.90924200">
   </rtept>
   <rtept lat="33.67378800" lon="132.90899800">
   </rtept>
   <rtept lat="33.67403100" lon="132.90868900">
   </rtept>
   <rtept lat="33.67414400" lon="132.90846300">
   </rtept>
   <rtept lat="33.67426800" lon="132.90816600">
   </rtept>
   <rtept lat="33.67438700" lon="132.90781600">
   </rtept>
   <rtept lat="33.67449500" lon="132.90766700">
   </rtept>
   <rtept lat="33.67457000" lon="132.90750100">
   </rtept>
   <rtept lat="33.67473300" lon="132.90734000">
   </rtept>
   <rtept lat="33.67476700" lon="132.90722100">
   </rtept>
   <rtept lat="33.67480200" lon="132.90630800">
   </rtept>
   <rtept lat="33.67488100" lon="132.90572000">
   </rtept>
   <rtept lat="33.67522700" lon="132.90510200">
   </rtept>
   <rtept lat="33.67520300" lon="132.90488800">
   </rtept>
   <rtept lat="33.67520300" lon="132.90470400">
   </rtept>
   <rtept lat="33.67527200" lon="132.90454300">
   </rtept>
   <rtept lat="33.67529200" lon="132.90435900">
   </rtept>
   <rtept lat="33.67529200" lon="132.90415100">
   </rtept>
   <rtept lat="33.67525700" lon="132.90402600">
   </rtept>
   <rtept lat="33.67517300" lon="132.90386000">
   </rtept>
   <rtept lat="33.67515800" lon="132.90361000">
   </rtept>
   <rtept lat="33.67520700" lon="132.90339100">
   </rtept>
   <rtept lat="33.67513800" lon="132.90318300">
   </rtept>
   <rtept lat="33.67515800" lon="132.90308800">
   </rtept>
   <rtept lat="33.67519800" lon="132.90285600">
   </rtept>
   <rtept lat="33.67529600" lon="132.90276700">
   </rtept>
   <rtept lat="33.67539900" lon="132.90259800">
   </rtept>
   <rtept lat="33.67542900" lon="132.90242600">
   </rtept>
   <rtept lat="33.67540900" lon="132.90218800">
   </rtept>
   <rtept lat="33.67539400" lon="132.90203900">
   </rtept>
   <rtept lat="33.67538900" lon="132.90192100">
   </rtept>
   <rtept lat="33.67539900" lon="132.90184900">
   </rtept>
   <rtept lat="33.67535500" lon="132.90180800">
   </rtept>
   <rtept lat="33.67528100" lon="132.90180800">
   </rtept>
   <rtept lat="33.67512700" lon="132.90179000">
   </rtept>
   <rtept lat="33.67506800" lon="132.90167100">
   </rtept>
   <rtept lat="33.67492500" lon="132.90135000">
   </rtept>
   <rtept lat="33.67492000" lon="132.90113000">
   </rtept>
   <rtept lat="33.67488000" lon="132.90102900">
   </rtept>
   <rtept lat="33.67480600" lon="132.90092800">
   </rtept>
   <rtept lat="33.67469700" lon="132.90088100">
   </rtept>
   <rtept lat="33.67459800" lon="132.90080300">
   </rtept>
   <rtept lat="33.67459800" lon="132.90074400">
   </rtept>
   <rtept lat="33.67449900" lon="132.90069100">
   </rtept>
   <rtept lat="33.67449400" lon="132.90060100">
   </rtept>
   <rtept lat="33.67438100" lon="132.90050600">
   </rtept>
   <rtept lat="33.67429200" lon="132.90043500">
   </rtept>
   <rtept lat="33.67428200" lon="132.90029200">
   </rtept>
   <rtept lat="33.67419300" lon="132.90027500">
   </rtept>
   <rtept lat="33.67410600" lon="132.90019500">
   </rtept>
   <rtept lat="33.67397100" lon="132.89996700">
   </rtept>
   <rtept lat="33.67346500" lon="132.89939600">
   </rtept>
   <rtept lat="33.67235700" lon="132.89864500">
   </rtept>
   <rtept lat="33.67211200" lon="132.89841700">
   </rtept>
   <rtept lat="33.67179500" lon="132.89786600">
   </rtept>
   <rtept lat="33.67205700" lon="132.89734300">
   </rtept>
   <rtept lat="33.67248400" lon="132.89725700">
   </rtept>
   <rtept lat="33.67226200" lon="132.89647800">
   </rtept>
   <rtept lat="33.67194600" lon="132.89631600">
   </rtept>
   <rtept lat="33.67128100" lon="132.89605000">
   </rtept>
   <rtept lat="33.67140800" lon="132.89502300">
   </rtept>
   <rtept lat="33.67170600" lon="132.89454200">
   </rtept>
   <rtept lat="33.67179500" lon="132.89429300">
   </rtept>
   <rtept lat="33.67178900" lon="132.89405000">
   </rtept>
   <rtept lat="33.67168200" lon="132.89397900">
   </rtept>
   <rtept lat="33.67142700" lon="132.89388600">
   </rtept>
   <rtept lat="33.67119000" lon="132.89380100">
   </rtept>
   <rtept lat="33.67113000" lon="132.89385800">
   </rtept>
   <rtept lat="33.67097000" lon="132.89395100">
   </rtept>
 </rte>
 <rte>
  <name>SHIKOKU_EHM_12(旧道三坂峠を下るみち)</name>
   <rtept lat="33.70847500" lon="132.86246900">
   </rtept>
   <rtept lat="33.70878400" lon="132.86289600">
   </rtept>
   <rtept lat="33.70904500" lon="132.86293900">
   </rtept>
   <rtept lat="33.70936500" lon="132.86308200">
   </rtept>
   <rtept lat="33.70968500" lon="132.86316700">
   </rtept>
   <rtept lat="33.70991100" lon="132.86302500">
   </rtept>
   <rtept lat="33.71008900" lon="132.86295400">
   </rtept>
   <rtept lat="33.71027800" lon="132.86279700">
   </rtept>
   <rtept lat="33.71036100" lon="132.86258300">
   </rtept>
   <rtept lat="33.71035000" lon="132.86246900">
   </rtept>
   <rtept lat="33.71046800" lon="132.86232600">
   </rtept>
   <rtept lat="33.71046800" lon="132.86195500">
   </rtept>
   <rtept lat="33.71052800" lon="132.86182700">
   </rtept>
   <rtept lat="33.71051900" lon="132.86149900">
   </rtept>
   <rtept lat="33.71061400" lon="132.86135600">
   </rtept>
   <rtept lat="33.71067300" lon="132.86132800">
   </rtept>
   <rtept lat="33.71071500" lon="132.86139900">
   </rtept>
   <rtept lat="33.71076200" lon="132.86139900">
   </rtept>
   <rtept lat="33.71086300" lon="132.86119900">
   </rtept>
   <rtept lat="33.71098800" lon="132.86115000">
   </rtept>
   <rtept lat="33.71098800" lon="132.86102100">
   </rtept>
   <rtept lat="33.71101200" lon="132.86089300">
   </rtept>
   <rtept lat="33.71107700" lon="132.86091400">
   </rtept>
   <rtept lat="33.71121900" lon="132.86095000">
   </rtept>
   <rtept lat="33.71127300" lon="132.86089300">
   </rtept>
   <rtept lat="33.71135000" lon="132.86083600">
   </rtept>
   <rtept lat="33.71132600" lon="132.86098600">
   </rtept>
   <rtept lat="33.71127300" lon="132.86124200">
   </rtept>
   <rtept lat="33.71125500" lon="132.86140600">
   </rtept>
   <rtept lat="33.71130800" lon="132.86148500">
   </rtept>
   <rtept lat="33.71139100" lon="132.86137800">
   </rtept>
   <rtept lat="33.71152200" lon="132.86135600">
   </rtept>
   <rtept lat="33.71162800" lon="132.86129200">
   </rtept>
   <rtept lat="33.71175300" lon="132.86123500">
   </rtept>
   <rtept lat="33.71187800" lon="132.86120700">
   </rtept>
   <rtept lat="33.71198400" lon="132.86120700">
   </rtept>
   <rtept lat="33.71206100" lon="132.86133500">
   </rtept>
   <rtept lat="33.71207900" lon="132.86147800">
   </rtept>
   <rtept lat="33.71215600" lon="132.86152000">
   </rtept>
   <rtept lat="33.71230500" lon="132.86147800">
   </rtept>
   <rtept lat="33.71241700" lon="132.86147800">
   </rtept>
   <rtept lat="33.71250600" lon="132.86153500">
   </rtept>
   <rtept lat="33.71255400" lon="132.86154900">
   </rtept>
   <rtept lat="33.71258300" lon="132.86146300">
   </rtept>
   <rtept lat="33.71255400" lon="132.86124900">
   </rtept>
   <rtept lat="33.71260100" lon="132.86107800">
   </rtept>
   <rtept lat="33.71265500" lon="132.86103500">
   </rtept>
   <rtept lat="33.71276700" lon="132.86108500">
   </rtept>
   <rtept lat="33.71283200" lon="132.86110700">
   </rtept>
   <rtept lat="33.71293300" lon="132.86102800">
   </rtept>
   <rtept lat="33.71301600" lon="132.86105700">
   </rtept>
   <rtept lat="33.71309900" lon="132.86112800">
   </rtept>
   <rtept lat="33.71322400" lon="132.86113500">
   </rtept>
   <rtept lat="33.71329500" lon="132.86109300">
   </rtept>
   <rtept lat="33.71335400" lon="132.86092100">
   </rtept>
   <rtept lat="33.71339600" lon="132.86077900">
   </rtept>
   <rtept lat="33.71346100" lon="132.86060800">
   </rtept>
   <rtept lat="33.71340400" lon="132.86044800">
   </rtept>
   <rtept lat="33.71342000" lon="132.85996400">
   </rtept>
   <rtept lat="33.71378300" lon="132.85942200">
   </rtept>
   <rtept lat="33.71410000" lon="132.85888000">
   </rtept>
   <rtept lat="33.71423400" lon="132.85856600">
   </rtept>
   <rtept lat="33.71436100" lon="132.85851800">
   </rtept>
   <rtept lat="33.71454300" lon="132.85853700">
   </rtept>
   <rtept lat="33.71470900" lon="132.85834700">
   </rtept>
   <rtept lat="33.71471700" lon="132.85810000">
   </rtept>
   <rtept lat="33.71487500" lon="132.85770100">
   </rtept>
   <rtept lat="33.71504100" lon="132.85765300">
   </rtept>
   <rtept lat="33.71522300" lon="132.85767200">
   </rtept>
   <rtept lat="33.71547600" lon="132.85740600">
   </rtept>
   <rtept lat="33.71546000" lon="132.85717800">
   </rtept>
   <rtept lat="33.71542800" lon="132.85678800">
   </rtept>
   <rtept lat="33.71542800" lon="132.85656000">
   </rtept>
   <rtept lat="33.71550700" lon="132.85648400">
   </rtept>
   <rtept lat="33.71567400" lon="132.85657900">
   </rtept>
   <rtept lat="33.71587900" lon="132.85650300">
   </rtept>
   <rtept lat="33.71588700" lon="132.85626500">
   </rtept>
   <rtept lat="33.71607700" lon="132.85554300">
   </rtept>
   <rtept lat="33.71625900" lon="132.85529600">
   </rtept>
   <rtept lat="33.71638500" lon="132.85496300">
   </rtept>
   <rtept lat="33.71657500" lon="132.85477300">
   </rtept>
   <rtept lat="33.71690700" lon="132.85440200">
   </rtept>
   <rtept lat="33.71697800" lon="132.85436400">
   </rtept>
   <rtept lat="33.71710500" lon="132.85401200">
   </rtept>
   <rtept lat="33.71720000" lon="132.85384100">
   </rtept>
   <rtept lat="33.71731000" lon="132.85384100">
   </rtept>
   <rtept lat="33.71746100" lon="132.85390700">
   </rtept>
   <rtept lat="33.71749000" lon="132.85384900">
   </rtept>
   <rtept lat="33.71750200" lon="132.85363500">
   </rtept>
   <rtept lat="33.71769800" lon="132.85312200">
   </rtept>
   <rtept lat="33.71779300" lon="132.85285100">
   </rtept>
   <rtept lat="33.71825000" lon="132.85240200">
   </rtept>
   <rtept lat="33.71865900" lon="132.85220200">
   </rtept>
   <rtept lat="33.71879500" lon="132.85213100">
   </rtept>
   <rtept lat="33.71899100" lon="132.85204500">
   </rtept>
   <rtept lat="33.71903800" lon="132.85186700">
   </rtept>
   <rtept lat="33.71909200" lon="132.85161700">
   </rtept>
   <rtept lat="33.71930500" lon="132.85152500">
   </rtept>
   <rtept lat="33.71944800" lon="132.85140400">
   </rtept>
   <rtept lat="33.71950100" lon="132.85126800">
   </rtept>
   <rtept lat="33.71961400" lon="132.85080500">
   </rtept>
   <rtept lat="33.71961400" lon="132.85050500">
   </rtept>
   <rtept lat="33.71960800" lon="132.85024100">
   </rtept>
   <rtept lat="33.71960800" lon="132.85013400">
   </rtept>
   <rtept lat="33.71965500" lon="132.84994200">
   </rtept>
   <rtept lat="33.71973800" lon="132.84981300">
   </rtept>
   <rtept lat="33.72009400" lon="132.84958500">
   </rtept>
   <rtept lat="33.72043800" lon="132.84929300">
   </rtept>
   <rtept lat="33.72058000" lon="132.84913200">
   </rtept>
   <rtept lat="33.72065900" lon="132.84857300">
   </rtept>
   <rtept lat="33.72063900" lon="132.84815700">
   </rtept>
   <rtept lat="33.72078800" lon="132.84776500">
   </rtept>
   <rtept lat="33.72125200" lon="132.84715900">
   </rtept>
   <rtept lat="33.72144000" lon="132.84677900">
   </rtept>
   <rtept lat="33.72154900" lon="132.84636300">
   </rtept>
   <rtept lat="33.72160800" lon="132.84582800">
   </rtept>
   <rtept lat="33.72160800" lon="132.84546000">
   </rtept>
   <rtept lat="33.72172700" lon="132.84530500">
   </rtept>
   <rtept lat="33.72190400" lon="132.84543600">
   </rtept>
   <rtept lat="33.72206300" lon="132.84556700">
   </rtept>
   <rtept lat="33.72210200" lon="132.84581600">
   </rtept>
   <rtept lat="33.72220100" lon="132.84595900">
   </rtept>
   <rtept lat="33.72232000" lon="132.84595900">
   </rtept>
   <rtept lat="33.72238900" lon="132.84582800">
   </rtept>
   <rtept lat="33.72250700" lon="132.84569700">
   </rtept>
   <rtept lat="33.72269500" lon="132.84561400">
   </rtept>
   <rtept lat="33.72280400" lon="132.84561400">
   </rtept>
   <rtept lat="33.72309100" lon="132.84556700">
   </rtept>
   <rtept lat="33.72328800" lon="132.84542400">
   </rtept>
   <rtept lat="33.72341700" lon="132.84531700">
   </rtept>
   <rtept lat="33.72351600" lon="132.84512700">
   </rtept>
   <rtept lat="33.72367400" lon="132.84504400">
   </rtept>
   <rtept lat="33.72420800" lon="132.84477000">
   </rtept>
   <rtept lat="33.72450400" lon="132.84461600">
   </rtept>
   <rtept lat="33.72472100" lon="132.84436600">
   </rtept>
   <rtept lat="33.72463300" lon="132.84429500">
   </rtept>
   <rtept lat="33.72457300" lon="132.84418800">
   </rtept>
   <rtept lat="33.72461300" lon="132.84408100">
   </rtept>
   <rtept lat="33.72482000" lon="132.84406900">
   </rtept>
   <rtept lat="33.72508700" lon="132.84410500">
   </rtept>
   <rtept lat="33.72524500" lon="132.84412900">
   </rtept>
   <rtept lat="33.72540500" lon="132.84397400">
   </rtept>
   <rtept lat="33.72571200" lon="132.84389100">
   </rtept>
   <rtept lat="33.72597900" lon="132.84361800">
   </rtept>
   <rtept lat="33.72608700" lon="132.84349900">
   </rtept>
   <rtept lat="33.72617600" lon="132.84348700">
   </rtept>
   <rtept lat="33.72624600" lon="132.84357000">
   </rtept>
   <rtept lat="33.72622600" lon="132.84374800">
   </rtept>
   <rtept lat="33.72619600" lon="132.84389100">
   </rtept>
   <rtept lat="33.72622600" lon="132.84396200">
   </rtept>
   <rtept lat="33.72631500" lon="132.84395000">
   </rtept>
   <rtept lat="33.72637400" lon="132.84386700">
   </rtept>
   <rtept lat="33.72638400" lon="132.84382000">
   </rtept>
   <rtept lat="33.72652200" lon="132.84374800">
   </rtept>
   <rtept lat="33.72742200" lon="132.84383100">
   </rtept>
   <rtept lat="33.72791600" lon="132.84348700">
   </rtept>
   <rtept lat="33.72795600" lon="132.84335600">
   </rtept>
   <rtept lat="33.72789600" lon="132.84327300">
   </rtept>
   <rtept lat="33.72772800" lon="132.84327300">
   </rtept>
   <rtept lat="33.72767900" lon="132.84338000">
   </rtept>
   <rtept lat="33.72757000" lon="132.84342700">
   </rtept>
   <rtept lat="33.72750100" lon="132.84338000">
   </rtept>
   <rtept lat="33.72753000" lon="132.84314200">
   </rtept>
   <rtept lat="33.72784700" lon="132.84265500">
   </rtept>
   <rtept lat="33.72800500" lon="132.84260700">
   </rtept>
   <rtept lat="33.72846000" lon="132.84263100">
   </rtept>
   <rtept lat="33.72892400" lon="132.84231000">
   </rtept>
   <rtept lat="33.72906200" lon="132.84212000">
   </rtept>
   <rtept lat="33.72915100" lon="132.84183500">
   </rtept>
   <rtept lat="33.72941800" lon="132.84157400">
   </rtept>
   <rtept lat="33.72982400" lon="132.84141900">
   </rtept>
   <rtept lat="33.73032800" lon="132.84144300">
   </rtept>
   <rtept lat="33.73053500" lon="132.84150200">
   </rtept>
   <rtept lat="33.73068300" lon="132.84143100">
   </rtept>
   <rtept lat="33.73083200" lon="132.84157400">
   </rtept>
   <rtept lat="33.73098000" lon="132.84163300">
   </rtept>
   <rtept lat="33.73122700" lon="132.84164500">
   </rtept>
   <rtept lat="33.73146400" lon="132.84159700">
   </rtept>
   <rtept lat="33.73176300" lon="132.84141400">
   </rtept>
   <rtept lat="33.73209900" lon="132.84116500">
   </rtept>
   <rtept lat="33.73240500" lon="132.84112900">
   </rtept>
   <rtept lat="33.73266200" lon="132.84109300">
   </rtept>
   <rtept lat="33.73300800" lon="132.84095100">
   </rtept>
   <rtept lat="33.73317600" lon="132.84103400">
   </rtept>
   <rtept lat="33.73340300" lon="132.84112900">
   </rtept>
   <rtept lat="33.73376900" lon="132.84108200">
   </rtept>
   <rtept lat="33.73407500" lon="132.84099800">
   </rtept>
   <rtept lat="33.73435200" lon="132.84093900">
   </rtept>
   <rtept lat="33.73459900" lon="132.84089100">
   </rtept>
   <rtept lat="33.73483600" lon="132.84079600">
   </rtept>
   <rtept lat="33.73504400" lon="132.84049900">
   </rtept>
   <rtept lat="33.73526100" lon="132.84030900">
   </rtept>
   <rtept lat="33.73545900" lon="132.84026200">
   </rtept>
   <rtept lat="33.73579500" lon="132.84026200">
   </rtept>
   <rtept lat="33.73609100" lon="132.84017800">
   </rtept>
   <rtept lat="33.73634800" lon="132.84003600">
   </rtept>
   <rtept lat="33.73647700" lon="132.83995300">
   </rtept>
   <rtept lat="33.73660500" lon="132.83953700">
   </rtept>
   <rtept lat="33.73674400" lon="132.83937000">
   </rtept>
   <rtept lat="33.73715900" lon="132.83918000">
   </rtept>
   <rtept lat="33.73748100" lon="132.83910900">
   </rtept>
   <rtept lat="33.73764900" lon="132.83920400">
   </rtept>
   <rtept lat="33.73782700" lon="132.83941800">
   </rtept>
   <rtept lat="33.73802400" lon="132.83946500">
   </rtept>
   <rtept lat="33.73826200" lon="132.83963200">
   </rtept>
   <rtept lat="33.73851900" lon="132.83913300">
   </rtept>
   <rtept lat="33.73878500" lon="132.83875200">
   </rtept>
   <rtept lat="33.73912100" lon="132.83844300">
   </rtept>
   <rtept lat="33.73934900" lon="132.83827700">
   </rtept>
   <rtept lat="33.73964500" lon="132.83817000">
   </rtept>
   <rtept lat="33.73998100" lon="132.83813400">
   </rtept>
   <rtept lat="33.74068300" lon="132.83789700">
   </rtept>
   <rtept lat="33.74165900" lon="132.83733800">
   </rtept>
   <rtept lat="33.74196600" lon="132.83710000">
   </rtept>
   <rtept lat="33.74224200" lon="132.83686300">
   </rtept>
   <rtept lat="33.74262800" lon="132.83668400">
   </rtept>
   <rtept lat="33.74273600" lon="132.83653000">
   </rtept>
   <rtept lat="33.74308200" lon="132.83517500">
   </rtept>
   <rtept lat="33.74345800" lon="132.83409400">
   </rtept>
   <rtept lat="33.74359600" lon="132.83351100">
   </rtept>
   <rtept lat="33.74357600" lon="132.83289300">
   </rtept>
   <rtept lat="33.74346800" lon="132.83207300">
   </rtept>
   <rtept lat="33.74337900" lon="132.83180000">
   </rtept>
   <rtept lat="33.74333900" lon="132.83166100">
   </rtept>
   <rtept lat="33.74338900" lon="132.83142300">
   </rtept>
   <rtept lat="33.74357600" lon="132.83101900">
   </rtept>
   <rtept lat="33.74386300" lon="132.83037800">
   </rtept>
   <rtept lat="33.74417900" lon="132.82967600">
   </rtept>
   <rtept lat="33.74466300" lon="132.82910600">
   </rtept>
   <rtept lat="33.74518700" lon="132.82854800">
   </rtept>
   <rtept lat="33.74559200" lon="132.82808400">
   </rtept>
   <rtept lat="33.74578000" lon="132.82791800">
   </rtept>
   <rtept lat="33.74611600" lon="132.82768000">
   </rtept>
   <rtept lat="33.74716500" lon="132.82707400">
   </rtept>
   <rtept lat="33.74714600" lon="132.82680100">
   </rtept>
   <rtept lat="33.74734300" lon="132.82638500">
   </rtept>
   <rtept lat="33.74750100" lon="132.82623000">
   </rtept>
   <rtept lat="33.74785700" lon="132.82614700">
   </rtept>
   <rtept lat="33.74837100" lon="132.82592100">
   </rtept>
   <rtept lat="33.74895400" lon="132.82516100">
   </rtept>
   <rtept lat="33.74941800" lon="132.82432900">
   </rtept>
   <rtept lat="33.74978400" lon="132.82360400">
   </rtept>
   <rtept lat="33.75058400" lon="132.82289100">
   </rtept>
   <rtept lat="33.75163200" lon="132.82194000">
   </rtept>
   <rtept lat="33.75199700" lon="132.82158300">
   </rtept>
   <rtept lat="33.75240200" lon="132.82094200">
   </rtept>
   <rtept lat="33.75299800" lon="132.82003800">
   </rtept>
   <rtept lat="33.75335400" lon="132.81977600">
   </rtept>
   <rtept lat="33.75389700" lon="132.81966900">
   </rtept>
   <rtept lat="33.75396600" lon="132.81888500">
   </rtept>
   <rtept lat="33.75398600" lon="132.81862300">
   </rtept>
   <rtept lat="33.75392700" lon="132.81849300">
   </rtept>
   <rtept lat="33.75390700" lon="132.81831400">
   </rtept>
   <rtept lat="33.75398600" lon="132.81819600">
   </rtept>
   <rtept lat="33.75399600" lon="132.81807700">
   </rtept>
   <rtept lat="33.75409500" lon="132.81762500">
   </rtept>
   <rtept lat="33.75413400" lon="132.81747100">
   </rtept>
   <rtept lat="33.75442100" lon="132.81741100">
   </rtept>
   <rtept lat="33.75462800" lon="132.81739900">
   </rtept>
   <rtept lat="33.75478600" lon="132.81756600">
   </rtept>
   <rtept lat="33.75492500" lon="132.81767300">
   </rtept>
   <rtept lat="33.75565600" lon="132.81766100">
   </rtept>
   <rtept lat="33.75565600" lon="132.81703100">
   </rtept>
   <rtept lat="33.75586300" lon="132.81663900">
   </rtept>
   <rtept lat="33.75591300" lon="132.81622300">
   </rtept>
   <rtept lat="33.75598200" lon="132.81590200">
   </rtept>
   <rtept lat="33.75617900" lon="132.81554500">
   </rtept>
   <rtept lat="33.75569500" lon="132.81520100">
   </rtept>
   <rtept lat="33.75606100" lon="132.81445200">
   </rtept>
   <rtept lat="33.75635700" lon="132.81446400">
   </rtept>
   <rtept lat="33.75658500" lon="132.81439300">
   </rtept>
   <rtept lat="33.75682200" lon="132.81435700">
   </rtept>
   <rtept lat="33.75776000" lon="132.81435700">
   </rtept>
   <rtept lat="33.75783900" lon="132.81334400">
   </rtept>
 </rte>
 <rte>
  <name>SHIKOKU_EHM_28(支1・四国カルストルート)</name>
   <rtept lat="33.60045200" lon="132.98096000">
   </rtept>
   <rtept lat="33.60066900" lon="132.98077000">
   </rtept>
   <rtept lat="33.60078800" lon="132.98050900">
   </rtept>
   <rtept lat="33.60086700" lon="132.98017600">
   </rtept>
   <rtept lat="33.60099600" lon="132.97995000">
   </rtept>
   <rtept lat="33.60115400" lon="132.97986700">
   </rtept>
   <rtept lat="33.60149100" lon="132.97990300">
   </rtept>
   <rtept lat="33.60193600" lon="132.97989100">
   </rtept>
   <rtept lat="33.60220400" lon="132.97979600">
   </rtept>
   <rtept lat="33.60243100" lon="132.97964100">
   </rtept>
   <rtept lat="33.60259000" lon="132.97947500">
   </rtept>
   <rtept lat="33.60267900" lon="132.97934400">
   </rtept>
   <rtept lat="33.60274800" lon="132.97938000">
   </rtept>
   <rtept lat="33.60276800" lon="132.97952200">
   </rtept>
   <rtept lat="33.60258000" lon="132.97974800">
   </rtept>
   <rtept lat="33.60241100" lon="132.98010500">
   </rtept>
   <rtept lat="33.60225300" lon="132.98029500">
   </rtept>
   <rtept lat="33.60199600" lon="132.98046100">
   </rtept>
   <rtept lat="33.60178800" lon="132.98058000">
   </rtept>
   <rtept lat="33.60163900" lon="132.98063900">
   </rtept>
   <rtept lat="33.60170900" lon="132.98077000">
   </rtept>
   <rtept lat="33.60201600" lon="132.98074600">
   </rtept>
   <rtept lat="33.60246100" lon="132.98068700">
   </rtept>
   <rtept lat="33.60273800" lon="132.98061600">
   </rtept>
   <rtept lat="33.60298600" lon="132.98028300">
   </rtept>
   <rtept lat="33.60337200" lon="132.98024700">
   </rtept>
   <rtept lat="33.60364900" lon="132.97995000">
   </rtept>
   <rtept lat="33.60391600" lon="132.98003300">
   </rtept>
   <rtept lat="33.60421300" lon="132.98012800">
   </rtept>
   <rtept lat="33.60468800" lon="132.97992600">
   </rtept>
   <rtept lat="33.60499500" lon="132.97960500">
   </rtept>
   <rtept lat="33.60514300" lon="132.97932000">
   </rtept>
   <rtept lat="33.60562000" lon="132.97910600">
   </rtept>
   <rtept lat="33.60601600" lon="132.97864300">
   </rtept>
   <rtept lat="33.60622400" lon="132.97832200">
   </rtept>
   <rtept lat="33.60633300" lon="132.97806100">
   </rtept>
   <rtept lat="33.60643200" lon="132.97801300">
   </rtept>
   <rtept lat="33.60664000" lon="132.97817900">
   </rtept>
   <rtept lat="33.60705600" lon="132.97822700">
   </rtept>
   <rtept lat="33.60771900" lon="132.97844100">
   </rtept>
   <rtept lat="33.60807500" lon="132.97908300">
   </rtept>
   <rtept lat="33.60830300" lon="132.97924900">
   </rtept>
   <rtept lat="33.60839200" lon="132.97949800">
   </rtept>
   <rtept lat="33.60911400" lon="132.97995000">
   </rtept>
   <rtept lat="33.60929200" lon="132.98018800">
   </rtept>
   <rtept lat="33.60933200" lon="132.98041400">
   </rtept>
   <rtept lat="33.60938100" lon="132.98080600">
   </rtept>
   <rtept lat="33.60947000" lon="132.98099600">
   </rtept>
   <rtept lat="33.60985600" lon="132.98112700">
   </rtept>
   <rtept lat="33.61003500" lon="132.98124500">
   </rtept>
   <rtept lat="33.61028200" lon="132.98153100">
   </rtept>
   <rtept lat="33.61048000" lon="132.98178000">
   </rtept>
   <rtept lat="33.61080700" lon="132.98192300">
   </rtept>
   <rtept lat="33.61145000" lon="132.98200600">
   </rtept>
   <rtept lat="33.61218200" lon="132.98160200">
   </rtept>
   <rtept lat="33.61243000" lon="132.98137600">
   </rtept>
   <rtept lat="33.61251900" lon="132.98099600">
   </rtept>
   <rtept lat="33.61259800" lon="132.98069900">
   </rtept>
   <rtept lat="33.61268700" lon="132.98068700">
   </rtept>
   <rtept lat="33.61276000" lon="132.98069900">
   </rtept>
   <rtept lat="33.61274500" lon="132.98081800">
   </rtept>
   <rtept lat="33.61267100" lon="132.98113800">
   </rtept>
   <rtept lat="33.61266100" lon="132.98128100">
   </rtept>
   <rtept lat="33.61275500" lon="132.98127500">
   </rtept>
   <rtept lat="33.61291900" lon="132.98101400">
   </rtept>
   <rtept lat="33.61303200" lon="132.98065100">
   </rtept>
   <rtept lat="33.61304700" lon="132.98040200">
   </rtept>
   <rtept lat="33.61297300" lon="132.98027100">
   </rtept>
   <rtept lat="33.61280000" lon="132.98012800">
   </rtept>
   <rtept lat="33.61265600" lon="132.97990800">
   </rtept>
   <rtept lat="33.61252800" lon="132.97946900">
   </rtept>
   <rtept lat="33.61238900" lon="132.97914200">
   </rtept>
   <rtept lat="33.61226500" lon="132.97875000">
   </rtept>
   <rtept lat="33.61219600" lon="132.97852400">
   </rtept>
   <rtept lat="33.61208700" lon="132.97814400">
   </rtept>
   <rtept lat="33.61206800" lon="132.97786400">
   </rtept>
   <rtept lat="33.61211700" lon="132.97769200">
   </rtept>
   <rtept lat="33.61215700" lon="132.97747800">
   </rtept>
   <rtept lat="33.61216600" lon="132.97725900">
   </rtept>
   <rtept lat="33.61227900" lon="132.97676700">
   </rtept>
   <rtept lat="33.61238600" lon="132.97661000">
   </rtept>
   <rtept lat="33.61248700" lon="132.97624600">
   </rtept>
   <rtept lat="33.61282000" lon="132.97593900">
   </rtept>
   <rtept lat="33.61387700" lon="132.97531900">
   </rtept>
   <rtept lat="33.61416200" lon="132.97452800">
   </rtept>
   <rtept lat="33.61441700" lon="132.97415700">
   </rtept>
   <rtept lat="33.61471400" lon="132.97371500">
   </rtept>
   <rtept lat="33.61482100" lon="132.97263100">
   </rtept>
   <rtept lat="33.61485600" lon="132.97159700">
   </rtept>
   <rtept lat="33.61476700" lon="132.97092700">
   </rtept>
   <rtept lat="33.61475000" lon="132.97038000">
   </rtept>
   <rtept lat="33.61480900" lon="132.96938200">
   </rtept>
   <rtept lat="33.61489200" lon="132.96889000">
   </rtept>
   <rtept lat="33.61545600" lon="132.96838300">
   </rtept>
   <rtept lat="33.61573500" lon="132.96826900">
   </rtept>
   <rtept lat="33.61612200" lon="132.96793400">
   </rtept>
   <rtept lat="33.61675200" lon="132.96767000">
   </rtept>
   <rtept lat="33.61747600" lon="132.96732100">
   </rtept>
   <rtept lat="33.61788600" lon="132.96728500">
   </rtept>
   <rtept lat="33.61877700" lon="132.96742800">
   </rtept>
   <rtept lat="33.61911500" lon="132.96745600">
   </rtept>
   <rtept lat="33.61989300" lon="132.96717100">
   </rtept>
   <rtept lat="33.62037300" lon="132.96695000">
   </rtept>
   <rtept lat="33.62083000" lon="132.96655100">
   </rtept>
   <rtept lat="33.62097800" lon="132.96628700">
   </rtept>
   <rtept lat="33.62091900" lon="132.96538900">
   </rtept>
   <rtept lat="33.62080000" lon="132.96506800">
   </rtept>
   <rtept lat="33.62053900" lon="132.96491100">
   </rtept>
   <rtept lat="33.62020000" lon="132.96472500">
   </rtept>
   <rtept lat="33.61986200" lon="132.96451200">
   </rtept>
   <rtept lat="33.61976100" lon="132.96435500">
   </rtept>
   <rtept lat="33.61973700" lon="132.96404100">
   </rtept>
   <rtept lat="33.61972000" lon="132.96370600">
   </rtept>
   <rtept lat="33.61978500" lon="132.96339900">
   </rtept>
   <rtept lat="33.62002200" lon="132.96280900">
   </rtept>
   <rtept lat="33.62057500" lon="132.96218900">
   </rtept>
   <rtept lat="33.62090100" lon="132.96188300">
   </rtept>
   <rtept lat="33.62110900" lon="132.96138300">
   </rtept>
   <rtept lat="33.62115000" lon="132.96082000">
   </rtept>
   <rtept lat="33.62106700" lon="132.96034200">
   </rtept>
   <rtept lat="33.62088300" lon="132.96005700">
   </rtept>
   <rtept lat="33.62081800" lon="132.96001400">
   </rtept>
   <rtept lat="33.62046200" lon="132.96057800">
   </rtept>
   <rtept lat="33.62003400" lon="132.96064200">
   </rtept>
   <rtept lat="33.61953000" lon="132.96068500">
   </rtept>
   <rtept lat="33.61896500" lon="132.96059900">
   </rtept>
   <rtept lat="33.61855500" lon="132.96051300">
   </rtept>
   <rtept lat="33.61817400" lon="132.96039900">
   </rtept>
   <rtept lat="33.61746200" lon="132.96002900">
   </rtept>
   <rtept lat="33.61695700" lon="132.95979300">
   </rtept>
   <rtept lat="33.61711200" lon="132.95915900">
   </rtept>
   <rtept lat="33.61658900" lon="132.95877400">
   </rtept>
   <rtept lat="33.61601300" lon="132.95838900">
   </rtept>
   <rtept lat="33.61547900" lon="132.95805400">
   </rtept>
   <rtept lat="33.61539000" lon="132.95784700">
   </rtept>
   <rtept lat="33.61550200" lon="132.95678400">
   </rtept>
   <rtept lat="33.61564500" lon="132.95514700">
   </rtept>
   <rtept lat="33.61573400" lon="132.95479800">
   </rtept>
   <rtept lat="33.61609600" lon="132.95399900">
   </rtept>
   <rtept lat="33.61623300" lon="132.95312200">
   </rtept>
   <rtept lat="33.61618500" lon="132.95186700">
   </rtept>
   <rtept lat="33.61608400" lon="132.95122500">
   </rtept>
   <rtept lat="33.61608400" lon="132.95094000">
   </rtept>
   <rtept lat="33.61612600" lon="132.95067300">
   </rtept>
   <rtept lat="33.61659500" lon="132.94956000">
   </rtept>
   <rtept lat="33.61693900" lon="132.94849800">
   </rtept>
   <rtept lat="33.61707600" lon="132.94755700">
   </rtept>
   <rtept lat="33.61712900" lon="132.94682200">
   </rtept>
   <rtept lat="33.61694500" lon="132.94598100">
   </rtept>
   <rtept lat="33.61674900" lon="132.94538500">
   </rtept>
   <rtept lat="33.61660100" lon="132.94463600">
   </rtept>
   <rtept lat="33.61682700" lon="132.94447900">
   </rtept>
   <rtept lat="33.61713500" lon="132.94421600">
   </rtept>
   <rtept lat="33.61743200" lon="132.94412300">
   </rtept>
   <rtept lat="33.61793100" lon="132.94407300">
   </rtept>
   <rtept lat="33.61826400" lon="132.94410100">
   </rtept>
   <rtept lat="33.61845400" lon="132.94421600">
   </rtept>
   <rtept lat="33.61865000" lon="132.94463600">
   </rtept>
   <rtept lat="33.61881000" lon="132.94490000">
   </rtept>
   <rtept lat="33.61892900" lon="132.94495700">
   </rtept>
   <rtept lat="33.61952800" lon="132.94496400">
   </rtept>
   <rtept lat="33.62017900" lon="132.94485000">
   </rtept>
   <rtept lat="33.62071300" lon="132.94469300">
   </rtept>
   <rtept lat="33.62121200" lon="132.94440800">
   </rtept>
   <rtept lat="33.62153900" lon="132.94420100">
   </rtept>
   <rtept lat="33.62253000" lon="132.94420800">
   </rtept>
   <rtept lat="33.62289300" lon="132.94431500">
   </rtept>
   <rtept lat="33.62323700" lon="132.94457200">
   </rtept>
   <rtept lat="33.62364700" lon="132.94480000">
   </rtept>
   <rtept lat="33.62382400" lon="132.94473600">
   </rtept>
   <rtept lat="33.62422100" lon="132.94445800">
   </rtept>
   <rtept lat="33.62445900" lon="132.94429400">
   </rtept>
   <rtept lat="33.62466100" lon="132.94420800">
   </rtept>
   <rtept lat="33.62496900" lon="132.94387300">
   </rtept>
   <rtept lat="33.62537300" lon="132.94347400">
   </rtept>
   <rtept lat="33.62564000" lon="132.94325300">
   </rtept>
   <rtept lat="33.62593700" lon="132.94324600">
   </rtept>
   <rtept lat="33.62654900" lon="132.94336000">
   </rtept>
   <rtept lat="33.62702400" lon="132.94353800">
   </rtept>
   <rtept lat="33.62750600" lon="132.94363800">
   </rtept>
   <rtept lat="33.62774900" lon="132.94370900">
   </rtept>
   <rtept lat="33.62824800" lon="132.94392300">
   </rtept>
   <rtept lat="33.62885400" lon="132.94408000">
   </rtept>
   <rtept lat="33.62923900" lon="132.94420800">
   </rtept>
   <rtept lat="33.62950100" lon="132.94422300">
   </rtept>
   <rtept lat="33.62969100" lon="132.94411600">
   </rtept>
   <rtept lat="33.62976200" lon="132.94389500">
   </rtept>
   <rtept lat="33.62972600" lon="132.94329600">
   </rtept>
   <rtept lat="33.62970800" lon="132.94261800">
   </rtept>
   <rtept lat="33.62975000" lon="132.94206900">
   </rtept>
   <rtept lat="33.62982100" lon="132.94159900">
   </rtept>
   <rtept lat="33.62992800" lon="132.94127800">
   </rtept>
   <rtept lat="33.63004100" lon="132.94114900">
   </rtept>
   <rtept lat="33.63041500" lon="132.94124200">
   </rtept>
   <rtept lat="33.63095500" lon="132.94119200">
   </rtept>
   <rtept lat="33.63143400" lon="132.94101400">
   </rtept>
   <rtept lat="33.63222300" lon="132.94134200">
   </rtept>
   <rtept lat="33.63252600" lon="132.94149900">
   </rtept>
   <rtept lat="33.63253200" lon="132.94177000">
   </rtept>
   <rtept lat="33.63261500" lon="132.94202700">
   </rtept>
   <rtept lat="33.63300700" lon="132.94254700">
   </rtept>
   <rtept lat="33.63348800" lon="132.94320300">
   </rtept>
   <rtept lat="33.63395700" lon="132.94348100">
   </rtept>
   <rtept lat="33.63461600" lon="132.94364500">
   </rtept>
   <rtept lat="33.63595300" lon="132.94360200">
   </rtept>
   <rtept lat="33.63681400" lon="132.94350300">
   </rtept>
   <rtept lat="33.63735400" lon="132.94303200">
   </rtept>
   <rtept lat="33.63758500" lon="132.94282500">
   </rtept>
   <rtept lat="33.63813200" lon="132.94260400">
   </rtept>
   <rtept lat="33.63840500" lon="132.94263300">
   </rtept>
   <rtept lat="33.63879000" lon="132.94234000">
   </rtept>
   <rtept lat="33.63914100" lon="132.94215500">
   </rtept>
   <rtept lat="33.63970500" lon="132.94205500">
   </rtept>
   <rtept lat="33.64028600" lon="132.94204100">
   </rtept>
   <rtept lat="33.64060700" lon="132.94185500">
   </rtept>
   <rtept lat="33.64072600" lon="132.94149200">
   </rtept>
   <rtept lat="33.64085600" lon="132.94103500">
   </rtept>
   <rtept lat="33.64102800" lon="132.94095000">
   </rtept>
   <rtept lat="33.64181600" lon="132.94114200">
   </rtept>
   <rtept lat="33.64267600" lon="132.94135600">
   </rtept>
   <rtept lat="33.64318100" lon="132.94133500">
   </rtept>
   <rtept lat="33.64346600" lon="132.94114900">
   </rtept>
   <rtept lat="33.64362600" lon="132.94081400">
   </rtept>
   <rtept lat="33.64370300" lon="132.94037900">
   </rtept>
   <rtept lat="33.64369700" lon="132.93966600">
   </rtept>
   <rtept lat="33.64366700" lon="132.93915200">
   </rtept>
   <rtept lat="33.64342400" lon="132.93841100">
   </rtept>
   <rtept lat="33.64336400" lon="132.93791200">
   </rtept>
   <rtept lat="33.64353100" lon="132.93760500">
   </rtept>
   <rtept lat="33.64378600" lon="132.93762600">
   </rtept>
   <rtept lat="33.64418300" lon="132.93779000">
   </rtept>
   <rtept lat="33.64451600" lon="132.93771900">
   </rtept>
   <rtept lat="33.64473600" lon="132.93750500">
   </rtept>
   <rtept lat="33.64489600" lon="132.93700600">
   </rtept>
   <rtept lat="33.64516300" lon="132.93652100">
   </rtept>
   <rtept lat="33.64532300" lon="132.93619300">
   </rtept>
   <rtept lat="33.64530500" lon="132.93583700">
   </rtept>
   <rtept lat="33.64529900" lon="132.93550200">
   </rtept>
   <rtept lat="33.64535300" lon="132.93531600">
   </rtept>
   <rtept lat="33.64544800" lon="132.93529500">
   </rtept>
   <rtept lat="33.64567300" lon="132.93543000">
   </rtept>
   <rtept lat="33.64587800" lon="132.93551400">
   </rtept>
   <rtept lat="33.64617900" lon="132.93522900">
   </rtept>
   <rtept lat="33.64641600" lon="132.93505800">
   </rtept>
   <rtept lat="33.64657400" lon="132.93474400">
   </rtept>
   <rtept lat="33.64708100" lon="132.93410700">
   </rtept>
   <rtept lat="33.64737400" lon="132.93360300">
   </rtept>
   <rtept lat="33.64761100" lon="132.93326100">
   </rtept>
   <rtept lat="33.64798300" lon="132.93301300">
   </rtept>
   <rtept lat="33.64866400" lon="132.93266200">
   </rtept>
   <rtept lat="33.64969300" lon="132.93232900">
   </rtept>
   <rtept lat="33.65069900" lon="132.93212900">
   </rtept>
   <rtept lat="33.65123800" lon="132.93192000">
   </rtept>
   <rtept lat="33.65151500" lon="132.93165400">
   </rtept>
   <rtept lat="33.65175200" lon="132.93130200">
   </rtept>
   <rtept lat="33.65208400" lon="132.93099800">
   </rtept>
   <rtept lat="33.65245600" lon="132.93086500">
   </rtept>
   <rtept lat="33.65273300" lon="132.93085500">
   </rtept>
   <rtept lat="33.65303400" lon="132.93084600">
   </rtept>
   <rtept lat="33.65314500" lon="132.93079800">
   </rtept>
   <rtept lat="33.65336600" lon="132.93064600">
   </rtept>
   <rtept lat="33.65370700" lon="132.93035100">
   </rtept>
   <rtept lat="33.65423700" lon="132.92995200">
   </rtept>
   <rtept lat="33.65498100" lon="132.92913500">
   </rtept>
   <rtept lat="33.65564600" lon="132.92842100">
   </rtept>
   <rtept lat="33.65619200" lon="132.92805000">
   </rtept>
   <rtept lat="33.65678600" lon="132.92790700">
   </rtept>
   <rtept lat="33.65718900" lon="132.92782200">
   </rtept>
   <rtept lat="33.65753400" lon="132.92767900">
   </rtept>
   <rtept lat="33.65815100" lon="132.92700900">
   </rtept>
   <rtept lat="33.65834100" lon="132.92683800">
   </rtept>
   <rtept lat="33.65974100" lon="132.92615300">
   </rtept>
   <rtept lat="33.66162900" lon="132.92532600">
   </rtept>
   <rtept lat="33.66183100" lon="132.92524100">
   </rtept>
   <rtept lat="33.66210400" lon="132.92526900">
   </rtept>
   <rtept lat="33.66241200" lon="132.92535500">
   </rtept>
   <rtept lat="33.66273300" lon="132.92555400">
   </rtept>
   <rtept lat="33.66302900" lon="132.92568300">
   </rtept>
   <rtept lat="33.66323700" lon="132.92572000">
   </rtept>
   <rtept lat="33.66384200" lon="132.92562000">
   </rtept>
   <rtept lat="33.66439400" lon="132.92549900">
   </rtept>
   <rtept lat="33.66465000" lon="132.92531300">
   </rtept>
   <rtept lat="33.66496400" lon="132.92504200">
   </rtept>
   <rtept lat="33.66519000" lon="132.92471400">
   </rtept>
   <rtept lat="33.66545100" lon="132.92423700">
   </rtept>
   <rtept lat="33.66555200" lon="132.92427200">
   </rtept>
   <rtept lat="33.66627000" lon="132.92495700">
   </rtept>
   <rtept lat="33.66660200" lon="132.92490000">
   </rtept>
   <rtept lat="33.66761000" lon="132.92524900">
   </rtept>
   <rtept lat="33.66781700" lon="132.92524900">
   </rtept>
   <rtept lat="33.66793600" lon="132.92519900">
   </rtept>
   <rtept lat="33.66813800" lon="132.92491400">
   </rtept>
   <rtept lat="33.66828000" lon="132.92473600">
   </rtept>
   <rtept lat="33.66839900" lon="132.92468600">
   </rtept>
   <rtept lat="33.66908100" lon="132.92484300">
   </rtept>
   <rtept lat="33.66915300" lon="132.92497800">
   </rtept>
   <rtept lat="33.66931900" lon="132.92534200">
   </rtept>
   <rtept lat="33.66976400" lon="132.92577700">
   </rtept>
   <rtept lat="33.67011400" lon="132.92526300">
   </rtept>
   <rtept lat="33.67038700" lon="132.92545800">
   </rtept>
   <rtept lat="33.67075300" lon="132.92573100">
   </rtept>
   <rtept lat="33.67090600" lon="132.92589900">
   </rtept>
 </rte>
 <rte>
  <name>SHIKOKU_EHM_29(支2・四国カルストルート)</name>
   <rtept lat="33.58715900" lon="132.94801600">
   </rtept>
   <rtept lat="33.58678300" lon="132.94796900">
   </rtept>
   <rtept lat="33.58651500" lon="132.94793300">
   </rtept>
   <rtept lat="33.58634700" lon="132.94789700">
   </rtept>
   <rtept lat="33.58620800" lon="132.94793300">
   </rtept>
   <rtept lat="33.58609000" lon="132.94805200">
   </rtept>
   <rtept lat="33.58616900" lon="132.94820600">
   </rtept>
   <rtept lat="33.58630700" lon="132.94827800">
   </rtept>
   <rtept lat="33.58646600" lon="132.94825400">
   </rtept>
   <rtept lat="33.58659500" lon="132.94831300">
   </rtept>
   <rtept lat="33.58668400" lon="132.94839600">
   </rtept>
   <rtept lat="33.58686200" lon="132.94839600">
   </rtept>
   <rtept lat="33.58696100" lon="132.94846800">
   </rtept>
   <rtept lat="33.58719800" lon="132.94907400">
   </rtept>
   <rtept lat="33.58741600" lon="132.94959700">
   </rtept>
   <rtept lat="33.58769300" lon="132.95020300">
   </rtept>
   <rtept lat="33.58786200" lon="132.95084400">
   </rtept>
   <rtept lat="33.58788200" lon="132.95105800">
   </rtept>
   <rtept lat="33.58783200" lon="132.95143900">
   </rtept>
   <rtept lat="33.58783200" lon="132.95168800">
   </rtept>
   <rtept lat="33.58789100" lon="132.95180700">
   </rtept>
   <rtept lat="33.58818800" lon="132.95200900">
   </rtept>
   <rtept lat="33.58855500" lon="132.95233000">
   </rtept>
   <rtept lat="33.58861400" lon="132.95250800">
   </rtept>
   <rtept lat="33.58866400" lon="132.95281700">
   </rtept>
   <rtept lat="33.58864600" lon="132.95314000">
   </rtept>
   <rtept lat="33.58852700" lon="132.95319000">
   </rtept>
   <rtept lat="33.58842000" lon="132.95297600">
   </rtept>
   <rtept lat="33.58837300" lon="132.95259900">
   </rtept>
   <rtept lat="33.58820000" lon="132.95238500">
   </rtept>
   <rtept lat="33.58773700" lon="132.95205700">
   </rtept>
   <rtept lat="33.58742200" lon="132.95153600">
   </rtept>
   <rtept lat="33.58704800" lon="132.95088700">
   </rtept>
   <rtept lat="33.58679800" lon="132.95053800">
   </rtept>
   <rtept lat="33.58647800" lon="132.95039500">
   </rtept>
   <rtept lat="33.58634100" lon="132.95067300">
   </rtept>
   <rtept lat="33.58612100" lon="132.95075900">
   </rtept>
   <rtept lat="33.58577100" lon="132.95073000">
   </rtept>
   <rtept lat="33.58552100" lon="132.95073800">
   </rtept>
   <rtept lat="33.58533700" lon="132.95082300">
   </rtept>
   <rtept lat="33.58504600" lon="132.95125100">
   </rtept>
   <rtept lat="33.58482600" lon="132.95131500">
   </rtept>
   <rtept lat="33.58466000" lon="132.95118700">
   </rtept>
   <rtept lat="33.58441100" lon="132.95122200">
   </rtept>
   <rtept lat="33.58401300" lon="132.95150000">
   </rtept>
   <rtept lat="33.58385800" lon="132.95174300">
   </rtept>
   <rtept lat="33.58386400" lon="132.95197100">
   </rtept>
   <rtept lat="33.58401900" lon="132.95197100">
   </rtept>
   <rtept lat="33.58422000" lon="132.95180000">
   </rtept>
   <rtept lat="33.58440500" lon="132.95186400">
   </rtept>
   <rtept lat="33.58458900" lon="132.95190000">
   </rtept>
   <rtept lat="33.58493300" lon="132.95188600">
   </rtept>
   <rtept lat="33.58510600" lon="132.95190700">
   </rtept>
   <rtept lat="33.58537900" lon="132.95223500">
   </rtept>
   <rtept lat="33.58608600" lon="132.95320500">
   </rtept>
   <rtept lat="33.58616900" lon="132.95339000">
   </rtept>
   <rtept lat="33.58622200" lon="132.95415300">
   </rtept>
   <rtept lat="33.58644200" lon="132.95465200">
   </rtept>
   <rtept lat="33.58654300" lon="132.95513700">
   </rtept>
   <rtept lat="33.58655500" lon="132.95553600">
   </rtept>
   <rtept lat="33.58658500" lon="132.95602100">
   </rtept>
   <rtept lat="33.58657900" lon="132.95643500">
   </rtept>
   <rtept lat="33.58661400" lon="132.95663400">
   </rtept>
   <rtept lat="33.58683400" lon="132.95703400">
   </rtept>
   <rtept lat="33.58689400" lon="132.95722400">
   </rtept>
   <rtept lat="33.58693500" lon="132.95748100">
   </rtept>
   <rtept lat="33.58706600" lon="132.95777300">
   </rtept>
   <rtept lat="33.58719000" lon="132.95795800">
   </rtept>
   <rtept lat="33.58720200" lon="132.95816500">
   </rtept>
   <rtept lat="33.58704200" lon="132.95855000">
   </rtept>
   <rtept lat="33.58695900" lon="132.95879300">
   </rtept>
   <rtept lat="33.58694700" lon="132.95898500">
   </rtept>
   <rtept lat="33.58701200" lon="132.95936300">
   </rtept>
   <rtept lat="33.58719600" lon="132.95978400">
   </rtept>
   <rtept lat="33.58745800" lon="132.96017600">
   </rtept>
   <rtept lat="33.58772000" lon="132.96039700">
   </rtept>
   <rtept lat="33.58805900" lon="132.96059700">
   </rtept>
   <rtept lat="33.58830800" lon="132.96067500">
   </rtept>
   <rtept lat="33.58851000" lon="132.96069700">
   </rtept>
   <rtept lat="33.58855200" lon="132.96078200">
   </rtept>
   <rtept lat="33.58851600" lon="132.96091800">
   </rtept>
   <rtept lat="33.58824300" lon="132.96105300">
   </rtept>
   <rtept lat="33.58795200" lon="132.96113900">
   </rtept>
   <rtept lat="33.58699000" lon="132.96118100">
   </rtept>
   <rtept lat="33.58680700" lon="132.96086100">
   </rtept>
   <rtept lat="33.58661100" lon="132.96062500">
   </rtept>
   <rtept lat="33.58648000" lon="132.96041800">
   </rtept>
   <rtept lat="33.58624200" lon="132.96026900">
   </rtept>
   <rtept lat="33.58615300" lon="132.96014700">
   </rtept>
   <rtept lat="33.58610600" lon="132.95990500">
   </rtept>
   <rtept lat="33.58618300" lon="132.95947700">
   </rtept>
   <rtept lat="33.58630800" lon="132.95907800">
   </rtept>
   <rtept lat="33.58632000" lon="132.95885000">
   </rtept>
   <rtept lat="33.58621900" lon="132.95834400">
   </rtept>
   <rtept lat="33.58612400" lon="132.95795800">
   </rtept>
   <rtept lat="33.58604600" lon="132.95776600">
   </rtept>
   <rtept lat="33.58588000" lon="132.95761600">
   </rtept>
   <rtept lat="33.58575500" lon="132.95760900">
   </rtept>
   <rtept lat="33.58545800" lon="132.95774500">
   </rtept>
   <rtept lat="33.58521500" lon="132.95793000">
   </rtept>
   <rtept lat="33.58488800" lon="132.95800100">
   </rtept>
   <rtept lat="33.58460300" lon="132.95804400">
   </rtept>
   <rtept lat="33.58437700" lon="132.95802300">
   </rtept>
   <rtept lat="33.58424100" lon="132.95812200">
   </rtept>
   <rtept lat="33.58433600" lon="132.95834400">
   </rtept>
   <rtept lat="33.58485300" lon="132.95849300">
   </rtept>
   <rtept lat="33.58557700" lon="132.95863600">
   </rtept>
   <rtept lat="33.58569600" lon="132.95873600">
   </rtept>
   <rtept lat="33.58561300" lon="132.95914900">
   </rtept>
   <rtept lat="33.58547600" lon="132.95960600">
   </rtept>
   <rtept lat="33.58551800" lon="132.96031900">
   </rtept>
   <rtept lat="33.58535100" lon="132.96074600">
   </rtept>
   <rtept lat="33.58528600" lon="132.96103900">
   </rtept>
   <rtept lat="33.58565400" lon="132.96164500">
   </rtept>
   <rtept lat="33.58566600" lon="132.96193000">
   </rtept>
   <rtept lat="33.58586200" lon="132.96213700">
   </rtept>
   <rtept lat="33.58604100" lon="132.96228700">
   </rtept>
   <rtept lat="33.58611200" lon="132.96273600">
   </rtept>
   <rtept lat="33.58634300" lon="132.96322100">
   </rtept>
   <rtept lat="33.58651600" lon="132.96362700">
   </rtept>
   <rtept lat="33.58667100" lon="132.96460900">
   </rtept>
   <rtept lat="33.58696800" lon="132.96446600">
   </rtept>
   <rtept lat="33.58722300" lon="132.96465900">
   </rtept>
   <rtept lat="33.58763300" lon="132.96480800">
   </rtept>
   <rtept lat="33.58791800" lon="132.96501500">
   </rtept>
   <rtept lat="33.58809000" lon="132.96546400">
   </rtept>
   <rtept lat="33.58819100" lon="132.96575700">
   </rtept>
   <rtept lat="33.58822100" lon="132.96603500">
   </rtept>
   <rtept lat="33.58841100" lon="132.96663400">
   </rtept>
   <rtept lat="33.58853600" lon="132.96686200">
   </rtept>
   <rtept lat="33.58860100" lon="132.96703300">
   </rtept>
   <rtept lat="33.58879700" lon="132.96718300">
   </rtept>
   <rtept lat="33.58911800" lon="132.96731100">
   </rtept>
   <rtept lat="33.58920100" lon="132.96779600">
   </rtept>
   <rtept lat="33.58934400" lon="132.96797400">
   </rtept>
   <rtept lat="33.58939100" lon="132.96811000">
   </rtept>
   <rtept lat="33.58930800" lon="132.96828800">
   </rtept>
   <rtept lat="33.58913600" lon="132.96848800">
   </rtept>
   <rtept lat="33.58904700" lon="132.96878000">
   </rtept>
   <rtept lat="33.58891600" lon="132.96902200">
   </rtept>
   <rtept lat="33.58859500" lon="132.96927900">
   </rtept>
   <rtept lat="33.58839900" lon="132.96946500">
   </rtept>
   <rtept lat="33.58782900" lon="132.96947200">
   </rtept>
   <rtept lat="33.58778100" lon="132.97018500">
   </rtept>
   <rtept lat="33.58802500" lon="132.97061300">
   </rtept>
   <rtept lat="33.58801900" lon="132.97076900">
   </rtept>
   <rtept lat="33.58772800" lon="132.97109700">
   </rtept>
   <rtept lat="33.58763900" lon="132.97130200">
   </rtept>
   <rtept lat="33.58754400" lon="132.97194400">
   </rtept>
   <rtept lat="33.58771000" lon="132.97290600">
   </rtept>
   <rtept lat="33.58782300" lon="132.97389000">
   </rtept>
   <rtept lat="33.58782900" lon="132.97465300">
   </rtept>
   <rtept lat="33.58789400" lon="132.97518800">
   </rtept>
   <rtept lat="33.58816800" lon="132.97548000">
   </rtept>
   <rtept lat="33.58829200" lon="132.97566600">
   </rtept>
   <rtept lat="33.58839900" lon="132.97600800">
   </rtept>
   <rtept lat="33.58860100" lon="132.97624300">
   </rtept>
   <rtept lat="33.58876200" lon="132.97643600">
   </rtept>
   <rtept lat="33.58879100" lon="132.97691400">
   </rtept>
   <rtept lat="33.58891600" lon="132.97738400">
   </rtept>
   <rtept lat="33.58915400" lon="132.97781900">
   </rtept>
   <rtept lat="33.58921300" lon="132.97808300">
   </rtept>
   <rtept lat="33.58918300" lon="132.97849700">
   </rtept>
   <rtept lat="33.58913600" lon="132.97895200">
   </rtept>
   <rtept lat="33.58933800" lon="132.97961500">
   </rtept>
   <rtept lat="33.58955100" lon="132.98017100">
   </rtept>
   <rtept lat="33.58978200" lon="132.98094800">
   </rtept>
   <rtept lat="33.59048400" lon="132.98263800">
   </rtept>
   <rtept lat="33.59069200" lon="132.98300800">
   </rtept>
   <rtept lat="33.59080500" lon="132.98315800">
   </rtept>
   <rtept lat="33.59079900" lon="132.98329400">
   </rtept>
   <rtept lat="33.59078100" lon="132.98356500">
   </rtept>
   <rtept lat="33.59079300" lon="132.98380700">
   </rtept>
   <rtept lat="33.59087600" lon="132.98408500">
   </rtept>
   <rtept lat="33.59104800" lon="132.98433500">
   </rtept>
   <rtept lat="33.59120900" lon="132.98457700">
   </rtept>
   <rtept lat="33.59130400" lon="132.98476300">
   </rtept>
   <rtept lat="33.59135700" lon="132.98500500">
   </rtept>
   <rtept lat="33.59137500" lon="132.98526200">
   </rtept>
   <rtept lat="33.59144000" lon="132.98551100">
   </rtept>
   <rtept lat="33.59144600" lon="132.98572500">
   </rtept>
   <rtept lat="33.59139300" lon="132.98592500">
   </rtept>
   <rtept lat="33.59126200" lon="132.98617400">
   </rtept>
   <rtept lat="33.59110200" lon="132.98632400">
   </rtept>
   <rtept lat="33.59093000" lon="132.98642400">
   </rtept>
   <rtept lat="33.59071600" lon="132.98647400">
   </rtept>
   <rtept lat="33.59053200" lon="132.98644500">
   </rtept>
   <rtept lat="33.59036500" lon="132.98646000">
   </rtept>
   <rtept lat="33.59028800" lon="132.98649500">
   </rtept>
   <rtept lat="33.59062700" lon="132.98695200">
   </rtept>
   <rtept lat="33.59088800" lon="132.98707300">
   </rtept>
   <rtept lat="33.59097700" lon="132.98713700">
   </rtept>
   <rtept lat="33.59104800" lon="132.98727200">
   </rtept>
   <rtept lat="33.59094700" lon="132.98807100">
   </rtept>
   <rtept lat="33.59090000" lon="132.98833500">
   </rtept>
   <rtept lat="33.59084600" lon="132.98845600">
   </rtept>
   <rtept lat="33.59075100" lon="132.98850600">
   </rtept>
   <rtept lat="33.59064400" lon="132.98849200">
   </rtept>
   <rtept lat="33.59057300" lon="132.98840600">
   </rtept>
   <rtept lat="33.59050800" lon="132.98836300">
   </rtept>
   <rtept lat="33.59041900" lon="132.98833100">
   </rtept>
   <rtept lat="33.59034200" lon="132.98838800">
   </rtept>
   <rtept lat="33.59028200" lon="132.98863000">
   </rtept>
   <rtept lat="33.59022300" lon="132.98874400">
   </rtept>
   <rtept lat="33.59032400" lon="132.98895100">
   </rtept>
   <rtept lat="33.59035900" lon="132.98910100">
   </rtept>
   <rtept lat="33.59037100" lon="132.98926500">
   </rtept>
   <rtept lat="33.59041900" lon="132.98924300">
   </rtept>
   <rtept lat="33.59053200" lon="132.98920100">
   </rtept>
   <rtept lat="33.59059100" lon="132.98925800">
   </rtept>
   <rtept lat="33.59055500" lon="132.98939300">
   </rtept>
   <rtept lat="33.59043700" lon="132.98966400">
   </rtept>
   <rtept lat="33.59037700" lon="132.98978500">
   </rtept>
   <rtept lat="33.59041300" lon="132.98987100">
   </rtept>
   <rtept lat="33.59049000" lon="132.98989900">
   </rtept>
   <rtept lat="33.59073400" lon="132.98989200">
   </rtept>
   <rtept lat="33.59109600" lon="132.98949300">
   </rtept>
   <rtept lat="33.59128600" lon="132.98926500">
   </rtept>
   <rtept lat="33.59154100" lon="132.98907200">
   </rtept>
   <rtept lat="33.59164800" lon="132.98903700">
   </rtept>
   <rtept lat="33.59188600" lon="132.98917900">
   </rtept>
   <rtept lat="33.59210600" lon="132.98948600">
   </rtept>
   <rtept lat="33.59223000" lon="132.98979200">
   </rtept>
   <rtept lat="33.59235500" lon="132.98996300">
   </rtept>
   <rtept lat="33.59264600" lon="132.99007800">
   </rtept>
   <rtept lat="33.59299700" lon="132.99013500">
   </rtept>
   <rtept lat="33.59325100" lon="132.99005600">
   </rtept>
   <rtept lat="33.59375000" lon="132.98967100">
   </rtept>
   <rtept lat="33.59396300" lon="132.98947900">
   </rtept>
   <rtept lat="33.59419500" lon="132.98922200">
   </rtept>
   <rtept lat="33.59437300" lon="132.98915800">
   </rtept>
   <rtept lat="33.59451000" lon="132.98948600">
   </rtept>
   <rtept lat="33.59469400" lon="132.98952100">
   </rtept>
   <rtept lat="33.59492000" lon="132.98949300">
   </rtept>
   <rtept lat="33.59511000" lon="132.98940700">
   </rtept>
   <rtept lat="33.59527000" lon="132.98925000">
   </rtept>
   <rtept lat="33.59538900" lon="132.98912900">
   </rtept>
   <rtept lat="33.59566200" lon="132.98902900">
   </rtept>
   <rtept lat="33.59600400" lon="132.98906500">
   </rtept>
   <rtept lat="33.59631300" lon="132.98893000">
   </rtept>
   <rtept lat="33.59640800" lon="132.98885800">
   </rtept>
   <rtept lat="33.59686500" lon="132.98893700">
   </rtept>
   <rtept lat="33.59719800" lon="132.98888000">
   </rtept>
   <rtept lat="33.59745300" lon="132.98870100">
   </rtept>
   <rtept lat="33.59760200" lon="132.98848000">
   </rtept>
   <rtept lat="33.59779200" lon="132.98834500">
   </rtept>
   <rtept lat="33.59800000" lon="132.98828100">
   </rtept>
   <rtept lat="33.59814200" lon="132.98813100">
   </rtept>
   <rtept lat="33.59830900" lon="132.98776700">
   </rtept>
   <rtept lat="33.59837400" lon="132.98751100">
   </rtept>
   <rtept lat="33.59835600" lon="132.98719700">
   </rtept>
   <rtept lat="33.59828500" lon="132.98684700">
   </rtept>
   <rtept lat="33.59816000" lon="132.98659800">
   </rtept>
   <rtept lat="33.59791700" lon="132.98624900">
   </rtept>
   <rtept lat="33.59781000" lon="132.98605600">
   </rtept>
   <rtept lat="33.59770300" lon="132.98585600">
   </rtept>
   <rtept lat="33.59770300" lon="132.98573500">
   </rtept>
   <rtept lat="33.59789300" lon="132.98547100">
   </rtept>
   <rtept lat="33.59799400" lon="132.98515000">
   </rtept>
   <rtept lat="33.59801800" lon="132.98481500">
   </rtept>
   <rtept lat="33.59801800" lon="132.98453000">
   </rtept>
   <rtept lat="33.59799400" lon="132.98428800">
   </rtept>
   <rtept lat="33.59828500" lon="132.98388800">
   </rtept>
   <rtept lat="33.59849900" lon="132.98354600">
   </rtept>
   <rtept lat="33.59857400" lon="132.98327100">
   </rtept>
   <rtept lat="33.59864000" lon="132.98301400">
   </rtept>
   <rtept lat="33.59871700" lon="132.98274300">
   </rtept>
   <rtept lat="33.59890100" lon="132.98256500">
   </rtept>
   <rtept lat="33.59905500" lon="132.98249400">
   </rtept>
   <rtept lat="33.59948900" lon="132.98231500">
   </rtept>
   <rtept lat="33.59984500" lon="132.98202300">
   </rtept>
   <rtept lat="33.60002400" lon="132.98180900">
   </rtept>
   <rtept lat="33.60022500" lon="132.98145300">
   </rtept>
   <rtept lat="33.60033200" lon="132.98116700">
   </rtept>
   <rtept lat="33.60045200" lon="132.98096000">
   </rtept>
 </rte>
 <rte>
  <name>SHIKOKU_EHM_30(支3・四国カルストルート)</name>
   <rtept lat="33.53005900" lon="132.89330500">
   </rtept>
   <rtept lat="33.53009400" lon="132.89340000">
   </rtept>
   <rtept lat="33.53021300" lon="132.89398000">
   </rtept>
   <rtept lat="33.53032400" lon="132.89408500">
   </rtept>
   <rtept lat="33.53060100" lon="132.89405600">
   </rtept>
   <rtept lat="33.53098200" lon="132.89400900">
   </rtept>
   <rtept lat="33.53116400" lon="132.89405600">
   </rtept>
   <rtept lat="33.53154400" lon="132.89420800">
   </rtept>
   <rtept lat="33.53167100" lon="132.89425600">
   </rtept>
   <rtept lat="33.53209100" lon="132.89427500">
   </rtept>
   <rtept lat="33.53244800" lon="132.89424600">
   </rtept>
   <rtept lat="33.53286800" lon="132.89416100">
   </rtept>
   <rtept lat="33.53328000" lon="132.89405600">
   </rtept>
   <rtept lat="33.53358100" lon="132.89391300">
   </rtept>
   <rtept lat="33.53380300" lon="132.89370400">
   </rtept>
   <rtept lat="33.53388200" lon="132.89343800">
   </rtept>
   <rtept lat="33.53394600" lon="132.89300100">
   </rtept>
   <rtept lat="33.53395300" lon="132.89249700">
   </rtept>
   <rtept lat="33.53385000" lon="132.89200200">
   </rtept>
   <rtept lat="33.53366800" lon="132.89145100">
   </rtept>
   <rtept lat="33.53359700" lon="132.89125100">
   </rtept>
   <rtept lat="33.53359700" lon="132.89094700">
   </rtept>
   <rtept lat="33.53376300" lon="132.89075700">
   </rtept>
   <rtept lat="33.53401700" lon="132.89067100">
   </rtept>
   <rtept lat="33.53453800" lon="132.89089000">
   </rtept>
   <rtept lat="33.53502200" lon="132.89100400">
   </rtept>
   <rtept lat="33.53546600" lon="132.89119400">
   </rtept>
   <rtept lat="33.53568700" lon="132.89123200">
   </rtept>
   <rtept lat="33.53596500" lon="132.89089000">
   </rtept>
   <rtept lat="33.53640900" lon="132.89112800">
   </rtept>
   <rtept lat="33.53682100" lon="132.89107100">
   </rtept>
   <rtept lat="33.53719300" lon="132.89109000">
   </rtept>
   <rtept lat="33.53772400" lon="132.89131800">
   </rtept>
   <rtept lat="33.53798600" lon="132.89139400">
   </rtept>
   <rtept lat="33.53828700" lon="132.89125100">
   </rtept>
   <rtept lat="33.53858800" lon="132.89109900">
   </rtept>
   <rtept lat="33.53894100" lon="132.89110900">
   </rtept>
   <rtept lat="33.53919500" lon="132.89124200">
   </rtept>
   <rtept lat="33.53968600" lon="132.89167000">
   </rtept>
   <rtept lat="33.54001900" lon="132.89189800">
   </rtept>
   <rtept lat="33.54028800" lon="132.89207900">
   </rtept>
   <rtept lat="33.54051000" lon="132.89227800">
   </rtept>
   <rtept lat="33.54072400" lon="132.89228800">
   </rtept>
   <rtept lat="33.54108900" lon="132.89180300">
   </rtept>
   <rtept lat="33.54136600" lon="132.89151800">
   </rtept>
   <rtept lat="33.54172300" lon="132.89138500">
   </rtept>
   <rtept lat="33.54206300" lon="132.89111800">
   </rtept>
   <rtept lat="33.54244400" lon="132.89076700">
   </rtept>
   <rtept lat="33.54301400" lon="132.89033900">
   </rtept>
   <rtept lat="33.54329900" lon="132.89013900">
   </rtept>
   <rtept lat="33.54355300" lon="132.89011100">
   </rtept>
   <rtept lat="33.54383800" lon="132.89018700">
   </rtept>
   <rtept lat="33.54429600" lon="132.89014900">
   </rtept>
   <rtept lat="33.54499400" lon="132.89001500">
   </rtept>
   <rtept lat="33.54573800" lon="132.88978700">
   </rtept>
   <rtept lat="33.54613500" lon="132.88975900">
   </rtept>
   <rtept lat="33.54643600" lon="132.88991100">
   </rtept>
   <rtept lat="33.54673700" lon="132.89016800">
   </rtept>
   <rtept lat="33.54695100" lon="132.89033900">
   </rtept>
   <rtept lat="33.54727600" lon="132.89046200">
   </rtept>
   <rtept lat="33.54747400" lon="132.89042400">
   </rtept>
   <rtept lat="33.54797300" lon="132.88998700">
   </rtept>
   <rtept lat="33.54836900" lon="132.88962600">
   </rtept>
   <rtept lat="33.54862900" lon="132.88941200">
   </rtept>
   <rtept lat="33.54889800" lon="132.88902200">
   </rtept>
   <rtept lat="33.54897000" lon="132.88889800">
   </rtept>
   <rtept lat="33.54891400" lon="132.88866100">
   </rtept>
   <rtept lat="33.54881900" lon="132.88840400">
   </rtept>
   <rtept lat="33.54886700" lon="132.88820400">
   </rtept>
   <rtept lat="33.54895400" lon="132.88800500">
   </rtept>
   <rtept lat="33.54919200" lon="132.88793800">
   </rtept>
   <rtept lat="33.54947700" lon="132.88782400">
   </rtept>
   <rtept lat="33.54958800" lon="132.88772000">
   </rtept>
   <rtept lat="33.54961900" lon="132.88761500">
   </rtept>
   <rtept lat="33.54950100" lon="132.88755800">
   </rtept>
   <rtept lat="33.54915200" lon="132.88769100">
   </rtept>
   <rtept lat="33.54880300" lon="132.88787200">
   </rtept>
   <rtept lat="33.54853400" lon="132.88787200">
   </rtept>
   <rtept lat="33.54829600" lon="132.88773900">
   </rtept>
   <rtept lat="33.54815400" lon="132.88758600">
   </rtept>
   <rtept lat="33.54809800" lon="132.88734900">
   </rtept>
   <rtept lat="33.54816100" lon="132.88722500">
   </rtept>
   <rtept lat="33.54835200" lon="132.88722500">
   </rtept>
   <rtept lat="33.54866100" lon="132.88740600">
   </rtept>
   <rtept lat="33.54881100" lon="132.88748200">
   </rtept>
   <rtept lat="33.54914400" lon="132.88740600">
   </rtept>
   <rtept lat="33.54942100" lon="132.88718700">
   </rtept>
   <rtept lat="33.54943700" lon="132.88685400">
   </rtept>
   <rtept lat="33.54965900" lon="132.88687300">
   </rtept>
   <rtept lat="33.54987300" lon="132.88695900">
   </rtept>
   <rtept lat="33.54995200" lon="132.88712100">
   </rtept>
   <rtept lat="33.55053100" lon="132.88737700">
   </rtept>
   <rtept lat="33.55083200" lon="132.88731100">
   </rtept>
   <rtept lat="33.55109300" lon="132.88738700">
   </rtept>
   <rtept lat="33.55134700" lon="132.88754800">
   </rtept>
   <rtept lat="33.55175100" lon="132.88746300">
   </rtept>
   <rtept lat="33.55202800" lon="132.88747200">
   </rtept>
   <rtept lat="33.55243200" lon="132.88762400">
   </rtept>
   <rtept lat="33.55259100" lon="132.88753900">
   </rtept>
   <rtept lat="33.55276500" lon="132.88740600">
   </rtept>
   <rtept lat="33.55301200" lon="132.88728200">
   </rtept>
   <rtept lat="33.55321800" lon="132.88712100">
   </rtept>
   <rtept lat="33.55338400" lon="132.88698700">
   </rtept>
   <rtept lat="33.55384400" lon="132.88688300">
   </rtept>
   <rtept lat="33.55422400" lon="132.88689200">
   </rtept>
   <rtept lat="33.55449400" lon="132.88714000">
   </rtept>
   <rtept lat="33.55469200" lon="132.88714000">
   </rtept>
   <rtept lat="33.55494500" lon="132.88703500">
   </rtept>
   <rtept lat="33.55518300" lon="132.88672100">
   </rtept>
   <rtept lat="33.55550800" lon="132.88609400">
   </rtept>
   <rtept lat="33.55595200" lon="132.88563700">
   </rtept>
   <rtept lat="33.55609400" lon="132.88514300">
   </rtept>
   <rtept lat="33.55623700" lon="132.88489600">
   </rtept>
   <rtept lat="33.55637100" lon="132.88462000">
   </rtept>
   <rtept lat="33.55641900" lon="132.88448700">
   </rtept>
   <rtept lat="33.55651400" lon="132.88381700">
   </rtept>
   <rtept lat="33.55668800" lon="132.88337000">
   </rtept>
   <rtept lat="33.55691000" lon="132.88308000">
   </rtept>
   <rtept lat="33.55722300" lon="132.88291800">
   </rtept>
   <rtept lat="33.55738900" lon="132.88280400">
   </rtept>
   <rtept lat="33.55789700" lon="132.88244300">
   </rtept>
   <rtept lat="33.55807400" lon="132.88233400">
   </rtept>
   <rtept lat="33.55854000" lon="132.88223300">
   </rtept>
   <rtept lat="33.55885700" lon="132.88228100">
   </rtept>
   <rtept lat="33.55895600" lon="132.88241200">
   </rtept>
   <rtept lat="33.55900000" lon="132.88260200">
   </rtept>
   <rtept lat="33.55910900" lon="132.88270300">
   </rtept>
   <rtept lat="33.55927300" lon="132.88270300">
   </rtept>
   <rtept lat="33.55945100" lon="132.88263800">
   </rtept>
   <rtept lat="33.55960500" lon="132.88260200">
   </rtept>
   <rtept lat="33.55976300" lon="132.88264900">
   </rtept>
   <rtept lat="33.56053000" lon="132.88327900">
   </rtept>
   <rtept lat="33.56064400" lon="132.88350500">
   </rtept>
   <rtept lat="33.56078300" lon="132.88372500">
   </rtept>
   <rtept lat="33.56120500" lon="132.88411100">
   </rtept>
   <rtept lat="33.56145200" lon="132.88430100">
   </rtept>
   <rtept lat="33.56173000" lon="132.88439000">
   </rtept>
   <rtept lat="33.56192800" lon="132.88428900">
   </rtept>
   <rtept lat="33.56208600" lon="132.88425400">
   </rtept>
   <rtept lat="33.56222000" lon="132.88434900">
   </rtept>
   <rtept lat="33.56234900" lon="132.88446200">
   </rtept>
   <rtept lat="33.56246200" lon="132.88448500">
   </rtept>
   <rtept lat="33.56261100" lon="132.88443800">
   </rtept>
   <rtept lat="33.56306700" lon="132.88423600">
   </rtept>
   <rtept lat="33.56344300" lon="132.88407500">
   </rtept>
   <rtept lat="33.56354200" lon="132.88407500">
   </rtept>
   <rtept lat="33.56362600" lon="132.88418800">
   </rtept>
   <rtept lat="33.56356700" lon="132.88446800">
   </rtept>
   <rtept lat="33.56339800" lon="132.88475300">
   </rtept>
   <rtept lat="33.56333900" lon="132.88503800">
   </rtept>
   <rtept lat="33.56333900" lon="132.88546000">
   </rtept>
   <rtept lat="33.56328400" lon="132.88592300">
   </rtept>
   <rtept lat="33.56315100" lon="132.88625600">
   </rtept>
   <rtept lat="33.56287800" lon="132.88648800">
   </rtept>
   <rtept lat="33.56289800" lon="132.88662900">
   </rtept>
   <rtept lat="33.56304200" lon="132.88693200">
   </rtept>
   <rtept lat="33.56304700" lon="132.88708600">
   </rtept>
   <rtept lat="33.56292300" lon="132.88728200">
   </rtept>
   <rtept lat="33.56274000" lon="132.88751400">
   </rtept>
   <rtept lat="33.56271500" lon="132.88774000">
   </rtept>
   <rtept lat="33.56273500" lon="132.88804900">
   </rtept>
   <rtept lat="33.56288300" lon="132.88844700">
   </rtept>
   <rtept lat="33.56328900" lon="132.88906500">
   </rtept>
   <rtept lat="33.56379900" lon="132.89019400">
   </rtept>
   <rtept lat="33.56384400" lon="132.89039600">
   </rtept>
   <rtept lat="33.56386400" lon="132.89090100">
   </rtept>
   <rtept lat="33.56391300" lon="132.89124600">
   </rtept>
   <rtept lat="33.56403700" lon="132.89149500">
   </rtept>
   <rtept lat="33.56423100" lon="132.89174200">
   </rtept>
   <rtept lat="33.56477600" lon="132.89242500">
   </rtept>
   <rtept lat="33.56513200" lon="132.89296600">
   </rtept>
   <rtept lat="33.56541900" lon="132.89317400">
   </rtept>
   <rtept lat="33.56582000" lon="132.89323900">
   </rtept>
   <rtept lat="33.56604300" lon="132.89323300">
   </rtept>
   <rtept lat="33.56623100" lon="132.89309700">
   </rtept>
   <rtept lat="33.56665200" lon="132.89294200">
   </rtept>
   <rtept lat="33.56692000" lon="132.89280500">
   </rtept>
   <rtept lat="33.56714700" lon="132.89276400">
   </rtept>
   <rtept lat="33.56748000" lon="132.89271600">
   </rtept>
   <rtept lat="33.56772300" lon="132.89280500">
   </rtept>
   <rtept lat="33.56799500" lon="132.89307900">
   </rtept>
   <rtept lat="33.56819800" lon="132.89324500">
   </rtept>
   <rtept lat="33.56847000" lon="132.89340000">
   </rtept>
   <rtept lat="33.56871300" lon="132.89354800">
   </rtept>
   <rtept lat="33.56885200" lon="132.89367300">
   </rtept>
   <rtept lat="33.56900500" lon="132.89385100">
   </rtept>
   <rtept lat="33.56907400" lon="132.89410700">
   </rtept>
   <rtept lat="33.56917800" lon="132.89431500">
   </rtept>
   <rtept lat="33.56930700" lon="132.89445100">
   </rtept>
   <rtept lat="33.56946500" lon="132.89436800">
   </rtept>
   <rtept lat="33.56973300" lon="132.89423200">
   </rtept>
   <rtept lat="33.56990600" lon="132.89416000">
   </rtept>
   <rtept lat="33.57019300" lon="132.89411300">
   </rtept>
   <rtept lat="33.57047600" lon="132.89410100">
   </rtept>
   <rtept lat="33.57106100" lon="132.89430300">
   </rtept>
   <rtept lat="33.57149100" lon="132.89457600">
   </rtept>
   <rtept lat="33.57184800" lon="132.89487300">
   </rtept>
   <rtept lat="33.57212500" lon="132.89529500">
   </rtept>
   <rtept lat="33.57228800" lon="132.89569300">
   </rtept>
   <rtept lat="33.57244700" lon="132.89627000">
   </rtept>
   <rtept lat="33.57274900" lon="132.89659300">
   </rtept>
   <rtept lat="33.57282300" lon="132.89675400">
   </rtept>
   <rtept lat="33.57290200" lon="132.89710400">
   </rtept>
   <rtept lat="33.57296700" lon="132.89753200">
   </rtept>
   <rtept lat="33.57300100" lon="132.89789500">
   </rtept>
   <rtept lat="33.57306100" lon="132.89811500">
   </rtept>
   <rtept lat="33.57318900" lon="132.89840600">
   </rtept>
   <rtept lat="33.57331800" lon="132.89866100">
   </rtept>
   <rtept lat="33.57356100" lon="132.89892300">
   </rtept>
   <rtept lat="33.57380900" lon="132.89917200">
   </rtept>
   <rtept lat="33.57420000" lon="132.89930900">
   </rtept>
   <rtept lat="33.57491800" lon="132.89939800">
   </rtept>
   <rtept lat="33.57585400" lon="132.89938000">
   </rtept>
   <rtept lat="33.57612600" lon="132.89944600">
   </rtept>
   <rtept lat="33.57629000" lon="132.89955900">
   </rtept>
   <rtept lat="33.57646300" lon="132.89985000">
   </rtept>
   <rtept lat="33.57663600" lon="132.90027800">
   </rtept>
   <rtept lat="33.57687000" lon="132.90097000">
   </rtept>
   <rtept lat="33.57698900" lon="132.90141000">
   </rtept>
   <rtept lat="33.57710700" lon="132.90173700">
   </rtept>
   <rtept lat="33.57719200" lon="132.90193900">
   </rtept>
   <rtept lat="33.57737000" lon="132.90197500">
   </rtept>
   <rtept lat="33.57750300" lon="132.90197500">
   </rtept>
   <rtept lat="33.57789500" lon="132.90209900">
   </rtept>
   <rtept lat="33.57814700" lon="132.90213500">
   </rtept>
   <rtept lat="33.57837500" lon="132.90218300">
   </rtept>
   <rtept lat="33.57859700" lon="132.90208700">
   </rtept>
   <rtept lat="33.57882500" lon="132.90196300">
   </rtept>
   <rtept lat="33.57904300" lon="132.90203400">
   </rtept>
   <rtept lat="33.57937500" lon="132.90205200">
   </rtept>
   <rtept lat="33.57962700" lon="132.90198000">
   </rtept>
   <rtept lat="33.57991700" lon="132.90186800">
   </rtept>
   <rtept lat="33.58006100" lon="132.90173100">
   </rtept>
   <rtept lat="33.58013000" lon="132.90161200">
   </rtept>
   <rtept lat="33.58019000" lon="132.90132100">
   </rtept>
   <rtept lat="33.58030800" lon="132.90113100">
   </rtept>
   <rtept lat="33.58049200" lon="132.90086300">
   </rtept>
   <rtept lat="33.58064000" lon="132.90065500">
   </rtept>
   <rtept lat="33.58069900" lon="132.90034000">
   </rtept>
   <rtept lat="33.58072900" lon="132.90000200">
   </rtept>
   <rtept lat="33.58073400" lon="132.89969300">
   </rtept>
   <rtept lat="33.58084300" lon="132.89924100">
   </rtept>
   <rtept lat="33.58093200" lon="132.89896800">
   </rtept>
   <rtept lat="33.58106100" lon="132.89873600">
   </rtept>
   <rtept lat="33.58117500" lon="132.89862900">
   </rtept>
   <rtept lat="33.58127900" lon="132.89862300">
   </rtept>
   <rtept lat="33.58142700" lon="132.89872400">
   </rtept>
   <rtept lat="33.58173400" lon="132.89921200">
   </rtept>
   <rtept lat="33.58190200" lon="132.89949700">
   </rtept>
   <rtept lat="33.58202100" lon="132.89959200">
   </rtept>
   <rtept lat="33.58217000" lon="132.89957400">
   </rtept>
   <rtept lat="33.58261500" lon="132.89922900">
   </rtept>
   <rtept lat="33.58295100" lon="132.89887300">
   </rtept>
   <rtept lat="33.58314400" lon="132.89877200">
   </rtept>
   <rtept lat="33.58330700" lon="132.89883100">
   </rtept>
   <rtept lat="33.58362900" lon="132.89894400">
   </rtept>
   <rtept lat="33.58379700" lon="132.89895000">
   </rtept>
   <rtept lat="33.58396100" lon="132.89884900">
   </rtept>
   <rtept lat="33.58420300" lon="132.89852200">
   </rtept>
   <rtept lat="33.58440600" lon="132.89820700">
   </rtept>
   <rtept lat="33.58472800" lon="132.89791000">
   </rtept>
   <rtept lat="33.58502500" lon="132.89761300">
   </rtept>
   <rtept lat="33.58521500" lon="132.89736700">
   </rtept>
   <rtept lat="33.58536300" lon="132.89726000">
   </rtept>
   <rtept lat="33.58551200" lon="132.89723600">
   </rtept>
   <rtept lat="33.58571500" lon="132.89732500">
   </rtept>
   <rtept lat="33.58591300" lon="132.89747300">
   </rtept>
   <rtept lat="33.58602200" lon="132.89758000">
   </rtept>
   <rtept lat="33.58621500" lon="132.89761600">
   </rtept>
   <rtept lat="33.58631900" lon="132.89759200">
   </rtept>
   <rtept lat="33.58644300" lon="132.89790700">
   </rtept>
   <rtept lat="33.58645200" lon="132.89809700">
   </rtept>
   <rtept lat="33.58634900" lon="132.89822800">
   </rtept>
   <rtept lat="33.58624500" lon="132.89867400">
   </rtept>
   <rtept lat="33.58618000" lon="132.89897700">
   </rtept>
   <rtept lat="33.58603700" lon="132.89928600">
   </rtept>
   <rtept lat="33.58574500" lon="132.89973700">
   </rtept>
   <rtept lat="33.58547200" lon="132.90007000">
   </rtept>
   <rtept lat="33.58535900" lon="132.90020700">
   </rtept>
   <rtept lat="33.58518000" lon="132.90052200">
   </rtept>
   <rtept lat="33.58505700" lon="132.90076500">
   </rtept>
   <rtept lat="33.58492800" lon="132.90087200">
   </rtept>
   <rtept lat="33.58476500" lon="132.90089600">
   </rtept>
   <rtept lat="33.58455500" lon="132.90078900">
   </rtept>
   <rtept lat="33.58417300" lon="132.90056300">
   </rtept>
   <rtept lat="33.58399000" lon="132.90049200">
   </rtept>
   <rtept lat="33.58383700" lon="132.90046200">
   </rtept>
   <rtept lat="33.58372800" lon="132.90048000">
   </rtept>
   <rtept lat="33.58370300" lon="132.90066400">
   </rtept>
   <rtept lat="33.58379200" lon="132.90095000">
   </rtept>
   <rtept lat="33.58391600" lon="132.90110400">
   </rtept>
   <rtept lat="33.58423800" lon="132.90122300">
   </rtept>
   <rtept lat="33.58481200" lon="132.90158800">
   </rtept>
   <rtept lat="33.58524800" lon="132.90193300">
   </rtept>
   <rtept lat="33.58533700" lon="132.90208200">
   </rtept>
   <rtept lat="33.58565400" lon="132.90298500">
   </rtept>
   <rtept lat="33.58587600" lon="132.90371600">
   </rtept>
   <rtept lat="33.58606900" lon="132.90431600">
   </rtept>
   <rtept lat="33.58620700" lon="132.90466600">
   </rtept>
   <rtept lat="33.58635500" lon="132.90530800">
   </rtept>
   <rtept lat="33.58642000" lon="132.90565300">
   </rtept>
   <rtept lat="33.58648400" lon="132.90591200">
   </rtept>
   <rtept lat="33.58664800" lon="132.90669000">
   </rtept>
   <rtept lat="33.58674200" lon="132.90714800">
   </rtept>
   <rtept lat="33.58698900" lon="132.90711200">
   </rtept>
   <rtept lat="33.58720200" lon="132.90712400">
   </rtept>
   <rtept lat="33.58742500" lon="132.90727200">
   </rtept>
   <rtept lat="33.58773200" lon="132.90758700">
   </rtept>
   <rtept lat="33.58811300" lon="132.90817600">
   </rtept>
   <rtept lat="33.58861800" lon="132.90914400">
   </rtept>
   <rtept lat="33.58874100" lon="132.90954800">
   </rtept>
   <rtept lat="33.58878600" lon="132.90985700">
   </rtept>
   <rtept lat="33.58884500" lon="132.91008300">
   </rtept>
   <rtept lat="33.58891600" lon="132.91017600">
   </rtept>
   <rtept lat="33.58922700" lon="132.91031800">
   </rtept>
   <rtept lat="33.58951400" lon="132.91049100">
   </rtept>
   <rtept lat="33.58976700" lon="132.91060400">
   </rtept>
   <rtept lat="33.58982600" lon="132.91084100">
   </rtept>
   <rtept lat="33.58983600" lon="132.91162600">
   </rtept>
   <rtept lat="33.58981600" lon="132.91219600">
   </rtept>
   <rtept lat="33.58975200" lon="132.91302200">
   </rtept>
   <rtept lat="33.58973700" lon="132.91347900">
   </rtept>
   <rtept lat="33.58979200" lon="132.91374700">
   </rtept>
   <rtept lat="33.58987100" lon="132.91399600">
   </rtept>
   <rtept lat="33.58986600" lon="132.91416900">
   </rtept>
   <rtept lat="33.58976200" lon="132.91433500">
   </rtept>
   <rtept lat="33.58964800" lon="132.91448400">
   </rtept>
   <rtept lat="33.58959900" lon="132.91462000">
   </rtept>
   <rtept lat="33.58959400" lon="132.91475100">
   </rtept>
   <rtept lat="33.58968800" lon="132.91488800">
   </rtept>
   <rtept lat="33.58962300" lon="132.91506600">
   </rtept>
   <rtept lat="33.58963800" lon="132.91519700">
   </rtept>
   <rtept lat="33.58970300" lon="132.91545800">
   </rtept>
   <rtept lat="33.58964800" lon="132.91564800">
   </rtept>
   <rtept lat="33.58955900" lon="132.91609300">
   </rtept>
   <rtept lat="33.58948500" lon="132.91645500">
   </rtept>
   <rtept lat="33.58945500" lon="132.91669300">
   </rtept>
   <rtept lat="33.58950000" lon="132.91693100">
   </rtept>
   <rtept lat="33.58951900" lon="132.91715000">
   </rtept>
   <rtept lat="33.58949500" lon="132.91743000">
   </rtept>
   <rtept lat="33.58952400" lon="132.91773300">
   </rtept>
   <rtept lat="33.58948000" lon="132.91792300">
   </rtept>
   <rtept lat="33.58936600" lon="132.91806500">
   </rtept>
   <rtept lat="33.58937600" lon="132.91832100">
   </rtept>
   <rtept lat="33.58948000" lon="132.91867700">
   </rtept>
   <rtept lat="33.58951400" lon="132.91913500">
   </rtept>
   <rtept lat="33.58953400" lon="132.91948600">
   </rtept>
   <rtept lat="33.58956400" lon="132.91981800">
   </rtept>
   <rtept lat="33.58956900" lon="132.92025800">
   </rtept>
   <rtept lat="33.58950500" lon="132.92061500">
   </rtept>
   <rtept lat="33.58935100" lon="132.92087000">
   </rtept>
   <rtept lat="33.58914800" lon="132.92099500">
   </rtept>
   <rtept lat="33.58887100" lon="132.92101300">
   </rtept>
   <rtept lat="33.58857400" lon="132.92112600">
   </rtept>
   <rtept lat="33.58827200" lon="132.92112600">
   </rtept>
   <rtept lat="33.58818700" lon="132.92116100">
   </rtept>
   <rtept lat="33.58810800" lon="132.92139300">
   </rtept>
   <rtept lat="33.58814700" lon="132.92150600">
   </rtept>
   <rtept lat="33.58847400" lon="132.92189200">
   </rtept>
   <rtept lat="33.58860800" lon="132.92201100">
   </rtept>
   <rtept lat="33.58877100" lon="132.92232400">
   </rtept>
   <rtept lat="33.58894400" lon="132.92270400">
   </rtept>
   <rtept lat="33.58901400" lon="132.92291800">
   </rtept>
   <rtept lat="33.58893400" lon="132.92329900">
   </rtept>
   <rtept lat="33.58880100" lon="132.92349500">
   </rtept>
   <rtept lat="33.58869200" lon="132.92361300">
   </rtept>
   <rtept lat="33.58841000" lon="132.92359600">
   </rtept>
   <rtept lat="33.58823600" lon="132.92361300">
   </rtept>
   <rtept lat="33.58806300" lon="132.92379200">
   </rtept>
   <rtept lat="33.58785500" lon="132.92388100">
   </rtept>
   <rtept lat="33.58770700" lon="132.92384500">
   </rtept>
   <rtept lat="33.58757300" lon="132.92380400">
   </rtept>
   <rtept lat="33.58740500" lon="132.92386300">
   </rtept>
   <rtept lat="33.58724600" lon="132.92386900">
   </rtept>
   <rtept lat="33.58706800" lon="132.92379200">
   </rtept>
   <rtept lat="33.58685900" lon="132.92360200">
   </rtept>
   <rtept lat="33.58672600" lon="132.92344100">
   </rtept>
   <rtept lat="33.58661700" lon="132.92347700">
   </rtept>
   <rtept lat="33.58645300" lon="132.92355400">
   </rtept>
   <rtept lat="33.58633500" lon="132.92372600">
   </rtept>
   <rtept lat="33.58618600" lon="132.92392200">
   </rtept>
   <rtept lat="33.58605700" lon="132.92406500">
   </rtept>
   <rtept lat="33.58604300" lon="132.92458200">
   </rtept>
   <rtept lat="33.58584000" lon="132.92473100">
   </rtept>
   <rtept lat="33.58568600" lon="132.92490900">
   </rtept>
   <rtept lat="33.58559700" lon="132.92536600">
   </rtept>
   <rtept lat="33.58538900" lon="132.92568100">
   </rtept>
   <rtept lat="33.58519600" lon="132.92586600">
   </rtept>
   <rtept lat="33.58497300" lon="132.92591900">
   </rtept>
   <rtept lat="33.58466200" lon="132.92587100">
   </rtept>
   <rtept lat="33.58448800" lon="132.92581800">
   </rtept>
   <rtept lat="33.58437900" lon="132.92586000">
   </rtept>
   <rtept lat="33.58424600" lon="132.92606200">
   </rtept>
   <rtept lat="33.58413200" lon="132.92610300">
   </rtept>
   <rtept lat="33.58396900" lon="132.92603800">
   </rtept>
   <rtept lat="33.58384900" lon="132.92585400">
   </rtept>
   <rtept lat="33.58375000" lon="132.92581200">
   </rtept>
   <rtept lat="33.58357600" lon="132.92584800">
   </rtept>
   <rtept lat="33.58342300" lon="132.92586000">
   </rtept>
   <rtept lat="33.58329900" lon="132.92581800">
   </rtept>
   <rtept lat="33.58299700" lon="132.92577000">
   </rtept>
   <rtept lat="33.58281900" lon="132.92576500">
   </rtept>
   <rtept lat="33.58269500" lon="132.92590700">
   </rtept>
   <rtept lat="33.58262100" lon="132.92605000">
   </rtept>
   <rtept lat="33.58272500" lon="132.92642400">
   </rtept>
   <rtept lat="33.58278900" lon="132.92700600">
   </rtept>
   <rtept lat="33.58281400" lon="132.92742800">
   </rtept>
   <rtept lat="33.58265100" lon="132.92771900">
   </rtept>
   <rtept lat="33.58243300" lon="132.92789200">
   </rtept>
   <rtept lat="33.58220000" lon="132.92791600">
   </rtept>
   <rtept lat="33.58193800" lon="132.92793900">
   </rtept>
   <rtept lat="33.58177500" lon="132.92801100">
   </rtept>
   <rtept lat="33.58161600" lon="132.92808800">
   </rtept>
   <rtept lat="33.58118600" lon="132.92816200">
   </rtept>
   <rtept lat="33.58102200" lon="132.92819800">
   </rtept>
   <rtept lat="33.58090300" lon="132.92828100">
   </rtept>
   <rtept lat="33.58083900" lon="132.92843500">
   </rtept>
   <rtept lat="33.58091300" lon="132.92859000">
   </rtept>
   <rtept lat="33.58114600" lon="132.92883400">
   </rtept>
   <rtept lat="33.58171000" lon="132.92913700">
   </rtept>
   <rtept lat="33.58194800" lon="132.92920800">
   </rtept>
   <rtept lat="33.58224000" lon="132.92922000">
   </rtept>
   <rtept lat="33.58239800" lon="132.92921400">
   </rtept>
   <rtept lat="33.58253200" lon="132.92937400">
   </rtept>
   <rtept lat="33.58258600" lon="132.92965900">
   </rtept>
   <rtept lat="33.58228900" lon="132.93008100">
   </rtept>
   <rtept lat="33.58197800" lon="132.93045600">
   </rtept>
   <rtept lat="33.58179900" lon="132.93070500">
   </rtept>
   <rtept lat="33.58170500" lon="132.93085400">
   </rtept>
   <rtept lat="33.58164600" lon="132.93113900">
   </rtept>
   <rtept lat="33.58151700" lon="132.93134700">
   </rtept>
   <rtept lat="33.58156700" lon="132.93174500">
   </rtept>
   <rtept lat="33.58143800" lon="132.93196500">
   </rtept>
   <rtept lat="33.58132900" lon="132.93232100">
   </rtept>
   <rtept lat="33.58095700" lon="132.93265800">
   </rtept>
   <rtept lat="33.58094700" lon="132.93274200">
   </rtept>
   <rtept lat="33.58128400" lon="132.93310400">
   </rtept>
   <rtept lat="33.58134300" lon="132.93345500">
   </rtept>
   <rtept lat="33.58109500" lon="132.93402500">
   </rtept>
   <rtept lat="33.58120400" lon="132.93416200">
   </rtept>
   <rtept lat="33.58143200" lon="132.93411400">
   </rtept>
   <rtept lat="33.58162000" lon="132.93393000">
   </rtept>
   <rtept lat="33.58176900" lon="132.93394200">
   </rtept>
   <rtept lat="33.58191700" lon="132.93409600">
   </rtept>
   <rtept lat="33.58229800" lon="132.93463100">
   </rtept>
   <rtept lat="33.58249600" lon="132.93467900">
   </rtept>
   <rtept lat="33.58265000" lon="132.93458400">
   </rtept>
   <rtept lat="33.58279800" lon="132.93434000">
   </rtept>
   <rtept lat="33.58288700" lon="132.93397200">
   </rtept>
   <rtept lat="33.58302100" lon="132.93380500">
   </rtept>
   <rtept lat="33.58328300" lon="132.93356200">
   </rtept>
   <rtept lat="33.58333400" lon="132.93341900">
   </rtept>
   <rtept lat="33.58335400" lon="132.93317500">
   </rtept>
   <rtept lat="33.58344300" lon="132.93303300">
   </rtept>
   <rtept lat="33.58358100" lon="132.93299100">
   </rtept>
   <rtept lat="33.58395300" lon="132.93311000">
   </rtept>
   <rtept lat="33.58423500" lon="132.93311000">
   </rtept>
   <rtept lat="33.58440300" lon="132.93296700">
   </rtept>
   <rtept lat="33.58449700" lon="132.93269400">
   </rtept>
   <rtept lat="33.58455700" lon="132.93248600">
   </rtept>
   <rtept lat="33.58461100" lon="132.93235500">
   </rtept>
   <rtept lat="33.58483400" lon="132.93249800">
   </rtept>
   <rtept lat="33.58509600" lon="132.93257500">
   </rtept>
   <rtept lat="33.58528900" lon="132.93267600">
   </rtept>
   <rtept lat="33.58550700" lon="132.93270000">
   </rtept>
   <rtept lat="33.58574500" lon="132.93272400">
   </rtept>
   <rtept lat="33.58599700" lon="132.93283700">
   </rtept>
   <rtept lat="33.58622500" lon="132.93312200">
   </rtept>
   <rtept lat="33.58628400" lon="132.93343700">
   </rtept>
   <rtept lat="33.58628400" lon="132.93371600">
   </rtept>
   <rtept lat="33.58622500" lon="132.93399500">
   </rtept>
   <rtept lat="33.58628400" lon="132.93409600">
   </rtept>
   <rtept lat="33.58641300" lon="132.93407300">
   </rtept>
   <rtept lat="33.58657200" lon="132.93378100">
   </rtept>
   <rtept lat="33.58659200" lon="132.93337100">
   </rtept>
   <rtept lat="33.58651300" lon="132.93305100">
   </rtept>
   <rtept lat="33.58648800" lon="132.93287800">
   </rtept>
   <rtept lat="33.58649300" lon="132.93275300">
   </rtept>
   <rtept lat="33.58657200" lon="132.93273000">
   </rtept>
   <rtept lat="33.58669100" lon="132.93286000">
   </rtept>
   <rtept lat="33.58683000" lon="132.93317500">
   </rtept>
   <rtept lat="33.58698800" lon="132.93363300">
   </rtept>
   <rtept lat="33.58711200" lon="132.93374600">
   </rtept>
   <rtept lat="33.58743400" lon="132.93377000">
   </rtept>
   <rtept lat="33.58791900" lon="132.93354400">
   </rtept>
   <rtept lat="33.58811200" lon="132.93337700">
   </rtept>
   <rtept lat="33.58826500" lon="132.93322300">
   </rtept>
   <rtept lat="33.58832000" lon="132.93303300">
   </rtept>
   <rtept lat="33.58834400" lon="132.93265800">
   </rtept>
   <rtept lat="33.58844800" lon="132.93235500">
   </rtept>
   <rtept lat="33.58858700" lon="132.93222500">
   </rtept>
   <rtept lat="33.58901300" lon="132.93222500">
   </rtept>
   <rtept lat="33.58929000" lon="132.93217100">
   </rtept>
   <rtept lat="33.58938900" lon="132.93193300">
   </rtept>
   <rtept lat="33.58951700" lon="132.93168400">
   </rtept>
   <rtept lat="33.58965100" lon="132.93151200">
   </rtept>
   <rtept lat="33.58986500" lon="132.93145200">
   </rtept>
   <rtept lat="33.59022100" lon="132.93149400">
   </rtept>
   <rtept lat="33.59057800" lon="132.93148800">
   </rtept>
   <rtept lat="33.59071600" lon="132.93133900">
   </rtept>
   <rtept lat="33.59088500" lon="132.93114300">
   </rtept>
   <rtept lat="33.59101300" lon="132.93115500">
   </rtept>
   <rtept lat="33.59116200" lon="132.93173700">
   </rtept>
   <rtept lat="33.59130000" lon="132.93232000">
   </rtept>
   <rtept lat="33.59151800" lon="132.93283100">
   </rtept>
   <rtept lat="33.59148400" lon="132.93299100">
   </rtept>
   <rtept lat="33.59140900" lon="132.93320500">
   </rtept>
   <rtept lat="33.59141400" lon="132.93344900">
   </rtept>
   <rtept lat="33.59145900" lon="132.93405500">
   </rtept>
   <rtept lat="33.59135500" lon="132.93457200">
   </rtept>
   <rtept lat="33.59118700" lon="132.93507700">
   </rtept>
   <rtept lat="33.59104800" lon="132.93542700">
   </rtept>
   <rtept lat="33.59086000" lon="132.93552200">
   </rtept>
   <rtept lat="33.59055800" lon="132.93561800">
   </rtept>
   <rtept lat="33.59042900" lon="132.93586700">
   </rtept>
   <rtept lat="33.59031000" lon="132.93598000">
   </rtept>
   <rtept lat="33.59004300" lon="132.93602200">
   </rtept>
   <rtept lat="33.58982000" lon="132.93604500">
   </rtept>
   <rtept lat="33.58979600" lon="132.93622400">
   </rtept>
   <rtept lat="33.58974100" lon="132.93649700">
   </rtept>
   <rtept lat="33.58960800" lon="132.93677000">
   </rtept>
   <rtept lat="33.58964200" lon="132.93706700">
   </rtept>
   <rtept lat="33.58962700" lon="132.93728100">
   </rtept>
   <rtept lat="33.58947900" lon="132.93756100">
   </rtept>
   <rtept lat="33.58898700" lon="132.93809300">
   </rtept>
   <rtept lat="33.58883300" lon="132.93808700">
   </rtept>
   <rtept lat="33.58870000" lon="132.93808100">
   </rtept>
   <rtept lat="33.58860600" lon="132.93812300">
   </rtept>
   <rtept lat="33.58852200" lon="132.93827100">
   </rtept>
   <rtept lat="33.58846700" lon="132.93870500">
   </rtept>
   <rtept lat="33.58851200" lon="132.93905600">
   </rtept>
   <rtept lat="33.58862100" lon="132.93914500">
   </rtept>
   <rtept lat="33.58879400" lon="132.93912700">
   </rtept>
   <rtept lat="33.58902600" lon="132.93887100">
   </rtept>
   <rtept lat="33.58914500" lon="132.93882400">
   </rtept>
   <rtept lat="33.58934300" lon="132.93888300">
   </rtept>
   <rtept lat="33.58952100" lon="132.93892500">
   </rtept>
   <rtept lat="33.58963000" lon="132.93896000">
   </rtept>
   <rtept lat="33.58975400" lon="132.93916300">
   </rtept>
   <rtept lat="33.58990300" lon="132.93921600">
   </rtept>
   <rtept lat="33.59005100" lon="132.93916300">
   </rtept>
   <rtept lat="33.59020000" lon="132.93912700">
   </rtept>
   <rtept lat="33.59044300" lon="132.93915700">
   </rtept>
   <rtept lat="33.59098800" lon="132.93892500">
   </rtept>
   <rtept lat="33.59114600" lon="132.93909100">
   </rtept>
   <rtept lat="33.59119000" lon="132.93940600">
   </rtept>
   <rtept lat="33.59158200" lon="132.93967900">
   </rtept>
   <rtept lat="33.59161600" lon="132.93997100">
   </rtept>
   <rtept lat="33.59143300" lon="132.94091500">
   </rtept>
   <rtept lat="33.59147800" lon="132.94113500">
   </rtept>
   <rtept lat="33.59179400" lon="132.94153900">
   </rtept>
   <rtept lat="33.59203200" lon="132.94148000">
   </rtept>
   <rtept lat="33.59225500" lon="132.94135500">
   </rtept>
   <rtept lat="33.59240300" lon="132.94136100">
   </rtept>
   <rtept lat="33.59330900" lon="132.94243700">
   </rtept>
   <rtept lat="33.59346200" lon="132.94250200">
   </rtept>
   <rtept lat="33.59376700" lon="132.94253500">
   </rtept>
   <rtept lat="33.59382700" lon="132.94261800">
   </rtept>
   <rtept lat="33.59387100" lon="132.94282000">
   </rtept>
   <rtept lat="33.59383700" lon="132.94297500">
   </rtept>
   <rtept lat="33.59368300" lon="132.94315300">
   </rtept>
   <rtept lat="33.59358900" lon="132.94337300">
   </rtept>
   <rtept lat="33.59346500" lon="132.94381900">
   </rtept>
   <rtept lat="33.59348000" lon="132.94398500">
   </rtept>
   <rtept lat="33.59361900" lon="132.94414000">
   </rtept>
   <rtept lat="33.59408400" lon="132.94427600">
   </rtept>
   <rtept lat="33.59428700" lon="132.94447200">
   </rtept>
   <rtept lat="33.59411900" lon="132.94481700">
   </rtept>
   <rtept lat="33.59415800" lon="132.94491800">
   </rtept>
   <rtept lat="33.59439100" lon="132.94516200">
   </rtept>
   <rtept lat="33.59441600" lon="132.94539900">
   </rtept>
   <rtept lat="33.59430200" lon="132.94558900">
   </rtept>
   <rtept lat="33.59414300" lon="132.94569000">
   </rtept>
   <rtept lat="33.59388100" lon="132.94576800">
   </rtept>
   <rtept lat="33.59356900" lon="132.94589800">
   </rtept>
   <rtept lat="33.59339600" lon="132.94601100">
   </rtept>
   <rtept lat="33.59328700" lon="132.94614200">
   </rtept>
   <rtept lat="33.59330200" lon="132.94630800">
   </rtept>
   <rtept lat="33.59342100" lon="132.94666500">
   </rtept>
   <rtept lat="33.59332200" lon="132.94702700">
   </rtept>
   <rtept lat="33.59379200" lon="132.94766900">
   </rtept>
   <rtept lat="33.59382700" lon="132.94780300">
   </rtept>
   <rtept lat="33.59370300" lon="132.94844500">
   </rtept>
   <rtept lat="33.59401000" lon="132.94874800">
   </rtept>
   <rtept lat="33.59404900" lon="132.94892000">
   </rtept>
   <rtept lat="33.59400000" lon="132.94912200">
   </rtept>
   <rtept lat="33.59373800" lon="132.94950900">
   </rtept>
   <rtept lat="33.59372300" lon="132.94990100">
   </rtept>
   <rtept lat="33.59365300" lon="132.95001400">
   </rtept>
   <rtept lat="33.59305900" lon="132.95040600">
   </rtept>
   <rtept lat="33.59261400" lon="132.95079200">
   </rtept>
   <rtept lat="33.59236700" lon="132.95119000">
   </rtept>
   <rtept lat="33.59210900" lon="132.95186200">
   </rtept>
   <rtept lat="33.59198000" lon="132.95222400">
   </rtept>
   <rtept lat="33.59178200" lon="132.95263400">
   </rtept>
   <rtept lat="33.59163700" lon="132.95314300">
   </rtept>
   <rtept lat="33.59150800" lon="132.95357100">
   </rtept>
   <rtept lat="33.59136500" lon="132.95367200">
   </rtept>
   <rtept lat="33.59124600" lon="132.95370700">
   </rtept>
   <rtept lat="33.59108300" lon="132.95363000">
   </rtept>
   <rtept lat="33.59067200" lon="132.95320800">
   </rtept>
   <rtept lat="33.59041900" lon="132.95278000">
   </rtept>
   <rtept lat="33.59018700" lon="132.95225200">
   </rtept>
   <rtept lat="33.58982500" lon="132.95195400">
   </rtept>
   <rtept lat="33.58976600" lon="132.95177000">
   </rtept>
   <rtept lat="33.58975100" lon="132.95114000">
   </rtept>
   <rtept lat="33.58969200" lon="132.95105100">
   </rtept>
   <rtept lat="33.58929600" lon="132.95104500">
   </rtept>
   <rtept lat="33.58916200" lon="132.95095600">
   </rtept>
   <rtept lat="33.58907900" lon="132.95074400">
   </rtept>
   <rtept lat="33.58868800" lon="132.94972800">
   </rtept>
   <rtept lat="33.58860400" lon="132.94935900">
   </rtept>
   <rtept lat="33.58852000" lon="132.94922900">
   </rtept>
   <rtept lat="33.58841600" lon="132.94916300">
   </rtept>
   <rtept lat="33.58820800" lon="132.94918100">
   </rtept>
   <rtept lat="33.58804500" lon="132.94916900">
   </rtept>
   <rtept lat="33.58789600" lon="132.94907400">
   </rtept>
   <rtept lat="33.58773800" lon="132.94883600">
   </rtept>
   <rtept lat="33.58752500" lon="132.94848000">
   </rtept>
   <rtept lat="33.58738600" lon="132.94826000">
   </rtept>
   <rtept lat="33.58715900" lon="132.94801600">
   </rtept>
 </rte>
 <rte>
  <name>SHIKOKU_EHM_31(支4・四国カルストルート)</name>
   <rtept lat="33.50020000" lon="132.86726100">
   </rtept>
   <rtept lat="33.50008400" lon="132.86720700">
   </rtept>
   <rtept lat="33.49985400" lon="132.86702600">
   </rtept>
   <rtept lat="33.49954500" lon="132.86673200">
   </rtept>
   <rtept lat="33.49937000" lon="132.86637000">
   </rtept>
   <rtept lat="33.49935500" lon="132.86618000">
   </rtept>
   <rtept lat="33.49927500" lon="132.86607600">
   </rtept>
   <rtept lat="33.49862500" lon="132.86604700">
   </rtept>
   <rtept lat="33.49844300" lon="132.86584700">
   </rtept>
   <rtept lat="33.49826800" lon="132.86574300">
   </rtept>
   <rtept lat="33.49820500" lon="132.86579000">
   </rtept>
   <rtept lat="33.49807800" lon="132.86596200">
   </rtept>
   <rtept lat="33.49789600" lon="132.86612300">
   </rtept>
   <rtept lat="33.49765800" lon="132.86627500">
   </rtept>
   <rtept lat="33.49726900" lon="132.86602800">
   </rtept>
   <rtept lat="33.49710300" lon="132.86611400">
   </rtept>
   <rtept lat="33.49699200" lon="132.86608500">
   </rtept>
   <rtept lat="33.49689700" lon="132.86607600">
   </rtept>
   <rtept lat="33.49684900" lon="132.86618000">
   </rtept>
   <rtept lat="33.49673800" lon="132.86636100">
   </rtept>
   <rtept lat="33.49656100" lon="132.86658900">
   </rtept>
   <rtept lat="33.49642600" lon="132.86657000">
   </rtept>
   <rtept lat="33.49622000" lon="132.86635100">
   </rtept>
   <rtept lat="33.49606100" lon="132.86629400">
   </rtept>
   <rtept lat="33.49595800" lon="132.86634200">
   </rtept>
   <rtept lat="33.49580000" lon="132.86652200">
   </rtept>
   <rtept lat="33.49563300" lon="132.86667500">
   </rtept>
   <rtept lat="33.49541100" lon="132.86677900">
   </rtept>
   <rtept lat="33.49522900" lon="132.86676000">
   </rtept>
   <rtept lat="33.49510200" lon="132.86671300">
   </rtept>
   <rtept lat="33.49484000" lon="132.86656000">
   </rtept>
   <rtept lat="33.49448300" lon="132.86631300">
   </rtept>
   <rtept lat="33.49438000" lon="132.86619900">
   </rtept>
   <rtept lat="33.49434100" lon="132.86605700">
   </rtept>
   <rtept lat="33.49434100" lon="132.86559100">
   </rtept>
   <rtept lat="33.49430100" lon="132.86531500">
   </rtept>
   <rtept lat="33.49418200" lon="132.86522000">
   </rtept>
   <rtept lat="33.49396800" lon="132.86509600">
   </rtept>
   <rtept lat="33.49376400" lon="132.86509400">
   </rtept>
   <rtept lat="33.49347700" lon="132.86500400">
   </rtept>
   <rtept lat="33.49312500" lon="132.86486200">
   </rtept>
   <rtept lat="33.49282300" lon="132.86462400">
   </rtept>
   <rtept lat="33.49248100" lon="132.86429100">
   </rtept>
   <rtept lat="33.49230300" lon="132.86420200">
   </rtept>
   <rtept lat="33.49169800" lon="132.86425000">
   </rtept>
   <rtept lat="33.49124300" lon="132.86433900">
   </rtept>
   <rtept lat="33.49101000" lon="132.86419600">
   </rtept>
   <rtept lat="33.49062900" lon="132.86415500">
   </rtept>
   <rtept lat="33.49036100" lon="132.86418400">
   </rtept>
   <rtept lat="33.49024700" lon="132.86430300">
   </rtept>
   <rtept lat="33.49022700" lon="132.86448200">
   </rtept>
   <rtept lat="33.49023200" lon="132.86485600">
   </rtept>
   <rtept lat="33.49015300" lon="132.86521200">
   </rtept>
   <rtept lat="33.48990000" lon="132.86584800">
   </rtept>
   <rtept lat="33.48978700" lon="132.86604400">
   </rtept>
   <rtept lat="33.48936500" lon="132.86597200">
   </rtept>
   <rtept lat="33.48870500" lon="132.86595800">
   </rtept>
   <rtept lat="33.48854400" lon="132.86605100">
   </rtept>
   <rtept lat="33.48853300" lon="132.86645700">
   </rtept>
   <rtept lat="33.48850300" lon="132.86662800">
   </rtept>
   <rtept lat="33.48828300" lon="132.86687800">
   </rtept>
   <rtept lat="33.48800300" lon="132.86773300">
   </rtept>
   <rtept lat="33.48802700" lon="132.86779800">
   </rtept>
   <rtept lat="33.48842500" lon="132.86801900">
   </rtept>
   <rtept lat="33.48845500" lon="132.86812600">
   </rtept>
   <rtept lat="33.48841400" lon="132.86825400">
   </rtept>
   <rtept lat="33.48812800" lon="132.86840400">
   </rtept>
   <rtept lat="33.48802100" lon="132.86865300">
   </rtept>
   <rtept lat="33.48755700" lon="132.86880300">
   </rtept>
   <rtept lat="33.48737900" lon="132.86886700">
   </rtept>
   <rtept lat="33.48732500" lon="132.86931600">
   </rtept>
   <rtept lat="33.48722400" lon="132.86946600">
   </rtept>
   <rtept lat="33.48695100" lon="132.86953700">
   </rtept>
   <rtept lat="33.48684400" lon="132.86957300">
   </rtept>
   <rtept lat="33.48674800" lon="132.86966600">
   </rtept>
   <rtept lat="33.48669500" lon="132.86973000">
   </rtept>
   <rtept lat="33.48639400" lon="132.86980600">
   </rtept>
   <rtept lat="33.48631100" lon="132.86990100">
   </rtept>
   <rtept lat="33.48629500" lon="132.87003400">
   </rtept>
   <rtept lat="33.48635000" lon="132.87017200">
   </rtept>
   <rtept lat="33.48646100" lon="132.87040000">
   </rtept>
   <rtept lat="33.48646100" lon="132.87050000">
   </rtept>
   <rtept lat="33.48639800" lon="132.87060000">
   </rtept>
   <rtept lat="33.48623500" lon="132.87061400">
   </rtept>
   <rtept lat="33.48573600" lon="132.87059100">
   </rtept>
   <rtept lat="33.48564100" lon="132.87048600">
   </rtept>
   <rtept lat="33.48553000" lon="132.87034300">
   </rtept>
   <rtept lat="33.48540700" lon="132.87040000">
   </rtept>
   <rtept lat="33.48515700" lon="132.87066200">
   </rtept>
   <rtept lat="33.48447100" lon="132.87062900">
   </rtept>
   <rtept lat="33.48430500" lon="132.87088000">
   </rtept>
   <rtept lat="33.48421000" lon="132.87107100">
   </rtept>
   <rtept lat="33.48418600" lon="132.87123700">
   </rtept>
   <rtept lat="33.48424500" lon="132.87142200">
   </rtept>
   <rtept lat="33.48425300" lon="132.87153600">
   </rtept>
   <rtept lat="33.48419800" lon="132.87164300">
   </rtept>
   <rtept lat="33.48405500" lon="132.87191400">
   </rtept>
   <rtept lat="33.48391200" lon="132.87212800">
   </rtept>
   <rtept lat="33.48386500" lon="132.87242100">
   </rtept>
   <rtept lat="33.48390000" lon="132.87284100">
   </rtept>
   <rtept lat="33.48382900" lon="132.87302700">
   </rtept>
   <rtept lat="33.48357900" lon="132.87336900">
   </rtept>
   <rtept lat="33.48352400" lon="132.87356700">
   </rtept>
   <rtept lat="33.48353200" lon="132.87386200">
   </rtept>
   <rtept lat="33.48346800" lon="132.87393800">
   </rtept>
   <rtept lat="33.48341300" lon="132.87394700">
   </rtept>
   <rtept lat="33.48311100" lon="132.87377600">
   </rtept>
   <rtept lat="33.48286500" lon="132.87376700">
   </rtept>
   <rtept lat="33.48267500" lon="132.87386200">
   </rtept>
   <rtept lat="33.48247700" lon="132.87406100">
   </rtept>
   <rtept lat="33.48233400" lon="132.87420400">
   </rtept>
   <rtept lat="33.48207300" lon="132.87424200">
   </rtept>
   <rtept lat="33.48177100" lon="132.87429000">
   </rtept>
   <rtept lat="33.48159700" lon="132.87457500">
   </rtept>
   <rtept lat="33.48141400" lon="132.87456500">
   </rtept>
   <rtept lat="33.48109700" lon="132.87446100">
   </rtept>
   <rtept lat="33.48083500" lon="132.87447000">
   </rtept>
   <rtept lat="33.48059800" lon="132.87457500">
   </rtept>
   <rtept lat="33.48040700" lon="132.87474600">
   </rtept>
   <rtept lat="33.48020900" lon="132.87475500">
   </rtept>
   <rtept lat="33.47995500" lon="132.87467000">
   </rtept>
   <rtept lat="33.47970900" lon="132.87492700">
   </rtept>
   <rtept lat="33.47936800" lon="132.87541100">
   </rtept>
   <rtept lat="33.47915400" lon="132.87590600">
   </rtept>
   <rtept lat="33.47908300" lon="132.87638100">
   </rtept>
   <rtept lat="33.47905400" lon="132.87697400">
   </rtept>
   <rtept lat="33.47902500" lon="132.87749700">
   </rtept>
   <rtept lat="33.47909400" lon="132.87797200">
   </rtept>
   <rtept lat="33.47923300" lon="132.87832900">
   </rtept>
   <rtept lat="33.47936200" lon="132.87866100">
   </rtept>
   <rtept lat="33.47941100" lon="132.87919600">
   </rtept>
   <rtept lat="33.47940100" lon="132.87961200">
   </rtept>
   <rtept lat="33.47955000" lon="132.87998000">
   </rtept>
   <rtept lat="33.47990700" lon="132.88031300">
   </rtept>
   <rtept lat="33.48085800" lon="132.88093100">
   </rtept>
   <rtept lat="33.48099700" lon="132.88102600">
   </rtept>
   <rtept lat="33.48103700" lon="132.88120400">
   </rtept>
   <rtept lat="33.48101700" lon="132.88134700">
   </rtept>
   <rtept lat="33.48087800" lon="132.88144200">
   </rtept>
   <rtept lat="33.48070000" lon="132.88143000">
   </rtept>
   <rtept lat="33.48002600" lon="132.88101400">
   </rtept>
   <rtept lat="33.47972800" lon="132.88103800">
   </rtept>
   <rtept lat="33.47933200" lon="132.88097900">
   </rtept>
   <rtept lat="33.47884600" lon="132.88077700">
   </rtept>
   <rtept lat="33.47846000" lon="132.88072900">
   </rtept>
   <rtept lat="33.47831100" lon="132.88077700">
   </rtept>
   <rtept lat="33.47801400" lon="132.88132300">
   </rtept>
   <rtept lat="33.47771600" lon="132.88173900">
   </rtept>
   <rtept lat="33.47772600" lon="132.88242900">
   </rtept>
   <rtept lat="33.47764700" lon="132.88280900">
   </rtept>
   <rtept lat="33.47724000" lon="132.88384300">
   </rtept>
   <rtept lat="33.47701200" lon="132.88447300">
   </rtept>
   <rtept lat="33.47708200" lon="132.88481700">
   </rtept>
   <rtept lat="33.47717100" lon="132.88504300">
   </rtept>
   <rtept lat="33.47743900" lon="132.88518600">
   </rtept>
   <rtept lat="33.47784500" lon="132.88516200">
   </rtept>
   <rtept lat="33.47808300" lon="132.88494800">
   </rtept>
   <rtept lat="33.47837000" lon="132.88477000">
   </rtept>
   <rtept lat="33.47856900" lon="132.88475800">
   </rtept>
   <rtept lat="33.47877700" lon="132.88486500">
   </rtept>
   <rtept lat="33.47910400" lon="132.88507900">
   </rtept>
   <rtept lat="33.47975800" lon="132.88511400">
   </rtept>
   <rtept lat="33.48055100" lon="132.88501900">
   </rtept>
   <rtept lat="33.48092800" lon="132.88482900">
   </rtept>
   <rtept lat="33.48140400" lon="132.88448400">
   </rtept>
   <rtept lat="33.48180200" lon="132.88421100">
   </rtept>
   <rtept lat="33.48214900" lon="132.88405700">
   </rtept>
   <rtept lat="33.48237700" lon="132.88406900">
   </rtept>
   <rtept lat="33.48307100" lon="132.88427100">
   </rtept>
   <rtept lat="33.48341800" lon="132.88429400">
   </rtept>
   <rtept lat="33.48366600" lon="132.88406900">
   </rtept>
   <rtept lat="33.48379400" lon="132.88386700">
   </rtept>
   <rtept lat="33.48386400" lon="132.88351000">
   </rtept>
   <rtept lat="33.48386400" lon="132.88311800">
   </rtept>
   <rtept lat="33.48373500" lon="132.88264200">
   </rtept>
   <rtept lat="33.48365600" lon="132.88226200">
   </rtept>
   <rtept lat="33.48365600" lon="132.88196500">
   </rtept>
   <rtept lat="33.48381400" lon="132.88169200">
   </rtept>
   <rtept lat="33.48397300" lon="132.88153700">
   </rtept>
   <rtept lat="33.48425000" lon="132.88144200">
   </rtept>
   <rtept lat="33.48437900" lon="132.88128800">
   </rtept>
   <rtept lat="33.48435900" lon="132.88113300">
   </rtept>
   <rtept lat="33.48427000" lon="132.88094300">
   </rtept>
   <rtept lat="33.48385400" lon="132.88045600">
   </rtept>
   <rtept lat="33.48361600" lon="132.88018200">
   </rtept>
   <rtept lat="33.48360600" lon="132.87996900">
   </rtept>
   <rtept lat="33.48374500" lon="132.87987400">
   </rtept>
   <rtept lat="33.48393300" lon="132.87985000">
   </rtept>
   <rtept lat="33.48423000" lon="132.87987400">
   </rtept>
   <rtept lat="33.48468600" lon="132.87987400">
   </rtept>
   <rtept lat="33.48511300" lon="132.87981400">
   </rtept>
   <rtept lat="33.48516200" lon="132.87999200">
   </rtept>
   <rtept lat="33.48511300" lon="132.88007600">
   </rtept>
   <rtept lat="33.48489500" lon="132.88008700">
   </rtept>
   <rtept lat="33.48445800" lon="132.88011100">
   </rtept>
   <rtept lat="33.48425000" lon="132.88027800">
   </rtept>
   <rtept lat="33.48434900" lon="132.88049100">
   </rtept>
   <rtept lat="33.48495400" lon="132.88087200">
   </rtept>
   <rtept lat="33.48503300" lon="132.88105000">
   </rtept>
   <rtept lat="33.48497400" lon="132.88140700">
   </rtept>
   <rtept lat="33.48461700" lon="132.88219100">
   </rtept>
   <rtept lat="33.48469600" lon="132.88269000">
   </rtept>
   <rtept lat="33.48485500" lon="132.88342700">
   </rtept>
   <rtept lat="33.48478600" lon="132.88411600">
   </rtept>
   <rtept lat="33.48486500" lon="132.88473400">
   </rtept>
   <rtept lat="33.48481500" lon="132.88549500">
   </rtept>
   <rtept lat="33.48516200" lon="132.88681400">
   </rtept>
   <rtept lat="33.48519200" lon="132.88715800">
   </rtept>
   <rtept lat="33.48530100" lon="132.88727700">
   </rtept>
   <rtept lat="33.48559800" lon="132.88752700">
   </rtept>
   <rtept lat="33.48591500" lon="132.88784800">
   </rtept>
   <rtept lat="33.48648000" lon="132.88828700">
   </rtept>
   <rtept lat="33.48658000" lon="132.88854900">
   </rtept>
   <rtept lat="33.48666900" lon="132.88880300">
   </rtept>
   <rtept lat="33.48698700" lon="132.88912600">
   </rtept>
   <rtept lat="33.48711300" lon="132.88934500">
   </rtept>
   <rtept lat="33.48713700" lon="132.88968700">
   </rtept>
   <rtept lat="33.48706600" lon="132.89024800">
   </rtept>
   <rtept lat="33.48704200" lon="132.89060000">
   </rtept>
   <rtept lat="33.48720100" lon="132.89108500">
   </rtept>
   <rtept lat="33.48722400" lon="132.89176900">
   </rtept>
   <rtept lat="33.48733500" lon="132.89247300">
   </rtept>
   <rtept lat="33.48732800" lon="132.89282500">
   </rtept>
   <rtept lat="33.48721700" lon="132.89311000">
   </rtept>
   <rtept lat="33.48719300" lon="132.89328100">
   </rtept>
   <rtept lat="33.48745400" lon="132.89384200">
   </rtept>
   <rtept lat="33.48747000" lon="132.89399800">
   </rtept>
   <rtept lat="33.48741500" lon="132.89442600">
   </rtept>
   <rtept lat="33.48715300" lon="132.89522400">
   </rtept>
   <rtept lat="33.48718500" lon="132.89661200">
   </rtept>
   <rtept lat="33.48704200" lon="132.89724900">
   </rtept>
   <rtept lat="33.48698700" lon="132.89801900">
   </rtept>
   <rtept lat="33.48679600" lon="132.89849500">
   </rtept>
   <rtept lat="33.48682000" lon="132.89879900">
   </rtept>
   <rtept lat="33.48683600" lon="132.89903700">
   </rtept>
   <rtept lat="33.48689500" lon="132.89933600">
   </rtept>
   <rtept lat="33.48666900" lon="132.89976400">
   </rtept>
   <rtept lat="33.48668100" lon="132.89994900">
   </rtept>
   <rtept lat="33.48689500" lon="132.90010600">
   </rtept>
   <rtept lat="33.48713300" lon="132.90010600">
   </rtept>
   <rtept lat="33.48733500" lon="132.90036300">
   </rtept>
   <rtept lat="33.48750200" lon="132.90066200">
   </rtept>
   <rtept lat="33.48756100" lon="132.90119000">
   </rtept>
   <rtept lat="33.48770400" lon="132.90176000">
   </rtept>
   <rtept lat="33.48795400" lon="132.90208800">
   </rtept>
   <rtept lat="33.48828700" lon="132.90204600">
   </rtept>
   <rtept lat="33.48881000" lon="132.90241600">
   </rtept>
   <rtept lat="33.48903600" lon="132.90265900">
   </rtept>
   <rtept lat="33.48903600" lon="132.90300100">
   </rtept>
   <rtept lat="33.48929800" lon="132.90341500">
   </rtept>
   <rtept lat="33.48957100" lon="132.90345800">
   </rtept>
   <rtept lat="33.48980900" lon="132.90367100">
   </rtept>
   <rtept lat="33.48995200" lon="132.90384300">
   </rtept>
   <rtept lat="33.48996400" lon="132.90427000">
   </rtept>
   <rtept lat="33.48996400" lon="132.90472700">
   </rtept>
   <rtept lat="33.49003500" lon="132.90505500">
   </rtept>
   <rtept lat="33.49014200" lon="132.90529700">
   </rtept>
   <rtept lat="33.49036800" lon="132.90542500">
   </rtept>
   <rtept lat="33.49048700" lon="132.90529700">
   </rtept>
   <rtept lat="33.49070100" lon="132.90506900">
   </rtept>
   <rtept lat="33.49099900" lon="132.90501200">
   </rtept>
   <rtept lat="33.49127200" lon="132.90511200">
   </rtept>
   <rtept lat="33.49147400" lon="132.90525400">
   </rtept>
   <rtept lat="33.49158100" lon="132.90548300">
   </rtept>
   <rtept lat="33.49174800" lon="132.90575300">
   </rtept>
   <rtept lat="33.49210600" lon="132.90600500">
   </rtept>
   <rtept lat="33.49238300" lon="132.90617700">
   </rtept>
   <rtept lat="33.49280400" lon="132.90622400">
   </rtept>
   <rtept lat="33.49312900" lon="132.90636700">
   </rtept>
   <rtept lat="33.49325600" lon="132.90644300">
   </rtept>
   <rtept lat="33.49341400" lon="132.90689000">
   </rtept>
   <rtept lat="33.49372300" lon="132.90757400">
   </rtept>
   <rtept lat="33.49393000" lon="132.90796400">
   </rtept>
   <rtept lat="33.49410400" lon="132.90809700">
   </rtept>
   <rtept lat="33.49440500" lon="132.90825900">
   </rtept>
   <rtept lat="33.49459600" lon="132.90837300">
   </rtept>
   <rtept lat="33.49449200" lon="132.90871500">
   </rtept>
   <rtept lat="33.49429400" lon="132.90910500">
   </rtept>
   <rtept lat="33.49430200" lon="132.91069200">
   </rtept>
   <rtept lat="33.49429400" lon="132.91108200">
   </rtept>
   <rtept lat="33.49427800" lon="132.91168100">
   </rtept>
   <rtept lat="33.49430200" lon="132.91270800">
   </rtept>
   <rtept lat="33.49438100" lon="132.91307900">
   </rtept>
   <rtept lat="33.49455600" lon="132.91340200">
   </rtept>
   <rtept lat="33.49470700" lon="132.91371600">
   </rtept>
   <rtept lat="33.49477000" lon="132.91399700">
   </rtept>
   <rtept lat="33.49478600" lon="132.91425400">
   </rtept>
   <rtept lat="33.49486500" lon="132.91444400">
   </rtept>
   <rtept lat="33.49495200" lon="132.91452000">
   </rtept>
   <rtept lat="33.49530900" lon="132.91449200">
   </rtept>
   <rtept lat="33.49560200" lon="132.91457700">
   </rtept>
   <rtept lat="33.49576900" lon="132.91475800">
   </rtept>
   <rtept lat="33.49608600" lon="132.91510000">
   </rtept>
   <rtept lat="33.49619700" lon="132.91543300">
   </rtept>
   <rtept lat="33.49617300" lon="132.91584200">
   </rtept>
   <rtept lat="33.49604600" lon="132.91637400">
   </rtept>
   <rtept lat="33.49584000" lon="132.91651700">
   </rtept>
   <rtept lat="33.49569000" lon="132.91676400">
   </rtept>
   <rtept lat="33.49555500" lon="132.91692500">
   </rtept>
   <rtept lat="33.49536500" lon="132.91707800">
   </rtept>
   <rtept lat="33.49532500" lon="132.91724900">
   </rtept>
   <rtept lat="33.49540400" lon="132.91744800">
   </rtept>
   <rtept lat="33.49549100" lon="132.91778100">
   </rtept>
   <rtept lat="33.49548300" lon="132.91806600">
   </rtept>
   <rtept lat="33.49540400" lon="132.91860800">
   </rtept>
   <rtept lat="33.49551500" lon="132.91887400">
   </rtept>
   <rtept lat="33.49554700" lon="132.91908400">
   </rtept>
   <rtept lat="33.49540400" lon="132.91951100">
   </rtept>
   <rtept lat="33.49489700" lon="132.91987700">
   </rtept>
   <rtept lat="33.49463500" lon="132.92012500">
   </rtept>
   <rtept lat="33.49448500" lon="132.92034300">
   </rtept>
   <rtept lat="33.49448500" lon="132.92059000">
   </rtept>
   <rtept lat="33.49450800" lon="132.92102800">
   </rtept>
   <rtept lat="33.49436600" lon="132.92162700">
   </rtept>
   <rtept lat="33.49435800" lon="132.92185500">
   </rtept>
   <rtept lat="33.49449200" lon="132.92206400">
   </rtept>
   <rtept lat="33.49482500" lon="132.92245400">
   </rtept>
   <rtept lat="33.49521400" lon="132.92261500">
   </rtept>
   <rtept lat="33.49520600" lon="132.92284400">
   </rtept>
   <rtept lat="33.49507900" lon="132.92323300">
   </rtept>
   <rtept lat="33.49472200" lon="132.92355700">
   </rtept>
   <rtept lat="33.49420700" lon="132.92390800">
   </rtept>
   <rtept lat="33.49397700" lon="132.92406100">
   </rtept>
   <rtept lat="33.49393000" lon="132.92433600">
   </rtept>
   <rtept lat="33.49360400" lon="132.92470700">
   </rtept>
   <rtept lat="33.49324000" lon="132.92486900">
   </rtept>
   <rtept lat="33.49302600" lon="132.92495400">
   </rtept>
   <rtept lat="33.49299400" lon="132.92510600">
   </rtept>
   <rtept lat="33.49303400" lon="132.92527700">
   </rtept>
   <rtept lat="33.49320800" lon="132.92550600">
   </rtept>
   <rtept lat="33.49336700" lon="132.92562000">
   </rtept>
   <rtept lat="33.49349300" lon="132.92572400">
   </rtept>
   <rtept lat="33.49358900" lon="132.92590500">
   </rtept>
   <rtept lat="33.49356500" lon="132.92620000">
   </rtept>
   <rtept lat="33.49354900" lon="132.92644700">
   </rtept>
   <rtept lat="33.49362000" lon="132.92676100">
   </rtept>
   <rtept lat="33.49367600" lon="132.92698900">
   </rtept>
   <rtept lat="33.49346200" lon="132.92777800">
   </rtept>
   <rtept lat="33.49343700" lon="132.92791600">
   </rtept>
   <rtept lat="33.49349200" lon="132.92833400">
   </rtept>
   <rtept lat="33.49348400" lon="132.92859100">
   </rtept>
   <rtept lat="33.49355600" lon="132.92873300">
   </rtept>
   <rtept lat="33.49368300" lon="132.92871400">
   </rtept>
   <rtept lat="33.49386500" lon="132.92867600">
   </rtept>
   <rtept lat="33.49399200" lon="132.92864800">
   </rtept>
   <rtept lat="33.49403900" lon="132.92870500">
   </rtept>
   <rtept lat="33.49405500" lon="132.92879100">
   </rtept>
   <rtept lat="33.49396800" lon="132.92922800">
   </rtept>
   <rtept lat="33.49396800" lon="132.92970300">
   </rtept>
   <rtept lat="33.49395200" lon="132.92998800">
   </rtept>
   <rtept lat="33.49392000" lon="132.93021700">
   </rtept>
   <rtept lat="33.49399200" lon="132.93054900">
   </rtept>
   <rtept lat="33.49406300" lon="132.93099600">
   </rtept>
   <rtept lat="33.49399200" lon="132.93116700">
   </rtept>
   <rtept lat="33.49386500" lon="132.93132900">
   </rtept>
   <rtept lat="33.49354800" lon="132.93164300">
   </rtept>
   <rtept lat="33.49347600" lon="132.93214700">
   </rtept>
   <rtept lat="33.49331000" lon="132.93237500">
   </rtept>
   <rtept lat="33.49327800" lon="132.93263100">
   </rtept>
   <rtept lat="33.49339700" lon="132.93290700">
   </rtept>
   <rtept lat="33.49358700" lon="132.93305900">
   </rtept>
   <rtept lat="33.49380900" lon="132.93331600">
   </rtept>
   <rtept lat="33.49394400" lon="132.93356300">
   </rtept>
   <rtept lat="33.49405500" lon="132.93381000">
   </rtept>
   <rtept lat="33.49418200" lon="132.93417200">
   </rtept>
   <rtept lat="33.49421400" lon="132.93431400">
   </rtept>
   <rtept lat="33.49416600" lon="132.93458000">
   </rtept>
   <rtept lat="33.49400000" lon="132.93481800">
   </rtept>
   <rtept lat="33.49393600" lon="132.93511300">
   </rtept>
   <rtept lat="33.49378600" lon="132.93538900">
   </rtept>
   <rtept lat="33.49377000" lon="132.93555000">
   </rtept>
   <rtept lat="33.49352400" lon="132.93586400">
   </rtept>
   <rtept lat="33.49346900" lon="132.93610200">
   </rtept>
   <rtept lat="33.49346100" lon="132.93638700">
   </rtept>
   <rtept lat="33.49317500" lon="132.93699500">
   </rtept>
   <rtept lat="33.49313600" lon="132.93747100">
   </rtept>
   <rtept lat="33.49304800" lon="132.93750900">
   </rtept>
   <rtept lat="33.49295300" lon="132.93744200">
   </rtept>
   <rtept lat="33.49295300" lon="132.93706200">
   </rtept>
   <rtept lat="33.49301700" lon="132.93672000">
   </rtept>
   <rtept lat="33.49317500" lon="132.93650100">
   </rtept>
   <rtept lat="33.49326200" lon="132.93574000">
   </rtept>
   <rtept lat="33.49358000" lon="132.93515100">
   </rtept>
   <rtept lat="33.49369800" lon="132.93475200">
   </rtept>
   <rtept lat="33.49376200" lon="132.93436200">
   </rtept>
   <rtept lat="33.49360300" lon="132.93376300">
   </rtept>
   <rtept lat="33.49336500" lon="132.93350600">
   </rtept>
   <rtept lat="33.49293700" lon="132.93305900">
   </rtept>
   <rtept lat="33.49282600" lon="132.93275500">
   </rtept>
   <rtept lat="33.49276500" lon="132.93222500">
   </rtept>
   <rtept lat="33.49261100" lon="132.93221100">
   </rtept>
   <rtept lat="33.49259900" lon="132.93248200">
   </rtept>
   <rtept lat="33.49264600" lon="132.93289600">
   </rtept>
   <rtept lat="33.49280100" lon="132.93320900">
   </rtept>
   <rtept lat="33.49295600" lon="132.93340900">
   </rtept>
   <rtept lat="33.49313400" lon="132.93368000">
   </rtept>
   <rtept lat="33.49337200" lon="132.93399400">
   </rtept>
   <rtept lat="33.49346700" lon="132.93446400">
   </rtept>
   <rtept lat="33.49334800" lon="132.93490700">
   </rtept>
   <rtept lat="33.49306300" lon="132.93520600">
   </rtept>
   <rtept lat="33.49284800" lon="132.93547700">
   </rtept>
   <rtept lat="33.49271800" lon="132.93611300">
   </rtept>
   <rtept lat="33.49245600" lon="132.93666900">
   </rtept>
   <rtept lat="33.49218200" lon="132.93699700">
   </rtept>
   <rtept lat="33.49193300" lon="132.93729700">
   </rtept>
   <rtept lat="33.49175400" lon="132.93778100">
   </rtept>
   <rtept lat="33.49140900" lon="132.93809500">
   </rtept>
   <rtept lat="33.49087400" lon="132.93863700">
   </rtept>
   <rtept lat="33.49033900" lon="132.93920800">
   </rtept>
   <rtept lat="33.48968500" lon="132.93917900">
   </rtept>
   <rtept lat="33.48915000" lon="132.93957800">
   </rtept>
   <rtept lat="33.48884100" lon="132.93983500">
   </rtept>
   <rtept lat="33.48812700" lon="132.94023400">
   </rtept>
   <rtept lat="33.48784100" lon="132.94053400">
   </rtept>
   <rtept lat="33.48774600" lon="132.94084800">
   </rtept>
   <rtept lat="33.48771100" lon="132.94113300">
   </rtept>
   <rtept lat="33.48768700" lon="132.94158900">
   </rtept>
   <rtept lat="33.48764200" lon="132.94194100">
   </rtept>
   <rtept lat="33.48761000" lon="132.94219600">
   </rtept>
   <rtept lat="33.48757500" lon="132.94247400">
   </rtept>
   <rtept lat="33.48753200" lon="132.94281600">
   </rtept>
   <rtept lat="33.48749000" lon="132.94307700">
   </rtept>
   <rtept lat="33.48797500" lon="132.94328200">
   </rtept>
   <rtept lat="33.48851900" lon="132.94329500">
   </rtept>
   <rtept lat="33.48876700" lon="132.94361600">
   </rtept>
   <rtept lat="33.48921300" lon="132.94410300">
   </rtept>
   <rtept lat="33.48945100" lon="132.94445900">
   </rtept>
   <rtept lat="33.48959900" lon="132.94469700">
   </rtept>
   <rtept lat="33.48986700" lon="132.94505400">
   </rtept>
   <rtept lat="33.49007500" lon="132.94558800">
   </rtept>
   <rtept lat="33.49013700" lon="132.94645200">
   </rtept>
   <rtept lat="33.49032700" lon="132.94729300">
   </rtept>
   <rtept lat="33.49048200" lon="132.94770700">
   </rtept>
   <rtept lat="33.49077900" lon="132.94799200">
   </rtept>
   <rtept lat="33.49106500" lon="132.94804900">
   </rtept>
   <rtept lat="33.49150500" lon="132.94806300">
   </rtept>
   <rtept lat="33.49185000" lon="132.94817800">
   </rtept>
   <rtept lat="33.49202800" lon="132.94833400">
   </rtept>
   <rtept lat="33.49223000" lon="132.94879100">
   </rtept>
   <rtept lat="33.49224200" lon="132.94931800">
   </rtept>
   <rtept lat="33.49232500" lon="132.94981800">
   </rtept>
   <rtept lat="33.49248000" lon="132.95003100">
   </rtept>
   <rtept lat="33.49275300" lon="132.95034500">
   </rtept>
   <rtept lat="33.49295300" lon="132.95059300">
   </rtept>
   <rtept lat="33.49314300" lon="132.95087900">
   </rtept>
   <rtept lat="33.49317900" lon="132.95136300">
   </rtept>
   <rtept lat="33.49336900" lon="132.95220500">
   </rtept>
   <rtept lat="33.49371400" lon="132.95291800">
   </rtept>
   <rtept lat="33.49400000" lon="132.95334600">
   </rtept>
   <rtept lat="33.49452300" lon="132.95393000">
   </rtept>
   <rtept lat="33.49511800" lon="132.95455800">
   </rtept>
   <rtept lat="33.49568800" lon="132.95504300">
   </rtept>
   <rtept lat="33.49602100" lon="132.95548500">
   </rtept>
   <rtept lat="33.49634300" lon="132.95577000">
   </rtept>
   <rtept lat="33.49664000" lon="132.95579900">
   </rtept>
   <rtept lat="33.49710400" lon="132.95567000">
   </rtept>
   <rtept lat="33.49780500" lon="132.95542800">
   </rtept>
   <rtept lat="33.49813000" lon="132.95506800">
   </rtept>
   <rtept lat="33.49897300" lon="132.95467600">
   </rtept>
   <rtept lat="33.49944800" lon="132.95461700">
   </rtept>
   <rtept lat="33.49985500" lon="132.95468800">
   </rtept>
   <rtept lat="33.50035000" lon="132.95498500">
   </rtept>
   <rtept lat="33.50081600" lon="132.95533000">
   </rtept>
   <rtept lat="33.50104400" lon="132.95514000">
   </rtept>
   <rtept lat="33.50113300" lon="132.95478300">
   </rtept>
   <rtept lat="33.50115300" lon="132.95452200">
   </rtept>
   <rtept lat="33.50091500" lon="132.95418900">
   </rtept>
   <rtept lat="33.50085600" lon="132.95399900">
   </rtept>
   <rtept lat="33.50090500" lon="132.95384400">
   </rtept>
   <rtept lat="33.50104400" lon="132.95366600">
   </rtept>
   <rtept lat="33.50131100" lon="132.95355900">
   </rtept>
   <rtept lat="33.50147000" lon="132.95354700">
   </rtept>
   <rtept lat="33.50114500" lon="132.95299800">
   </rtept>
   <rtept lat="33.50063400" lon="132.95243300">
   </rtept>
   <rtept lat="33.50050300" lon="132.95164900">
   </rtept>
   <rtept lat="33.50027700" lon="132.95056500">
   </rtept>
   <rtept lat="33.49994400" lon="132.94992300">
   </rtept>
   <rtept lat="33.49950400" lon="132.94901100">
   </rtept>
   <rtept lat="33.49940900" lon="132.94855400">
   </rtept>
   <rtept lat="33.49951600" lon="132.94801300">
   </rtept>
   <rtept lat="33.49965800" lon="132.94768500">
   </rtept>
   <rtept lat="33.49995600" lon="132.94742800">
   </rtept>
   <rtept lat="33.50037200" lon="132.94725700">
   </rtept>
   <rtept lat="33.50082400" lon="132.94691400">
   </rtept>
   <rtept lat="33.50101400" lon="132.94661500">
   </rtept>
   <rtept lat="33.50132300" lon="132.94611600">
   </rtept>
   <rtept lat="33.50151400" lon="132.94570200">
   </rtept>
   <rtept lat="33.50156100" lon="132.94501800">
   </rtept>
   <rtept lat="33.50158500" lon="132.94413400">
   </rtept>
   <rtept lat="33.50165600" lon="132.94329200">
   </rtept>
   <rtept lat="33.50181100" lon="132.94275000">
   </rtept>
   <rtept lat="33.50214400" lon="132.94208000">
   </rtept>
   <rtept lat="33.50280700" lon="132.94129600">
   </rtept>
   <rtept lat="33.50306900" lon="132.94075400">
   </rtept>
   <rtept lat="33.50340200" lon="132.94025500">
   </rtept>
   <rtept lat="33.50359200" lon="132.93981300">
   </rtept>
   <rtept lat="33.50373500" lon="132.93932800">
   </rtept>
   <rtept lat="33.50392500" lon="132.93887100">
   </rtept>
   <rtept lat="33.50425800" lon="132.93814800">
   </rtept>
   <rtept lat="33.50490000" lon="132.93756400">
   </rtept>
   <rtept lat="33.50494800" lon="132.93736400">
   </rtept>
   <rtept lat="33.50501900" lon="132.93652300">
   </rtept>
   <rtept lat="33.50512600" lon="132.93615200">
   </rtept>
   <rtept lat="33.50543500" lon="132.93575300">
   </rtept>
   <rtept lat="33.50551900" lon="132.93548200">
   </rtept>
   <rtept lat="33.50576800" lon="132.93529600">
   </rtept>
   <rtept lat="33.50589900" lon="132.93519600">
   </rtept>
   <rtept lat="33.50606600" lon="132.93482600">
   </rtept>
   <rtept lat="33.50618500" lon="132.93475400">
   </rtept>
   <rtept lat="33.50648200" lon="132.93459700">
   </rtept>
   <rtept lat="33.50698100" lon="132.93399800">
   </rtept>
   <rtept lat="33.50720700" lon="132.93349900">
   </rtept>
   <rtept lat="33.50721900" lon="132.93314300">
   </rtept>
   <rtept lat="33.50731400" lon="132.93245800">
   </rtept>
   <rtept lat="33.50743300" lon="132.93190200">
   </rtept>
   <rtept lat="33.50755200" lon="132.93096100">
   </rtept>
   <rtept lat="33.50763500" lon="132.93043300">
   </rtept>
   <rtept lat="33.50740900" lon="132.92979200">
   </rtept>
   <rtept lat="33.50699300" lon="132.92902100">
   </rtept>
   <rtept lat="33.50657700" lon="132.92833700">
   </rtept>
   <rtept lat="33.50642200" lon="132.92799500">
   </rtept>
   <rtept lat="33.50636300" lon="132.92765200">
   </rtept>
   <rtept lat="33.50641000" lon="132.92713900">
   </rtept>
   <rtept lat="33.50667200" lon="132.92604100">
   </rtept>
   <rtept lat="33.50694600" lon="132.92507100">
   </rtept>
   <rtept lat="33.50701200" lon="132.92439100">
   </rtept>
   <rtept lat="33.50695300" lon="132.92379200">
   </rtept>
   <rtept lat="33.50686900" lon="132.92306500">
   </rtept>
   <rtept lat="33.50673900" lon="132.92269400">
   </rtept>
   <rtept lat="33.50639400" lon="132.92193800">
   </rtept>
   <rtept lat="33.50639400" lon="132.92169600">
   </rtept>
   <rtept lat="33.50654800" lon="132.92161000">
   </rtept>
   <rtept lat="33.50689300" lon="132.92152500">
   </rtept>
   <rtept lat="33.50732100" lon="132.92116800">
   </rtept>
   <rtept lat="33.50758300" lon="132.92071200">
   </rtept>
   <rtept lat="33.50770200" lon="132.92008400">
   </rtept>
   <rtept lat="33.50769000" lon="132.91900000">
   </rtept>
   <rtept lat="33.50766600" lon="132.91757400">
   </rtept>
   <rtept lat="33.50757100" lon="132.91744600">
   </rtept>
   <rtept lat="33.50735700" lon="132.91720400">
   </rtept>
   <rtept lat="33.50729800" lon="132.91710400">
   </rtept>
   <rtept lat="33.50738100" lon="132.91677600">
   </rtept>
   <rtept lat="33.50763000" lon="132.91614800">
   </rtept>
   <rtept lat="33.50809400" lon="132.91535000">
   </rtept>
   <rtept lat="33.50830800" lon="132.91497900">
   </rtept>
   <rtept lat="33.50868900" lon="132.91467900">
   </rtept>
   <rtept lat="33.50903400" lon="132.91433000">
   </rtept>
   <rtept lat="33.50923600" lon="132.91400200">
   </rtept>
   <rtept lat="33.50924800" lon="132.91373100">
   </rtept>
   <rtept lat="33.50921200" lon="132.91298900">
   </rtept>
   <rtept lat="33.50934300" lon="132.91224800">
   </rtept>
   <rtept lat="33.50952100" lon="132.91167700">
   </rtept>
   <rtept lat="33.50969900" lon="132.91095000">
   </rtept>
   <rtept lat="33.50972300" lon="132.91049400">
   </rtept>
   <rtept lat="33.50964000" lon="132.90952400">
   </rtept>
   <rtept lat="33.50975900" lon="132.90858300">
   </rtept>
   <rtept lat="33.50966400" lon="132.90801200">
   </rtept>
   <rtept lat="33.50966400" lon="132.90728500">
   </rtept>
   <rtept lat="33.50954500" lon="132.90664300">
   </rtept>
   <rtept lat="33.50967600" lon="132.90608700">
   </rtept>
   <rtept lat="33.50996100" lon="132.90540300">
   </rtept>
   <rtept lat="33.51023500" lon="132.90508900">
   </rtept>
   <rtept lat="33.51060100" lon="132.90486800">
   </rtept>
   <rtept lat="33.51094600" lon="132.90462600">
   </rtept>
   <rtept lat="33.51113600" lon="132.90439700">
   </rtept>
   <rtept lat="33.51140900" lon="132.90368400">
   </rtept>
   <rtept lat="33.51162300" lon="132.90338500">
   </rtept>
   <rtept lat="33.51195600" lon="132.90304300">
   </rtept>
   <rtept lat="33.51295500" lon="132.90223000">
   </rtept>
   <rtept lat="33.51337100" lon="132.90175900">
   </rtept>
   <rtept lat="33.51352600" lon="132.90128800">
   </rtept>
   <rtept lat="33.51362100" lon="132.90016200">
   </rtept>
   <rtept lat="33.51346600" lon="132.90006200">
   </rtept>
   <rtept lat="33.51335900" lon="132.89979100">
   </rtept>
   <rtept lat="33.51319300" lon="132.89926300">
   </rtept>
   <rtept lat="33.51301400" lon="132.89899200">
   </rtept>
   <rtept lat="33.51219400" lon="132.89860700">
   </rtept>
   <rtept lat="33.51208700" lon="132.89826500">
   </rtept>
   <rtept lat="33.51192100" lon="132.89805100">
   </rtept>
   <rtept lat="33.51173000" lon="132.89776600">
   </rtept>
   <rtept lat="33.51167100" lon="132.89733800">
   </rtept>
   <rtept lat="33.51193200" lon="132.89602600">
   </rtept>
   <rtept lat="33.51211100" lon="132.89565500">
   </rtept>
   <rtept lat="33.51251500" lon="132.89549900">
   </rtept>
   <rtept lat="33.51270500" lon="132.89535600">
   </rtept>
   <rtept lat="33.51281200" lon="132.89509900">
   </rtept>
   <rtept lat="33.51270500" lon="132.89450000">
   </rtept>
   <rtept lat="33.51265800" lon="132.89407300">
   </rtept>
   <rtept lat="33.51281200" lon="132.89347400">
   </rtept>
   <rtept lat="33.51294300" lon="132.89293200">
   </rtept>
   <rtept lat="33.51283600" lon="132.89267500">
   </rtept>
   <rtept lat="33.51282400" lon="132.89251800">
   </rtept>
   <rtept lat="33.51297900" lon="132.89234700">
   </rtept>
   <rtept lat="33.51309800" lon="132.89226100">
   </rtept>
   <rtept lat="33.51309800" lon="132.89200500">
   </rtept>
   <rtept lat="33.51347800" lon="132.89181900">
   </rtept>
   <rtept lat="33.51352600" lon="132.89256100">
   </rtept>
   <rtept lat="33.51356100" lon="132.89311700">
   </rtept>
   <rtept lat="33.51344200" lon="132.89347400">
   </rtept>
   <rtept lat="33.51325200" lon="132.89374500">
   </rtept>
   <rtept lat="33.51325200" lon="132.89390100">
   </rtept>
   <rtept lat="33.51325200" lon="132.89438600">
   </rtept>
   <rtept lat="33.51331200" lon="132.89512800">
   </rtept>
   <rtept lat="33.51333500" lon="132.89554100">
   </rtept>
   <rtept lat="33.51313300" lon="132.89601200">
   </rtept>
   <rtept lat="33.51286000" lon="132.89631100">
   </rtept>
   <rtept lat="33.51245600" lon="132.89665400">
   </rtept>
   <rtept lat="33.51236000" lon="132.89693900">
   </rtept>
   <rtept lat="33.51243200" lon="132.89729500">
   </rtept>
   <rtept lat="33.51259800" lon="132.89746700">
   </rtept>
   <rtept lat="33.51297900" lon="132.89762300">
   </rtept>
   <rtept lat="33.51353800" lon="132.89772300">
   </rtept>
   <rtept lat="33.51385200" lon="132.89782300">
   </rtept>
   <rtept lat="33.51404200" lon="132.89808000">
   </rtept>
   <rtept lat="33.51420800" lon="132.89835100">
   </rtept>
   <rtept lat="33.51425600" lon="132.89866400">
   </rtept>
   <rtept lat="33.51431500" lon="132.89896400">
   </rtept>
   <rtept lat="33.51479100" lon="132.89903500">
   </rtept>
   <rtept lat="33.51498100" lon="132.89914900">
   </rtept>
   <rtept lat="33.51546900" lon="132.89940600">
   </rtept>
   <rtept lat="33.51651500" lon="132.89963400">
   </rtept>
   <rtept lat="33.51754900" lon="132.89997600">
   </rtept>
   <rtept lat="33.51797700" lon="132.90011900">
   </rtept>
   <rtept lat="33.51832200" lon="132.90003400">
   </rtept>
   <rtept lat="33.51872600" lon="132.89982000">
   </rtept>
   <rtept lat="33.51886900" lon="132.89977700">
   </rtept>
   <rtept lat="33.51905900" lon="132.89990500">
   </rtept>
   <rtept lat="33.51963500" lon="132.89994800">
   </rtept>
   <rtept lat="33.52027700" lon="132.89956300">
   </rtept>
   <rtept lat="33.52095400" lon="132.89932000">
   </rtept>
   <rtept lat="33.52126300" lon="132.89869300">
   </rtept>
   <rtept lat="33.52159600" lon="132.89839400">
   </rtept>
   <rtept lat="33.52187000" lon="132.89827900">
   </rtept>
   <rtept lat="33.52225000" lon="132.89818000">
   </rtept>
   <rtept lat="33.52251200" lon="132.89820800">
   </rtept>
   <rtept lat="33.52329600" lon="132.89836500">
   </rtept>
   <rtept lat="33.52384300" lon="132.89763800">
   </rtept>
   <rtept lat="33.52414000" lon="132.89708200">
   </rtept>
   <rtept lat="33.52431900" lon="132.89652500">
   </rtept>
   <rtept lat="33.52466400" lon="132.89591200">
   </rtept>
   <rtept lat="33.52511500" lon="132.89535600">
   </rtept>
   <rtept lat="33.52542400" lon="132.89509900">
   </rtept>
   <rtept lat="33.52563800" lon="132.89502800">
   </rtept>
   <rtept lat="33.52586400" lon="132.89509900">
   </rtept>
   <rtept lat="33.52625700" lon="132.89508500">
   </rtept>
   <rtept lat="33.52666100" lon="132.89499900">
   </rtept>
   <rtept lat="33.52710100" lon="132.89477100">
   </rtept>
   <rtept lat="33.52749300" lon="132.89432900">
   </rtept>
   <rtept lat="33.52775400" lon="132.89383000">
   </rtept>
   <rtept lat="33.52800400" lon="132.89363000">
   </rtept>
   <rtept lat="33.52833700" lon="132.89353100">
   </rtept>
   <rtept lat="33.52872900" lon="132.89350200">
   </rtept>
   <rtept lat="33.52906800" lon="132.89351300">
   </rtept>
   <rtept lat="33.52950900" lon="132.89342400">
   </rtept>
   <rtept lat="33.53005900" lon="132.89330500">
   </rtept>
 </rte>
 <rte>
  <name>SHIKOKU_EHM_32(支5・四国カルストルート)</name>
   <rtept lat="33.47902500" lon="132.87749700">
   </rtept>
   <rtept lat="33.47850100" lon="132.87798800">
   </rtept>
   <rtept lat="33.47812000" lon="132.87816900">
   </rtept>
   <rtept lat="33.47744600" lon="132.87842600">
   </rtept>
   <rtept lat="33.47631200" lon="132.87893000">
   </rtept>
   <rtept lat="33.47555900" lon="132.87982300">
   </rtept>
   <rtept lat="33.47513800" lon="132.88036500">
   </rtept>
   <rtept lat="33.47428800" lon="132.88122100">
   </rtept>
   <rtept lat="33.47401100" lon="132.88158200">
   </rtept>
   <rtept lat="33.47396300" lon="132.88176300">
   </rtept>
   <rtept lat="33.47399500" lon="132.88206700">
   </rtept>
   <rtept lat="33.47406600" lon="132.88251400">
   </rtept>
   <rtept lat="33.47405000" lon="132.88278900">
   </rtept>
   <rtept lat="33.47395500" lon="132.88335000">
   </rtept>
   <rtept lat="33.47385200" lon="132.88382600">
   </rtept>
   <rtept lat="33.47381200" lon="132.88413000">
   </rtept>
   <rtept lat="33.47367800" lon="132.88443400">
   </rtept>
   <rtept lat="33.47340800" lon="132.88458600">
   </rtept>
   <rtept lat="33.47325700" lon="132.88467200">
   </rtept>
   <rtept lat="33.47313800" lon="132.88498600">
   </rtept>
   <rtept lat="33.47313800" lon="132.88513800">
   </rtept>
   <rtept lat="33.47321000" lon="132.88530900">
   </rtept>
   <rtept lat="33.47323300" lon="132.88548000">
   </rtept>
   <rtept lat="33.47316200" lon="132.88564200">
   </rtept>
   <rtept lat="33.47292300" lon="132.88576600">
   </rtept>
   <rtept lat="33.47255900" lon="132.88595500">
   </rtept>
   <rtept lat="33.47246400" lon="132.88612600">
   </rtept>
   <rtept lat="33.47236900" lon="132.88650700">
   </rtept>
   <rtept lat="33.47225000" lon="132.88719800">
   </rtept>
   <rtept lat="33.47229000" lon="132.88739800">
   </rtept>
   <rtept lat="33.47244000" lon="132.88753100">
   </rtept>
   <rtept lat="33.47273400" lon="132.88765400">
   </rtept>
   <rtept lat="33.47321800" lon="132.88769200">
   </rtept>
   <rtept lat="33.47340000" lon="132.88781600">
   </rtept>
   <rtept lat="33.47360600" lon="132.88812000">
   </rtept>
   <rtept lat="33.47386000" lon="132.88825300">
   </rtept>
   <rtept lat="33.47403400" lon="132.88890900">
   </rtept>
   <rtept lat="33.47393900" lon="132.88904200">
   </rtept>
   <rtept lat="33.47373300" lon="132.88912800">
   </rtept>
   <rtept lat="33.47367000" lon="132.88938500">
   </rtept>
   <rtept lat="33.47366200" lon="132.88971700">
   </rtept>
   <rtept lat="33.47374100" lon="132.89000300">
   </rtept>
   <rtept lat="33.47368500" lon="132.89031600">
   </rtept>
   <rtept lat="33.47344800" lon="132.89038300">
   </rtept>
   <rtept lat="33.47330500" lon="132.89060100">
   </rtept>
   <rtept lat="33.47318600" lon="132.89090600">
   </rtept>
   <rtept lat="33.47321000" lon="132.89131500">
   </rtept>
   <rtept lat="33.47301900" lon="132.89151400">
   </rtept>
   <rtept lat="33.47286900" lon="132.89163800">
   </rtept>
   <rtept lat="33.47281300" lon="132.89181800">
   </rtept>
   <rtept lat="33.47280500" lon="132.89194200">
   </rtept>
   <rtept lat="33.47274200" lon="132.89219900">
   </rtept>
   <rtept lat="33.47266200" lon="132.89229400">
   </rtept>
   <rtept lat="33.47248000" lon="132.89241700">
   </rtept>
   <rtept lat="33.47229800" lon="132.89313000">
   </rtept>
   <rtept lat="33.47217100" lon="132.89365300">
   </rtept>
   <rtept lat="33.47207600" lon="132.89379600">
   </rtept>
   <rtept lat="33.47181400" lon="132.89408100">
   </rtept>
   <rtept lat="33.47146500" lon="132.89453100">
   </rtept>
   <rtept lat="33.47117200" lon="132.89505400">
   </rtept>
   <rtept lat="33.47120300" lon="132.89539600">
   </rtept>
   <rtept lat="33.47125900" lon="132.89569100">
   </rtept>
   <rtept lat="33.47118700" lon="132.89586200">
   </rtept>
   <rtept lat="33.47107600" lon="132.89609000">
   </rtept>
   <rtept lat="33.47121900" lon="132.89642300">
   </rtept>
   <rtept lat="33.47154400" lon="132.89648900">
   </rtept>
   <rtept lat="33.47161600" lon="132.89655600">
   </rtept>
   <rtept lat="33.47164700" lon="132.89670800">
   </rtept>
   <rtept lat="33.47175800" lon="132.89682200">
   </rtept>
   <rtept lat="33.47210700" lon="132.89711700">
   </rtept>
   <rtept lat="33.47206000" lon="132.89727800">
   </rtept>
   <rtept lat="33.47186900" lon="132.89758300">
   </rtept>
   <rtept lat="33.47161600" lon="132.89778200">
   </rtept>
   <rtept lat="33.47106800" lon="132.89797200">
   </rtept>
   <rtept lat="33.47079100" lon="132.89832400">
   </rtept>
   <rtept lat="33.47070400" lon="132.89852400">
   </rtept>
   <rtept lat="33.47072000" lon="132.89869500">
   </rtept>
   <rtept lat="33.47087800" lon="132.89891400">
   </rtept>
   <rtept lat="33.47091800" lon="132.89907500">
   </rtept>
   <rtept lat="33.47086200" lon="132.89924300">
   </rtept>
   <rtept lat="33.47025200" lon="132.89982300">
   </rtept>
   <rtept lat="33.47021200" lon="132.89994600">
   </rtept>
   <rtept lat="33.47027500" lon="132.90022200">
   </rtept>
   <rtept lat="33.47037100" lon="132.90039300">
   </rtept>
   <rtept lat="33.47070400" lon="132.90041200">
   </rtept>
   <rtept lat="33.47101300" lon="132.90041200">
   </rtept>
   <rtept lat="33.47121100" lon="132.90052600">
   </rtept>
   <rtept lat="33.47137000" lon="132.90083000">
   </rtept>
   <rtept lat="33.47162400" lon="132.90179100">
   </rtept>
   <rtept lat="33.47161600" lon="132.90200900">
   </rtept>
   <rtept lat="33.47129100" lon="132.90262700">
   </rtept>
   <rtept lat="33.47098100" lon="132.90314100">
   </rtept>
   <rtept lat="33.47035500" lon="132.90377800">
   </rtept>
   <rtept lat="33.46979600" lon="132.90428100">
   </rtept>
   <rtept lat="33.46944000" lon="132.90469000">
   </rtept>
   <rtept lat="33.46896400" lon="132.90536500">
   </rtept>
   <rtept lat="33.46878900" lon="132.90575500">
   </rtept>
   <rtept lat="33.46821000" lon="132.90687700">
   </rtept>
   <rtept lat="33.46795600" lon="132.90700000">
   </rtept>
   <rtept lat="33.46783700" lon="132.90713400">
   </rtept>
   <rtept lat="33.46754400" lon="132.90755200">
   </rtept>
   <rtept lat="33.46718700" lon="132.90831800">
   </rtept>
   <rtept lat="33.46718700" lon="132.90868900">
   </rtept>
   <rtept lat="33.46737000" lon="132.90966800">
   </rtept>
   <rtept lat="33.46734600" lon="132.90998200">
   </rtept>
   <rtept lat="33.46717900" lon="132.91053300">
   </rtept>
   <rtept lat="33.46714000" lon="132.91097100">
   </rtept>
   <rtept lat="33.46698900" lon="132.91174100">
   </rtept>
   <rtept lat="33.46674300" lon="132.91262500">
   </rtept>
   <rtept lat="33.46651300" lon="132.91286300">
   </rtept>
   <rtept lat="33.46627700" lon="132.91313400">
   </rtept>
   <rtept lat="33.46609400" lon="132.91336300">
   </rtept>
   <rtept lat="33.46565800" lon="132.91440800">
   </rtept>
   <rtept lat="33.46505500" lon="132.91537800">
   </rtept>
   <rtept lat="33.46482500" lon="132.91586300">
   </rtept>
   <rtept lat="33.46486500" lon="132.91609100">
   </rtept>
   <rtept lat="33.46526100" lon="132.91715600">
   </rtept>
   <rtept lat="33.46556300" lon="132.91836300">
   </rtept>
   <rtept lat="33.46557100" lon="132.91854400">
   </rtept>
   <rtept lat="33.46553100" lon="132.91868700">
   </rtept>
   <rtept lat="33.46542000" lon="132.91941900">
   </rtept>
   <rtept lat="33.46542000" lon="132.91990400">
   </rtept>
   <rtept lat="33.46550700" lon="132.92021700">
   </rtept>
   <rtept lat="33.46574500" lon="132.92066400">
   </rtept>
   <rtept lat="33.46578500" lon="132.92107300">
   </rtept>
   <rtept lat="33.46584800" lon="132.92180500">
   </rtept>
   <rtept lat="33.46589600" lon="132.92256600">
   </rtept>
   <rtept lat="33.46592800" lon="132.92300300">
   </rtept>
   <rtept lat="33.46604700" lon="132.92326900">
   </rtept>
   <rtept lat="33.46629300" lon="132.92348800">
   </rtept>
   <rtept lat="33.46645100" lon="132.92387800">
   </rtept>
   <rtept lat="33.46659400" lon="132.92436100">
   </rtept>
   <rtept lat="33.46655400" lon="132.92503600">
   </rtept>
   <rtept lat="33.46669700" lon="132.92560600">
   </rtept>
   <rtept lat="33.46702200" lon="132.92688000">
   </rtept>
   <rtept lat="33.46719700" lon="132.92783100">
   </rtept>
   <rtept lat="33.46713300" lon="132.92824000">
   </rtept>
   <rtept lat="33.46687200" lon="132.92887600">
   </rtept>
   <rtept lat="33.46686400" lon="132.92920000">
   </rtept>
   <rtept lat="33.46696700" lon="132.92952300">
   </rtept>
   <rtept lat="33.46723600" lon="132.93012200">
   </rtept>
   <rtept lat="33.46758500" lon="132.93081600">
   </rtept>
   <rtept lat="33.46783100" lon="132.93126300">
   </rtept>
   <rtept lat="33.46806000" lon="132.93142400">
   </rtept>
   <rtept lat="33.46840100" lon="132.93149100">
   </rtept>
   <rtept lat="33.46942400" lon="132.93140500">
   </rtept>
   <rtept lat="33.46966200" lon="132.93142400">
   </rtept>
   <rtept lat="33.47001800" lon="132.93186200">
   </rtept>
   <rtept lat="33.47012200" lon="132.93224200">
   </rtept>
   <rtept lat="33.47018500" lon="132.93328800">
   </rtept>
   <rtept lat="33.47103400" lon="132.93411500">
   </rtept>
   <rtept lat="33.47136700" lon="132.93484700">
   </rtept>
   <rtept lat="33.47149400" lon="132.93504400">
   </rtept>
   <rtept lat="33.47210400" lon="132.93538600">
   </rtept>
   <rtept lat="33.47271500" lon="132.93544300">
   </rtept>
   <rtept lat="33.47286500" lon="132.93548100">
   </rtept>
   <rtept lat="33.47288900" lon="132.93559500">
   </rtept>
   <rtept lat="33.47270700" lon="132.93596600">
   </rtept>
   <rtept lat="33.47231800" lon="132.93642200">
   </rtept>
   <rtept lat="33.47232600" lon="132.93658400">
   </rtept>
   <rtept lat="33.47214400" lon="132.93668900">
   </rtept>
   <rtept lat="33.47193000" lon="132.93692600">
   </rtept>
   <rtept lat="33.47189000" lon="132.93706900">
   </rtept>
   <rtept lat="33.47194600" lon="132.93715400">
   </rtept>
   <rtept lat="33.47224700" lon="132.93737300">
   </rtept>
   <rtept lat="33.47248500" lon="132.93755400">
   </rtept>
   <rtept lat="33.47257200" lon="132.93763900">
   </rtept>
   <rtept lat="33.47257200" lon="132.93802000">
   </rtept>
   <rtept lat="33.47243700" lon="132.93870400">
   </rtept>
   <rtept lat="33.47208800" lon="132.93972100">
   </rtept>
   <rtept lat="33.47212200" lon="132.94040900">
   </rtept>
 </rte>
 <rte>
  <name>SHIKOKU_EHM_33(支6・四国カルストルート)</name>
   <rtept lat="33.47212200" lon="132.94040900">
   </rtept>
   <rtept lat="33.47204200" lon="132.94090800">
   </rtept>
   <rtept lat="33.47185400" lon="132.94147900">
   </rtept>
   <rtept lat="33.47179400" lon="132.94165700">
   </rtept>
   <rtept lat="33.47178500" lon="132.94204900">
   </rtept>
   <rtept lat="33.47228000" lon="132.94260800">
   </rtept>
   <rtept lat="33.47233000" lon="132.94277400">
   </rtept>
   <rtept lat="33.47234000" lon="132.94301200">
   </rtept>
   <rtept lat="33.47218100" lon="132.94326100">
   </rtept>
   <rtept lat="33.47187400" lon="132.94346300">
   </rtept>
   <rtept lat="33.47176500" lon="132.94371300">
   </rtept>
   <rtept lat="33.47179400" lon="132.94404600">
   </rtept>
   <rtept lat="33.47178500" lon="132.94440200">
   </rtept>
   <rtept lat="33.47160600" lon="132.94464000">
   </rtept>
   <rtept lat="33.47139800" lon="132.94490100">
   </rtept>
   <rtept lat="33.47129900" lon="132.94512700">
   </rtept>
   <rtept lat="33.47124900" lon="132.94553100">
   </rtept>
   <rtept lat="33.47110100" lon="132.94573300">
   </rtept>
   <rtept lat="33.47090200" lon="132.94598300">
   </rtept>
   <rtept lat="33.47072400" lon="132.94620900">
   </rtept>
   <rtept lat="33.47058500" lon="132.94625600">
   </rtept>
   <rtept lat="33.47011900" lon="132.94626800">
   </rtept>
   <rtept lat="33.46986100" lon="132.94633900">
   </rtept>
   <rtept lat="33.46947500" lon="132.94645800">
   </rtept>
   <rtept lat="33.46921700" lon="132.94651800">
   </rtept>
   <rtept lat="33.46898900" lon="132.94667200">
   </rtept>
   <rtept lat="33.46875100" lon="132.94705200">
   </rtept>
   <rtept lat="33.46864200" lon="132.94746800">
   </rtept>
   <rtept lat="33.46859200" lon="132.94833600">
   </rtept>
   <rtept lat="33.46836400" lon="132.94869200">
   </rtept>
   <rtept lat="33.46837400" lon="132.94890600">
   </rtept>
   <rtept lat="33.46845400" lon="132.94920300">
   </rtept>
   <rtept lat="33.46845400" lon="132.94944100">
   </rtept>
   <rtept lat="33.46826500" lon="132.95028500">
   </rtept>
   <rtept lat="33.46816600" lon="132.95048700">
   </rtept>
   <rtept lat="33.46787900" lon="132.95071300">
   </rtept>
   <rtept lat="33.46760100" lon="132.95103400">
   </rtept>
   <rtept lat="33.46754200" lon="132.95124700">
   </rtept>
   <rtept lat="33.46755200" lon="132.95144900">
   </rtept>
   <rtept lat="33.46759100" lon="132.95165200">
   </rtept>
   <rtept lat="33.46754200" lon="132.95181800">
   </rtept>
   <rtept lat="33.46753200" lon="132.95232900">
   </rtept>
   <rtept lat="33.46742300" lon="132.95234100">
   </rtept>
   <rtept lat="33.46732400" lon="132.95221000">
   </rtept>
   <rtept lat="33.46730400" lon="132.95190100">
   </rtept>
   <rtept lat="33.46734300" lon="132.95174700">
   </rtept>
   <rtept lat="33.46724400" lon="132.95149700">
   </rtept>
   <rtept lat="33.46713500" lon="132.95134300">
   </rtept>
   <rtept lat="33.46706600" lon="132.95128300">
   </rtept>
   <rtept lat="33.46697700" lon="132.95141400">
   </rtept>
   <rtept lat="33.46700600" lon="132.95159200">
   </rtept>
   <rtept lat="33.46707600" lon="132.95178200">
   </rtept>
   <rtept lat="33.46709600" lon="132.95269700">
   </rtept>
   <rtept lat="33.46715500" lon="132.95301800">
   </rtept>
   <rtept lat="33.46746200" lon="132.95366000">
   </rtept>
   <rtept lat="33.46743300" lon="132.95426600">
   </rtept>
   <rtept lat="33.46743300" lon="132.95482200">
   </rtept>
   <rtept lat="33.46730400" lon="132.95532100">
   </rtept>
   <rtept lat="33.46728400" lon="132.95565400">
   </rtept>
   <rtept lat="33.46722400" lon="132.95580900">
   </rtept>
   <rtept lat="33.46713500" lon="132.95582000">
   </rtept>
   <rtept lat="33.46709600" lon="132.95565400">
   </rtept>
   <rtept lat="33.46708600" lon="132.95532100">
   </rtept>
   <rtept lat="33.46694700" lon="132.95502400">
   </rtept>
   <rtept lat="33.46682800" lon="132.95497700">
   </rtept>
   <rtept lat="33.46673900" lon="132.95500000">
   </rtept>
   <rtept lat="33.46669900" lon="132.95519100">
   </rtept>
   <rtept lat="33.46682800" lon="132.95658100">
   </rtept>
   <rtept lat="33.46677800" lon="132.95681900">
   </rtept>
   <rtept lat="33.46668900" lon="132.95728200">
   </rtept>
   <rtept lat="33.46670900" lon="132.95756700">
   </rtept>
   <rtept lat="33.46677800" lon="132.95772200">
   </rtept>
   <rtept lat="33.46693700" lon="132.95793600">
   </rtept>
   <rtept lat="33.46704600" lon="132.95844700">
   </rtept>
   <rtept lat="33.46705600" lon="132.95866100">
   </rtept>
   <rtept lat="33.46689700" lon="132.95930200">
   </rtept>
   <rtept lat="33.46685800" lon="132.95993200">
   </rtept>
   <rtept lat="33.46682800" lon="132.96191700">
   </rtept>
   <rtept lat="33.46795800" lon="132.96625500">
   </rtept>
   <rtept lat="33.46880100" lon="132.96789500">
   </rtept>
   <rtept lat="33.46909800" lon="132.96846000">
   </rtept>
   <rtept lat="33.46922700" lon="132.96848400">
   </rtept>
   <rtept lat="33.46941500" lon="132.96842500">
   </rtept>
   <rtept lat="33.46965300" lon="132.96816300">
   </rtept>
   <rtept lat="33.46975200" lon="132.96811600">
   </rtept>
   <rtept lat="33.46984200" lon="132.96817500">
   </rtept>
   <rtept lat="33.46989100" lon="132.96833000">
   </rtept>
   <rtept lat="33.46957400" lon="132.96938700">
   </rtept>
   <rtept lat="33.46960400" lon="132.96972000">
   </rtept>
   <rtept lat="33.46967300" lon="132.96989800">
   </rtept>
   <rtept lat="33.47001000" lon="132.97026700">
   </rtept>
   <rtept lat="33.47020800" lon="132.97086100">
   </rtept>
   <rtept lat="33.47038700" lon="132.97168100">
   </rtept>
   <rtept lat="33.47041700" lon="132.97212000">
   </rtept>
   <rtept lat="33.47037700" lon="132.97241800">
   </rtept>
   <rtept lat="33.47043600" lon="132.97276200">
   </rtept>
   <rtept lat="33.47087300" lon="132.97393900">
   </rtept>
   <rtept lat="33.47153700" lon="132.97567400">
   </rtept>
   <rtept lat="33.47179400" lon="132.97721900">
   </rtept>
   <rtept lat="33.47204200" lon="132.97878300">
   </rtept>
   <rtept lat="33.47233000" lon="132.98020900">
   </rtept>
   <rtept lat="33.47231000" lon="132.98061300">
   </rtept>
   <rtept lat="33.47209200" lon="132.98111200">
   </rtept>
   <rtept lat="33.47178500" lon="132.98188400">
   </rtept>
   <rtept lat="33.47175500" lon="132.98404700">
   </rtept>
   <rtept lat="33.47175500" lon="132.98452300">
   </rtept>
   <rtept lat="33.47199300" lon="132.98599600">
   </rtept>
   <rtept lat="33.47230000" lon="132.98775500">
   </rtept>
   <rtept lat="33.47247300" lon="132.98811900">
   </rtept>
   <rtept lat="33.47338500" lon="132.98947300">
   </rtept>
   <rtept lat="33.47388000" lon="132.99018700">
   </rtept>
   <rtept lat="33.47434600" lon="132.99053100">
   </rtept>
   <rtept lat="33.47488100" lon="132.99170800">
   </rtept>
   <rtept lat="33.47536700" lon="132.99290800">
   </rtept>
   <rtept lat="33.47551600" lon="132.99319300">
   </rtept>
   <rtept lat="33.47611100" lon="132.99400100">
   </rtept>
   <rtept lat="33.47658600" lon="132.99590300">
   </rtept>
   <rtept lat="33.47668500" lon="132.99634200">
   </rtept>
   <rtept lat="33.47662600" lon="132.99687700">
   </rtept>
   <rtept lat="33.47655700" lon="132.99744800">
   </rtept>
   <rtept lat="33.47653700" lon="132.99781600">
   </rtept>
   <rtept lat="33.47638600" lon="132.99829400">
   </rtept>
   <rtept lat="33.47622700" lon="132.99850800">
   </rtept>
   <rtept lat="33.47594000" lon="132.99899600">
   </rtept>
   <rtept lat="33.47585000" lon="132.99915000">
   </rtept>
   <rtept lat="33.47579100" lon="132.99942300">
   </rtept>
   <rtept lat="33.47584000" lon="132.99986300">
   </rtept>
   <rtept lat="33.47597900" lon="133.00035000">
   </rtept>
   <rtept lat="33.47611800" lon="133.00083800">
   </rtept>
   <rtept lat="33.47619700" lon="133.00137200">
   </rtept>
   <rtept lat="33.47635600" lon="133.00181200">
   </rtept>
   <rtept lat="33.47642500" lon="133.00228700">
   </rtept>
   <rtept lat="33.47640500" lon="133.00269100">
   </rtept>
   <rtept lat="33.47637600" lon="133.00292900">
   </rtept>
   <rtept lat="33.47679200" lon="133.00336900">
   </rtept>
   <rtept lat="33.47679200" lon="133.00358300">
   </rtept>
   <rtept lat="33.47678200" lon="133.00391000">
   </rtept>
 </rte>
 <rte>
  <name>SHIKOKU_EHM_13(瀬戸風峠へのみち)</name>
   <rtept lat="33.84747200" lon="132.79715100">
   </rtept>
   <rtept lat="33.84770900" lon="132.79717000">
   </rtept>
   <rtept lat="33.84774800" lon="132.79800600">
   </rtept>
   <rtept lat="33.84783500" lon="132.79811100">
   </rtept>
   <rtept lat="33.84797700" lon="132.79814900">
   </rtept>
   <rtept lat="33.84814300" lon="132.79817700">
   </rtept>
   <rtept lat="33.84819800" lon="132.79830100">
   </rtept>
   <rtept lat="33.84819100" lon="132.79850100">
   </rtept>
   <rtept lat="33.84826200" lon="132.79876700">
   </rtept>
   <rtept lat="33.84843500" lon="132.79914700">
   </rtept>
   <rtept lat="33.84880600" lon="132.79941300">
   </rtept>
   <rtept lat="33.84943800" lon="132.79955600">
   </rtept>
   <rtept lat="33.84973800" lon="132.79962200">
   </rtept>
   <rtept lat="33.85002200" lon="132.79957500">
   </rtept>
   <rtept lat="33.85068600" lon="132.80007900">
   </rtept>
   <rtept lat="33.85088300" lon="132.80039300">
   </rtept>
   <rtept lat="33.85101700" lon="132.80058300">
   </rtept>
   <rtept lat="33.85118300" lon="132.80069700">
   </rtept>
   <rtept lat="33.85138000" lon="132.80067800">
   </rtept>
   <rtept lat="33.85151500" lon="132.80055400">
   </rtept>
   <rtept lat="33.85158600" lon="132.80046900">
   </rtept>
   <rtept lat="33.85165700" lon="132.80023100">
   </rtept>
   <rtept lat="33.85202000" lon="132.79985100">
   </rtept>
   <rtept lat="33.85217000" lon="132.79970800">
   </rtept>
   <rtept lat="33.85233600" lon="132.79896600">
   </rtept>
   <rtept lat="33.85239900" lon="132.79854800">
   </rtept>
   <rtept lat="33.85313200" lon="132.79787300">
   </rtept>
   <rtept lat="33.85317900" lon="132.79774000">
   </rtept>
   <rtept lat="33.85319500" lon="132.79730300">
   </rtept>
   <rtept lat="33.85325000" lon="132.79711300">
   </rtept>
   <rtept lat="33.85358200" lon="132.79650400">
   </rtept>
   <rtept lat="33.85359000" lon="132.79634200">
   </rtept>
   <rtept lat="33.85360500" lon="132.79611400">
   </rtept>
   <rtept lat="33.85370000" lon="132.79589600">
   </rtept>
   <rtept lat="33.85389800" lon="132.79579100">
   </rtept>
   <rtept lat="33.85428400" lon="132.79570500">
   </rtept>
   <rtept lat="33.85467100" lon="132.79570500">
   </rtept>
   <rtept lat="33.85503400" lon="132.79590500">
   </rtept>
   <rtept lat="33.85535000" lon="132.79567700">
   </rtept>
   <rtept lat="33.85563500" lon="132.79552500">
   </rtept>
   <rtept lat="33.85604500" lon="132.79492600">
   </rtept>
   <rtept lat="33.85641600" lon="132.79500200">
   </rtept>
   <rtept lat="33.85662100" lon="132.79498300">
   </rtept>
   <rtept lat="33.85685000" lon="132.79483100">
   </rtept>
   <rtept lat="33.85701600" lon="132.79466000">
   </rtept>
   <rtept lat="33.85717400" lon="132.79463100">
   </rtept>
   <rtept lat="33.85726900" lon="132.79458400">
   </rtept>
   <rtept lat="33.85728500" lon="132.79449800">
   </rtept>
   <rtept lat="33.85724500" lon="132.79443200">
   </rtept>
   <rtept lat="33.85714200" lon="132.79436500">
   </rtept>
   <rtept lat="33.85690600" lon="132.79438400">
   </rtept>
   <rtept lat="33.85678700" lon="132.79442200">
   </rtept>
   <rtept lat="33.85662900" lon="132.79447000">
   </rtept>
   <rtept lat="33.85639200" lon="132.79447000">
   </rtept>
   <rtept lat="33.85621100" lon="132.79456500">
   </rtept>
   <rtept lat="33.85610000" lon="132.79448900">
   </rtept>
   <rtept lat="33.85599000" lon="132.79437400">
   </rtept>
   <rtept lat="33.85569000" lon="132.79440300">
   </rtept>
   <rtept lat="33.85550800" lon="132.79432700">
   </rtept>
   <rtept lat="33.85535800" lon="132.79410800">
   </rtept>
   <rtept lat="33.85525600" lon="132.79405100">
   </rtept>
   <rtept lat="33.85505000" lon="132.79402300">
   </rtept>
   <rtept lat="33.85492400" lon="132.79391800">
   </rtept>
   <rtept lat="33.85486100" lon="132.79368000">
   </rtept>
   <rtept lat="33.85493200" lon="132.79345200">
   </rtept>
   <rtept lat="33.85490000" lon="132.79329100">
   </rtept>
   <rtept lat="33.85471100" lon="132.79298600">
   </rtept>
   <rtept lat="33.85509800" lon="132.79273000">
   </rtept>
   <rtept lat="33.85527900" lon="132.79240600">
   </rtept>
   <rtept lat="33.85583200" lon="132.79245400">
   </rtept>
   <rtept lat="33.85614800" lon="132.79215900">
   </rtept>
   <rtept lat="33.85653500" lon="132.79225400">
   </rtept>
   <rtept lat="33.85651900" lon="132.79248300">
   </rtept>
   <rtept lat="33.85673200" lon="132.79299600">
   </rtept>
   <rtept lat="33.85706400" lon="132.79312000">
   </rtept>
   <rtept lat="33.85720600" lon="132.79307200">
   </rtept>
   <rtept lat="33.85730800" lon="132.79298600">
   </rtept>
   <rtept lat="33.85751400" lon="132.79311000">
   </rtept>
   <rtept lat="33.85766400" lon="132.79307200">
   </rtept>
   <rtept lat="33.85825600" lon="132.79248300">
   </rtept>
   <rtept lat="33.85824800" lon="132.79217800">
   </rtept>
   <rtept lat="33.85826400" lon="132.79196900">
   </rtept>
   <rtept lat="33.85831100" lon="132.79196900">
   </rtept>
   <rtept lat="33.85852400" lon="132.79205500">
   </rtept>
   <rtept lat="33.85872900" lon="132.79191200">
   </rtept>
   <rtept lat="33.85890300" lon="132.79173100">
   </rtept>
   <rtept lat="33.85982700" lon="132.79174100">
   </rtept>
   <rtept lat="33.85996600" lon="132.79180800">
   </rtept>
   <rtept lat="33.86021000" lon="132.79176000">
   </rtept>
   <rtept lat="33.86047900" lon="132.79166500">
   </rtept>
   <rtept lat="33.86055000" lon="132.79157900">
   </rtept>
   <rtept lat="33.86073900" lon="132.79153200">
   </rtept>
   <rtept lat="33.86092100" lon="132.79140800">
   </rtept>
   <rtept lat="33.86096000" lon="132.79121800">
   </rtept>
   <rtept lat="33.86101600" lon="132.79106600">
   </rtept>
   <rtept lat="33.86107900" lon="132.79099900">
   </rtept>
   <rtept lat="33.86137900" lon="132.79085700">
   </rtept>
   <rtept lat="33.86143400" lon="132.79077100">
   </rtept>
   <rtept lat="33.86145800" lon="132.79059400">
   </rtept>
   <rtept lat="33.86152100" lon="132.79039500">
   </rtept>
   <rtept lat="33.86154500" lon="132.79018600">
   </rtept>
   <rtept lat="33.86157600" lon="132.79003300">
   </rtept>
   <rtept lat="33.86166300" lon="132.78997600">
   </rtept>
   <rtept lat="33.86184500" lon="132.78997600">
   </rtept>
   <rtept lat="33.86197100" lon="132.78997600">
   </rtept>
   <rtept lat="33.86209700" lon="132.78989100">
   </rtept>
   <rtept lat="33.86250000" lon="132.79000500">
   </rtept>
   <rtept lat="33.86280000" lon="132.78973900">
   </rtept>
   <rtept lat="33.86295000" lon="132.78952000">
   </rtept>
   <rtept lat="33.86313100" lon="132.78924400">
   </rtept>
   <rtept lat="33.86346300" lon="132.78916800">
   </rtept>
   <rtept lat="33.86358900" lon="132.78910200">
   </rtept>
   <rtept lat="33.86372400" lon="132.78892100">
   </rtept>
   <rtept lat="33.86381000" lon="132.78874100">
   </rtept>
   <rtept lat="33.86389700" lon="132.78861700">
   </rtept>
   <rtept lat="33.86406300" lon="132.78850300">
   </rtept>
   <rtept lat="33.86430000" lon="132.78844600">
   </rtept>
   <rtept lat="33.86441800" lon="132.78844600">
   </rtept>
   <rtept lat="33.86455200" lon="132.78832200">
   </rtept>
   <rtept lat="33.86465500" lon="132.78824600">
   </rtept>
   <rtept lat="33.86478900" lon="132.78836000">
   </rtept>
   <rtept lat="33.86506600" lon="132.78859800">
   </rtept>
   <rtept lat="33.86568900" lon="132.78880700">
   </rtept>
   <rtept lat="33.86640600" lon="132.78896900">
   </rtept>
   <rtept lat="33.86648500" lon="132.78914000">
   </rtept>
   <rtept lat="33.86650900" lon="132.78931100">
   </rtept>
   <rtept lat="33.86684000" lon="132.78978600">
   </rtept>
   <rtept lat="33.86759800" lon="132.78982400">
   </rtept>
   <rtept lat="33.86790600" lon="132.78975800">
   </rtept>
   <rtept lat="33.86834800" lon="132.78976700">
   </rtept>
   <rtept lat="33.86857700" lon="132.78961500">
   </rtept>
   <rtept lat="33.86875100" lon="132.78933000">
   </rtept>
   <rtept lat="33.86974500" lon="132.78890200">
   </rtept>
   <rtept lat="33.87000600" lon="132.78883600">
   </rtept>
   <rtept lat="33.87021100" lon="132.78870200">
   </rtept>
   <rtept lat="33.87031400" lon="132.78854100">
   </rtept>
   <rtept lat="33.87034800" lon="132.78843600">
   </rtept>
   <rtept lat="33.87074300" lon="132.78870200">
   </rtept>
   <rtept lat="33.87094800" lon="132.78915900">
   </rtept>
   <rtept lat="33.87094800" lon="132.78949200">
   </rtept>
   <rtept lat="33.87098000" lon="132.78966300">
   </rtept>
   <rtept lat="33.87165100" lon="132.79050900">
   </rtept>
   <rtept lat="33.87164300" lon="132.79083200">
   </rtept>
   <rtept lat="33.87172200" lon="132.79117400">
   </rtept>
   <rtept lat="33.87177700" lon="132.79143100">
   </rtept>
   <rtept lat="33.87199000" lon="132.79177300">
   </rtept>
   <rtept lat="33.87214000" lon="132.79193500">
   </rtept>
   <rtept lat="33.87252700" lon="132.79214400">
   </rtept>
   <rtept lat="33.87293700" lon="132.79220100">
   </rtept>
   <rtept lat="33.87338700" lon="132.79234400">
   </rtept>
   <rtept lat="33.87350600" lon="132.79242000">
   </rtept>
   <rtept lat="33.87364800" lon="132.79262900">
   </rtept>
   <rtept lat="33.87387700" lon="132.79308500">
   </rtept>
   <rtept lat="33.87405000" lon="132.79328500">
   </rtept>
   <rtept lat="33.87426800" lon="132.79331300">
   </rtept>
   <rtept lat="33.87441800" lon="132.79377900">
   </rtept>
   <rtept lat="33.87465500" lon="132.79421700">
   </rtept>
   <rtept lat="33.87498700" lon="132.79457800">
   </rtept>
   <rtept lat="33.87535800" lon="132.79477800">
   </rtept>
   <rtept lat="33.87557100" lon="132.79505300">
   </rtept>
   <rtept lat="33.87568900" lon="132.79528100">
   </rtept>
   <rtept lat="33.87580000" lon="132.79568100">
   </rtept>
   <rtept lat="33.87583900" lon="132.79617200">
   </rtept>
   <rtept lat="33.87589400" lon="132.79683800">
   </rtept>
   <rtept lat="33.87613900" lon="132.79757900">
   </rtept>
   <rtept lat="33.87648600" lon="132.79836800">
   </rtept>
   <rtept lat="33.87664400" lon="132.79834900">
   </rtept>
   <rtept lat="33.87694400" lon="132.79825400">
   </rtept>
   <rtept lat="33.87732300" lon="132.79823500">
   </rtept>
   <rtept lat="33.87767800" lon="132.79815900">
   </rtept>
   <rtept lat="33.87789100" lon="132.79804500">
   </rtept>
   <rtept lat="33.87813600" lon="132.79784600">
   </rtept>
   <rtept lat="33.87823900" lon="132.79782700">
   </rtept>
   <rtept lat="33.87865700" lon="132.79784600">
   </rtept>
   <rtept lat="33.87910500" lon="132.79789300">
   </rtept>
   <rtept lat="33.87952400" lon="132.79797900">
   </rtept>
   <rtept lat="33.87995000" lon="132.79821600">
   </rtept>
   <rtept lat="33.88027300" lon="132.79844400">
   </rtept>
   <rtept lat="33.88058100" lon="132.79877700">
   </rtept>
   <rtept lat="33.88071500" lon="132.79886300">
   </rtept>
   <rtept lat="33.88092100" lon="132.79885300">
   </rtept>
   <rtept lat="33.88121300" lon="132.79880600">
   </rtept>
   <rtept lat="33.88133100" lon="132.79920500">
   </rtept>
   <rtept lat="33.88132300" lon="132.79942400">
   </rtept>
   <rtept lat="33.88129200" lon="132.79950900">
   </rtept>
   <rtept lat="33.88197000" lon="132.79973700">
   </rtept>
   <rtept lat="33.88213600" lon="132.79970900">
   </rtept>
   <rtept lat="33.88253100" lon="132.79938600">
   </rtept>
   <rtept lat="33.88274400" lon="132.79913900">
   </rtept>
   <rtept lat="33.88287800" lon="132.79892900">
   </rtept>
   <rtept lat="33.88309100" lon="132.79886300">
   </rtept>
   <rtept lat="33.88322500" lon="132.79888200">
   </rtept>
   <rtept lat="33.88332800" lon="132.79888200">
   </rtept>
   <rtept lat="33.88347800" lon="132.79876800">
   </rtept>
   <rtept lat="33.88354900" lon="132.79857800">
   </rtept>
   <rtept lat="33.88365900" lon="132.79845400">
   </rtept>
   <rtept lat="33.88377000" lon="132.79841600">
   </rtept>
   <rtept lat="33.88388000" lon="132.79841600">
   </rtept>
   <rtept lat="33.88401500" lon="132.79850200">
   </rtept>
   <rtept lat="33.88413100" lon="132.79846400">
   </rtept>
   <rtept lat="33.88416300" lon="132.79834000">
   </rtept>
   <rtept lat="33.88415500" lon="132.79820700">
   </rtept>
   <rtept lat="33.88431300" lon="132.79797900">
   </rtept>
   <rtept lat="33.88454200" lon="132.79780800">
   </rtept>
   <rtept lat="33.88477100" lon="132.79764600">
   </rtept>
   <rtept lat="33.88488900" lon="132.79754100">
   </rtept>
   <rtept lat="33.88501500" lon="132.79731300">
   </rtept>
   <rtept lat="33.88505500" lon="132.79711300">
   </rtept>
   <rtept lat="33.88514200" lon="132.79698000">
   </rtept>
   <rtept lat="33.88528400" lon="132.79686600">
   </rtept>
   <rtept lat="33.88536300" lon="132.79676200">
   </rtept>
   <rtept lat="33.88548900" lon="132.79657200">
   </rtept>
   <rtept lat="33.88565500" lon="132.79638100">
   </rtept>
   <rtept lat="33.88580500" lon="132.79622000">
   </rtept>
   <rtept lat="33.88589900" lon="132.79614400">
   </rtept>
   <rtept lat="33.88607300" lon="132.79604900">
   </rtept>
   <rtept lat="33.88622300" lon="132.79597300">
   </rtept>
   <rtept lat="33.88630200" lon="132.79584900">
   </rtept>
   <rtept lat="33.88634100" lon="132.79564000">
   </rtept>
   <rtept lat="33.88638900" lon="132.79545000">
   </rtept>
   <rtept lat="33.88655400" lon="132.79557300">
   </rtept>
   <rtept lat="33.88683800" lon="132.79568700">
   </rtept>
   <rtept lat="33.88698100" lon="132.79590600">
   </rtept>
   <rtept lat="33.88718600" lon="132.79616300">
   </rtept>
   <rtept lat="33.88722500" lon="132.79643800">
   </rtept>
   <rtept lat="33.88733600" lon="132.79696100">
   </rtept>
   <rtept lat="33.88743800" lon="132.79721800">
   </rtept>
   <rtept lat="33.88765900" lon="132.79752200">
   </rtept>
   <rtept lat="33.88775400" lon="132.79786500">
   </rtept>
   <rtept lat="33.88802200" lon="132.79830200">
   </rtept>
   <rtept lat="33.88810900" lon="132.79868200">
   </rtept>
   <rtept lat="33.88831400" lon="132.79917700">
   </rtept>
   <rtept lat="33.88852000" lon="132.79969000">
   </rtept>
   <rtept lat="33.88858900" lon="132.80003200">
   </rtept>
   <rtept lat="33.88873900" lon="132.80025100">
   </rtept>
   <rtept lat="33.88884200" lon="132.80054600">
   </rtept>
   <rtept lat="33.88881800" lon="132.80074500">
   </rtept>
   <rtept lat="33.88874700" lon="132.80098300">
   </rtept>
   <rtept lat="33.88873900" lon="132.80121100">
   </rtept>
   <rtept lat="33.88877000" lon="132.80132500">
   </rtept>
   <rtept lat="33.88883400" lon="132.80143000">
   </rtept>
   <rtept lat="33.88893600" lon="132.80137300">
   </rtept>
   <rtept lat="33.88901500" lon="132.80128700">
   </rtept>
   <rtept lat="33.88903100" lon="132.80118300">
   </rtept>
   <rtept lat="33.88914100" lon="132.80111600">
   </rtept>
   <rtept lat="33.88928300" lon="132.80109700">
   </rtept>
   <rtept lat="33.88953600" lon="132.80125900">
   </rtept>
   <rtept lat="33.88962300" lon="132.80140100">
   </rtept>
   <rtept lat="33.88964700" lon="132.80161000">
   </rtept>
   <rtept lat="33.88971000" lon="132.80179100">
   </rtept>
   <rtept lat="33.88978900" lon="132.80199100">
   </rtept>
   <rtept lat="33.88986800" lon="132.80231400">
   </rtept>
   <rtept lat="33.88993100" lon="132.80264700">
   </rtept>
   <rtept lat="33.88998600" lon="132.80300800">
   </rtept>
   <rtept lat="33.89015200" lon="132.80325500">
   </rtept>
   <rtept lat="33.89028600" lon="132.80327400">
   </rtept>
   <rtept lat="33.89043600" lon="132.80327400">
   </rtept>
   <rtept lat="33.89057000" lon="132.80359700">
   </rtept>
   <rtept lat="33.89081500" lon="132.80389200">
   </rtept>
   <rtept lat="33.89106700" lon="132.80429800">
   </rtept>
   <rtept lat="33.89083800" lon="132.80448800">
   </rtept>
   <rtept lat="33.89078300" lon="132.80462100">
   </rtept>
   <rtept lat="33.89064100" lon="132.80475400">
   </rtept>
   <rtept lat="33.89053000" lon="132.80484900">
   </rtept>
   <rtept lat="33.89040400" lon="132.80486900">
   </rtept>
   <rtept lat="33.89028600" lon="132.80491600">
   </rtept>
   <rtept lat="33.89025400" lon="132.80496400">
   </rtept>
   <rtept lat="33.89023800" lon="132.80506800">
   </rtept>
   <rtept lat="33.89025400" lon="132.80526800">
   </rtept>
   <rtept lat="33.89037300" lon="132.80536300">
   </rtept>
   <rtept lat="33.89051500" lon="132.80535300">
   </rtept>
   <rtept lat="33.89064100" lon="132.80534400">
   </rtept>
   <rtept lat="33.89074400" lon="132.80530600">
   </rtept>
   <rtept lat="33.89080700" lon="132.80532500">
   </rtept>
   <rtept lat="33.89088600" lon="132.80542900">
   </rtept>
   <rtept lat="33.89091700" lon="132.80558200">
   </rtept>
   <rtept lat="33.89100400" lon="132.80570500">
   </rtept>
   <rtept lat="33.89124900" lon="132.80577200">
   </rtept>
   <rtept lat="33.89152500" lon="132.80599000">
   </rtept>
   <rtept lat="33.89165900" lon="132.80614200">
   </rtept>
   <rtept lat="33.89175400" lon="132.80638000">
   </rtept>
   <rtept lat="33.89182500" lon="132.80652300">
   </rtept>
   <rtept lat="33.89195100" lon="132.80668400">
   </rtept>
   <rtept lat="33.89199000" lon="132.80680800">
   </rtept>
   <rtept lat="33.89207700" lon="132.80689400">
   </rtept>
   <rtept lat="33.89214800" lon="132.80698900">
   </rtept>
   <rtept lat="33.89226700" lon="132.80720700">
   </rtept>
   <rtept lat="33.89225900" lon="132.80738800">
   </rtept>
   <rtept lat="33.89233000" lon="132.80754000">
   </rtept>
   <rtept lat="33.89241700" lon="132.80768300">
   </rtept>
   <rtept lat="33.89241700" lon="132.80789200">
   </rtept>
   <rtept lat="33.89243200" lon="132.80795800">
   </rtept>
   <rtept lat="33.89259800" lon="132.80793000">
   </rtept>
   <rtept lat="33.89267700" lon="132.80783500">
   </rtept>
   <rtept lat="33.89277200" lon="132.80784400">
   </rtept>
   <rtept lat="33.89288400" lon="132.80796800">
   </rtept>
   <rtept lat="33.89301800" lon="132.80795800">
   </rtept>
   <rtept lat="33.89319900" lon="132.80800600">
   </rtept>
   <rtept lat="33.89331000" lon="132.80800600">
   </rtept>
   <rtept lat="33.89339700" lon="132.80802500">
   </rtept>
   <rtept lat="33.89342800" lon="132.80816800">
   </rtept>
   <rtept lat="33.89340500" lon="132.80830100">
   </rtept>
   <rtept lat="33.89326300" lon="132.80853800">
   </rtept>
   <rtept lat="33.89325500" lon="132.80865200">
   </rtept>
   <rtept lat="33.89336500" lon="132.80891900">
   </rtept>
   <rtept lat="33.89346800" lon="132.80920400">
   </rtept>
   <rtept lat="33.89374400" lon="132.80947900">
   </rtept>
   <rtept lat="33.89385400" lon="132.80966000">
   </rtept>
   <rtept lat="33.89387800" lon="132.80975500">
   </rtept>
   <rtept lat="33.89416200" lon="132.80989800">
   </rtept>
   <rtept lat="33.89419400" lon="132.81002100">
   </rtept>
   <rtept lat="33.89423300" lon="132.81011600">
   </rtept>
   <rtept lat="33.89433600" lon="132.81034500">
   </rtept>
   <rtept lat="33.89444600" lon="132.81068700">
   </rtept>
   <rtept lat="33.89457300" lon="132.81087700">
   </rtept>
   <rtept lat="33.89469100" lon="132.81111500">
   </rtept>
   <rtept lat="33.89478600" lon="132.81117200">
   </rtept>
   <rtept lat="33.89487200" lon="132.81135200">
   </rtept>
   <rtept lat="33.89503000" lon="132.81151400">
   </rtept>
   <rtept lat="33.89514100" lon="132.81149500">
   </rtept>
   <rtept lat="33.89518800" lon="132.81139000">
   </rtept>
   <rtept lat="33.89522000" lon="132.81109600">
   </rtept>
   <rtept lat="33.89523500" lon="132.81071500">
   </rtept>
   <rtept lat="33.89517200" lon="132.81012600">
   </rtept>
   <rtept lat="33.89548000" lon="132.80965100">
   </rtept>
   <rtept lat="33.89671100" lon="132.80967000">
   </rtept>
   <rtept lat="33.89726400" lon="132.80995500">
   </rtept>
   <rtept lat="33.89784000" lon="132.81027800">
   </rtept>
   <rtept lat="33.89837000" lon="132.81055400">
   </rtept>
   <rtept lat="33.89949800" lon="132.81083000">
   </rtept>
   <rtept lat="33.90088700" lon="132.81115300">
   </rtept>
   <rtept lat="33.90244200" lon="132.81129500">
   </rtept>
   <rtept lat="33.90297800" lon="132.81134300">
   </rtept>
   <rtept lat="33.90301000" lon="132.81152400">
   </rtept>
   <rtept lat="33.90316800" lon="132.81162800">
   </rtept>
   <rtept lat="33.90323100" lon="132.81165700">
   </rtept>
   <rtept lat="33.90319100" lon="132.81177100">
   </rtept>
   <rtept lat="33.90297000" lon="132.81191300">
   </rtept>
   <rtept lat="33.90285200" lon="132.81208400">
   </rtept>
   <rtept lat="33.90282800" lon="132.81227500">
   </rtept>
   <rtept lat="33.90298600" lon="132.81268300">
   </rtept>
   <rtept lat="33.90307300" lon="132.81287400">
   </rtept>
   <rtept lat="33.90301000" lon="132.81302600">
   </rtept>
   <rtept lat="33.90284400" lon="132.81322500">
   </rtept>
   <rtept lat="33.90278900" lon="132.81341500">
   </rtept>
   <rtept lat="33.90273400" lon="132.81367200">
   </rtept>
   <rtept lat="33.90267800" lon="132.81378600">
   </rtept>
   <rtept lat="33.90251300" lon="132.81421100">
   </rtept>
   <rtept lat="33.90267100" lon="132.81432500">
   </rtept>
   <rtept lat="33.90258400" lon="132.81444900">
   </rtept>
   <rtept lat="33.90258400" lon="132.81466800">
   </rtept>
   <rtept lat="33.90258400" lon="132.81494300">
   </rtept>
   <rtept lat="33.90249700" lon="132.81518100">
   </rtept>
   <rtept lat="33.90248900" lon="132.81545700">
   </rtept>
   <rtept lat="33.90256700" lon="132.81588000">
   </rtept>
   <rtept lat="33.90273200" lon="132.81610800">
   </rtept>
   <rtept lat="33.90300700" lon="132.81653200">
   </rtept>
   <rtept lat="33.90308400" lon="132.81674600">
   </rtept>
   <rtept lat="33.90316700" lon="132.81717400">
   </rtept>
   <rtept lat="33.90310700" lon="132.81763300">
   </rtept>
   <rtept lat="33.90311700" lon="132.81798900">
   </rtept>
   <rtept lat="33.90302800" lon="132.81827500">
   </rtept>
   <rtept lat="33.90294900" lon="132.81858400">
   </rtept>
   <rtept lat="33.90285100" lon="132.81886900">
   </rtept>
   <rtept lat="33.90275200" lon="132.81913000">
   </rtept>
   <rtept lat="33.90269300" lon="132.81935600">
   </rtept>
   <rtept lat="33.90262400" lon="132.81991500">
   </rtept>
 </rte>
 <rte>
  <name>SHIKOKU_EHM_14(高縄山探鳥のみち)</name>
   <rtept lat="33.90262400" lon="132.81991500">
   </rtept>
   <rtept lat="33.90240700" lon="132.82027100">
   </rtept>
   <rtept lat="33.90214000" lon="132.82072300">
   </rtept>
   <rtept lat="33.90198700" lon="132.82096300">
   </rtept>
   <rtept lat="33.90188600" lon="132.82110500">
   </rtept>
   <rtept lat="33.90190400" lon="132.82140500">
   </rtept>
   <rtept lat="33.90256100" lon="132.82093400">
   </rtept>
   <rtept lat="33.90279100" lon="132.82084200">
   </rtept>
   <rtept lat="33.90296900" lon="132.82086300">
   </rtept>
   <rtept lat="33.90305200" lon="132.82093400">
   </rtept>
   <rtept lat="33.90308700" lon="132.82102000">
   </rtept>
   <rtept lat="33.90302800" lon="132.82112700">
   </rtept>
   <rtept lat="33.90289200" lon="132.82126200">
   </rtept>
   <rtept lat="33.90270300" lon="132.82148300">
   </rtept>
   <rtept lat="33.90257200" lon="132.82164700">
   </rtept>
   <rtept lat="33.90251300" lon="132.82184000">
   </rtept>
   <rtept lat="33.90270300" lon="132.82207500">
   </rtept>
   <rtept lat="33.90283300" lon="132.82223200">
   </rtept>
   <rtept lat="33.90305200" lon="132.82230300">
   </rtept>
   <rtept lat="33.90321200" lon="132.82225300">
   </rtept>
   <rtept lat="33.90343100" lon="132.82214600">
   </rtept>
   <rtept lat="33.90355500" lon="132.82211100">
   </rtept>
   <rtept lat="33.90373200" lon="132.82213900">
   </rtept>
   <rtept lat="33.90400500" lon="132.82210400">
   </rtept>
   <rtept lat="33.90418200" lon="132.82210400">
   </rtept>
   <rtept lat="33.90436600" lon="132.82211800">
   </rtept>
   <rtept lat="33.90464400" lon="132.82222500">
   </rtept>
   <rtept lat="33.90491600" lon="132.82230300">
   </rtept>
   <rtept lat="33.90527600" lon="132.82238900">
   </rtept>
   <rtept lat="33.90542400" lon="132.82243200">
   </rtept>
   <rtept lat="33.90556600" lon="132.82243200">
   </rtept>
   <rtept lat="33.90566600" lon="132.82233900">
   </rtept>
   <rtept lat="33.90573100" lon="132.82221800">
   </rtept>
   <rtept lat="33.90584400" lon="132.82225300">
   </rtept>
   <rtept lat="33.90603900" lon="132.82238200">
   </rtept>
   <rtept lat="33.90610400" lon="132.82249600">
   </rtept>
   <rtept lat="33.90618100" lon="132.82251000">
   </rtept>
   <rtept lat="33.90630000" lon="132.82237500">
   </rtept>
   <rtept lat="33.90638800" lon="132.82221800">
   </rtept>
   <rtept lat="33.90654200" lon="132.82228900">
   </rtept>
   <rtept lat="33.90689100" lon="132.82209600">
   </rtept>
   <rtept lat="33.90698600" lon="132.82207500">
   </rtept>
   <rtept lat="33.90703300" lon="132.82210400">
   </rtept>
   <rtept lat="33.90701600" lon="132.82222500">
   </rtept>
   <rtept lat="33.90695100" lon="132.82248100">
   </rtept>
   <rtept lat="33.90698600" lon="132.82258800">
   </rtept>
   <rtept lat="33.90714000" lon="132.82269500">
   </rtept>
   <rtept lat="33.90749500" lon="132.82273800">
   </rtept>
   <rtept lat="33.90761300" lon="132.82278100">
   </rtept>
   <rtept lat="33.90776100" lon="132.82285900">
   </rtept>
   <rtept lat="33.90834100" lon="132.82278100">
   </rtept>
   <rtept lat="33.90844600" lon="132.82265000">
   </rtept>
   <rtept lat="33.90867300" lon="132.82279200">
   </rtept>
   <rtept lat="33.90884000" lon="132.82278000">
   </rtept>
   <rtept lat="33.90899800" lon="132.82288700">
   </rtept>
   <rtept lat="33.90906700" lon="132.82300600">
   </rtept>
   <rtept lat="33.90913600" lon="132.82318500">
   </rtept>
   <rtept lat="33.90922500" lon="132.82325600">
   </rtept>
   <rtept lat="33.90936300" lon="132.82325600">
   </rtept>
   <rtept lat="33.90948100" lon="132.82325600">
   </rtept>
   <rtept lat="33.90960000" lon="132.82338700">
   </rtept>
   <rtept lat="33.91003400" lon="132.82363600">
   </rtept>
   <rtept lat="33.91021100" lon="132.82379100">
   </rtept>
   <rtept lat="33.91033900" lon="132.82383800">
   </rtept>
   <rtept lat="33.91047100" lon="132.82384100">
   </rtept>
   <rtept lat="33.91061300" lon="132.82379100">
   </rtept>
   <rtept lat="33.91078500" lon="132.82379100">
   </rtept>
   <rtept lat="33.91117600" lon="132.82388300">
   </rtept>
   <rtept lat="33.91142400" lon="132.82389000">
   </rtept>
   <rtept lat="33.91173800" lon="132.82386200">
   </rtept>
   <rtept lat="33.91218800" lon="132.82385500">
   </rtept>
   <rtept lat="33.91225300" lon="132.82371200">
   </rtept>
   <rtept lat="33.91233500" lon="132.82365500">
   </rtept>
   <rtept lat="33.91246000" lon="132.82371900">
   </rtept>
   <rtept lat="33.91270800" lon="132.82382600">
   </rtept>
   <rtept lat="33.91281500" lon="132.82392600">
   </rtept>
   <rtept lat="33.91315200" lon="132.82401200">
   </rtept>
   <rtept lat="33.91327600" lon="132.82401200">
   </rtept>
   <rtept lat="33.91341700" lon="132.82387600">
   </rtept>
   <rtept lat="33.91351800" lon="132.82380500">
   </rtept>
   <rtept lat="33.91365400" lon="132.82379100">
   </rtept>
   <rtept lat="33.91374300" lon="132.82387600">
   </rtept>
   <rtept lat="33.91401500" lon="132.82389800">
   </rtept>
   <rtept lat="33.91412100" lon="132.82376900">
   </rtept>
   <rtept lat="33.91421000" lon="132.82365500">
   </rtept>
   <rtept lat="33.91433400" lon="132.82364800">
   </rtept>
   <rtept lat="33.91440500" lon="132.82369800">
   </rtept>
   <rtept lat="33.91451200" lon="132.82396900">
   </rtept>
   <rtept lat="33.91462400" lon="132.82409000">
   </rtept>
   <rtept lat="33.91476600" lon="132.82409000">
   </rtept>
   <rtept lat="33.91526300" lon="132.82386900">
   </rtept>
   <rtept lat="33.91564800" lon="132.82377600">
   </rtept>
   <rtept lat="33.91577800" lon="132.82381200">
   </rtept>
   <rtept lat="33.91582600" lon="132.82385500">
   </rtept>
   <rtept lat="33.91583100" lon="132.82396200">
   </rtept>
   <rtept lat="33.91579000" lon="132.82404000">
   </rtept>
   <rtept lat="33.91570100" lon="132.82409700">
   </rtept>
   <rtept lat="33.91506800" lon="132.82421800">
   </rtept>
   <rtept lat="33.91503900" lon="132.82429000">
   </rtept>
   <rtept lat="33.91507400" lon="132.82440400">
   </rtept>
   <rtept lat="33.91528700" lon="132.82443900">
   </rtept>
   <rtept lat="33.91541100" lon="132.82448900">
   </rtept>
   <rtept lat="33.91565400" lon="132.82448900">
   </rtept>
   <rtept lat="33.91591400" lon="132.82448200">
   </rtept>
   <rtept lat="33.91604400" lon="132.82450400">
   </rtept>
   <rtept lat="33.91614500" lon="132.82462500">
   </rtept>
   <rtept lat="33.91621600" lon="132.82476000">
   </rtept>
   <rtept lat="33.91628700" lon="132.82481700">
   </rtept>
   <rtept lat="33.91643500" lon="132.82482500">
   </rtept>
   <rtept lat="33.91658900" lon="132.82471800">
   </rtept>
   <rtept lat="33.91667200" lon="132.82468900">
   </rtept>
   <rtept lat="33.91677200" lon="132.82468900">
   </rtept>
   <rtept lat="33.91689700" lon="132.82476000">
   </rtept>
   <rtept lat="33.91700300" lon="132.82485300">
   </rtept>
   <rtept lat="33.91707400" lon="132.82492400">
   </rtept>
   <rtept lat="33.91720400" lon="132.82496700">
   </rtept>
   <rtept lat="33.91732000" lon="132.82494600">
   </rtept>
   <rtept lat="33.91739100" lon="132.82476700">
   </rtept>
   <rtept lat="33.91749200" lon="132.82451800">
   </rtept>
   <rtept lat="33.91764600" lon="132.82441800">
   </rtept>
   <rtept lat="33.91792400" lon="132.82424700">
   </rtept>
   <rtept lat="33.91813100" lon="132.82416900">
   </rtept>
   <rtept lat="33.91826700" lon="132.82419000">
   </rtept>
   <rtept lat="33.91832600" lon="132.82424700">
   </rtept>
   <rtept lat="33.91855700" lon="132.82427500">
   </rtept>
   <rtept lat="33.91877600" lon="132.82429700">
   </rtept>
   <rtept lat="33.91893600" lon="132.82436100">
   </rtept>
   <rtept lat="33.91912500" lon="132.82448900">
   </rtept>
   <rtept lat="33.91920800" lon="132.82457500">
   </rtept>
   <rtept lat="33.91924900" lon="132.82457500">
   </rtept>
   <rtept lat="33.91927300" lon="132.82449700">
   </rtept>
   <rtept lat="33.91923700" lon="132.82434700">
   </rtept>
   <rtept lat="33.91919600" lon="132.82418300">
   </rtept>
   <rtept lat="33.91916000" lon="132.82405400">
   </rtept>
   <rtept lat="33.91920200" lon="132.82393300">
   </rtept>
   <rtept lat="33.91930200" lon="132.82391900">
   </rtept>
   <rtept lat="33.91951000" lon="132.82387600">
   </rtept>
   <rtept lat="33.91964000" lon="132.82371900">
   </rtept>
   <rtept lat="33.91997100" lon="132.82340600">
   </rtept>
   <rtept lat="33.92011900" lon="132.82331300">
   </rtept>
   <rtept lat="33.92021400" lon="132.82328400">
   </rtept>
   <rtept lat="33.92027300" lon="132.82329100">
   </rtept>
   <rtept lat="33.92038500" lon="132.82344100">
   </rtept>
   <rtept lat="33.92046200" lon="132.82348400">
   </rtept>
   <rtept lat="33.92069900" lon="132.82349800">
   </rtept>
   <rtept lat="33.92081700" lon="132.82349800">
   </rtept>
   <rtept lat="33.92089400" lon="132.82356200">
   </rtept>
   <rtept lat="33.92092400" lon="132.82366900">
   </rtept>
   <rtept lat="33.92095300" lon="132.82371200">
   </rtept>
   <rtept lat="33.92109500" lon="132.82371600">
   </rtept>
   <rtept lat="33.92114200" lon="132.82347400">
   </rtept>
   <rtept lat="33.92127200" lon="132.82340200">
   </rtept>
   <rtept lat="33.92143800" lon="132.82351600">
   </rtept>
   <rtept lat="33.92165100" lon="132.82347400">
   </rtept>
   <rtept lat="33.92186400" lon="132.82333100">
   </rtept>
   <rtept lat="33.92211200" lon="132.82327400">
   </rtept>
   <rtept lat="33.92231400" lon="132.82328800">
   </rtept>
   <rtept lat="33.92242000" lon="132.82330200">
   </rtept>
   <rtept lat="33.92251500" lon="132.82317400">
   </rtept>
   <rtept lat="33.92251500" lon="132.82287500">
   </rtept>
   <rtept lat="33.92266900" lon="132.82260400">
   </rtept>
   <rtept lat="33.92288200" lon="132.82253200">
   </rtept>
   <rtept lat="33.92314200" lon="132.82268900">
   </rtept>
   <rtept lat="33.92329600" lon="132.82276100">
   </rtept>
   <rtept lat="33.92343800" lon="132.82269600">
   </rtept>
   <rtept lat="33.92359200" lon="132.82261100">
   </rtept>
   <rtept lat="33.92366300" lon="132.82244000">
   </rtept>
   <rtept lat="33.92367400" lon="132.82221200">
   </rtept>
   <rtept lat="33.92368600" lon="132.82191900">
   </rtept>
   <rtept lat="33.92371000" lon="132.82176200">
   </rtept>
   <rtept lat="33.92376300" lon="132.82164100">
   </rtept>
   <rtept lat="33.92387600" lon="132.82154100">
   </rtept>
   <rtept lat="33.92402900" lon="132.82144100">
   </rtept>
   <rtept lat="33.92425400" lon="132.82134200">
   </rtept>
   <rtept lat="33.92443200" lon="132.82126300">
   </rtept>
   <rtept lat="33.92449100" lon="132.82119200">
   </rtept>
   <rtept lat="33.92463900" lon="132.82100600">
   </rtept>
   <rtept lat="33.92476900" lon="132.82100600">
   </rtept>
   <rtept lat="33.92491700" lon="132.82090000">
   </rtept>
   <rtept lat="33.92508300" lon="132.82067800">
   </rtept>
   <rtept lat="33.92518900" lon="132.82050700">
   </rtept>
   <rtept lat="33.92531300" lon="132.82032900">
   </rtept>
   <rtept lat="33.92541400" lon="132.82020100">
   </rtept>
   <rtept lat="33.92564500" lon="132.82020800">
   </rtept>
   <rtept lat="33.92575700" lon="132.82019400">
   </rtept>
   <rtept lat="33.92585900" lon="132.82007900">
   </rtept>
   <rtept lat="33.92616100" lon="132.81967200">
   </rtept>
   <rtept lat="33.92649800" lon="132.81952200">
   </rtept>
   <rtept lat="33.92693600" lon="132.81921600">
   </rtept>
   <rtept lat="33.92708900" lon="132.81920900">
   </rtept>
   <rtept lat="33.92757500" lon="132.81934400">
   </rtept>
   <rtept lat="33.92775800" lon="132.81930800">
   </rtept>
   <rtept lat="33.92795300" lon="132.81918700">
   </rtept>
   <rtept lat="33.92813700" lon="132.81899500">
   </rtept>
   <rtept lat="33.92830200" lon="132.81888800">
   </rtept>
   <rtept lat="33.92848600" lon="132.81860300">
   </rtept>
   <rtept lat="33.92856300" lon="132.81852400">
   </rtept>
   <rtept lat="33.92868700" lon="132.81848900">
   </rtept>
   <rtept lat="33.92885300" lon="132.81853100">
   </rtept>
   <rtept lat="33.92895300" lon="132.81854600">
   </rtept>
   <rtept lat="33.92907100" lon="132.81846000">
   </rtept>
   <rtept lat="33.92894100" lon="132.81889500">
   </rtept>
   <rtept lat="33.92891800" lon="132.81920200">
   </rtept>
   <rtept lat="33.92890000" lon="132.81935100">
   </rtept>
   <rtept lat="33.92871600" lon="132.81991500">
   </rtept>
   <rtept lat="33.92860800" lon="132.82033600">
   </rtept>
   <rtept lat="33.92845800" lon="132.82055500">
   </rtept>
   <rtept lat="33.92830800" lon="132.82085900">
   </rtept>
   <rtept lat="33.92846600" lon="132.82126800">
   </rtept>
   <rtept lat="33.92857600" lon="132.82143000">
   </rtept>
   <rtept lat="33.92857600" lon="132.82166700">
   </rtept>
   <rtept lat="33.92848200" lon="132.82201000">
   </rtept>
   <rtept lat="33.92847400" lon="132.82217100">
   </rtept>
   <rtept lat="33.92852900" lon="132.82276100">
   </rtept>
   <rtept lat="33.92861600" lon="132.82336000">
   </rtept>
   <rtept lat="33.92871100" lon="132.82382600">
   </rtept>
   <rtept lat="33.92879700" lon="132.82401600">
   </rtept>
   <rtept lat="33.92899500" lon="132.82415800">
   </rtept>
   <rtept lat="33.92927900" lon="132.82471900">
   </rtept>
   <rtept lat="33.92938900" lon="132.82500400">
   </rtept>
   <rtept lat="33.92948400" lon="132.82530900">
   </rtept>
   <rtept lat="33.92948400" lon="132.82564100">
   </rtept>
   <rtept lat="33.92939700" lon="132.82576500">
   </rtept>
   <rtept lat="33.92938100" lon="132.82606900">
   </rtept>
   <rtept lat="33.92934200" lon="132.82628800">
   </rtept>
   <rtept lat="33.92942800" lon="132.82646900">
   </rtept>
   <rtept lat="33.92962600" lon="132.82662100">
   </rtept>
   <rtept lat="33.92983100" lon="132.82670600">
   </rtept>
   <rtept lat="33.92993300" lon="132.82682000">
   </rtept>
   <rtept lat="33.93026500" lon="132.82762800">
   </rtept>
   <rtept lat="33.93032000" lon="132.82787600">
   </rtept>
   <rtept lat="33.93029600" lon="132.82819900">
   </rtept>
   <rtept lat="33.93028800" lon="132.82839900">
   </rtept>
   <rtept lat="33.93034300" lon="132.82852200">
   </rtept>
   <rtept lat="33.93050100" lon="132.82861700">
   </rtept>
   <rtept lat="33.93065900" lon="132.82875000">
   </rtept>
   <rtept lat="33.93088000" lon="132.82896900">
   </rtept>
   <rtept lat="33.93127400" lon="132.82915000">
   </rtept>
   <rtept lat="33.93135600" lon="132.82933700">
   </rtept>
   <rtept lat="33.93163200" lon="132.82928000">
   </rtept>
   <rtept lat="33.93176600" lon="132.82929900">
   </rtept>
   <rtept lat="33.93194800" lon="132.82938400">
   </rtept>
   <rtept lat="33.93214500" lon="132.82953700">
   </rtept>
   <rtept lat="33.93231900" lon="132.82953700">
   </rtept>
   <rtept lat="33.93250000" lon="132.82963200">
   </rtept>
   <rtept lat="33.93258700" lon="132.82973600">
   </rtept>
   <rtept lat="33.93265000" lon="132.82989800">
   </rtept>
   <rtept lat="33.93266600" lon="132.83011700">
   </rtept>
   <rtept lat="33.93266600" lon="132.83035400">
   </rtept>
   <rtept lat="33.93266600" lon="132.83047800">
   </rtept>
   <rtept lat="33.93273700" lon="132.83062000">
   </rtept>
   <rtept lat="33.93285500" lon="132.83080100">
   </rtept>
   <rtept lat="33.93292600" lon="132.83099100">
   </rtept>
   <rtept lat="33.93295800" lon="132.83120000">
   </rtept>
   <rtept lat="33.93302900" lon="132.83135200">
   </rtept>
   <rtept lat="33.93312300" lon="132.83156200">
   </rtept>
   <rtept lat="33.93311500" lon="132.83181800">
   </rtept>
   <rtept lat="33.93308400" lon="132.83210400">
   </rtept>
   <rtept lat="33.93300500" lon="132.83218900">
   </rtept>
   <rtept lat="33.93283900" lon="132.83246500">
   </rtept>
   <rtept lat="33.93268200" lon="132.83275000">
   </rtept>
   <rtept lat="33.93250000" lon="132.83288300">
   </rtept>
   <rtept lat="33.93238200" lon="132.83291200">
   </rtept>
   <rtept lat="33.93223200" lon="132.83291200">
   </rtept>
   <rtept lat="33.93214500" lon="132.83296900">
   </rtept>
   <rtept lat="33.93205000" lon="132.83314900">
   </rtept>
   <rtept lat="33.93197900" lon="132.83334900">
   </rtept>
   <rtept lat="33.93184500" lon="132.83343500">
   </rtept>
   <rtept lat="33.93185300" lon="132.83377700">
   </rtept>
   <rtept lat="33.93193200" lon="132.83415700">
   </rtept>
   <rtept lat="33.93213700" lon="132.83466100">
   </rtept>
   <rtept lat="33.93228700" lon="132.83493700">
   </rtept>
   <rtept lat="33.93257900" lon="132.83527900">
   </rtept>
   <rtept lat="33.93286300" lon="132.83564000">
   </rtept>
   <rtept lat="33.93295000" lon="132.83624900">
   </rtept>
   <rtept lat="33.93301300" lon="132.83672400">
   </rtept>
   <rtept lat="33.93307600" lon="132.83702800">
   </rtept>
   <rtept lat="33.93313100" lon="132.83716100">
   </rtept>
   <rtept lat="33.93263400" lon="132.83776600">
   </rtept>
   <rtept lat="33.93217700" lon="132.83827900">
   </rtept>
   <rtept lat="33.93198700" lon="132.83856500">
   </rtept>
   <rtept lat="33.93161700" lon="132.83890700">
   </rtept>
   <rtept lat="33.93141200" lon="132.83907800">
   </rtept>
   <rtept lat="33.93110400" lon="132.83947700">
   </rtept>
   <rtept lat="33.93070900" lon="132.84005700">
   </rtept>
   <rtept lat="33.93048900" lon="132.84039900">
   </rtept>
   <rtept lat="33.93033900" lon="132.84052300">
   </rtept>
   <rtept lat="33.92995200" lon="132.84099800">
   </rtept>
   <rtept lat="33.92991300" lon="132.84145500">
   </rtept>
   <rtept lat="33.92980200" lon="132.84193000">
   </rtept>
   <rtept lat="33.92977900" lon="132.84208200">
   </rtept>
   <rtept lat="33.93003100" lon="132.84236700">
   </rtept>
   <rtept lat="33.93027600" lon="132.84259600">
   </rtept>
   <rtept lat="33.93031500" lon="132.84287100">
   </rtept>
   <rtept lat="33.93051200" lon="132.84317600">
   </rtept>
   <rtept lat="33.93083600" lon="132.84350800">
   </rtept>
   <rtept lat="33.93105700" lon="132.84380300">
   </rtept>
   <rtept lat="33.93106400" lon="132.84432600">
   </rtept>
   <rtept lat="33.93123800" lon="132.84484900">
   </rtept>
   <rtept lat="33.93130100" lon="132.84529600">
   </rtept>
   <rtept lat="33.93153800" lon="132.84551400">
   </rtept>
   <rtept lat="33.93171100" lon="132.84604700">
   </rtept>
   <rtept lat="33.93177400" lon="132.84606600">
   </rtept>
   <rtept lat="33.93210600" lon="132.84620800">
   </rtept>
   <rtept lat="33.93235800" lon="132.84618900">
   </rtept>
   <rtept lat="33.93263400" lon="132.84608500">
   </rtept>
   <rtept lat="33.93285500" lon="132.84596100">
   </rtept>
   <rtept lat="33.93307600" lon="132.84592300">
   </rtept>
   <rtept lat="33.93360400" lon="132.84598000">
   </rtept>
   <rtept lat="33.93386500" lon="132.84601800">
   </rtept>
   <rtept lat="33.93401500" lon="132.84599900">
   </rtept>
   <rtept lat="33.93422000" lon="132.84584700">
   </rtept>
   <rtept lat="33.93440100" lon="132.84574300">
   </rtept>
   <rtept lat="33.93455900" lon="132.84574300">
   </rtept>
   <rtept lat="33.93472400" lon="132.84589500">
   </rtept>
   <rtept lat="33.93489000" lon="132.84598000">
   </rtept>
   <rtept lat="33.93513500" lon="132.84603700">
   </rtept>
   <rtept lat="33.93537900" lon="132.84605600">
   </rtept>
   <rtept lat="33.93575300" lon="132.84597100">
   </rtept>
   <rtept lat="33.93590300" lon="132.84593300">
   </rtept>
   <rtept lat="33.93618700" lon="132.84601800">
   </rtept>
   <rtept lat="33.93636800" lon="132.84618000">
   </rtept>
   <rtept lat="33.93649500" lon="132.84649400">
   </rtept>
   <rtept lat="33.93658100" lon="132.84682300">
   </rtept>
   <rtept lat="33.93659700" lon="132.84710900">
   </rtept>
   <rtept lat="33.93671500" lon="132.84740300">
   </rtept>
   <rtept lat="33.93686500" lon="132.84775500">
   </rtept>
   <rtept lat="33.93707000" lon="132.84800200">
   </rtept>
   <rtept lat="33.93737800" lon="132.84830700">
   </rtept>
   <rtept lat="33.93770100" lon="132.84847800">
   </rtept>
   <rtept lat="33.93789100" lon="132.84862000">
   </rtept>
   <rtept lat="33.93812700" lon="132.84875300">
   </rtept>
   <rtept lat="33.93836400" lon="132.84886800">
   </rtept>
   <rtept lat="33.93852200" lon="132.84899100">
   </rtept>
   <rtept lat="33.93865600" lon="132.84924800">
   </rtept>
   <rtept lat="33.93893200" lon="132.84981800">
   </rtept>
   <rtept lat="33.93922400" lon="132.85026500">
   </rtept>
   <rtept lat="33.93937300" lon="132.85044600">
   </rtept>
   <rtept lat="33.93946800" lon="132.85059800">
   </rtept>
   <rtept lat="33.93951400" lon="132.85075900">
   </rtept>
   <rtept lat="33.93971100" lon="132.85100700">
   </rtept>
   <rtept lat="33.93983700" lon="132.85117800">
   </rtept>
   <rtept lat="33.93997100" lon="132.85117800">
   </rtept>
   <rtept lat="33.94005800" lon="132.85115900">
   </rtept>
   <rtept lat="33.94014500" lon="132.85100700">
   </rtept>
   <rtept lat="33.94031800" lon="132.85076900">
   </rtept>
   <rtept lat="33.94044500" lon="132.85063600">
   </rtept>
   <rtept lat="33.94055500" lon="132.85054100">
   </rtept>
   <rtept lat="33.94063400" lon="132.85054100">
   </rtept>
   <rtept lat="33.94071300" lon="132.85064500">
   </rtept>
   <rtept lat="33.94092600" lon="132.85099700">
   </rtept>
   <rtept lat="33.94099700" lon="132.85108300">
   </rtept>
   <rtept lat="33.94134400" lon="132.85121600">
   </rtept>
   <rtept lat="33.94154100" lon="132.85144400">
   </rtept>
   <rtept lat="33.94167100" lon="132.85159400">
   </rtept>
   <rtept lat="33.94181900" lon="132.85162900">
   </rtept>
   <rtept lat="33.94220400" lon="132.85163500">
   </rtept>
   <rtept lat="33.94240100" lon="132.85173600">
   </rtept>
   <rtept lat="33.94262300" lon="132.85195600">
   </rtept>
   <rtept lat="33.94276600" lon="132.85206900">
   </rtept>
   <rtept lat="33.94287400" lon="132.85212300">
   </rtept>
   <rtept lat="33.94303200" lon="132.85208700">
   </rtept>
   <rtept lat="33.94326900" lon="132.85198000">
   </rtept>
   <rtept lat="33.94352000" lon="132.85192100">
   </rtept>
   <rtept lat="33.94372700" lon="132.85197400">
   </rtept>
   <rtept lat="33.94395900" lon="132.85205700">
   </rtept>
   <rtept lat="33.94406200" lon="132.85215200">
   </rtept>
   <rtept lat="33.94412600" lon="132.85224700">
   </rtept>
   <rtept lat="33.94406700" lon="132.85230700">
   </rtept>
   <rtept lat="33.94347100" lon="132.85227700">
   </rtept>
   <rtept lat="33.94319500" lon="132.85242000">
   </rtept>
   <rtept lat="33.94296300" lon="132.85253900">
   </rtept>
   <rtept lat="33.94280500" lon="132.85255000">
   </rtept>
   <rtept lat="33.94257400" lon="132.85248500">
   </rtept>
   <rtept lat="33.94233200" lon="132.85230100">
   </rtept>
   <rtept lat="33.94221900" lon="132.85221200">
   </rtept>
   <rtept lat="33.94213500" lon="132.85217000">
   </rtept>
   <rtept lat="33.94210500" lon="132.85223500">
   </rtept>
   <rtept lat="33.94214500" lon="132.85234800">
   </rtept>
   <rtept lat="33.94225800" lon="132.85246100">
   </rtept>
   <rtept lat="33.94239600" lon="132.85255000">
   </rtept>
   <rtept lat="33.94249000" lon="132.85272300">
   </rtept>
   <rtept lat="33.94262800" lon="132.85293100">
   </rtept>
   <rtept lat="33.94272100" lon="132.85303800">
   </rtept>
   <rtept lat="33.94309600" lon="132.85293700">
   </rtept>
   <rtept lat="33.94344100" lon="132.85290100">
   </rtept>
   <rtept lat="33.94368300" lon="132.85297800">
   </rtept>
   <rtept lat="33.94399300" lon="132.85309700">
   </rtept>
   <rtept lat="33.94417600" lon="132.85315600">
   </rtept>
   <rtept lat="33.94445900" lon="132.85318600">
   </rtept>
   <rtept lat="33.94466100" lon="132.85316200">
   </rtept>
   <rtept lat="33.94480400" lon="132.85307300">
   </rtept>
   <rtept lat="33.94499600" lon="132.85289500">
   </rtept>
   <rtept lat="33.94507400" lon="132.85281000">
   </rtept>
   <rtept lat="33.94515900" lon="132.85271700">
   </rtept>
   <rtept lat="33.94524200" lon="132.85258600">
   </rtept>
   <rtept lat="33.94527200" lon="132.85244300">
   </rtept>
   <rtept lat="33.94517800" lon="132.85218800">
   </rtept>
 </rte>
 <rte>
  <name>SHIKOKU_EHM_15(北三方ヶ森へのみち)</name>
   <rtept lat="33.94507400" lon="132.85281000">
   </rtept>
   <rtept lat="33.94514800" lon="132.85359100">
   </rtept>
   <rtept lat="33.94530600" lon="132.85380500">
   </rtept>
   <rtept lat="33.94568000" lon="132.85429200">
   </rtept>
   <rtept lat="33.94572000" lon="132.85483800">
   </rtept>
   <rtept lat="33.94552200" lon="132.85569400">
   </rtept>
   <rtept lat="33.94528600" lon="132.85644300">
   </rtept>
   <rtept lat="33.94506900" lon="132.85702500">
   </rtept>
   <rtept lat="33.94547300" lon="132.85748900">
   </rtept>
   <rtept lat="33.94563100" lon="132.85752400">
   </rtept>
   <rtept lat="33.94579900" lon="132.85758400">
   </rtept>
   <rtept lat="33.94600600" lon="132.85775000">
   </rtept>
   <rtept lat="33.94607500" lon="132.85807100">
   </rtept>
   <rtept lat="33.94610400" lon="132.85880800">
   </rtept>
   <rtept lat="33.94604500" lon="132.85943800">
   </rtept>
   <rtept lat="33.94604700" lon="132.86048300">
   </rtept>
   <rtept lat="33.94620500" lon="132.86076300">
   </rtept>
   <rtept lat="33.94630300" lon="132.86110100">
   </rtept>
   <rtept lat="33.94630300" lon="132.86141600">
   </rtept>
   <rtept lat="33.94619500" lon="132.86170700">
   </rtept>
   <rtept lat="33.94608200" lon="132.86176100">
   </rtept>
   <rtept lat="33.94595800" lon="132.86174900">
   </rtept>
   <rtept lat="33.94592400" lon="132.86182600">
   </rtept>
   <rtept lat="33.94609100" lon="132.86194500">
   </rtept>
   <rtept lat="33.94624400" lon="132.86191500">
   </rtept>
   <rtept lat="33.94639700" lon="132.86166600">
   </rtept>
   <rtept lat="33.94656000" lon="132.86131500">
   </rtept>
   <rtept lat="33.94666800" lon="132.86117900">
   </rtept>
   <rtept lat="33.94678600" lon="132.86116700">
   </rtept>
   <rtept lat="33.94685500" lon="132.86126800">
   </rtept>
   <rtept lat="33.94685500" lon="132.86154100">
   </rtept>
   <rtept lat="33.94675700" lon="132.86184400">
   </rtept>
   <rtept lat="33.94666300" lon="132.86204600">
   </rtept>
   <rtept lat="33.94656000" lon="132.86223000">
   </rtept>
   <rtept lat="33.94650100" lon="132.86236100">
   </rtept>
   <rtept lat="33.94653000" lon="132.86255100">
   </rtept>
   <rtept lat="33.94657400" lon="132.86277700">
   </rtept>
   <rtept lat="33.94679600" lon="132.86318100">
   </rtept>
   <rtept lat="33.94699300" lon="132.86344200">
   </rtept>
   <rtept lat="33.94736300" lon="132.86324600">
   </rtept>
   <rtept lat="33.94765400" lon="132.86315700">
   </rtept>
   <rtept lat="33.94798900" lon="132.86328800">
   </rtept>
   <rtept lat="33.94828000" lon="132.86350800">
   </rtept>
   <rtept lat="33.94859100" lon="132.86394200">
   </rtept>
   <rtept lat="33.94894600" lon="132.86429200">
   </rtept>
   <rtept lat="33.94931200" lon="132.86465500">
   </rtept>
   <rtept lat="33.94994500" lon="132.86516900">
   </rtept>
   <rtept lat="33.95044800" lon="132.86586000">
   </rtept>
   <rtept lat="33.95063700" lon="132.86621700">
   </rtept>
   <rtept lat="33.95073800" lon="132.86659500">
   </rtept>
   <rtept lat="33.95076200" lon="132.86690100">
   </rtept>
   <rtept lat="33.95086800" lon="132.86700800">
   </rtept>
   <rtept lat="33.95093900" lon="132.86696600">
   </rtept>
   <rtept lat="33.95094500" lon="132.86649500">
   </rtept>
   <rtept lat="33.95093300" lon="132.86602400">
   </rtept>
   <rtept lat="33.95095100" lon="132.86580300">
   </rtept>
   <rtept lat="33.95101600" lon="132.86566100">
   </rtept>
   <rtept lat="33.95111000" lon="132.86557500">
   </rtept>
   <rtept lat="33.95129400" lon="132.86570300">
   </rtept>
   <rtept lat="33.95147100" lon="132.86599600">
   </rtept>
   <rtept lat="33.95181400" lon="132.86623800">
   </rtept>
   <rtept lat="33.95191500" lon="132.86643800">
   </rtept>
   <rtept lat="33.95207500" lon="132.86661600">
   </rtept>
   <rtept lat="33.95220900" lon="132.86659500">
   </rtept>
   <rtept lat="33.95244000" lon="132.86647400">
   </rtept>
   <rtept lat="33.95268900" lon="132.86635900">
   </rtept>
   <rtept lat="33.95284800" lon="132.86631700">
   </rtept>
   <rtept lat="33.95296100" lon="132.86632400">
   </rtept>
   <rtept lat="33.95307300" lon="132.86642400">
   </rtept>
   <rtept lat="33.95317900" lon="132.86658800">
   </rtept>
   <rtept lat="33.95339800" lon="132.86666600">
   </rtept>
   <rtept lat="33.95354000" lon="132.86677300">
   </rtept>
   <rtept lat="33.95366400" lon="132.86678000">
   </rtept>
   <rtept lat="33.95375900" lon="132.86665200">
   </rtept>
   <rtept lat="33.95373000" lon="132.86650900">
   </rtept>
   <rtept lat="33.95375900" lon="132.86621000">
   </rtept>
   <rtept lat="33.95389500" lon="132.86578900">
   </rtept>
   <rtept lat="33.95396000" lon="132.86554700">
   </rtept>
   <rtept lat="33.95396000" lon="132.86531100">
   </rtept>
   <rtept lat="33.95387700" lon="132.86507600">
   </rtept>
   <rtept lat="33.95386600" lon="132.86489800">
   </rtept>
   <rtept lat="33.95394800" lon="132.86482600">
   </rtept>
   <rtept lat="33.95402500" lon="132.86481900">
   </rtept>
   <rtept lat="33.95412600" lon="132.86505500">
   </rtept>
   <rtept lat="33.95414900" lon="132.86556100">
   </rtept>
   <rtept lat="33.95393700" lon="132.86647400">
   </rtept>
   <rtept lat="33.95399600" lon="132.86670200">
   </rtept>
   <rtept lat="33.95407800" lon="132.86685100">
   </rtept>
   <rtept lat="33.95409600" lon="132.86723700">
   </rtept>
   <rtept lat="33.95414900" lon="132.86747200">
   </rtept>
   <rtept lat="33.95414900" lon="132.86765000">
   </rtept>
   <rtept lat="33.95406100" lon="132.86771400">
   </rtept>
   <rtept lat="33.95390100" lon="132.86757900">
   </rtept>
   <rtept lat="33.95365900" lon="132.86735800">
   </rtept>
   <rtept lat="33.95351700" lon="132.86722200">
   </rtept>
   <rtept lat="33.95336300" lon="132.86713700">
   </rtept>
   <rtept lat="33.95323300" lon="132.86713700">
   </rtept>
   <rtept lat="33.95313200" lon="132.86713700">
   </rtept>
   <rtept lat="33.95306100" lon="132.86726500">
   </rtept>
   <rtept lat="33.95301400" lon="132.86732900">
   </rtept>
   <rtept lat="33.95281300" lon="132.86735800">
   </rtept>
   <rtept lat="33.95234600" lon="132.86750700">
   </rtept>
   <rtept lat="33.95202600" lon="132.86767100">
   </rtept>
   <rtept lat="33.95183700" lon="132.86787800">
   </rtept>
   <rtept lat="33.95161200" lon="132.86817100">
   </rtept>
   <rtept lat="33.95157100" lon="132.86825600">
   </rtept>
   <rtept lat="33.95126300" lon="132.86857000">
   </rtept>
   <rtept lat="33.95097700" lon="132.86887900">
   </rtept>
   <rtept lat="33.95076400" lon="132.86907200">
   </rtept>
   <rtept lat="33.95058600" lon="132.86922200">
   </rtept>
   <rtept lat="33.95038500" lon="132.86932100">
   </rtept>
   <rtept lat="33.95028500" lon="132.86938600">
   </rtept>
   <rtept lat="33.95011900" lon="132.86960000">
   </rtept>
   <rtept lat="33.94983500" lon="132.87002700">
   </rtept>
   <rtept lat="33.94964600" lon="132.87030500">
   </rtept>
   <rtept lat="33.94951000" lon="132.87048400">
   </rtept>
   <rtept lat="33.94942700" lon="132.87068300">
   </rtept>
   <rtept lat="33.94933300" lon="132.87084000">
   </rtept>
   <rtept lat="33.94918500" lon="132.87101800">
   </rtept>
   <rtept lat="33.94899500" lon="132.87110400">
   </rtept>
   <rtept lat="33.94870000" lon="132.87118200">
   </rtept>
   <rtept lat="33.94848100" lon="132.87127500">
   </rtept>
   <rtept lat="33.94826800" lon="132.87143900">
   </rtept>
   <rtept lat="33.94782100" lon="132.87188800">
   </rtept>
   <rtept lat="33.94759600" lon="132.87207400">
   </rtept>
   <rtept lat="33.94748700" lon="132.87217700">
   </rtept>
   <rtept lat="33.94748700" lon="132.87223900">
   </rtept>
   <rtept lat="33.94746400" lon="132.87228200">
   </rtept>
   <rtept lat="33.94740100" lon="132.87231500">
   </rtept>
   <rtept lat="33.94736100" lon="132.87228600">
   </rtept>
   <rtept lat="33.94731400" lon="132.87227200">
   </rtept>
   <rtept lat="33.94727400" lon="132.87227200">
   </rtept>
   <rtept lat="33.94721900" lon="132.87228200">
   </rtept>
   <rtept lat="33.94714400" lon="132.87241000">
   </rtept>
   <rtept lat="33.94722300" lon="132.87254300">
   </rtept>
   <rtept lat="33.94736100" lon="132.87261000">
   </rtept>
   <rtept lat="33.94747200" lon="132.87281400">
   </rtept>
   <rtept lat="33.94774000" lon="132.87292300">
   </rtept>
   <rtept lat="33.94782300" lon="132.87291400">
   </rtept>
   <rtept lat="33.94789400" lon="132.87289900">
   </rtept>
   <rtept lat="33.94803200" lon="132.87292800">
   </rtept>
   <rtept lat="33.94813400" lon="132.87301400">
   </rtept>
   <rtept lat="33.94820900" lon="132.87323700">
   </rtept>
   <rtept lat="33.94825200" lon="132.87344100">
   </rtept>
   <rtept lat="33.94820900" lon="132.87381200">
   </rtept>
   <rtept lat="33.94818500" lon="132.87406200">
   </rtept>
   <rtept lat="33.94824500" lon="132.87426700">
   </rtept>
   <rtept lat="33.94831200" lon="132.87434300">
   </rtept>
   <rtept lat="33.94833900" lon="132.87438100">
   </rtept>
   <rtept lat="33.94835100" lon="132.87444700">
   </rtept>
   <rtept lat="33.94827200" lon="132.87471300">
   </rtept>
   <rtept lat="33.94829200" lon="132.87484700">
   </rtept>
   <rtept lat="33.94832700" lon="132.87506000">
   </rtept>
   <rtept lat="33.94828000" lon="132.87525100">
   </rtept>
   <rtept lat="33.94828400" lon="132.87536000">
   </rtept>
   <rtept lat="33.94832700" lon="132.87548800">
   </rtept>
   <rtept lat="33.94840200" lon="132.87557900">
   </rtept>
   <rtept lat="33.94844600" lon="132.87570700">
   </rtept>
   <rtept lat="33.94853600" lon="132.87585900">
   </rtept>
   <rtept lat="33.94871400" lon="132.87609200">
   </rtept>
   <rtept lat="33.94874900" lon="132.87614400">
   </rtept>
   <rtept lat="33.94877700" lon="132.87627700">
   </rtept>
   <rtept lat="33.94876100" lon="132.87643400">
   </rtept>
   <rtept lat="33.94870600" lon="132.87653400">
   </rtept>
   <rtept lat="33.94870200" lon="132.87664300">
   </rtept>
   <rtept lat="33.94868200" lon="132.87704300">
   </rtept>
   <rtept lat="33.94866300" lon="132.87717100">
   </rtept>
   <rtept lat="33.94861900" lon="132.87733300">
   </rtept>
   <rtept lat="33.94861100" lon="132.87744700">
   </rtept>
   <rtept lat="33.94866300" lon="132.87759900">
   </rtept>
   <rtept lat="33.94876500" lon="132.87771800">
   </rtept>
   <rtept lat="33.94880400" lon="132.87783200">
   </rtept>
   <rtept lat="33.94878100" lon="132.87793000">
   </rtept>
   <rtept lat="33.94869000" lon="132.87804000">
   </rtept>
   <rtept lat="33.94852100" lon="132.87831000">
   </rtept>
   <rtept lat="33.94844600" lon="132.87844400">
   </rtept>
   <rtept lat="33.94843000" lon="132.87854800">
   </rtept>
   <rtept lat="33.94835900" lon="132.87863400">
   </rtept>
   <rtept lat="33.94839000" lon="132.87886200">
   </rtept>
   <rtept lat="33.94839400" lon="132.87896200">
   </rtept>
   <rtept lat="33.94832300" lon="132.87914200">
   </rtept>
   <rtept lat="33.94826800" lon="132.87930400">
   </rtept>
   <rtept lat="33.94824100" lon="132.87943200">
   </rtept>
   <rtept lat="33.94822500" lon="132.87959900">
   </rtept>
   <rtept lat="33.94827600" lon="132.87977500">
   </rtept>
   <rtept lat="33.94835500" lon="132.87988900">
   </rtept>
   <rtept lat="33.94840600" lon="132.88004100">
   </rtept>
   <rtept lat="33.94852800" lon="132.88015500">
   </rtept>
   <rtept lat="33.94860300" lon="132.88018800">
   </rtept>
   <rtept lat="33.94877700" lon="132.88019800">
   </rtept>
   <rtept lat="33.94886000" lon="132.88019800">
   </rtept>
   <rtept lat="33.94895400" lon="132.88030700">
   </rtept>
   <rtept lat="33.94901400" lon="132.88044000">
   </rtept>
   <rtept lat="33.94901700" lon="132.88061600">
   </rtept>
   <rtept lat="33.94907300" lon="132.88076300">
   </rtept>
   <rtept lat="33.94921100" lon="132.88085400">
   </rtept>
   <rtept lat="33.94934900" lon="132.88103000">
   </rtept>
   <rtept lat="33.94947900" lon="132.88119100">
   </rtept>
   <rtept lat="33.94960100" lon="132.88130100">
   </rtept>
   <rtept lat="33.94974700" lon="132.88139600">
   </rtept>
   <rtept lat="33.94979500" lon="132.88143100">
   </rtept>
   <rtept lat="33.94981200" lon="132.88150300">
   </rtept>
   <rtept lat="33.94979500" lon="132.88172400">
   </rtept>
   <rtept lat="33.94981800" lon="132.88179500">
   </rtept>
   <rtept lat="33.94990700" lon="132.88173100">
   </rtept>
   <rtept lat="33.95007300" lon="132.88178800">
   </rtept>
   <rtept lat="33.95010800" lon="132.88198700">
   </rtept>
   <rtept lat="33.95017900" lon="132.88235100">
   </rtept>
   <rtept lat="33.95018500" lon="132.88252200">
   </rtept>
   <rtept lat="33.95023800" lon="132.88270000">
   </rtept>
   <rtept lat="33.95043300" lon="132.88307100">
   </rtept>
   <rtept lat="33.95049900" lon="132.88318500">
   </rtept>
   <rtept lat="33.95058700" lon="132.88339200">
   </rtept>
   <rtept lat="33.95064000" lon="132.88364900">
   </rtept>
   <rtept lat="33.95081800" lon="132.88404100">
   </rtept>
   <rtept lat="33.95091800" lon="132.88429800">
   </rtept>
   <rtept lat="33.95116700" lon="132.88444000">
   </rtept>
   <rtept lat="33.95137400" lon="132.88460400">
   </rtept>
   <rtept lat="33.95145700" lon="132.88471800">
   </rtept>
   <rtept lat="33.95145700" lon="132.88481100">
   </rtept>
   <rtept lat="33.95146900" lon="132.88493200">
   </rtept>
   <rtept lat="33.95141500" lon="132.88518200">
   </rtept>
   <rtept lat="33.95136800" lon="132.88529600">
   </rtept>
   <rtept lat="33.95123800" lon="132.88549600">
   </rtept>
   <rtept lat="33.95113100" lon="132.88576600">
   </rtept>
   <rtept lat="33.95094800" lon="132.88609500">
   </rtept>
   <rtept lat="33.95091300" lon="132.88628000">
   </rtept>
   <rtept lat="33.95092400" lon="132.88665800">
   </rtept>
   <rtept lat="33.95087100" lon="132.88708600">
   </rtept>
   <rtept lat="33.95084200" lon="132.88725000">
   </rtept>
   <rtept lat="33.95079400" lon="132.88734900">
   </rtept>
   <rtept lat="33.95084200" lon="132.88758300">
   </rtept>
   <rtept lat="33.95081200" lon="132.88771800">
   </rtept>
   <rtept lat="33.95071700" lon="132.88801800">
   </rtept>
   <rtept lat="33.95055200" lon="132.88824600">
   </rtept>
   <rtept lat="33.95041600" lon="132.88843800">
   </rtept>
   <rtept lat="33.95036800" lon="132.88856700">
   </rtept>
   <rtept lat="33.95035100" lon="132.88862400">
   </rtept>
   <rtept lat="33.95031500" lon="132.88869500">
   </rtept>
   <rtept lat="33.95031500" lon="132.88904400">
   </rtept>
   <rtept lat="33.95035700" lon="132.88926500">
   </rtept>
   <rtept lat="33.95043300" lon="132.88936500">
   </rtept>
   <rtept lat="33.95054600" lon="132.88955100">
   </rtept>
   <rtept lat="33.95046300" lon="132.88992900">
   </rtept>
   <rtept lat="33.95038000" lon="132.89019200">
   </rtept>
   <rtept lat="33.95029200" lon="132.89049900">
   </rtept>
   <rtept lat="33.95021500" lon="132.89069100">
   </rtept>
   <rtept lat="33.95009000" lon="132.89090500">
   </rtept>
   <rtept lat="33.95001900" lon="132.89109800">
   </rtept>
   <rtept lat="33.94990700" lon="132.89126200">
   </rtept>
   <rtept lat="33.94980600" lon="132.89139000">
   </rtept>
   <rtept lat="33.94972400" lon="132.89154000">
   </rtept>
   <rtept lat="33.94964100" lon="132.89159000">
   </rtept>
   <rtept lat="33.94944600" lon="132.89172500">
   </rtept>
   <rtept lat="33.94935100" lon="132.89179700">
   </rtept>
   <rtept lat="33.94921500" lon="132.89201100">
   </rtept>
   <rtept lat="33.94904900" lon="132.89231700">
   </rtept>
   <rtept lat="33.94887200" lon="132.89261700">
   </rtept>
   <rtept lat="33.94880100" lon="132.89283800">
   </rtept>
   <rtept lat="33.94868300" lon="132.89302300">
   </rtept>
   <rtept lat="33.94855300" lon="132.89310900">
   </rtept>
   <rtept lat="33.94844600" lon="132.89315100">
   </rtept>
   <rtept lat="33.94832800" lon="132.89327300">
   </rtept>
   <rtept lat="33.94827500" lon="132.89347200">
   </rtept>
   <rtept lat="33.94826900" lon="132.89352900">
   </rtept>
   <rtept lat="33.94820000" lon="132.89361600">
   </rtept>
   <rtept lat="33.94804000" lon="132.89375800">
   </rtept>
   <rtept lat="33.94785700" lon="132.89396500">
   </rtept>
   <rtept lat="33.94776800" lon="132.89410800">
   </rtept>
   <rtept lat="33.94775000" lon="132.89428600">
   </rtept>
   <rtept lat="33.94779800" lon="132.89440700">
   </rtept>
   <rtept lat="33.94777400" lon="132.89462100">
   </rtept>
   <rtept lat="33.94765000" lon="132.89477100">
   </rtept>
   <rtept lat="33.94760800" lon="132.89495600">
   </rtept>
   <rtept lat="33.94760800" lon="132.89509200">
   </rtept>
   <rtept lat="33.94733600" lon="132.89532000">
   </rtept>
   <rtept lat="33.94705800" lon="132.89548400">
   </rtept>
   <rtept lat="33.94689300" lon="132.89551900">
   </rtept>
   <rtept lat="33.94681000" lon="132.89557600">
   </rtept>
   <rtept lat="33.94662900" lon="132.89615200">
   </rtept>
   <rtept lat="33.94660500" lon="132.89656500">
   </rtept>
   <rtept lat="33.94658800" lon="132.89685100">
   </rtept>
   <rtept lat="33.94651700" lon="132.89703600">
   </rtept>
   <rtept lat="33.94646900" lon="132.89724300">
   </rtept>
   <rtept lat="33.94649300" lon="132.89739300">
   </rtept>
   <rtept lat="33.94656400" lon="132.89757100">
   </rtept>
   <rtept lat="33.94663500" lon="132.89775600">
   </rtept>
   <rtept lat="33.94667600" lon="132.89796300">
   </rtept>
   <rtept lat="33.94666400" lon="132.89815600">
   </rtept>
   <rtept lat="33.94665900" lon="132.89836200">
   </rtept>
   <rtept lat="33.94664700" lon="132.89851900">
   </rtept>
   <rtept lat="33.94655800" lon="132.89864800">
   </rtept>
   <rtept lat="33.94645200" lon="132.89876200">
   </rtept>
   <rtept lat="33.94620300" lon="132.89936800">
   </rtept>
   <rtept lat="33.94596100" lon="132.89971700">
   </rtept>
   <rtept lat="33.94585400" lon="132.89990300">
   </rtept>
   <rtept lat="33.94584800" lon="132.90034500">
   </rtept>
   <rtept lat="33.94580100" lon="132.90068000">
   </rtept>
   <rtept lat="33.94574200" lon="132.90082900">
   </rtept>
   <rtept lat="33.94572400" lon="132.90100800">
   </rtept>
   <rtept lat="33.94565300" lon="132.90115000">
   </rtept>
   <rtept lat="33.94555800" lon="132.90125000">
   </rtept>
   <rtept lat="33.94549900" lon="132.90140000">
   </rtept>
   <rtept lat="33.94548700" lon="132.90153500">
   </rtept>
   <rtept lat="33.94541600" lon="132.90162100">
   </rtept>
   <rtept lat="33.94526800" lon="132.90174200">
   </rtept>
   <rtept lat="33.94493700" lon="132.90204200">
   </rtept>
   <rtept lat="33.94478900" lon="132.90226300">
   </rtept>
   <rtept lat="33.94462400" lon="132.90242000">
   </rtept>
   <rtept lat="33.94442900" lon="132.90260800">
   </rtept>
   <rtept lat="33.94426300" lon="132.90268600">
   </rtept>
   <rtept lat="33.94404400" lon="132.90270800">
   </rtept>
   <rtept lat="33.94393200" lon="132.90268600">
   </rtept>
   <rtept lat="33.94383100" lon="132.90270000">
   </rtept>
   <rtept lat="33.94376600" lon="132.90274300">
   </rtept>
   <rtept lat="33.94372500" lon="132.90282900">
   </rtept>
   <rtept lat="33.94366000" lon="132.90300000">
   </rtept>
   <rtept lat="33.94357100" lon="132.90321400">
   </rtept>
   <rtept lat="33.94343500" lon="132.90342100">
   </rtept>
   <rtept lat="33.94331100" lon="132.90357800">
   </rtept>
   <rtept lat="33.94318600" lon="132.90362000">
   </rtept>
   <rtept lat="33.94310400" lon="132.90374900">
   </rtept>
   <rtept lat="33.94300300" lon="132.90395500">
   </rtept>
   <rtept lat="33.94295600" lon="132.90406200">
   </rtept>
   <rtept lat="33.94291400" lon="132.90410500">
   </rtept>
   <rtept lat="33.94281400" lon="132.90411900">
   </rtept>
   <rtept lat="33.94270700" lon="132.90423400">
   </rtept>
   <rtept lat="33.94266600" lon="132.90429100">
   </rtept>
   <rtept lat="33.94270100" lon="132.90454000">
   </rtept>
   <rtept lat="33.94263000" lon="132.90473300">
   </rtept>
   <rtept lat="33.94254700" lon="132.90490400">
   </rtept>
   <rtept lat="33.94237600" lon="132.90513900">
   </rtept>
   <rtept lat="33.94239400" lon="132.90534600">
   </rtept>
   <rtept lat="33.94233500" lon="132.90554500">
   </rtept>
   <rtept lat="33.94226900" lon="132.90568800">
   </rtept>
   <rtept lat="33.94222200" lon="132.90580200">
   </rtept>
   <rtept lat="33.94206400" lon="132.90594900">
   </rtept>
   <rtept lat="33.94185700" lon="132.90627700">
   </rtept>
   <rtept lat="33.94172600" lon="132.90649800">
   </rtept>
   <rtept lat="33.94141900" lon="132.90656900">
   </rtept>
   <rtept lat="33.94100500" lon="132.90668400">
   </rtept>
   <rtept lat="33.94093400" lon="132.90678300">
   </rtept>
   <rtept lat="33.94091000" lon="132.90691200">
   </rtept>
   <rtept lat="33.94097500" lon="132.90711100">
   </rtept>
   <rtept lat="33.94099900" lon="132.90734700">
   </rtept>
   <rtept lat="33.94109900" lon="132.90766000">
   </rtept>
   <rtept lat="33.94101700" lon="132.90785300">
   </rtept>
   <rtept lat="33.94083900" lon="132.90822400">
   </rtept>
   <rtept lat="33.94072700" lon="132.90831600">
   </rtept>
   <rtept lat="33.94053100" lon="132.90864400">
   </rtept>
   <rtept lat="33.94025900" lon="132.90926500">
   </rtept>
   <rtept lat="33.94017100" lon="132.90945700">
   </rtept>
   <rtept lat="33.94013500" lon="132.90959300">
   </rtept>
   <rtept lat="33.93994000" lon="132.90985700">
   </rtept>
   <rtept lat="33.93970300" lon="132.91004200">
   </rtept>
   <rtept lat="33.93940200" lon="132.91019200">
   </rtept>
   <rtept lat="33.93897600" lon="132.91037000">
   </rtept>
   <rtept lat="33.93876600" lon="132.91039800">
   </rtept>
   <rtept lat="33.93854100" lon="132.91038400">
   </rtept>
   <rtept lat="33.93834000" lon="132.91044800">
   </rtept>
   <rtept lat="33.93814500" lon="132.91045500">
   </rtept>
   <rtept lat="33.93801500" lon="132.91056200">
   </rtept>
   <rtept lat="33.93796800" lon="132.91081900">
   </rtept>
   <rtept lat="33.93793800" lon="132.91115400">
   </rtept>
   <rtept lat="33.93801500" lon="132.91146800">
   </rtept>
   <rtept lat="33.93818100" lon="132.91197400">
   </rtept>
   <rtept lat="33.93826300" lon="132.91215300">
   </rtept>
   <rtept lat="33.93859500" lon="132.91251600">
   </rtept>
   <rtept lat="33.93891400" lon="132.91280900">
   </rtept>
   <rtept lat="33.93895600" lon="132.91320600">
   </rtept>
   <rtept lat="33.93899700" lon="132.91339100">
   </rtept>
   <rtept lat="33.93909800" lon="132.91361200">
   </rtept>
   <rtept lat="33.93924500" lon="132.91377600">
   </rtept>
   <rtept lat="33.93929900" lon="132.91386900">
   </rtept>
   <rtept lat="33.93926300" lon="132.91407600">
   </rtept>
   <rtept lat="33.93921000" lon="132.91426100">
   </rtept>
   <rtept lat="33.93916900" lon="132.91435400">
   </rtept>
   <rtept lat="33.93893200" lon="132.91434700">
   </rtept>
   <rtept lat="33.93882000" lon="132.91432500">
   </rtept>
   <rtept lat="33.93871300" lon="132.91424700">
   </rtept>
   <rtept lat="33.93859500" lon="132.91418300">
   </rtept>
   <rtept lat="33.93844700" lon="132.91413300">
   </rtept>
   <rtept lat="33.93835200" lon="132.91429000">
   </rtept>
   <rtept lat="33.93828100" lon="132.91438200">
   </rtept>
   <rtept lat="33.93815100" lon="132.91443900">
   </rtept>
   <rtept lat="33.93799700" lon="132.91451100">
   </rtept>
   <rtept lat="33.93801500" lon="132.91469600">
   </rtept>
   <rtept lat="33.93802100" lon="132.91483100">
   </rtept>
   <rtept lat="33.93796800" lon="132.91500300">
   </rtept>
   <rtept lat="33.93779000" lon="132.91525200">
   </rtept>
   <rtept lat="33.93764800" lon="132.91555900">
   </rtept>
   <rtept lat="33.93753000" lon="132.91575800">
   </rtept>
   <rtept lat="33.93735200" lon="132.91604400">
   </rtept>
   <rtept lat="33.93727000" lon="132.91615100">
   </rtept>
   <rtept lat="33.93716300" lon="132.91624300">
   </rtept>
   <rtept lat="33.93709800" lon="132.91641400">
   </rtept>
   <rtept lat="33.93715700" lon="132.91660700">
   </rtept>
   <rtept lat="33.93725800" lon="132.91673500">
   </rtept>
   <rtept lat="33.93726400" lon="132.91688500">
   </rtept>
   <rtept lat="33.93738200" lon="132.91680700">
   </rtept>
   <rtept lat="33.93757100" lon="132.91668500">
   </rtept>
   <rtept lat="33.93775500" lon="132.91663500">
   </rtept>
   <rtept lat="33.93795000" lon="132.91660700">
   </rtept>
   <rtept lat="33.93812700" lon="132.91665700">
   </rtept>
   <rtept lat="33.93822800" lon="132.91670000">
   </rtept>
   <rtept lat="33.93838800" lon="132.91664300">
   </rtept>
   <rtept lat="33.93853600" lon="132.91663500">
   </rtept>
   <rtept lat="33.93877800" lon="132.91672100">
   </rtept>
   <rtept lat="33.93890800" lon="132.91682800">
   </rtept>
   <rtept lat="33.93918600" lon="132.91703500">
   </rtept>
   <rtept lat="33.93947600" lon="132.91723400">
   </rtept>
   <rtept lat="33.93969500" lon="132.91729900">
   </rtept>
   <rtept lat="33.93986700" lon="132.91747700">
   </rtept>
   <rtept lat="33.93997300" lon="132.91770500">
   </rtept>
   <rtept lat="33.93998500" lon="132.91786200">
   </rtept>
   <rtept lat="33.94000900" lon="132.91802600">
   </rtept>
   <rtept lat="33.94009700" lon="132.91806900">
   </rtept>
   <rtept lat="33.94033400" lon="132.91806900">
   </rtept>
   <rtept lat="33.94052000" lon="132.91808300">
   </rtept>
   <rtept lat="33.94078000" lon="132.91818300">
   </rtept>
   <rtept lat="33.94092800" lon="132.91829700">
   </rtept>
   <rtept lat="33.94104000" lon="132.91853200">
   </rtept>
   <rtept lat="33.94112900" lon="132.91873900">
   </rtept>
   <rtept lat="33.94125300" lon="132.91908100">
   </rtept>
   <rtept lat="33.94139500" lon="132.91930900">
   </rtept>
   <rtept lat="33.94151300" lon="132.91948800">
   </rtept>
   <rtept lat="33.94174400" lon="132.91973000">
   </rtept>
   <rtept lat="33.94210500" lon="132.91997000">
   </rtept>
   <rtept lat="33.94228200" lon="132.92002700">
   </rtept>
   <rtept lat="33.94235300" lon="132.92013400">
   </rtept>
   <rtept lat="33.94248400" lon="132.92034700">
   </rtept>
   <rtept lat="33.94262000" lon="132.92047600">
   </rtept>
   <rtept lat="33.94275000" lon="132.92059000">
   </rtept>
   <rtept lat="33.94285000" lon="132.92064000">
   </rtept>
   <rtept lat="33.94292700" lon="132.92093200">
   </rtept>
   <rtept lat="33.94297500" lon="132.92115300">
   </rtept>
   <rtept lat="33.94305700" lon="132.92136000">
   </rtept>
   <rtept lat="33.94312200" lon="132.92144600">
   </rtept>
   <rtept lat="33.94321000" lon="132.92147400">
   </rtept>
   <rtept lat="33.94331600" lon="132.92140300">
   </rtept>
   <rtept lat="33.94344700" lon="132.92133100">
   </rtept>
   <rtept lat="33.94363600" lon="132.92146000">
   </rtept>
   <rtept lat="33.94379000" lon="132.92163800">
   </rtept>
   <rtept lat="33.94388400" lon="132.92170900">
   </rtept>
   <rtept lat="33.94406200" lon="132.92175200">
   </rtept>
   <rtept lat="33.94416800" lon="132.92183100">
   </rtept>
   <rtept lat="33.94423300" lon="132.92195900">
   </rtept>
   <rtept lat="33.94423900" lon="132.92215100">
   </rtept>
   <rtept lat="33.94418600" lon="132.92233000">
   </rtept>
   <rtept lat="33.94416800" lon="132.92242200">
   </rtept>
   <rtept lat="33.94427500" lon="132.92257200">
   </rtept>
 </rte>
 <rte>
  <name>SHIKOKU_EHM_16(楢原山へのみち)</name>
   <rtept lat="33.94427500" lon="132.92257200">
   </rtept>
   <rtept lat="33.94429600" lon="132.92276400">
   </rtept>
   <rtept lat="33.94431900" lon="132.92304900">
   </rtept>
   <rtept lat="33.94441400" lon="132.92321100">
   </rtept>
   <rtept lat="33.94453200" lon="132.92330600">
   </rtept>
   <rtept lat="33.94473700" lon="132.92333500">
   </rtept>
   <rtept lat="33.94486400" lon="132.92331600">
   </rtept>
   <rtept lat="33.94495800" lon="132.92328700">
   </rtept>
   <rtept lat="33.94524200" lon="132.92343900">
   </rtept>
   <rtept lat="33.94530500" lon="132.92361000">
   </rtept>
   <rtept lat="33.94526600" lon="132.92381000">
   </rtept>
   <rtept lat="33.94514800" lon="132.92403800">
   </rtept>
   <rtept lat="33.94502900" lon="132.92411400">
   </rtept>
   <rtept lat="33.94487200" lon="132.92413300">
   </rtept>
   <rtept lat="33.94465100" lon="132.92423800">
   </rtept>
   <rtept lat="33.94454000" lon="132.92427600">
   </rtept>
   <rtept lat="33.94441400" lon="132.92430400">
   </rtept>
   <rtept lat="33.94422200" lon="132.92439400">
   </rtept>
   <rtept lat="33.94401000" lon="132.92437300">
   </rtept>
   <rtept lat="33.94363900" lon="132.92468700">
   </rtept>
   <rtept lat="33.94353700" lon="132.92513300">
   </rtept>
   <rtept lat="33.94333100" lon="132.92517100">
   </rtept>
   <rtept lat="33.94331600" lon="132.92549500">
   </rtept>
   <rtept lat="33.94322100" lon="132.92582700">
   </rtept>
   <rtept lat="33.94311100" lon="132.92624600">
   </rtept>
   <rtept lat="33.94311800" lon="132.92666400">
   </rtept>
   <rtept lat="33.94300800" lon="132.92697800">
   </rtept>
   <rtept lat="33.94299200" lon="132.92726300">
   </rtept>
   <rtept lat="33.94289800" lon="132.92771900">
   </rtept>
   <rtept lat="33.94289000" lon="132.92799500">
   </rtept>
   <rtept lat="33.94296100" lon="132.92822300">
   </rtept>
   <rtept lat="33.94290600" lon="132.92859400">
   </rtept>
   <rtept lat="33.94293700" lon="132.92892700">
   </rtept>
   <rtept lat="33.94289000" lon="132.92915500">
   </rtept>
   <rtept lat="33.94278700" lon="132.92947800">
   </rtept>
   <rtept lat="33.94268500" lon="132.92974400">
   </rtept>
   <rtept lat="33.94251900" lon="132.92997300">
   </rtept>
   <rtept lat="33.94231400" lon="132.93028600">
   </rtept>
   <rtept lat="33.94216400" lon="132.93107500">
   </rtept>
   <rtept lat="33.94207000" lon="132.93145600">
   </rtept>
   <rtept lat="33.94184900" lon="132.93184500">
   </rtept>
   <rtept lat="33.94166700" lon="132.93229200">
   </rtept>
   <rtept lat="33.94151000" lon="132.93273900">
   </rtept>
   <rtept lat="33.94172200" lon="132.93329100">
   </rtept>
   <rtept lat="33.94190400" lon="132.93380400">
   </rtept>
   <rtept lat="33.94207700" lon="132.93424100">
   </rtept>
   <rtept lat="33.94215600" lon="132.93491200">
   </rtept>
   <rtept lat="33.94234600" lon="132.93571000">
   </rtept>
   <rtept lat="33.94259800" lon="132.93630000">
   </rtept>
   <rtept lat="33.94274800" lon="132.93659400">
   </rtept>
   <rtept lat="33.94283500" lon="132.93695600">
   </rtept>
   <rtept lat="33.94288200" lon="132.93745000">
   </rtept>
   <rtept lat="33.94295300" lon="132.93789700">
   </rtept>
   <rtept lat="33.94304800" lon="132.93817300">
   </rtept>
   <rtept lat="33.94338700" lon="132.93860000">
   </rtept>
   <rtept lat="33.94369400" lon="132.93876200">
   </rtept>
   <rtept lat="33.94383600" lon="132.93880000">
   </rtept>
   <rtept lat="33.94398600" lon="132.93870500">
   </rtept>
   <rtept lat="33.94410400" lon="132.93866700">
   </rtept>
   <rtept lat="33.94421500" lon="132.93873300">
   </rtept>
   <rtept lat="33.94423100" lon="132.93890500">
   </rtept>
   <rtept lat="33.94436500" lon="132.93909500">
   </rtept>
   <rtept lat="33.94445100" lon="132.93923700">
   </rtept>
   <rtept lat="33.94459300" lon="132.93953200">
   </rtept>
   <rtept lat="33.94478300" lon="132.93970300">
   </rtept>
   <rtept lat="33.94501900" lon="132.93988400">
   </rtept>
   <rtept lat="33.94516900" lon="132.93999800">
   </rtept>
   <rtept lat="33.94518500" lon="132.94017200">
   </rtept>
   <rtept lat="33.94501300" lon="132.94043600">
   </rtept>
   <rtept lat="33.94491300" lon="132.94069900">
   </rtept>
   <rtept lat="33.94485400" lon="132.94102000">
   </rtept>
   <rtept lat="33.94460500" lon="132.94131300">
   </rtept>
   <rtept lat="33.94435100" lon="132.94187600">
   </rtept>
   <rtept lat="33.94423800" lon="132.94214000">
   </rtept>
   <rtept lat="33.94406100" lon="132.94220400">
   </rtept>
   <rtept lat="33.94397800" lon="132.94231100">
   </rtept>
   <rtept lat="33.94392500" lon="132.94236800">
   </rtept>
   <rtept lat="33.94378900" lon="132.94240400">
   </rtept>
   <rtept lat="33.94368800" lon="132.94246100">
   </rtept>
   <rtept lat="33.94359400" lon="132.94258900">
   </rtept>
   <rtept lat="33.94351700" lon="132.94274600">
   </rtept>
   <rtept lat="33.94327400" lon="132.94286000">
   </rtept>
   <rtept lat="33.94301400" lon="132.94299500">
   </rtept>
   <rtept lat="33.94270600" lon="132.94309800">
   </rtept>
   <rtept lat="33.94255900" lon="132.94314100">
   </rtept>
   <rtept lat="33.94233400" lon="132.94316200">
   </rtept>
   <rtept lat="33.94219200" lon="132.94320500">
   </rtept>
   <rtept lat="33.94201600" lon="132.94339400">
   </rtept>
   <rtept lat="33.94187900" lon="132.94371500">
   </rtept>
   <rtept lat="33.94178500" lon="132.94384300">
   </rtept>
   <rtept lat="33.94164300" lon="132.94408600">
   </rtept>
   <rtept lat="33.94154200" lon="132.94429200">
   </rtept>
   <rtept lat="33.94165500" lon="132.94448500">
   </rtept>
   <rtept lat="33.94180800" lon="132.94471300">
   </rtept>
   <rtept lat="33.94199800" lon="132.94488400">
   </rtept>
   <rtept lat="33.94208100" lon="132.94508400">
   </rtept>
   <rtept lat="33.94221100" lon="132.94539100">
   </rtept>
   <rtept lat="33.94231100" lon="132.94569700">
   </rtept>
   <rtept lat="33.94252400" lon="132.94608200">
   </rtept>
   <rtept lat="33.94280800" lon="132.94653900">
   </rtept>
   <rtept lat="33.94308600" lon="132.94687400">
   </rtept>
   <rtept lat="33.94332900" lon="132.94750800">
   </rtept>
   <rtept lat="33.94351800" lon="132.94773600">
   </rtept>
   <rtept lat="33.94395000" lon="132.94795000">
   </rtept>
   <rtept lat="33.94421000" lon="132.94793600">
   </rtept>
   <rtept lat="33.94455900" lon="132.94813600">
   </rtept>
   <rtept lat="33.94460100" lon="132.94832800">
   </rtept>
   <rtept lat="33.94461200" lon="132.94879200">
   </rtept>
   <rtept lat="33.94468300" lon="132.94921100">
   </rtept>
   <rtept lat="33.94469500" lon="132.94947500">
   </rtept>
   <rtept lat="33.94484900" lon="132.94985300">
   </rtept>
   <rtept lat="33.94506200" lon="132.95023100">
   </rtept>
   <rtept lat="33.94527500" lon="132.95045900">
   </rtept>
   <rtept lat="33.94539900" lon="132.95067300">
   </rtept>
   <rtept lat="33.94544000" lon="132.95081600">
   </rtept>
   <rtept lat="33.94536900" lon="132.95130100">
   </rtept>
   <rtept lat="33.94548200" lon="132.95173600">
   </rtept>
   <rtept lat="33.94580100" lon="132.95207100">
   </rtept>
   <rtept lat="33.94595500" lon="132.95233500">
   </rtept>
   <rtept lat="33.94605000" lon="132.95261300">
   </rtept>
   <rtept lat="33.94638700" lon="132.95301900">
   </rtept>
   <rtept lat="33.94657000" lon="132.95333300">
   </rtept>
   <rtept lat="33.94665300" lon="132.95358200">
   </rtept>
   <rtept lat="33.94671800" lon="132.95388900">
   </rtept>
   <rtept lat="33.94681900" lon="132.95443800">
   </rtept>
   <rtept lat="33.94693100" lon="132.95494400">
   </rtept>
   <rtept lat="33.94700800" lon="132.95524400">
   </rtept>
   <rtept lat="33.94706700" lon="132.95537900">
   </rtept>
   <rtept lat="33.94739800" lon="132.95582800">
   </rtept>
   <rtept lat="33.94784000" lon="132.95631800">
   </rtept>
   <rtept lat="33.94797000" lon="132.95653900">
   </rtept>
   <rtept lat="33.94808800" lon="132.95687400">
   </rtept>
   <rtept lat="33.94835400" lon="132.95734400">
   </rtept>
   <rtept lat="33.94842500" lon="132.95743000">
   </rtept>
   <rtept lat="33.94850200" lon="132.95771500">
   </rtept>
   <rtept lat="33.94865000" lon="132.95812900">
   </rtept>
   <rtept lat="33.94879800" lon="132.95847100">
   </rtept>
   <rtept lat="33.94882200" lon="132.95864900">
   </rtept>
   <rtept lat="33.94882700" lon="132.95907700">
   </rtept>
   <rtept lat="33.94876200" lon="132.95916300">
   </rtept>
   <rtept lat="33.94869100" lon="132.95966200">
   </rtept>
   <rtept lat="33.94865000" lon="132.95999000">
   </rtept>
   <rtept lat="33.94872100" lon="132.96054600">
   </rtept>
   <rtept lat="33.94867400" lon="132.96089500">
   </rtept>
   <rtept lat="33.94872100" lon="132.96102400">
   </rtept>
   <rtept lat="33.94866200" lon="132.96112400">
   </rtept>
   <rtept lat="33.94862600" lon="132.96115200">
   </rtept>
   <rtept lat="33.94851400" lon="132.96107400">
   </rtept>
   <rtept lat="33.94829500" lon="132.96100900">
   </rtept>
   <rtept lat="33.94819500" lon="132.96098800">
   </rtept>
   <rtept lat="33.94816500" lon="132.96102400">
   </rtept>
   <rtept lat="33.94817100" lon="132.96130900">
   </rtept>
   <rtept lat="33.94817700" lon="132.96144400">
   </rtept>
   <rtept lat="33.94814100" lon="132.96153000">
   </rtept>
   <rtept lat="33.94817100" lon="132.96170800">
   </rtept>
   <rtept lat="33.94821800" lon="132.96179400">
   </rtept>
   <rtept lat="33.94818300" lon="132.96189400">
   </rtept>
   <rtept lat="33.94811200" lon="132.96189400">
   </rtept>
   <rtept lat="33.94801700" lon="132.96184400">
   </rtept>
   <rtept lat="33.94795800" lon="132.96187900">
   </rtept>
   <rtept lat="33.94771500" lon="132.96207200">
   </rtept>
   <rtept lat="33.94749900" lon="132.96217600">
   </rtept>
   <rtept lat="33.94792300" lon="132.96265200">
   </rtept>
   <rtept lat="33.94794300" lon="132.96290100">
   </rtept>
   <rtept lat="33.94811100" lon="132.96327000">
   </rtept>
   <rtept lat="33.94811100" lon="132.96334100">
   </rtept>
   <rtept lat="33.94838700" lon="132.96368600">
   </rtept>
   <rtept lat="33.94850500" lon="132.96393500">
   </rtept>
   <rtept lat="33.94888900" lon="132.96390000">
   </rtept>
   <rtept lat="33.94902700" lon="132.96370900">
   </rtept>
   <rtept lat="33.94911600" lon="132.96381600">
   </rtept>
   <rtept lat="33.94932300" lon="132.96423200">
   </rtept>
   <rtept lat="33.94944100" lon="132.96426800">
   </rtept>
   <rtept lat="33.94972700" lon="132.96378100">
   </rtept>
   <rtept lat="33.94972700" lon="132.96353100">
   </rtept>
   <rtept lat="33.95003300" lon="132.96331700">
   </rtept>
   <rtept lat="33.95035800" lon="132.96337700">
   </rtept>
   <rtept lat="33.95042700" lon="132.96356700">
   </rtept>
   <rtept lat="33.95042700" lon="132.96380500">
   </rtept>
   <rtept lat="33.95066400" lon="132.96400700">
   </rtept>
   <rtept lat="33.95092000" lon="132.96401800">
   </rtept>
   <rtept lat="33.95096000" lon="132.96390000">
   </rtept>
   <rtept lat="33.95127500" lon="132.96332900">
   </rtept>
   <rtept lat="33.95138300" lon="132.96316300">
   </rtept>
   <rtept lat="33.95170900" lon="132.96277100">
   </rtept>
   <rtept lat="33.95182700" lon="132.96277100">
   </rtept>
   <rtept lat="33.95199900" lon="132.96283600">
   </rtept>
   <rtept lat="33.95209800" lon="132.96274100">
   </rtept>
   <rtept lat="33.95225500" lon="132.96257500">
   </rtept>
   <rtept lat="33.95255100" lon="132.96249100">
   </rtept>
   <rtept lat="33.95279800" lon="132.96245600">
   </rtept>
   <rtept lat="33.95292600" lon="132.96253900">
   </rtept>
   <rtept lat="33.95304400" lon="132.96264600">
   </rtept>
   <rtept lat="33.95315200" lon="132.96269300">
   </rtept>
   <rtept lat="33.95354700" lon="132.96263400">
   </rtept>
   <rtept lat="33.95400000" lon="132.96269300">
   </rtept>
   <rtept lat="33.95430600" lon="132.96261000">
   </rtept>
   <rtept lat="33.95453300" lon="132.96250300">
   </rtept>
   <rtept lat="33.95485800" lon="132.96228900">
   </rtept>
   <rtept lat="33.95504500" lon="132.96219400">
   </rtept>
   <rtept lat="33.95516300" lon="132.96219400">
   </rtept>
   <rtept lat="33.95527200" lon="132.96225400">
   </rtept>
   <rtept lat="33.95534100" lon="132.96250300">
   </rtept>
   <rtept lat="33.95627700" lon="132.96276500">
   </rtept>
   <rtept lat="33.95698700" lon="132.96223000">
   </rtept>
   <rtept lat="33.95715500" lon="132.96198000">
   </rtept>
   <rtept lat="33.95719400" lon="132.96183800">
   </rtept>
   <rtept lat="33.95715500" lon="132.96158800">
   </rtept>
   <rtept lat="33.95710500" lon="132.96127900">
   </rtept>
   <rtept lat="33.95706600" lon="132.96080400">
   </rtept>
   <rtept lat="33.95707600" lon="132.96043500">
   </rtept>
   <rtept lat="33.95726300" lon="132.96003100">
   </rtept>
   <rtept lat="33.95739200" lon="132.95970100">
   </rtept>
   <rtept lat="33.95786600" lon="132.95907100">
   </rtept>
   <rtept lat="33.95794500" lon="132.95877400">
   </rtept>
   <rtept lat="33.95790500" lon="132.95844100">
   </rtept>
   <rtept lat="33.95790500" lon="132.95816700">
   </rtept>
   <rtept lat="33.95803300" lon="132.95788200">
   </rtept>
   <rtept lat="33.95815200" lon="132.95746600">
   </rtept>
   <rtept lat="33.95822100" lon="132.95721700">
   </rtept>
   <rtept lat="33.95828000" lon="132.95689600">
   </rtept>
   <rtept lat="33.95832900" lon="132.95671800">
   </rtept>
   <rtept lat="33.95845700" lon="132.95657500">
   </rtept>
   <rtept lat="33.95877200" lon="132.95658700">
   </rtept>
   <rtept lat="33.95911800" lon="132.95665800">
   </rtept>
   <rtept lat="33.95931500" lon="132.95671800">
   </rtept>
   <rtept lat="33.95945300" lon="132.95673000">
   </rtept>
   <rtept lat="33.95960000" lon="132.95630200">
   </rtept>
   <rtept lat="33.96000500" lon="132.95503000">
   </rtept>
   <rtept lat="33.96019200" lon="132.95478100">
   </rtept>
   <rtept lat="33.96015200" lon="132.95449500">
   </rtept>
   <rtept lat="33.96006400" lon="132.95435300">
   </rtept>
   <rtept lat="33.96011300" lon="132.95407900">
   </rtept>
   <rtept lat="33.96058600" lon="132.95385400">
   </rtept>
   <rtept lat="33.96110900" lon="132.95353300">
   </rtept>
   <rtept lat="33.96142400" lon="132.95303400">
   </rtept>
   <rtept lat="33.96135500" lon="132.95260600">
   </rtept>
   <rtept lat="33.96134500" lon="132.95242800">
   </rtept>
   <rtept lat="33.96150300" lon="132.95224900">
   </rtept>
   <rtept lat="33.96166100" lon="132.95219000">
   </rtept>
   <rtept lat="33.96167000" lon="132.95201200">
   </rtept>
   <rtept lat="33.96196600" lon="132.95154800">
   </rtept>
   <rtept lat="33.96201500" lon="132.95127500">
   </rtept>
   <rtept lat="33.96205500" lon="132.95093000">
   </rtept>
   <rtept lat="33.96223200" lon="132.95087100">
   </rtept>
   <rtept lat="33.96231100" lon="132.95069200">
   </rtept>
   <rtept lat="33.96241000" lon="132.95060900">
   </rtept>
   <rtept lat="33.96251800" lon="132.95058600">
   </rtept>
   <rtept lat="33.96270500" lon="132.95068100">
   </rtept>
   <rtept lat="33.96289000" lon="132.95082900">
   </rtept>
   <rtept lat="33.96303200" lon="132.95081500">
   </rtept>
   <rtept lat="33.96342200" lon="132.95102900">
   </rtept>
   <rtept lat="33.96350500" lon="132.95115700">
   </rtept>
   <rtept lat="33.96400200" lon="132.95120000">
   </rtept>
   <rtept lat="33.96454600" lon="132.95102900">
   </rtept>
   <rtept lat="33.96483000" lon="132.95075800">
   </rtept>
   <rtept lat="33.96490100" lon="132.95057300">
   </rtept>
   <rtept lat="33.96483000" lon="132.95040100">
   </rtept>
   <rtept lat="33.96471200" lon="132.95024500">
   </rtept>
   <rtept lat="33.96474700" lon="132.95010200">
   </rtept>
   <rtept lat="33.96490100" lon="132.94977400">
   </rtept>
   <rtept lat="33.96490100" lon="132.94941700">
   </rtept>
   <rtept lat="33.96481800" lon="132.94903200">
   </rtept>
   <rtept lat="33.96473500" lon="132.94886100">
   </rtept>
   <rtept lat="33.96483000" lon="132.94850500">
   </rtept>
   <rtept lat="33.96501900" lon="132.94826200">
   </rtept>
   <rtept lat="33.96526800" lon="132.94800600">
   </rtept>
   <rtept lat="33.96542100" lon="132.94774900">
   </rtept>
   <rtept lat="33.96565800" lon="132.94743500">
   </rtept>
   <rtept lat="33.96594200" lon="132.94726400">
   </rtept>
   <rtept lat="33.96608400" lon="132.94726400">
   </rtept>
   <rtept lat="33.96623700" lon="132.94743500">
   </rtept>
   <rtept lat="33.96655700" lon="132.94760600">
   </rtept>
   <rtept lat="33.96694700" lon="132.94793400">
   </rtept>
   <rtept lat="33.96725500" lon="132.94849000">
   </rtept>
   <rtept lat="33.96731400" lon="132.94877600">
   </rtept>
   <rtept lat="33.96730200" lon="132.94900400">
   </rtept>
   <rtept lat="33.96734900" lon="132.94916100">
   </rtept>
   <rtept lat="33.96737300" lon="132.94927500">
   </rtept>
   <rtept lat="33.96750300" lon="132.94966000">
   </rtept>
   <rtept lat="33.96753800" lon="132.95000200">
   </rtept>
   <rtept lat="33.96758600" lon="132.95018700">
   </rtept>
   <rtept lat="33.96768000" lon="132.95031600">
   </rtept>
   <rtept lat="33.96784600" lon="132.95030200">
   </rtept>
   <rtept lat="33.96824800" lon="132.95003100">
   </rtept>
   <rtept lat="33.96847300" lon="132.94984500">
   </rtept>
   <rtept lat="33.96863800" lon="132.94967400">
   </rtept>
   <rtept lat="33.96872100" lon="132.94947400">
   </rtept>
   <rtept lat="33.96879200" lon="132.94910400">
   </rtept>
   <rtept lat="33.96887500" lon="132.94901800">
   </rtept>
   <rtept lat="33.96895800" lon="132.94881800">
   </rtept>
 </rte>
 <rte>
  <name>SHIKOKU_EHM_17(作礼山仙遊寺へのみち)</name>
   <rtept lat="33.96895800" lon="132.94881800">
   </rtept>
   <rtept lat="33.96899300" lon="132.94860500">
   </rtept>
   <rtept lat="33.96879200" lon="132.94820500">
   </rtept>
   <rtept lat="33.96875700" lon="132.94797700">
   </rtept>
   <rtept lat="33.96883900" lon="132.94774900">
   </rtept>
   <rtept lat="33.96880400" lon="132.94760600">
   </rtept>
   <rtept lat="33.96905200" lon="132.94717800">
   </rtept>
   <rtept lat="33.96953900" lon="132.94695100">
   </rtept>
   <rtept lat="33.96971500" lon="132.94718000">
   </rtept>
   <rtept lat="33.97019800" lon="132.94748900">
   </rtept>
   <rtept lat="33.97092800" lon="132.94789000">
   </rtept>
   <rtept lat="33.97112500" lon="132.94810400">
   </rtept>
   <rtept lat="33.97161700" lon="132.94828200">
   </rtept>
   <rtept lat="33.97205100" lon="132.94828200">
   </rtept>
   <rtept lat="33.97237600" lon="132.94812800">
   </rtept>
   <rtept lat="33.97258300" lon="132.94797300">
   </rtept>
   <rtept lat="33.97294800" lon="132.94810400">
   </rtept>
   <rtept lat="33.97323400" lon="132.94833000">
   </rtept>
   <rtept lat="33.97350000" lon="132.94859100">
   </rtept>
   <rtept lat="33.97375600" lon="132.94862700">
   </rtept>
   <rtept lat="33.97398300" lon="132.94855600">
   </rtept>
   <rtept lat="33.97425900" lon="132.94866300">
   </rtept>
   <rtept lat="33.97440700" lon="132.94867500">
   </rtept>
   <rtept lat="33.97446600" lon="132.94854400">
   </rtept>
   <rtept lat="33.97424900" lon="132.94825900">
   </rtept>
   <rtept lat="33.97413100" lon="132.94812800">
   </rtept>
   <rtept lat="33.97406200" lon="132.94779500">
   </rtept>
   <rtept lat="33.97407100" lon="132.94716500">
   </rtept>
   <rtept lat="33.97408100" lon="132.94691600">
   </rtept>
   <rtept lat="33.97420900" lon="132.94664200">
   </rtept>
   <rtept lat="33.97450500" lon="132.94654700">
   </rtept>
   <rtept lat="33.97476100" lon="132.94664200">
   </rtept>
   <rtept lat="33.97494900" lon="132.94676100">
   </rtept>
   <rtept lat="33.97518500" lon="132.94690400">
   </rtept>
   <rtept lat="33.97531300" lon="132.94698700">
   </rtept>
   <rtept lat="33.97551000" lon="132.94688000">
   </rtept>
   <rtept lat="33.97563800" lon="132.94666600">
   </rtept>
   <rtept lat="33.97565800" lon="132.94627400">
   </rtept>
   <rtept lat="33.97556000" lon="132.94554900">
   </rtept>
   <rtept lat="33.97539200" lon="132.94495500">
   </rtept>
   <rtept lat="33.97525400" lon="132.94472900">
   </rtept>
   <rtept lat="33.97490900" lon="132.94434900">
   </rtept>
   <rtept lat="33.97476100" lon="132.94412300">
   </rtept>
   <rtept lat="33.97457400" lon="132.94371900">
   </rtept>
   <rtept lat="33.97440700" lon="132.94325600">
   </rtept>
   <rtept lat="33.97437500" lon="132.94301100">
   </rtept>
   <rtept lat="33.97436700" lon="132.94266800">
   </rtept>
   <rtept lat="33.97446600" lon="132.94226000">
   </rtept>
   <rtept lat="33.97461200" lon="132.94202700">
   </rtept>
   <rtept lat="33.97480900" lon="132.94185100">
   </rtept>
   <rtept lat="33.97499400" lon="132.94178900">
   </rtept>
   <rtept lat="33.97512000" lon="132.94164600">
   </rtept>
   <rtept lat="33.97514800" lon="132.94147500">
   </rtept>
   <rtept lat="33.97506100" lon="132.94123300">
   </rtept>
   <rtept lat="33.97491900" lon="132.94114300">
   </rtept>
   <rtept lat="33.97471000" lon="132.94108100">
   </rtept>
   <rtept lat="33.97456000" lon="132.94096700">
   </rtept>
   <rtept lat="33.97442600" lon="132.94074300">
   </rtept>
   <rtept lat="33.97428400" lon="132.94061000">
   </rtept>
   <rtept lat="33.97419000" lon="132.94042500">
   </rtept>
   <rtept lat="33.97415800" lon="132.94015900">
   </rtept>
   <rtept lat="33.97422400" lon="132.93986200">
   </rtept>
   <rtept lat="33.97433200" lon="132.93976700">
   </rtept>
   <rtept lat="33.97457800" lon="132.93961200">
   </rtept>
   <rtept lat="33.97474600" lon="132.93949300">
   </rtept>
   <rtept lat="33.97478500" lon="132.93924400">
   </rtept>
   <rtept lat="33.97473600" lon="132.93875700">
   </rtept>
   <rtept lat="33.97480500" lon="132.93849500">
   </rtept>
   <rtept lat="33.97511100" lon="132.93768700">
   </rtept>
   <rtept lat="33.97512000" lon="132.93722400">
   </rtept>
   <rtept lat="33.97499200" lon="132.93668900">
   </rtept>
   <rtept lat="33.97500200" lon="132.93640400">
   </rtept>
   <rtept lat="33.97510100" lon="132.93596400">
   </rtept>
   <rtept lat="33.97520900" lon="132.93547700">
   </rtept>
   <rtept lat="33.97531800" lon="132.93520300">
   </rtept>
   <rtept lat="33.97550500" lon="132.93514400">
   </rtept>
   <rtept lat="33.97583000" lon="132.93527500">
   </rtept>
   <rtept lat="33.97619500" lon="132.93554800">
   </rtept>
   <rtept lat="33.97636200" lon="132.93573800">
   </rtept>
   <rtept lat="33.97631300" lon="132.93602300">
   </rtept>
   <rtept lat="33.97635200" lon="132.93622500">
   </rtept>
   <rtept lat="33.97647100" lon="132.93641600">
   </rtept>
   <rtept lat="33.97668700" lon="132.93651100">
   </rtept>
   <rtept lat="33.97722900" lon="132.93642700">
   </rtept>
   <rtept lat="33.97741700" lon="132.93628500">
   </rtept>
   <rtept lat="33.97750500" lon="132.93605900">
   </rtept>
   <rtept lat="33.97759400" lon="132.93578600">
   </rtept>
   <rtept lat="33.97764300" lon="132.93542900">
   </rtept>
   <rtept lat="33.97764300" lon="132.93509600">
   </rtept>
   <rtept lat="33.97763300" lon="132.93493000">
   </rtept>
   <rtept lat="33.97771200" lon="132.93475200">
   </rtept>
   <rtept lat="33.97786000" lon="132.93464500">
   </rtept>
   <rtept lat="33.97833300" lon="132.93455000">
   </rtept>
   <rtept lat="33.97874700" lon="132.93463300">
   </rtept>
   <rtept lat="33.97912200" lon="132.93484700">
   </rtept>
   <rtept lat="33.97939700" lon="132.93504900">
   </rtept>
   <rtept lat="33.97957500" lon="132.93507300">
   </rtept>
   <rtept lat="33.97978200" lon="132.93472800">
   </rtept>
   <rtept lat="33.97974200" lon="132.93446700">
   </rtept>
   <rtept lat="33.97975200" lon="132.93408600">
   </rtept>
   <rtept lat="33.98002600" lon="132.93365800">
   </rtept>
   <rtept lat="33.98043000" lon="132.93319500">
   </rtept>
   <rtept lat="33.98072600" lon="132.93295700">
   </rtept>
   <rtept lat="33.98102100" lon="132.93293400">
   </rtept>
   <rtept lat="33.98129700" lon="132.93293400">
   </rtept>
   <rtept lat="33.98140600" lon="132.93305200">
   </rtept>
   <rtept lat="33.98145500" lon="132.93326600">
   </rtept>
   <rtept lat="33.98153400" lon="132.93355100">
   </rtept>
   <rtept lat="33.98162300" lon="132.93376500">
   </rtept>
   <rtept lat="33.98157300" lon="132.93405100">
   </rtept>
   <rtept lat="33.98155400" lon="132.93425300">
   </rtept>
   <rtept lat="33.98146500" lon="132.93440700">
   </rtept>
   <rtept lat="33.98145500" lon="132.93458500">
   </rtept>
   <rtept lat="33.98165200" lon="132.93485900">
   </rtept>
   <rtept lat="33.98218400" lon="132.93509600">
   </rtept>
   <rtept lat="33.98247000" lon="132.93563100">
   </rtept>
   <rtept lat="33.98240100" lon="132.93583300">
   </rtept>
   <rtept lat="33.98223400" lon="132.93611800">
   </rtept>
   <rtept lat="33.98220400" lon="132.93655800">
   </rtept>
   <rtept lat="33.98210500" lon="132.93696200">
   </rtept>
   <rtept lat="33.98213500" lon="132.93728300">
   </rtept>
   <rtept lat="33.98244100" lon="132.93756800">
   </rtept>
   <rtept lat="33.98291400" lon="132.93767500">
   </rtept>
   <rtept lat="33.98311100" lon="132.93790100">
   </rtept>
   <rtept lat="33.98360300" lon="132.93802000">
   </rtept>
   <rtept lat="33.98380000" lon="132.93821000">
   </rtept>
   <rtept lat="33.98413500" lon="132.93830500">
   </rtept>
   <rtept lat="33.98440200" lon="132.93834100">
   </rtept>
   <rtept lat="33.98463800" lon="132.93856700">
   </rtept>
   <rtept lat="33.98459900" lon="132.93888700">
   </rtept>
   <rtept lat="33.98459700" lon="132.93910100">
   </rtept>
   <rtept lat="33.98477400" lon="132.93941000">
   </rtept>
   <rtept lat="33.98480400" lon="132.93967200">
   </rtept>
   <rtept lat="33.98523700" lon="132.93992100">
   </rtept>
   <rtept lat="33.98579900" lon="132.94018300">
   </rtept>
   <rtept lat="33.98616300" lon="132.94019500">
   </rtept>
   <rtept lat="33.98651800" lon="132.93998100">
   </rtept>
   <rtept lat="33.98673500" lon="132.93977900">
   </rtept>
   <rtept lat="33.98697100" lon="132.93975500">
   </rtept>
   <rtept lat="33.98728700" lon="132.93977900">
   </rtept>
   <rtept lat="33.98771000" lon="132.93966000">
   </rtept>
   <rtept lat="33.98816400" lon="132.93936300">
   </rtept>
   <rtept lat="33.98828200" lon="132.93920800">
   </rtept>
   <rtept lat="33.98851800" lon="132.93874500">
   </rtept>
   <rtept lat="33.98864700" lon="132.93856700">
   </rtept>
   <rtept lat="33.98882400" lon="132.93849500">
   </rtept>
   <rtept lat="33.98899100" lon="132.93859000">
   </rtept>
   <rtept lat="33.98906000" lon="132.93872100">
   </rtept>
   <rtept lat="33.98869600" lon="132.93898200">
   </rtept>
   <rtept lat="33.98838000" lon="132.93938700">
   </rtept>
   <rtept lat="33.98777900" lon="132.94051500">
   </rtept>
   <rtept lat="33.98741500" lon="132.94141900">
   </rtept>
   <rtept lat="33.98715900" lon="132.94241700">
   </rtept>
   <rtept lat="33.98669600" lon="132.94321300">
   </rtept>
   <rtept lat="33.98626200" lon="132.94427800">
   </rtept>
   <rtept lat="33.98570000" lon="132.94511000">
   </rtept>
   <rtept lat="33.98545400" lon="132.94627400">
   </rtept>
   <rtept lat="33.98527700" lon="132.94721300">
   </rtept>
   <rtept lat="33.98507000" lon="132.94771200">
   </rtept>
   <rtept lat="33.98472500" lon="132.94803300">
   </rtept>
   <rtept lat="33.98441900" lon="132.94841400">
   </rtept>
   <rtept lat="33.98411400" lon="132.94917400">
   </rtept>
   <rtept lat="33.98381800" lon="132.95024400">
   </rtept>
   <rtept lat="33.98367000" lon="132.95062400">
   </rtept>
   <rtept lat="33.98326600" lon="132.95140100">
   </rtept>
   <rtept lat="33.98318700" lon="132.95175800">
   </rtept>
   <rtept lat="33.98312800" lon="132.95220900">
   </rtept>
   <rtept lat="33.98328600" lon="132.95280400">
   </rtept>
   <rtept lat="33.98339400" lon="132.95327900">
   </rtept>
   <rtept lat="33.98346300" lon="132.95383700">
   </rtept>
   <rtept lat="33.98358200" lon="132.95425300">
   </rtept>
   <rtept lat="33.98376900" lon="132.95472900">
   </rtept>
   <rtept lat="33.98424200" lon="132.95516800">
   </rtept>
   <rtept lat="33.98480400" lon="132.95564400">
   </rtept>
   <rtept lat="33.98510900" lon="132.95611900">
   </rtept>
   <rtept lat="33.98532600" lon="132.95647600">
   </rtept>
   <rtept lat="33.98556200" lon="132.95723600">
   </rtept>
   <rtept lat="33.98565100" lon="132.95759300">
   </rtept>
   <rtept lat="33.98590700" lon="132.95789000">
   </rtept>
   <rtept lat="33.98611400" lon="132.95815100">
   </rtept>
   <rtept lat="33.98613400" lon="132.95841300">
   </rtept>
   <rtept lat="33.98605500" lon="132.95861500">
   </rtept>
   <rtept lat="33.98597600" lon="132.95872200">
   </rtept>
   <rtept lat="33.98611400" lon="132.95905500">
   </rtept>
   <rtept lat="33.98639000" lon="132.95948200">
   </rtept>
   <rtept lat="33.98668600" lon="132.95982700">
   </rtept>
   <rtept lat="33.98687100" lon="132.96041600">
   </rtept>
   <rtept lat="33.98701900" lon="132.96086800">
   </rtept>
   <rtept lat="33.98747200" lon="132.96135500">
   </rtept>
   <rtept lat="33.98807300" lon="132.96202100">
   </rtept>
   <rtept lat="33.98838800" lon="132.96222300">
   </rtept>
   <rtept lat="33.98869400" lon="132.96260300">
   </rtept>
   <rtept lat="33.98921600" lon="132.96347100">
   </rtept>
   <rtept lat="33.98969900" lon="132.96389800">
   </rtept>
   <rtept lat="33.99011300" lon="132.96425500">
   </rtept>
   <rtept lat="33.99043800" lon="132.96433800">
   </rtept>
   <rtept lat="33.99049700" lon="132.96461100">
   </rtept>
   <rtept lat="33.99055600" lon="132.96474200">
   </rtept>
   <rtept lat="33.99052700" lon="132.96511100">
   </rtept>
   <rtept lat="33.99061500" lon="132.96525300">
   </rtept>
   <rtept lat="33.99070400" lon="132.96546700">
   </rtept>
   <rtept lat="33.99069400" lon="132.96580000">
   </rtept>
   <rtept lat="33.99056600" lon="132.96613300">
   </rtept>
   <rtept lat="33.99053600" lon="132.96637000">
   </rtept>
   <rtept lat="33.99062500" lon="132.96679800">
   </rtept>
   <rtept lat="33.99100900" lon="132.96720200">
   </rtept>
   <rtept lat="33.99149200" lon="132.96754700">
   </rtept>
   <rtept lat="33.99172900" lon="132.96778400">
   </rtept>
   <rtept lat="33.99188600" lon="132.96782000">
   </rtept>
   <rtept lat="33.99240900" lon="132.96802200">
   </rtept>
   <rtept lat="33.99255600" lon="132.96817700">
   </rtept>
   <rtept lat="33.99269400" lon="132.96839100">
   </rtept>
   <rtept lat="33.99287400" lon="132.96851400">
   </rtept>
   <rtept lat="33.99305100" lon="132.96849000">
   </rtept>
   <rtept lat="33.99340600" lon="132.96833600">
   </rtept>
   <rtept lat="33.99353400" lon="132.96836000">
   </rtept>
   <rtept lat="33.99393800" lon="132.96850200">
   </rtept>
   <rtept lat="33.99415500" lon="132.96855000">
   </rtept>
   <rtept lat="33.99430200" lon="132.96862100">
   </rtept>
   <rtept lat="33.99440100" lon="132.96876400">
   </rtept>
   <rtept lat="33.99449000" lon="132.96901300">
   </rtept>
   <rtept lat="33.99449900" lon="132.96922700">
   </rtept>
   <rtept lat="33.99443000" lon="132.96947700">
   </rtept>
   <rtept lat="33.99449000" lon="132.96965500">
   </rtept>
   <rtept lat="33.99465700" lon="132.96996400">
   </rtept>
   <rtept lat="33.99501200" lon="132.97010700">
   </rtept>
   <rtept lat="33.99514000" lon="132.97022500">
   </rtept>
   <rtept lat="33.99524800" lon="132.97038000">
   </rtept>
   <rtept lat="33.99531700" lon="132.97057000">
   </rtept>
   <rtept lat="33.99547500" lon="132.97072500">
   </rtept>
   <rtept lat="33.99581000" lon="132.97080800">
   </rtept>
   <rtept lat="33.99630200" lon="132.97093800">
   </rtept>
   <rtept lat="33.99653900" lon="132.97112900">
   </rtept>
   <rtept lat="33.99675600" lon="132.97131900">
   </rtept>
   <rtept lat="33.99698200" lon="132.97149700">
   </rtept>
   <rtept lat="33.99708500" lon="132.97172300">
   </rtept>
   <rtept lat="33.99714400" lon="132.97194900">
   </rtept>
   <rtept lat="33.99723300" lon="132.97217400">
   </rtept>
   <rtept lat="33.99732100" lon="132.97234100">
   </rtept>
   <rtept lat="33.99751800" lon="132.97238800">
   </rtept>
   <rtept lat="33.99766600" lon="132.97240000">
   </rtept>
   <rtept lat="33.99789300" lon="132.97229300">
   </rtept>
   <rtept lat="33.99806000" lon="132.97222200">
   </rtept>
   <rtept lat="33.99822800" lon="132.97218600">
   </rtept>
   <rtept lat="33.99845400" lon="132.97224600">
   </rtept>
   <rtept lat="33.99858200" lon="132.97228100">
   </rtept>
   <rtept lat="33.99859200" lon="132.97218600">
   </rtept>
   <rtept lat="33.99865100" lon="132.97202000">
   </rtept>
   <rtept lat="33.99872000" lon="132.97193700">
   </rtept>
   <rtept lat="33.99881900" lon="132.97200800">
   </rtept>
   <rtept lat="33.99885800" lon="132.97217400">
   </rtept>
   <rtept lat="33.99921300" lon="132.97243600">
   </rtept>
   <rtept lat="33.99952800" lon="132.97263800">
   </rtept>
   <rtept lat="33.99984300" lon="132.97270900">
   </rtept>
   <rtept lat="34.00001100" lon="132.97259000">
   </rtept>
   <rtept lat="34.00045400" lon="132.97255500">
   </rtept>
   <rtept lat="34.00061200" lon="132.97255500">
   </rtept>
   <rtept lat="34.00076000" lon="132.97273300">
   </rtept>
   <rtept lat="34.00102600" lon="132.97286400">
   </rtept>
   <rtept lat="34.00127200" lon="132.97289900">
   </rtept>
   <rtept lat="34.00149900" lon="132.97289900">
   </rtept>
   <rtept lat="34.00164600" lon="132.97303000">
   </rtept>
   <rtept lat="34.00179400" lon="132.97306600">
   </rtept>
   <rtept lat="34.00197100" lon="132.97301800">
   </rtept>
   <rtept lat="34.00208000" lon="132.97306600">
   </rtept>
   <rtept lat="34.00221800" lon="132.97306600">
   </rtept>
   <rtept lat="34.00234600" lon="132.97295900">
   </rtept>
   <rtept lat="34.00248700" lon="132.97279900">
   </rtept>
   <rtept lat="34.00271300" lon="132.97271500">
   </rtept>
   <rtept lat="34.00279900" lon="132.97276900">
   </rtept>
   <rtept lat="34.00300600" lon="132.97257800">
   </rtept>
   <rtept lat="34.00318300" lon="132.97246000">
   </rtept>
   <rtept lat="34.00328200" lon="132.97222200">
   </rtept>
   <rtept lat="34.00330200" lon="132.97188900">
   </rtept>
   <rtept lat="34.00324200" lon="132.97177000">
   </rtept>
   <rtept lat="34.00323300" lon="132.97146100">
   </rtept>
   <rtept lat="34.00337000" lon="132.97070100">
   </rtept>
   <rtept lat="34.00357700" lon="132.96996400">
   </rtept>
   <rtept lat="34.00403800" lon="132.96852600">
   </rtept>
   <rtept lat="34.00432400" lon="132.96795600">
   </rtept>
   <rtept lat="34.00468900" lon="132.96739700">
   </rtept>
   <rtept lat="34.00535900" lon="132.96710000">
   </rtept>
   <rtept lat="34.00565400" lon="132.96704100">
   </rtept>
   <rtept lat="34.00618600" lon="132.96715900">
   </rtept>
   <rtept lat="34.00650100" lon="132.96708800">
   </rtept>
   <rtept lat="34.00684600" lon="132.96694500">
   </rtept>
   <rtept lat="34.00717100" lon="132.96681500">
   </rtept>
   <rtept lat="34.00746700" lon="132.96679100">
   </rtept>
   <rtept lat="34.00790000" lon="132.96692200">
   </rtept>
   <rtept lat="34.00814700" lon="132.96685000">
   </rtept>
   <rtept lat="34.00855000" lon="132.96668400">
   </rtept>
   <rtept lat="34.00892500" lon="132.96679100">
   </rtept>
   <rtept lat="34.00916400" lon="132.96681300">
   </rtept>
   <rtept lat="34.00945000" lon="132.96664100">
   </rtept>
   <rtept lat="34.00981900" lon="132.96632600">
   </rtept>
   <rtept lat="34.01008500" lon="132.96611200">
   </rtept>
   <rtept lat="34.01011900" lon="132.96593400">
   </rtept>
   <rtept lat="34.01011500" lon="132.96568400">
   </rtept>
   <rtept lat="34.01021300" lon="132.96555900">
   </rtept>
   <rtept lat="34.01037100" lon="132.96552400">
   </rtept>
   <rtept lat="34.01047900" lon="132.96556500">
   </rtept>
   <rtept lat="34.01063200" lon="132.96582700">
   </rtept>
   <rtept lat="34.01076500" lon="132.96603500">
   </rtept>
   <rtept lat="34.01086800" lon="132.96615400">
   </rtept>
   <rtept lat="34.01120300" lon="132.96626100">
   </rtept>
   <rtept lat="34.01150600" lon="132.96635000">
   </rtept>
   <rtept lat="34.01168800" lon="132.96634400">
   </rtept>
   <rtept lat="34.01184500" lon="132.96625500">
   </rtept>
   <rtept lat="34.01200800" lon="132.96614200">
   </rtept>
   <rtept lat="34.01214600" lon="132.96615400">
   </rtept>
   <rtept lat="34.01263300" lon="132.96634400">
   </rtept>
   <rtept lat="34.01305200" lon="132.96648600">
   </rtept>
   <rtept lat="34.01332800" lon="132.96655800">
   </rtept>
   <rtept lat="34.01368900" lon="132.96669400">
   </rtept>
   <rtept lat="34.01397000" lon="132.96676000">
   </rtept>
   <rtept lat="34.01415700" lon="132.96672400">
   </rtept>
   <rtept lat="34.01432500" lon="132.96661100">
   </rtept>
   <rtept lat="34.01445300" lon="132.96642100">
   </rtept>
   <rtept lat="34.01454200" lon="132.96620100">
   </rtept>
   <rtept lat="34.01466000" lon="132.96610600">
   </rtept>
   <rtept lat="34.01479800" lon="132.96608800">
   </rtept>
   <rtept lat="34.01521600" lon="132.96613600">
   </rtept>
   <rtept lat="34.01543300" lon="132.96629000">
   </rtept>
   <rtept lat="34.01558600" lon="132.96641500">
   </rtept>
   <rtept lat="34.01577300" lon="132.96649200">
   </rtept>
   <rtept lat="34.01602900" lon="132.96654600">
   </rtept>
   <rtept lat="34.01683100" lon="132.96661700">
   </rtept>
   <rtept lat="34.01716600" lon="132.96656900">
   </rtept>
   <rtept lat="34.01764300" lon="132.96664100">
   </rtept>
   <rtept lat="34.01779100" lon="132.96671800">
   </rtept>
   <rtept lat="34.01790400" lon="132.96684300">
   </rtept>
   <rtept lat="34.01822900" lon="132.96716400">
   </rtept>
   <rtept lat="34.01875200" lon="132.96755600">
   </rtept>
   <rtept lat="34.01907300" lon="132.96777700">
   </rtept>
   <rtept lat="34.01920100" lon="132.96803900">
   </rtept>
   <rtept lat="34.01953600" lon="132.96814600">
   </rtept>
   <rtept lat="34.01968300" lon="132.96820500">
   </rtept>
   <rtept lat="34.02024500" lon="132.96814600">
   </rtept>
   <rtept lat="34.02070800" lon="132.96839500">
   </rtept>
   <rtept lat="34.02133800" lon="132.96876400">
   </rtept>
   <rtept lat="34.02157500" lon="132.96876400">
   </rtept>
   <rtept lat="34.02193900" lon="132.96895400">
   </rtept>
   <rtept lat="34.02245100" lon="132.96902500">
   </rtept>
   <rtept lat="34.02309200" lon="132.96903700">
   </rtept>
   <rtept lat="34.02371200" lon="132.96910800">
   </rtept>
   <rtept lat="34.02408600" lon="132.96918000">
   </rtept>
   <rtept lat="34.02470700" lon="132.96937000">
   </rtept>
   <rtept lat="34.02544000" lon="132.96953600">
   </rtept>
   <rtept lat="34.02603100" lon="132.96989300">
   </rtept>
   <rtept lat="34.02658200" lon="132.97026100">
   </rtept>
   <rtept lat="34.02683800" lon="132.97060600">
   </rtept>
   <rtept lat="34.02744900" lon="132.97123600">
   </rtept>
   <rtept lat="34.02796100" lon="132.97168700">
   </rtept>
   <rtept lat="34.02797100" lon="132.97212700">
   </rtept>
   <rtept lat="34.02794100" lon="132.97247200">
   </rtept>
   <rtept lat="34.02774400" lon="132.97267400">
   </rtept>
   <rtept lat="34.02758700" lon="132.97273300">
   </rtept>
   <rtept lat="34.02672000" lon="132.97236500">
   </rtept>
   <rtept lat="34.02589300" lon="132.97216300">
   </rtept>
   <rtept lat="34.02509500" lon="132.97213900">
   </rtept>
   <rtept lat="34.02435600" lon="132.97228100">
   </rtept>
   <rtept lat="34.02412000" lon="132.97238800">
   </rtept>
   <rtept lat="34.02394300" lon="132.97293500">
   </rtept>
   <rtept lat="34.02397200" lon="132.97318500">
   </rtept>
   <rtept lat="34.02406100" lon="132.97342200">
   </rtept>
   <rtept lat="34.02397200" lon="132.97354100">
   </rtept>
   <rtept lat="34.02317400" lon="132.97343400">
   </rtept>
   <rtept lat="34.02285900" lon="132.97341000">
   </rtept>
   <rtept lat="34.02232800" lon="132.97376600">
   </rtept>
   <rtept lat="34.02208100" lon="132.97380200">
   </rtept>
   <rtept lat="34.02168700" lon="132.97385000">
   </rtept>
   <rtept lat="34.02148100" lon="132.97387300">
   </rtept>
   <rtept lat="34.02138200" lon="132.97406300">
   </rtept>
   <rtept lat="34.02128400" lon="132.97428900">
   </rtept>
   <rtept lat="34.02103700" lon="132.97440800">
   </rtept>
   <rtept lat="34.02048600" lon="132.97445600">
   </rtept>
   <rtept lat="34.01991400" lon="132.97449100">
   </rtept>
   <rtept lat="34.01990500" lon="132.97489500">
   </rtept>
   <rtept lat="34.02007200" lon="132.97552500">
   </rtept>
   <rtept lat="34.02018000" lon="132.97603600">
   </rtept>
   <rtept lat="34.01974700" lon="132.97613100">
   </rtept>
   <rtept lat="34.01952000" lon="132.97632100">
   </rtept>
   <rtept lat="34.01933300" lon="132.97660700">
   </rtept>
   <rtept lat="34.01917600" lon="132.97698700">
   </rtept>
   <rtept lat="34.01915600" lon="132.97724800">
   </rtept>
   <rtept lat="34.01906900" lon="132.97745400">
   </rtept>
   <rtept lat="34.01861600" lon="132.97772700">
   </rtept>
   <rtept lat="34.01821200" lon="132.97792900">
   </rtept>
   <rtept lat="34.01800600" lon="132.97797700">
   </rtept>
   <rtept lat="34.01768000" lon="132.97785800">
   </rtept>
   <rtept lat="34.01746400" lon="132.97771500">
   </rtept>
   <rtept lat="34.01721800" lon="132.97769200">
   </rtept>
   <rtept lat="34.01703000" lon="132.97778700">
   </rtept>
   <rtept lat="34.01690200" lon="132.97777500">
   </rtept>
   <rtept lat="34.01691200" lon="132.97762000">
   </rtept>
   <rtept lat="34.01721800" lon="132.97716900">
   </rtept>
   <rtept lat="34.01724700" lon="132.97705000">
   </rtept>
   <rtept lat="34.01714900" lon="132.97693100">
   </rtept>
   <rtept lat="34.01700100" lon="132.97705000">
   </rtept>
   <rtept lat="34.01684300" lon="132.97722800">
   </rtept>
   <rtept lat="34.01646900" lon="132.97733500">
   </rtept>
   <rtept lat="34.01615400" lon="132.97763200">
   </rtept>
   <rtept lat="34.01584800" lon="132.97797700">
   </rtept>
   <rtept lat="34.01569100" lon="132.97816700">
   </rtept>
   <rtept lat="34.01569100" lon="132.97842800">
   </rtept>
   <rtept lat="34.01565100" lon="132.97860700">
   </rtept>
   <rtept lat="34.01552300" lon="132.97874900">
   </rtept>
   <rtept lat="34.01547400" lon="132.97883200">
   </rtept>
   <rtept lat="34.01524700" lon="132.97948600">
   </rtept>
   <rtept lat="34.01494200" lon="132.97960500">
   </rtept>
   <rtept lat="34.01466600" lon="132.97961700">
   </rtept>
   <rtept lat="34.01445900" lon="132.97961700">
   </rtept>
   <rtept lat="34.01430200" lon="132.97978300">
   </rtept>
   <rtept lat="34.01416400" lon="132.97983100">
   </rtept>
   <rtept lat="34.01402600" lon="132.97977100">
   </rtept>
   <rtept lat="34.01395700" lon="132.97951000">
   </rtept>
   <rtept lat="34.01397700" lon="132.97926000">
   </rtept>
   <rtept lat="34.01391800" lon="132.97904600">
   </rtept>
   <rtept lat="34.01377000" lon="132.97888000">
   </rtept>
   <rtept lat="34.01370100" lon="132.97888000">
   </rtept>
   <rtept lat="34.01362200" lon="132.97857100">
   </rtept>
   <rtept lat="34.01349400" lon="132.97848800">
   </rtept>
   <rtept lat="34.01331700" lon="132.97823800">
   </rtept>
   <rtept lat="34.01319900" lon="132.97809600">
   </rtept>
   <rtept lat="34.01297200" lon="132.97782200">
   </rtept>
 </rte>
 <rte>
  <name>SHIKOKU_EHM_18(国分・唐子浜をいくみち)</name>
   <rtept lat="34.01297200" lon="132.97782200">
   </rtept>
   <rtept lat="34.01319900" lon="132.97809600">
   </rtept>
   <rtept lat="34.01331700" lon="132.97823800">
   </rtept>
   <rtept lat="34.01349400" lon="132.97848800">
   </rtept>
   <rtept lat="34.01362200" lon="132.97857100">
   </rtept>
   <rtept lat="34.01370100" lon="132.97888000">
   </rtept>
   <rtept lat="34.01377000" lon="132.97888000">
   </rtept>
   <rtept lat="34.01391800" lon="132.97904600">
   </rtept>
   <rtept lat="34.01397700" lon="132.97926000">
   </rtept>
   <rtept lat="34.01395700" lon="132.97951000">
   </rtept>
   <rtept lat="34.01402600" lon="132.97977100">
   </rtept>
   <rtept lat="34.01416400" lon="132.97983100">
   </rtept>
   <rtept lat="34.01453300" lon="132.97994100">
   </rtept>
   <rtept lat="34.01517900" lon="132.97987500">
   </rtept>
   <rtept lat="34.01528900" lon="132.98003700">
   </rtept>
   <rtept lat="34.01534400" lon="132.98017000">
   </rtept>
   <rtept lat="34.01529700" lon="132.98031200">
   </rtept>
   <rtept lat="34.01529700" lon="132.98040700">
   </rtept>
   <rtept lat="34.01519500" lon="132.98049300">
   </rtept>
   <rtept lat="34.01520300" lon="132.98065400">
   </rtept>
   <rtept lat="34.01532100" lon="132.98102500">
   </rtept>
   <rtept lat="34.01543100" lon="132.98115800">
   </rtept>
   <rtept lat="34.01550200" lon="132.98136800">
   </rtept>
   <rtept lat="34.01550200" lon="132.98157700">
   </rtept>
   <rtept lat="34.01567500" lon="132.98190000">
   </rtept>
   <rtept lat="34.01592800" lon="132.98237500">
   </rtept>
   <rtept lat="34.01636100" lon="132.98301200">
   </rtept>
   <rtept lat="34.01662900" lon="132.98345900">
   </rtept>
   <rtept lat="34.01669200" lon="132.98380100">
   </rtept>
   <rtept lat="34.01668400" lon="132.98403900">
   </rtept>
   <rtept lat="34.01662100" lon="132.98436200">
   </rtept>
   <rtept lat="34.01654200" lon="132.98440000">
   </rtept>
   <rtept lat="34.01673900" lon="132.98441900">
   </rtept>
   <rtept lat="34.01699900" lon="132.98460000">
   </rtept>
   <rtept lat="34.01737000" lon="132.98484700">
   </rtept>
   <rtept lat="34.01754300" lon="132.98506600">
   </rtept>
   <rtept lat="34.01767700" lon="132.98518900">
   </rtept>
   <rtept lat="34.01788200" lon="132.98537000">
   </rtept>
   <rtept lat="34.01805500" lon="132.98566500">
   </rtept>
   <rtept lat="34.01817300" lon="132.98596900">
   </rtept>
   <rtept lat="34.01867000" lon="132.98653000">
   </rtept>
   <rtept lat="34.01893800" lon="132.98666300">
   </rtept>
   <rtept lat="34.01959500" lon="132.98716700">
   </rtept>
   <rtept lat="34.01984700" lon="132.98715700">
   </rtept>
   <rtept lat="34.02029600" lon="132.98824100">
   </rtept>
   <rtept lat="34.02085600" lon="132.98904600">
   </rtept>
   <rtept lat="34.02136000" lon="132.98963600">
   </rtept>
   <rtept lat="34.02166700" lon="132.99017800">
   </rtept>
   <rtept lat="34.02205400" lon="132.99072900">
   </rtept>
   <rtept lat="34.02240000" lon="132.99114800">
   </rtept>
   <rtept lat="34.02265200" lon="132.99182300">
   </rtept>
   <rtept lat="34.02292000" lon="132.99217400">
   </rtept>
   <rtept lat="34.02299100" lon="132.99258300">
   </rtept>
   <rtept lat="34.02309400" lon="132.99324900">
   </rtept>
   <rtept lat="34.02320600" lon="132.99387600">
   </rtept>
   <rtept lat="34.02331600" lon="132.99431300">
   </rtept>
   <rtept lat="34.02326100" lon="132.99462700">
   </rtept>
   <rtept lat="34.02327700" lon="132.99477000">
   </rtept>
   <rtept lat="34.02349700" lon="132.99504600">
   </rtept>
   <rtept lat="34.02369400" lon="132.99525500">
   </rtept>
   <rtept lat="34.02397000" lon="132.99543500">
   </rtept>
   <rtept lat="34.02434000" lon="132.99589200">
   </rtept>
   <rtept lat="34.02468700" lon="132.99638600">
   </rtept>
   <rtept lat="34.02522300" lon="132.99698500">
   </rtept>
   <rtept lat="34.02572700" lon="132.99741300">
   </rtept>
   <rtept lat="34.02599500" lon="132.99764100">
   </rtept>
   <rtept lat="34.02550600" lon="132.99830500">
   </rtept>
   <rtept lat="34.02578200" lon="132.99855200">
   </rtept>
   <rtept lat="34.02627100" lon="132.99907500">
   </rtept>
   <rtept lat="34.02678300" lon="132.99979700">
   </rtept>
   <rtept lat="34.02689300" lon="132.99997800">
   </rtept>
   <rtept lat="34.02714500" lon="133.00037700">
   </rtept>
   <rtept lat="34.02772800" lon="133.00093800">
   </rtept>
   <rtept lat="34.02854200" lon="133.00178400">
   </rtept>
   <rtept lat="34.02917200" lon="133.00243100">
   </rtept>
   <rtept lat="34.02993600" lon="133.00329600">
   </rtept>
   <rtept lat="34.03035400" lon="133.00388500">
   </rtept>
   <rtept lat="34.03065300" lon="133.00435100">
   </rtept>
   <rtept lat="34.03123600" lon="133.00495000">
   </rtept>
   <rtept lat="34.03190600" lon="133.00573900">
   </rtept>
   <rtept lat="34.03057400" lon="133.00745000">
   </rtept>
   <rtept lat="34.02963700" lon="133.00860800">
   </rtept>
   <rtept lat="34.02939200" lon="133.00892100">
   </rtept>
   <rtept lat="34.02898300" lon="133.00957700">
   </rtept>
   <rtept lat="34.02841500" lon="133.01039500">
   </rtept>
   <rtept lat="34.02790300" lon="133.01104100">
   </rtept>
   <rtept lat="34.02735200" lon="133.01172600">
   </rtept>
   <rtept lat="34.02744600" lon="133.01196400">
   </rtept>
   <rtept lat="34.02788800" lon="133.01248600">
   </rtept>
   <rtept lat="34.02812400" lon="133.01314200">
   </rtept>
   <rtept lat="34.02821100" lon="133.01371300">
   </rtept>
   <rtept lat="34.02828200" lon="133.01410300">
   </rtept>
   <rtept lat="34.02845500" lon="133.01440700">
   </rtept>
   <rtept lat="34.02924300" lon="133.01481600">
   </rtept>
   <rtept lat="34.02984200" lon="133.01510100">
   </rtept>
   <rtept lat="34.03024300" lon="133.01545300">
   </rtept>
   <rtept lat="34.02951900" lon="133.01621900">
   </rtept>
   <rtept lat="34.02890400" lon="133.01687500">
   </rtept>
   <rtept lat="34.02810800" lon="133.01794000">
   </rtept>
   <rtept lat="34.02793500" lon="133.01822500">
   </rtept>
   <rtept lat="34.02862800" lon="133.01918500">
   </rtept>
   <rtept lat="34.02780900" lon="133.02023100">
   </rtept>
   <rtept lat="34.02721800" lon="133.02099200">
   </rtept>
   <rtept lat="34.02754100" lon="133.02140000">
   </rtept>
   <rtept lat="34.02608800" lon="133.02334500">
   </rtept>
   <rtept lat="34.02705700" lon="133.02459000">
   </rtept>
   <rtept lat="34.02712800" lon="133.02536000">
   </rtept>
   <rtept lat="34.02678900" lon="133.02547400">
   </rtept>
   <rtept lat="34.02675800" lon="133.02570200">
   </rtept>
   <rtept lat="34.02667900" lon="133.02578800">
   </rtept>
   <rtept lat="34.02665500" lon="133.02592100">
   </rtept>
   <rtept lat="34.02660800" lon="133.02602600">
   </rtept>
   <rtept lat="34.02652900" lon="133.02629200">
   </rtept>
   <rtept lat="34.02640300" lon="133.02637700">
   </rtept>
   <rtept lat="34.02618200" lon="133.02639600">
   </rtept>
   <rtept lat="34.02597800" lon="133.02633900">
   </rtept>
   <rtept lat="34.02580400" lon="133.02625400">
   </rtept>
   <rtept lat="34.02567000" lon="133.02613000">
   </rtept>
   <rtept lat="34.02560700" lon="133.02625400">
   </rtept>
   <rtept lat="34.02581200" lon="133.02666300">
   </rtept>
   <rtept lat="34.02647400" lon="133.02663400">
   </rtept>
   <rtept lat="34.02677300" lon="133.02663400">
   </rtept>
   <rtept lat="34.02687600" lon="133.02741400">
   </rtept>
   <rtept lat="34.02641900" lon="133.02840200">
   </rtept>
   <rtept lat="34.02648200" lon="133.02906800">
   </rtept>
   <rtept lat="34.02590700" lon="133.02961900">
   </rtept>
   <rtept lat="34.02626900" lon="133.02990500">
   </rtept>
   <rtept lat="34.02678100" lon="133.03015200">
   </rtept>
   <rtept lat="34.02779000" lon="133.03034200">
   </rtept>
   <rtept lat="34.02826300" lon="133.03045600">
   </rtept>
   <rtept lat="34.02894000" lon="133.03113600">
   </rtept>
   <rtept lat="34.02898000" lon="133.03241900">
   </rtept>
   <rtept lat="34.02920000" lon="133.03332200">
   </rtept>
   <rtept lat="34.02934200" lon="133.03398800">
   </rtept>
   <rtept lat="34.02926300" lon="133.03459600">
   </rtept>
   <rtept lat="34.02912900" lon="133.03548100">
   </rtept>
   <rtept lat="34.02916100" lon="133.03561400">
   </rtept>
   <rtept lat="34.02958600" lon="133.03581300">
   </rtept>
   <rtept lat="34.02972800" lon="133.03599400">
   </rtept>
   <rtept lat="34.02989400" lon="133.03611800">
   </rtept>
   <rtept lat="34.03003500" lon="133.03623200">
   </rtept>
   <rtept lat="34.03010600" lon="133.03643100">
   </rtept>
 </rte>
 <rte>
  <name>SHIKOKU_EHM_19(さざなみ探勝路)</name>
   <rtept lat="34.03010600" lon="133.03643100">
   </rtept>
   <rtept lat="34.02774700" lon="133.03767000">
   </rtept>
   <rtept lat="34.02703800" lon="133.03802700">
   </rtept>
   <rtept lat="34.02673100" lon="133.03828300">
   </rtept>
   <rtept lat="34.02499400" lon="133.03955200">
   </rtept>
   <rtept lat="34.02333900" lon="133.04085000">
   </rtept>
   <rtept lat="34.02301600" lon="133.04103300">
   </rtept>
   <rtept lat="34.02230700" lon="133.04137800">
   </rtept>
   <rtept lat="34.02299700" lon="133.04305400">
   </rtept>
   <rtept lat="34.02268100" lon="133.04326700">
   </rtept>
   <rtept lat="34.02232700" lon="133.04358800">
   </rtept>
   <rtept lat="34.02119400" lon="133.04431300">
   </rtept>
   <rtept lat="34.01994300" lon="133.04508600">
   </rtept>
   <rtept lat="34.01937200" lon="133.04545400">
   </rtept>
   <rtept lat="34.01903700" lon="133.04559700">
   </rtept>
   <rtept lat="34.01885000" lon="133.04563200">
   </rtept>
   <rtept lat="34.01775600" lon="133.04646400">
   </rtept>
   <rtept lat="34.01743700" lon="133.04666600">
   </rtept>
   <rtept lat="34.01731900" lon="133.04657100">
   </rtept>
   <rtept lat="34.01681700" lon="133.04671400">
   </rtept>
   <rtept lat="34.01671800" lon="133.04635700">
   </rtept>
   <rtept lat="34.01687600" lon="133.04426600">
   </rtept>
   <rtept lat="34.01673800" lon="133.04396900">
   </rtept>
   <rtept lat="34.01658000" lon="133.04330300">
   </rtept>
   <rtept lat="34.01649200" lon="133.04263800">
   </rtept>
   <rtept lat="34.01650100" lon="133.04222200">
   </rtept>
   <rtept lat="34.01642300" lon="133.04204300">
   </rtept>
   <rtept lat="34.01628500" lon="133.04213800">
   </rtept>
   <rtept lat="34.01631400" lon="133.04261400">
   </rtept>
   <rtept lat="34.01623600" lon="133.04407600">
   </rtept>
   <rtept lat="34.01602900" lon="133.04489600">
   </rtept>
   <rtept lat="34.01573300" lon="133.04546600">
   </rtept>
   <rtept lat="34.01537900" lon="133.04587000">
   </rtept>
   <rtept lat="34.01519100" lon="133.04598900">
   </rtept>
   <rtept lat="34.01487600" lon="133.04602500">
   </rtept>
   <rtept lat="34.01489600" lon="133.04670200">
   </rtept>
   <rtept lat="34.01508300" lon="133.04704700">
   </rtept>
   <rtept lat="34.01506300" lon="133.04741500">
   </rtept>
   <rtept lat="34.01492500" lon="133.04772400">
   </rtept>
   <rtept lat="34.01463000" lon="133.04789000">
   </rtept>
   <rtept lat="34.01442300" lon="133.04799700">
   </rtept>
   <rtept lat="34.01392100" lon="133.04838900">
   </rtept>
   <rtept lat="34.01326100" lon="133.04852000">
   </rtept>
   <rtept lat="34.01248000" lon="133.04852000">
   </rtept>
   <rtept lat="34.01163300" lon="133.04848500">
   </rtept>
   <rtept lat="34.01124900" lon="133.04842500">
   </rtept>
   <rtept lat="34.01085500" lon="133.04825900">
   </rtept>
   <rtept lat="34.01056000" lon="133.04814000">
   </rtept>
   <rtept lat="34.01026400" lon="133.04812800">
   </rtept>
   <rtept lat="34.00972200" lon="133.04830600">
   </rtept>
   <rtept lat="34.00899300" lon="133.04853200">
   </rtept>
   <rtept lat="34.00844200" lon="133.04866300">
   </rtept>
   <rtept lat="34.00784100" lon="133.04874600">
   </rtept>
   <rtept lat="34.00747600" lon="133.04886500">
   </rtept>
   <rtept lat="34.00702300" lon="133.04923300">
   </rtept>
   <rtept lat="34.00649100" lon="133.04970900">
   </rtept>
   <rtept lat="34.00618600" lon="133.05004100">
   </rtept>
   <rtept lat="34.00556500" lon="133.05052900">
   </rtept>
   <rtept lat="34.00499300" lon="133.05111100">
   </rtept>
   <rtept lat="34.00453000" lon="133.05165800">
   </rtept>
   <rtept lat="34.00416600" lon="133.05189500">
   </rtept>
   <rtept lat="34.00393000" lon="133.05205000">
   </rtept>
   <rtept lat="34.00372300" lon="133.05232300">
   </rtept>
   <rtept lat="34.00332900" lon="133.05295300">
   </rtept>
   <rtept lat="34.00310200" lon="133.05319100">
   </rtept>
   <rtept lat="34.00262900" lon="133.05338100">
   </rtept>
   <rtept lat="34.00233700" lon="133.05345400">
   </rtept>
   <rtept lat="34.00144100" lon="133.05396500">
   </rtept>
   <rtept lat="34.00064300" lon="133.05427400">
   </rtept>
   <rtept lat="34.00018000" lon="133.05454800">
   </rtept>
   <rtept lat="33.99957900" lon="133.05511800">
   </rtept>
   <rtept lat="33.99924400" lon="133.05545100">
   </rtept>
   <rtept lat="33.99882000" lon="133.05612800">
   </rtept>
   <rtept lat="33.99840600" lon="133.05656800">
   </rtept>
   <rtept lat="33.99795300" lon="133.05697700">
   </rtept>
   <rtept lat="33.99742100" lon="133.05742800">
   </rtept>
   <rtept lat="33.99730300" lon="133.05764200">
   </rtept>
   <rtept lat="33.99665300" lon="133.05881900">
   </rtept>
   <rtept lat="33.99650500" lon="133.05896100">
   </rtept>
   <rtept lat="33.99630800" lon="133.05904500">
   </rtept>
   <rtept lat="33.99610100" lon="133.05904500">
   </rtept>
   <rtept lat="33.99565800" lon="133.05883100">
   </rtept>
   <rtept lat="33.99543300" lon="133.05875900">
   </rtept>
   <rtept lat="33.99498900" lon="133.05860500">
   </rtept>
   <rtept lat="33.99443800" lon="133.05856900">
   </rtept>
   <rtept lat="33.99387600" lon="133.05867600">
   </rtept>
   <rtept lat="33.99325500" lon="133.05892600">
   </rtept>
   <rtept lat="33.99244700" lon="133.05931800">
   </rtept>
   <rtept lat="33.99129500" lon="133.06012600">
   </rtept>
   <rtept lat="33.98992500" lon="133.06111200">
   </rtept>
   <rtept lat="33.98970000" lon="133.06120800">
   </rtept>
   <rtept lat="33.98956200" lon="133.06123100">
   </rtept>
   <rtept lat="33.98934600" lon="133.06143300">
   </rtept>
   <rtept lat="33.98908900" lon="133.06148100">
   </rtept>
   <rtept lat="33.98867600" lon="133.06167100">
   </rtept>
   <rtept lat="33.98818300" lon="133.06206300">
   </rtept>
   <rtept lat="33.98779900" lon="133.06243200">
   </rtept>
   <rtept lat="33.98752300" lon="133.06275200">
   </rtept>
   <rtept lat="33.98713800" lon="133.06297800">
   </rtept>
   <rtept lat="33.98683300" lon="133.06321600">
   </rtept>
   <rtept lat="33.98558100" lon="133.06376300">
   </rtept>
   <rtept lat="33.98490900" lon="133.06401500">
   </rtept>
   <rtept lat="33.98487000" lon="133.06368200">
   </rtept>
   <rtept lat="33.98522500" lon="133.06353900">
   </rtept>
   <rtept lat="33.98515600" lon="133.06346800">
   </rtept>
   <rtept lat="33.98483100" lon="133.06327800">
   </rtept>
   <rtept lat="33.98460400" lon="133.06315900">
   </rtept>
   <rtept lat="33.98463400" lon="133.06299200">
   </rtept>
   <rtept lat="33.98480100" lon="133.06280200">
   </rtept>
   <rtept lat="33.98491900" lon="133.06286200">
   </rtept>
   <rtept lat="33.98501800" lon="133.06290900">
   </rtept>
   <rtept lat="33.98510700" lon="133.06282600">
   </rtept>
   <rtept lat="33.98510700" lon="133.06271900">
   </rtept>
   <rtept lat="33.98494900" lon="133.06255300">
   </rtept>
   <rtept lat="33.98483100" lon="133.06254100">
   </rtept>
   <rtept lat="33.98467300" lon="133.06262400">
   </rtept>
   <rtept lat="33.98455500" lon="133.06264800">
   </rtept>
   <rtept lat="33.98444600" lon="133.06255300">
   </rtept>
   <rtept lat="33.98441700" lon="133.06236300">
   </rtept>
   <rtept lat="33.98448600" lon="133.06214900">
   </rtept>
   <rtept lat="33.98472200" lon="133.06189900">
   </rtept>
   <rtept lat="33.98492900" lon="133.06176800">
   </rtept>
   <rtept lat="33.98521500" lon="133.06157800">
   </rtept>
   <rtept lat="33.98529400" lon="133.06148300">
   </rtept>
   <rtept lat="33.98527400" lon="133.06128100">
   </rtept>
   <rtept lat="33.98520500" lon="133.06107900">
   </rtept>
   <rtept lat="33.98506700" lon="133.06099600">
   </rtept>
   <rtept lat="33.98486000" lon="133.06103200">
   </rtept>
   <rtept lat="33.98458400" lon="133.06105500">
   </rtept>
   <rtept lat="33.98439700" lon="133.06103200">
   </rtept>
   <rtept lat="33.98429800" lon="133.06088900">
   </rtept>
   <rtept lat="33.98418000" lon="133.06073500">
   </rtept>
   <rtept lat="33.98407200" lon="133.06072300">
   </rtept>
   <rtept lat="33.98396300" lon="133.06075800">
   </rtept>
   <rtept lat="33.98375600" lon="133.06125700">
   </rtept>
   <rtept lat="33.98356900" lon="133.06129300">
   </rtept>
   <rtept lat="33.98338200" lon="133.06122200">
   </rtept>
   <rtept lat="33.98326400" lon="133.06122200">
   </rtept>
   <rtept lat="33.98304700" lon="133.06140000">
   </rtept>
   <rtept lat="33.98287000" lon="133.06155500">
   </rtept>
   <rtept lat="33.98274200" lon="133.06165000">
   </rtept>
   <rtept lat="33.98255400" lon="133.06173300">
   </rtept>
   <rtept lat="33.98241600" lon="133.06179200">
   </rtept>
   <rtept lat="33.98230000" lon="133.06162600">
   </rtept>
   <rtept lat="33.98209300" lon="133.06150700">
   </rtept>
   <rtept lat="33.98186600" lon="133.06144800">
   </rtept>
   <rtept lat="33.98166900" lon="133.06153100">
   </rtept>
   <rtept lat="33.98146200" lon="133.06154300">
   </rtept>
   <rtept lat="33.98138400" lon="133.06149500">
   </rtept>
   <rtept lat="33.98132400" lon="133.06125700">
   </rtept>
   <rtept lat="33.98134400" lon="133.06093700">
   </rtept>
   <rtept lat="33.98126500" lon="133.06060400">
   </rtept>
   <rtept lat="33.98110800" lon="133.06036600">
   </rtept>
   <rtept lat="33.98108800" lon="133.05997400">
   </rtept>
   <rtept lat="33.98135400" lon="133.05920200">
   </rtept>
   <rtept lat="33.98141300" lon="133.05762100">
   </rtept>
   <rtept lat="33.98158100" lon="133.05711000">
   </rtept>
   <rtept lat="33.98157100" lon="133.05696700">
   </rtept>
   <rtept lat="33.98154100" lon="133.05682500">
   </rtept>
   <rtept lat="33.98135400" lon="133.05677700">
   </rtept>
   <rtept lat="33.98117700" lon="133.05664600">
   </rtept>
   <rtept lat="33.98110800" lon="133.05636100">
   </rtept>
   <rtept lat="33.98121600" lon="133.05617100">
   </rtept>
   <rtept lat="33.98126500" lon="133.05599300">
   </rtept>
   <rtept lat="33.98118600" lon="133.05572000">
   </rtept>
   <rtept lat="33.98113700" lon="133.05556500">
   </rtept>
   <rtept lat="33.98163000" lon="133.05456700">
   </rtept>
   <rtept lat="33.98223100" lon="133.05398400">
   </rtept>
   <rtept lat="33.98286200" lon="133.05352100">
   </rtept>
 </rte>
 <rte>
  <name>SHIKOKU_EHM_20(四国一番の難所・横峰寺へのみち)</name>
   <rtept lat="33.88201300" lon="133.07745600">
   </rtept>
   <rtept lat="33.88151000" lon="133.07787800">
   </rtept>
   <rtept lat="33.88113500" lon="133.07805600">
   </rtept>
   <rtept lat="33.88083400" lon="133.07829300">
   </rtept>
   <rtept lat="33.88054200" lon="133.07856700">
   </rtept>
   <rtept lat="33.88023200" lon="133.07872700">
   </rtept>
   <rtept lat="33.87982200" lon="133.07894100">
   </rtept>
   <rtept lat="33.87943700" lon="133.07907200">
   </rtept>
   <rtept lat="33.87903800" lon="133.07913700">
   </rtept>
   <rtept lat="33.87826800" lon="133.07922600">
   </rtept>
   <rtept lat="33.87783900" lon="133.07929200">
   </rtept>
   <rtept lat="33.87751200" lon="133.07938100">
   </rtept>
   <rtept lat="33.87709300" lon="133.07942800">
   </rtept>
   <rtept lat="33.87661900" lon="133.07941100">
   </rtept>
   <rtept lat="33.87632800" lon="133.07942800">
   </rtept>
   <rtept lat="33.87617500" lon="133.07948800">
   </rtept>
   <rtept lat="33.87599300" lon="133.07956500">
   </rtept>
   <rtept lat="33.87576600" lon="133.07974900">
   </rtept>
   <rtept lat="33.87545500" lon="133.08000500">
   </rtept>
   <rtept lat="33.87530700" lon="133.07985600">
   </rtept>
   <rtept lat="33.87458700" lon="133.07917300">
   </rtept>
   <rtept lat="33.87436000" lon="133.07887600">
   </rtept>
   <rtept lat="33.87413300" lon="133.07846000">
   </rtept>
   <rtept lat="33.87402200" lon="133.07832900">
   </rtept>
   <rtept lat="33.87368100" lon="133.07810300">
   </rtept>
   <rtept lat="33.87338000" lon="133.07797300">
   </rtept>
   <rtept lat="33.87324200" lon="133.07798400">
   </rtept>
   <rtept lat="33.87310900" lon="133.07803200">
   </rtept>
   <rtept lat="33.87298600" lon="133.07815100">
   </rtept>
   <rtept lat="33.87284200" lon="133.07831100">
   </rtept>
   <rtept lat="33.87265500" lon="133.07855500">
   </rtept>
   <rtept lat="33.87250200" lon="133.07873300">
   </rtept>
   <rtept lat="33.87226000" lon="133.07878700">
   </rtept>
   <rtept lat="33.87178200" lon="133.07883400">
   </rtept>
   <rtept lat="33.87124900" lon="133.07884600">
   </rtept>
   <rtept lat="33.87089800" lon="133.07884000">
   </rtept>
   <rtept lat="33.87060200" lon="133.07887600">
   </rtept>
   <rtept lat="33.87021200" lon="133.07889400">
   </rtept>
   <rtept lat="33.86936300" lon="133.07885800">
   </rtept>
   <rtept lat="33.86896400" lon="133.07887000">
   </rtept>
   <rtept lat="33.86834200" lon="133.07897100">
   </rtept>
   <rtept lat="33.86796200" lon="133.07909000">
   </rtept>
   <rtept lat="33.86726100" lon="133.07942200">
   </rtept>
   <rtept lat="33.86645600" lon="133.07980900">
   </rtept>
   <rtept lat="33.86598300" lon="133.08008200">
   </rtept>
   <rtept lat="33.86568700" lon="133.08019500">
   </rtept>
   <rtept lat="33.86528700" lon="133.08020700">
   </rtept>
   <rtept lat="33.86485800" lon="133.08011200">
   </rtept>
   <rtept lat="33.86429700" lon="133.07987400">
   </rtept>
   <rtept lat="33.86329600" lon="133.07945800">
   </rtept>
   <rtept lat="33.86247200" lon="133.07917900">
   </rtept>
   <rtept lat="33.86200300" lon="133.07911300">
   </rtept>
   <rtept lat="33.86173200" lon="133.07915500">
   </rtept>
   <rtept lat="33.86157900" lon="133.07928000">
   </rtept>
   <rtept lat="33.86150000" lon="133.07948800">
   </rtept>
   <rtept lat="33.86148100" lon="133.07974000">
   </rtept>
   <rtept lat="33.86130800" lon="133.08032900">
   </rtept>
   <rtept lat="33.86097800" lon="133.08120800">
   </rtept>
   <rtept lat="33.86079000" lon="133.08157600">
   </rtept>
   <rtept lat="33.86058800" lon="133.08190300">
   </rtept>
   <rtept lat="33.86043500" lon="133.08194500">
   </rtept>
   <rtept lat="33.86021300" lon="133.08190300">
   </rtept>
   <rtept lat="33.85976400" lon="133.08182000">
   </rtept>
   <rtept lat="33.85895500" lon="133.08166000">
   </rtept>
   <rtept lat="33.85848200" lon="133.08160600">
   </rtept>
   <rtept lat="33.85809200" lon="133.08153500">
   </rtept>
   <rtept lat="33.85775600" lon="133.08151700">
   </rtept>
   <rtept lat="33.85733200" lon="133.08155300">
   </rtept>
   <rtept lat="33.85705100" lon="133.08151100">
   </rtept>
   <rtept lat="33.85689300" lon="133.08146900">
   </rtept>
   <rtept lat="33.85677900" lon="133.08154100">
   </rtept>
   <rtept lat="33.85674000" lon="133.08170700">
   </rtept>
   <rtept lat="33.85669100" lon="133.08212900">
   </rtept>
   <rtept lat="33.85675000" lon="133.08242600">
   </rtept>
   <rtept lat="33.85675500" lon="133.08269400">
   </rtept>
   <rtept lat="33.85672500" lon="133.08286600">
   </rtept>
   <rtept lat="33.85662600" lon="133.08323400">
   </rtept>
   <rtept lat="33.85636500" lon="133.08341800">
   </rtept>
   <rtept lat="33.85598000" lon="133.08358500">
   </rtept>
   <rtept lat="33.85549700" lon="133.08376300">
   </rtept>
   <rtept lat="33.85536300" lon="133.08387000">
   </rtept>
   <rtept lat="33.85522000" lon="133.08410800">
   </rtept>
   <rtept lat="33.85518100" lon="133.08423800">
   </rtept>
   <rtept lat="33.85524000" lon="133.08439900">
   </rtept>
   <rtept lat="33.85530900" lon="133.08448200">
   </rtept>
   <rtept lat="33.85540300" lon="133.08448800">
   </rtept>
   <rtept lat="33.85554600" lon="133.08447600">
   </rtept>
   <rtept lat="33.85573300" lon="133.08447000">
   </rtept>
   <rtept lat="33.85585700" lon="133.08449200">
   </rtept>
   <rtept lat="33.85615300" lon="133.08455700">
   </rtept>
   <rtept lat="33.85621700" lon="133.08469400">
   </rtept>
   <rtept lat="33.85624700" lon="133.08487800">
   </rtept>
   <rtept lat="33.85628100" lon="133.08517500">
   </rtept>
   <rtept lat="33.85623700" lon="133.08541900">
   </rtept>
   <rtept lat="33.85616800" lon="133.08555600">
   </rtept>
   <rtept lat="33.85601000" lon="133.08568600">
   </rtept>
   <rtept lat="33.85557900" lon="133.08593000">
   </rtept>
   <rtept lat="33.85518500" lon="133.08602500">
   </rtept>
   <rtept lat="33.85495300" lon="133.08601900">
   </rtept>
   <rtept lat="33.85471600" lon="133.08596000">
   </rtept>
   <rtept lat="33.85445400" lon="133.08588900">
   </rtept>
   <rtept lat="33.85426200" lon="133.08590600">
   </rtept>
   <rtept lat="33.85412900" lon="133.08596000">
   </rtept>
   <rtept lat="33.85395600" lon="133.08616200">
   </rtept>
   <rtept lat="33.85345300" lon="133.08686300">
   </rtept>
   <rtept lat="33.85318100" lon="133.08714200">
   </rtept>
   <rtept lat="33.85297900" lon="133.08735600">
   </rtept>
   <rtept lat="33.85291000" lon="133.08756400">
   </rtept>
   <rtept lat="33.85292500" lon="133.08768900">
   </rtept>
   <rtept lat="33.85309700" lon="133.08804500">
   </rtept>
   <rtept lat="33.85323200" lon="133.08824200">
   </rtept>
   <rtept lat="33.85341900" lon="133.08829500">
   </rtept>
   <rtept lat="33.85359700" lon="133.08827700">
   </rtept>
   <rtept lat="33.85382400" lon="133.08814600">
   </rtept>
   <rtept lat="33.85414000" lon="133.08793800">
   </rtept>
   <rtept lat="33.85429200" lon="133.08787900">
   </rtept>
   <rtept lat="33.85448000" lon="133.08792700">
   </rtept>
   <rtept lat="33.85456900" lon="133.08807500">
   </rtept>
   <rtept lat="33.85470200" lon="133.08833700">
   </rtept>
   <rtept lat="33.85482500" lon="133.08844400">
   </rtept>
   <rtept lat="33.85498300" lon="133.08857400">
   </rtept>
   <rtept lat="33.85511200" lon="133.08876400">
   </rtept>
   <rtept lat="33.85525000" lon="133.08897800">
   </rtept>
   <rtept lat="33.85541300" lon="133.08914500">
   </rtept>
   <rtept lat="33.85567400" lon="133.08922800">
   </rtept>
   <rtept lat="33.85599500" lon="133.08922800">
   </rtept>
   <rtept lat="33.85618200" lon="133.08927500">
   </rtept>
   <rtept lat="33.85630100" lon="133.08944800">
   </rtept>
   <rtept lat="33.85636000" lon="133.08960800">
   </rtept>
   <rtept lat="33.85635000" lon="133.08977500">
   </rtept>
   <rtept lat="33.85622200" lon="133.08995900">
   </rtept>
   <rtept lat="33.85564900" lon="133.09016700">
   </rtept>
   <rtept lat="33.85557100" lon="133.09026000">
   </rtept>
   <rtept lat="33.85552100" lon="133.09042600">
   </rtept>
   <rtept lat="33.85549700" lon="133.09067600">
   </rtept>
   <rtept lat="33.85551600" lon="133.09096700">
   </rtept>
   <rtept lat="33.85558000" lon="133.09141300">
   </rtept>
   <rtept lat="33.85559000" lon="133.09184100">
   </rtept>
   <rtept lat="33.85565900" lon="133.09211400">
   </rtept>
   <rtept lat="33.85581700" lon="133.09234600">
   </rtept>
   <rtept lat="33.85598000" lon="133.09254200">
   </rtept>
   <rtept lat="33.85603900" lon="133.09276800">
   </rtept>
   <rtept lat="33.85610300" lon="133.09336200">
   </rtept>
   <rtept lat="33.85610800" lon="133.09395600">
   </rtept>
   <rtept lat="33.85578800" lon="133.09393800">
   </rtept>
   <rtept lat="33.85545700" lon="133.09393800">
   </rtept>
   <rtept lat="33.85530400" lon="133.09404500">
   </rtept>
   <rtept lat="33.85490400" lon="133.09447900">
   </rtept>
   <rtept lat="33.85452900" lon="133.09486500">
   </rtept>
   <rtept lat="33.85409500" lon="133.09504300">
   </rtept>
   <rtept lat="33.85369000" lon="133.09498400">
   </rtept>
   <rtept lat="33.85323600" lon="133.09482900">
   </rtept>
   <rtept lat="33.85283200" lon="133.09481800">
   </rtept>
   <rtept lat="33.85251600" lon="133.09505500">
   </rtept>
   <rtept lat="33.85214100" lon="133.09557800">
   </rtept>
   <rtept lat="33.85176600" lon="133.09616000">
   </rtept>
   <rtept lat="33.85155900" lon="133.09629100">
   </rtept>
   <rtept lat="33.85102600" lon="133.09670700">
   </rtept>
   <rtept lat="33.85081100" lon="133.09697200">
   </rtept>
   <rtept lat="33.85055700" lon="133.09734300">
   </rtept>
   <rtept lat="33.85046800" lon="133.09745000">
   </rtept>
   <rtept lat="33.85019000" lon="133.09757800">
   </rtept>
   <rtept lat="33.84974000" lon="133.09783500">
   </rtept>
   <rtept lat="33.84953800" lon="133.09809900">
   </rtept>
   <rtept lat="33.84936700" lon="133.09843400">
   </rtept>
   <rtept lat="33.84897600" lon="133.09945300">
   </rtept>
   <rtept lat="33.84870900" lon="133.09994500">
   </rtept>
   <rtept lat="33.84851400" lon="133.10018800">
   </rtept>
   <rtept lat="33.84803400" lon="133.10050900">
   </rtept>
   <rtept lat="33.84760200" lon="133.10080800">
   </rtept>
   <rtept lat="33.84738300" lon="133.10109300">
   </rtept>
   <rtept lat="33.84735100" lon="133.10139400">
   </rtept>
   <rtept lat="33.84730400" lon="133.10203100">
   </rtept>
   <rtept lat="33.84725600" lon="133.10260100">
   </rtept>
   <rtept lat="33.84714600" lon="133.10289600">
   </rtept>
   <rtept lat="33.84696400" lon="133.10336200">
   </rtept>
   <rtept lat="33.84676700" lon="133.10382800">
   </rtept>
   <rtept lat="33.84668800" lon="133.10412200">
   </rtept>
   <rtept lat="33.84664800" lon="133.10451200">
   </rtept>
   <rtept lat="33.84661700" lon="133.10474000">
   </rtept>
   <rtept lat="33.84623000" lon="133.10503500">
   </rtept>
   <rtept lat="33.84571700" lon="133.10537700">
   </rtept>
   <rtept lat="33.84526700" lon="133.10546300">
   </rtept>
   <rtept lat="33.84476900" lon="133.10530100">
   </rtept>
   <rtept lat="33.84434300" lon="133.10498700">
   </rtept>
   <rtept lat="33.84398700" lon="133.10479700">
   </rtept>
   <rtept lat="33.84319100" lon="133.10460700">
   </rtept>
   <rtept lat="33.84248900" lon="133.10447400">
   </rtept>
   <rtept lat="33.84211800" lon="133.10456900">
   </rtept>
   <rtept lat="33.84169900" lon="133.10467400">
   </rtept>
   <rtept lat="33.84121700" lon="133.10503500">
   </rtept>
   <rtept lat="33.84065700" lon="133.10552000">
   </rtept>
   <rtept lat="33.84012000" lon="133.10584300">
   </rtept>
   <rtept lat="33.83985100" lon="133.10606200">
   </rtept>
   <rtept lat="33.83969300" lon="133.10637600">
   </rtept>
   <rtept lat="33.83954300" lon="133.10692700">
   </rtept>
   <rtept lat="33.83940900" lon="133.10765900">
   </rtept>
   <rtept lat="33.83929800" lon="133.10801100">
   </rtept>
   <rtept lat="33.83910100" lon="133.10822000">
   </rtept>
   <rtept lat="33.83876900" lon="133.10841000">
   </rtept>
   <rtept lat="33.83853200" lon="133.10867600">
   </rtept>
   <rtept lat="33.83827200" lon="133.10913300">
   </rtept>
   <rtept lat="33.83809800" lon="133.10966500">
   </rtept>
   <rtept lat="33.83797200" lon="133.11008300">
   </rtept>
   <rtept lat="33.83783000" lon="133.11062500">
   </rtept>
   <rtept lat="33.83771900" lon="133.11100600">
   </rtept>
 </rte>
 <rte>
  <name>SHIKOKU_EHM_21(61番香園寺へのみち)</name>
   <rtept lat="33.83771900" lon="133.11100600">
   </rtept>
   <rtept lat="33.83780300" lon="133.11131500">
   </rtept>
   <rtept lat="33.83803500" lon="133.11148100">
   </rtept>
   <rtept lat="33.83847400" lon="133.11168300">
   </rtept>
   <rtept lat="33.83893300" lon="133.11192100">
   </rtept>
   <rtept lat="33.83907600" lon="133.11201600">
   </rtept>
   <rtept lat="33.83930800" lon="133.11208200">
   </rtept>
   <rtept lat="33.83942700" lon="133.11220600">
   </rtept>
   <rtept lat="33.83960000" lon="133.11258700">
   </rtept>
   <rtept lat="33.83993500" lon="133.11296700">
   </rtept>
   <rtept lat="33.84030000" lon="133.11330600">
   </rtept>
   <rtept lat="33.84058200" lon="133.11337100">
   </rtept>
   <rtept lat="33.84092200" lon="133.11327600">
   </rtept>
   <rtept lat="33.84110900" lon="133.11331200">
   </rtept>
   <rtept lat="33.84137000" lon="133.11334700">
   </rtept>
   <rtept lat="33.84192300" lon="133.11327600">
   </rtept>
   <rtept lat="33.84242200" lon="133.11316300">
   </rtept>
   <rtept lat="33.84266300" lon="133.11315700">
   </rtept>
   <rtept lat="33.84282600" lon="133.11322800">
   </rtept>
   <rtept lat="33.84293000" lon="133.11328800">
   </rtept>
   <rtept lat="33.84293500" lon="133.11337700">
   </rtept>
   <rtept lat="33.84283600" lon="133.11344800">
   </rtept>
   <rtept lat="33.84276700" lon="133.11347800">
   </rtept>
   <rtept lat="33.84282600" lon="133.11354300">
   </rtept>
   <rtept lat="33.84326600" lon="133.11354900">
   </rtept>
   <rtept lat="33.84327500" lon="133.11360900">
   </rtept>
   <rtept lat="33.84321100" lon="133.11365000">
   </rtept>
   <rtept lat="33.84283600" lon="133.11371600">
   </rtept>
   <rtept lat="33.84279700" lon="133.11379300">
   </rtept>
   <rtept lat="33.84284100" lon="133.11388200">
   </rtept>
   <rtept lat="33.84297400" lon="133.11388200">
   </rtept>
   <rtept lat="33.84332500" lon="133.11377500">
   </rtept>
   <rtept lat="33.84351700" lon="133.11373300">
   </rtept>
   <rtept lat="33.84369000" lon="133.11376900">
   </rtept>
   <rtept lat="33.84387600" lon="133.11384600">
   </rtept>
   <rtept lat="33.84416200" lon="133.11385800">
   </rtept>
   <rtept lat="33.84449700" lon="133.11390600">
   </rtept>
   <rtept lat="33.84473400" lon="133.11384600">
   </rtept>
   <rtept lat="33.84490700" lon="133.11369800">
   </rtept>
   <rtept lat="33.84511400" lon="133.11344200">
   </rtept>
   <rtept lat="33.84531700" lon="133.11307400">
   </rtept>
   <rtept lat="33.84569700" lon="133.11259900">
   </rtept>
   <rtept lat="33.84613100" lon="133.11225400">
   </rtept>
   <rtept lat="33.84651600" lon="133.11207000">
   </rtept>
   <rtept lat="33.84697000" lon="133.11183800">
   </rtept>
   <rtept lat="33.84719200" lon="133.11174300">
   </rtept>
   <rtept lat="33.84746700" lon="133.11172500">
   </rtept>
   <rtept lat="33.84784200" lon="133.11180200">
   </rtept>
   <rtept lat="33.84826700" lon="133.11208200">
   </rtept>
   <rtept lat="33.84885400" lon="133.11254500">
   </rtept>
   <rtept lat="33.84919000" lon="133.11283000">
   </rtept>
   <rtept lat="33.84978700" lon="133.11331200">
   </rtept>
   <rtept lat="33.85001600" lon="133.11335900">
   </rtept>
   <rtept lat="33.85020300" lon="133.11346600">
   </rtept>
   <rtept lat="33.85056800" lon="133.11388200">
   </rtept>
   <rtept lat="33.85140200" lon="133.11472600">
   </rtept>
   <rtept lat="33.85165900" lon="133.11502300">
   </rtept>
   <rtept lat="33.85193000" lon="133.11543300">
   </rtept>
   <rtept lat="33.85217200" lon="133.11570000">
   </rtept>
   <rtept lat="33.85227600" lon="133.11573000">
   </rtept>
   <rtept lat="33.85235000" lon="133.11570600">
   </rtept>
   <rtept lat="33.85245700" lon="133.11556400">
   </rtept>
   <rtept lat="33.85253600" lon="133.11551000">
   </rtept>
   <rtept lat="33.85265000" lon="133.11551000">
   </rtept>
   <rtept lat="33.85277300" lon="133.11557500">
   </rtept>
   <rtept lat="33.85302000" lon="133.11578300">
   </rtept>
   <rtept lat="33.85321200" lon="133.11592000">
   </rtept>
   <rtept lat="33.85351300" lon="133.11599700">
   </rtept>
   <rtept lat="33.85388800" lon="133.11608100">
   </rtept>
   <rtept lat="33.85423400" lon="133.11607500">
   </rtept>
   <rtept lat="33.85462900" lon="133.11603300">
   </rtept>
   <rtept lat="33.85487000" lon="133.11597400">
   </rtept>
   <rtept lat="33.85505300" lon="133.11588400">
   </rtept>
   <rtept lat="33.85536000" lon="133.11564700">
   </rtept>
   <rtept lat="33.85559200" lon="133.11542700">
   </rtept>
   <rtept lat="33.85576000" lon="133.11520700">
   </rtept>
   <rtept lat="33.85589300" lon="133.11506400">
   </rtept>
   <rtept lat="33.85602100" lon="133.11499300">
   </rtept>
   <rtept lat="33.85615900" lon="133.11499300">
   </rtept>
   <rtept lat="33.85632200" lon="133.11504100">
   </rtept>
   <rtept lat="33.85649000" lon="133.11516000">
   </rtept>
   <rtept lat="33.85676100" lon="133.11526100">
   </rtept>
   <rtept lat="33.85695400" lon="133.11528400">
   </rtept>
   <rtept lat="33.85735800" lon="133.11520100">
   </rtept>
   <rtept lat="33.85757100" lon="133.11516500">
   </rtept>
   <rtept lat="33.85813300" lon="133.11513000">
   </rtept>
   <rtept lat="33.85893800" lon="133.11511800">
   </rtept>
   <rtept lat="33.85960400" lon="133.11508800">
   </rtept>
   <rtept lat="33.86006800" lon="133.11508800">
   </rtept>
   <rtept lat="33.86030000" lon="133.11511800">
   </rtept>
   <rtept lat="33.86058600" lon="133.11520100">
   </rtept>
   <rtept lat="33.86071000" lon="133.11495200">
   </rtept>
   <rtept lat="33.86104500" lon="133.11449400">
   </rtept>
   <rtept lat="33.86117400" lon="133.11429200">
   </rtept>
   <rtept lat="33.86124300" lon="133.11387600">
   </rtept>
   <rtept lat="33.86133100" lon="133.11359700">
   </rtept>
   <rtept lat="33.86135100" lon="133.11341900">
   </rtept>
   <rtept lat="33.86131700" lon="133.11328200">
   </rtept>
   <rtept lat="33.86112900" lon="133.11304400">
   </rtept>
   <rtept lat="33.86084800" lon="133.11269400">
   </rtept>
   <rtept lat="33.86074400" lon="133.11254500">
   </rtept>
   <rtept lat="33.86067500" lon="133.11226600">
   </rtept>
   <rtept lat="33.86069000" lon="133.11196900">
   </rtept>
   <rtept lat="33.86076900" lon="133.11129700">
   </rtept>
   <rtept lat="33.86075900" lon="133.11108900">
   </rtept>
   <rtept lat="33.86071500" lon="133.11079800">
   </rtept>
   <rtept lat="33.86067500" lon="133.11052500">
   </rtept>
   <rtept lat="33.86064600" lon="133.11037000">
   </rtept>
   <rtept lat="33.86064100" lon="133.11015600">
   </rtept>
   <rtept lat="33.86067500" lon="133.10990700">
   </rtept>
   <rtept lat="33.86075400" lon="133.10955000">
   </rtept>
   <rtept lat="33.86096100" lon="133.10912800">
   </rtept>
   <rtept lat="33.86102600" lon="133.10892000">
   </rtept>
   <rtept lat="33.86115400" lon="133.10859400">
   </rtept>
   <rtept lat="33.86132700" lon="133.10813600">
   </rtept>
   <rtept lat="33.86153500" lon="133.10775200">
   </rtept>
   <rtept lat="33.86208200" lon="133.10679000">
   </rtept>
   <rtept lat="33.86242800" lon="133.10613600">
   </rtept>
   <rtept lat="33.86245200" lon="133.10605300">
   </rtept>
   <rtept lat="33.86243800" lon="133.10594000">
   </rtept>
   <rtept lat="33.86246700" lon="133.10591000">
   </rtept>
   <rtept lat="33.86262500" lon="133.10596400">
   </rtept>
   <rtept lat="33.86284700" lon="133.10585700">
   </rtept>
   <rtept lat="33.86305000" lon="133.10581500">
   </rtept>
   <rtept lat="33.86341500" lon="133.10588600">
   </rtept>
   <rtept lat="33.86358200" lon="133.10586900">
   </rtept>
   <rtept lat="33.86374000" lon="133.10585700">
   </rtept>
   <rtept lat="33.86397200" lon="133.10585100">
   </rtept>
   <rtept lat="33.86432700" lon="133.10589800">
   </rtept>
   <rtept lat="33.86451600" lon="133.10591600">
   </rtept>
   <rtept lat="33.86468900" lon="133.10582700">
   </rtept>
   <rtept lat="33.86491600" lon="133.10581500">
   </rtept>
   <rtept lat="33.86505900" lon="133.10573800">
   </rtept>
   <rtept lat="33.86525600" lon="133.10555400">
   </rtept>
   <rtept lat="33.86544800" lon="133.10497100">
   </rtept>
   <rtept lat="33.86555200" lon="133.10462100">
   </rtept>
   <rtept lat="33.86563100" lon="133.10437700">
   </rtept>
   <rtept lat="33.86565600" lon="133.10411000">
   </rtept>
   <rtept lat="33.86570500" lon="133.10397900">
   </rtept>
   <rtept lat="33.86687400" lon="133.10343200">
   </rtept>
   <rtept lat="33.86747600" lon="133.10328400">
   </rtept>
   <rtept lat="33.86798400" lon="133.10312700">
   </rtept>
   <rtept lat="33.86818000" lon="133.10307800">
   </rtept>
   <rtept lat="33.86835100" lon="133.10297800">
   </rtept>
   <rtept lat="33.86864700" lon="133.10295600">
   </rtept>
   <rtept lat="33.86915100" lon="133.10286400">
   </rtept>
   <rtept lat="33.86937600" lon="133.10291400">
   </rtept>
   <rtept lat="33.86966600" lon="133.10288500">
   </rtept>
   <rtept lat="33.86990200" lon="133.10281400">
   </rtept>
   <rtept lat="33.86999700" lon="133.10286400">
   </rtept>
   <rtept lat="33.87021000" lon="133.10292800">
   </rtept>
   <rtept lat="33.87037600" lon="133.10284200">
   </rtept>
   <rtept lat="33.87059500" lon="133.10274200">
   </rtept>
   <rtept lat="33.87080200" lon="133.10275700">
   </rtept>
   <rtept lat="33.87102700" lon="133.10271400">
   </rtept>
   <rtept lat="33.87114600" lon="133.10256400">
   </rtept>
   <rtept lat="33.87116900" lon="133.10238600">
   </rtept>
   <rtept lat="33.87117500" lon="133.10215100">
   </rtept>
   <rtept lat="33.87100400" lon="133.10192200">
   </rtept>
   <rtept lat="33.87096800" lon="133.10185100">
   </rtept>
   <rtept lat="33.87112800" lon="133.10165900">
   </rtept>
   <rtept lat="33.87114000" lon="133.10151600">
   </rtept>
   <rtept lat="33.87079100" lon="133.10143800">
   </rtept>
   <rtept lat="33.87056600" lon="133.10143000">
   </rtept>
   <rtept lat="33.87045900" lon="133.10136800">
   </rtept>
   <rtept lat="33.87066400" lon="133.10129200">
   </rtept>
   <rtept lat="33.87103500" lon="133.10121600">
   </rtept>
   <rtept lat="33.87117700" lon="133.10103600">
   </rtept>
   <rtept lat="33.87071900" lon="133.10079800">
   </rtept>
   <rtept lat="33.87090100" lon="133.10054100">
   </rtept>
   <rtept lat="33.87102700" lon="133.10039900">
   </rtept>
   <rtept lat="33.87125600" lon="133.10028500">
   </rtept>
   <rtept lat="33.87144500" lon="133.10023700">
   </rtept>
   <rtept lat="33.87169800" lon="133.10022800">
   </rtept>
   <rtept lat="33.87185600" lon="133.10025600">
   </rtept>
   <rtept lat="33.87206900" lon="133.10050300">
   </rtept>
   <rtept lat="33.87217200" lon="133.10063600">
   </rtept>
   <rtept lat="33.87224300" lon="133.10083600">
   </rtept>
   <rtept lat="33.87234500" lon="133.10078800">
   </rtept>
   <rtept lat="33.87249500" lon="133.10076000">
   </rtept>
   <rtept lat="33.87270800" lon="133.10077900">
   </rtept>
   <rtept lat="33.87285000" lon="133.10079800">
   </rtept>
   <rtept lat="33.87307100" lon="133.10096000">
   </rtept>
   <rtept lat="33.87330800" lon="133.10098800">
   </rtept>
   <rtept lat="33.87352900" lon="133.10107400">
   </rtept>
   <rtept lat="33.87372500" lon="133.10111200">
   </rtept>
   <rtept lat="33.87423000" lon="133.10150200">
   </rtept>
   <rtept lat="33.87441200" lon="133.10137800">
   </rtept>
   <rtept lat="33.87453800" lon="133.10122600">
   </rtept>
   <rtept lat="33.87475100" lon="133.10114000">
   </rtept>
   <rtept lat="33.87505900" lon="133.10119700">
   </rtept>
   <rtept lat="33.87547700" lon="133.10104500">
   </rtept>
   <rtept lat="33.87564300" lon="133.10082700">
   </rtept>
   <rtept lat="33.87576900" lon="133.10068400">
   </rtept>
   <rtept lat="33.87588000" lon="133.10028500">
   </rtept>
   <rtept lat="33.87618000" lon="133.10004700">
   </rtept>
   <rtept lat="33.87666100" lon="133.09952400">
   </rtept>
   <rtept lat="33.87679600" lon="133.09937200">
   </rtept>
   <rtept lat="33.87745100" lon="133.09924800">
   </rtept>
   <rtept lat="33.87768700" lon="133.09910600">
   </rtept>
   <rtept lat="33.87798900" lon="133.09885900">
   </rtept>
   <rtept lat="33.87825700" lon="133.09868700">
   </rtept>
   <rtept lat="33.87850200" lon="133.09840200">
   </rtept>
   <rtept lat="33.87866800" lon="133.09825000">
   </rtept>
   <rtept lat="33.87896000" lon="133.09810700">
   </rtept>
   <rtept lat="33.87937000" lon="133.09794600">
   </rtept>
   <rtept lat="33.87979600" lon="133.09773700">
   </rtept>
   <rtept lat="33.88014400" lon="133.09753700">
   </rtept>
   <rtept lat="33.88045200" lon="133.09737500">
   </rtept>
   <rtept lat="33.88067300" lon="133.09736600">
   </rtept>
   <rtept lat="33.88082300" lon="133.09739400">
   </rtept>
   <rtept lat="33.88109900" lon="133.09765100">
   </rtept>
   <rtept lat="33.88147000" lon="133.09795500">
   </rtept>
   <rtept lat="33.88166700" lon="133.09804100">
   </rtept>
   <rtept lat="33.88180100" lon="133.09810700">
   </rtept>
   <rtept lat="33.88220400" lon="133.09811700">
   </rtept>
   <rtept lat="33.88274800" lon="133.09810700">
   </rtept>
   <rtept lat="33.88356800" lon="133.09805000">
   </rtept>
   <rtept lat="33.88436500" lon="133.09804100">
   </rtept>
   <rtept lat="33.88468800" lon="133.09804100">
   </rtept>
   <rtept lat="33.88483800" lon="133.09811700">
   </rtept>
   <rtept lat="33.88524100" lon="133.09815500">
   </rtept>
   <rtept lat="33.88577800" lon="133.09828800">
   </rtept>
   <rtept lat="33.88648000" lon="133.09833600">
   </rtept>
   <rtept lat="33.88702500" lon="133.09859200">
   </rtept>
   <rtept lat="33.88733200" lon="133.09863000">
   </rtept>
   <rtept lat="33.88787800" lon="133.09877300">
   </rtept>
   <rtept lat="33.88888100" lon="133.09903900">
   </rtept>
   <rtept lat="33.88936200" lon="133.09886800">
   </rtept>
   <rtept lat="33.88980400" lon="133.09873500">
   </rtept>
   <rtept lat="33.89017500" lon="133.09874400">
   </rtept>
   <rtept lat="33.89064900" lon="133.09856400">
   </rtept>
   <rtept lat="33.89100400" lon="133.09849700">
   </rtept>
   <rtept lat="33.89155600" lon="133.09851600">
   </rtept>
   <rtept lat="33.89192700" lon="133.09879200">
   </rtept>
   <rtept lat="33.89218800" lon="133.09898200">
   </rtept>
   <rtept lat="33.89248600" lon="133.09923900">
   </rtept>
   <rtept lat="33.89254100" lon="133.09938100">
   </rtept>
   <rtept lat="33.89254900" lon="133.09951500">
   </rtept>
   <rtept lat="33.89271500" lon="133.09979000">
   </rtept>
   <rtept lat="33.89283300" lon="133.09980000">
   </rtept>
   <rtept lat="33.89344100" lon="133.09964800">
   </rtept>
   <rtept lat="33.89410400" lon="133.10234800">
   </rtept>
   <rtept lat="33.89381200" lon="133.10250900">
   </rtept>
   <rtept lat="33.89367000" lon="133.10265200">
   </rtept>
   <rtept lat="33.89416700" lon="133.10403000">
   </rtept>
   <rtept lat="33.89387500" lon="133.10430600">
   </rtept>
   <rtept lat="33.89490900" lon="133.10574200">
   </rtept>
   <rtept lat="33.89486900" lon="133.10629300">
   </rtept>
   <rtept lat="33.89493200" lon="133.10697800">
   </rtept>
   <rtept lat="33.89497200" lon="133.10740500">
   </rtept>
   <rtept lat="33.89508200" lon="133.10832500">
   </rtept>
   <rtept lat="33.89513700" lon="133.10911400">
   </rtept>
   <rtept lat="33.89512200" lon="133.10966500">
   </rtept>
   <rtept lat="33.89660500" lon="133.10929500">
   </rtept>
   <rtept lat="33.89660500" lon="133.10948500">
   </rtept>
   <rtept lat="33.89665300" lon="133.10979800">
   </rtept>
   <rtept lat="33.89670000" lon="133.11537000">
   </rtept>
   <rtept lat="33.89700000" lon="133.11538900">
   </rtept>
   <rtept lat="33.89736300" lon="133.11538400">
   </rtept>
   <rtept lat="33.89733100" lon="133.11665800">
   </rtept>
   <rtept lat="33.89409600" lon="133.11667700">
   </rtept>
   <rtept lat="33.89386700" lon="133.11846400">
   </rtept>
   <rtept lat="33.89371700" lon="133.11965300">
   </rtept>
   <rtept lat="33.89370900" lon="133.11994700">
   </rtept>
 </rte>
 <rte>
  <name>SHIKOKU_EHM_22(歴史の散歩みち)</name>
   <rtept lat="33.89370900" lon="133.11994700">
   </rtept>
   <rtept lat="33.89367900" lon="133.12191700">
   </rtept>
   <rtept lat="33.89375000" lon="133.12238800">
   </rtept>
   <rtept lat="33.89369000" lon="133.12325800">
   </rtept>
   <rtept lat="33.89354800" lon="133.12429900">
   </rtept>
   <rtept lat="33.89313400" lon="133.12573900">
   </rtept>
   <rtept lat="33.89267200" lon="133.12690800">
   </rtept>
   <rtept lat="33.89229400" lon="133.12792100">
   </rtept>
   <rtept lat="33.89357200" lon="133.12857000">
   </rtept>
   <rtept lat="33.89373800" lon="133.12824200">
   </rtept>
   <rtept lat="33.89377300" lon="133.12815600">
   </rtept>
   <rtept lat="33.89405100" lon="133.12827000">
   </rtept>
   <rtept lat="33.89424100" lon="133.12831300">
   </rtept>
   <rtept lat="33.89454300" lon="133.12820600">
   </rtept>
   <rtept lat="33.89467900" lon="133.12816300">
   </rtept>
   <rtept lat="33.89492200" lon="133.12822000">
   </rtept>
   <rtept lat="33.89551300" lon="133.12844900">
   </rtept>
   <rtept lat="33.89572100" lon="133.12850600">
   </rtept>
   <rtept lat="33.89594000" lon="133.12855600">
   </rtept>
   <rtept lat="33.89614100" lon="133.12860500">
   </rtept>
   <rtept lat="33.89608200" lon="133.12893300">
   </rtept>
   <rtept lat="33.89595100" lon="133.12926900">
   </rtept>
   <rtept lat="33.89572600" lon="133.12936100">
   </rtept>
   <rtept lat="33.89550200" lon="133.12933300">
   </rtept>
   <rtept lat="33.89521700" lon="133.12914000">
   </rtept>
   <rtept lat="33.89512300" lon="133.12939700">
   </rtept>
   <rtept lat="33.89493900" lon="133.12964600">
   </rtept>
   <rtept lat="33.89463700" lon="133.12990300">
   </rtept>
   <rtept lat="33.89441800" lon="133.13005300">
   </rtept>
   <rtept lat="33.89424700" lon="133.13005300">
   </rtept>
   <rtept lat="33.89419900" lon="133.13006700">
   </rtept>
   <rtept lat="33.89413400" lon="133.13020300">
   </rtept>
   <rtept lat="33.89428200" lon="133.13052400">
   </rtept>
   <rtept lat="33.89441200" lon="133.13127900">
   </rtept>
   <rtept lat="33.89435300" lon="133.13160000">
   </rtept>
   <rtept lat="33.89432400" lon="133.13237700">
   </rtept>
   <rtept lat="33.89434700" lon="133.13284800">
   </rtept>
   <rtept lat="33.89435300" lon="133.13366700">
   </rtept>
   <rtept lat="33.89435300" lon="133.13452200">
   </rtept>
   <rtept lat="33.89438900" lon="133.13531400">
   </rtept>
   <rtept lat="33.89440100" lon="133.13557800">
   </rtept>
   <rtept lat="33.89427600" lon="133.13599100">
   </rtept>
   <rtept lat="33.89407500" lon="133.13649700">
   </rtept>
   <rtept lat="33.89398600" lon="133.13669700">
   </rtept>
   <rtept lat="33.89389800" lon="133.13737400">
   </rtept>
   <rtept lat="33.89382700" lon="133.13771000">
   </rtept>
   <rtept lat="33.89367300" lon="133.13835100">
   </rtept>
   <rtept lat="33.89372600" lon="133.13897200">
   </rtept>
   <rtept lat="33.89376100" lon="133.13988400">
   </rtept>
   <rtept lat="33.89380900" lon="133.14046000">
   </rtept>
   <rtept lat="33.89377300" lon="133.14113100">
   </rtept>
   <rtept lat="33.89375600" lon="133.14166500">
   </rtept>
   <rtept lat="33.89361300" lon="133.14255700">
   </rtept>
   <rtept lat="33.89363100" lon="133.14302000">
   </rtept>
   <rtept lat="33.89371400" lon="133.14371900">
   </rtept>
   <rtept lat="33.89385000" lon="133.14446800">
   </rtept>
   <rtept lat="33.89389800" lon="133.14479600">
   </rtept>
   <rtept lat="33.89389200" lon="133.14510200">
   </rtept>
   <rtept lat="33.89385600" lon="133.14535900">
   </rtept>
   <rtept lat="33.89377300" lon="133.14585100">
   </rtept>
   <rtept lat="33.89373800" lon="133.14642100">
   </rtept>
   <rtept lat="33.89372600" lon="133.14724100">
   </rtept>
   <rtept lat="33.89373800" lon="133.14798000">
   </rtept>
   <rtept lat="33.89376100" lon="133.14815100">
   </rtept>
   <rtept lat="33.89392700" lon="133.14880000">
   </rtept>
   <rtept lat="33.89396300" lon="133.14908500">
   </rtept>
   <rtept lat="33.89395700" lon="133.14949900">
   </rtept>
   <rtept lat="33.89383200" lon="133.15020500">
   </rtept>
   <rtept lat="33.89361900" lon="133.15111000">
   </rtept>
   <rtept lat="33.89335900" lon="133.15231500">
   </rtept>
   <rtept lat="33.89321100" lon="133.15294300">
   </rtept>
   <rtept lat="33.89317000" lon="133.15329900">
   </rtept>
   <rtept lat="33.89319900" lon="133.15380600">
   </rtept>
   <rtept lat="33.89337100" lon="133.15467600">
   </rtept>
   <rtept lat="33.89348300" lon="133.15513100">
   </rtept>
   <rtept lat="33.89336500" lon="133.15545900">
   </rtept>
   <rtept lat="33.89316400" lon="133.15599300">
   </rtept>
   <rtept lat="33.89298600" lon="133.15654900">
   </rtept>
   <rtept lat="33.89291500" lon="133.15705600">
   </rtept>
   <rtept lat="33.89284400" lon="133.15747600">
   </rtept>
   <rtept lat="33.89274900" lon="133.15773300">
   </rtept>
   <rtept lat="33.89261900" lon="133.15797600">
   </rtept>
   <rtept lat="33.89251800" lon="133.15816800">
   </rtept>
   <rtept lat="33.89243600" lon="133.15837500">
   </rtept>
   <rtept lat="33.89242400" lon="133.15853200">
   </rtept>
   <rtept lat="33.89256600" lon="133.15911600">
   </rtept>
   <rtept lat="33.89270200" lon="133.15984400">
   </rtept>
   <rtept lat="33.89262500" lon="133.16015700">
   </rtept>
   <rtept lat="33.89244700" lon="133.16051400">
   </rtept>
   <rtept lat="33.89225500" lon="133.16083200">
   </rtept>
   <rtept lat="33.89209500" lon="133.16108200">
   </rtept>
   <rtept lat="33.89202400" lon="133.16127400">
   </rtept>
   <rtept lat="33.89207700" lon="133.16195100">
   </rtept>
   <rtept lat="33.89210700" lon="133.16215100">
   </rtept>
   <rtept lat="33.89205900" lon="133.16252900">
   </rtept>
   <rtept lat="33.89214200" lon="133.16302100">
   </rtept>
   <rtept lat="33.89218300" lon="133.16339900">
   </rtept>
   <rtept lat="33.89235500" lon="133.16382000">
   </rtept>
   <rtept lat="33.89239700" lon="133.16417600">
   </rtept>
   <rtept lat="33.89247900" lon="133.16480400">
   </rtept>
   <rtept lat="33.89263900" lon="133.16496800">
   </rtept>
   <rtept lat="33.89290600" lon="133.16535300">
   </rtept>
   <rtept lat="33.89305400" lon="133.16556700">
   </rtept>
   <rtept lat="33.89316000" lon="133.16578000">
   </rtept>
   <rtept lat="33.89324900" lon="133.16624400">
   </rtept>
   <rtept lat="33.89331400" lon="133.16647900">
   </rtept>
   <rtept lat="33.89342100" lon="133.16657900">
   </rtept>
   <rtept lat="33.89382900" lon="133.16665800">
   </rtept>
   <rtept lat="33.89425500" lon="133.16688600">
   </rtept>
   <rtept lat="33.89481700" lon="133.16724900">
   </rtept>
   <rtept lat="33.89504000" lon="133.16744600">
   </rtept>
   <rtept lat="33.89537100" lon="133.16786000">
   </rtept>
   <rtept lat="33.89607000" lon="133.16865100">
   </rtept>
   <rtept lat="33.89598700" lon="133.16916500">
   </rtept>
   <rtept lat="33.89598700" lon="133.16977800">
   </rtept>
   <rtept lat="33.89599900" lon="133.17015600">
   </rtept>
   <rtept lat="33.89602200" lon="133.17124700">
   </rtept>
   <rtept lat="33.89620600" lon="133.17233800">
   </rtept>
   <rtept lat="33.89635400" lon="133.17301500">
   </rtept>
   <rtept lat="33.89640100" lon="133.17320700">
   </rtept>
   <rtept lat="33.89668500" lon="133.17372100">
   </rtept>
   <rtept lat="33.89699300" lon="133.17417000">
   </rtept>
   <rtept lat="33.89717100" lon="133.17525200">
   </rtept>
   <rtept lat="33.89723600" lon="133.17571600">
   </rtept>
   <rtept lat="33.89733600" lon="133.17633600">
   </rtept>
   <rtept lat="33.89752000" lon="133.17660000">
   </rtept>
   <rtept lat="33.89761400" lon="133.17713500">
   </rtept>
   <rtept lat="33.89783300" lon="133.17767000">
   </rtept>
   <rtept lat="33.89798700" lon="133.17800500">
   </rtept>
   <rtept lat="33.89808800" lon="133.17841800">
   </rtept>
   <rtept lat="33.89797000" lon="133.17850400">
   </rtept>
   <rtept lat="33.89805200" lon="133.17892500">
   </rtept>
   <rtept lat="33.89801100" lon="133.17911700">
   </rtept>
   <rtept lat="33.89794000" lon="133.17933100">
   </rtept>
   <rtept lat="33.89774500" lon="133.17955200">
   </rtept>
   <rtept lat="33.89763200" lon="133.17971600">
   </rtept>
   <rtept lat="33.89766800" lon="133.17988000">
   </rtept>
   <rtept lat="33.89770900" lon="133.17995900">
   </rtept>
   <rtept lat="33.89776200" lon="133.18051500">
   </rtept>
   <rtept lat="33.89757300" lon="133.18104200">
   </rtept>
   <rtept lat="33.89762600" lon="133.18117800">
   </rtept>
   <rtept lat="33.89751400" lon="133.18164000">
   </rtept>
   <rtept lat="33.89736000" lon="133.18230300">
   </rtept>
   <rtept lat="33.89724800" lon="133.18281600">
   </rtept>
   <rtept lat="33.89724200" lon="133.18312300">
   </rtept>
   <rtept lat="33.89743100" lon="133.18354400">
   </rtept>
   <rtept lat="33.89745500" lon="133.18424200">
   </rtept>
   <rtept lat="33.89747800" lon="133.18467000">
   </rtept>
   <rtept lat="33.89755500" lon="133.18526200">
   </rtept>
   <rtept lat="33.89756700" lon="133.18566900">
   </rtept>
   <rtept lat="33.89749000" lon="133.18641000">
   </rtept>
   <rtept lat="33.89745500" lon="133.18661000">
   </rtept>
   <rtept lat="33.89756700" lon="133.18685900">
   </rtept>
   <rtept lat="33.89743100" lon="133.18718700">
   </rtept>
   <rtept lat="33.89706400" lon="133.18770100">
   </rtept>
   <rtept lat="33.89663800" lon="133.18832100">
   </rtept>
   <rtept lat="33.89787500" lon="133.18869200">
   </rtept>
   <rtept lat="33.89892200" lon="133.18899100">
   </rtept>
   <rtept lat="33.89948600" lon="133.18918400">
   </rtept>
 </rte>
 <rte>
  <name>SHIKOKU_EHM_23(水の都の緑のみち)</name>
   <rtept lat="33.89948600" lon="133.18918400">
   </rtept>
   <rtept lat="33.90111900" lon="133.19051300">
   </rtept>
   <rtept lat="33.90065700" lon="133.19122600">
   </rtept>
   <rtept lat="33.90017200" lon="133.19176800">
   </rtept>
   <rtept lat="33.89969900" lon="133.19241000">
   </rtept>
   <rtept lat="33.89911900" lon="133.19320900">
   </rtept>
   <rtept lat="33.89856200" lon="133.19387900">
   </rtept>
   <rtept lat="33.89849100" lon="133.19409300">
   </rtept>
   <rtept lat="33.89900000" lon="133.19400700">
   </rtept>
   <rtept lat="33.90055100" lon="133.19427800">
   </rtept>
   <rtept lat="33.90192400" lon="133.19453500">
   </rtept>
   <rtept lat="33.90180600" lon="133.19482000">
   </rtept>
   <rtept lat="33.90190000" lon="133.19503400">
   </rtept>
   <rtept lat="33.90184100" lon="133.19567600">
   </rtept>
   <rtept lat="33.90192400" lon="133.19591800">
   </rtept>
   <rtept lat="33.90225500" lon="133.19638900">
   </rtept>
   <rtept lat="33.90276400" lon="133.19681700">
   </rtept>
   <rtept lat="33.90301300" lon="133.19723000">
   </rtept>
   <rtept lat="33.90349800" lon="133.19771500">
   </rtept>
   <rtept lat="33.90368800" lon="133.19797200">
   </rtept>
   <rtept lat="33.90418500" lon="133.19911300">
   </rtept>
   <rtept lat="33.90449200" lon="133.19984000">
   </rtept>
   <rtept lat="33.90412500" lon="133.20033900">
   </rtept>
   <rtept lat="33.90420800" lon="133.20075300">
   </rtept>
   <rtept lat="33.90400700" lon="133.20125200">
   </rtept>
   <rtept lat="33.90409000" lon="133.20196500">
   </rtept>
   <rtept lat="33.90429100" lon="133.20207000">
   </rtept>
   <rtept lat="33.90446900" lon="133.20221300">
   </rtept>
   <rtept lat="33.90454000" lon="133.20261200">
   </rtept>
   <rtept lat="33.90477600" lon="133.20315400">
   </rtept>
   <rtept lat="33.90540400" lon="133.20438000">
   </rtept>
   <rtept lat="33.90599600" lon="133.20570700">
   </rtept>
   <rtept lat="33.90605500" lon="133.20599200">
   </rtept>
   <rtept lat="33.90646900" lon="133.20724700">
   </rtept>
   <rtept lat="33.90669400" lon="133.20804600">
   </rtept>
   <rtept lat="33.90675300" lon="133.20845900">
   </rtept>
   <rtept lat="33.90674100" lon="133.20860200">
   </rtept>
   <rtept lat="33.90730900" lon="133.20920100">
   </rtept>
   <rtept lat="33.90745100" lon="133.20940000">
   </rtept>
   <rtept lat="33.90761700" lon="133.20981400">
   </rtept>
   <rtept lat="33.90773500" lon="133.21002800">
   </rtept>
   <rtept lat="33.90794800" lon="133.21028400">
   </rtept>
   <rtept lat="33.90810200" lon="133.21038400">
   </rtept>
   <rtept lat="33.90817500" lon="133.21052300">
   </rtept>
   <rtept lat="33.90825700" lon="133.21071600">
   </rtept>
   <rtept lat="33.90844700" lon="133.21100100">
   </rtept>
   <rtept lat="33.90853500" lon="133.21119400">
   </rtept>
   <rtept lat="33.90853000" lon="133.21153600">
   </rtept>
   <rtept lat="33.90858300" lon="133.21174300">
   </rtept>
   <rtept lat="33.90867800" lon="133.21175000">
   </rtept>
   <rtept lat="33.90906200" lon="133.21156400">
   </rtept>
   <rtept lat="33.90922200" lon="133.21152900">
   </rtept>
   <rtept lat="33.90942300" lon="133.21176400">
   </rtept>
   <rtept lat="33.90974900" lon="133.21241300">
   </rtept>
   <rtept lat="33.90994400" lon="133.21272700">
   </rtept>
   <rtept lat="33.91012100" lon="133.21320400">
   </rtept>
   <rtept lat="33.91029300" lon="133.21378900">
   </rtept>
   <rtept lat="33.91126400" lon="133.21346100">
   </rtept>
   <rtept lat="33.91155900" lon="133.21347500">
   </rtept>
   <rtept lat="33.91166000" lon="133.21344700">
   </rtept>
   <rtept lat="33.91174900" lon="133.21407400">
   </rtept>
   <rtept lat="33.91197800" lon="133.21443800">
   </rtept>
   <rtept lat="33.91223900" lon="133.21502300">
   </rtept>
   <rtept lat="33.91247000" lon="133.21505100">
   </rtept>
   <rtept lat="33.91243400" lon="133.21521500">
   </rtept>
   <rtept lat="33.91244000" lon="133.21543600">
   </rtept>
   <rtept lat="33.91199600" lon="133.21569300">
   </rtept>
   <rtept lat="33.91202000" lon="133.21578600">
   </rtept>
   <rtept lat="33.91228000" lon="133.21593500">
   </rtept>
   <rtept lat="33.91239300" lon="133.21604200">
   </rtept>
   <rtept lat="33.91259400" lon="133.21648400">
   </rtept>
   <rtept lat="33.91264100" lon="133.21666800">
   </rtept>
   <rtept lat="33.91271200" lon="133.21679000">
   </rtept>
   <rtept lat="33.91291300" lon="133.21692500">
   </rtept>
   <rtept lat="33.91309700" lon="133.21723900">
   </rtept>
   <rtept lat="33.91341000" lon="133.21797300">
   </rtept>
   <rtept lat="33.91351700" lon="133.21823700">
   </rtept>
   <rtept lat="33.91379500" lon="133.21862900">
   </rtept>
   <rtept lat="33.91391300" lon="133.21890000">
   </rtept>
   <rtept lat="33.91397800" lon="133.21905700">
   </rtept>
   <rtept lat="33.91404900" lon="133.21949900">
   </rtept>
   <rtept lat="33.91409100" lon="133.21979100">
   </rtept>
   <rtept lat="33.91437500" lon="133.21997700">
   </rtept>
   <rtept lat="33.91484800" lon="133.22049700">
   </rtept>
   <rtept lat="33.91485400" lon="133.22098200">
   </rtept>
   <rtept lat="33.91491900" lon="133.22116800">
   </rtept>
   <rtept lat="33.91541000" lon="133.22151000">
   </rtept>
   <rtept lat="33.91513200" lon="133.22214400">
   </rtept>
   <rtept lat="33.91478300" lon="133.22295000">
   </rtept>
   <rtept lat="33.91435100" lon="133.22358500">
   </rtept>
   <rtept lat="33.91397800" lon="133.22423400">
   </rtept>
   <rtept lat="33.91396100" lon="133.22505800">
   </rtept>
   <rtept lat="33.91429800" lon="133.22602100">
   </rtept>
   <rtept lat="33.91427400" lon="133.22622700">
   </rtept>
   <rtept lat="33.91405500" lon="133.22689800">
   </rtept>
   <rtept lat="33.91400200" lon="133.22706900">
   </rtept>
   <rtept lat="33.91397800" lon="133.22780300">
   </rtept>
   <rtept lat="33.91433900" lon="133.22788900">
   </rtept>
   <rtept lat="33.91421500" lon="133.22828100">
   </rtept>
   <rtept lat="33.91387200" lon="133.22907200">
   </rtept>
   <rtept lat="33.91367700" lon="133.22936500">
   </rtept>
   <rtept lat="33.91364700" lon="133.22947900">
   </rtept>
   <rtept lat="33.91368800" lon="133.22957100">
   </rtept>
   <rtept lat="33.91401400" lon="133.22987800">
   </rtept>
   <rtept lat="33.91409100" lon="133.22994900">
   </rtept>
   <rtept lat="33.91422700" lon="133.22995600">
   </rtept>
   <rtept lat="33.91441000" lon="133.23007100">
   </rtept>
   <rtept lat="33.91451100" lon="133.23061100">
   </rtept>
   <rtept lat="33.91467700" lon="133.23107500">
   </rtept>
   <rtept lat="33.91423300" lon="133.23134500">
   </rtept>
   <rtept lat="33.91399600" lon="133.23143100">
   </rtept>
   <rtept lat="33.91386000" lon="133.23149500">
   </rtept>
   <rtept lat="33.91365300" lon="133.23175200">
   </rtept>
   <rtept lat="33.91355800" lon="133.23199400">
   </rtept>
   <rtept lat="33.91344000" lon="133.23250100">
   </rtept>
   <rtept lat="33.91338700" lon="133.23282100">
   </rtept>
   <rtept lat="33.91331600" lon="133.23295000">
   </rtept>
   <rtept lat="33.91314400" lon="133.23314200">
   </rtept>
   <rtept lat="33.91299000" lon="133.23332100">
   </rtept>
   <rtept lat="33.91273600" lon="133.23406200">
   </rtept>
   <rtept lat="33.91259000" lon="133.23448000">
   </rtept>
   <rtept lat="33.91309500" lon="133.23561700">
   </rtept>
   <rtept lat="33.91374600" lon="133.23520800">
   </rtept>
   <rtept lat="33.91393900" lon="133.23503700">
   </rtept>
   <rtept lat="33.91427900" lon="133.23483200">
   </rtept>
   <rtept lat="33.91451900" lon="133.23474200">
   </rtept>
   <rtept lat="33.91475300" lon="133.23453800">
   </rtept>
   <rtept lat="33.91497400" lon="133.23435700">
   </rtept>
   <rtept lat="33.91526600" lon="133.23422400">
   </rtept>
   <rtept lat="33.91551800" lon="133.23405300">
   </rtept>
   <rtept lat="33.91566800" lon="133.23440900">
   </rtept>
   <rtept lat="33.91576300" lon="133.23459500">
   </rtept>
   <rtept lat="33.91577800" lon="133.23478900">
   </rtept>
   <rtept lat="33.91578600" lon="133.23488500">
   </rtept>
   <rtept lat="33.91572700" lon="133.23514100">
   </rtept>
   <rtept lat="33.91573100" lon="133.23534100">
   </rtept>
   <rtept lat="33.91579400" lon="133.23569700">
   </rtept>
   <rtept lat="33.91587700" lon="133.23588800">
   </rtept>
   <rtept lat="33.91603100" lon="133.23607800">
   </rtept>
   <rtept lat="33.91614100" lon="133.23640100">
   </rtept>
   <rtept lat="33.91673700" lon="133.23689500">
   </rtept>
   <rtept lat="33.91703300" lon="133.23726400">
   </rtept>
   <rtept lat="33.91733500" lon="133.23720700">
   </rtept>
   <rtept lat="33.91760700" lon="133.23701400">
   </rtept>
   <rtept lat="33.91780800" lon="133.23700700">
   </rtept>
   <rtept lat="33.91782000" lon="133.23712100">
   </rtept>
   <rtept lat="33.91815200" lon="133.23706400">
   </rtept>
   <rtept lat="33.91870800" lon="133.23671500">
   </rtept>
   <rtept lat="33.91927600" lon="133.23638000">
   </rtept>
   <rtept lat="33.91943600" lon="133.23617300">
   </rtept>
   <rtept lat="33.91958900" lon="133.23665800">
   </rtept>
   <rtept lat="33.91964300" lon="133.23701400">
   </rtept>
 </rte>
 <rte>
  <name>SHIKOKU_EHM_24(旧国道を行くみち)</name>
   <rtept lat="33.93685700" lon="133.36723000">
   </rtept>
   <rtept lat="33.93699700" lon="133.36776500">
   </rtept>
   <rtept lat="33.93734000" lon="133.36872000">
   </rtept>
   <rtept lat="33.93746400" lon="133.36908900">
   </rtept>
   <rtept lat="33.93765100" lon="133.36944600">
   </rtept>
   <rtept lat="33.93790800" lon="133.37006400">
   </rtept>
   <rtept lat="33.93813500" lon="133.37089600">
   </rtept>
   <rtept lat="33.93807500" lon="133.37096700">
   </rtept>
   <rtept lat="33.93826300" lon="133.37181100">
   </rtept>
   <rtept lat="33.93834200" lon="133.37248800">
   </rtept>
   <rtept lat="33.93876600" lon="133.37329600">
   </rtept>
   <rtept lat="33.93912000" lon="133.37379500">
   </rtept>
   <rtept lat="33.93946600" lon="133.37442500">
   </rtept>
   <rtept lat="33.93988900" lon="133.37493600">
   </rtept>
   <rtept lat="33.94038200" lon="133.37544700">
   </rtept>
   <rtept lat="33.94044200" lon="133.37576800">
   </rtept>
   <rtept lat="33.94081600" lon="133.37624300">
   </rtept>
   <rtept lat="33.94181200" lon="133.37743200">
   </rtept>
   <rtept lat="33.94247300" lon="133.37815700">
   </rtept>
   <rtept lat="33.94212800" lon="133.37862000">
   </rtept>
   <rtept lat="33.94212800" lon="133.37892900">
   </rtept>
   <rtept lat="33.94226600" lon="133.38054500">
   </rtept>
   <rtept lat="33.94226600" lon="133.38168600">
   </rtept>
   <rtept lat="33.94220600" lon="133.38341700">
   </rtept>
   <rtept lat="33.94238400" lon="133.38427200">
   </rtept>
   <rtept lat="33.94251600" lon="133.38518700">
   </rtept>
   <rtept lat="33.94263400" lon="133.38549600">
   </rtept>
   <rtept lat="33.94358100" lon="133.38664900">
   </rtept>
   <rtept lat="33.94388600" lon="133.38737400">
   </rtept>
   <rtept lat="33.94429100" lon="133.38902600">
   </rtept>
   <rtept lat="33.94475400" lon="133.39063000">
   </rtept>
   <rtept lat="33.94506000" lon="133.39082000">
   </rtept>
   <rtept lat="33.94544400" lon="133.39139100">
   </rtept>
   <rtept lat="33.94553700" lon="133.39146900">
   </rtept>
   <rtept lat="33.94613800" lon="133.39169500">
   </rtept>
   <rtept lat="33.94628600" lon="133.39186100">
   </rtept>
   <rtept lat="33.94662100" lon="133.39250300">
   </rtept>
   <rtept lat="33.94651300" lon="133.39269300">
   </rtept>
   <rtept lat="33.94651000" lon="133.39298600">
   </rtept>
   <rtept lat="33.94682500" lon="133.39309300">
   </rtept>
   <rtept lat="33.94722900" lon="133.39339000">
   </rtept>
   <rtept lat="33.94733800" lon="133.39360400">
   </rtept>
   <rtept lat="33.94738700" lon="133.39385300">
   </rtept>
   <rtept lat="33.94728900" lon="133.39412700">
   </rtept>
   <rtept lat="33.94730800" lon="133.39447100">
   </rtept>
   <rtept lat="33.94736700" lon="133.39474500">
   </rtept>
   <rtept lat="33.94744600" lon="133.39489900">
   </rtept>
   <rtept lat="33.94774200" lon="133.39516100">
   </rtept>
   <rtept lat="33.94816600" lon="133.39606400">
   </rtept>
   <rtept lat="33.94816600" lon="133.39632500">
   </rtept>
   <rtept lat="33.94840300" lon="133.39728800">
   </rtept>
   <rtept lat="33.94865900" lon="133.39813200">
   </rtept>
   <rtept lat="33.94877700" lon="133.39832200">
   </rtept>
   <rtept lat="33.94901400" lon="133.39973600">
   </rtept>
   <rtept lat="33.94912200" lon="133.39995000">
   </rtept>
   <rtept lat="33.94928000" lon="133.40012800">
   </rtept>
   <rtept lat="33.94949700" lon="133.40065800">
   </rtept>
   <rtept lat="33.94967400" lon="133.40095500">
   </rtept>
   <rtept lat="33.94993100" lon="133.40130000">
   </rtept>
   <rtept lat="33.95031500" lon="133.40170400">
   </rtept>
   <rtept lat="33.95031500" lon="133.40206100">
   </rtept>
   <rtept lat="33.95025600" lon="133.40254800">
   </rtept>
   <rtept lat="33.95034500" lon="133.40313000">
   </rtept>
   <rtept lat="33.95042400" lon="133.40365300">
   </rtept>
   <rtept lat="33.95041400" lon="133.40399800">
   </rtept>
   <rtept lat="33.95045300" lon="133.40429500">
   </rtept>
   <rtept lat="33.95055200" lon="133.40468700">
   </rtept>
   <rtept lat="33.95069000" lon="133.40490100">
   </rtept>
   <rtept lat="33.95113300" lon="133.40492500">
   </rtept>
   <rtept lat="33.95144900" lon="133.40488900">
   </rtept>
   <rtept lat="33.95162600" lon="133.40513800">
   </rtept>
   <rtept lat="33.95191000" lon="133.40570900">
   </rtept>
   <rtept lat="33.95248200" lon="133.40690900">
   </rtept>
   <rtept lat="33.95266900" lon="133.40706400">
   </rtept>
   <rtept lat="33.95284700" lon="133.40750300">
   </rtept>
   <rtept lat="33.95297500" lon="133.40775300">
   </rtept>
   <rtept lat="33.95340800" lon="133.40822800">
   </rtept>
   <rtept lat="33.95367500" lon="133.40865600">
   </rtept>
   <rtept lat="33.95386200" lon="133.40915500">
   </rtept>
   <rtept lat="33.95406900" lon="133.41033200">
   </rtept>
   <rtept lat="33.95452200" lon="133.41089000">
   </rtept>
   <rtept lat="33.95485800" lon="133.41166300">
   </rtept>
   <rtept lat="33.95509400" lon="133.41222700">
   </rtept>
   <rtept lat="33.95539000" lon="133.41355800">
   </rtept>
   <rtept lat="33.95532100" lon="133.41408100">
   </rtept>
   <rtept lat="33.95524200" lon="133.41475900">
   </rtept>
   <rtept lat="33.95529100" lon="133.41584000">
   </rtept>
   <rtept lat="33.95537000" lon="133.41605400">
   </rtept>
   <rtept lat="33.95547900" lon="133.41695700">
   </rtept>
   <rtept lat="33.95563600" lon="133.41758700">
   </rtept>
   <rtept lat="33.95592200" lon="133.41888200">
   </rtept>
   <rtept lat="33.95630700" lon="133.42047500">
   </rtept>
   <rtept lat="33.95642500" lon="133.42130200">
   </rtept>
   <rtept lat="33.95669100" lon="133.42231200">
   </rtept>
   <rtept lat="33.95683900" lon="133.42284700">
   </rtept>
   <rtept lat="33.95687800" lon="133.42346500">
   </rtept>
   <rtept lat="33.95700600" lon="133.42415400">
   </rtept>
   <rtept lat="33.95726700" lon="133.42510500">
   </rtept>
   <rtept lat="33.95759200" lon="133.42575800">
   </rtept>
   <rtept lat="33.95773000" lon="133.42631700">
   </rtept>
   <rtept lat="33.95789800" lon="133.42710100">
   </rtept>
   <rtept lat="33.95787800" lon="133.42757700">
   </rtept>
   <rtept lat="33.95800600" lon="133.42806400">
   </rtept>
   <rtept lat="33.95800600" lon="133.42836100">
   </rtept>
   <rtept lat="33.95821300" lon="133.42870600">
   </rtept>
   <rtept lat="33.95839000" lon="133.42931200">
   </rtept>
   <rtept lat="33.95851900" lon="133.43064300">
   </rtept>
   <rtept lat="33.95859700" lon="133.43138700">
   </rtept>
   <rtept lat="33.95853800" lon="133.43182600">
   </rtept>
   <rtept lat="33.95829200" lon="133.43273000">
   </rtept>
   <rtept lat="33.95822300" lon="133.43319300">
   </rtept>
   <rtept lat="33.95816400" lon="133.43389400">
   </rtept>
   <rtept lat="33.95822300" lon="133.43439300">
   </rtept>
   <rtept lat="33.95833100" lon="133.43567700">
   </rtept>
   <rtept lat="33.95845900" lon="133.43628300">
   </rtept>
   <rtept lat="33.95869600" lon="133.43686500">
   </rtept>
   <rtept lat="33.95915900" lon="133.43791100">
   </rtept>
   <rtept lat="33.95944500" lon="133.43911100">
   </rtept>
   <rtept lat="33.95944500" lon="133.43953900">
   </rtept>
   <rtept lat="33.95953400" lon="133.44007400">
   </rtept>
   <rtept lat="33.95955400" lon="133.44057300">
   </rtept>
   <rtept lat="33.95987900" lon="133.44143700">
   </rtept>
   <rtept lat="33.96006600" lon="133.44184100">
   </rtept>
   <rtept lat="33.96011500" lon="133.44242300">
   </rtept>
   <rtept lat="33.96002700" lon="133.44369500">
   </rtept>
   <rtept lat="33.95991800" lon="133.44494300">
   </rtept>
   <rtept lat="33.95977000" lon="133.44604800">
   </rtept>
   <rtept lat="33.95946500" lon="133.44679700">
   </rtept>
   <rtept lat="33.95899200" lon="133.44808000">
   </rtept>
   <rtept lat="33.95894200" lon="133.44850800">
   </rtept>
   <rtept lat="33.95898200" lon="133.45038600">
   </rtept>
   <rtept lat="33.95908000" lon="133.45114600">
   </rtept>
   <rtept lat="33.95906100" lon="133.45156200">
   </rtept>
   <rtept lat="33.95886400" lon="133.45199000">
   </rtept>
   <rtept lat="33.95889300" lon="133.45237000">
   </rtept>
   <rtept lat="33.95904100" lon="133.45266300">
   </rtept>
   <rtept lat="33.95922800" lon="133.45297200">
   </rtept>
   <rtept lat="33.95928700" lon="133.45331600">
   </rtept>
   <rtept lat="33.95924800" lon="133.45376800">
   </rtept>
   <rtept lat="33.95934700" lon="133.45471800">
   </rtept>
   <rtept lat="33.95986900" lon="133.45626300">
   </rtept>
   <rtept lat="33.96067700" lon="133.45826000">
   </rtept>
   <rtept lat="33.96102200" lon="133.45909200">
   </rtept>
   <rtept lat="33.96151500" lon="133.46081500">
   </rtept>
   <rtept lat="33.96190900" lon="133.46192000">
   </rtept>
   <rtept lat="33.96217900" lon="133.46282800">
   </rtept>
   <rtept lat="33.96240600" lon="133.46367200">
   </rtept>
   <rtept lat="33.96240600" lon="133.46399300">
   </rtept>
   <rtept lat="33.96257400" lon="133.46464600">
   </rtept>
   <rtept lat="33.96259300" lon="133.46563300">
   </rtept>
   <rtept lat="33.96268200" lon="133.46653600">
   </rtept>
   <rtept lat="33.96331300" lon="133.46660700">
   </rtept>
   <rtept lat="33.96438700" lon="133.46658300">
   </rtept>
   <rtept lat="33.96497900" lon="133.46653600">
   </rtept>
 </rte>
 <rte>
  <name>SHIKOKU_EHM_25(宇摩平野山すそのみち)</name>
   <rtept lat="33.96836200" lon="133.58665000">
   </rtept>
   <rtept lat="33.96850400" lon="133.58626000">
   </rtept>
   <rtept lat="33.96883500" lon="133.58587100">
   </rtept>
   <rtept lat="33.96904800" lon="133.58526200">
   </rtept>
   <rtept lat="33.96960800" lon="133.58480600">
   </rtept>
   <rtept lat="33.96962300" lon="133.58462500">
   </rtept>
   <rtept lat="33.96936300" lon="133.58410200">
   </rtept>
   <rtept lat="33.96873200" lon="133.58337400">
   </rtept>
   <rtept lat="33.96854300" lon="133.58325000">
   </rtept>
   <rtept lat="33.96844900" lon="133.58314600">
   </rtept>
   <rtept lat="33.96858300" lon="133.58264200">
   </rtept>
   <rtept lat="33.96852000" lon="133.58226200">
   </rtept>
   <rtept lat="33.96858300" lon="133.58212900">
   </rtept>
   <rtept lat="33.96886600" lon="133.58172900">
   </rtept>
   <rtept lat="33.96906400" lon="133.58174800">
   </rtept>
   <rtept lat="33.96933200" lon="133.58165300">
   </rtept>
   <rtept lat="33.96978900" lon="133.58130100">
   </rtept>
   <rtept lat="33.96988400" lon="133.58113000">
   </rtept>
   <rtept lat="33.96985200" lon="133.58099700">
   </rtept>
   <rtept lat="33.96976500" lon="133.58089300">
   </rtept>
   <rtept lat="33.96954500" lon="133.58088300">
   </rtept>
   <rtept lat="33.96926900" lon="133.58083600">
   </rtept>
   <rtept lat="33.96894500" lon="133.58073100">
   </rtept>
   <rtept lat="33.96872500" lon="133.58051200">
   </rtept>
   <rtept lat="33.96878800" lon="133.58016100">
   </rtept>
   <rtept lat="33.96872500" lon="133.57998000">
   </rtept>
   <rtept lat="33.96825900" lon="133.57936200">
   </rtept>
   <rtept lat="33.96806200" lon="133.57936200">
   </rtept>
   <rtept lat="33.96774700" lon="133.57942900">
   </rtept>
   <rtept lat="33.96739200" lon="133.57949500">
   </rtept>
   <rtept lat="33.96721900" lon="133.57938100">
   </rtept>
   <rtept lat="33.96680100" lon="133.57873500">
   </rtept>
   <rtept lat="33.96660400" lon="133.57857300">
   </rtept>
   <rtept lat="33.96633500" lon="133.57858200">
   </rtept>
   <rtept lat="33.96600400" lon="133.57869600">
   </rtept>
   <rtept lat="33.96571300" lon="133.57869600">
   </rtept>
   <rtept lat="33.96548400" lon="133.57860100">
   </rtept>
   <rtept lat="33.96546000" lon="133.57844900">
   </rtept>
   <rtept lat="33.96587800" lon="133.57813600">
   </rtept>
   <rtept lat="33.96621700" lon="133.57775500">
   </rtept>
   <rtept lat="33.96658100" lon="133.57743700">
   </rtept>
   <rtept lat="33.96703100" lon="133.57751300">
   </rtept>
   <rtept lat="33.96721200" lon="133.57747500">
   </rtept>
   <rtept lat="33.96737800" lon="133.57716100">
   </rtept>
   <rtept lat="33.96749600" lon="133.57706600">
   </rtept>
   <rtept lat="33.96771700" lon="133.57708500">
   </rtept>
   <rtept lat="33.96800100" lon="133.57708500">
   </rtept>
   <rtept lat="33.96811100" lon="133.57694200">
   </rtept>
   <rtept lat="33.96822100" lon="133.57696100">
   </rtept>
   <rtept lat="33.96841100" lon="133.57661000">
   </rtept>
   <rtept lat="33.96886000" lon="133.57588700">
   </rtept>
   <rtept lat="33.96896300" lon="133.57547800">
   </rtept>
   <rtept lat="33.96898600" lon="133.57503100">
   </rtept>
   <rtept lat="33.96916800" lon="133.57482200">
   </rtept>
   <rtept lat="33.96907300" lon="133.57429900">
   </rtept>
   <rtept lat="33.96894700" lon="133.57414700">
   </rtept>
   <rtept lat="33.96864700" lon="133.57425200">
   </rtept>
   <rtept lat="33.96847400" lon="133.57417600">
   </rtept>
   <rtept lat="33.96826100" lon="133.57378600">
   </rtept>
   <rtept lat="33.96797700" lon="133.57351000">
   </rtept>
   <rtept lat="33.96762200" lon="133.57341500">
   </rtept>
   <rtept lat="33.96748800" lon="133.57332000">
   </rtept>
   <rtept lat="33.96749600" lon="133.57307300">
   </rtept>
   <rtept lat="33.96774800" lon="133.57278800">
   </rtept>
   <rtept lat="33.96834000" lon="133.57250300">
   </rtept>
   <rtept lat="33.96876600" lon="133.57229300">
   </rtept>
   <rtept lat="33.96916800" lon="133.57213200">
   </rtept>
   <rtept lat="33.96915200" lon="133.57177100">
   </rtept>
   <rtept lat="33.96909700" lon="133.57092400">
   </rtept>
   <rtept lat="33.96929400" lon="133.57057300">
   </rtept>
   <rtept lat="33.96921500" lon="133.57007800">
   </rtept>
   <rtept lat="33.96893900" lon="133.56961200">
   </rtept>
   <rtept lat="33.96893100" lon="133.56944100">
   </rtept>
   <rtept lat="33.96911200" lon="133.56942200">
   </rtept>
   <rtept lat="33.96927800" lon="133.56965000">
   </rtept>
   <rtept lat="33.96953000" lon="133.56986900">
   </rtept>
   <rtept lat="33.96962500" lon="133.56971700">
   </rtept>
   <rtept lat="33.96972300" lon="133.56925100">
   </rtept>
   <rtept lat="33.96983300" lon="133.56890900">
   </rtept>
   <rtept lat="33.97007000" lon="133.56844300">
   </rtept>
   <rtept lat="33.97007800" lon="133.56817700">
   </rtept>
   <rtept lat="33.97012500" lon="133.56810100">
   </rtept>
   <rtept lat="33.97021900" lon="133.56798700">
   </rtept>
   <rtept lat="33.97036900" lon="133.56811000">
   </rtept>
   <rtept lat="33.97048800" lon="133.56849100">
   </rtept>
   <rtept lat="33.97062900" lon="133.56900400">
   </rtept>
   <rtept lat="33.97103900" lon="133.56966900">
   </rtept>
   <rtept lat="33.97107100" lon="133.57015400">
   </rtept>
   <rtept lat="33.97140200" lon="133.57016400">
   </rtept>
   <rtept lat="33.97144200" lon="133.57040100">
   </rtept>
   <rtept lat="33.97140200" lon="133.57048700">
   </rtept>
   <rtept lat="33.97141800" lon="133.57071500">
   </rtept>
   <rtept lat="33.97159900" lon="133.57086700">
   </rtept>
   <rtept lat="33.97178100" lon="133.57085800">
   </rtept>
   <rtept lat="33.97197000" lon="133.57065800">
   </rtept>
   <rtept lat="33.97215900" lon="133.57050600">
   </rtept>
   <rtept lat="33.97245100" lon="133.57024900">
   </rtept>
   <rtept lat="33.97203300" lon="133.56980300">
   </rtept>
   <rtept lat="33.97186700" lon="133.56979300">
   </rtept>
   <rtept lat="33.97172500" lon="133.56970700">
   </rtept>
   <rtept lat="33.97179600" lon="133.56941300">
   </rtept>
   <rtept lat="33.97160700" lon="133.56918500">
   </rtept>
   <rtept lat="33.97163900" lon="133.56903200">
   </rtept>
   <rtept lat="33.97161500" lon="133.56881400">
   </rtept>
   <rtept lat="33.97172500" lon="133.56864300">
   </rtept>
   <rtept lat="33.97194600" lon="133.56859500">
   </rtept>
   <rtept lat="33.97215100" lon="133.56840500">
   </rtept>
   <rtept lat="33.97237200" lon="133.56816700">
   </rtept>
   <rtept lat="33.97243500" lon="133.56797700">
   </rtept>
   <rtept lat="33.97249000" lon="133.56719000">
   </rtept>
   <rtept lat="33.97245100" lon="133.56707600">
   </rtept>
   <rtept lat="33.97213500" lon="133.56688600">
   </rtept>
   <rtept lat="33.97201700" lon="133.56668600">
   </rtept>
   <rtept lat="33.97207200" lon="133.56662900">
   </rtept>
   <rtept lat="33.97228500" lon="133.56661000">
   </rtept>
   <rtept lat="33.97259300" lon="133.56647700">
   </rtept>
   <rtept lat="33.97335000" lon="133.56647700">
   </rtept>
   <rtept lat="33.97356200" lon="133.56629600">
   </rtept>
   <rtept lat="33.97375200" lon="133.56604900">
   </rtept>
   <rtept lat="33.97400400" lon="133.56581100">
   </rtept>
   <rtept lat="33.97403600" lon="133.56538400">
   </rtept>
   <rtept lat="33.97402000" lon="133.56508900">
   </rtept>
   <rtept lat="33.97394100" lon="133.56456600">
   </rtept>
   <rtept lat="33.97404300" lon="133.56442300">
   </rtept>
   <rtept lat="33.97425600" lon="133.56426200">
   </rtept>
   <rtept lat="33.97429600" lon="133.56399600">
   </rtept>
   <rtept lat="33.97419300" lon="133.56387200">
   </rtept>
   <rtept lat="33.97390900" lon="133.56387200">
   </rtept>
   <rtept lat="33.97362600" lon="133.56409100">
   </rtept>
   <rtept lat="33.97354700" lon="133.56420500">
   </rtept>
   <rtept lat="33.97331800" lon="133.56433800">
   </rtept>
   <rtept lat="33.97309700" lon="133.56436600">
   </rtept>
   <rtept lat="33.97250600" lon="133.56440400">
   </rtept>
   <rtept lat="33.97226200" lon="133.56454700">
   </rtept>
   <rtept lat="33.97209600" lon="133.56448000">
   </rtept>
   <rtept lat="33.97198600" lon="133.56432800">
   </rtept>
   <rtept lat="33.97213500" lon="133.56394800">
   </rtept>
   <rtept lat="33.97237200" lon="133.56337800">
   </rtept>
   <rtept lat="33.97179600" lon="133.56301600">
   </rtept>
   <rtept lat="33.97141800" lon="133.56276900">
   </rtept>
   <rtept lat="33.97108700" lon="133.56263600">
   </rtept>
   <rtept lat="33.97112600" lon="133.56234100">
   </rtept>
   <rtept lat="33.97122100" lon="133.56191300">
   </rtept>
   <rtept lat="33.97133900" lon="133.56185600">
   </rtept>
   <rtept lat="33.97147300" lon="133.56202800">
   </rtept>
   <rtept lat="33.97158300" lon="133.56205600">
   </rtept>
   <rtept lat="33.97164700" lon="133.56191300">
   </rtept>
   <rtept lat="33.97141000" lon="133.56140000">
   </rtept>
   <rtept lat="33.97122100" lon="133.56134300">
   </rtept>
   <rtept lat="33.97106300" lon="133.56121000">
   </rtept>
   <rtept lat="33.97080300" lon="133.56060100">
   </rtept>
   <rtept lat="33.97092100" lon="133.56036400">
   </rtept>
   <rtept lat="33.97108700" lon="133.56030700">
   </rtept>
   <rtept lat="33.97111000" lon="133.56011700">
   </rtept>
   <rtept lat="33.97095300" lon="133.55990700">
   </rtept>
   <rtept lat="33.97070800" lon="133.55965100">
   </rtept>
   <rtept lat="33.97061400" lon="133.55924200">
   </rtept>
   <rtept lat="33.97033000" lon="133.55901400">
   </rtept>
   <rtept lat="33.97051900" lon="133.55904200">
   </rtept>
   <rtept lat="33.97081100" lon="133.55931800">
   </rtept>
   <rtept lat="33.97106300" lon="133.55951800">
   </rtept>
   <rtept lat="33.97128400" lon="133.55958400">
   </rtept>
   <rtept lat="33.97171800" lon="133.55993600">
   </rtept>
   <rtept lat="33.97269500" lon="133.55987900">
   </rtept>
   <rtept lat="33.97307400" lon="133.56005000">
   </rtept>
   <rtept lat="33.97315200" lon="133.55986000">
   </rtept>
   <rtept lat="33.97312900" lon="133.55948900">
   </rtept>
   <rtept lat="33.97296300" lon="133.55879500">
   </rtept>
   <rtept lat="33.97294700" lon="133.55835800">
   </rtept>
   <rtept lat="33.97264800" lon="133.55792000">
   </rtept>
   <rtept lat="33.97251400" lon="133.55749300">
   </rtept>
   <rtept lat="33.97226900" lon="133.55692200">
   </rtept>
   <rtept lat="33.97189100" lon="133.55647500">
   </rtept>
   <rtept lat="33.97204900" lon="133.55602100">
   </rtept>
   <rtept lat="33.97201700" lon="133.55575500">
   </rtept>
   <rtept lat="33.97202500" lon="133.55550800">
   </rtept>
   <rtept lat="33.97200100" lon="133.55473700">
   </rtept>
   <rtept lat="33.97190700" lon="133.55426200">
   </rtept>
   <rtept lat="33.97182800" lon="133.55401500">
   </rtept>
   <rtept lat="33.97179600" lon="133.55340600">
   </rtept>
   <rtept lat="33.97188300" lon="133.55291200">
   </rtept>
   <rtept lat="33.97183600" lon="133.55251300">
   </rtept>
   <rtept lat="33.97183600" lon="133.55224700">
   </rtept>
   <rtept lat="33.97178100" lon="133.55194200">
   </rtept>
   <rtept lat="33.97179600" lon="133.55163800">
   </rtept>
   <rtept lat="33.97168600" lon="133.55104500">
   </rtept>
   <rtept lat="33.97152800" lon="133.55055000">
   </rtept>
   <rtept lat="33.97160700" lon="133.55022700">
   </rtept>
   <rtept lat="33.97145400" lon="133.54975200">
   </rtept>
   <rtept lat="33.97144600" lon="133.54919100">
   </rtept>
   <rtept lat="33.97120200" lon="133.54833500">
   </rtept>
   <rtept lat="33.97126500" lon="133.54798400">
   </rtept>
   <rtept lat="33.97118600" lon="133.54755600">
   </rtept>
   <rtept lat="33.97117800" lon="133.54706100">
   </rtept>
   <rtept lat="33.97091000" lon="133.54565400">
   </rtept>
   <rtept lat="33.97091800" lon="133.54543600">
   </rtept>
   <rtept lat="33.97100500" lon="133.54488400">
   </rtept>
   <rtept lat="33.97093400" lon="133.54465600">
   </rtept>
   <rtept lat="33.97091800" lon="133.54448500">
   </rtept>
   <rtept lat="33.97083100" lon="133.54429500">
   </rtept>
   <rtept lat="33.97076800" lon="133.54388600">
   </rtept>
   <rtept lat="33.97055500" lon="133.54349600">
   </rtept>
   <rtept lat="33.97035800" lon="133.54249200">
   </rtept>
   <rtept lat="33.97054700" lon="133.54232100">
   </rtept>
   <rtept lat="33.97044500" lon="133.54215000">
   </rtept>
   <rtept lat="33.97028700" lon="133.54177000">
   </rtept>
   <rtept lat="33.97014500" lon="133.54099000">
   </rtept>
   <rtept lat="33.96991700" lon="133.53984900">
   </rtept>
   <rtept lat="33.96965600" lon="133.53989700">
   </rtept>
   <rtept lat="33.96927000" lon="133.54000100">
   </rtept>
   <rtept lat="33.96925400" lon="133.53989700">
   </rtept>
   <rtept lat="33.96917600" lon="133.53926000">
   </rtept>
   <rtept lat="33.96916000" lon="133.53890800">
   </rtept>
   <rtept lat="33.96891500" lon="133.53857500">
   </rtept>
   <rtept lat="33.96877300" lon="133.53839500">
   </rtept>
   <rtept lat="33.96842600" lon="133.53838500">
   </rtept>
   <rtept lat="33.96801600" lon="133.53837600">
   </rtept>
   <rtept lat="33.96756700" lon="133.53835700">
   </rtept>
   <rtept lat="33.96717300" lon="133.53830000">
   </rtept>
   <rtept lat="33.96685700" lon="133.53829000">
   </rtept>
   <rtept lat="33.96666000" lon="133.53821400">
   </rtept>
   <rtept lat="33.96647900" lon="133.53814700">
   </rtept>
   <rtept lat="33.96639200" lon="133.53804300">
   </rtept>
   <rtept lat="33.96646300" lon="133.53762400">
   </rtept>
   <rtept lat="33.96625800" lon="133.53699700">
   </rtept>
   <rtept lat="33.96616400" lon="133.53677800">
   </rtept>
   <rtept lat="33.96615600" lon="133.53637900">
   </rtept>
   <rtept lat="33.96629800" lon="133.53611300">
   </rtept>
   <rtept lat="33.96673100" lon="133.53581800">
   </rtept>
   <rtept lat="33.96662100" lon="133.53560900">
   </rtept>
   <rtept lat="33.96605300" lon="133.53506100">
   </rtept>
   <rtept lat="33.96619500" lon="133.53483300">
   </rtept>
   <rtept lat="33.96644000" lon="133.53448100">
   </rtept>
   <rtept lat="33.96652600" lon="133.53417700">
   </rtept>
   <rtept lat="33.96666800" lon="133.53367300">
   </rtept>
   <rtept lat="33.96673900" lon="133.53372100">
   </rtept>
   <rtept lat="33.96699900" lon="133.53360700">
   </rtept>
   <rtept lat="33.96705500" lon="133.53339800">
   </rtept>
   <rtept lat="33.96753600" lon="133.53305500">
   </rtept>
   <rtept lat="33.96777200" lon="133.53309300">
   </rtept>
   <rtept lat="33.96856100" lon="133.53278000">
   </rtept>
   <rtept lat="33.96889200" lon="133.53296000">
   </rtept>
   <rtept lat="33.96919900" lon="133.53296000">
   </rtept>
   <rtept lat="33.96943600" lon="133.53289400">
   </rtept>
   <rtept lat="33.96925400" lon="133.53249400">
   </rtept>
   <rtept lat="33.96915200" lon="133.53212400">
   </rtept>
   <rtept lat="33.96923900" lon="133.53201900">
   </rtept>
   <rtept lat="33.96931700" lon="133.53178100">
   </rtept>
   <rtept lat="33.96936500" lon="133.53156300">
   </rtept>
   <rtept lat="33.96908100" lon="133.53076400">
   </rtept>
   <rtept lat="33.96907300" lon="133.53060200">
   </rtept>
   <rtept lat="33.96876600" lon="133.52967100">
   </rtept>
   <rtept lat="33.96826900" lon="133.52856800">
   </rtept>
   <rtept lat="33.96805600" lon="133.52837800">
   </rtept>
   <rtept lat="33.96759500" lon="133.52786900">
   </rtept>
   <rtept lat="33.96709100" lon="133.52728900">
   </rtept>
   <rtept lat="33.96661800" lon="133.52673800">
   </rtept>
   <rtept lat="33.96641300" lon="133.52612900">
   </rtept>
   <rtept lat="33.96624700" lon="133.52550200">
   </rtept>
   <rtept lat="33.96615200" lon="133.52505500">
   </rtept>
   <rtept lat="33.96569500" lon="133.52384800">
   </rtept>
   <rtept lat="33.96539600" lon="133.52351500">
   </rtept>
   <rtept lat="33.96549800" lon="133.52313500">
   </rtept>
   <rtept lat="33.96516700" lon="133.52306800">
   </rtept>
   <rtept lat="33.96450500" lon="133.52345800">
   </rtept>
   <rtept lat="33.96426000" lon="133.52330600">
   </rtept>
   <rtept lat="33.96385800" lon="133.52312500">
   </rtept>
   <rtept lat="33.96354300" lon="133.52308700">
   </rtept>
   <rtept lat="33.96319600" lon="133.52284000">
   </rtept>
   <rtept lat="33.96308700" lon="133.52241200">
   </rtept>
   <rtept lat="33.96287400" lon="133.52200300">
   </rtept>
   <rtept lat="33.96270000" lon="133.52166100">
   </rtept>
   <rtept lat="33.96260600" lon="133.52084300">
   </rtept>
   <rtept lat="33.96250300" lon="133.52033000">
   </rtept>
   <rtept lat="33.96243200" lon="133.51977900">
   </rtept>
   <rtept lat="33.96233000" lon="133.51951200">
   </rtept>
   <rtept lat="33.96236900" lon="133.51910400">
   </rtept>
   <rtept lat="33.96242400" lon="133.51832700">
   </rtept>
   <rtept lat="33.96239300" lon="133.51723300">
   </rtept>
   <rtept lat="33.96235300" lon="133.51632100">
   </rtept>
   <rtept lat="33.96225100" lon="133.51551300">
   </rtept>
   <rtept lat="33.96210100" lon="133.51403000">
   </rtept>
   <rtept lat="33.96188800" lon="133.51330700">
   </rtept>
   <rtept lat="33.96172300" lon="133.51219500">
   </rtept>
   <rtept lat="33.96124200" lon="133.51251800">
   </rtept>
   <rtept lat="33.96105200" lon="133.51246100">
   </rtept>
   <rtept lat="33.96098100" lon="133.51224200">
   </rtept>
   <rtept lat="33.96099700" lon="133.51181900">
   </rtept>
   <rtept lat="33.96098900" lon="133.51102100">
   </rtept>
   <rtept lat="33.96083900" lon="133.50929000">
   </rtept>
   <rtept lat="33.96072900" lon="133.50809200">
   </rtept>
   <rtept lat="33.96071300" lon="133.50716100">
   </rtept>
   <rtept lat="33.96063400" lon="133.50683700">
   </rtept>
   <rtept lat="33.96042900" lon="133.50660000">
   </rtept>
   <rtept lat="33.96042200" lon="133.50630500">
   </rtept>
   <rtept lat="33.96009000" lon="133.50547300">
   </rtept>
   <rtept lat="33.95990100" lon="133.50500700">
   </rtept>
   <rtept lat="33.95979100" lon="133.50469300">
   </rtept>
   <rtept lat="33.95983102" lon="133.50444124">
   </rtept>
   <rtept lat="33.95978861" lon="133.50440545">
   </rtept>
   <rtept lat="33.95959352" lon="133.50418046">
   </rtept>
   <rtept lat="33.95944084" lon="133.50412422">
   </rtept>
   <rtept lat="33.95840175" lon="133.50416512">
   </rtept>
   <rtept lat="33.95824907" lon="133.50401173">
   </rtept>
   <rtept lat="33.95787584" lon="133.50409354">
   </rtept>
   <rtept lat="33.95782070" lon="133.50403218">
   </rtept>
   <rtept lat="33.95812607" lon="133.50373049">
   </rtept>
   <rtept lat="33.95812607" lon="133.50362823">
   </rtept>
   <rtept lat="33.95819393" lon="133.50354641">
   </rtept>
   <rtept lat="33.95842720" lon="133.50340324">
   </rtept>
   <rtept lat="33.95868591" lon="133.50326518">
   </rtept>
   <rtept lat="33.95882163" lon="133.50318337">
   </rtept>
   <rtept lat="33.95901248" lon="133.50328052">
   </rtept>
   <rtept lat="33.95925847" lon="133.50326518">
   </rtept>
   <rtept lat="33.95944932" lon="133.50318848">
   </rtept>
   <rtept lat="33.95952566" lon="133.50312712">
   </rtept>
   <rtept lat="33.95947901" lon="133.50289191">
   </rtept>
   <rtept lat="33.95956383" lon="133.50326007">
   </rtept>
   <rtept lat="33.95974620" lon="133.50404241">
   </rtept>
   <rtept lat="33.95980557" lon="133.50436454">
   </rtept>
   <rtept lat="33.95986200" lon="133.50440800">
   </rtept>
   <rtept lat="33.95995600" lon="133.50435100">
   </rtept>
   <rtept lat="33.96117100" lon="133.50443700">
   </rtept>
   <rtept lat="33.96117900" lon="133.50431300">
   </rtept>
   <rtept lat="33.96117900" lon="133.50380900">
   </rtept>
   <rtept lat="33.96112300" lon="133.50283000">
   </rtept>
   <rtept lat="33.96129700" lon="133.50214600">
   </rtept>
   <rtept lat="33.96106800" lon="133.50094800">
   </rtept>
   <rtept lat="33.96097400" lon="133.50033900">
   </rtept>
   <rtept lat="33.96100500" lon="133.49915100">
   </rtept>
   <rtept lat="33.96106000" lon="133.49857100">
   </rtept>
   <rtept lat="33.96048500" lon="133.49770100">
   </rtept>
   <rtept lat="33.96028700" lon="133.49679800">
   </rtept>
   <rtept lat="33.95981400" lon="133.49477300">
   </rtept>
   <rtept lat="33.95977500" lon="133.49406000">
   </rtept>
   <rtept lat="33.95973500" lon="133.49327100">
   </rtept>
   <rtept lat="33.95971200" lon="133.49279500">
   </rtept>
   <rtept lat="33.95967200" lon="133.49174000">
   </rtept>
   <rtept lat="33.95968800" lon="133.49035600">
   </rtept>
   <rtept lat="33.95979100" lon="133.48962400">
   </rtept>
   <rtept lat="33.95986200" lon="133.48890100">
   </rtept>
   <rtept lat="33.95996400" lon="133.48765600">
   </rtept>
   <rtept lat="33.95991700" lon="133.48662900">
   </rtept>
   <rtept lat="33.95983800" lon="133.48585900">
   </rtept>
   <rtept lat="33.95997200" lon="133.48515500">
   </rtept>
   <rtept lat="33.95972800" lon="133.48464200">
   </rtept>
   <rtept lat="33.95968000" lon="133.48401400">
   </rtept>
   <rtept lat="33.95983800" lon="133.48386200">
   </rtept>
   <rtept lat="33.96039000" lon="133.48353900">
   </rtept>
   <rtept lat="33.96095800" lon="133.48311100">
   </rtept>
   <rtept lat="33.96124900" lon="133.48286400">
   </rtept>
   <rtept lat="33.96176200" lon="133.48236000">
   </rtept>
   <rtept lat="33.96213300" lon="133.48222700">
   </rtept>
   <rtept lat="33.96232000" lon="133.48218900">
   </rtept>
   <rtept lat="33.96329800" lon="133.48166600">
   </rtept>
   <rtept lat="33.96377100" lon="133.48130500">
   </rtept>
   <rtept lat="33.96401600" lon="133.48130500">
   </rtept>
   <rtept lat="33.96430000" lon="133.48129500">
   </rtept>
   <rtept lat="33.96460700" lon="133.48145700">
   </rtept>
   <rtept lat="33.96515100" lon="133.48161900">
   </rtept>
   <rtept lat="33.96578200" lon="133.48181800">
   </rtept>
   <rtept lat="33.96620000" lon="133.48186600">
   </rtept>
   <rtept lat="33.96658600" lon="133.48189400">
   </rtept>
   <rtept lat="33.96679100" lon="133.48188500">
   </rtept>
   <rtept lat="33.96697300" lon="133.48187500">
   </rtept>
   <rtept lat="33.96720900" lon="133.48187500">
   </rtept>
   <rtept lat="33.96753200" lon="133.48203700">
   </rtept>
 </rte>
 <rte>
  <name>SHIKOKU_EHM_26(三角寺から椿堂へのみち)</name>
   <rtept lat="33.96813300" lon="133.58687800">
   </rtept>
   <rtept lat="33.96843700" lon="133.58689800">
   </rtept>
   <rtept lat="33.96888600" lon="133.58654200">
   </rtept>
   <rtept lat="33.96931200" lon="133.58614200">
   </rtept>
   <rtept lat="33.96948900" lon="133.58585700">
   </rtept>
   <rtept lat="33.96960800" lon="133.58575700">
   </rtept>
   <rtept lat="33.96985600" lon="133.58570000">
   </rtept>
   <rtept lat="33.97012800" lon="133.58548600">
   </rtept>
   <rtept lat="33.97049500" lon="133.58562900">
   </rtept>
   <rtept lat="33.97087300" lon="133.58551500">
   </rtept>
   <rtept lat="33.97134600" lon="133.58548600">
   </rtept>
   <rtept lat="33.97154700" lon="133.58525800">
   </rtept>
   <rtept lat="33.97190200" lon="133.58505800">
   </rtept>
   <rtept lat="33.97231600" lon="133.58505800">
   </rtept>
   <rtept lat="33.97319100" lon="133.58538600">
   </rtept>
   <rtept lat="33.97352200" lon="133.58541500">
   </rtept>
   <rtept lat="33.97370000" lon="133.58554300">
   </rtept>
   <rtept lat="33.97391300" lon="133.58570000">
   </rtept>
   <rtept lat="33.97414900" lon="133.58565700">
   </rtept>
   <rtept lat="33.97432600" lon="133.58525800">
   </rtept>
   <rtept lat="33.97433800" lon="133.58490200">
   </rtept>
   <rtept lat="33.97451600" lon="133.58491600">
   </rtept>
   <rtept lat="33.97455100" lon="133.58514400">
   </rtept>
   <rtept lat="33.97452800" lon="133.58578600">
   </rtept>
   <rtept lat="33.97450400" lon="133.58632800">
   </rtept>
   <rtept lat="33.97442100" lon="133.58648500">
   </rtept>
   <rtept lat="33.97406600" lon="133.58645600">
   </rtept>
   <rtept lat="33.97348700" lon="133.58645600">
   </rtept>
   <rtept lat="33.97329800" lon="133.58657000">
   </rtept>
   <rtept lat="33.97334500" lon="133.58671300">
   </rtept>
   <rtept lat="33.97360500" lon="133.58675600">
   </rtept>
   <rtept lat="33.97399500" lon="133.58687000">
   </rtept>
   <rtept lat="33.97430300" lon="133.58706900">
   </rtept>
   <rtept lat="33.97451600" lon="133.58716900">
   </rtept>
   <rtept lat="33.97478800" lon="133.58716900">
   </rtept>
   <rtept lat="33.97526800" lon="133.58689800">
   </rtept>
   <rtept lat="33.97552800" lon="133.58678400">
   </rtept>
   <rtept lat="33.97565800" lon="133.58684100">
   </rtept>
   <rtept lat="33.97572900" lon="133.58695500">
   </rtept>
   <rtept lat="33.97584700" lon="133.58746900">
   </rtept>
   <rtept lat="33.97600100" lon="133.58789600">
   </rtept>
   <rtept lat="33.97648600" lon="133.58846700">
   </rtept>
   <rtept lat="33.97678200" lon="133.58883800">
   </rtept>
   <rtept lat="33.97675800" lon="133.58896600">
   </rtept>
   <rtept lat="33.97660400" lon="133.58898000">
   </rtept>
   <rtept lat="33.97635600" lon="133.58898000">
   </rtept>
   <rtept lat="33.97623800" lon="133.58902300">
   </rtept>
   <rtept lat="33.97626100" lon="133.58925100">
   </rtept>
   <rtept lat="33.97673400" lon="133.58993600">
   </rtept>
   <rtept lat="33.97697100" lon="133.59029200">
   </rtept>
   <rtept lat="33.97697100" lon="133.59043500">
   </rtept>
   <rtept lat="33.97707700" lon="133.59044900">
   </rtept>
   <rtept lat="33.97739700" lon="133.59083400">
   </rtept>
   <rtept lat="33.97756200" lon="133.59090500">
   </rtept>
   <rtept lat="33.97773900" lon="133.59133300">
   </rtept>
   <rtept lat="33.97783400" lon="133.59169000">
   </rtept>
   <rtept lat="33.97816500" lon="133.59216000">
   </rtept>
   <rtept lat="33.97849600" lon="133.59265900">
   </rtept>
   <rtept lat="33.97826000" lon="133.59297300">
   </rtept>
   <rtept lat="33.97849600" lon="133.59335800">
   </rtept>
   <rtept lat="33.97834300" lon="133.59378600">
   </rtept>
   <rtept lat="33.97820100" lon="133.59397100">
   </rtept>
   <rtept lat="33.97813000" lon="133.59429900">
   </rtept>
   <rtept lat="33.97841400" lon="133.59462700">
   </rtept>
   <rtept lat="33.97854400" lon="133.59491300">
   </rtept>
   <rtept lat="33.97849600" lon="133.59528300">
   </rtept>
   <rtept lat="33.97823600" lon="133.59662400">
   </rtept>
   <rtept lat="33.97839000" lon="133.59709500">
   </rtept>
   <rtept lat="33.97836600" lon="133.59730900">
   </rtept>
   <rtept lat="33.97805900" lon="133.59767900">
   </rtept>
   <rtept lat="33.97777500" lon="133.59779300">
   </rtept>
   <rtept lat="33.97711300" lon="133.59796400">
   </rtept>
   <rtept lat="33.97634400" lon="133.59832100">
   </rtept>
   <rtept lat="33.97651000" lon="133.59930100">
   </rtept>
   <rtept lat="33.97658100" lon="133.59990000">
   </rtept>
   <rtept lat="33.97654500" lon="133.60052700">
   </rtept>
   <rtept lat="33.97673400" lon="133.60141100">
   </rtept>
   <rtept lat="33.97660400" lon="133.60188200">
   </rtept>
   <rtept lat="33.97667500" lon="133.60202500">
   </rtept>
   <rtept lat="33.97692400" lon="133.60202500">
   </rtept>
   <rtept lat="33.97703000" lon="133.60236700">
   </rtept>
   <rtept lat="33.97711300" lon="133.60266600">
   </rtept>
   <rtept lat="33.97725500" lon="133.60310800">
   </rtept>
   <rtept lat="33.97704200" lon="133.60379300">
   </rtept>
   <rtept lat="33.97727800" lon="133.60407800">
   </rtept>
   <rtept lat="33.97721900" lon="133.60447700">
   </rtept>
   <rtept lat="33.97727800" lon="133.60484800">
   </rtept>
   <rtept lat="33.97717200" lon="133.60520500">
   </rtept>
   <rtept lat="33.97736100" lon="133.60584600">
   </rtept>
   <rtept lat="33.97794100" lon="133.60653100">
   </rtept>
   <rtept lat="33.97830700" lon="133.60654500">
   </rtept>
   <rtept lat="33.97849600" lon="133.60680200">
   </rtept>
   <rtept lat="33.97865000" lon="133.60738700">
   </rtept>
   <rtept lat="33.97865000" lon="133.60775700">
   </rtept>
   <rtept lat="33.97810600" lon="133.60781400">
   </rtept>
   <rtept lat="33.97784600" lon="133.60790000">
   </rtept>
   <rtept lat="33.97755000" lon="133.60841300">
   </rtept>
   <rtept lat="33.97752700" lon="133.60859900">
   </rtept>
   <rtept lat="33.97794100" lon="133.60901200">
   </rtept>
   <rtept lat="33.97807100" lon="133.60939700">
   </rtept>
   <rtept lat="33.97826000" lon="133.61065200">
   </rtept>
   <rtept lat="33.97831900" lon="133.61142200">
   </rtept>
   <rtept lat="33.97859100" lon="133.61199300">
   </rtept>
   <rtept lat="33.97882700" lon="133.61196400">
   </rtept>
   <rtept lat="33.97901700" lon="133.61206400">
   </rtept>
   <rtept lat="33.97920600" lon="133.61254900">
   </rtept>
   <rtept lat="33.97985600" lon="133.61373000">
   </rtept>
   <rtept lat="33.98001000" lon="133.61407200">
   </rtept>
   <rtept lat="33.98009300" lon="133.61461400">
   </rtept>
   <rtept lat="33.98031700" lon="133.61482800">
   </rtept>
   <rtept lat="33.98079000" lon="133.61517000">
   </rtept>
   <rtept lat="33.98112200" lon="133.61562600">
   </rtept>
   <rtept lat="33.98147600" lon="133.61601200">
   </rtept>
   <rtept lat="33.98185500" lon="133.61621100">
   </rtept>
   <rtept lat="33.98197300" lon="133.61636800">
   </rtept>
   <rtept lat="33.98209100" lon="133.61659600">
   </rtept>
   <rtept lat="33.98230400" lon="133.61672500">
   </rtept>
   <rtept lat="33.98234000" lon="133.61685300">
   </rtept>
   <rtept lat="33.98222100" lon="133.61692400">
   </rtept>
   <rtept lat="33.98171300" lon="133.61652500">
   </rtept>
   <rtept lat="33.98125200" lon="133.61619700">
   </rtept>
   <rtept lat="33.98105100" lon="133.61598300">
   </rtept>
   <rtept lat="33.98088500" lon="133.61596900">
   </rtept>
   <rtept lat="33.98076700" lon="133.61616800">
   </rtept>
   <rtept lat="33.98087300" lon="133.61653900">
   </rtept>
   <rtept lat="33.98099200" lon="133.61691000">
   </rtept>
   <rtept lat="33.98135800" lon="133.61725200">
   </rtept>
   <rtept lat="33.98150000" lon="133.61755200">
   </rtept>
   <rtept lat="33.98153500" lon="133.61786500">
   </rtept>
   <rtept lat="33.98144100" lon="133.61813600">
   </rtept>
   <rtept lat="33.98150000" lon="133.61856400">
   </rtept>
   <rtept lat="33.98167700" lon="133.61899200">
   </rtept>
   <rtept lat="33.98194900" lon="133.61934900">
   </rtept>
   <rtept lat="33.98228000" lon="133.62023300">
   </rtept>
   <rtept lat="33.98238700" lon="133.62057500">
   </rtept>
   <rtept lat="33.98241100" lon="133.62101700">
   </rtept>
   <rtept lat="33.98291900" lon="133.62168700">
   </rtept>
   <rtept lat="33.98316700" lon="133.62218600">
   </rtept>
   <rtept lat="33.98332100" lon="133.62292800">
   </rtept>
   <rtept lat="33.98365000" lon="133.62322700">
   </rtept>
   <rtept lat="33.98399300" lon="133.62396900">
   </rtept>
   <rtept lat="33.98459600" lon="133.62495300">
   </rtept>
   <rtept lat="33.98495800" lon="133.62550900">
   </rtept>
   <rtept lat="33.98512300" lon="133.62560900">
   </rtept>
   <rtept lat="33.98537200" lon="133.62602300">
   </rtept>
   <rtept lat="33.98541900" lon="133.62623700">
   </rtept>
   <rtept lat="33.98539500" lon="133.62653600">
   </rtept>
   <rtept lat="33.98559600" lon="133.62704900">
   </rtept>
   <rtept lat="33.98589200" lon="133.62754800">
   </rtept>
   <rtept lat="33.98623500" lon="133.62790500">
   </rtept>
   <rtept lat="33.98642400" lon="133.62809000">
   </rtept>
   <rtept lat="33.98651900" lon="133.62857500">
   </rtept>
   <rtept lat="33.98663700" lon="133.62904600">
   </rtept>
   <rtept lat="33.98667200" lon="133.62934100">
   </rtept>
   <rtept lat="33.98686100" lon="133.62969800">
   </rtept>
   <rtept lat="33.98690900" lon="133.62999700">
   </rtept>
   <rtept lat="33.98701500" lon="133.63019700">
   </rtept>
   <rtept lat="33.98731100" lon="133.63032500">
   </rtept>
   <rtept lat="33.98761800" lon="133.63059600">
   </rtept>
   <rtept lat="33.98780700" lon="133.63072400">
   </rtept>
   <rtept lat="33.98800800" lon="133.63135200">
   </rtept>
   <rtept lat="33.98810300" lon="133.63170800">
   </rtept>
   <rtept lat="33.98824500" lon="133.63202200">
   </rtept>
   <rtept lat="33.98832800" lon="133.63240700">
   </rtept>
   <rtept lat="33.98831600" lon="133.63292100">
   </rtept>
   <rtept lat="33.98857600" lon="133.63343400">
   </rtept>
   <rtept lat="33.98875300" lon="133.63391900">
   </rtept>
   <rtept lat="33.98883600" lon="133.63427500">
   </rtept>
   <rtept lat="33.98865900" lon="133.63444600">
   </rtept>
   <rtept lat="33.98862300" lon="133.63464600">
   </rtept>
   <rtept lat="33.98893100" lon="133.63514500">
   </rtept>
   <rtept lat="33.98908400" lon="133.63538800">
   </rtept>
   <rtept lat="33.98921400" lon="133.63553000">
   </rtept>
   <rtept lat="33.98953600" lon="133.63558700">
   </rtept>
   <rtept lat="33.98964300" lon="133.63567300">
   </rtept>
   <rtept lat="33.98977300" lon="133.63587300">
   </rtept>
   <rtept lat="33.98986700" lon="133.63604400">
   </rtept>
   <rtept lat="33.98997400" lon="133.63611500">
   </rtept>
   <rtept lat="33.99015100" lon="133.63612900">
   </rtept>
   <rtept lat="33.98986700" lon="133.63650000">
   </rtept>
   <rtept lat="33.98977300" lon="133.63717000">
   </rtept>
   <rtept lat="33.98967800" lon="133.63831100">
   </rtept>
   <rtept lat="33.98971300" lon="133.63873900">
   </rtept>
   <rtept lat="33.98989100" lon="133.63915200">
   </rtept>
   <rtept lat="33.99012700" lon="133.63933800">
   </rtept>
   <rtept lat="33.99065900" lon="133.63936600">
   </rtept>
 </rte>
 <rte>
  <name>SHIKOKU_EHM_27(雲辺寺へのみち)</name>
   <rtept lat="33.99793000" lon="133.67418200">
   </rtept>
   <rtept lat="33.99820600" lon="133.67420600">
   </rtept>
   <rtept lat="33.99848200" lon="133.67468100">
   </rtept>
   <rtept lat="33.99856000" lon="133.67508500">
   </rtept>
   <rtept lat="33.99865900" lon="133.67532300">
   </rtept>
   <rtept lat="33.99877700" lon="133.67527500">
   </rtept>
   <rtept lat="33.99877700" lon="133.67510900">
   </rtept>
   <rtept lat="33.99879700" lon="133.67458600">
   </rtept>
   <rtept lat="33.99881700" lon="133.67437200">
   </rtept>
   <rtept lat="33.99852100" lon="133.67406300">
   </rtept>
   <rtept lat="33.99838300" lon="133.67365900">
   </rtept>
   <rtept lat="33.99836300" lon="133.67337400">
   </rtept>
   <rtept lat="33.99840300" lon="133.67320700">
   </rtept>
   <rtept lat="33.99802800" lon="133.67261300">
   </rtept>
   <rtept lat="33.99795000" lon="133.67223300">
   </rtept>
   <rtept lat="33.99793000" lon="133.67187600">
   </rtept>
   <rtept lat="33.99824500" lon="133.67220900">
   </rtept>
   <rtept lat="33.99838300" lon="133.67280300">
   </rtept>
   <rtept lat="33.99875700" lon="133.67320700">
   </rtept>
   <rtept lat="33.99871800" lon="133.67354000">
   </rtept>
   <rtept lat="33.99882500" lon="133.67350700">
   </rtept>
   <rtept lat="33.99883700" lon="133.67337800">
   </rtept>
   <rtept lat="33.99881400" lon="133.67310700">
   </rtept>
   <rtept lat="33.99849400" lon="133.67253700">
   </rtept>
   <rtept lat="33.99853000" lon="133.67175300">
   </rtept>
   <rtept lat="33.99857700" lon="133.67119600">
   </rtept>
   <rtept lat="33.99856500" lon="133.67081100">
   </rtept>
   <rtept lat="33.99854200" lon="133.67045500">
   </rtept>
   <rtept lat="33.99877800" lon="133.67066900">
   </rtept>
   <rtept lat="33.99882500" lon="133.67021200">
   </rtept>
   <rtept lat="33.99896700" lon="133.67004100">
   </rtept>
   <rtept lat="33.99909700" lon="133.67005600">
   </rtept>
   <rtept lat="33.99920400" lon="133.67019800">
   </rtept>
   <rtept lat="33.99925100" lon="133.67046900">
   </rtept>
   <rtept lat="33.99951100" lon="133.67068300">
   </rtept>
   <rtept lat="33.99983000" lon="133.67168100">
   </rtept>
   <rtept lat="33.99971200" lon="133.67206600">
   </rtept>
   <rtept lat="33.99972400" lon="133.67230900">
   </rtept>
   <rtept lat="34.00003100" lon="133.67280800">
   </rtept>
   <rtept lat="34.00030300" lon="133.67299300">
   </rtept>
   <rtept lat="34.00045700" lon="133.67286500">
   </rtept>
   <rtept lat="34.00057500" lon="133.67239400">
   </rtept>
   <rtept lat="34.00063400" lon="133.67161000">
   </rtept>
   <rtept lat="34.00071700" lon="133.67153900">
   </rtept>
   <rtept lat="34.00089400" lon="133.67199500">
   </rtept>
   <rtept lat="34.00114300" lon="133.67220900">
   </rtept>
   <rtept lat="34.00160400" lon="133.67208100">
   </rtept>
   <rtept lat="34.00180500" lon="133.67205200">
   </rtept>
   <rtept lat="34.00212400" lon="133.67202400">
   </rtept>
   <rtept lat="34.00234900" lon="133.67200900">
   </rtept>
   <rtept lat="34.00213600" lon="133.67236600">
   </rtept>
   <rtept lat="34.00211200" lon="133.67249400">
   </rtept>
   <rtept lat="34.00243100" lon="133.67236600">
   </rtept>
   <rtept lat="34.00272700" lon="133.67210900">
   </rtept>
   <rtept lat="34.00292800" lon="133.67199500">
   </rtept>
   <rtept lat="34.00317600" lon="133.67198100">
   </rtept>
   <rtept lat="34.00342400" lon="133.67206600">
   </rtept>
   <rtept lat="34.00363700" lon="133.67210900">
   </rtept>
   <rtept lat="34.00403000" lon="133.67165300">
   </rtept>
   <rtept lat="34.00439600" lon="133.67149600">
   </rtept>
   <rtept lat="34.00462100" lon="133.67156700">
   </rtept>
   <rtept lat="34.00497600" lon="133.67172400">
   </rtept>
   <rtept lat="34.00563800" lon="133.67178100">
   </rtept>
   <rtept lat="34.00602800" lon="133.67196700">
   </rtept>
   <rtept lat="34.00639400" lon="133.67209500">
   </rtept>
   <rtept lat="34.00658300" lon="133.67223800">
   </rtept>
   <rtept lat="34.00700900" lon="133.67280800">
   </rtept>
   <rtept lat="34.00741100" lon="133.67312200">
   </rtept>
   <rtept lat="34.00765900" lon="133.67367800">
   </rtept>
   <rtept lat="34.00796600" lon="133.67443400">
   </rtept>
   <rtept lat="34.00796600" lon="133.67496100">
   </rtept>
   <rtept lat="34.00786000" lon="133.67533200">
   </rtept>
   <rtept lat="34.00770600" lon="133.67580300">
   </rtept>
   <rtept lat="34.00738700" lon="133.67573100">
   </rtept>
   <rtept lat="34.00717400" lon="133.67573100">
   </rtept>
   <rtept lat="34.00700900" lon="133.67588800">
   </rtept>
   <rtept lat="34.00706800" lon="133.67618800">
   </rtept>
   <rtept lat="34.00723300" lon="133.67638700">
   </rtept>
   <rtept lat="34.00750500" lon="133.67643000">
   </rtept>
   <rtept lat="34.00762400" lon="133.67654400">
   </rtept>
   <rtept lat="34.00762400" lon="133.67674400">
   </rtept>
   <rtept lat="34.00743400" lon="133.67700100">
   </rtept>
   <rtept lat="34.00745800" lon="133.67718600">
   </rtept>
   <rtept lat="34.00774200" lon="133.67722900">
   </rtept>
   <rtept lat="34.00830900" lon="133.67728600">
   </rtept>
   <rtept lat="34.00851000" lon="133.67751400">
   </rtept>
   <rtept lat="34.00855800" lon="133.67785600">
   </rtept>
   <rtept lat="34.00859300" lon="133.67801300">
   </rtept>
   <rtept lat="34.00877000" lon="133.67809900">
   </rtept>
   <rtept lat="34.00897100" lon="133.67808400">
   </rtept>
   <rtept lat="34.00944400" lon="133.67782800">
   </rtept>
   <rtept lat="34.00971600" lon="133.67797000">
   </rtept>
   <rtept lat="34.00990500" lon="133.67804200">
   </rtept>
   <rtept lat="34.01000000" lon="133.67801300">
   </rtept>
   <rtept lat="34.01033100" lon="133.67834100">
   </rtept>
   <rtept lat="34.01040200" lon="133.67848400">
   </rtept>
   <rtept lat="34.01067400" lon="133.67898300">
   </rtept>
   <rtept lat="34.01078000" lon="133.67931100">
   </rtept>
   <rtept lat="34.01080400" lon="133.67965300">
   </rtept>
   <rtept lat="34.01073300" lon="133.68005200">
   </rtept>
   <rtept lat="34.01072400" lon="133.68030900">
   </rtept>
 </rte>
</gpx>
