<?xml version="1.0" encoding="UTF-8"?>
<kml xmlns="http://www.opengis.net/kml/2.2">
<Document>
	<name>39_shikoku_kochi</name>
	<Style id="lineStyle0">
		<LineStyle>
			<color>ff0000ff</color>
			<width>3</width>
		</LineStyle>
	</Style>
	<Style id="lineStyle1">
		<LineStyle>
			<color>ff4080ff</color>
			<width>3</width>
		</LineStyle>
	</Style>
	<Placemark>
		<name>SHIKOKU_KCH_01</name>
		<description>甲浦ポンカンのみち</description>
		<styleUrl>#lineStyle0</styleUrl>
		<LineString>
			<coordinates> 134.30549200,33.55099500 134.30492500,33.54960700 134.30440200,33.54822000 134.30411700,33.54758600 134.30361800,33.54707100 134.30309500,33.54667500 134.30188300,33.54623900 134.30038600,33.54572400 134.29976800,33.54552600 134.29929200,33.54516900 134.29864314,33.54472152 134.29800900,33.54461500 134.29700326,33.54453100 134.29624792,33.54433220 134.29644100,33.54417800 134.29724000,33.54374500 134.29781000,33.54341200 134.29835200,33.54334000 134.29950000,33.54339400 134.29996400,33.54313200 134.30080500,33.54293000 134.30150546,33.54278318 134.30080500,33.54293000 134.29996400,33.54313200 134.29950000,33.54339400 134.29835200,33.54334000 134.29781000,33.54341200 134.29724000,33.54374500 134.29644100,33.54417800 134.29624792,33.54433220 134.29479700,33.54367300 134.29432600,33.54348300 134.29307100,33.54298400 134.29227300,33.54267500 134.29183100,33.54222300
			</coordinates>
		</LineString>
	</Placemark>
	<Placemark>
		<name>SHIKOKU_KCH_02</name>
		<description>岩佐関所のみち</description>
		<styleUrl>#lineStyle0</styleUrl>
		<LineString>
			<coordinates> 134.15586800,33.47685700 134.15633800,33.47700000 134.15665200,33.47708300 134.15703700,33.47722600 134.15745100,33.47725000 134.15824900,33.47752400 134.15853400,33.47766600 134.15882000,33.47769000 134.15934500,33.47748700 134.15971600,33.47777300 134.16038600,33.47828400 134.16101300,33.47859400 134.16149800,33.47874800 134.16209700,33.47852200 134.16256800,33.47843900 134.16296700,33.47820100 134.16328100,33.47796300 134.16343800,33.47791600 134.16400800,33.47789200 134.16455000,33.47795100 134.16527700,33.47828400 134.16563400,33.47846300 134.16631800,33.47897400 134.16640400,33.47905800 134.16694600,33.47924800 134.16730200,33.47943800 134.16764500,33.47931900 134.16797300,33.47909300 134.16825800,33.47903400 134.16848600,33.47906900 134.16878600,33.47917600 134.16927000,33.47915300 134.16955600,33.47931900 134.16965500,33.47962800 134.16981200,33.47993800 134.17039700,33.48039000 134.17088200,33.48073500 134.17146700,33.48109100 134.17211900,33.48140700 134.17225200,33.48159700 134.17257600,33.48204100 134.17337400,33.48269100 134.17430600,33.48335700 134.17483800,33.48369000 134.17529500,33.48415000 134.17561800,33.48432500 134.17607400,33.48443600 134.17655000,33.48438800 134.17694900,33.48438800 134.17746200,33.48442000 134.17793800,33.48446700 134.17829900,33.48440400 134.17888800,33.48430900 134.17963000,33.48434100 134.18029500,33.48459400 134.18082800,33.48492700 134.18126500,33.48503800 134.18179800,33.48502300 134.18225400,33.48494300 134.18261500,33.48491200 134.18326200,33.48495900 134.18385100,33.48500700 134.18446000,33.48497500 134.18495400,33.48495900 134.18541000,33.48491200 134.18605700,33.48513400 134.18670300,33.48535600 134.18721700,33.48537100 134.18811000,33.48541900 134.18862400,33.48529200 134.18896600,33.48518100 134.18938400,33.48521300 134.19001200,33.48527600 134.19044900,33.48537100 134.19094400,33.48545100 134.19171700,33.48561900 134.19198500,33.48576800 134.19246000,33.48611400 134.19287600,33.48653600 134.19317300,33.48683300 134.19388600,33.48720500 134.19451000,33.48735300 134.19531200,33.48725400 134.19608500,33.48708100 134.19706500,33.48675900 134.19825300,33.48628800 134.19884800,33.48591600 134.19911500,33.48559400 134.19982800,33.48519800 134.20003600,33.48487600 134.20030300,33.48480100 134.20089800,33.48482600 134.20143200,33.48462800 134.20187800,33.48482600 134.20285800,33.48591600 134.20380900,33.48715500 134.20380900,33.48779900 134.20404700,33.48814600 134.20455200,33.48832000 134.20461100,33.48864200 134.20499800,33.48903800 134.20535400,33.48926100 134.20571100,33.48948400 134.20582900,33.48960800 134.20609700,33.48998000 134.20681000,33.49017800 134.20740400,33.49052500 134.20771300,33.49101400 134.20790300,33.49153000 134.20828300,33.49206500 134.20875900,33.49244200 134.20925800,33.49279800 134.20949600,33.49321500 134.20982800,33.49371000 134.21018500,33.49402700 134.21047000,33.49418600 134.21061300,33.49446300 134.21068400,33.49482000 134.21042300,33.49543500 134.21028000,33.49595000 134.21023200,33.49648500 134.21011400,33.49710000 134.21039900,33.49771400 134.21066000,33.49830900 134.21077900,33.49868500 134.21077900,33.49924000 134.21075500,33.49963700 134.21073200,33.49997400 134.21104100,33.50039000 134.21123100,33.50062800 134.21113600,33.50102400 134.21094500,33.50134100 134.21077900,33.50153900 134.21063600,33.50179700 134.21054100,33.50217300 134.21061300,33.50255800 134.21058900,33.50293500 134.21047000,33.50325200 134.21039900,33.50358900 134.21018500,33.50398500 134.21025600,33.50459900 134.21030400,33.50499600 134.21068400,33.50527300 134.21106400,33.50570900 134.21144500,33.50582800 134.21180100,33.50592700 134.21222900,33.50610600 134.21284700,33.50636300 134.21303300,33.50627700 134.21394600,33.50611000 134.21423100,33.50607500 134.21451700,33.50611000 134.21471600,33.50640800 134.21515800,33.50691900 134.21558600,33.50681200 134.21598500,33.50670500 134.21632800,33.50657400 134.21659900,33.50639600 134.21681300,33.50636000 134.21762500,33.50645500 134.21805300,33.50657400 134.21848100,33.50647900 134.21886600,33.50639600 134.21910900,33.50637200 134.21935100,33.50612200 134.21960800,33.50581300 134.21993600,33.50568200 134.22027800,33.50565900 134.22053500,33.50568200 134.22079100,33.50575400 134.22092000,33.50568200 134.22076300,33.50557500 134.22039200,33.50546800 134.22010700,33.50540900 134.21965000,33.50543300 134.21932200,33.50561100 134.21898000,33.50586100 134.21885200,33.50600300 134.21869500,33.50609900 134.21841000,33.50611000 134.21805300,33.50600300 134.21779500,33.50587500 134.21732500,33.50574500 134.21695400,33.50572100 134.21675400,33.50569700 134.21656900,33.50560200 134.21654100,33.50543500 134.21678300,33.50536400 134.21715400,33.50540000 134.21775300,33.50537600 134.21815200,33.50550700 134.21836600,33.50555400 134.21866500,33.50545900 134.21916500,33.50510200 134.21957800,33.50497200 134.22017700,33.50479300 134.22067600,33.50465100 134.22117500,33.50454400 134.22196000,33.50465100 134.22234500,33.50471000 134.22257300,33.50467400 134.22275800,33.50460300 134.22295400,33.50440700 134.22311000,33.50428800 134.22346000,33.50412700 134.22374500,33.50405600 134.22413700,33.50408600 134.22453700,33.50406200 134.22467900,33.50397900 134.22480800,33.50378200 134.22497200,33.50352700 134.22513600,33.50339600 134.22575200,33.50310900 134.22609400,33.50298200 134.22644600,33.50272800 134.22674100,33.50245900 134.22679800,33.50232400 134.22657000,33.50215800 134.22629400,33.50181700 134.22621800,33.50170600 134.22618900,33.50155500 134.22622700,33.50142000 134.22631300,33.50128600 134.22644600,33.50109500 134.22654100,33.50087300 134.22675000,33.50068300 134.22686400,33.50055600 134.22691700,33.50035200 134.22710100,33.50013400 134.22719000,33.49993000 134.22727300,33.49983100 134.22741000,33.49976700 134.22790900,33.49961300 134.22809300,33.49957400 134.22842600,33.49956900 134.22865800,33.49960300 134.22893700,33.49969300 134.22913900,33.49971200 134.22924600,33.49970700 134.22931100,33.49961800 134.22935300,33.49938500 134.22937700,33.49922200 134.22941200,33.49908800 134.22947800,33.49894900 134.22942400,33.49879600 134.22932900,33.49867700 134.22921600,33.49855800 134.22918900,33.49838700 134.22926000,33.49817900 134.22935600,33.49798100 134.22945100,33.49784200 134.22947400,33.49761400 134.22947400,33.49744600 134.22956700,33.49723700 134.22972400,33.49713000 134.22997300,33.49707100 134.23023700,33.49710000 134.23042300,33.49710600 134.23068700,33.49704700 134.23115000,33.49686200 134.23135000,33.49656500 134.23216300,33.49641700 134.23239800,33.49626800 134.23259700,33.49622000 134.23288300,33.49625000 134.23319600,33.49633900 134.23351700,33.49644600 134.23364600,33.49648200 134.23378800,33.49639300 134.23395900,33.49618500 134.23412300,33.49605400 134.23433700,33.49600000 134.23461500,33.49606000 134.23482900,33.49619100 134.23502200,33.49625600 134.23519300,33.49627400 134.23562100,33.49645800 134.23585600,33.49650600 134.23604900,33.49651800 134.23624800,33.49645200 134.23688100,33.49649400 134.23702400,33.49639900 134.23725900,33.49634500 134.23748000,33.49631500 134.23784400,33.49637500 134.23822900,33.49646400 134.23850000,33.49645800 134.23879900,33.49642800 134.23933400,33.49642200 134.23962700,33.49654700 134.23979800,33.49655300 134.24003300,33.49651200 134.24025400,33.49652900 134.24044700,33.49661300 134.24062500,33.49677900 134.24091700,33.49723700 134.24114500,33.49748100 134.24128100,33.49754600 134.24160200,33.49757600 134.24191500,33.49768300 134.24204400,33.49783800 134.24204400,33.49797400 134.24192300,33.49814700 134.24173000,33.49837900 134.24155900,33.49861100 134.24142300,33.49889000 134.24132400,33.49934200 134.24128100,33.49964600 134.24147300,33.49972400 134.24165900,33.49974700 134.24234300,33.49956300 134.24250000,33.49955100 134.24272800,33.49956300 134.24287800,33.49965200 134.24306300,33.49980700 134.24334200,33.50006900 134.24364800,33.50025300 134.24401900,33.50043700 134.24446500,33.50058000 134.24483600,33.50065700 134.24541400,33.50101400 134.24577000,33.50123400 134.24577700,33.50144800 134.24570600,33.50166800 134.24585600,33.50180500 134.24608400,33.50175700 134.24637600,33.50169800 134.24660400,33.50173900 134.24683300,33.50186400 134.24794000,33.50265500 134.24911600,33.50325900 134.25041100,33.50461700 134.25200400,33.50517200 134.25383400,33.50661800 134.25476600,33.50634300 134.25583600,33.50611100 134.25712600,33.50588500 134.25847400,33.50572400 134.25963000,33.50559200 134.26013400,33.50558400 134.26082800,33.50556000 134.26108500,33.50547300 134.26206400,33.50504500 134.26294900,33.50461700 134.26407000,33.50395100 134.26485900,33.50336400 134.26562000,33.50274600 134.26625700,33.50227800 134.26698900,33.50192600 134.26798700,33.50159900
			</coordinates>
		</LineString>
	</Placemark>
	<Placemark>
		<name>SHIKOKU_KCH_03</name>
		<description>宿屋杉のみち</description>
		<styleUrl>#lineStyle0</styleUrl>
		<LineString>
			<coordinates> 134.01989600,33.42552200 134.02031200,33.42634000 134.02081700,33.42653800 134.02319400,33.42596800 134.02384700,33.42579400 134.02441200,33.42577000 134.02467900,33.42544700 134.02491700,33.42547200 134.02494700,33.42577000 134.02543000,33.42592100 134.02569700,33.42579400 134.02617200,33.42582600 134.02643800,33.42593700 134.02662800,33.42619100 134.02689400,33.42638200 134.02710400,33.42655600 134.02744600,33.42655600 134.02792100,33.42662000 134.02849200,33.42641300 134.02927100,33.42627000 134.02986100,33.42615900 134.03007000,33.42604800 134.03035500,33.42596900 134.03081100,33.42600100 134.03107800,33.42608000 134.03088800,33.42620700 134.03083000,33.42636600 134.03104000,33.42654000 134.03126800,33.42650800 134.03147700,33.42655600 134.03193300,33.42681000 134.03212300,33.42692100 134.03237100,33.42684200 134.03246600,33.42676200 134.03269400,33.42673100 134.03288400,33.42700000 134.03299800,33.42747700 134.03339700,33.42719100 134.03358800,33.42744500 134.03379700,33.42735000 134.03431000,33.42758800 134.03509000,33.42788900 134.03566000,33.42803200 134.03611600,33.42795300 134.03651600,33.42788900 134.03687700,33.42787300 134.03706700,33.42768300 134.03725700,33.42738100 134.03740900,33.42739700 134.03740900,33.42719100 134.03754300,33.42696900 134.03786600,33.42688900 134.03818900,33.42666700 134.03849300,33.42665100 134.03891200,33.42636600 134.03912100,33.42644500 134.03938700,33.42662000 134.03978600,33.42665100 134.03986200,33.42681000 134.03995700,33.42695300 134.04010900,33.42714300 134.04045200,33.42715900 134.04081300,33.42717500 134.04104100,33.42749200 134.04159300,33.42771500 134.04191600,33.42792100 134.04204900,33.42806400 134.04223900,33.42825400 134.04231500,33.42847600 134.04252400,33.42857100 134.04281000,33.42854000 134.04368400,33.42846000 134.04438800,33.42839700 134.04514800,33.42847600 134.04558600,33.42873000 134.04577600,33.42890500 134.04625700,33.42895300 134.04663700,33.42919100 134.04711300,33.42905200 134.04785000,33.42925100 134.04851500,33.42948900 134.04899000,33.42980600 134.04920400,33.43028200 134.04925200,33.43067900 134.04932300,33.43109600 134.04972700,33.43153200 134.05013100,33.43184900 134.05034500,33.43204800 134.05084400,33.43216700 134.05124800,33.43232500 134.05146200,33.43258300 134.05151000,33.43286100 134.05181900,33.43313900 134.05210400,33.43319800 134.05227000,33.43337700 134.05262700,33.43347600 134.05286500,33.43365400 134.05303100,33.43373400 134.05343500,33.43375400 134.05376800,33.43395200 134.05383900,33.43415000 134.05400500,33.43424900 134.05438600,33.43438800 134.05464700,33.43462600 134.05483700,33.43482500 134.05500400,33.43490400 134.05526500,33.43490400 134.05583600,33.43500300 134.05588300,33.43512200 134.05607300,33.43522100 134.05638200,33.43524100 134.05690500,33.43516200 134.05748900,33.43509700 134.05776000,33.43496600 134.05797400,33.43485900 134.05837300,33.43487100 134.05861600,33.43495400 134.05894400,33.43494200 134.05921500,33.43491800 134.05958500,33.43501400 134.05984200,33.43513300 134.06018400,33.43521600 134.06044100,33.43539400 134.06069800,33.43549000 134.06094000,33.43549000 134.06125400,33.43546600 134.06149600,33.43545400 134.06169600,33.43550200 134.06189600,33.43552500 134.06220900,33.43541800 134.06233800,33.43538300 134.06279400,33.43544200 134.06323600,33.43553700 134.06342200,33.43557300 134.06376400,33.43547800 134.06416300,33.43529900 134.06454800,33.43522800 134.06477600,33.43520400 134.06490500,33.43532300 134.06517600,33.43551400 134.06539000,33.43551400 134.06550400,33.43543000 134.06564600,33.43519200 134.06571800,33.43510900 134.06600300,33.43491800 134.06647300,33.43482300 134.06680100,33.43494200 134.06714400,33.43495400 134.06757100,33.43484700 134.06792800,33.43466900 134.06806700,33.43451200 134.06859900,33.43464700 134.06905600,33.43474200 134.06979700,33.43486900 134.07067200,33.43504300 134.07097600,33.43515500 134.07113800,33.43534500 134.07118500,33.43551200 134.07140400,33.43561500 134.07163200,33.43565400 134.07196500,33.43584500 134.07209800,33.43605100 134.07218300,33.43628900 134.07218300,33.43651100 134.07213600,33.43672500 134.07230700,33.43697900 134.07250700,33.43724100 134.07259200,33.43751100 134.07265900,33.43768500 134.07286800,33.43782000 134.07296300,33.43797900 134.07308700,33.43821700 134.07320100,33.43828800 134.07351400,33.43830400 134.07381900,33.43849500 134.07395200,33.43855800 134.07429400,33.43854200 134.07481700,33.43845500 134.07507400,33.43843900 134.07547300,33.43862900 134.07627200,33.43877200 134.07666100,33.43890700 134.07706100,33.43903400 134.07745000,33.43913700 134.07812000,33.43948700 134.07863300,33.43974100 134.07897600,33.43977200 134.07895700,33.43963000 134.07867100,33.43945500 134.07861400,33.43932800 134.07870900,33.43924900 134.07897600,33.43924900 134.07928000,33.43939200 134.07986900,33.43986800 134.08070600,33.44067700 134.08087700,33.44093100 134.08087700,33.44105800 134.08072500,33.44112100 134.08074400,33.44151800 134.08104800,33.44191400 134.08180900,33.44223200 134.08230300,33.44251700 134.08256900,33.44296100 134.08296900,33.44334200 134.08319700,33.44361200 134.08325400,33.44400900 134.08336800,33.44419900 134.08397600,33.44437400 134.08456600,33.44450000 134.08481300,33.44462700 134.08481300,33.44486500 134.08496500,33.44508800 134.08519300,33.44511900 134.08585900,33.44580200 134.08610600,33.44607100 134.08639100,33.44621400 134.08694300,33.44640400 134.08728500,33.44661100 134.08758900,33.44689600 134.08758900,33.44708700 134.08798800,33.44719800 134.08829300,33.44703900 134.08907200,33.44732500 134.08952900,33.44757800 134.08989000,33.44781600 134.08992800,33.44811800 134.09002300,33.44822900 134.09042200,33.44824500 134.09103100,33.44818100 134.09137300,33.44816500 134.09177200,33.44807000 134.09268500,33.44808600 134.09323600,33.44791200 134.09365500,33.44791200 134.09441500,33.44800700 134.09470100,33.44794300 134.09508100,33.44819700 134.09551800,33.44821300 134.09597500,33.44827700 134.09635500,33.44841900 134.09669700,33.44864100 134.09698200,33.44872100 134.09757200,33.44861000 134.09851200,33.44847300 134.09867900,33.44803700 134.09891600,33.44754100 134.09927300,33.44726400 134.09951000,33.44708500 134.10084200,33.44710500 134.10126900,33.44720400 134.10186400,33.44718400 134.10255300,33.44738300 134.10305200,33.44742200 134.10359900,33.44740200 134.10414500,33.44760100 134.10464400,33.44777900 134.10550000,33.44779900 134.10614200,33.44766000 134.10637900,33.44742200 134.10673600,33.44724400 134.10695000,33.44718400 134.10754400,33.44694600 134.10821000,33.44680700 134.10837600,33.44768000 134.10854200,33.44843400 134.10897000,33.44896900 134.10932700,33.44964300 134.10920800,33.45031800 134.10897000,33.45067500 134.10920800,33.45097200 134.11004000,33.45170600 134.11084800,33.45251900 134.11156100,33.45341100 134.11165600,33.45396600 134.11165600,33.45495800 134.11189400,33.45549300 134.11189400,33.45634600 134.11215500,33.45660400 134.11239300,33.45711100 134.11289200,33.45768600 134.11320100,33.45784500 134.11343900,33.45814300 134.11403300,33.45844000 134.11448400,33.45851900 134.11512600,33.45871800 134.11555400,33.45875700 134.11593400,33.45861800 134.11631400,33.45865800 134.11638600,33.45885600 134.11679000,33.45925300 134.11731300,33.45976900 134.11740800,33.45990700 134.11759800,33.46008600 134.11802600,33.46014500 134.11828700,33.46000700 134.11838200,33.46040300 134.11831100,33.46060100 134.11826300,33.46080000 134.11857200,33.46109700 134.11895300,33.46121600 134.11949900,33.46159300 134.11992700,33.46202900 134.12061600,33.46282200 134.12078300,33.46325800 134.12097300,33.46337700 134.12135300,33.46341700 134.12178100,33.46359500 134.12228000,33.46383300 134.12263700,33.46413100 134.12294600,33.46434900 134.12372700,33.46474600 134.12415500,33.46508300 134.12441600,33.46553900 134.12474900,33.46605400 134.12489200,33.46655000 134.12520000,33.46692700 134.12603200,33.46730300 134.12698300,33.46785800 134.12755400,33.46837400 134.12800500,33.46918700 134.12831400,33.46960300 134.12895600,33.47035700 134.12909800,33.47063400 134.12898000,33.47111000 134.12895600,33.47142700 134.12924100,33.47174400 134.12952600,33.47200200 134.12974000,33.47216100 134.13035800,33.47297400 134.13078600,33.47358800 134.13116600,33.47396500 134.13147500,33.47448000 134.13161776,33.47463693 134.13143100,33.47503900 134.13139929,33.47530789 134.13132977,33.47572206 134.13132132,33.47623390 134.13139759,33.47645656 134.13130861,33.47659970 134.13130861,33.47668452 134.13114336,33.47680646 134.13099718,33.47673754 134.13058405,33.47676405 134.13012400,33.47690200 134.12988490,33.47700791 134.12971965,33.47739492 134.12971965,33.47767059 134.12978956,33.47785084 134.12980228,33.47809470 134.12991000,33.47836900 134.12996117,33.47847640 134.12999931,33.47878388 134.12996117,33.47847640 134.12991000,33.47836900 134.12980228,33.47809470 134.12978956,33.47785084 134.12971965,33.47767059 134.12971723,33.47736086 134.12988490,33.47700791 134.13012400,33.47690200 134.13058405,33.47676405 134.13099718,33.47673754 134.13114336,33.47680646 134.13130861,33.47668452 134.13130861,33.47659970 134.13139759,33.47645656 134.13132132,33.47623390 134.13132977,33.47572206 134.13143100,33.47503900 134.13161776,33.47463693 134.13175680,33.47469491 134.13195100,33.47473800 134.13245000,33.47469900 134.13280600,33.47465900 134.13323400,33.47461900 134.13390000,33.47458000 134.13418500,33.47463900 134.13485000,33.47442100 134.13496900,33.47416300 134.13518300,33.47382600 134.13582500,33.47337000 134.13630000,33.47313200 134.13679900,33.47313200 134.13696600,33.47313200 134.13722700,33.47285500 134.13722700,33.47239900 134.13725100,33.47212100 134.13748900,33.47162500 134.13760700,33.47134800 134.13754800,33.47117900 134.13766200,33.47092900 134.13789100,33.47072700 134.13836100,33.47054800 134.13860400,33.47044100 134.13870300,33.47020300 134.13900300,33.47009600 134.13935900,33.47001300 134.13980100,33.47001300 134.14007200,33.46987000 134.14015800,33.46962000 134.14022900,33.46943000 134.14052900,33.46933500 134.14092800,33.46933500 134.14129900,33.46937000 134.14178400,33.46928700 134.14206900,33.46919200 134.14256800,33.46906100 134.14292500,33.46889500 134.14338100,33.46866900 134.14388000,33.46851400 134.14418000,33.46835900 134.14432200,33.46856100 134.14455000,33.46902500 134.14504900,33.46975100 134.14552000,33.47033400 134.14597600,33.47083400 134.14633300,33.47104800 134.14673200,33.47120200 134.14716000,33.47130900 134.14737400,33.47147600 134.14757400,33.47185700 134.14764500,33.47202300 134.14794400,33.47226100 134.14832900,33.47235600 134.14890000,33.47234400 134.14931300,33.47247500 134.14974100,33.47272500 134.15036900,33.47309400 134.15056300,33.47337200 134.15070500,33.47375300 134.15099000,33.47411000 134.15139000,33.47438300 134.15176100,33.47460900 134.15217400,33.47468100 134.15234500,33.47470400 134.15268800,33.47485900 134.15285900,33.47521600 134.15290100,33.47534700 134.15304400,33.47552500 134.15344300,33.47575100 134.15374300,33.47590600 134.15407100,33.47627500 134.15454100,33.47633400 134.15498400,33.47644100 134.15535400,33.47647700 134.15564000,33.47669100
			</coordinates>
		</LineString>
	</Placemark>
	<Placemark>
		<name>SHIKOKU_KCH_04</name>
		<description>神峯のみち</description>
		<styleUrl>#lineStyle0</styleUrl>
		<LineString>
			<coordinates> 133.96021700,33.44720700 133.96092200,33.44718400 133.96142200,33.44715400 133.96239800,33.44699900 133.96280500,33.44691000 133.96333300,33.44697500 133.96356100,33.44705900 133.96392400,33.44702300 133.96440900,33.44692800 133.96463700,33.44692800 133.96500800,33.44711800 133.96517900,33.44712400 133.96575700,33.44708200 133.96617800,33.44696300 133.96649300,33.44666600 133.96689700,33.44656700 133.96743200,33.44646800 133.96818100,33.44622000 133.96923900,33.44594200 133.96940500,33.44593200 133.97011800,33.44569400 133.97080700,33.44538700 133.97116400,33.44549600 133.97161500,33.44575400 133.97200800,33.44595200 133.97206700,33.44613000 133.97204300,33.44632900 133.97197200,33.44648700 133.97179400,33.44671500 133.97171000,33.44709200 133.97161500,33.44742900 133.97147400,33.44762700 133.97098700,33.44796400 133.97090300,33.44808300 133.97078500,33.44822200 133.97086800,33.44829100 133.97093900,33.44838100 133.97082000,33.44841000 133.97055900,33.44826200 133.97036900,33.44829100 133.97036900,33.44837100 133.97052300,33.44847000 133.97068900,33.44858900 133.97073700,33.44877700 133.97068900,33.44897500 133.97063000,33.44926300 133.97047600,33.44952100 133.97023800,33.44973900 133.97016700,33.44987800 133.97016700,33.45004600 133.97022600,33.45023500 133.97025000,33.45049300 133.97025000,33.45065100 133.97023800,33.45083000 133.97027300,33.45102800 133.97028500,33.45119700 133.97028500,33.45151400 133.97025000,33.45162300 133.97041600,33.45171200 133.97057100,33.45179100 133.97063000,33.45188100 133.97063000,33.45207900 133.97057100,33.45226700 133.97068300,33.45233700 133.97091100,33.45251200 133.97097800,33.45261500 133.97093000,33.45288400 133.97109200,33.45315400 133.97111100,33.45334400 133.97120600,33.45356600 133.97138700,33.45384400 133.97155800,33.45416900 133.97158600,33.45454200 133.97159600,33.45461400 133.97171000,33.45461400 133.97175700,33.45458200 133.97177600,33.45441500 133.97203300,33.45453400 133.97222300,33.45470900 133.97222300,33.45482800 133.97229000,33.45505800 133.97244200,33.45535100 133.97244200,33.45591400 133.97248000,33.45616800 133.97251600,33.45639600 133.97256900,33.45677300 133.97269400,33.45713000 133.97278300,33.45732300 133.97296700,33.45762600 133.97316300,33.45786400 133.97340100,33.45810700 133.97356100,33.45827000 133.97352600,33.45857700 133.97353900,33.45876500 133.97361600,33.45897400 133.97364000,33.45939000 133.97372900,33.45967700 133.97372300,33.45987100 133.97358000,33.46027700 133.97355700,33.46035200 133.97362200,33.46042700 133.97380600,33.46049100 133.97398400,33.46060100 133.97406800,33.46070500 133.97412700,33.46080400 133.97427600,33.46094300 133.97439400,33.46106200 133.97453700,33.46130900 133.97470900,33.46133900 133.97479300,33.46122500 133.97490000,33.46115600 133.97497100,33.46125500 133.97495900,33.46139900 133.97486400,33.46154200 133.97449000,33.46165100 133.97432300,33.46158200 133.97379400,33.46126500 133.97365800,33.46120000 133.97356300,33.46124000 133.97356900,33.46130400 133.97363400,33.46139400 133.97390100,33.46155200 133.97407400,33.46179500 133.97425200,33.46209300 133.97453100,33.46209800 133.97461400,33.46214700 133.97458500,33.46222600 133.97446000,33.46229600 133.97429300,33.46230100 133.97412700,33.46224100 133.97391900,33.46211200 133.97368700,33.46209300 133.97351500,33.46218700 133.97343800,33.46230600 133.97345600,33.46238500 133.97364600,33.46244500 133.97372900,33.46251400 133.97370500,33.46262300 133.97364000,33.46277200 133.97361000,33.46290600 133.97368100,33.46303000 133.97387200,33.46297500 133.97413900,33.46294500 133.97429900,33.46300000 133.97431100,33.46310900 133.97412700,33.46321800 133.97411500,33.46328700 133.97435300,33.46343700 133.97431700,33.46347700 133.97408500,33.46349600 133.97402600,33.46357600 133.97403800,33.46365500 133.97424000,33.46374900 133.97424000,33.46381400 133.97399600,33.46397700 133.97424000,33.46411100 133.97413300,33.46428000 133.97410300,33.46438900 133.97415100,33.46447800 133.97418600,33.46460200 133.97397900,33.46471100 133.97375300,33.46477000 133.97369300,33.46490400 133.97369300,33.46504300 133.97375900,33.46507300 133.97388900,33.46494400 133.97401400,33.46490900 133.97407400,33.46496900 133.97407400,33.46515700 133.97413300,33.46538000 133.97412100,33.46555900 133.97415100,33.46559800 133.97428200,33.46559800 133.97432300,33.46561800 133.97426400,33.46574700 133.97442400,33.46575600 133.97443900,33.46591700 133.97447400,33.46606600 133.97458800,33.46618400 133.97475200,33.46628000 133.97487400,33.46647000 133.97485900,33.46688600 133.97498100,33.46702900 133.97499500,33.46694600 133.97504500,33.46675600 133.97518000,33.46644000 133.97530200,33.46642200 133.97540100,33.46663100 133.97547300,33.46677900 133.97548000,33.46694600 133.97569000,33.46706800 133.97595600,33.46710600 133.97622300,33.46714400 133.97626100,33.46735400 133.97620400,33.46756300 133.97637500,33.46771600 133.97643200,33.46819100 133.97641300,33.46855300 133.97674200,33.46887900 133.97712000,33.46886100 133.97731400,33.46880100 133.97753900,33.46874100 133.97778300,33.46868200 133.97790800,33.46868700 133.97819900,33.46879600 133.97836500,33.46893900 133.97852600,33.46913300 133.97865700,33.46929100 133.97878700,33.46931600 133.97893600,33.46928600 133.97911400,33.46927100 133.97922700,33.46930600 133.97935200,33.46941500 133.97942900,33.46947000 133.97957800,33.46942000 133.97960100,33.46933600 133.97956000,33.46912800 133.97947700,33.46898900 133.97932800,33.46874600 133.97932800,33.46856300 133.97930400,33.46832000 133.97915000,33.46811700 133.97910200,33.46793800 133.97922100,33.46784400 133.97924500,33.46776500 133.97921500,33.46771000 133.97912000,33.46771500 133.97893600,33.46787900 133.97893000,33.46797300 133.97888800,33.46833500 133.97880500,33.46833000 133.97873400,33.46818600 133.97869200,33.46797800 133.97876900,33.46768000 133.97878100,33.46759600 133.97876800,33.46734600 133.97881500,33.46705300 133.97887200,33.46683800 133.97900600,33.46673500 133.97914800,33.46672700 133.97922400,33.46678300 133.97949000,33.46698900 133.97977600,33.46729000 133.98008000,33.46751300 133.98030800,33.46751300 133.98058400,33.46744900 133.98084000,33.46752000 133.98094500,33.46754400 133.98105900,33.46746500 133.98118300,33.46740900 133.98143900,33.46739400 133.98160100,33.46740900 133.98183900,33.46756800 133.98188600,33.46756000 133.98202900,33.46738600 133.98221900,33.46735400 133.98236200,33.46721900 133.98254200,33.46714800 133.98261800,33.46702100 133.98273200,33.46698100 133.98277000,33.46706000 133.98278900,33.46727500 133.98276100,33.46763100 133.98286500,33.46779000 133.98297000,33.46781400 133.98303700,33.46770300 133.98312200,33.46757600 133.98326500,33.46749700 133.98345500,33.46747300 133.98352100,33.46742500 133.98356900,33.46731400 133.98366400,33.46716400 133.98377800,33.46708400 133.98389200,33.46698100 133.98396800,33.46683000 133.98422500,33.46671900 133.98419600,33.46659300 133.98421500,33.46644200 133.98441500,33.46633100 133.98466200,33.46625200 133.98451000,33.46613300 133.98450100,33.46604500 133.98458600,33.46595000 133.98483300,33.46564100 133.98483300,33.46548200 133.98473800,33.46537100 133.98441500,33.46515700 133.98441500,33.46507800 133.98456700,33.46491100 133.98464300,33.46476000 133.98453900,33.46453000 133.98448200,33.46434000 133.98456700,33.46421300 133.98461500,33.46403900 133.98442500,33.46380900 133.98420600,33.46354700 133.98395900,33.46333300 133.98389500,33.46309800 133.98382400,33.46295500 133.98340300,33.46267600 133.98324600,33.46242600 133.98304700,33.46220600 133.98298200,33.46210500 133.98297500,33.46192000 133.98295400,33.46171800 133.98291800,33.46164100 133.98258300,33.46121200 133.98223400,33.46071900 133.98211200,33.46063500 133.98202700,33.46061800 133.98186300,33.46064700 133.98172700,33.46065900 133.98147800,33.46061800 133.98147800,33.46054600 133.98168500,33.46050400 133.98172700,33.46046900 133.98175600,33.46027800 133.98184200,33.46012400 133.98185600,33.46002300 133.98172700,33.45984400 133.98149900,33.45945000 133.98142800,33.45940300 133.98131400,33.45939700 133.98106400,33.45944400 133.98070100,33.45945000 133.98035100,33.45939100 133.98022300,33.45934300 133.98029400,33.45926600 133.98060800,33.45917700 133.98066500,33.45912300 133.98067200,33.45902200 133.98033700,33.45900400 133.97998800,33.45889700 133.97985900,33.45878400 133.97988100,33.45868900 133.97995900,33.45859400 133.98009500,33.45850500 133.98022300,33.45843900 133.98020900,33.45833200 133.98010200,33.45810600 133.98010200,33.45797500 133.98026600,33.45788500 133.98044400,33.45783700 133.98065800,33.45784900 133.98096400,33.45795000 133.98107900,33.45793800 133.98124300,33.45783100 133.98144200,33.45776000 133.98148500,33.45773000 133.98144200,33.45764100 133.98123500,33.45746800 133.98130700,33.45738500 133.98142100,33.45730800 133.98142800,33.45693900 133.98150600,33.45687900 133.98166300,33.45685000 133.98182700,33.45676600 133.98182700,33.45660000 133.98172700,33.45660000 133.98121400,33.45649900 133.98111400,33.45642700 133.98111400,33.45620700 133.98108600,33.45605200 133.98112800,33.45593900 133.98102200,33.45578500 133.98102200,33.45570700 133.98098600,33.45549900 133.98089300,33.45536800 133.98053700,33.45506500 133.98050100,33.45498200 133.98048700,33.45486300 133.98049400,33.45459600 133.98056500,33.45435200 133.98063600,33.45428700 133.98083600,33.45416200 133.98086500,33.45410800 133.98079300,33.45394200 133.98080000,33.45366800 133.98075100,33.45361400 133.98060100,33.45360900 133.98035100,33.45370400 133.98024400,33.45372200 133.98014400,33.45366200 133.98014400,33.45354900 133.98018000,33.45348400 133.98038000,33.45337100 133.98055800,33.45323400 133.98055100,33.45310300 133.98048700,33.45303100 133.98016600,33.45303100 133.97995900,33.45298400 133.97985900,33.45290100 133.97983100,33.45279400 133.98003000,33.45257300 133.98000900,33.45250800 133.97988800,33.45241300 133.97979500,33.45237700 133.97963800,33.45219300 133.97964500,33.45210900 133.97985900,33.45196400 133.97985900,33.45175600 133.98004500,33.45167300 133.98039400,33.45167300 133.98075800,33.45170800 133.98082200,33.45166700 133.98083600,33.45160100 133.98070100,33.45145900 133.98053700,33.45136900 133.98050100,33.45132800 133.98049400,33.45106000 133.98048700,33.45100000 133.98048000,33.45087000 133.98060100,33.45075600 133.98067200,33.45060800 133.98066500,33.45032800 133.98058700,33.45013200 133.98053700,33.45001300 133.98045100,33.44978700 133.98045800,33.44948900 133.98055800,33.44920400 133.98056500,33.44903500 133.98048700,33.44882100 133.98048700,33.44841000 133.98023000,33.44792700 133.98025900,33.44756200 133.98035800,33.44721300 133.98036800,33.44711000 133.98034900,33.44701900 133.98028700,33.44692000 133.98012100,33.44660600 133.98009200,33.44650300 133.98008700,33.44634400 133.98000200,33.44600800 133.98000200,33.44577800 133.98006400,33.44554800 133.98010600,33.44543700 133.97998800,33.44512000 133.97997800,33.44501600 133.97998300,33.44491300 133.98011600,33.44470300 133.98040100,33.44427500 133.98048700,33.44418700 133.98052000,33.44408800 133.98053000,33.44398100 133.98049600,33.44390600 133.98039600,33.44382600 133.98020600,33.44377900 133.98010600,33.44372300 133.98007800,33.44364800 133.98017300,33.44360000 133.98024000,33.44356100 133.98031600,33.44348500 133.98042000,33.44348900 133.98070100,33.44366800 133.98079100,33.44368800 133.98088100,33.44376300 133.98089600,33.44381500 133.98089600,33.44387800 133.98082900,33.44405300 133.98082900,33.44414800 133.98095300,33.44433800 133.98104300,33.44442900 133.98110500,33.44442900 133.98111900,33.44438200 133.98105700,33.44427500 133.98102900,33.44418700 133.98105700,33.44410400 133.98115700,33.44397700 133.98116200,33.44381100 133.98111900,33.44363300 133.98111400,33.44355800 133.98112800,33.44349000 133.98117600,33.44342700 133.98133800,33.44331200 133.98131900,33.44319300 133.98115700,33.44301000 133.98113800,33.44294300 133.98117600,33.44291100 133.98124300,33.44291900 133.98151800,33.44324400 133.98162300,33.44324800 133.98156600,33.44309700 133.98131900,33.44278400 133.98131900,33.44275600 133.98134200,33.44272900 133.98140900,33.44274000 133.98146600,33.44278000 133.98157100,33.44289500 133.98170400,33.44301800 133.98185600,33.44332000 133.98191300,33.44333100 133.98193200,33.44331200 133.98194100,33.44324800 133.98187000,33.44311300 133.98157100,33.44270900 133.98143300,33.44257800 133.98139900,33.44252600 133.98144200,33.44249800 133.98155200,33.44250600 133.98159000,33.44255000 133.98169900,33.44263700 133.98186500,33.44289500 133.98204100,33.44302600 133.98215500,33.44321600 133.98228400,33.44339900 133.98232600,33.44338700 133.98233100,33.44329600 133.98228400,33.44316900 133.98215500,33.44302200 133.98207000,33.44280800 133.98188000,33.44262900 133.98178900,33.44247500 133.98158500,33.44223700 133.98162300,33.44221700 133.98184200,33.44232800 133.98218900,33.44268900 133.98241700,33.44295900 133.98265400,33.44343100 133.98270700,33.44347000 133.98275900,33.44346600 133.98278700,33.44344600 133.98277800,33.44339100 133.98260700,33.44300200 133.98241700,33.44246700 133.98217000,33.44201500 133.98211700,33.44172200 133.98201700,33.44138900 133.98208900,33.44132900 133.98171800,33.44077000 133.98149000,33.44044900 133.98228600,33.44032900 133.98273200,33.44018100 133.98249400,33.43979400 133.98201800,33.43914000 133.98178000,33.43875300 133.98145300,33.43809900 133.98133400,33.43735500 133.98186900,33.43723600 133.98169100,33.43667100
			</coordinates>
		</LineString>
	</Placemark>
	<Placemark>
		<name>SHIKOKU_KCH_</name>
		<description>神峯のみち</description>
		<styleUrl>#lineStyle1</styleUrl>
		<LineString>
			<coordinates> 133.97626100,33.46735400 133.97593300,33.46730200 133.97568300,33.46744400 133.97569500,33.46802700 133.97559900,33.46846700
			</coordinates>
		</LineString>
	</Placemark>
	<Placemark>
		<name>SHIKOKU_KCH_</name>
		<description>神峯のみち</description>
		<styleUrl>#lineStyle1</styleUrl>
		<LineString>
			<coordinates> 133.97753900,33.46874100 133.97788400,33.46899100 133.97797900,33.46919300 133.97806200,33.46974000 133.97816900,33.46990700 133.97856200,33.46995500 133.97878800,33.47005000 133.97877600,33.47016900 133.97865700,33.47020400 133.97849100,33.47012100 133.97828800,33.47010900 133.97802700,33.47006200 133.97777700,33.46995500 133.97771700,33.46966900 133.97755100,33.46939500 133.97734800,33.46936000 133.97732500,33.46947900 133.97752700,33.46966900 133.97745500,33.47012100 133.97734800,33.47045400 133.97750300,33.47064500 133.97746700,33.47078700 133.97726500,33.47074000 133.97703900,33.47060900 133.97705100,33.47039500 133.97703900,33.47008500 133.97693200,33.47000200 133.97678900,33.47010900 133.97692000,33.47027600 133.97684900,33.47046600 133.97667000,33.47068000 133.97670600,33.47084700 133.97692000,33.47101300 133.97676500,33.47127500
			</coordinates>
		</LineString>
	</Placemark>
	<Placemark>
		<name>SHIKOKU_KCH_05</name>
		<description>安芸ふるさとのみち</description>
		<styleUrl>#lineStyle0</styleUrl>
		<LineString>
			<coordinates> 133.90322900,33.50277500 133.90318100,33.50309200 133.90290800,33.50343900 133.90267000,33.50366700 133.90221900,33.50385500 133.90179100,33.50423200 133.90162400,33.50456900 133.90156500,33.50487600 133.90156500,33.50517300 133.90192200,33.50636400 133.90215708,33.50709607 133.89930300,33.50782500 133.89801800,33.50812000 133.89794200,33.50812000 133.89703800,33.50830100 133.89678100,33.50832000 133.89642433,33.50820249 133.89603689,33.50835159 133.89642433,33.50820249 133.89678100,33.50832000 133.89703800,33.50830100 133.89801800,33.50812000 133.89930300,33.50782500 133.90215708,33.50709607 133.90215708,33.50717062 133.90204000,33.50812800 133.90186200,33.50844500 133.90179100,33.50926800 133.90176700,33.51039700 133.90148400,33.51140500 133.90142400,33.51226700 133.90138900,33.51304000 133.90129300,33.51456600 133.90115500,33.51776000 133.90110700,33.51819600 133.90113100,33.51841400 133.90145200,33.51941500 133.90196300,33.52111800 133.90219100,33.52240200 133.90222000,33.52262800 133.90219144,33.52271401 133.90176300,33.52277300 133.90077400,33.52292500 133.90033600,33.52304900 133.89937319,33.52303415 133.89954600,33.52409600 133.90008800,33.52537200 133.90039300,33.52581197 133.90008800,33.52537200 133.89954600,33.52409600 133.89937319,33.52303415 133.90033600,33.52304900 133.90077400,33.52292500 133.90188342,33.52276371 133.90217157,33.52282998 133.90207700,33.52338900 133.90199200,33.52397200 133.90209100,33.52480400 133.90240500,33.52705100 133.90247700,33.52753800 133.90220600,33.52832300 133.90192000,33.52941600 133.90183500,33.52996300 133.90176800,33.53108000 133.90176800,33.53166700 133.90173000,33.53189700 133.90135000,33.53417900 133.90041900,33.53566500 133.90040500,33.53574600 133.90171100,33.53586200 133.90288900,33.53600500 133.90399500,33.53612400 133.90454200,33.53621900 133.90507800,33.53619500 133.90504200,33.53589800 133.90535100,33.53586200 133.90585100,33.53586200 133.90633900,33.53583800 133.90600600,33.53638500 133.90574400,33.53690900 133.90536300,33.53736100 133.90480600,33.53789100 133.90535600,33.53842900 133.90562700,33.53861900 133.90598300,33.53859500 133.90570500,33.53874600 133.90600900,33.53879300 133.90612300,33.53893600 133.90637000,33.53917400 133.90677900,33.53948700 133.90704500,33.53951100 133.90725500,33.53954300 133.90741600,33.53967700 133.90764400,33.53993900 133.90773000,33.54033500 133.90789200,33.54057300 133.90818600,33.54081100 133.90867100,33.54095300 133.90888000,33.54096900 133.90899400,33.54081800 133.90892800,33.54069200 133.90879500,33.54066000 133.90859500,33.54062000 133.90847200,33.54040600 133.90844300,33.53998600 133.90834800,33.53967700 133.90863300,33.53940000 133.90864300,33.53927300 133.90850000,33.53912300 133.90819600,33.53889300 133.90813900,33.53876600 133.90824300,33.53867900 133.90854800,33.53867900 133.90896600,33.53872600 133.90936500,33.53866300 133.90965000,33.53840900 133.91012600,33.53826700 133.91020200,33.53804500 133.91063900,33.53799700 133.91082900,33.53791800 133.91111500,33.53777600 133.91176100,33.53734800 133.91197000,33.53730000 133.91221700,33.53714200 133.91238900,33.53698300 133.91259800,33.53677700 133.91292100,33.53636500 133.91290200,33.53606400 133.91292780,33.53576684 133.91295846,33.53562744 133.91297800,33.53533200 133.91295300,33.53511900 133.91325023,33.53512713 133.91333151,33.53524352 133.91343155,33.53546414 133.91333151,33.53524352 133.91325023,33.53512713 133.91295300,33.53511900 133.91294000,33.53501500 133.91252200,33.53387300 133.91217900,33.53304900 133.91202700,33.53259000 133.91204600,33.53216200 133.91179900,33.53143300 133.91183700,33.53089400 133.91189400,33.53062400 133.91219800,33.53021200 133.91235000,33.52992700 133.91235000,33.52964100 133.91221700,33.52918200 133.91219800,33.52896000 133.91237000,33.52851600 133.91235000,33.52829400 133.91210300,33.52783500 133.91202700,33.52742200 133.91206500,33.52716900 133.91227400,33.52704200 133.91257900,33.52693100 133.91292100,33.52664600 133.91326300,33.52606200 133.91337700,33.52569800 133.91332000,33.52536500 133.91299700,33.52493700 133.91292100,33.52466800 133.91290200,33.52425500 133.91290200,33.52392200 133.91269300,33.52366900 133.91238900,33.52351000 133.91134300,33.52289200 133.91145600,33.52252700 133.91250300,33.52132800 133.91286042,33.52081955 133.91334529,33.52048822 133.91355000,33.52020400 133.91425800,33.51942800 133.91427529,33.51924238 133.91326581,33.51922913 133.91302500,33.51931000 133.91305300,33.51881000 133.91298061,33.51880024 133.91296026,33.51858394 133.91298061,33.51880024 133.91305300,33.51881000 133.91302500,33.51931000 133.91326581,33.51922913 133.91427529,33.51924238 133.91437958,33.51920739 133.91444221,33.51914298 133.91466700,33.51886200 133.91584500,33.51699800 133.91602700,33.51573300 133.91621700,33.51508300 133.91640700,33.51377400 133.91642600,33.51188700 133.91636900,33.50998500 133.91623600,33.50844700 133.91608400,33.50751300 133.91597900,33.50680000 133.91578000,33.50602300 133.91546600,33.50522200 133.91509500,33.50426300 133.91471500,33.50345600 133.91430600,33.50279000 133.91416300,33.50241800 133.91403000,33.50162500 133.91379300,33.50095100
			</coordinates>
		</LineString>
	</Placemark>
	<Placemark>
		<name>SHIKOKU_KCH_06</name>
		<description>八流・琴ヶ浜のみち</description>
		<styleUrl>#lineStyle0</styleUrl>
		<LineString>
			<coordinates> 133.79921900,33.51776900 133.79977800,33.51778900 133.80025300,33.51771000 133.80075200,33.51755100 133.80258200,33.51745200 133.80301000,33.51753100 133.80403200,33.51767000 133.80495900,33.51749200 133.80683700,33.51747200 133.80695600,33.51733300 133.80771600,33.51725400 133.81123400,33.51709600 133.81389100,33.51696900 133.81643400,33.51677100 133.81691000,33.51687000 133.82057200,33.51653900 133.82131400,33.51634900 133.82216900,33.51617400 133.82350000,33.51600000 133.82625700,33.51555600 133.82745500,33.51530300 133.82783600,33.51520700 133.82806400,33.51525500 133.82823500,33.51536600 133.82836800,33.51569900 133.82850100,33.51579400 133.82926200,33.51604800 133.83007900,33.51628500 133.83099200,33.51644400 133.83173400,33.51646000 133.83192400,33.51638100 133.83291300,33.51603200 133.83416700,33.51544500 133.83466200,33.51516000 133.83521300,33.51451000 133.83686800,33.51267100 133.83709600,33.51232200 133.83757100,33.51100600 133.83811000,33.51006700 133.83865600,33.50912500 133.83903700,33.50874900 133.83941700,33.50839200 133.83998700,33.50813400 133.84074800,33.50786700 133.84184100,33.50756000 133.84374300,33.50699500 133.84474100,33.50672700 133.84526400,33.50663800 133.84601300,33.50655900 133.84644000,33.50655900 133.84689200,33.50658900 133.84766400,33.50669800 133.84885300,33.50683600 133.84923300,33.50685600 133.84962500,33.50677700 133.85006500,33.50661800 133.85050500,33.50655900 133.85092100,33.50653900 133.85216800,33.50643000 133.85284900,33.50636600 133.85346200,33.50621100 133.85403300,33.50612800 133.85471700,33.50612800 133.85590100,33.50617600 133.85631400,33.50625900 133.85668500,33.50647300 133.85718400,33.50652000 133.85778300,33.50653200 133.85818300,33.50643700 133.85861000,33.50630600 133.85942300,33.50589000 133.86057800,33.50537900 133.86126300,33.50524800 133.86144800,33.50543800 133.86171900,33.50546200 133.86266000,33.50529600 133.86518900,33.50490600 133.86581700,33.50476400 133.86648700,33.50451400 133.86707200,33.50424000 133.86769900,33.50393100 133.86809900,33.50378300 133.86856900,33.50371100 133.86891100,33.50365800 133.86937500,33.50365800 133.86973900,33.50367600 133.87007400,33.50371100 133.87062300,33.50377100 133.87137100,33.50375900 133.87243900,33.50372300 133.87564800,33.50337800 133.87838600,33.50303300 133.88021100,33.50279000 133.88027500,33.50282500 133.88053100,33.50279000 133.88081600,33.50272400 133.88135100,33.50263500 133.88232800,33.50249200 133.88304100,33.50234400 133.88489500,33.50199900 133.88572200,33.50183200 133.88615000,33.50177900 133.88692800,33.50167600 133.88749100,33.50158100 133.88793400,33.50158700 133.88834000,33.50164100 133.88963100,33.50148000 133.89000100,33.50145600 133.89019400,33.50155700 133.89027200,33.50171200 133.89029400,33.50202100 133.89337600,33.50300600 133.89518900,33.50359100 133.89595500,33.50384800 133.89631200,33.50392300 133.89657900,33.50394800 133.89685200,33.50393300 133.89859400,33.50363700 133.90109000,33.50315200 133.90322900,33.50277500
			</coordinates>
		</LineString>
	</Placemark>
	<Placemark>
		<name>SHIKOKU_KCH_07</name>
		<description>手結・月見山のみち</description>
		<styleUrl>#lineStyle0</styleUrl>
		<LineString>
			<coordinates> 133.74460400,33.53958500 133.74491800,33.53941400 133.74532500,33.53934300 133.74529600,33.53925700 133.74557400,33.53909300 133.74574600,33.53926400 133.74578100,33.53920700 133.74612400,33.53893600 133.74638300,33.53872400 133.74643100,33.53823100 133.74632400,33.53730000 133.74753200,33.53696100 133.74935800,33.53640200 133.75064100,33.53598600 133.75218200,33.53532000 133.75299400,33.53491600 133.75348100,33.53449100 133.75455100,33.53395600 133.75509200,33.53360000 133.75550600,33.53310000 133.75663300,33.53132900 133.75687500,33.53092500 133.75670400,33.53067500 133.75631900,33.53048500 133.75621900,33.53021200 133.75631900,33.52981900 133.75653300,33.52940300 133.75677500,33.52892800 133.75627600,33.52823800 133.75661700,33.52808900 133.75669300,33.52796200 133.75671200,33.52782700 133.75680700,33.52775600 133.75672200,33.52750300 133.75667400,33.52728900 133.75646500,33.52697200 133.75626500,33.52690000 133.75583700,33.52683700 133.75522900,33.52690000 133.75488700,33.52740900 133.75433100,33.52710900 133.75431200,33.52656200 133.75441700,33.52638800 133.75509200,33.52570600 133.75530100,33.52539700 133.75555800,33.52469200 133.75565300,33.52447000 133.75587100,33.52427100 133.75590000,33.52382000 133.75566600,33.52345900 133.75496200,33.52268300 133.75492400,33.52200100 133.75484800,33.52125600 133.75501900,33.52084400 133.75521000,33.52046300 133.75540000,33.52041600 133.75566600,33.52032100 133.75600800,33.52019400 133.75656000,33.52019400 133.75690200,33.52027300 133.75751000,33.52033700 133.75792900,33.52046300 133.75830900,33.52066900 133.75859400,33.52062200 133.75893600,33.52062200 133.75914600,33.52078000 133.75912700,33.52100200 133.75926000,33.52124000 133.75950700,33.52146200 133.76022900,33.52193800 133.76070500,33.52216000 133.76135100,33.52296800 133.76161700,33.52345900 133.76157900,33.52387200 133.76230200,33.52341200 133.76370500,33.52226700 133.76494100,33.52163300 133.76565400,33.52101900 133.76608200,33.52066200 133.76658100,33.51979000 133.76696100,33.51941400 133.76734200,33.51917600 133.76749923,33.51905652 133.76785532,33.51903532 133.76770779,33.51892505 133.76724996,33.51879782 133.76720600,33.51866000 133.76726522,33.51822527 133.76700070,33.51759758 133.76681756,33.51728798 133.76700070,33.51759758 133.76726522,33.51822527 133.76720600,33.51866000 133.76724996,33.51879782 133.76770779,33.51892505 133.76797741,33.51889960 133.76838946,33.51859849 133.76895412,33.51829737 133.76931400,33.51802700 133.77019400,33.51731400 133.77076400,33.51699600 133.77200000,33.51660000 133.77299800,33.51652100 133.77423400,33.51656000 133.77544700,33.51660000 133.77627800,33.51673900 133.77720500,33.51687800 133.77813200,33.51721400 133.77946300,33.51771000 133.78003400,33.51786800 133.78055700,33.51782900 133.78343300,33.51773000 133.78547000,33.51771000 133.78810800,33.51767000 133.79051300,33.51760900 133.79122100,33.51759100 133.79452500,33.51751200 133.79775800,33.51743200 133.79830400,33.51751200 133.79866100,33.51774900
			</coordinates>
		</LineString>
	</Placemark>
	<Placemark>
		<name>SHIKOKU_KCH_08</name>
		<description>ハウス園芸のみち</description>
		<styleUrl>#lineStyle0</styleUrl>
		<LineString>
			<coordinates> 133.74632400,33.53730000 133.74643100,33.53823100 133.74638300,33.53872400 133.74612400,33.53893600 133.74578100,33.53920700 133.74590700,33.53968200 133.74621600,33.54008700 133.74641900,33.54052700 133.74677500,33.54068200 133.74700200,33.54124100 133.74746500,33.54141900 133.74766800,33.54166900 133.74820600,33.54177400 133.74814400,33.54191200 133.74799600,33.54180700 133.74759600,33.54180200 133.74735800,33.54168800 133.74722000,33.54171700 133.74691100,33.54198300 133.74669700,33.54197800 133.74663000,33.54183600 133.74670200,33.54152600 133.74657800,33.54123600 133.74641600,33.54105500 133.74614000,33.54103600 133.74602100,33.54109300 133.74615400,33.54116500 133.74638800,33.54144100 133.74634000,33.54197600 133.74620900,33.54227300 133.74625700,33.54259500 133.74686300,33.54266600 133.74745800,33.54285600 133.74755400,33.54296300 133.74744600,33.54342700 133.74760100,33.54360600 133.74801800,33.54380800 133.74819600,33.54433200 133.74824400,33.54484300 133.74864800,33.54501000 133.74881500,33.54502200 133.74900500,33.54553300 133.74933800,33.54571200 133.74962400,33.54580700 133.74986200,33.54621100 133.75048000,33.54623500 133.75074200,33.54660400 133.75082500,33.54727000 133.75089700,33.54782900 133.75121800,33.54803200 133.75155100,33.54812700 133.75192000,33.54800800 133.75249100,33.54831700 133.75261000,33.54861500 133.75242000,33.54871000 133.75172900,33.54853100 133.75088500,33.54860300 133.75068300,33.54865000 133.75095600,33.54890000 133.75131300,33.54904300 133.75132500,33.54920900 133.75090900,33.54942400 133.75077800,33.54970900 133.75064700,33.55001900 133.74987500,33.55007300 133.74976100,33.55007300 133.74951400,33.55017700 133.74937100,33.55023500 133.74916100,33.55035600 133.74893500,33.55041100 133.74875500,33.55041300 133.74855500,33.55028000 133.74848600,33.55025600 133.74833800,33.55027000 133.74809100,33.55046100 133.74768100,33.55067700 133.74653200,33.55102700 133.74560400,33.55130500 133.74537600,33.55129800 133.74434800,33.55164100 133.74362000,33.55193000 133.74330200,33.55228800 133.74331600,33.55293100 133.74347300,33.55335200 133.74347300,33.55352300 133.74324500,33.55384400 133.74141800,33.55408000 133.73958300,33.55450100 133.73828000,33.55468400 133.73824200,33.55483600 133.73743800,33.55528100 133.73681400,33.55555700 133.73576500,33.55526500 133.73444900,33.55586600 133.73368900,33.55620200 133.73216800,33.55675700 133.73083700,33.55713300 133.73000500,33.55376600 133.72708100,33.55424100 133.72513200,33.55457800 133.72484700,33.55505400 133.72415800,33.55481600 133.72374100,33.55561800 133.72348400,33.55633100 133.72338500,33.55708000 133.72349900,33.55776900 133.72364100,33.55851800 133.72379800,33.55896900 133.72404100,33.55930200 133.72455400,33.56006200 133.72483900,33.56053800 133.72509600,33.56135800 133.72575200,33.56330700 133.72610700,33.56440200 133.72652200,33.56585800 133.72677200,33.56673900 133.72672500,33.56730400 133.72659400,33.56777900 133.72583900,33.56739000 133.72522700,33.56767000 133.72472400,33.56759700 133.72329800,33.56731200 133.72278500,33.56723300 133.72234800,33.56758200 133.72196700,33.56788300 133.72187200,33.56820000 133.72166300,33.56832600 133.72085400,33.56870600 133.71959900,33.56921300 133.71845900,33.56973600 133.71726100,33.56845200 133.71615800,33.56754900 133.71482700,33.56705800 133.71385700,33.56678900 133.71267800,33.56644000 133.71201300,33.56607600 133.71131900,33.56569400 133.71072000,33.56570200 133.71005400,33.56572500 133.70952200,33.56578100 133.70868500,33.56585200 133.70810500,33.56586800 133.70761100,33.56578100 133.70716400,33.56557500 133.70673600,33.56547200 133.70590900,33.56546400 133.70527200,33.56536900 133.70313300,33.56500500 133.70276200,33.56490200 133.70200200,33.56495700 133.70123200,33.56491700 133.70107400,33.56472200 133.70091200,33.56475400 133.70040800,33.56503900 133.70017100,33.56516600 133.70006600,33.56538000 133.70003800,33.56558500 133.70015200,33.56606900 133.70034200,33.56702700 133.70077000,33.56791400 133.70119800,33.56882500 133.70138100,33.56933300 133.70153300,33.56995100 133.70187600,33.57087000 133.70185700,33.57145600 133.70199000,33.57191500 133.70202800,33.57248600 133.70210400,33.57299300 133.70227500,33.57340500 133.70227500,33.57457700 133.70235100,33.57495400 133.70299800,33.57679200 133.70332100,33.57731400 133.70406900,33.57838100
			</coordinates>
		</LineString>
	</Placemark>
	<Placemark>
		<name>SHIKOKU_KCH_06</name>
		<description>龍河・弥生文化のみち</description>
		<styleUrl>#lineStyle0</styleUrl>
		<LineString>
			<coordinates> 133.72205100,33.61902200 133.72201100,33.61942900 133.72198000,33.61974700 133.72216500,33.61984200 133.72289200,33.61985400 133.72470300,33.61981800 133.72520200,33.61983000 133.72568700,33.62004400 133.72574400,33.62024500 133.72568700,33.62044700 133.72642900,33.62028100 133.72699900,33.62003200 133.72714200,33.61998400 133.72728500,33.62009100 133.72751300,33.62022200 133.72805500,33.62019800 133.72811200,33.61994900 133.72811200,33.61966400 133.72801200,33.61931900 133.72791200,33.61912900 133.72794100,33.61886800 133.72795500,33.61861800 133.72809700,33.61860700 133.72836800,33.61882000 133.72872500,33.61891500 133.72939500,33.61889200 133.72989400,33.61893900 133.73013700,33.61884400 133.73019400,33.61871300 133.73017900,33.61842800 133.73023700,33.61835700 133.73056500,33.61828600 133.73097800,33.61829800 133.73144900,33.61834500 133.73182000,33.61841700 133.73191900,33.61850000 133.73239000,33.61842800 133.73268900,33.61826200 133.73343200,33.61806900 133.73386100,33.61738400 133.73326100,33.61729800 133.73284600,33.61739500 133.73296000,33.61718200 133.73291800,33.61693200 133.73280300,33.61679000 133.73303200,33.61660000 133.73327400,33.61633800 133.73343100,33.61604100 133.73353100,33.61592300 133.73394400,33.61573300 133.73418700,33.61551900 133.73450100,33.61523400 133.73470000,33.61510300 133.73491400,33.61502000 133.73527100,33.61493700 133.73567300,33.61484400 133.73594900,33.61475700 133.73613000,33.61459100 133.73631500,33.61443100 133.73644700,33.61414900 133.73649700,33.61372500 133.73620500,33.61346400 133.73597800,33.61349000 133.73584500,33.61336300 133.73588300,33.61317300 133.73594000,33.61289600 133.73596800,33.61268200 133.73590100,33.61248400 133.73621500,33.61218700 133.73684300,33.61152200 133.73718500,33.61116500 133.73752700,33.61113000 133.73795500,33.61111800 133.73842600,33.61104600 133.73872500,33.61097500 133.73895300,33.61046500 133.73911000,33.61034600 133.74009400,33.61019100 133.74056500,33.61004900 133.74075000,33.61006100 133.74100700,33.61015600 133.74127800,33.61008400 133.74153400,33.60987100 133.74177700,33.60960900 133.74193400,33.60931200 133.74196200,33.60919400 133.74190500,33.60905100 133.74162000,33.60894400 133.74184200,33.60835200 133.74192800,33.60800800 133.74182800,33.60766400 133.74179900,33.60717700 133.74168500,33.60682000 133.74145700,33.60669000 133.74127200,33.60658300 133.74112900,33.60642800 133.74110000,33.60619100 133.74071500,33.60590600 133.74018800,33.60553800 133.73986000,33.60537100 133.73971700,33.60509800 133.73958900,33.60488400 133.73894700,33.60454000 133.73819100,33.60412400 133.73777800,33.60400500 133.73737800,33.60394600 133.73670800,33.60354200 133.73572400,33.60286500 133.73551000,33.60259200 133.73436900,33.60201000 133.73415500,33.60187900 133.73372800,33.60155900 133.73360500,33.60166400 133.73328300,33.60162900 133.73291500,33.60143800 133.73239100,33.60118900 133.73197500,33.60110500 133.73165300,33.60110500 133.73136800,33.60103400 133.73130800,33.60087900 133.73111800,33.60072500 133.73003500,33.60032000 133.72973800,33.60003500 133.72996400,33.59971300 133.72987100,33.59957300 133.72948600,33.59890800 133.72938600,33.59861100 133.72914300,33.59829100 133.72897200,33.59813600 133.72868700,33.59801700 133.72825900,33.59792200 133.72768900,33.59787500 133.72699000,33.59789900 133.72622000,33.59776800 133.72562100,33.59773200 133.72539300,33.59768500 133.72513600,33.59779200 133.72492200,33.59782700 133.72460900,33.59770900 133.72419500,33.59745900 133.72379600,33.59730500 133.72342500,33.59713800 133.72332500,33.59707900 133.72331100,33.59698400 133.72341100,33.59694800 133.72353900,33.59700800 133.72373900,33.59715000 133.72440900,33.59729300 133.72488000,33.59743500 133.72529300,33.59743500 133.72565000,33.59749500 133.72592100,33.59748300 133.72600600,33.59744700 133.72600600,33.59732800 133.72586400,33.59728100 133.72549300,33.59731700 133.72530700,33.59734000 133.72505100,33.59728100 133.72489400,33.59713800 133.72463700,33.59697200 133.72436600,33.59677000 133.72381000,33.59655600 133.72343900,33.59642600 133.72312500,33.59643800 133.72296900,33.59643800 133.72288700,33.59633300 133.72222100,33.59603300 133.72189800,33.59572400 133.72127100,33.59541500 133.72107100,33.59538300 133.72049900,33.59485700 133.72006200,33.59449200 133.71950100,33.59406500 133.71854600,33.59330800 133.71733300,33.59221900 133.71594300,33.59098200 133.71558600,33.59066500 133.71299600,33.58944800 133.71232400,33.58909100 133.71183700,33.58869500 133.71165800,33.58852700 133.71140900,33.58812100 133.71079100,33.58680400 133.71011300,33.58540800 133.70969700,33.58448800 133.70950000,33.58422100 133.70900600,33.58366700 133.70828400,33.58304900 133.70765600,33.58247900 133.70695300,33.58209800 133.70659100,33.58187700 133.70607800,33.58138600 133.70546900,33.58095800 133.70531700,33.58073600 133.70508900,33.58030800 133.70476600,33.57945300 133.70417600,33.57853400 133.70406900,33.57838100
			</coordinates>
		</LineString>
	</Placemark>
	<Placemark>
		<name>SHIKOKU_KCH_10</name>
		<description>八王子さくらのみち</description>
		<styleUrl>#lineStyle0</styleUrl>
		<LineString>
			<coordinates> 133.68396400,33.60685800 133.68471500,33.60682700 133.68525100,33.60693400 133.68559300,33.60704500 133.68565000,33.60715600 133.68911500,33.60803900 133.68834300,33.61053300 133.68826000,33.61054300 133.68805800,33.61101200 133.68770100,33.61126900 133.68734500,33.61169500 133.68722600,33.61194200 133.68720200,33.61208100 133.68723800,33.61223900 133.68744000,33.61253600 133.68730900,33.61284300 133.68728500,33.61312000 133.68733300,33.61332800 133.68730900,33.61358500 133.68685700,33.61427800 133.68670300,33.61461400 133.68677400,33.61492100 133.68675000,33.61505000 133.68664300,33.61516800 133.68643000,33.61539600 133.68634600,33.61561400 133.68629900,33.61629700 133.68723800,33.61657400 133.68777200,33.61667300 133.68833100,33.61663300 133.68840200,33.61698000 133.68848600,33.61725700 133.68874700,33.61755400 133.68879400,33.61768200 133.68864000,33.61783100 133.68841400,33.61796900 133.68829500,33.61815700 133.68829500,33.61844400 133.68820000,33.61872100 133.68805800,33.61885000 133.68789100,33.61895900 133.68780800,33.61921000 133.68811700,33.61929900 133.68823600,33.61949700 133.68847400,33.61968500 133.68878300,33.62099100 133.68890100,33.62129800 133.68898500,33.62169400 133.68911500,33.62212000 133.68916300,33.62249600 133.68928200,33.62294100 133.68957900,33.62326800 133.69000700,33.62369300 133.69033900,33.62400000 133.69072000,33.62418800 133.69113400,33.62447800 133.69111000,33.62482000 133.69130000,33.62519300 133.69148300,33.62551300 133.69178400,33.62559700 133.69204400,33.62571100 133.69218600,33.62583000 133.69232900,33.62587000 133.69259500,33.62590100 133.69284200,33.62593300 133.69313700,33.62604400 133.69324200,33.62613900 133.69335600,33.62635300 133.69367000,33.62648700 133.69385000,33.62662200 133.69381200,33.62690700 133.69371000,33.62721000 133.69357100,33.62736000 133.69352800,33.62742800 133.69349500,33.62751500 133.69352700,33.62766700 133.69347000,33.62782500 133.69346000,33.62799100 133.69354600,33.62810200 133.69378400,33.62806200 133.69408800,33.62799900 133.69415400,33.62810200 133.69416400,33.62826000 133.69398900,33.62835800 133.69392700,33.62846100 133.69382300,33.62860700 133.69380400,33.62870200 133.69381300,33.62895200 133.69380900,33.62918500 133.69382900,33.62931400 133.69392400,33.62958100 133.69406600,33.62975900 133.69428000,33.62987800 133.69457700,33.62992800 133.69532600,33.62998700 133.69551600,33.62994700 133.69561100,33.62988800 133.69578900,33.62977900 133.69613400,33.62934400 133.69624100,33.62924500 133.69656200,33.62923500 133.69683600,33.62930200 133.69708500,33.62936400 133.69721400,33.62932800 133.69752500,33.62918500 133.69752200,33.62927400 133.69738400,33.62937300 133.69729800,33.62947500 133.69721700,33.62957000 133.69712200,33.62959400 133.69697500,33.62962600 133.69689900,33.62967700 133.69693200,33.62976000 133.69700800,33.62985500 133.69699400,33.62993900 133.69705100,33.63005300 133.69714600,33.63018000 133.69726500,33.63029900 133.69738900,33.63043300 133.69748800,33.63049700 133.69759300,33.63050500 133.69768800,33.63056100 133.69780200,33.63074300 133.69795400,33.63083800 133.69815400,33.63087700 133.69833400,33.63093300 133.69851500,33.63102000 133.69873300,33.63118800 133.69873300,33.63149500 133.69874800,33.63171100 133.69894800,33.63183000 133.69912000,33.63192300 133.69920600,33.63211900 133.69939100,33.63221400 133.69958400,33.63229200 133.69976900,33.63232700 133.69985500,33.63236300 133.69963400,33.63236900 133.69941300,33.63229200 133.69921300,33.63226200 133.69906300,33.63230900 133.69894900,33.63244000 133.69863300,33.63272300 133.69855000,33.63290100 133.69855000,33.63328700 133.69866900,33.63337600 133.69879900,33.63341600 133.69894200,33.63339600 133.69915600,33.63319800 133.69910800,33.63336600 133.69900100,33.63357400 133.69902500,33.63375200 133.69919200,33.63393000 133.69931000,33.63404900 133.69951200,33.63420700 133.69966700,33.63435600 133.69986200,33.63429400 133.69995400,33.63411600 133.70002000,33.63405200 133.70014400,33.63409200 133.70018200,33.63412300 133.70029600,33.63411600 133.70037200,33.63406000 133.70051500,33.63400500 133.70061000,33.63401300 133.70074300,33.63449500 133.70077100,33.63459800 133.70085700,33.63464600 133.70101900,33.63467800 133.70134200,33.63470100 133.70173700,33.63470500 133.70217500,33.63449900 133.70234600,33.63438100 133.70241200,33.63443600 133.70246000,33.63467400 133.70249800,33.63476900 133.70261200,33.63478400 133.70266900,33.63472900 133.70285000,33.63459400 133.70304900,33.63446000 133.70322000,33.63430200 133.70339200,33.63420700 133.70349600,33.63424600 133.70349600,33.63431700 133.70348700,33.63469700 133.70346800,33.63494300 133.70356300,33.63503000 133.70373400,33.63514100 133.70382900,33.63518800 133.70391500,33.63515600 133.70401000,33.63507700 133.70405700,33.63491900 133.70404800,33.63478400 133.70401000,33.63464200 133.70405700,33.63449900 133.70422800,33.63434100 133.70435200,33.63426200 133.70452300,33.63427000 133.70468500,33.63434100 133.70476100,33.63448400 133.70495100,33.63471300 133.70501700,33.63477600 133.70516000,33.63481600 133.70515700,33.63509300 133.70520000,33.63537800 133.70512900,33.63586500 133.70527200,33.63586500 133.70541400,33.63558000 133.70555700,33.63536600 133.70575600,33.63518800 133.70581300,33.63537800 133.70582800,33.63566300 133.70607000,33.63567500 133.70625600,33.63553200 133.70619800,33.63515200 133.70652600,33.63498600 133.70699500,33.63485900 133.70724400,33.63482600 133.70748700,33.63491900 133.70776700,33.63507300 133.70816800,33.63500300 133.70834000,33.63502400 133.70871100,33.63510700 133.70889700,33.63504800 133.70903900,33.63502400 133.70926700,33.63509500 133.70953800,33.63525000 133.70971000,33.63540400 133.70986600,33.63542800 133.71009500,33.63538000 133.71097900,33.63491700 133.71129200,33.63460900 133.71153500,33.63445400 133.71183400,33.63435900 133.71207700,33.63438300 133.71259000,33.63444200 133.71286100,33.63437100 133.71313200,33.63434700 133.71371700,33.63454900 133.71415900,33.63470400 133.71458700,33.63502400 133.71470100,33.63514300 133.71464400,33.63589100 133.71475800,33.63597400 133.71548500,33.63606900 133.71595600,33.63618800 133.71662600,33.63639000 133.71674000,33.63652000 133.71728200,33.63665100 133.71715900,33.63746700 133.71718300,33.63774400 133.71696900,33.63800200 133.71687400,33.63819000 133.71677900,33.63831800 133.71666000,33.63834800 133.71643400,33.63836800 133.71623200,33.63834800 133.71607800,33.63841700 133.71607800,33.63849600 133.71619700,33.63874400 133.71630300,33.63885200 133.71663600,33.63904000 133.71688600,33.63906000 133.71724200,33.63901100 133.71789600,33.63880300 133.71834800,33.63909000 133.71904900,33.63936700 133.71952400,33.63949600 133.72015400,33.63940600 133.72060500,33.63927800 133.72185300,33.63938700 133.72204300,33.63938700 133.72219800,33.63929800 133.72241200,33.63904000 133.72274500,33.63892200 133.72332700,33.63880300 133.72559700,33.63877300 133.72713000,33.63873400 133.72772400,33.63876300 133.72792600,33.63883300 133.72810100,33.63889800 133.72883300,33.63874800 133.72942200,33.63867700 133.73001200,33.63867700 133.73039200,33.63880000 133.73071400,33.63741200
			</coordinates>
		</LineString>
	</Placemark>
	<Placemark>
		<name>SHIKOKU_KCH_11</name>
		<description>土佐まほろばのみち</description>
		<styleUrl>#lineStyle0</styleUrl>
		<LineString>
			<coordinates> 133.62410600,33.59794900 133.62426800,33.59754500 133.62426800,33.59732400 133.62426800,33.59714900 133.62440100,33.59696700 133.62437200,33.59688000 133.62429600,33.59688800 133.62421000,33.59692000 133.62412500,33.59703100 133.62406800,33.59722100 133.62392500,33.59766400 133.62384000,33.59770400 133.62372600,33.59770400 133.62366900,33.59763200 133.62372600,33.59731400 133.62372600,33.59684700 133.62384000,33.59664900 133.62385900,33.59650600 133.62379200,33.59645900 133.62368800,33.59646700 133.62344000,33.59664100 133.62330700,33.59672000 133.62315500,33.59669600 133.62307900,33.59661700 133.62298400,33.59644300 133.62298400,33.59631600 133.62299400,33.59610300 133.62303200,33.59591200 133.62305100,33.59571400 133.62302200,33.59560400 133.62287900,33.59554000 133.62268900,33.59554000 133.62232800,33.59551700 133.62195700,33.59542900 133.62166300,33.59536600 133.62153900,33.59521600 133.62154800,33.59510500 133.62164400,33.59493000 133.62168200,33.59482000 133.62157700,33.59466100 133.62150100,33.59447100 133.62146300,33.59422600 133.62140600,33.59406700 133.62133000,33.59386900 133.62119700,33.59369500 133.62084500,33.59339400 133.62056000,33.59326700 133.62039800,33.59314900 133.62022700,33.59288700 133.62014100,33.59264200 133.62010300,33.59237300 133.62026500,33.59229300 133.62020800,33.59208700 133.62023600,33.59203200 133.62031300,33.59196100 133.62043600,33.59192100 133.62058800,33.59196900 133.62080700,33.59203200 133.62094000,33.59208700 133.62103500,33.59215100 133.62112100,33.59226200 133.62123500,33.59248300 133.62144400,33.59255500 133.62164400,33.59263400 133.62193800,33.59264200 133.62231900,33.59262600 133.62267000,33.59259400 133.62299400,33.59261000 133.62328800,33.59266600 133.62363100,33.59279200 133.62380200,33.59289500 133.62408700,33.59301400 133.62418200,33.59313300 133.62447700,33.59337000 133.62465700,33.59349700 133.62484800,33.59360300 133.62512600,33.59376400 133.62558200,33.59390600 133.62598200,33.59400100 133.62628100,33.59402500 133.62662300,33.59401300 133.62696600,33.59401300 133.62725800,33.59409000 133.62746500,33.59415000 133.62785700,33.59437500 133.62808500,33.59454800 133.62825600,33.59472600 133.62835600,33.59491600 133.62904100,33.59471500 133.62929100,33.59468600 133.62955800,33.59469600 133.63080200,33.59483900 133.63178600,33.59491000 133.63200700,33.59498700 133.63241400,33.59503500 133.63282700,33.59505300 133.63334100,33.59514800 133.63347600,33.59515900 133.63367600,33.59510000 133.63383300,33.59511800 133.63399000,33.59513600 133.63412500,33.59516500 133.63491700,33.59515300 133.63509500,33.59519500 133.63516600,33.59526000 133.63520200,33.59542700 133.63533700,33.59552200 133.63537300,33.59558100 133.63543700,33.59579500 133.63555100,33.59597900 133.63563000,33.59608000 133.63568000,33.59626100 133.63621500,33.59621100 133.63635800,33.59617200 133.63648800,33.59610200 133.63666700,33.59608300 133.63680900,33.59612200 133.63716600,33.59607300 133.63729200,33.59625900 133.63752000,33.59652100 133.63779200,33.59667700 133.63797600,33.59660800 133.63826700,33.59654300 133.63836200,33.59673200 133.63840300,33.59676200 133.63946800,33.59662800 133.63992400,33.59798200 133.64031400,33.59799700 133.64065600,33.59806900 133.64088500,33.59806900 133.64086600,33.59773600 133.64072300,33.59744300 133.64080900,33.59731600 133.64110300,33.59711100 133.64142700,33.59692800 133.64162600,33.59684900 133.64175900,33.59685700 133.64217800,33.59701600 133.64276700,33.59722100 133.64366100,33.59742700 133.64480200,33.59758600 133.64516300,33.59761700 133.64569500,33.59771200 133.64620900,33.59769700 133.64677900,33.59764900 133.64748300,33.59749100 133.64807200,33.59744300 133.64845200,33.59750700 133.64811000,33.59859900 133.64814800,33.59883700 133.64816700,33.59951800 133.64805300,33.60137700 133.64797700,33.60142500 133.64795800,33.60232700 133.64847100,33.60243800 133.64866900,33.60329700 133.64944200,33.60328800 133.65046400,33.60327800 133.65052300,33.60344600 133.65064200,33.60392100 133.65072500,33.60431700 133.65095100,33.60452500 133.65124800,33.60480200 133.65147400,33.60501000 133.65143800,33.60513800 133.65172400,33.60539600 133.65193800,33.60506900 133.65248400,33.60456400 133.65285300,33.60419800 133.65370400,33.60367600 133.65448800,33.60371700 133.65493000,33.60374700 133.65509400,33.60375900 133.65574100,33.60368300 133.65574100,33.60394900 133.65577900,33.60423500 133.65581700,33.60509100 133.65689100,33.60499400 133.65741600,33.60495800 133.65749200,33.60573800 133.65836200,33.60555000 133.65883700,33.60550300 133.65916100,33.60559800 133.65975000,33.60583500 133.66009200,33.60604100 133.66049200,33.60623100 133.66083400,33.60645300 133.66111900,33.60681700 133.66219400,33.60648300 133.66200200,33.60710700 133.66175200,33.60726700 133.66148100,33.60751100 133.66133900,33.60759400 133.66123700,33.60764900 133.66105600,33.60768900 133.66094200,33.60777600 133.66089400,33.60780800 133.66068500,33.60782400 133.66049500,33.60781600 133.66036200,33.60789500 133.66007700,33.60789500 133.65986700,33.60790300 133.66040000,33.60833000 133.66097000,33.60892400 133.66161700,33.60960500 133.66200700,33.60985100 133.66251000,33.60995400 133.66296700,33.60996100 133.66370800,33.60995400 133.66416500,33.60994600 133.66451600,33.60991400 133.66488700,33.60979500 133.66514400,33.60965300 133.66541000,33.60938300 133.66562900,33.60937600 133.66608500,33.60936800 133.66631300,33.60932000 133.66637000,33.60917800 133.66638000,33.60908300 133.66690300,33.60865500 133.66749700,33.60906200 133.66792500,33.60953700 133.66859000,33.61007100 133.66899500,33.61038800 133.67049200,33.61118000 133.67143100,33.61160500 133.67202500,33.61175400 133.67341500,33.61191800 133.67384300,33.61196600 133.67406200,33.61194200 133.67428100,33.61187100 133.67523100,33.61134800 133.67541200,33.61120600 133.67559200,33.61107100 133.67591600,33.61096800 133.67619100,33.61084900 133.67641000,33.61073100 133.67664800,33.61060400 133.67693300,33.61046900 133.67729400,33.61042200 133.67737000,33.61045300 133.67778900,33.61068300 133.67798800,33.61081800 133.67819700,33.61107100 133.67840700,33.61122900 133.67843500,33.61143500 133.67852100,33.61155400 133.67873000,33.61164900 133.67904000,33.61173300 133.67937900,33.61197700 133.67960400,33.61216500 133.67998500,33.61269000 133.68033700,33.61257300 133.68069700,33.61245800 133.68075400,33.61202000 133.68071600,33.61156300 133.68083000,33.61133500 133.68115400,33.61118300 133.68126800,33.61099200 133.68132500,33.61068800 133.68126800,33.61036400 133.68132500,33.60977400 133.68239100,33.60941200 133.68267700,33.60937400 133.68328600,33.60952700 133.68347600,33.60883600 133.68357700,33.60851900 133.68390700,33.60716700 133.68341300,33.60702500 133.68305200,33.60681100 133.68246200,33.60658900 133.68251000,33.60644700 133.68396400,33.60685800
			</coordinates>
		</LineString>
	</Placemark>
	<Placemark>
		<name>SHIKOKU_KCH_12</name>
		<description>北山スカイラインのみち</description>
		<styleUrl>#lineStyle0</styleUrl>
		<LineString>
			<coordinates> 133.50468500,33.59337800 133.50462800,33.59338200 133.50452400,33.59342100 133.50441900,33.59350400 133.50434800,33.59363900 133.50430500,33.59372600 133.50418600,33.59380500 133.50402900,33.59384100 133.50384400,33.59382500 133.50373000,33.59376200 133.50364900,33.59367500 133.50355900,33.59350800 133.50347300,33.59339000 133.50335000,33.59331800 133.50320200,33.59333000 133.50298000,33.59332600 133.50292300,33.59331000 133.50285700,33.59323100 133.50269000,33.59299800 133.50260500,33.59286300 133.50253800,33.59278400 133.50244800,33.59276400 133.50235800,33.59278800 133.50216700,33.59290300 133.50203900,33.59297800 133.50189700,33.59299400 133.50166800,33.59294600 133.50135500,33.59285500 133.50119800,33.59280400 133.50108800,33.59283900 133.50103100,33.59300600 133.50096000,33.59307300 133.50077000,33.59311600 133.50057500,33.59317200 133.50039400,33.59327900 133.50012300,33.59340200 133.49994300,33.59356000 133.49983800,33.59372200 133.49980500,33.59386900 133.49977200,33.59395600 133.49965800,33.59401900 133.49952000,33.59405900 133.49938700,33.59407100 133.49920000,33.59404200 133.49894300,33.59421600 133.49881000,33.59430700 133.49872000,33.59431500 133.49862900,33.59429900 133.49852900,33.59433900 133.49849100,33.59443000 133.49850100,33.59451300 133.49854400,33.59459600 133.49860100,33.59468000 133.49859600,33.59479000 133.49855300,33.59487700 133.49843900,33.59490500 133.49823900,33.59494100 133.49726000,33.59553900 133.49719800,33.59562200 133.49708900,33.59568100 133.49698400,33.59566500 133.49693700,33.59559800 133.49690800,33.59551500 133.49688900,33.59542400 133.49682300,33.59530100 133.49682300,33.59519400 133.49684200,33.59509100 133.49682300,33.59503200 133.49670900,33.59499200 133.49659900,33.59501200 133.49653300,33.59506000 133.49640900,33.59509500 133.49626200,33.59510700 133.49606200,33.59507900 133.49584400,33.59500800 133.49556300,33.59501200 133.49537800,33.59502800 133.49522100,33.59506400 133.49505000,33.59513500 133.49497800,33.59519400 133.49483600,33.59523400 133.49467400,33.59517000 133.49460800,33.59505600 133.49455100,33.59487000 133.49447500,33.59483400 133.49439300,33.59484200 133.49431100,33.59486900 133.49417900,33.59488400 133.49404000,33.59483900 133.49396900,33.59477400 133.49388700,33.59467600 133.49380800,33.59464600 133.49352700,33.59448600 133.49340600,33.59438500 133.49335200,33.59426900 133.49330900,33.59413300 133.49332700,33.59404900 133.49335200,33.59399600 133.49345200,33.59391900 133.49344100,33.59386200 133.49336300,33.59381500 133.49327700,33.59380900 133.49313800,33.59382400 133.49300300,33.59384700 133.49284200,33.59385900 133.49270300,33.59382100 133.49256400,33.59377900 133.49246100,33.59366300 133.49234700,33.59359500 133.49221500,33.59354800 133.49208300,33.59349700 133.49201500,33.59348800 133.49198000,33.59354800 133.49203300,33.59360100 133.49214000,33.59362500 133.49227500,33.59366000 133.49236500,33.59370500 133.49242200,33.59379700 133.49251100,33.59388900 133.49260300,33.59393700 133.49277100,33.59398500 133.49289000,33.59402500 133.49294300,33.59408700 133.49295500,33.59415100 133.49297600,33.59434900 133.49299400,33.59446000 133.49303600,33.59453000 133.49323800,33.59478900 133.49342200,33.59497000 133.49346600,33.59505700 133.49347200,33.59515100 133.49350500,33.59527400 133.49354600,33.59531400 133.49359900,33.59534700 133.49372000,33.59535600 133.49383500,33.59535000 133.49395900,33.59534400 133.49404500,33.59535300 133.49411300,33.59538000 133.49414800,33.59542700 133.49421200,33.59551900 133.49427300,33.59560800 133.49435900,33.59569100 133.49438400,33.59577800 133.49440500,33.59588200 133.49446600,33.59594100 133.49456200,33.59594700 133.49472600,33.59593200 133.49487600,33.59593500 133.49496100,33.59597100 133.49503200,33.59608600 133.49513200,33.59629700 133.49511100,33.59645500 133.49496100,33.59657300 133.49470800,33.59674900 133.49463700,33.59683800 133.49460700,33.59692200 133.49460300,33.59698100 133.49462500,33.59706200 133.49469900,33.59713600 133.49477800,33.59720100 133.49488800,33.59724300 133.49500200,33.59724000 133.49513800,33.59720700 133.49525600,33.59718300 133.49532300,33.59718600 133.49540500,33.59720100 133.49596900,33.59743000 133.49616800,33.59750400 133.49635400,33.59752800 133.49655700,33.59754300 133.49671700,33.59751900 133.49677400,33.59750400 133.49680600,33.59758400 133.49672400,33.59762000 133.49659600,33.59762300 133.49614700,33.59772100 133.49589300,33.59790500 133.49578600,33.59797500 133.49564900,33.59801400 133.49549400,33.59804400 133.49529800,33.59803400 133.49513800,33.59805400 133.49497200,33.59808400 133.49488800,33.59814800 133.49479900,33.59822700 133.49467400,33.59832600 133.49458500,33.59837600 133.49439500,33.59842500 133.49421700,33.59842000 133.49402100,33.59845000 133.49385400,33.59850900 133.49373000,33.59859300 133.49359900,33.59873700 133.49343900,33.59891500 133.49324800,33.59902400 133.49302900,33.59897900 133.49286200,33.59893500 133.49269000,33.59900400 133.49245800,33.59913300 133.49240500,33.59919700 133.49246400,33.59923700 133.49255900,33.59923700 133.49262700,33.59917700 133.49278100,33.59907800 133.49293000,33.59908800 133.49306100,33.59915300 133.49318500,33.59927600 133.49329200,33.59932100 133.49342300,33.59928100 133.49357200,33.59915300 133.49367300,33.59902900 133.49387500,33.59887100 133.49405300,33.59877200 133.49422500,33.59876700 133.49437400,33.59881100 133.49443300,33.59889500 133.49441500,33.59903400 133.49437400,33.59924200 133.49430800,33.59949400 133.49436800,33.59961300 133.49452800,33.59979100 133.49473000,33.59990500 133.49521200,33.59986000 133.49547300,33.59982100 133.49558000,33.59972200 133.49561000,33.59959300 133.49564500,33.59944000 133.49573500,33.59926200 133.49586500,33.59918200 133.49600800,33.59923200 133.49607900,33.59935100 133.49619200,33.59940500 133.49640600,33.59945500 133.49706000,33.59993000 133.49720200,33.59999900 133.49734500,33.59999400 133.49751100,33.59994000 133.49771300,33.59983600 133.49783800,33.59977100 133.49798100,33.59977600 133.49818300,33.59976600 133.49834900,33.59971700 133.49834900,33.59966700 133.49831900,33.59957800 133.49823000,33.59948900 133.49805200,33.59935600 133.49796300,33.59925700 133.49801000,33.59914300 133.49817700,33.59909800 133.49840800,33.59913300 133.49867000,33.59915800 133.49877100,33.59922200 133.49884200,33.59932100 133.49895500,33.59943500 133.49912700,33.59955400 133.49925200,33.59960800 133.49941900,33.59965200 133.49960300,33.59970700 133.49969300,33.59975500 133.49985500,33.59985000 133.49996000,33.59997600 133.50022600,33.60008700 133.50049200,33.60020600 133.50072000,33.60025400 133.50089100,33.60023000 133.50097700,33.60026200 133.50112900,33.60028500 133.50126200,33.60025400 133.50150000,33.60011100 133.50166100,33.60000000 133.50182300,33.60000000 133.50203200,33.60009500 133.50224100,33.60016600 133.50246000,33.60018200 133.50265000,33.60015900 133.50279300,33.60009500 133.50299200,33.59986600 133.50309700,33.59979400 133.50343900,33.59976300 133.50351500,33.59983400 133.50366700,33.60000000 133.50374300,33.60016600 133.50378100,33.60036400 133.50388600,33.60070500 133.50404800,33.60093500 133.50421900,33.60114800 133.50439000,33.60123600 133.50452300,33.60123600 133.50466600,33.60114800 133.50486500,33.60103800 133.50513100,33.60109300 133.50523600,33.60114800 133.50533100,33.60127500 133.50540700,33.60144900 133.50552100,33.60159200 133.50568300,33.60167900 133.50594900,33.60179800 133.50627200,33.60186900 133.50650000,33.60189300 133.50664300,33.60182100 133.50681400,33.60178200 133.50698500,33.60179800 133.50713700,33.60181400 133.50734700,33.60186900 133.50757900,33.60188000 133.50781700,33.60187000 133.50807200,33.60190000 133.50828600,33.60194000 133.50845900,33.60191000 133.50858900,33.60185100 133.50873800,33.60180600 133.50888700,33.60187000 133.50902900,33.60195000 133.50913000,33.60206800 133.50924300,33.60224200 133.50933800,33.60231100 133.50949300,33.60237000 133.50974800,33.60245000 133.50997400,33.60250400 133.51014000,33.60247900 133.51024700,33.60238000 133.51036600,33.60229600 133.51048500,33.60226600 133.51062200,33.60227600 133.51076400,33.60233600 133.51100200,33.60240000 133.51121000,33.60241500 133.51139400,33.60244000 133.51157200,33.60250400 133.51179500,33.60263800 133.51205100,33.60272700 133.51216400,33.60271700 133.51224100,33.60266700 133.51233000,33.60258300 133.51241900,33.60239500 133.51246100,33.60222200 133.51255600,33.60222300 133.51270400,33.60223800 133.51290600,33.60222800 133.51298400,33.60218800 133.51306700,33.60209900 133.51316200,33.60182200 133.51323900,33.60163400 133.51384500,33.60118800 133.51398800,33.60113400 133.51408900,33.60115400 133.51413000,33.60119300 133.51424900,33.60120300 133.51430900,33.60117900 133.51433800,33.60111400 133.51439800,33.60104500 133.51447500,33.60104500 133.51464100,33.60103000 133.51490300,33.60100000 133.51508100,33.60099100 133.51519400,33.60094600 133.51530700,33.60081200 133.51547300,33.60067400 133.51588900,33.60027800 133.51598400,33.60000600 133.51610900,33.59962500 133.51619800,33.59936200 133.51622800,33.59926300 133.51631700,33.59917900 133.51646000,33.59913500 133.51667400,33.59909500 133.51676300,33.59904500 133.51681600,33.59897100 133.51694100,33.59882800 133.51700600,33.59872400 133.51717300,33.59864000 133.51737500,33.59870900 133.51754100,33.59877800 133.51771900,33.59880800 133.51790900,33.59881300 133.51807600,33.59886700 133.51818600,33.59894400 133.51837200,33.59907000 133.51837700,33.59920900 133.51841000,33.59929600 133.51844300,33.59940300 133.51845700,33.59953800 133.51849100,33.59968000 133.51852900,33.59970400 133.51856200,33.59966000 133.51859500,33.59957700 133.51868100,33.59942700 133.51878100,33.59934000 133.51889500,33.59930800 133.51901800,33.59934400 133.51914200,33.59943100 133.51928900,33.59953800 133.51937000,33.59956100 133.51950300,33.59955000 133.51968400,33.59949800 133.51977900,33.59950600 133.51986700,33.59950600 133.51996700,33.59950600 133.52003800,33.59948600 133.52011500,33.59941900 133.52016700,33.59929600 133.52034300,33.59921300 133.52055200,33.59920100 133.52069000,33.59924100 133.52085100,33.59930400 133.52100300,33.59936000 133.52116500,33.59937100 133.52128900,33.59934400 133.52136000,33.59928000 133.52146000,33.59919700 133.52161200,33.59914200 133.52177800,33.59909400 133.52194000,33.59903500 133.52207800,33.59901100 133.52225400,33.59902300 133.52239200,33.59905900 133.52245300,33.59913400 133.52256700,33.59924900 133.52267200,33.59947000 133.52278600,33.59960900 133.52298100,33.59972000 133.52310900,33.59987800 133.52316600,33.60001300 133.52325200,33.60027400 133.52328000,33.60041300 133.52329000,33.60061900 133.52327600,33.60077700 133.52349000,33.60103400 133.52367500,33.60123200 133.52377000,33.60130800 133.52386400,33.60136800 133.52397800,33.60142700 133.52417300,33.60151100 133.52433000,33.60157400 133.52445300,33.60163700 133.52458100,33.60175600 133.52463900,33.60181900 133.52465300,33.60191100 133.52465800,33.60201700 133.52461000,33.60223100 133.52463400,33.60239000 133.52468100,33.60268700 133.52473600,33.60292900 133.52474100,33.60307100 133.52480700,33.60310700 133.52485500,33.60318200 133.52482200,33.60338800 133.52477400,33.60353800 133.52473100,33.60372500 133.52474100,33.60381200 133.52477900,33.60386700 133.52477400,33.60392600 133.52477900,33.60400600 133.52479300,33.60407300 133.52488300,33.60414400 133.52499300,33.60420800 133.52523500,33.60429500 133.52527800,33.60427500 133.52538200,33.60419200 133.52546800,33.60408500 133.52560100,33.60406100 133.52575800,33.60409700 133.52582000,33.60411300 133.52601500,33.60419600 133.52621000,33.60424300 133.52631900,33.60425500 133.52642800,33.60424300 133.52657100,33.60419200 133.52671300,33.60416800 133.52684700,33.60421900 133.52704600,33.60433000 133.52733100,33.60446500 133.52744100,33.60446500 133.52767800,33.60449300 133.52779700,33.60452400 133.52795900,33.60460000 133.52804000,33.60458800 133.52822700,33.60449600 133.52828900,33.60450400 133.52840800,33.60450000 133.52850700,33.60447200 133.52857400,33.60443200 133.52862600,33.60440500 133.52870700,33.60443200 133.52879700,33.60444400 133.52888300,33.60444000 133.52895900,33.60439300 133.52896900,33.60434100 133.52898800,33.60418700 133.52898800,33.60406400 133.52902100,33.60394500 133.52912500,33.60383900 133.52938700,33.60363300 133.52955800,33.60353000 133.52969100,33.60350200 133.52982400,33.60345800 133.52994300,33.60341500 133.53001000,33.60335600 133.53005200,33.60325300 133.53014300,33.60310200 133.53020000,33.60302700 133.53030400,33.60295600 133.53035700,33.60292800 133.53052800,33.60285300 133.53056600,33.60279700 133.53060400,33.60269800 133.53062300,33.60260300 133.53068900,33.60251600 133.53076500,33.60250800 133.53082700,33.60254000 133.53097900,33.60263100 133.53105500,33.60261500 133.53110800,33.60251200 133.53120300,33.60239300 133.53133100,33.60231800 133.53149700,33.60219500 133.53183500,33.60191700 133.53199000,33.60176400 133.53205500,33.60170400 133.53212000,33.60168400 133.53226300,33.60168000 133.53235200,33.60170900 133.53241700,33.60169900 133.53244100,33.60166500 133.53249500,33.60156100 133.53253600,33.60148200 133.53266100,33.60143200 133.53281000,33.60138300 133.53285700,33.60132800 133.53285100,33.60124400 133.53286300,33.60114000 133.53289900,33.60107600 133.53306500,33.60102600 133.53330300,33.60093200 133.53339200,33.60094700 133.53345100,33.60101600 133.53344500,33.60108600 133.53341000,33.60118000 133.53333200,33.60129800 133.53333200,33.60138800 133.53343300,33.60143200 133.53349900,33.60145200 133.53360000,33.60150600 133.53371300,33.60153600 133.53373700,33.60152100 133.53373700,33.60145200 133.53359400,33.60141700 133.53351100,33.60136300 133.53349900,33.60129800 133.53352300,33.60122400 133.53357600,33.60115000 133.53360000,33.60110000 133.53360600,33.60102100 133.53360000,33.60093200 133.53352300,33.60083300 133.53350500,33.60072900 133.53361200,33.60078400 133.53368300,33.60089300 133.53372500,33.60101600 133.53373700,33.60111500 133.53371300,33.60120400 133.53374800,33.60130800 133.53385500,33.60129300 133.53398600,33.60126400 133.53413500,33.60127400 133.53425900,33.60128900 133.53428900,33.60120900 133.53417600,33.60116500 133.53391100,33.60118700 133.53385400,33.60095000 133.53383500,33.60066500 133.53373100,33.60052200 133.53340700,33.60054600 133.53310300,33.60047500 133.53345500,33.60044300 133.53362600,33.60035600 133.53366400,33.60008700 133.53377800,33.60003100 133.53404400,33.59996800 133.53443400,33.59981000 133.53453900,33.59963500 133.53443400,33.59933400 133.53451000,33.59908900 133.53436800,33.59872500 133.53445300,33.59860600 133.53469100,33.59853500 133.53483300,33.59859000 133.53497600,33.59884300 133.53510000,33.59890700 133.53516600,33.59879600 133.53500500,33.59865300 133.53507100,33.59852700 133.53516600,33.59830500 133.53532800,33.59817000 133.53538500,33.59799600 133.53563200,33.59793300 133.53580300,33.59789300 133.53602200,33.59775900 133.53619300,33.59770300 133.53638300,33.59780600 133.53651600,33.59781400 133.53664000,33.59767100 133.53670600,33.59744200 133.53683000,33.59728300 133.53703000,33.59727500 133.53715300,33.59744200 133.53730500,33.59756800 133.53746700,33.59756100 133.53759000,33.59752900 133.53786600,33.59726000 133.53808500,33.59738600 133.53838000,33.59745000 133.53855100,33.59755300 133.53866400,33.59766100 133.53881200,33.59763600 133.53905600,33.59759700 133.53924000,33.59753200 133.53931700,33.59748300 133.53940000,33.59737900 133.53952500,33.59731500 133.53959700,33.59733400 133.53980500,33.59753700 133.53994100,33.59763100 133.54003600,33.59763100 133.54029800,33.59750300 133.54040500,33.59750800 133.54051800,33.59761600 133.54062500,33.59771100 133.54080300,33.59768100 133.54104000,33.59759700 133.54112400,33.59756200 133.54121900,33.59745800 133.54132000,33.59741900 133.54140900,33.59744300 133.54157500,33.59756700 133.54163500,33.59768100 133.54168800,33.59776000 133.54182500,33.59781000 133.54197900,33.59780000 133.54218700,33.59777000 133.54224700,33.59773500 133.54233000,33.59762100 133.54246100,33.59757200 133.54259000,33.59749300 133.54276200,33.59741400 133.54289900,33.59741900 133.54302300,33.59746300 133.54320800,33.59746300 133.54338000,33.59742800 133.54377800,33.59722500 133.54384900,33.59709200 133.54389700,33.59700800 133.54396800,33.59697800 133.54412900,33.59695800 133.54423600,33.59692900 133.54432500,33.59687900 133.54435400,33.59672100 133.54430700,33.59657700 133.54421200,33.59644800 133.54419400,33.59636400 133.54418800,33.59626500 133.54421200,33.59616600 133.54433100,33.59611700 133.54444300,33.59610200 133.54453900,33.59605700 133.54470500,33.59603300 133.54487700,33.59607700 133.54493700,33.59617600 133.54491900,33.59630500 133.54485300,33.59646800 133.54483000,33.59662200 133.54485900,33.59676000 133.54500800,33.59687400 133.54512100,33.59700300 133.54526900,33.59704700 133.54544800,33.59709200 133.54562600,33.59717100 133.54581600,33.59727500 133.54588700,33.59734400 133.54591100,33.59741900 133.54594700,33.59758100 133.54606600,33.59780400 133.54620800,33.59787300 133.54633900,33.59784300 133.54647600,33.59782300 133.54654700,33.59784800 133.54672500,33.59784300 133.54694500,33.59782800 133.54708800,33.59785800 133.54726000,33.59794200 133.54742600,33.59805100 133.54756900,33.59808600 133.54767900,33.59806600 133.54791700,33.59800200 133.54806000,33.59789800 133.54820800,33.59773400 133.54833300,33.59758600 133.54845800,33.59750200 133.54857700,33.59748200 133.54871900,33.59752100 133.54889800,33.59762500 133.54930200,33.59784300 133.54944400,33.59789800 133.54959900,33.59790300 133.54968800,33.59791700 133.54998500,33.59806100 133.55005600,33.59813500 133.55006800,33.59827400 133.55011600,33.59865500 133.55019900,33.59885300 133.55051400,33.59918400 133.55078700,33.59944200 133.55126800,33.59970900 133.55177400,33.59992200 133.55204100,33.59999600 133.55225900,33.60002100 133.55309300,33.60068000 133.55342800,33.60093600 133.55369200,33.60107200 133.55388400,33.60118500 133.55393400,33.60126800 133.55397000,33.60139300 133.55406300,33.60144100 133.55420500,33.60150600 133.55424800,33.60158900 133.55424100,33.60177900 133.55425500,33.60192200 133.55437600,33.60204600 133.55445500,33.60219500 133.55445100,33.60230800 133.55448000,33.60261100 133.55472200,33.60298500 133.55491500,33.60325800 133.55504300,33.60319900 133.55516400,33.60309200 133.55536400,33.60286600 133.55544200,33.60267600 133.55545700,33.60246800 133.55539200,33.60225400 133.55534300,33.60209400 133.55533500,33.60179100 133.55531400,33.60143500 133.55541400,33.60122100 133.55566300,33.60100100 133.55599100,33.60084100 133.55616200,33.60105500 133.55632700,33.60125100 133.55651200,33.60131000 133.55676100,33.60131600 133.55713900,33.60141700 133.55726100,33.60147000 133.55734600,33.60157700 133.55733900,33.60170800 133.55730300,33.60198700 133.55728900,33.60215900 133.55738200,33.60235500 133.55757400,33.60261100 133.55788100,33.60283000 133.55858000,33.60324600 133.55876500,33.60331100 133.55892200,33.60331100 133.55913600,33.60321600 133.55977400,33.60274700 133.56000900,33.60267000 133.56023800,33.60271200 133.56042300,33.60283600 133.56055800,33.60300300 133.56058700,33.60321000 133.56065100,33.60341200 133.56087300,33.60360800 133.56265300,33.60457900 133.56357600,33.60463600 133.56392800,33.60477800 133.56447100,33.60475900 133.56483300,33.60458800 133.56687900,33.60436000 133.56741200,33.60419800 133.56752600,33.60425500 133.56755500,33.60450200 133.56802100,33.60449300 133.56826900,33.60425500 133.56849700,33.60415000 133.56878300,33.60415000 133.56907800,33.60396900 133.56938200,33.60390300 133.57074300,33.60393100 133.57108600,33.60429300 133.57129500,33.60440700 133.57139000,33.60424500 133.57164700,33.60402700 133.57204700,33.60400800 133.57239900,33.60427400 133.57358900,33.60403600 133.57424600,33.60374100 133.57436000,33.60352200 133.57453100,33.60296100 133.57399800,33.60269400 133.57349400,33.60258000 133.57352200,33.60231300 133.57393200,33.60219900 133.57443600,33.60234200 133.57498800,33.60232300 133.57519800,33.60219900 133.57532100,33.60203700 133.57530200,33.60173300 133.57494100,33.60150400 133.57470300,33.60116200 133.57473100,33.60080000 133.57483600,33.60061900 133.57538800,33.60053400 133.57586400,33.60060000 133.57609200,33.60082900 133.57618700,33.60071400 133.57616800,33.60029600 133.57589200,33.59983900 133.57609200,33.59929600 133.57594000,33.59874400 133.57603500,33.59852500 133.57596900,33.59831600 133.57612100,33.59782100 133.57606400,33.59755400 133.57611400,33.59719400 133.57632800,33.59709100 133.57655600,33.59687700 133.57674600,33.59662400 133.57678400,33.59632300 133.57665100,33.59605400 133.57648000,33.59577700 133.57634700,33.59546000 133.57627100,33.59509500 133.57630900,33.59486600 133.57638500,33.59470000 133.57645200,33.59442200 133.57642300,33.59414500 133.57651800,33.59391600 133.57637600,33.59360800 133.57651800,33.59333100 133.57649000,33.59310100 133.57649000,33.59256300 133.57655600,33.59238100 133.57666100,33.59223000 133.57660400,33.59210400 133.57660400,33.59189800 133.57677500,33.59180300 133.57695500,33.59175500 133.57707900,33.59162000 133.57709800,33.58956900 133.57714600,33.58941900
			</coordinates>
		</LineString>
	</Placemark>
	<Placemark>
		<name>SHIKOKU_KCH_12</name>
		<description>北山スカイラインのみち</description>
		<styleUrl>#lineStyle0</styleUrl>
		<LineString>
			<coordinates> 133.53171163,33.60207039 133.53191200,33.60201400 133.53200800,33.60203800 133.53207300,33.60207000 133.53211900,33.60213300 133.53211500,33.60217700 133.53209000,33.60220100 133.53204800,33.60218900 133.53197600,33.60215600 133.53190200,33.60213800 133.53179800,33.60212100 133.53170900,33.60217400 133.53158800,33.60229300 133.53140600,33.60249200 133.53135200,33.60265200 133.53131300,33.60285400 133.53127800,33.60291400 133.53124600,33.60291600 133.53114600,33.60292500 133.53110300,33.60293100 133.53106700,33.60295200 133.53104900,33.60299400 133.53118900,33.60324300 133.53117800,33.60330000 133.53111000,33.60336200 133.53109200,33.60338000 133.53101000,33.60337700 133.53091800,33.60335600 133.53085000,33.60335000 133.53080000,33.60339500 133.53079300,33.60343600 133.53080000,33.60351300 133.53086800,33.60364000 133.53083600,33.60385700 133.53072900,33.60391300 133.53054000,33.60400500 133.53043600,33.60408800 133.53043600,33.60416500 133.53050000,33.60423400 133.53069300,33.60428100 133.53080000,33.60429300 133.53098200,33.60434100 133.53118100,33.60443600 133.53130300,33.60473300 133.53138500,33.60507700 133.53140200,33.60516000 133.53143400,33.60519900 133.53152400,33.60524900 133.53155600,33.60530300 133.53155900,33.60535900 133.53150600,33.60547200 133.53142700,33.60563800 133.53143100,33.60569700 133.53148800,33.60573300 133.53166600,33.60579500 133.53183000,33.60586900 133.53190500,33.60593200 133.53192600,33.60600600 133.53192600,33.60609200 133.53172700,33.60648700 133.53161300,33.60657300 133.53143400,33.60668900 133.53126700,33.60683100 133.53116000,33.60694100 133.53108500,33.60702100 133.53101700,33.60709000 133.53099200,33.60715200 133.53104600,33.60717900 133.53108900,33.60717600 133.53113100,33.60713100 133.53118100,33.60704500 133.53131300,33.60695300 133.53192300,33.60657300 133.53199100,33.60659400 133.53203700,33.60664100 133.53200800,33.60673600 133.53194100,33.60685500 133.53178700,33.60693800 133.53171600,33.60696200 133.53165200,33.60706900 133.53159500,33.60725600 133.53155600,33.60744500 133.53149200,33.60755800 133.53140600,33.60766200 133.53143400,33.60779300 133.53144200,33.60790000 133.53141700,33.60797400 133.53130300,33.60804800 133.53116400,33.60811600 133.53108900,33.60820000 133.53103500,33.60831500 133.53104900,33.60842800 133.53111400,33.60854700 133.53122400,33.60867200 133.53131000,33.60883500 133.53140600,33.60898900 133.53149500,33.60910100 133.53163800,33.60921100 133.53174800,33.60939800 133.53198700,33.60962400 133.53221200,33.60976900 133.53242200,33.60989400 133.53258600,33.61005100 133.53264000,33.61011100 133.53260000,33.61022300 133.53254300,33.61030600 133.53255400,33.61037200 133.53268200,33.61043400 133.53278900,33.61052300 133.53287500,33.61063300 133.53296400,33.61071900 133.53307800,33.61076400 133.53321000,33.61078700 133.53337400,33.61085900 133.53359100,33.61095700 133.53371600,33.61100100 133.53380900,33.61104900 133.53386800,33.61111500 133.53395400,33.61117800 133.53411100,33.61121600 133.53420000,33.61120400 133.53422500,33.61113000 133.53419300,33.61105000 133.53411100,33.61099900 133.53401100,33.61093400 133.53391100,33.61081800 133.53383200,33.61076800 133.53368300,33.61069700 133.53357900,33.61062500 133.53350400,33.61053900 133.53347900,33.61046500 133.53349400,33.61040300 133.53359700,33.61037300 133.53370400,33.61038800 133.53387900,33.61044100 133.53403600,33.61046800 133.53420700,33.61051000 133.53442400,33.61064600 133.53474900,33.61084500 133.53479100,33.61093100 133.53481600,33.61104100 133.53485600,33.61108600 133.53493800,33.61105900 133.53509800,33.61102900 133.53519800,33.61101700 133.53535800,33.61102300 133.53545800,33.61105600 133.53557200,33.61104700 133.53566900,33.61101100 133.53578600,33.61090200 133.53584700,33.61082100 133.53589300,33.61078300 133.53599300,33.61073500 133.53606100,33.61074100 133.53659900,33.61105000 133.53680900,33.61115400 133.53700200,33.61115100 133.53712700,33.61110000 133.53718400,33.61107400 133.53722700,33.61107400 133.53733700,33.61106800 133.53742600,33.61111500 133.53745100,33.61113300 133.53755400,33.61110900 133.53757900,33.61110900 133.53764300,33.61118100 133.53772500,33.61124300 133.53781400,33.61126700 133.53788900,33.61127300 133.53792800,33.61127900 133.53794200,33.61131400 133.53794600,33.61136800 133.53792800,33.61142400 133.53787800,33.61146000 133.53781800,33.61146300 133.53778200,33.61148900 133.53771100,33.61162000 133.53762900,33.61173900 133.53758600,33.61180400 133.53750700,33.61186100
			</coordinates>
		</LineString>
	</Placemark>
	<Placemark>
		<name>SHIKOKU_KCH_13</name>
		<description>清滝さんから竜へのみち</description>
		<styleUrl>#lineStyle0</styleUrl>
		<LineString>
			<coordinates> 133.42711900,33.51017600 133.42691700,33.51014700 133.42660800,33.51010700 133.42648900,33.51000800 133.42629900,33.50981000 133.42595400,33.50982000 133.42544300,33.50973000 133.42526500,33.50963100 133.42496800,33.50966100 133.42450400,33.50953200 133.42430200,33.50970100 133.42386200,33.50956200 133.42351800,33.50955200 133.42290000,33.50941300 133.42241300,33.50927500 133.42228200,33.50920500 133.42212700,33.50919500 133.42197300,33.50925500 133.42171100,33.50943300 133.42155700,33.50966100 133.42156900,33.50978000 133.42139100,33.50976000 133.42055900,33.50976000 133.42000000,33.50966100 133.41978600,33.50951200 133.41960800,33.50943300 133.41921600,33.50936400 133.41911400,33.50921500 133.41894200,33.50900100 133.41875700,33.50878700 133.41840000,33.50831600 133.41804300,33.50801600 133.41762900,33.50965800 133.41738600,33.50990900 133.41700500,33.51005700 133.41619700,33.51003800 133.41560300,33.51013700 133.41503300,33.51025600 133.41451000,33.51015600 133.41393900,33.51009700 133.41341600,33.50989900 133.41307500,33.50979400 133.41296500,33.50976000 133.41258900,33.50992900 133.41207500,33.51041400 133.41206100,33.51072800 133.41169000,33.51072800 133.41151800,33.51087100 133.41156100,33.51112800 133.41170400,33.51154200 133.41147600,33.51168500 133.41124700,33.51165600 133.41101900,33.51192800 133.41101900,33.51204200 133.41126100,33.51211300 133.41134700,33.51231300 133.41127600,33.51261300 133.41107600,33.51271300 133.41101900,33.51291300 133.41087600,33.51292700 133.41086200,33.51269900 133.41093300,33.51241300 133.41070500,33.51238500 133.41042300,33.51215200 133.41025200,33.51211600 133.41017300,33.51224500 133.41028700,33.51242300 133.41003000,33.51237300 133.40980900,33.51219500 133.40955900,33.51209500 133.40927400,33.51218000 133.40906300,33.51202800 133.40914800,33.51181400 133.40946300,33.51127100 133.40932000,33.51118500 133.40922000,33.51132800 133.40909100,33.51157100 133.40877700,33.51165600 133.40866000,33.51146700 133.40859600,33.51136700 133.40852400,33.51113100 133.40874500,33.51131000 133.40893100,33.51134500 133.40906700,33.51126700 133.40916700,33.51102400 133.40944500,33.51094600 133.40938100,33.51086700 133.40908800,33.51098100 133.40877400,33.51102400 133.40872400,33.51068900 133.40830600,33.51065700 133.40786400,33.51047100 133.40787800,33.51031400 133.40809200,33.51034300 133.40834900,33.51050000 133.40877700,33.51047100 133.40903400,33.51031400 133.40914800,33.51012900 133.40937700,33.51008600 133.40952000,33.51027200 133.40972000,33.51027200 133.40979100,33.50994300 133.40990500,33.50958600 133.41006200,33.50957200 133.41016200,33.50968600 133.41016200,33.51004300 133.41026200,33.51030000 133.41041900,33.51017200 133.41033300,33.51000000 133.41039500,33.50953700 133.41052600,33.50935900 133.41057300,33.50870500 133.41065400,33.50822300 133.41067500,33.50813300 133.41074700,33.50805600 133.41081800,33.50802000 133.41088900,33.50798500 133.41106800,33.50796700 133.41127400,33.50793700 133.41150200,33.50777700 133.41163100,33.50765200 133.41185200,33.50758600 133.41187300,33.50750900 133.41201600,33.50740800 133.41215800,33.50732500 133.41232200,33.50723600 133.41250100,33.50718200 133.41260100,33.50701000 133.41288400,33.50709900 133.41313400,33.50698000 133.41330000,33.50689100 133.41351400,33.50687100 133.41370400,33.50693000 133.41381100,33.50702900 133.41391700,33.50720800 133.41404600,33.50718400 133.41436600,33.50708900 133.41458400,33.50697300 133.41470300,33.50699300 133.41489300,33.50706200 133.41517700,33.50708700 133.41631800,33.50724600 133.41699600,33.50739400 133.41728100,33.50752300 133.41778000,33.50777100 133.41852900,33.50804800 133.41894500,33.50766200 133.41915900,33.50754300 133.41987200,33.50737400 133.42000200,33.50738400 133.42015700,33.50729200 133.42046600,33.50667700 133.42070300,33.50618200 133.42110800,33.50608300 133.42141700,33.50437800 133.42256200,33.50439000 133.42270500,33.50391500 133.42294200,33.50326100 133.42304200,33.50275200 133.42290000,33.50229700 133.42263800,33.50162300 133.42278100,33.50104800 133.42311400,33.50067100 133.42458200,33.50059200 133.42451300,33.50031200 133.42358100,33.50031200 133.42316200,33.49976000 133.42318100,33.49835200 133.42384700,33.49837100 133.42411400,33.49852300 133.42504600,33.49840900 133.42872400,33.49880600 133.42859300,33.49729700 133.42853400,33.49607900 133.42843900,33.49559300 133.42909300,33.49436400 133.42961500,33.49345300 133.43012600,33.49334400 133.43078000,33.49327400 133.43161600,33.49325700 133.43204400,33.49328900 133.43257600,33.49329700 133.43306100,33.49323400 133.43353700,33.49312300 133.43395500,33.49299600 133.43495300,33.49254400 133.43617000,33.49191700 133.43762500,33.49107700 133.43865200,33.49045900 133.43882300,33.49039500 133.43874400,33.48969700 133.43864900,33.48904600 133.43871600,33.48838200 133.43876300,33.48797800 133.43881100,33.48770000 133.43881100,33.48735900 133.43863000,33.48616200 133.43865900,33.48581300 133.43873500,33.48548800 133.43889600,33.48421000 133.43921000,33.48224300 133.43934300,33.48179900 133.43947600,33.48157700 133.44022700,33.48064100 133.44062700,33.48007800 133.44080700,33.47972900 133.44087400,33.47952300 133.44091200,33.47863800 133.44092100,33.47798000 133.44051300,33.47709200 133.44043600,33.47677500 133.44042700,33.47628300 133.44035100,33.47583900 133.44015100,33.47528400 133.43992300,33.47484000 133.43964700,33.47438000 133.43949500,33.47406300 133.43924800,33.47318900 133.43872500,33.47103200 133.43862100,33.47077000 133.43809800,33.47008000 133.43783200,33.46977100 133.43779400,33.46956400 133.43783200,33.46937400 133.43777400,33.46923100 133.43767500,33.46899900 133.43741800,33.46888800 133.43705700,33.46876200 133.43696200,33.46859500 133.43689500,33.46844400 133.43697100,33.46851600 133.43718000,33.46863500 133.43738000,33.46857900 133.43755100,33.46851600 133.43740800,33.46845200 133.43754200,33.46845200 133.43758000,33.46834100 133.43751300,33.46823800 133.43746600,33.46834100 133.43736100,33.46825400 133.43724700,33.46809500 133.43715200,33.46790500 133.43699000,33.46772300 133.43712300,33.46770700 133.43720900,33.46769100 133.43711400,33.46761200 133.43701900,33.46752400 133.43683800,33.46742100 133.43677100,33.46728600 133.43672400,33.46715900 133.43657200,33.46695300 133.43648600,33.46688200 133.43640100,33.46673900 133.43623000,33.46660400 133.43614400,33.46656500 133.43619200,33.46652500 133.43628700,33.46649300 133.43623000,33.46646200 133.43608700,33.46642200 133.43590600,33.46635800 133.43582100,33.46621600 133.43565900,33.46612100 133.43566900,33.46604100 133.43570700,33.46597000 133.43570700,33.46592200 133.43561200,33.46585900 133.43558300,33.46578100 133.43544000,33.46544800 133.43535500,33.46535300 133.43522200,33.46532900 133.43511700,33.46527300 133.43505100,33.46510700 133.43497500,33.46493200 133.43486100,33.46474200 133.43466100,33.46448800 133.43450900,33.46432200 133.43443300,33.46401200 133.43435700,33.46385400 133.43423300,33.46374300 133.43422400,33.46365600 133.43421400,33.46354400 133.43413800,33.46348100 133.43403300,33.46339400 133.43403300,33.46319600 133.43385300,33.46302100 133.43366300,33.46298900 133.43353000,33.46289400 133.43339600,33.46297300 133.43310200,33.46314000 133.43287400,33.46325100 133.43300700,33.46306100 133.43298800,33.46295000 133.43303500,33.46287800 133.43313000,33.46279900 133.43312100,33.46275900 133.43305400,33.46269600 133.43301600,33.46252100 133.43304500,33.46241800 133.43318700,33.46225200 133.43299700,33.46234700 133.43296900,33.46232300 133.43302600,33.46224400 133.43307300,33.46210900 133.43293100,33.46213300 133.43296900,33.46207700 133.43319700,33.46194200 133.43330100,33.46185500 133.43333000,33.46178400 133.43343400,33.46177600 133.43362500,33.46180000 133.43387200,33.46178400 133.43403300,33.46175200 133.43417600,33.46160100 133.43428100,33.46145100 133.43446100,33.46138700 133.43458500,33.46134000 133.43468900,33.46128400 133.43478400,33.46115700 133.43496500,33.46103800 133.43507900,33.46092700 133.43525000,33.46088000 133.43534500,33.46080800 133.43545000,33.46066500 133.43551700,33.46056200 133.43559300,33.46036400 133.43583000,33.46026100 133.43596700,33.46019000 133.43596700,33.46005600 133.43598900,33.45996700 133.43592100,33.45989500 133.43585300,33.45980900 133.43581800,33.45973500 133.43585700,33.45966600 133.43587800,33.45960700 133.43593200,33.45942500 133.43601700,33.45928800 133.43600700,33.45922800 133.43601000,33.45914800 133.43602800,33.45910900 133.43622100,33.45902600 133.43638100,33.45891000 133.43643800,33.45882700 133.43643400,33.45877900 133.43642000,33.45872300 133.43634900,33.45865100 133.43621300,33.45848200 133.43621700,33.45842800 133.43624200,33.45835100 133.43628800,33.45830300 133.43655200,33.45816400 133.43656600,33.45814300 133.43656600,33.45808600 133.43654500,33.45800600 133.43651300,33.45791700 133.43651600,33.45783900 133.43655200,33.45777700 133.43660200,33.45773200 133.43667100,33.45769400 133.43669000,33.45764200 133.43675200,33.45762200 133.43683700,33.45763400 133.43693200,33.45760700 133.43697000,33.45750300 133.43705600,33.45742000 133.43715600,33.45733300 133.43727000,33.45725400 133.43728400,33.45708700 133.43729400,33.45694400 133.43735100,33.45682500 133.43743200,33.45672600 133.43753600,33.45659500 133.43767400,33.45650800 133.43769300,33.45642500 133.43763600,33.45631400 133.43756900,33.45621800 133.43760700,33.45612700 133.43764500,33.45601600 133.43766400,33.45592500 133.43764100,33.45587700 133.43774000,33.45563500 133.43784000,33.45554400 133.43799700,33.45546900 133.43813000,33.45538600 133.43836300,33.45527500 133.43851100,33.45525900 133.43896100,33.45526400 133.43929300,33.45524800 133.43938800,33.45521600 133.43956000,33.45512900 133.43970200,33.45503400 133.43976900,33.45491500 133.43977800,33.45467700 133.43981600,33.45424900 133.43979700,33.45359800 133.43975900,33.45308300 133.43970200,33.45236100 133.43965500,33.45186100 133.43968300,33.45156800 133.43936000,33.45141800 133.43869400,33.45115700 133.43850400,33.45093500 133.43830500,33.45046700 133.43793400,33.44999900 133.43752500,33.44946700 133.43721100,33.44895100 133.43685900,33.44825300 133.43651700,33.44742800 133.43602300,33.44639400 133.43558600,33.44533900 133.43535700,33.44491100 133.43515800,33.44430000 133.43512900,33.44403800 133.43519600,33.44322100 133.43520500,33.44280800 133.43539500,33.44279200 133.43745600,33.44218900 133.43771300,33.44210600 133.43791200,33.44196300 133.43762700,33.44138000 133.43751300,33.44096400 133.43728500,33.44003600 133.43735600,33.43973800 133.43749900,33.43957200 133.43778400,33.43944100 133.43828300,33.43942900 133.44224800,33.43927400 133.44401600,33.43919100 133.44464400,33.43914300 133.44510000,33.43898800 133.44537100,33.43873800 133.44565600,33.43835800 133.44607000,33.43773900 133.44629800,33.43748900 133.44706000,33.43722800 133.44731600,33.43706200 133.44783000,33.43628800 133.44767300,33.43575200 133.44767300,33.43552600 133.44822900,33.43419300 133.44850000,33.43374100 133.44882800,33.43363400 133.44952700,33.43356300 133.44992600,33.43357500 133.45024000,33.43368200 133.45059600,33.43388400 133.45086700,33.43396700 133.45123800,33.43390800 133.45193700,33.43358600 133.45203700,33.43344400 133.45206000,33.43294800 133.45213600,33.43271000 133.45242200,33.43237700 133.45279200,33.43210700 133.45374300,33.43144800 133.45408500,33.43125000 133.45400900,33.43116300 133.45383800,33.43092500 133.45367700,33.43083700 133.45349600,33.43068700 133.45320100,33.43036900 133.45296300,33.43021800 133.45263100,33.42975000 133.45274500,33.42961500 133.45277300,33.42947300 133.45285900,33.42941700 133.45276400,33.42926600 133.45268800,33.42917100 133.45261200,33.42907600 133.45255500,33.42890900 133.45250700,33.42870300 133.45227400,33.42854800 133.45206000,33.42825100 133.45175100,33.42799300 133.45175100,33.42781400 133.45170400,33.42761600 133.45160900,33.42739800 133.45189400,33.42716000 133.45206000,33.42702100 133.45206000,33.42680300 133.45213200,33.42648500 133.45208400,33.42608900 133.45194100,33.42563200 133.45187000,33.42521600 133.45196500,33.42489800 133.45206000,33.42450200 133.45241700,33.42418400 133.45284500,33.42388700 133.45308400,33.42378100 133.45329600,33.42368800 133.45439000,33.42341100 133.45519800,33.42337100
			</coordinates>
		</LineString>
	</Placemark>
	<Placemark>
		<name>SHIKOKU_KCH_14</name>
		<description>断崖のみち</description>
		<styleUrl>#lineStyle0</styleUrl>
		<LineString>
			<coordinates> 133.23083600,33.32739800 133.23087100,33.32756700 133.23081400,33.32791200 133.23078600,33.32833000 133.23084300,33.32862700 133.23018700,33.32919900 133.22937400,33.32984300 133.23065900,33.33001900 133.23184700,33.33033700 133.23237000,33.33031700 133.23298800,33.33039600 133.23345100,33.33057500 133.23378400,33.33085300 133.23422400,33.33136000 133.23465200,33.33167700 133.23507900,33.33183600 133.23556700,33.33187600 133.23628000,33.33187600 133.23693300,33.33188600 133.23738500,33.33197500 133.23758700,33.33220400 133.23777700,33.33250100 133.23790800,33.33282900 133.23855000,33.33331600 133.23897700,33.33358400 133.23925100,33.33366300 133.23960700,33.33355400 133.23998800,33.33336500 133.24041500,33.33323600 133.24068900,33.33326600 133.24085500,33.33349400 133.24118800,33.33408000 133.24148500,33.33463600 133.24180600,33.33489400 133.24217100,33.33502300 133.24344200,33.33521200 133.24377500,33.33509300 133.24394100,33.33489400 133.24413100,33.33459600 133.24413100,33.33433800 133.24394100,33.33390100 133.24385800,33.33346500 133.24396500,33.33306700 133.24435700,33.33248200 133.24472600,33.33235300 133.24516500,33.33222300 133.24567600,33.33188600 133.24598500,33.33176700 133.24650800,33.33172700 133.24742300,33.33145900 133.24832700,33.33114100 133.24851700,33.33116100 133.24860000,33.33132000 133.24871900,33.33162800 133.24884900,33.33182600 133.24901600,33.33203500 133.24902800,33.33240200 133.24906300,33.33282900 133.24905100,33.33316700 133.24923000,33.33341500 133.24931300,33.33364300 133.24942000,33.33399100 133.24963400,33.33415000 133.25008500,33.33435800 133.25051300,33.33463400 133.25170200,33.33524000 133.25316300,33.33612300 133.25386400,33.33617300 133.25501200,33.33621300 133.25598700,33.33649100 133.25648600,33.33666000 133.25667600,33.33685800 133.25660500,33.33715600 133.25646200,33.33753300 133.25646200,33.33789100 133.25655700,33.33817900 133.25671200,33.33854600 133.25704500,33.33881800 133.25733000,33.33898700 133.25747200,33.33924500 133.25760300,33.33958300 133.25794800,33.34057500 133.25816200,33.34103200 133.25837600,33.34124100 133.25887500,33.34161800 133.25911200,33.34174700 133.25927900,33.34173700 133.25956400,33.34169700 133.26158400,33.34088300 133.26232100,33.34061500 133.26261800,33.34061500 133.26304600,33.34061500 133.26331900,33.34068500 133.26336700,33.34079400 133.26333100,33.34100200 133.26322400,33.34128000 133.26309400,33.34158800 133.26307000,33.34184600 133.26318900,33.34203500 133.26337900,33.34221300 133.26350900,33.34238200 133.26353300,33.34262100 133.26349800,33.34285900 133.26312900,33.34331500 133.26269000,33.34363300 133.26221400,33.34388100 133.26175100,33.34414900 133.26114500,33.34480500 133.26064500,33.34519200 133.26034800,33.34563100 133.25998000,33.34617700 133.25992100,33.34643500 133.25995600,33.34658400 133.26005100,33.34682200 133.26013400,33.34708000 133.26007500,33.34726900 133.25979000,33.34763600 133.25977800,33.34797300 133.25988500,33.34827100 133.26024100,33.34857900 133.26075200,33.34883700 133.26113400,33.34894300 133.26150300,33.34902200 133.26171600,33.34914100 133.26199000,33.34941900 133.26209700,33.34964700 133.26204900,33.35002500 133.26229900,33.35030300 133.26262000,33.35039200 133.26290500,33.35039200 133.26329700,33.35033200 133.26341600,33.35047100 133.26329700,33.35074900 133.26303600,33.35109700 133.26247700,33.35157300 133.26218000,33.35187100 133.26201400,33.35226800 133.26172800,33.35263500 133.26149100,33.35305200 133.26145500,33.35335000 133.26156200,33.35363800 133.26171600,33.35388600 133.26194200,33.35413400 133.26227500,33.35446200 133.26234600,33.35462100 133.26232300,33.35506500 133.26254800,33.35543300 133.26288100,33.35576000 133.26316600,33.35598900 133.26360600,33.35680300 133.26373700,33.35721000 133.26380800,33.35791400 133.26404600,33.35857900 133.26418800,33.35876800 133.26436700,33.35901600 133.26436700,33.35926400 133.26427200,33.35956200 133.26410200,33.35996800 133.26380200,33.36046800 133.26357400,33.36090900 133.26343200,33.36099200 133.26324600,33.36093300 133.26298900,33.36074200 133.26260400,33.36049200 133.26197700,33.36023000 133.26126400,33.36019400 133.26045100,33.36088500 133.25985200,33.36151700 133.25969500,33.36210000 133.25953800,33.36270800 133.25882500,33.36324400 133.25842600,33.36330300 133.25797000,33.36339800 133.25778400,33.36355300 133.25751300,33.36386300 133.25818400,33.36585200 133.25805500,33.36654300 133.25838400,33.36676500 133.25874100,33.36707900
			</coordinates>
		</LineString>
	</Placemark>
	<Placemark>
		<name>SHIKOKU_KCH_15</name>
		<description>七子峠のみち</description>
		<styleUrl>#lineStyle0</styleUrl>
		<LineString>
			<coordinates> 133.17248000,33.27601900 133.17437800,33.27758900 133.17482300,33.27840800 133.17512000,33.27970000 133.17520900,33.28153800 133.17509100,33.28205900 133.17518000,33.28300300 133.17544700,33.28507400 133.17559600,33.28582000 133.17500200,33.28651500 133.17419900,33.28753300 133.17348600,33.28790600 133.17229800,33.28827800 133.17149600,33.28862600 133.17128800,33.28894900 133.17119900,33.28957000 133.17113900,33.29036400 133.17143600,33.29098500 133.17226800,33.29309600 133.17229800,33.29371700 133.17217900,33.29448700 133.17161500,33.29654800 133.17167400,33.29689600 133.17220900,33.29731800 133.17393200,33.29828600 133.17476400,33.29873300 133.17660600,33.30032200 133.17698600,33.30148000 133.17791300,33.30243300 133.17812700,33.30398300 133.17891100,33.30606800 133.17971500,33.30804700 133.18012900,33.30826800 133.18061400,33.30846400 133.18102700,33.30864300 133.18157600,33.30886900 133.18214700,33.30907800 133.18276000,33.30934600 133.18348000,33.30948300 133.18412900,33.30965000 133.18433400,33.30977800 133.18454800,33.30979600 133.18484100,33.30982000 133.18506200,33.30986200 133.18520400,33.30997500 133.18539700,33.31017100 133.18553200,33.31022500 133.18576700,33.31023100 133.18604600,33.31021300 133.18641600,33.31010000 133.18656600,33.31011200 133.18671600,33.31019500 133.18680100,33.31029700 133.18711500,33.31061200 133.18745000,33.31088100 133.18764300,33.31099400 133.18791400,33.31107700 133.18807100,33.31114900 133.18819200,33.31126800 133.18835600,33.31143500 133.18855500,33.31156600 133.18874100,33.31165500 133.18902600,33.31168500 133.18926800,33.31172700 133.18951900,33.31177200 133.19011100,33.31181400 133.19062400,33.31189100 133.19113800,33.31195100 133.19150100,33.31204000 133.19177200,33.31208800 133.19193600,33.31207000 133.19219300,33.31204000 133.19240700,33.31203400 133.19254900,33.31205200 133.19276300,33.31212400 133.19286300,33.31221300 133.19307700,33.31234400 133.19317700,33.31244500 133.19334100,33.31285600 133.19343400,33.31296400 133.19357600,33.31302300 133.19386900,33.31309500 133.19400789,33.31307565 133.19434491,33.31305908 133.19451991,33.31300701 133.19465591,33.31305501 133.19481291,33.31312001 133.19504791,33.31326301 133.19533291,33.31342401 133.19572491,33.31365102 133.19602491,33.31387702 133.19620991,33.31399602 133.19643791,33.31413302 133.19664491,33.31427602 133.19681310,33.31436788 133.19758626,33.31455012 133.19861500,33.31509000 133.19890700,33.31528000 133.19919900,33.31550100 133.19954100,33.31576900 133.19977000,33.31599000 133.20011200,33.31632300 133.20042600,33.31663300 133.20086100,33.31693100 133.20153100,33.31733600 133.20183500,33.31752100 133.20220500,33.31767600 133.20284700,33.31775300 133.20343900,33.31795000 133.20374600,33.31804500 133.20429500,33.31805700 133.20495100,33.31818200 133.20569200,33.31829000 133.20604900,33.31827200 133.20621300,33.31824200 133.20651200,33.31806900 133.20681900,33.31790200 133.20709000,33.31774100 133.20721100,33.31758000 133.20726800,33.31729400 133.20726100,33.31683000 133.20720400,33.31656200 133.20699000,33.31618000 133.20679000,33.31584100 133.20682600,33.31570900 133.20696100,33.31557800 133.20709700,33.31553700 133.20737500,33.31554300 133.20778100,33.31559000 133.20863000,33.31537600 133.20884200,33.31536400 133.20905600,33.31541200 133.20918400,33.31547700 133.20931200,33.31562600 133.20949100,33.31578700 133.20973300,33.31593000 133.21016100,33.31603100 133.21043900,33.31605500 133.21063100,33.31599000 133.21081000,33.31582900 133.21094500,33.31570900 133.21115900,33.31572100 133.21131600,33.31583500 133.21155800,33.31599000 133.21194300,33.31610300 133.21260600,33.31633500 133.21289200,33.31646000 133.21318400,33.31649600 133.21357600,33.31644800 133.21381900,33.31624600 133.21394000,33.31589400 133.21402500,33.31565000 133.21413200,33.31553700 133.21428900,33.31552500 133.21450300,33.31558400 133.21473800,33.31568000 133.21490200,33.31579900 133.21500200,33.31593600 133.21512400,33.31622200 133.21526600,33.31649000 133.21541600,33.31665700 133.21564400,33.31680600 133.21586500,33.31688900 133.21628100,33.31699000 133.21664200,33.31707700 133.21701300,33.31728400 133.21727900,33.31743500 133.21752600,33.31753800 133.21785900,33.31754600 133.21813500,33.31749100 133.21842900,33.31738700 133.21879100,33.31728400 133.21927500,33.31720500 133.21965600,33.31723600 133.22000700,33.31734800 133.22019800,33.31751400 133.22032100,33.31770500 133.22066300,33.31786800 133.22130500,33.31811800 133.22144800,33.31843900 133.22172400,33.31883800 133.22216200,33.31918900 133.22273300,33.31968800 133.22316100,33.32000900 133.22362500,33.32025900 133.22408900,33.32058100 133.22433900,33.32086600 133.22458900,33.32108000 133.22462500,33.32161600 133.22462500,33.32215100 133.22476800,33.32286500 133.22493300,33.32321100 133.22508900,33.32365000 133.22534800,33.32407500 133.22539500,33.32436100 133.22534800,33.32486900 133.22544300,33.32574300 133.22563800,33.32625600 133.22605100,33.32616100 133.22669300,33.32610100 133.22730600,33.32607700 133.22783400,33.32597000 133.22859000,33.32566000 133.22903200,33.32586300 133.22941700,33.32628000 133.22991600,33.32680400 133.23068600,33.32667300
			</coordinates>
		</LineString>
	</Placemark>
	<Placemark>
		<name>SHIKOKU_KCH_16</name>
		<description>五社のみち</description>
		<styleUrl>#lineStyle0</styleUrl>
		<LineString>
			<coordinates> 133.13720300,33.21268000 133.13696500,33.21270400 133.13678400,33.21164500 133.13656200,33.21075800 133.13639600,33.21010200 133.13625300,33.20912800 133.13398300,33.20848200 133.13140400,33.20769600 133.13098800,33.20749700 133.13066800,33.20738800 133.13081000,33.20953600 133.12934600,33.20940800 133.12876600,33.20890100 133.12835300,33.20888900 133.12783900,33.20863900 133.12741100,33.20848400 133.12658400,33.20881800 133.12611400,33.20931900 133.12581400,33.20980800 133.12531500,33.21023700 133.12508700,33.21054800 133.12495900,33.21075100 133.12405300,33.21094800 133.12344700,33.21117700 133.12321000,33.21131600 133.12225900,33.21241000 133.12206900,33.21268800 133.12202100,33.21292700 133.12200900,33.21377200 133.12199700,33.21429900 133.12205700,33.21482600 133.12220200,33.21599400 133.12238000,33.21705700 133.12270100,33.21732600 133.12310500,33.21745500 133.12345000,33.21744500 133.12379500,33.21733600 133.12406800,33.21721600 133.12459100,33.21689800 133.12492400,33.21672900 133.12538700,33.21679900 133.12598100,33.21692800 133.12638500,33.21712700 133.12686100,33.21745500 133.12741900,33.21787300 133.12777600,33.21820100 133.12799000,33.21845700 133.12466200,33.22084300 133.12520900,33.22191600 133.12611200,33.22310900 133.12686100,33.22406000 133.12731200,33.22455700 133.12750200,33.22493500 133.12778800,33.22606800 133.12807300,33.22775800 133.12828700,33.23012400 133.12915300,33.23271900 133.12962900,33.23409100 133.12967600,33.23464700 133.12924900,33.23522400 133.12901100,33.23548200 133.12855900,33.23653600 133.12829800,33.23697300 133.12825000,33.23721200 133.12884500,33.23951800 133.12979500,33.24327500 133.13003900,33.24410400 133.13108000,33.24505900 133.13195000,33.24544000 133.13229200,33.24569100 133.13321900,33.24620400 133.13401800,33.24664500 133.13483100,33.24756300 133.13500200,33.24775400 133.13557200,33.24804000 133.13598600,33.24821900 133.13611400,33.24852900 133.13612800,33.24911400 133.13602300,33.24929200 133.13564200,33.25000700 133.13526200,33.25056400 133.13459700,33.25076200 133.13388400,33.25098100 133.13328900,33.25122000 133.13227800,33.25146800 133.13144600,33.25162700 133.12885500,33.25188600 133.12809500,33.25220400 133.12771400,33.25425100 133.12795200,33.25524500 133.12816600,33.25598000 133.12790400,33.25663600 133.12840400,33.25709300 133.12864100,33.25732100 133.12866000,33.25792500 133.12862200,33.25887900 133.12888800,33.25940400 133.12905900,33.25975300 133.12900200,33.26004000 133.12896400,33.26051700 133.12915400,33.26121600 133.12945900,33.26174100 133.12961100,33.26188400 133.13014300,33.26226500 133.13067600,33.26274200 133.13117000,33.26333100 133.13160700,33.26395100 133.13200700,33.26430100 133.13242300,33.26457300 133.13287900,33.26497000 133.13327900,33.26471600 133.13375400,33.26454100 133.13398200,33.26457300 133.13442000,33.26455700 133.13523700,33.26433400 133.13554100,33.26458900 133.13588400,33.26485900 133.13635900,33.26509700 133.13704400,33.26536800 133.13710100,33.26562200 133.13670100,33.26570100 133.13603600,33.26598800 133.13567500,33.26617800 133.13550300,33.26657600 133.13546500,33.26725900 133.13582800,33.26731200 133.13629900,33.26749100 133.13667000,33.26770600 133.13702600,33.26799200 133.13732600,33.26837400 133.13738300,33.26866000 133.13763900,33.26886200 133.13792400,33.26912500 133.13816700,33.26955400 133.13828700,33.27000400 133.13841700,33.27025300 133.13867900,33.27044200 133.13909500,33.27076000 133.13953400,33.27118700 133.13972400,33.27139500 133.13978400,33.27169400 133.13992700,33.27195200 133.14005700,33.27220000 133.14030700,33.27247900 133.14048500,33.27274700 133.14046100,33.27288600 133.14031900,33.27297500 133.13995000,33.27325400 133.13972400,33.27349200 133.14003300,33.27357100 133.14033100,33.27371100 133.14059200,33.27386000 133.14100800,33.27406800 133.14136400,33.27419700 133.14149500,33.27438600 133.14163800,33.27460500 133.14184000,33.27473400 133.14208900,33.27479400 133.14224400,33.27481400 133.14254400,33.27483700 133.14288600,33.27499200 133.14321400,33.27521900 133.14351400,33.27546900 133.14389900,33.27599400 133.14404100,33.27619700 133.14426900,33.27655400 133.14445500,33.27679300 133.14462600,33.27684000 133.14494000,33.27682900 133.14529600,33.27672100 133.14616600,33.27641100 133.14642300,33.27641100 133.14696500,33.27650700 133.14743500,33.27673300 133.14774900,33.27697200 133.14803400,33.27713900 133.14856200,33.27719800 133.14900400,33.27721000 133.15008800,33.27750800 133.15033000,33.27743700 133.15043000,33.27735300 133.15080100,33.27701900 133.15131400,33.27682900 133.15231200,33.27690000 133.15308300,33.27694800 133.15356700,33.27705500 133.15399400,33.27720400 133.15475000,33.27720400 133.15540600,33.27721600 133.15656100,33.27694200 133.15740200,33.27663200 133.15905600,33.27600000 133.15935600,33.27597600 133.16001200,33.27580900 133.16078200,33.27555900 133.16142400,33.27524900 133.16230800,33.27466400 133.16369100,33.27360300 133.16403300,33.27337700 133.16439000,33.27365800 133.16480600,33.27383200 133.16548900,33.27383200 133.16590500,33.27395600 133.16736100,33.27398100 133.16807400,33.27408000 133.16846000,33.27403000 133.16967800,33.27455200 133.17057000,33.27487500 133.17125300,33.27517300 133.17248000,33.27601900 133.17437800,33.27758900
			</coordinates>
		</LineString>
	</Placemark>
	<Placemark>
		<name>SHIKOKU_KCH_17</name>
		<description>佐賀のみち</description>
		<styleUrl>#lineStyle0</styleUrl>
		<LineString>
			<coordinates> 133.10735600,33.06724100 133.10713700,33.06759100 133.10713100,33.06791200 133.10725900,33.06849000 133.10724800,33.06876400 133.10703800,33.06909100 133.10605100,33.06957000 133.10552600,33.07019400 133.10478500,33.07057900 133.10451100,33.07084200 133.10437600,33.07138500 133.10445800,33.07185200 133.10424200,33.07268600 133.10430600,33.07294300 133.10490700,33.07381300 133.10510600,33.07444900 133.10524600,33.07542300 133.10499500,33.07681800 133.10496600,33.07713300 133.10505900,33.07749200 133.10589100,33.07866500 133.10591100,33.07879100 133.10592600,33.07970400 133.10587300,33.07995200 133.10561100,33.08030200 133.10524000,33.08052100 133.10481400,33.08060900 133.10326500,33.08046900 133.10301700,33.08048900 133.10228700,33.08085400 133.10199800,33.08107300 133.10184600,33.08103500 133.10167400,33.08137600 133.10106100,33.08139700 133.10038800,33.08134300 133.10018900,33.08129500 133.09949200,33.08124000 133.09939700,33.08176900 133.09937900,33.08203700 133.09933200,33.08240000 133.09932000,33.08251900 133.09924800,33.08272700 133.09926600,33.08280400 133.09932000,33.08303000 133.09932000,33.08316700 133.09923600,33.08327400 133.09927200,33.08342300 133.09933800,33.08362800 133.09949100,33.08394500 133.09945900,33.08406700 133.09925900,33.08421300 133.09916600,33.08435600 133.09910600,33.08444100 133.09915100,33.08459300 133.09951300,33.08554800 133.09958900,33.08604200 133.09953200,33.08644100 133.09962700,33.08675900 133.10010200,33.08730100 133.09945600,33.08777900 133.09884700,33.08838400 133.09850500,33.08879800 133.09839100,33.08980200 133.09848600,33.09023200 133.09896100,33.09101300 133.09879000,33.09132800 133.09823900,33.09166300 133.10014000,33.09290500 133.10019700,33.09249100 133.10074900,33.09247500 133.10126200,33.09265000 133.10194600,33.09328800 133.10228900,33.09451400 133.10228900,33.09518300 133.10223200,33.09585200 133.10228900,33.09631400 133.10228900,33.09696700 133.10211800,33.09762000 133.10206100,33.09806600 133.10208000,33.09825800 133.10168000,33.09848100 133.10130000,33.09852800 133.10114800,33.09867200 133.10177500,33.09851200 133.10225100,33.09852800 133.10244100,33.09871900 133.10225100,33.09940400 133.10211800,33.09993000 133.10196500,33.10007300 133.10097700,33.10039200 133.10063400,33.10047200 133.10031100,33.10086000 133.09987400,33.10113100 133.09945600,33.10149700 133.09918900,33.10186400 133.09899900,33.10213500 133.09903700,33.10216600 133.09911300,33.10245300 133.09943700,33.10254900 133.09960800,33.10261200 133.09970300,33.10307400 133.09960800,33.10361600 133.09960800,33.10422100 133.09962700,33.10487400 133.09960800,33.10544800 133.09943700,33.10608500 133.09797200,33.10606900 133.09696500,33.10610100 133.09671800,33.10641900 133.09650800,33.10651500 133.09635600,33.10683300 133.09626100,33.10712000 133.09740200,33.10755000 133.09774400,33.10759800 133.09787700,33.10780500 133.09801300,33.10835000 133.09810600,33.10853700 133.09854600,33.10886300 133.09875100,33.10896800 133.09925500,33.10910600 133.09976200,33.10914900 133.10003000,33.10911500 133.10016700,33.10908600 133.10088000,33.10937100 133.10134100,33.10948200 133.10177300,33.10955600 133.10187400,33.10957300 133.10184400,33.10987700 133.10195700,33.11008500 133.10193500,33.11100500 133.10166700,33.11145100 133.10189900,33.11163000 133.10214300,33.11168300 133.10231000,33.11144500 133.10226800,33.11122500 133.10272600,33.11084400 133.10317800,33.11055300 133.10327300,33.11035100 133.10379100,33.11051600 133.10443700,33.11050000 133.10639600,33.11045200 133.10816400,33.11040400 133.10957100,33.11062700 133.11054100,33.11112100 133.11109200,33.11172600 133.11160600,33.11261800 133.11185300,33.11358900 133.11198600,33.11425800 133.11200500,33.11444900 133.11160600,33.11478400 133.11132100,33.11542100 133.11109200,33.11605800 133.11099700,33.11667900 133.11126400,33.11734800 133.11162500,33.11768200 133.11206200,33.11787400 133.11251800,33.11792100 133.11299400,33.11776200 133.11360200,33.11741200 133.11412900,33.11707700 133.11439500,33.11674300 133.11466100,33.11645600 133.11496600,33.11639200 133.11576400,33.11629700 133.11597300,33.11618500 133.11620200,33.11607400 133.11639200,33.11616900 133.11639200,33.11655200 133.11601100,33.11701400 133.11530800,33.11779400 133.11511800,33.11809600 133.11515600,33.11831900 133.11527000,33.11851100 133.11610600,33.11911300 133.11711400,33.12002000 133.11814100,33.12096000 133.11892100,33.12183600 133.11926300,33.12223400 133.11941500,33.12268000 133.11945300,33.12334900 133.11937700,33.12408100 133.11916800,33.12471800 133.11897800,33.12516400 133.11888300,33.12556200 133.11880700,33.12600800 133.11850200,33.12640600 133.11814100,33.12650200 133.11770400,33.12648600 133.11726600,33.12643800 133.11700000,33.12650800 133.11681000,33.12687400 133.11662000,33.12736800 133.11669600,33.12806800 133.11690500,33.12947000 133.11701900,33.13029800 133.11730400,33.13044100 133.11738000,33.13071200 133.11743700,33.13111000 133.11829300,33.13150800 133.11882600,33.13197000 133.11909200,33.13158700 133.11952900,33.13171500 133.12000400,33.13206500 133.12019500,33.13230400 133.12076500,33.13271800 133.12093200,33.13287100 133.12107500,33.13322900 133.12128400,33.13361100 133.12137900,33.13388200 133.12139800,33.13432800 133.12161700,33.13466200 133.12189300,33.13497300 133.12211100,33.13506800 133.12237700,33.13510800 133.12276700,33.13514000 133.12313800,33.13521900 133.12357500,33.13562500 133.12397500,33.13596000 133.12420300,33.13621500 133.12428800,33.13645300 133.12421200,33.13706600 133.12417400,33.13750400 133.12413600,33.13784000 133.12398400,33.13832600 133.12363200,33.13926500 133.12352800,33.13979100 133.12336600,33.14025200 133.12326200,33.14062600 133.12293800,33.14112000 133.12276700,33.14141500 133.12244400,33.14184300 133.12217800,33.14224100 133.12189300,33.14318000 133.12170200,33.14418300 133.12168300,33.14467700 133.12155000,33.14504300 133.12175900,33.14591900 133.12170200,33.14642800 133.12189300,33.14711300 133.12198800,33.14784500 133.12223500,33.14832200 133.12252000,33.14870500 133.12272900,33.14895900 133.12274800,33.14915000 133.12312800,33.14919800 133.12339500,33.14913400 133.12347100,33.14895900 133.12358500,33.14892700 133.12415500,33.14905500 133.12446000,33.14903900 133.12484000,33.14876800 133.12506800,33.14852900 133.12518200,33.14811600 133.12523900,33.14779700 133.12537200,33.14749500 133.12552400,33.14732000 133.12596200,33.14712800 133.12657000,33.14714400 133.12733100,33.14767000 133.12820500,33.14816300 133.12904200,33.14856100 133.12980300,33.14878400 133.13023200,33.14931000 133.13044100,33.14975500 133.13086000,33.14991400 133.13112600,33.14996200 133.13154400,33.14975500 133.13179100,33.14964400 133.13209600,33.14970800 133.13243800,33.14946900 133.13268500,33.14945300 133.13304600,33.14964400 133.13319900,33.14962800 133.13340800,33.14958000 133.13359800,33.14964400 133.13384500,33.14991400 133.13414900,33.15048800 133.13453000,33.15109300 133.13496700,33.15142700 133.13540400,33.15168200 133.13563200,33.15176100 133.13610800,33.15217200 133.13643100,33.15268100 133.13683000,33.15352500 133.13730600,33.15417800 133.13772400,33.15456000 133.13795200,33.15478300 133.13825600,33.15535600 133.13863700,33.15584900 133.13924500,33.15635900 133.13991100,33.15702700 133.14004400,33.15736100 133.14012000,33.15771200 133.14008200,33.15958000 133.14008200,33.16053500 133.13996800,33.16079000 133.13970100,33.16093300 133.13913100,33.16120400 133.13897900,33.16163400 133.13840800,33.16098100 133.13830700,33.16093000
			</coordinates>
		</LineString>
	</Placemark>
	<Placemark>
		<name>SHIKOKU_KCH_18</name>
		<description>土佐入野松原へのみち</description>
		<styleUrl>#lineStyle0</styleUrl>
		<LineString>
			<coordinates> 133.00084500,33.00998200 133.00036300,33.01035300 132.99994500,33.01092700 132.99983100,33.01126200 133.00007800,33.01175600 133.00023000,33.01241000 133.00038200,33.01271300 133.00034100,33.01297100 133.00031200,33.01328200 133.00018400,33.01349700 133.00032600,33.01372400 133.00102500,33.01380800 133.00172400,33.01361700 133.00215200,33.01361700 133.00299300,33.01361700 133.00409100,33.01367600 133.00503200,33.01376000 133.00593100,33.01392800 133.00725700,33.01414300 133.00715900,33.01514700 133.00749300,33.01590900 133.00799200,33.01695600 133.00868200,33.01769300 133.00896900,33.01784400 133.00965800,33.01904900 133.01041900,33.02000100 133.01125200,33.02069100 133.01246600,33.02142900 133.01308400,33.02104800 133.01384600,33.02077800 133.01411800,33.02102100 133.01491600,33.02062000 133.01776500,33.02353200 133.02328500,33.02969400 133.02369000,33.03043200 133.02361800,33.03109800 133.02298900,33.03107400 133.02261800,33.03164700 133.02253300,33.03187500 133.02264700,33.03203000 133.02293200,33.03211400 133.02320300,33.03218500 133.02394500,33.03252000 133.02470000,33.03268800 133.02520000,33.03283100 133.02574200,33.03338100 133.02608400,33.03376400 133.02608400,33.03402700 133.02626900,33.03405100 133.02681100,33.03389500 133.02716800,33.03375200 133.02743900,33.03366800 133.02810900,33.03395500 133.02879300,33.03423000 133.02943500,33.03444500 133.03016200,33.03461200 133.03128200,33.03510900 133.03212900,33.03559600 133.03338400,33.03627300 133.03400100,33.03667200 133.03481000,33.03713400 133.03531300,33.03729300 133.03611200,33.03738100 133.03642600,33.03745300 133.03670600,33.03785000 133.03697000,33.03812900 133.03734100,33.03831400 133.03759800,33.03834300 133.03802800,33.03840600 133.03840900,33.03846200 133.03890400,33.03868500 133.03929700,33.03884200 133.03991800,33.03909900 133.04013400,33.03890300 133.04022000,33.03872800 133.04036200,33.03857600 133.04048600,33.03846400 133.04056200,33.03825700 133.04056200,33.03803400 133.04060000,33.03783500 133.04067600,33.03772300 133.04081900,33.03766000 133.04107500,33.03770700 133.04126600,33.03781100 133.04147500,33.03785900 133.04181700,33.03791500 133.04199800,33.03805000 133.04218800,33.03826500 133.04260600,33.03845700 133.04286300,33.03868000 133.04310000,33.03891900 133.04337600,33.03889500 133.04363300,33.03896700 133.04406100,33.03940500 133.04473600,33.03952400 133.04550600,33.03942900 133.04723600,33.03908600 133.04830200,33.03866900 133.04895800,33.03839400 133.04958500,33.03823800 133.05061200,33.03822600 133.05211000,33.03845400 133.05280800,33.03866900 133.05337900,33.03911100 133.05402000,33.03975700 133.05486200,33.04049800 133.05533200,33.04080900 133.05550900,33.04085600 133.05642300,33.03999000 133.05669500,33.03975200 133.05685900,33.03967500 133.05723400,33.03961600 133.05791000,33.03963300 133.05816000,33.03970500 133.05837900,33.03969400 133.05868300,33.03961600 133.05894500,33.03950200 133.05908700,33.03945000 133.05924500,33.03932300 133.05963800,33.03914500 133.05974800,33.03908800 133.05975900,33.03871700 133.05973000,33.03840600 133.05994400,33.03809500 133.05997200,33.03779600 133.05997200,33.03756900 133.05975900,33.03727000 133.05971600,33.03713800 133.05977300,33.03697100 133.06015800,33.03710300 133.06048600,33.03723400 133.06074300,33.03733000 133.06111300,33.03753300 133.06127000,33.03754500 133.06161200,33.03725800 133.06182600,33.03725800 133.06212600,33.03742500 133.06252500,33.03767600 133.06322400,33.03799900 133.06376600,33.03817900 133.06405100,33.03829800 133.06482100,33.03838200 133.06539200,33.03834600 133.06730200,33.03808300 133.06789000,33.03804900 133.06818900,33.03819300 133.06890300,33.03837200 133.06938700,33.03887400 133.06973000,33.04052400 133.06970100,33.04062000 133.06954400,33.04080100 133.06914100,33.04117800 133.06938400,33.04137800 133.06952200,33.04132600 133.06985500,33.04117400 133.07016500,33.04103300 133.07017100,33.04099700 133.07029500,33.04089100 133.07068500,33.04094300 133.07105600,33.04070300 133.07132700,33.04066800 133.07164100,33.04070300 133.07198300,33.04075100 133.07222500,33.03873100 133.07209700,33.03832400 133.07209700,33.03816900 133.07255300,33.03802200 133.07286700,33.03774100 133.07345900,33.03717900 133.07432200,33.03618100 133.07474200,33.03568400 133.07484200,33.03564300 133.07554100,33.03547500 133.07584800,33.03536800 133.07622700,33.03507800 133.07622700,33.03493800 133.07612000,33.03477900 133.07627400,33.03446000 133.07664300,33.03399200 133.07677300,33.03384300 133.07680900,33.03350400 133.07694000,33.03325500 133.07792600,33.03295600 133.07911400,33.03258700 133.07941200,33.03250700 133.07974400,33.03229800 133.08016000,33.03192000 133.08032700,33.03169100 133.08043400,33.03124200 133.08050700,33.03039900 133.08061400,33.02982200 133.08078000,33.02945300 133.08095900,33.02916400 133.08097100,33.02867600 133.08101800,33.02847600 133.08119600,33.02821700 133.08132700,33.02791900 133.08152900,33.02772900 133.08174300,33.02760000 133.08220700,33.02723100 133.08244400,33.02710200 133.08339500,33.02676300 133.08371600,33.02646400 133.08485700,33.02600500 133.08498700,33.02585600 133.08515400,33.02579600 133.08536800,33.02595600 133.08585500,33.02618500 133.08611600,33.02642400 133.08636600,33.02672300 133.08690100,33.02695200 133.08760900,33.02697200 133.09012800,33.02637400 133.09044900,33.02610500 133.09065100,33.02586600 133.09106700,33.02537800 133.09114700,33.02504900 133.09140800,33.02483000 133.09175300,33.02461100 133.09219200,33.02442200 133.09265600,33.02420200 133.09317900,33.02418300 133.09352300,33.02420200 133.09372500,33.02411300 133.09398700,33.02393300 133.09429600,33.02396300 133.09448600,33.02399300 133.09471200,33.02397300 133.09503300,33.02427200 133.09562700,33.02461100 133.09610200,33.02491000 133.09648200,33.02526900 133.09668400,33.02556800 133.09679100,33.02599600 133.09670800,33.02630500 133.09654200,33.02666400 133.09645900,33.02683300 133.09637600,33.02755000 133.09634000,33.02794900 133.09634000,33.02819800 133.09654200,33.02864600 133.09682700,33.02883600 133.09642300,33.02969600 133.09593600,33.03009500 133.09561500,33.03048400 133.09505600,33.03096200 133.09380900,33.03099200 133.09311900,33.03155000 133.09319100,33.03194800 133.09332100,33.03235700 133.09332100,33.03262600
			</coordinates>
		</LineString>
	</Placemark>
	<Placemark>
		<name>SHIKOKU_KCH_19</name>
		<description>田野浦・下田へのみち</description>
		<styleUrl>#lineStyle0</styleUrl>
		<LineString>
			<coordinates> 132.98769700,32.94262500 132.98821100,32.94240500 132.98890300,32.94230000 132.99202800,32.94315000 132.99391600,32.94237400 132.99364100,32.94184000 132.99255600,32.94099800 132.99192700,32.94005500 132.99188500,32.93985600 132.99339800,32.93887000 132.99377500,32.93817000 132.99394600,32.93783500 132.99434600,32.93775100 132.99494500,32.93936700 132.99530100,32.94042000 132.99567000,32.94157000 132.99602500,32.94222600 132.99689600,32.94312500 132.99675300,32.94318200 132.99582500,32.94333900 132.99452600,32.94333900 132.99329800,32.94342500 132.99231300,32.94351000 132.99187000,32.94353900 132.99128500,32.94341000 132.99074300,32.94321100 132.99005700,32.94331100 132.98948600,32.94306800 132.98910100,32.94303900 132.98837300,32.94303900 132.98761600,32.94336800 132.98723000,32.94352500 132.98691700,32.94401200 132.98747200,32.94417800 132.98929700,32.94405800 132.98985300,32.94457300 132.99021000,32.94498000 132.99048100,32.94545300 132.99043800,32.94569300 132.99043800,32.94602800 132.99046700,32.94632700 132.99052400,32.94662600 132.99050900,32.94679400 132.99015300,32.94747600 132.99003900,32.94795500 132.98995300,32.94830200 132.99028100,32.94846900 132.99070900,32.94939100 132.99072300,32.94965400 132.99066600,32.95009700 132.99085200,32.95034800 132.99082300,32.95098200 132.99072300,32.95240600 132.99052400,32.95302900 132.99061200,32.95339800 132.99059800,32.95394800 132.99064100,32.95441500 132.99067000,32.95526400 132.99101200,32.95595800 132.99109700,32.95634100 132.99092600,32.95660400 132.99104000,32.95688000 132.99128300,32.95708300 132.99145400,32.95713100 132.99178200,32.95714300 132.99221000,32.95751400 132.99306500,32.95733400 132.99345000,32.95781300 132.99345000,32.95826800 132.99343600,32.95851900 132.99350700,32.95871000 132.99353600,32.95950000 132.99372100,32.95999100 132.99373600,32.96030200 132.99359300,32.96058900 132.99357200,32.96098700 132.99402800,32.96205200 132.99437000,32.96226800 132.99449900,32.96279400 132.99445600,32.96303400 132.99424200,32.96363200 132.99411400,32.96402700 132.99398500,32.96475600 132.99445600,32.96519900 132.99468400,32.96536700 132.99536800,32.96545000 132.99596700,32.96615600 132.99648100,32.96603700 132.99699400,32.96577400 132.99727900,32.96578500 132.99742200,32.96601300 132.99736500,32.96720900 132.99710800,32.96790600 132.99725100,32.96812100 132.99732200,32.96825300 132.99729400,32.96845600 132.99720800,32.96857600 132.99683700,32.96869500 132.99652400,32.96877900 132.99639500,32.96889900 132.99621000,32.96938900 132.99619600,32.96973600 132.99638100,32.97014300 132.99636400,32.97060600 132.99631600,32.97095500 132.99620900,32.97126400 132.99632800,32.97152300 132.99663700,32.97167300 132.99710100,32.97194200 132.99742200,32.97224100 132.99750500,32.97261000 132.99756400,32.97309900 132.99780200,32.97337800 132.99813500,32.97392600 132.99836000,32.97447400 132.99824200,32.97520200 132.99839600,32.97603000 132.99852700,32.97691900 132.99856200,32.97801600 132.99833700,32.97833500 132.99804000,32.97857400 132.99720800,32.97904200 132.99642300,32.97962100 132.99582900,32.98005900 132.99568700,32.98050800 132.99560300,32.98084700 132.99567500,32.98107600 132.99594800,32.98120600 132.99643500,32.98123600 132.99691100,32.98143500 132.99719600,32.98168400 132.99775400,32.98225200 132.99807800,32.98260300 132.99819800,32.98276700 132.99819800,32.98302200 132.99797900,32.98341300 132.99789400,32.98385900 132.99791300,32.98425000 132.99823600,32.98471300 132.99831200,32.98506400 132.99823200,32.98559600 132.99789100,32.98569400 132.99736300,32.98586500 132.99713400,32.98598000 132.99683400,32.98617900 132.99619200,32.98670800 132.99592100,32.98689300 132.99545000,32.98712200 132.99535000,32.98739300 132.99522100,32.98800700 132.99525000,32.98816400 132.99519300,32.98832100 132.99543500,32.98882100 132.99602100,32.98962000 132.99676300,32.98982000 132.99849000,32.99146200 132.99936100,32.99224700 132.99981800,32.99239000 133.00038900,32.99230400 133.00045300,32.99266500 133.00054800,32.99315100 133.00051000,32.99325500 133.00063400,32.99336600 133.00116600,32.99346200 133.00134100,32.99345700 133.00166200,32.99344500 133.00203100,32.99343300 133.00265000,32.99344500 133.00326800,32.99344500 133.00349500,32.99354000 133.00394700,32.99394400 133.00416100,32.99423000 133.00457700,32.99452700 133.00489800,32.99463400 133.00541000,32.99533600 133.00543400,32.99550300 133.00529100,32.99574100 133.00533900,32.99599100 133.00541000,32.99611000 133.00549300,32.99634800 133.00460100,32.99699100 133.00472000,32.99714000 133.00501700,32.99741900 133.00531400,32.99771800 133.00544500,32.99797700 133.00550400,32.99860500 133.00506400,32.99898400 133.00466000,32.99898400 133.00458900,32.99905400 133.00456500,32.99924300 133.00432700,32.99972200 133.00444600,33.00003100 133.00439900,33.00053900 133.00432700,33.00102700 133.00428000,33.00137600 133.00441100,33.00178500 133.00469600,33.00215300 133.00511200,33.00236300 133.00543300,33.00244200 133.00569400,33.00262200 133.00584900,33.00287100 133.00586000,33.00306000 133.00578900,33.00335900 133.00574200,33.00358900 133.00581300,33.00385200 133.00587200,33.00397100 133.00628800,33.00478900 133.00667500,33.00553700 133.00691200,33.00598500 133.00681800,33.00630300 133.00649500,33.00711600 133.00626700,33.00765800 133.00611500,33.00791400 133.00592500,33.00805700 133.00510700,33.00823200 133.00385200,33.00844000 133.00352900,33.00866300 133.00307300,33.00909400 133.00225500,33.00928500 133.00170400,33.00947600 133.00107600,33.00981100 133.00085500,33.00998200
			</coordinates>
		</LineString>
	</Placemark>
	<Placemark>
		<name>SHIKOKU_KCH_20</name>
		<description>四万十川から布浦へのみち</description>
		<styleUrl>#lineStyle0</styleUrl>
		<LineString>
			<coordinates> 132.98632400,32.86814800 132.98684700,32.86846700 132.98703700,32.86826800 132.98723900,32.86804800 132.98756000,32.86756900 132.98773800,32.86740900 132.98791600,32.86724000 132.98815400,32.86711000 132.98846300,32.86705000 132.98864100,32.86709000 132.98874800,32.86722000 132.98881900,32.86758900 132.98893800,32.86785800 132.98909300,32.86805800 132.98917600,32.86809800 132.98929500,32.86806800 132.98930700,32.86795800 132.98920000,32.86744900 132.98929500,32.86722000 132.98952100,32.86694000 132.98975800,32.86684000 132.98996000,32.86680000 132.99017400,32.86658100 132.99030500,32.86645100 132.99047100,32.86645100 132.99079900,32.86661800 132.99150400,32.86605100 132.99204900,32.86546100 132.99210400,32.86503700 132.99232200,32.86439000 132.99245300,32.86417600 132.99283400,32.86362800 132.99300100,32.86346200 132.99322700,32.86343800 132.99371000,32.86499200 132.99321500,32.86342600 132.99297700,32.86345000 132.99282200,32.86361700 132.99245300,32.86417600 132.99232200,32.86435400 132.99210800,32.86500900 132.99203700,32.86544900 132.99150200,32.86605500 132.99077000,32.86660300 132.99085200,32.86767900 132.99085200,32.86856700 132.99063800,32.86886700 132.99062600,32.86908600 132.99075600,32.86947500 132.99145800,32.86993500 132.99185000,32.87019400 132.99207600,32.87021400 132.99223000,32.87018400 132.99236100,32.87021400 132.99301400,32.87065300 132.99338300,32.87089300 132.99364400,32.87108200 132.99373900,32.87130200 132.99373900,32.87154200 132.99376300,32.87175100 132.99382300,32.87194100 132.99395300,32.87203100 132.99414300,32.87204100 132.99442900,32.87193100 132.99464400,32.87182800 132.99488200,32.87178000 132.99514800,32.87178000 132.99547100,32.87190000 132.99595600,32.87238700 132.99656500,32.87304900 132.99701100,32.87356000 132.99711600,32.87374400 132.99733500,32.87412600 132.99763900,32.87445300 132.99781000,32.87465300 132.99785800,32.87477300 132.99782000,32.87488400 132.99755300,32.87505200 132.99728700,32.87522800 132.99725900,32.87534700 132.99727800,32.87545900 132.99742000,32.87553100 132.99767400,32.87559000 132.99790200,32.87571600 132.99824400,32.87602700 132.99855800,32.87642300 132.99863600,32.87672800 132.99861500,32.87691400 132.99840100,32.87709300 132.99834400,32.87723100 132.99841500,32.87739900 132.99891400,32.87769200 132.99904300,32.87768000 132.99922800,32.87759000 132.99951300,32.87754800 132.99969900,32.87755400 132.99992700,32.87762600 133.00009100,32.87773400 133.00055400,32.87821300 133.00073300,32.87843500 133.00082500,32.87866800 133.00081800,32.87892700 133.00065400,32.87917200 133.00044700,32.87938800 133.00023300,32.87949000 132.99999800,32.87958000 132.99987700,32.87970500 132.99988400,32.87985500 133.00003400,32.87993300 133.00045400,32.87995100 133.00073300,32.87987300 133.00100300,32.87972300 133.00114600,32.87968700 133.00133500,32.87969900 133.00157700,32.87978300 133.00185600,32.87995700 133.00193400,32.88011300 133.00188200,32.88038200 133.00175800,32.88064800 133.00155800,32.88081000 133.00136800,32.88096300 133.00084400,32.88114300 133.00072000,32.88135300 133.00068200,32.88152400 133.00073000,32.88185700 133.00087300,32.88208600 133.00093900,32.88228500 133.00093900,32.88259000 133.00097700,32.88278000 133.00129100,32.88312300 133.00149100,32.88353200 133.00165300,32.88374200 133.00203400,32.88395100 133.00226200,32.88414100 133.00233800,32.88431300 133.00236700,32.88449400 133.00227200,32.88462700 133.00210000,32.88477900 133.00175800,32.88490300 133.00118700,32.88516900 133.00102500,32.88536900 133.00104400,32.88553100 133.00132000,32.88595900 133.00128200,32.88644500 133.00121500,32.88674000 133.00066300,32.88682600 133.00049200,32.88694000 133.00023100,32.88735200 133.00015900,32.88739700 132.99925500,32.88740600 132.99897900,32.88754900 132.99891200,32.88773900 132.99877900,32.88810100 132.99888300,32.88819600 132.99908300,32.88817700 132.99931200,32.88791100 132.99959700,32.88792000 132.99965400,32.88800600 132.99965400,32.88837700 132.99976900,32.88858400 132.99994900,32.88872900 133.00005400,32.88880500 133.00001600,32.88886200 132.99957800,32.88896500 132.99946700,32.88908100 132.99940000,32.88922600 132.99944700,32.88945200 132.99953100,32.88961900 132.99992300,32.88975000 132.99994700,32.88990500 132.99962600,32.89061800 132.99962600,32.89089200 132.99968500,32.89113000 133.00005400,32.89128500 133.00023300,32.89142700 133.00043500,32.89164200 133.00068500,32.89237900 133.00085100,32.89249800 133.00078000,32.89267700 133.00079200,32.89281900 133.00094600,32.89296200 133.00113700,32.89291500 133.00157700,32.89316400 133.00193400,32.89322400 133.00221900,32.89341400 133.00286200,32.89341400 133.00356400,32.89345000 133.00401600,32.89324800 133.00434900,32.89330700 133.00467000,32.89339000 133.00481300,32.89358100 133.00493000,32.89382500 133.00484700,32.89395400 133.00439500,32.89448300 133.00405000,32.89482200 133.00375300,32.89507200 133.00361100,32.89509200 133.00338500,32.89510200 133.00314700,32.89498200 133.00290900,32.89484200 133.00274300,32.89474300 133.00242200,32.89464300 133.00216100,32.89456300 133.00188700,32.89444300 133.00165000,32.89435400 133.00143600,32.89430400 133.00119800,32.89432400 133.00079400,32.89439300 133.00047300,32.89449300 133.00040200,32.89456300 133.00047300,32.89539100 133.00107900,32.89529100 133.00141200,32.89528200 133.00167400,32.89538100 133.00193500,32.89556100 133.00224400,32.89591000 133.00233900,32.89614000 133.00237500,32.89636900 133.00245800,32.89662900 133.00260100,32.89672800 133.00283800,32.89683800 133.00320700,32.89685800 133.00343200,32.89683800 133.00361100,32.89681800 133.00394300,32.89683800 133.00419300,32.89692800 133.00458500,32.89696800 133.00496500,32.89689800 133.00513200,32.89689800 133.00528600,32.89689800 133.00545300,32.89699800 133.00552400,32.89714700 133.00552400,32.89733900 133.00541700,32.89757900 133.00529800,32.89774800 133.00522700,32.89780800 133.00496500,32.89792800 133.00477500,32.89804800 133.00452600,32.89826700 133.00439500,32.89847700 133.00421700,32.89880600 133.00411000,32.89894600 133.00395500,32.89909500 133.00389600,32.89929500 133.00397900,32.89969400 133.00403800,32.90001300 133.00416900,32.90015300 133.00437100,32.90031300 133.00464300,32.90055600 133.00473800,32.90075500 133.00484200,32.90101100 133.00487100,32.90133800 133.00481400,32.90159300 133.00477600,32.90191300 133.00482300,32.90222400 133.00497600,32.90253500 133.00523200,32.90295000 133.00537500,32.90323000 133.00547900,32.90357300 133.00550800,32.90388400 133.00552700,32.90434700 133.00544100,32.90457700 133.00518500,32.90472100 133.00493800,32.90484000 133.00475700,32.90509600 133.00475700,32.90547900 133.00489000,32.90574200 133.00529900,32.90612500 133.00569800,32.90649300 133.00591700,32.90675600 133.00597400,32.90701100 133.00598300,32.90717900 133.00588800,32.90744200 133.00563200,32.90780200 133.00555500,32.90798500 133.00557400,32.90811300 133.00571700,32.90820900 133.00610700,32.90835200 133.00624000,32.90847200 133.00640200,32.90872700 133.00641100,32.90894800 133.00626900,32.90918700 133.00587900,32.90953000 133.00540300,32.91001700 133.00522300,32.91028900 133.00519400,32.91046400 133.00528000,32.91062400 133.00547000,32.91081500 133.00568900,32.91088700 133.00590700,32.91086300 133.00633500,32.91072800 133.00648700,32.91073600 133.00660100,32.91076000 133.00663900,32.91087100 133.00663900,32.91099900 133.00641100,32.91111900 133.00616400,32.91127000 133.00605000,32.91135800 133.00598300,32.91148600 133.00597400,32.91163800 133.00599300,32.91180500 133.00610700,32.91192500 133.00642100,32.91207700 133.00662000,32.91216400 133.00663000,32.91226800 133.00658200,32.91240400 133.00606900,32.91278700 133.00567900,32.91286700 133.00545100,32.91294600 133.00531800,32.91307400 133.00517500,32.91337000 133.00510900,32.91360900 133.00510900,32.91376900 133.00520400,32.91401600 133.00544100,32.91449500 133.00544100,32.91467700 133.00537500,32.91480500 133.00524200,32.91490000 133.00478500,32.91490800 133.00430100,32.91501200 133.00408200,32.91496400 133.00389200,32.91490800 133.00366400,32.91491600 133.00355900,32.91497200 133.00348300,32.91503600 133.00344500,32.91517200 133.00345400,32.91527500 133.00369200,32.91546700 133.00393900,32.91565000 133.00403400,32.91577800 133.00407200,32.91589800 133.00396800,32.91607300 133.00372100,32.91629700 133.00320700,32.91657600 133.00295000,32.91679200 133.00254200,32.91698300 133.00184800,32.91754200 133.00125800,32.91763800 133.00084000,32.91799700 133.00045900,32.91811600 133.00028100,32.91823500 132.99994800,32.91868400 132.99969800,32.91887400 132.99938900,32.91905300 132.99885500,32.91905300 132.99866500,32.91908300 132.99852200,32.91918300 132.99849800,32.91929300 132.99859300,32.91942200 132.99880700,32.91957200 132.99934200,32.91973200 132.99961500,32.91981100 133.00016200,32.92014100 133.00067300,32.92038000 133.00083900,32.92051000 133.00086300,32.92064900 133.00085100,32.92082900 133.00055400,32.92114800 133.00035200,32.92140800 133.00010200,32.92168700 132.99965100,32.92180700 132.99886700,32.92191600 132.99843900,32.92194600 132.99827200,32.92196600 132.99766600,32.92237500 132.99750000,32.92247500 132.99713200,32.92259500 132.99676300,32.92271400 132.99663200,32.92283400 132.99652500,32.92305400 132.99650200,32.92384200 132.99645400,32.92493700 132.99649000,32.92506700 132.99684600,32.92568500 132.99706000,32.92601400 132.99703600,32.92625400 132.99692900,32.92637300 132.99669200,32.92646300 132.99633500,32.92653300 132.99616900,32.92654300 132.99589600,32.92664300 132.99571700,32.92677200 132.99509900,32.92705200 132.99486200,32.92715100 132.99462400,32.92730100 132.99420800,32.92750000 132.99400600,32.92756000 132.99373300,32.92784000 132.99353100,32.92801900 132.99337600,32.92811900 132.99309100,32.92818900 132.99279400,32.92833900 132.99264200,32.92858600 132.99222300,32.92895300 132.99149100,32.92918500 132.99082600,32.92950400 132.99015100,32.92968800 132.98975200,32.92995900 132.98946600,32.93015000 132.98894300,32.93023000 132.98845900,32.93031800 132.98805900,32.93054100 132.98782200,32.93078900 132.98767900,32.93098000 132.98760300,32.93122000 132.98754600,32.93149100 132.98760300,32.93172200 132.98766000,32.93193800 132.98770800,32.93203400 132.98800200,32.93210500 132.98833500,32.93217700
			</coordinates>
		</LineString>
	</Placemark>
	<Placemark>
		<name>SHIKOKU_KCH_21</name>
		<description>鯨の見えるみち</description>
		<styleUrl>#lineStyle0</styleUrl>
		<LineString>
			<coordinates> 132.99830600,32.78632200 132.99810400,32.78626200 132.99761700,32.78621200 132.99741500,32.78625200 132.99717700,32.78642200 132.99694000,32.78672100 132.99613200,32.78696100 132.99585800,32.78712100 132.99563200,32.78734100 132.99534700,32.78781000 132.99487300,32.78886600 132.99441600,32.78978900 132.99421700,32.79002900 132.99388900,32.79018500 132.99250500,32.79050800 132.99122200,32.79034000 132.99090800,32.79032800 132.99052300,32.79053200 132.99002400,32.79082000 132.98955300,32.79080800 132.98935400,32.79090400 132.98912500,32.79115600 132.98892600,32.79137100 132.98839800,32.79144300 132.98767100,32.79157500 132.98711500,32.79183900 132.98647300,32.79209100 132.98576000,32.79237800 132.98524600,32.79233000 132.98459100,32.79229400 132.98403400,32.79235400 132.98345000,32.79246200 132.98270600,32.79266700 132.98044500,32.79330800 132.97977500,32.79348200 132.97951800,32.79343400 132.97929700,32.79327800 132.97893400,32.79278700 132.97858400,32.79243900 132.97835600,32.79243900 132.97814900,32.79250500 132.97800000,32.79262500 132.97795000,32.79270900 132.97799300,32.79281100 132.97806400,32.79284700 132.97816400,32.79284700 132.97828500,32.79282300 132.97842700,32.79283500 132.97851300,32.79291200 132.97857000,32.79303200 132.97857000,32.79312800 132.97833500,32.79328400 132.97806200,32.79336800 132.97792000,32.79336800 132.97760600,32.79336000 132.97747300,32.79340000 132.97745400,32.79348000 132.97756800,32.79350400 132.97777700,32.79354400 132.97798600,32.79360800 132.97809100,32.79368800 132.97825200,32.79369600 132.97837600,32.79373600 132.97842400,32.79378400 132.97841400,32.79387200 132.97798600,32.79461500 132.97782500,32.79479900 132.97766300,32.79483900 132.97732100,32.79480700 132.97706400,32.79483100 132.97695000,32.79492600 132.97688300,32.79502200 132.97681700,32.79520600 132.97508600,32.79614900 132.97471600,32.79597300 132.97452600,32.79599700 132.97423100,32.79588500 132.97407900,32.79589300 132.97357500,32.79569400 132.97358400,32.79557400 132.97368900,32.79538200 132.97368900,32.79511800 132.97379400,32.79493400 132.97379400,32.79479100 132.97375500,32.79467100 132.97360300,32.79454300 132.97347000,32.79439100 132.97335600,32.79434300 132.97321400,32.79435100 132.97312800,32.79445500 132.97307100,32.79466300 132.97309900,32.79479100 132.97326100,32.79494200 132.97326100,32.79513400 132.97316600,32.79524600 132.97296600,32.79530200 132.97271900,32.79533400 132.97249300,32.79524000 132.97222700,32.79490400 132.97203700,32.79474400 132.97159900,32.79476000 132.97137100,32.79461600 132.97095300,32.79421700 132.97072500,32.79415300 132.97045800,32.79420100 132.97045800,32.79431300 132.97055300,32.79448900 132.97068700,32.79455200 132.97082000,32.79468000 132.97082000,32.79490400 132.97093400,32.79509600 132.97108600,32.79532000 132.97137100,32.79544800 132.97154200,32.79552700 132.97188400,32.79568700 132.97199900,32.79583100 132.97180800,32.79615100 132.97135200,32.79640700 132.97080100,32.79661400 132.97043900,32.79669400 132.97004000,32.79663000 132.96979300,32.79664600 132.96943200,32.79671000 132.96903200,32.79664600 132.96861400,32.79656600 132.96834800,32.79608700 132.96766300,32.79570300 132.96713100,32.79555900 132.96694100,32.79522400 132.96657900,32.79503200 132.96619900,32.79493600 132.96587600,32.79509600 132.96555300,32.79535200 132.96547700,32.79560700 132.96538200,32.79602300 132.96528600,32.79627900 132.96502000,32.79635900 132.96477300,32.79635900 132.96460200,32.79618300 132.96458300,32.79595900 132.96483000,32.79551100 132.96488700,32.79533600 132.96486800,32.79516000 132.96473500,32.79516000 132.96448800,32.79535200 132.96393600,32.79610300 132.96433600,32.79747700 132.96435500,32.79803700 132.96426000,32.79824500 132.96403200,32.79843600 132.96399300,32.79882000 132.96380300,32.79928400 132.96348000,32.79961900 132.96178800,32.79997100 132.96024800,32.80072200 132.95939200,32.80120100 132.95893600,32.80224000 132.95927800,32.80354800 132.95925900,32.80381900 132.95876500,32.80401100 132.95760500,32.80436300 132.95659700,32.80505000 132.95608400,32.80541800 132.95583600,32.80541800 132.95500000,32.80795900 132.95467600,32.80899700 132.95429600,32.80990800 132.95409900,32.81061300 132.95371400,32.81154800 132.95350000,32.81163300 132.95320700,32.81170500 132.95295700,32.81211900 132.95270700,32.81259000 132.95239300,32.81270400 132.95211500,32.81271100 132.95173600,32.81281800 132.95156500,32.81277600 132.95141500,32.81260400 132.95123000,32.81259700 132.95105800,32.81271100 132.95092300,32.81272600 132.95084400,32.81264700 132.95078000,32.81248300 132.95051600,32.81226900 132.95008000,32.81209000 132.94958100,32.81204000 132.94945000,32.81210700 132.94935200,32.81233300 132.94943800,32.81257600 132.94937400,32.81267800 132.94888100,32.81253700 132.94727000,32.81497700 132.94709100,32.81551900 132.94585100,32.82005000 132.94482400,32.82350600 132.94488100,32.82379400 132.94506600,32.82405700 132.94549400,32.82427300 132.94622100,32.82458500 132.94769000,32.82495600 132.94863100,32.82517200 132.94887400,32.82528000 132.94940100,32.82578300 132.95004100,32.82598900 132.95064200,32.82609900
			</coordinates>
		</LineString>
	</Placemark>
	<Placemark>
		<name>SHIKOKU_KCH_22</name>
		<description>椿とビローのみち</description>
		<styleUrl>#lineStyle0</styleUrl>
		<LineString>
			<coordinates> 133.02018400,32.72400300 133.02018400,32.72413500 133.02017000,32.72429100 133.02004200,32.72463900 133.01997000,32.72495100 133.02002800,32.72509500 133.02002800,32.72531100 133.01999900,32.72556300 133.02032700,32.72576700 133.02022700,32.72595900 133.01998500,32.72635500 133.01984200,32.72661900 133.01989900,32.72684700 133.01999900,32.72703900 133.02018400,32.72709900 133.02038200,32.72715500 133.01999900,32.72736300 133.01958500,32.72757800 133.02008500,32.72814400 133.02027500,32.72842400 133.02038900,32.72879200 133.02042700,32.72930300 133.02037900,32.72964200 133.02001800,32.73049000 133.01984700,32.73063400 133.01941000,32.73077800 133.01884900,32.73095400 133.01867700,32.73111400 133.01860100,32.73124200 133.01852700,32.73137100 133.01836600,32.73206600 133.01832800,32.73247500 133.01822300,32.73269400 133.01792600,32.73322500 133.01786900,32.73358000 133.01776500,32.73391600 133.01760300,32.73415600 133.01725100,32.73450800 133.01690000,32.73499600 133.01679500,32.73542800 133.01648100,32.73692300 133.01633900,32.73783500 133.01613000,32.73817100 133.01591100,32.73879600 133.01577800,32.73921200 133.01563500,32.73946800 133.01544500,32.74014800 133.01530200,32.74067500 133.01525500,32.74088300 133.01532100,32.74136300 133.01537800,32.74197900 133.01540700,32.74230700 133.01533100,32.74245900 133.01516900,32.74255500 133.01498900,32.74255500 133.01487500,32.74258700 133.01484600,32.74269100 133.01486500,32.74280300 133.01499800,32.74289900 133.01510300,32.74292300 133.01519800,32.74305700 133.01535000,32.74322500 133.01535000,32.74343300 133.01521700,32.74416000 133.01515000,32.74452800 133.01490300,32.74489600 133.01478000,32.74520800 133.01478000,32.74541600 133.01483800,32.74574700 133.01485600,32.74603200 133.01486200,32.74618700 133.01479600,32.74634700 133.01471591,32.74641829 133.01460760,32.74638595 133.01454900,32.74664700 133.01433100,32.74665800 133.01418700,32.74674800 133.01415900,32.74688200 133.01416800,32.74695200 133.01421600,32.74710400 133.01420600,32.74725400 133.01412000,32.74744000 133.01411700,32.74756800 133.01397800,32.74780400 133.01399800,32.74793300 133.01387100,32.74807200 133.01377538,32.74821809 133.01387100,32.74807200 133.01399800,32.74793300 133.01397800,32.74780400 133.01411700,32.74756800 133.01412000,32.74744000 133.01420600,32.74725400 133.01421600,32.74710400 133.01416800,32.74695200 133.01418700,32.74674800 133.01433100,32.74665800 133.01454900,32.74664700 133.01465802,32.74646229 133.01474689,32.74646346 133.01481500,32.74643800 133.01504400,32.74622900 133.01527200,32.74618100 133.01540600,32.74626700 133.01507200,32.74673300 133.01481500,32.74725700 133.01462500,32.74744700 133.01455800,32.74774200 133.01435900,32.74787500 133.01401400,32.74812000 133.01390200,32.74819900 133.01378183,32.74821537 133.01353400,32.74844500 133.01319200,32.74894900 133.01298300,32.74942000 133.01293500,32.74984400 133.01284000,32.75041200 133.01274800,32.75121600 133.01315200,32.75121600 133.01367500,32.75121600 133.01391300,32.75143600 133.01391300,32.75189600 133.01393700,32.75231600 133.01374600,32.75247600 133.01362800,32.75273600 133.01369900,32.75293600 133.01386500,32.75315500 133.01391300,32.75341500 133.01379400,32.75397500 133.01341400,32.75413500 133.01284300,32.75407500 133.01255800,32.75395500 133.01208500,32.75391600 133.01140700,32.75385600 133.01111000,32.75394600 133.01097900,32.75415600 133.01103900,32.75435600 133.01117000,32.75460600 133.01124100,32.75480600 133.01115800,32.75503600 133.01082500,32.75534500 133.01068200,32.75550500 133.01068200,32.75573500 133.01084900,32.75592500 133.01117000,32.75622500 133.01144300,32.75662500 133.01163300,32.75714400 133.01179900,32.75758600 133.01179900,32.75797600 133.01172800,32.75838600 133.01152600,32.75904500 133.01139500,32.75939500 133.01139500,32.75961500 133.01144300,32.75989500 133.01169200,32.76082400 133.01182300,32.76146400 133.01171600,32.76180300 133.01130000,32.76228300 133.01086900,32.76264500 133.01049900,32.76288400 133.01035600,32.76286000 133.01018500,32.76260900 133.01001400,32.76242900 133.00982800,32.76242900 133.00971400,32.76251300 133.00974300,32.76265700 133.00988500,32.76271700 133.00994200,32.76284800 133.01014200,32.76329200 133.01049900,32.76353200 133.01072700,32.76362800 133.01071300,32.76382000 133.01000000,32.76483900 133.00961400,32.76515100 133.00952900,32.76529500 133.00922900,32.76536700 133.00881600,32.76534300 133.00855900,32.76540300 133.00851600,32.76558300 133.00833100,32.76591800 133.00803200,32.76621800 133.00754700,32.76645800 133.00734700,32.76645800 133.00706200,32.76642200 133.00653400,32.76673400 133.00642000,32.76695000 133.00650600,32.76704600 133.00662000,32.76722600 133.00667700,32.76738100 133.00657700,32.76747700 133.00616300,32.76810600 133.00600700,32.76839300 133.00596400,32.76877700 133.00602100,32.76907700 133.00612100,32.76919700 133.00624900,32.76932900 133.00644900,32.76942500 133.00646300,32.76961700 133.00616300,32.77001200 133.00604900,32.77022800 133.00614900,32.77048000 133.00626300,32.77062400 133.00667700,32.77121100 133.00719000,32.77183500 133.00754300,32.77243200 133.00758600,32.77275600 133.00742900,32.77316400 133.00720100,32.77350000 133.00687300,32.77368000 133.00643100,32.77390700 133.00607400,32.77378700 133.00580300,32.77371600 133.00544700,32.77353600 133.00527600,32.77352400 133.00517600,32.77364400 133.00514700,32.77375100 133.00526100,32.77396700 133.00544700,32.77427900 133.00521900,32.77461500 133.00521900,32.77475900 133.00531800,32.77487900 133.00564600,32.77511800 133.00569400,32.77523400 133.00533700,32.77609400 133.00521900,32.77647300 133.00500500,32.77675300 133.00471900,32.77675300 133.00433900,32.77719300 133.00384000,32.77773200 133.00278500,32.77877800 133.00245700,32.77906600 133.00210000,32.77948600 133.00204300,32.77977400 133.00191500,32.77981000 133.00154400,32.77981000 133.00130200,32.77988200 133.00133000,32.78008500 133.00145900,32.78019300 133.00170100,32.78040900 133.00182900,32.78064900 133.00168700,32.78085300 133.00138700,32.78124800 133.00109900,32.78154900 133.00072900,32.78177700 133.00040100,32.78186100 133.00030100,32.78170500 133.00015800,32.78168100 133.00001600,32.78158500 132.99985900,32.78157300 132.99970200,32.78169300 132.99974500,32.78182500 132.99991600,32.78207700 133.00001600,32.78222100 132.99994400,32.78247200 132.99994400,32.78283200 133.00001600,32.78304800 133.00017200,32.78333600 133.00040100,32.78361100 133.00085700,32.78380300 133.00147000,32.78411500 133.00189800,32.78493000 133.00198400,32.78538600 133.00171300,32.78573300 133.00181200,32.78591300 133.00186900,32.78614100 133.00189800,32.78635700 133.00191200,32.78666900 133.00172700,32.78686000 133.00135600,32.78690800 133.00081400,32.78694400 133.00037200,32.78694400 132.99990100,32.78700400 132.99930200,32.78690800 132.99890300,32.78678800 132.99860400,32.78659700
			</coordinates>
		</LineString>
	</Placemark>
	<Placemark>
		<name>SHIKOKU_KCH_</name>
		<description>椿とビローのみち</description>
		<styleUrl>#lineStyle1</styleUrl>
		<LineString>
			<coordinates> 133.02038200,32.72715500 133.02061000,32.72700800 133.02087500,32.72691200
			</coordinates>
		</LineString>
	</Placemark>
	<Placemark>
		<name>SHIKOKU_KCH_</name>
		<description>椿とビローのみち</description>
		<styleUrl>#lineStyle1</styleUrl>
		<LineString>
			<coordinates> 133.02038200,32.72715500 133.02045600,32.72738000 133.02046000,32.72760300
			</coordinates>
		</LineString>
	</Placemark>
	<Placemark>
		<name>SHIKOKU_KCH_23</name>
		<description>足摺・臼碆へのみち</description>
		<styleUrl>#lineStyle0</styleUrl>
		<LineString>
			<coordinates> 133.02019900,32.72399700 133.02009900,32.72394900 133.01981400,32.72397300 133.01964300,32.72402100 133.01947200,32.72417700 133.01952900,32.72432100 133.01915800,32.72462100 133.01901600,32.72481200 133.01864500,32.72464400 133.01827400,32.72454900 133.01813100,32.72446500 133.01774600,32.72451300 133.01739000,32.72433300 133.01694800,32.72418900 133.01672000,32.72411700 133.01626300,32.72415300 133.01595000,32.72408100 133.01555000,32.72416500 133.01520800,32.72429700 133.01474600,32.72451200 133.01448200,32.72378700 133.01433500,32.72359100 133.01409700,32.72377100 133.01390700,32.72395100 133.01372200,32.72400700 133.01346500,32.72409900 133.01309900,32.72426700 133.01282800,32.72428700 133.01240000,32.72435100 133.01217700,32.72438300 133.01191500,32.72438700 133.01170100,32.72434700 133.01145900,32.72429900 133.01143000,32.72433900 133.01154900,32.72447100 133.01161600,32.72461100 133.01157800,32.72463900 133.01122100,32.72446300 133.01117400,32.72448700 133.01116900,32.72454700 133.01130200,32.72465900 133.01148300,32.72484700 133.01121600,32.72469900 133.01089000,32.72450000 133.01061300,32.72437100 133.01035600,32.72426700 133.01021500,32.72418400 133.01009600,32.72418000 133.01003300,32.72424300 133.00993800,32.72434700 133.00987100,32.72454700 133.00987100,32.72468300 133.00993800,32.72477100 133.01008100,32.72482700 133.01029900,32.72487500 133.01040400,32.72488300 133.01048000,32.72495500 133.01058400,32.72510700 133.01053700,32.72533100 133.01051800,32.72563500 133.01049200,32.72578600 133.00973500,32.72584800 133.00858200,32.72580800 133.00821400,32.72574800 133.00776200,32.72574800 133.00731100,32.72538800 133.00713200,32.72493800 133.00675200,32.72456800 133.00652600,32.72425800 133.00582500,32.72419800 133.00561100,32.72419800 133.00500500,32.72439800 133.00474400,32.72452800 133.00450600,32.72485800 133.00425600,32.72532800 133.00397100,32.72563800 133.00367400,32.72601800 133.00335300,32.72636700 133.00298500,32.72628700 133.00202200,32.72595800 133.00163500,32.72576100 133.00140700,32.72566500 133.00114100,32.72563300 133.00040000,32.72560100 132.99992400,32.72568100 132.99966000,32.72575300 132.99926700,32.72593300 132.99912500,32.72620300 132.99910100,32.72638300 132.99925600,32.72680300 132.99925600,32.72703300 132.99923200,32.72725300 132.99897000,32.72747300 132.99816200,32.72776300 132.99743700,32.72816300 132.99678400,32.72849300 132.99655800,32.72873200 132.99659400,32.72903200 132.99686700,32.72952200 132.99693800,32.72980200 132.99687900,32.73019200 132.99660500,32.73055200 132.99602300,32.73109200 132.99504700,32.73190800 132.99466700,32.73213100 132.99318400,32.73249900 132.99263200,32.73261100 132.99227200,32.73284900 132.99215800,32.73280100 132.99167300,32.73289700 132.99126000,32.73296900 132.99081100,32.73264200 132.99043000,32.73240400 132.99013200,32.73238600 132.98944200,32.73270700 132.98881800,32.73296300 132.98855000,32.73314200 132.98835400,32.73347500 132.98824700,32.73357600 132.98777700,32.73382600 132.98749700,32.73424800 132.98720600,32.73437300 132.98694400,32.73437300 132.98671200,32.73432500 132.98648600,32.73428400 132.98626600,32.73409900 132.98618800,32.73400400 132.98601600,32.73402200 132.98586700,32.73402800 132.98577800,32.73399200 132.98565900,32.73400400 132.98555800,32.73408800 132.98556400,32.73427200 132.98560500,32.73443900 132.98568300,32.73452200 132.98570100,32.73462900 132.98569500,32.73474200 132.98558200,32.73474800 132.98546300,32.73468200 132.98535600,32.73457500 132.98524900,32.73446800 132.98519500,32.73431400 132.98516500,32.73421800 132.98511200,32.73421200 132.98506400,32.73435500 132.98502800,32.73439100 132.98477300,32.73443300 132.98443400,32.73455200 132.98433000,32.73459000 132.98414400,32.73473200 132.98402600,32.73474700 132.98389200,32.73466100 132.98390700,32.73458500 132.98396800,32.73433700 132.98405400,32.73415700 132.98408300,32.73400900 132.98417800,32.73381900 132.98419700,32.73365700 132.98422100,32.73357600 132.98407300,32.73334300 132.98400600,32.73324300 132.98389200,32.73322400 132.98382100,32.73321900 132.98359700,32.73326200 132.98327800,32.73333800 132.98285500,32.73343300 132.98256900,32.73350000 132.98108300,32.73414300 132.98054200,32.73441800 132.98023500,32.73453500 132.97995000,32.73470700 132.97984500,32.73484900 132.97972100,32.73484900 132.97960700,32.73483000 132.97947400,32.73476400 132.97941700,32.73476400 132.97926100,32.73480500 132.97889600,32.73432700 132.97852100,32.73398200 132.97840200,32.73390500 132.97790200,32.73371300 132.97738900,32.73361700 132.97703200,32.73348500 132.97681900,32.73334100 132.97640500,32.73301700 132.97596300,32.73311300 132.97553500,32.73304100 132.97525000,32.73295700 132.97477900,32.73274100 132.97467900,32.73250200 132.97453700,32.73237000 132.97443700,32.73238200 132.97433700,32.73246600 132.97439400,32.73269300 132.97449400,32.73295700 132.97452300,32.73314900 132.97443700,32.73330500 132.97410900,32.73347300 132.97393800,32.73358100 132.97376700,32.73377300 132.97366700,32.73404900 132.97366700,32.73419300 132.97385200,32.73426500 132.97396600,32.73439700 132.97396600,32.73452900 132.97349600,32.73482900 132.97348200,32.73494900 132.97342500,32.73540500 132.97311100,32.73546500 132.97298200,32.73553700 132.97291100,32.73570400 132.97286800,32.73590800 132.97246900,32.73592000 132.97211300,32.73604000 132.97201300,32.73599200 132.97199800,32.73534500 132.97171300,32.73514100 132.97172700,32.73504500 132.97215500,32.73470900 132.97217000,32.73438500 132.97207000,32.73416900 132.97205500,32.73373700 132.97194100,32.73361700 132.97165600,32.73371300 132.97148500,32.73386900 132.97095700,32.73410900 132.97084300,32.73444500 132.97071500,32.73500900 132.97061500,32.73511700 132.97050100,32.73510500 132.97027300,32.73491300 132.96975900,32.73492500 132.96974500,32.73484100 132.97000200,32.73427700 132.97004500,32.73377300 132.96975900,32.73359300 132.96971700,32.73350900 132.96973100,32.73301700 132.96948900,32.73275300 132.96923200,32.73271700 132.96904600,32.73263300 132.96884700,32.73249000 132.96870400,32.73221400 132.96851900,32.73210600
			</coordinates>
		</LineString>
	</Placemark>
	<Placemark>
		<name>SHIKOKU_KCH_</name>
		<description>万次郎へのみち</description>
		<styleUrl>#lineStyle1</styleUrl>
		<LineString>
			<coordinates> 132.96720700,32.73204900 132.96712000,32.73194000 132.96694100,32.73198700 132.96688800,32.73219000 132.96687000,32.73245100 132.96672100,32.73258200 132.96643000,32.73249300 132.96601900,32.73228500 132.96568000,32.73196900
			</coordinates>
		</LineString>
	</Placemark>
	<Placemark>
		<name>SHIKOKU_KCH_</name>
		<description>万次郎へのみち</description>
		<styleUrl>#lineStyle1</styleUrl>
		<LineString>
			<coordinates> 132.96720700,32.73204900 132.96723700,32.73204200 132.96733500,32.73202200 132.96784900,32.73201000 132.96829100,32.73203400
			</coordinates>
		</LineString>
	</Placemark>
	<Placemark>
		<name>SHIKOKU_KCH_24</name>
		<description>万次郎へのみち</description>
		<styleUrl>#lineStyle0</styleUrl>
		<LineString>
			<coordinates> 132.94640400,32.78079100 132.94718800,32.78055100 132.94770200,32.78021600 132.94827900,32.78004500 132.94813100,32.77959100 132.94808300,32.77936600 132.94772100,32.77832700 132.94810100,32.77834700 132.94842200,32.77839200 132.94839800,32.77825700 132.94832400,32.77819900 132.94807700,32.77813500 132.94770600,32.77799900 132.94728800,32.77784700 132.94696500,32.77765500 132.94676500,32.77750300 132.94638500,32.77739900 132.94589000,32.77732000 132.94600400,32.77716000 132.94615700,32.77707200 132.94620400,32.77695200 132.94618500,32.77669600 132.94604300,32.77649600 132.94595700,32.77627200 132.94617600,32.77594500 132.94617600,32.77563300 132.94621400,32.77546500 132.94597600,32.77528100 132.94573800,32.77504900 132.94566200,32.77488300 132.94550100,32.77456300 132.94524400,32.77434000 132.94501600,32.77407600 132.94501600,32.77394000 132.94509200,32.77354000 132.94508200,32.77337200 132.94484500,32.77300500 132.94450200,32.77257300 132.94426500,32.77225300 132.94397900,32.77198900 132.94395100,32.77189300 132.94391300,32.77175000 132.94388400,32.77143800 132.94389400,32.77116600 132.94391300,32.77100600 132.94407500,32.77078200 132.94414100,32.77049400 132.94424800,32.77054900 132.94431900,32.77041900 132.94437900,32.77022900 132.94474700,32.77006000 132.94481800,32.76982000 132.94498500,32.76964000 132.94553100,32.76954000 132.94593500,32.76954000 132.94636300,32.76958000 132.94657700,32.76957000 132.94663700,32.76942000 132.94664800,32.76919000 132.94673200,32.76902000 132.94699300,32.76832100 132.94769400,32.76760100 132.94814600,32.76783100 132.94906100,32.76833100 132.94952400,32.76877100 132.94982100,32.76909000 132.95040400,32.76963000 132.95077200,32.77007000 132.95093900,32.77041900 132.95108600,32.77076900 132.95128600,32.77106300 132.95148500,32.77127300 132.95161400,32.77138700 132.95164900,32.77150100 132.95163500,32.77163800 132.95153500,32.77180600 132.95122100,32.77200400 132.95118600,32.77208800 132.95120000,32.77214200 132.95125700,32.77217800 132.95139200,32.77213600 132.95149900,32.77212400 132.95164900,32.77214200 132.95177000,32.77217200 132.95192000,32.77219600 132.95196300,32.77225600 132.95197700,32.77240600 132.95193400,32.77254400 132.95186300,32.77265800 132.95189700,32.77269100 132.95207600,32.77272100 132.95226800,32.77265500 132.95249600,32.77270900 132.95262500,32.77269100 132.95271700,32.77263100 132.95275300,32.77242700 132.95281000,32.77234900 132.95291700,32.77233200 132.95306700,32.77227200 132.95327300,32.77202000 132.95346600,32.77170200 132.95364400,32.77161200 132.95384400,32.77153400 132.95402200,32.77155200 132.95414300,32.77167200 132.95418600,32.77184600 132.95411500,32.77208600 132.95395800,32.77223600 132.95390100,32.77236100 132.95388700,32.77246900 132.95390800,32.77252300 132.95405800,32.77255900 132.95427200,32.77261300 132.95431500,32.77269100 132.95430000,32.77278700 132.95415100,32.77291300 132.95388200,32.77303200 132.95325400,32.77359200 132.95346400,32.77352800 132.95423400,32.77328800 132.95480400,32.77331200 132.95480400,32.77370400 132.95489900,32.77399100 132.95495600,32.77406300 132.95510800,32.77426300 132.95531800,32.77446300 132.95559300,32.77468700 132.95575500,32.77475100 132.95602100,32.77535800 132.95630300,32.77621100 132.95629200,32.77830900 132.95555500,32.77848900 132.95554300,32.77900900 132.95607800,32.77903900 132.95648200,32.77893900 132.95706400,32.77899900 132.95891800,32.77916900 132.95884700,32.77959800 132.96115200,32.77981800 132.96123500,32.77944800 132.96129500,32.77903900 132.96125900,32.77875900 132.96109300,32.77792000 132.96101500,32.77753500 132.96115800,32.77722500 132.96149100,32.77691500 132.96275100,32.77630600 132.96441400,32.77554700 132.96500900,32.77536700 132.96543600,32.77536700 132.96560300,32.77543700 132.96584000,32.77558600 132.96623300,32.77588600 132.96660100,32.77624600 132.96674400,32.77648600 132.96691000,32.77679600 132.96712400,32.77694500 132.96731400,32.77698500 132.96756400,32.77701500 132.96787300,32.77696500 132.96815800,32.77671600 132.96843100,32.77631600 132.96860900,32.77558600 132.96860900,32.77506700 132.96841900,32.77454700 132.96823200,32.77407400 132.96791100,32.77386000 132.96759700,32.77368200 132.96691800,32.77368200 132.96618500,32.77373800 132.96586900,32.77377000 132.96529800,32.77386600 132.96488000,32.77381800 132.96377700,32.77354600 132.96339700,32.77353000 132.96219900,32.77361000 132.96189500,32.77361000 132.96132400,32.77293900 132.96109600,32.77269900 132.96079200,32.77263500 132.96050700,32.77282700 132.96020300,32.77327400 132.95993600,32.77341800 132.95946100,32.77329000 132.95921400,32.77305100 132.95889100,32.77229900 132.95841500,32.77209100 132.95790200,32.77193100 132.95740800,32.77095600 132.95733100,32.77055600 132.95765500,32.76982100 132.95761700,32.76879800 132.95756000,32.76823800 132.95736900,32.76759900 132.95728800,32.76738300 132.95749000,32.76727300 132.95761400,32.76712100 132.95776600,32.76682600 132.95785100,32.76666400 132.95813700,32.76650200 132.95808900,32.76636900 132.95801300,32.76617800 132.95812700,32.76586400 132.95813300,32.76547200 132.95809100,32.76519200 132.95812100,32.76503200 132.95824600,32.76494300 132.95831200,32.76488100 132.95834500,32.76480400 132.95816800,32.76473400 132.95795400,32.76468100 132.95791300,32.76460900 132.95792900,32.76455700 132.95800300,32.76445900 132.95833500,32.76430600 132.95838700,32.76427100 132.95841800,32.76419900 132.95839900,32.76416100 132.95831500,32.76411600 132.95810400,32.76407200 132.95791800,32.76400900 132.95788400,32.76395200 132.95787500,32.76389800 132.95790800,32.76376400 132.95797600,32.76368500 132.95805800,32.76362200 132.95825300,32.76356400 132.95851900,32.76331000 132.95881900,32.76329800 132.95895700,32.76332900 132.95905500,32.76333100 132.95916200,32.76331200 132.95931600,32.76323100 132.95945200,32.76322700 132.95960700,32.76324100 132.95967600,32.76326200 132.95988800,32.76329800 132.96001600,32.76329600 132.96012800,32.76327700 132.96015600,32.76323600 132.96010600,32.76314800 132.95999900,32.76308400 132.95983500,32.76301700 132.95966900,32.76294600 132.95955700,32.76286700 132.95955000,32.76279600 132.95957300,32.76270300 132.95963100,32.76259400 132.95972300,32.76249500 132.96092500,32.76198100 132.96067500,32.76148200 132.96039000,32.76116200 132.96014100,32.76105200 132.95995000,32.76097200 132.95992700,32.76085200 132.95995000,32.76072200 132.96002200,32.76055200 132.96002200,32.76046200 132.95993900,32.76028200 132.95991500,32.76018200 132.96009300,32.76015200 132.96023600,32.76021200 132.96025900,32.76035200 132.96016400,32.76069200 132.96020000,32.76081200 132.96034300,32.76088200 132.96071100,32.76087200 132.96102000,32.76078200 132.96115100,32.76069200 132.96148300,32.76022200 132.96260600,32.75958400 132.96273600,32.75960400 132.96284300,32.75980400 132.96292600,32.75992400 132.96292600,32.76019400 132.96264100,32.76031400 132.96249900,32.76040400 132.96239200,32.76062400 132.96240400,32.76075400 132.96247500,32.76095400 132.96243900,32.76117300 132.96255800,32.76138300 132.96268900,32.76142300 132.96284300,32.76140300 132.96293800,32.76103300 132.96323500,32.76042400 132.96331900,32.75973400 132.96348500,32.75934500 132.96374600,32.75895500 132.96390100,32.75861500 132.96396000,32.75843500 132.96400800,32.75799500 132.96413900,32.75774600 132.96438800,32.75758600 132.96462600,32.75766600 132.96494700,32.75778500 132.96527900,32.75791500 132.96545800,32.75790500 132.96557700,32.75779500 132.96556500,32.75771600 132.96539800,32.75748600 132.96542200,32.75729600 132.96550500,32.75722600 132.96568300,32.75691600 132.96580200,32.75684600 132.96586200,32.75678600 132.96582600,32.75668600 132.96571900,32.75666600 132.96548100,32.75668600 132.96529100,32.75667600 132.96526800,32.75650600 132.96539800,32.75606600 132.96549300,32.75588300 132.96656300,32.75525300 132.96691900,32.75508300 132.96708600,32.75506300 132.96739500,32.75512300 132.96756100,32.75510300 132.96771600,32.75506300 132.96803700,32.75500300 132.96815500,32.75509300 132.96825000,32.75525300 132.96841700,32.75532300 132.96880900,32.75541300 132.96897500,32.75547300 132.96932000,32.75538300 132.96952200,32.75522300 132.96948600,32.75509300 132.96942700,32.75502300 132.96908200,32.75509300 132.96850000,32.75495300 132.96832200,32.75461300 132.96815500,32.75447300 132.96787000,32.75444300 132.96765600,32.75455300 132.96743000,32.75456300 132.96730000,32.75447300 132.96727600,32.75431300 132.96722800,32.75393400 132.96719300,32.75338400 132.96732300,32.75315400 132.96779900,32.75255400 132.96798900,32.75230500 132.96814300,32.75221500 132.96869000,32.75204500 132.96896300,32.75193500 132.96943900,32.75144500 132.96977200,32.75136500 132.96977200,32.75120500 132.96979500,32.75106500 132.97000900,32.75089700 132.97029400,32.75057700 132.97052300,32.75028900 132.97048500,32.74984100 132.97050400,32.74932900 132.97071300,32.74901000 132.97124500,32.74854600 132.97160600,32.74790600 132.97179700,32.74751900 132.97164400,32.74731100 132.97154900,32.74703900 132.97154900,32.74673600 132.97151100,32.74657600 132.97124500,32.74627200 132.97124500,32.74612800 132.97134000,32.74601600 132.97160600,32.74592000 132.97189200,32.74580800 132.97206300,32.74552000 132.97177800,32.74508800 132.97151100,32.74451300 132.97145400,32.74428900 132.97137800,32.74414500 132.97080800,32.74382500 132.97059900,32.74366500 132.97046600,32.74328100 132.96987600,32.74280100 132.96930600,32.74221000 132.96911600,32.74213000 132.96894400,32.74201800 132.96877300,32.74165000 132.96837400,32.74094600 132.96806000,32.74065700 132.96776100,32.74051900 132.96769000,32.74037600 132.96735400,32.73971600 132.96719000,32.73927200 132.96703400,32.73911600 132.96693400,32.73904400 132.96691200,32.73894200 132.96693400,32.73876800 132.96683400,32.73861800 132.96653400,32.73851000 132.96647000,32.73846200 132.96648000,32.73828400 132.96646500,32.73812800 132.96670800,32.73780400 132.96696400,32.73763600 132.96723500,32.73761200 132.96707800,32.73698800 132.96727800,32.73674800 132.96726400,32.73650800 132.96734900,32.73630400 132.96754900,32.73612400 132.96793400,32.73584800 132.96786300,32.73564400 132.96763500,32.73553700 132.96742100,32.73545300 132.96700700,32.73526100 132.96692200,32.73491300 132.96705000,32.73478100 132.96706400,32.73462500 132.96700700,32.73439700 132.96686500,32.73414500 132.96666500,32.73401300 132.96673600,32.73355700 132.96695000,32.73332900 132.96707800,32.73316100 132.96710700,32.73298100 132.96699300,32.73252600 132.96706400,32.73217800 132.96716400,32.73205800
			</coordinates>
		</LineString>
	</Placemark>
	<Placemark>
		<name>SHIKOKU_KCH_25</name>
		<description>竜串へのみち</description>
		<styleUrl>#lineStyle0</styleUrl>
		<LineString>
			<coordinates> 132.86893800,32.77423300 132.86876000,32.77424300 132.86866500,32.77415300 132.86867700,32.77395300 132.86847400,32.77386300 132.86829600,32.77377300 132.86816600,32.77356300 132.86799900,32.77344300 132.86786800,32.77347300 132.86773800,32.77370300 132.86778500,32.77402300 132.86779700,32.77426300 132.86777300,32.77437300 132.86761900,32.77436300 132.86746400,32.77420300 132.86739300,32.77403300 132.86739300,32.77358300 132.86725000,32.77356300 132.86682300,32.77346300 132.86677500,32.77340300 132.86670400,32.77327300 132.86670400,32.77304400 132.86676300,32.77207400 132.86693000,32.77225400 132.86700100,32.77230400 132.86702500,32.77244400 132.86702500,32.77262400 132.86721500,32.77279400 132.86735700,32.77284400 132.86765400,32.77277400 132.86775000,32.77270400 132.86799900,32.77274400 132.86842700,32.77293400 132.86870000,32.77304400 132.86898600,32.77315400 132.86911600,32.77326300 132.86930600,32.77316400 132.86979400,32.77315400 132.87040000,32.77317400 132.87057800,32.77307400 132.87076800,32.77292400 132.87113600,32.77275400 132.87131500,32.77261400 132.87150500,32.77252400 132.87164800,32.77279400 132.87161200,32.77314400 132.87160000,32.77335300 132.87165900,32.77363300 132.87168300,32.77388300 132.87165900,32.77402300 132.87180200,32.77433300 132.87170700,32.77470200 132.87163600,32.77499200 132.87173100,32.77520200 132.87167100,32.77554200 132.87193300,32.77618100 132.87218200,32.77651100 132.87227700,32.77694100 132.87225400,32.77732000 132.87225400,32.77754000 132.87240800,32.77784000 132.87259800,32.77813000 132.87276500,32.77825900 132.87257400,32.77862500 132.87251700,32.77910500 132.87230700,32.77956000 132.87226900,32.78044700 132.87224100,32.78096700 132.87221200,32.78135900 132.87224100,32.78186200 132.87246900,32.78235800 132.87255500,32.78265300 132.87246000,32.78285300 132.87277300,32.78308500 132.87283000,32.78328500 132.87265000,32.78345300 132.87257400,32.78356500 132.87256400,32.78370100 132.87266900,32.78382000 132.87298200,32.78416400 132.87297300,32.78436900 132.87255500,32.78470400 132.87215500,32.78560000 132.87212700,32.78597000 132.87192700,32.78619400 132.87189900,32.78649000 132.87174700,32.78672200 132.87159400,32.78720900 132.87161300,32.78749700 132.87176600,32.78760900 132.87222200,32.78780100 132.87225000,32.78796900 132.87144200,32.78882400 132.87123300,32.78943900 132.87072900,32.78956700 132.87007300,32.78969500 132.86991200,32.78968700 132.86878000,32.78894400 132.86869800,32.78869000 132.86860300,32.78857100 132.86832900,32.78838100 132.86797200,32.78825000 132.86752000,32.78817900 132.86720300,32.78813200 132.86722300,32.78825800 132.86739100,32.78850100 132.86707400,32.78853300 132.86682400,32.78853300 132.86636000,32.78859300 132.86609300,32.78856600 132.86583700,32.78845000 132.86561100,32.78846200 132.86539600,32.78853300 132.86520600,32.78896200 132.86522800,32.78948500 132.86492700,32.78975400 132.86437600,32.79013000 132.86396700,32.79058500 132.86364400,32.79068100 132.86327300,32.79094500 132.86177600,32.79119700 132.86129800,32.79095300 132.86097000,32.79025200 132.86028600,32.78994100 132.85985000,32.78938900 132.86040800,32.78911800 132.86017500,32.78861400 132.85992500,32.78867000 132.85944100,32.78757200 132.85926900,32.78750800 132.85890200,32.78771400 132.85855200,32.78782500 132.85830100,32.78805300 132.85797400,32.78818600 132.85755900,32.78801800 132.85709000,32.78782900 132.85677700,32.78770900 132.85627300,32.78756500 132.85563600,32.78751700 132.85390500,32.78746100 132.85340100,32.78746900 132.85269800,32.78731800 132.85210900,32.78714200 132.85189000,32.78701400 132.85160500,32.78660600 132.85135700,32.78627000 132.85094900,32.78575100 132.85066700,32.78542800 132.85028700,32.78503800 132.84984700,32.78413900 132.84962100,32.78377900 132.84945500,32.78355900 132.84846800,32.78311000 132.84681700,32.78241000 132.84519300,32.78169900 132.84473000,32.78149900 132.84417100,32.78146900 132.84374300,32.78156900 132.84229400,32.78207900 132.84186600,32.78214900 132.84142600,32.78216900 132.84099800,32.78214900 132.84055800,32.78203900 132.84011900,32.78182900 132.83959600,32.78151900 132.83926300,32.78128900 132.83906100,32.78107000 132.83897800,32.78084000 132.83882300,32.78036000 132.83863800,32.78002500
			</coordinates>
		</LineString>
	</Placemark>
	<Placemark>
		<name>SHIKOKU_KCH_26</name>
		<description>モモイロサンゴのみち</description>
		<styleUrl>#lineStyle0</styleUrl>
		<LineString>
			<coordinates> 132.83863800,32.78002500 132.83797200,32.77881600 132.83717600,32.77731700 132.83684400,32.77675800 132.83671300,32.77660800 132.83628500,32.77648800 132.83597600,32.77637800 132.83564300,32.77621800 132.83532800,32.77599000 132.83512700,32.77581200 132.83496000,32.77549600 132.83462200,32.77455600 132.83382100,32.77332200 132.83243100,32.77109800 132.83168200,32.76988400 132.83036100,32.76831400 132.82761800,32.76627900 132.82115700,32.76177000 132.82065800,32.76155400 132.82028700,32.76144600 132.81833400,32.76139800 132.81793400,32.76160200 132.81707900,32.76235700 132.81655100,32.76282500 132.81629200,32.76295100 132.81586400,32.76305900 132.81555000,32.76310700 132.81503700,32.76311900 132.81459500,32.76310700 132.81389600,32.76297500 132.81365300,32.76290300 132.81256500,32.76204900 132.81179800,32.76118200 132.81153400,32.76058100 132.81104600,32.75914100 132.81035600,32.75794000 132.80937400,32.75635700 132.80798200,32.75489400 132.80683400,32.75396600 132.80643000,32.75368000 132.80609400,32.75349900 132.80560700,32.75327300 132.80517800,32.75313100 132.80458300,32.75311900 132.80427400,32.75305900 132.80403600,32.75292800 132.80372700,32.75276200 132.80350100,32.75256000 132.80323900,32.75231000 132.80317900,32.75207200 132.80322200,32.75179900 132.80330600,32.75126600 132.80339200,32.75093900 132.80338200,32.75065900 132.80332500,32.75045100 132.80308800,32.75013100 132.80281200,32.74989900 132.80243200,32.74969900 132.80243200,32.74947500 132.80223200,32.74941900 132.80201300,32.74903600 132.80203200,32.74886000 132.80206100,32.74870800 132.80205100,32.74858800 132.80194700,32.74858800 132.80177600,32.74874800 132.80161400,32.74889200 132.80137600,32.74896400 132.80109100,32.74904400 132.80094900,32.74914000 132.80084400,32.74925200 132.80030700,32.74924200 132.79930800,32.74922600 132.79896600,32.74927400 132.79783100,32.74941200 132.79653200,32.74959700 132.79501900,32.74976900 132.79403400,32.75028200 132.79322000,32.75088200 132.79249200,32.75153900 132.79186400,32.75205300 132.79095000,32.75293800 132.78999400,32.75369500 132.78885100,32.75474600 132.78792400,32.75584500 132.78706900,32.75685400 132.78647500,32.75728400 132.78614200,32.75745400 132.78544100,32.75768400 132.78489400,32.75773000 132.78423200,32.75769100 132.78393800,32.75755200 132.78343700,32.75684100 132.78320600,32.75603500
			</coordinates>
		</LineString>
	</Placemark>
	<Placemark>
		<name>SHIKOKU_KCH_27</name>
		<description>月山へのみち</description>
		<styleUrl>#lineStyle0</styleUrl>
		<LineString>
			<coordinates> 132.78320600,32.75603500 132.78293300,32.75573500 132.78252900,32.75540500 132.78214900,32.75514500 132.78184000,32.75491600 132.78154300,32.75474600 132.78121000,32.75453600 132.78029500,32.75430600 132.77955800,32.75420600 132.77924900,32.75432600 132.77898000,32.75503100 132.77872300,32.75555100 132.77830500,32.75611000 132.77763900,32.75671800 132.77719200,32.75693400 132.77688800,32.75717400 132.77638400,32.75762900 132.77591800,32.75787700 132.77550000,32.75804500 132.77507200,32.75818900 132.77481600,32.75841300 132.77459700,32.75880500 132.77424500,32.75952400 132.77373800,32.75994500 132.77341000,32.76030400 132.77303900,32.76071200 132.77274000,32.76108400 132.77241200,32.76134800 132.77188400,32.76168400 132.77128500,32.76201900 132.77078600,32.76223500 132.77011600,32.76240300 132.76984500,32.76240300 132.76911800,32.76240300 132.76817600,32.76221100 132.76747800,32.76192300 132.76700700,32.76174400 132.76649400,32.76152800 132.76590900,32.76127600 132.76555200,32.76085600 132.76519600,32.76056800 132.76516700,32.76019700 132.76499600,32.75983700 132.76471100,32.75948900 132.76455400,32.75926100 132.76409800,32.75862500 132.76365600,32.75862500 132.76325600,32.75887700 132.76302800,32.75905700 132.76244400,32.75959700 132.76223000,32.75976500 132.76197300,32.75987300 132.76168800,32.76011300 132.76160200,32.76037600 132.76163100,32.76070000 132.76160200,32.76110800 132.76131700,32.76175600 132.76093200,32.76261900 132.76064700,32.76306300 132.76041900,32.76309900 132.76026200,32.76308700 132.76010500,32.76300300 132.76000500,32.76276300 132.76006200,32.76248700 132.76039000,32.76166000 132.76039000,32.76144400 132.76056100,32.76106000 132.76049000,32.76041200 132.76049000,32.76010100 132.76070400,32.75953700 132.76086100,32.75922500 132.76080400,32.75896100 132.76066100,32.75869700 132.76073200,32.75848200 132.76091800,32.75819400 132.76134600,32.75787000 132.76129100,32.75716600 132.76123400,32.75684300 132.76099200,32.75669900 132.76112000,32.75645900 132.76127700,32.75603900 132.76127700,32.75583500 132.76106300,32.75572700 132.76074900,32.75563100 132.76056400,32.75561900 132.76015000,32.75590700 132.75980800,32.75623100 132.75926600,32.75643500 132.75878100,32.75654300 132.75809700,32.75647100 132.75766900,32.75644700 132.75734100,32.75650700 132.75692700,32.75719000 132.75678500,32.75757400 132.75669900,32.75779000 132.75621400,32.75792200 132.75561500,32.75846200 132.75490200,32.75860600 132.75460300,32.75868900 132.75440300,32.75879700 132.75430300,32.75903700 132.75423200,32.75948100 132.75420400,32.76011700 132.75410400,32.76042800 132.75393300,32.76059600 132.75331900,32.76075200 132.75307700,32.76088400 132.75280600,32.76106400 132.75273900,32.76123700 132.75256000,32.76143700 132.75234600,32.76149700 132.75203700,32.76142700 132.75137200,32.76134700 132.75093200,32.76133700 132.75076600,32.76138700 132.75071800,32.76157700 132.75088500,32.76174700 132.75112200,32.76181700 132.75140800,32.76186700 132.75156200,32.76192700 132.75158600,32.76212700 132.75151500,32.76224600 132.75126500,32.76239600 132.75098000,32.76246600 132.75050400,32.76253600 132.75033800,32.76257600 132.75018300,32.76264600 132.75016000,32.76283600 132.75020700,32.76309600 132.75020700,32.76328600 132.75020700,32.76351600 132.75020700,32.76367600 132.75040900,32.76387500 132.75013600,32.76397500 132.74986300,32.76407500 132.74974400,32.76422500 132.74970800,32.76446500 132.74973200,32.76521400 132.74925700,32.76589400 132.74938700,32.76648400 132.74943500,32.76690300 132.74925100,32.76723400 132.74893000,32.76761400 132.74910800,32.76827300 132.74910800,32.76862300 132.74923900,32.76909300 132.74919100,32.76942300 132.74912000,32.76982200 132.74885900,32.77010200 132.74864500,32.77055200 132.74855000,32.77068200 132.74838300,32.77080200 132.74828800,32.77095100 132.74821700,32.77131100 132.74801500,32.77168100 132.74784900,32.77205100 132.74778900,32.77248000 132.74774200,32.77330800 132.74768200,32.77360700 132.74751600,32.77376700 132.74731400,32.77391700 132.74720700,32.77417700 132.74726600,32.77437700 132.74739700,32.77459700 132.74719500,32.77493600 132.74683800,32.77506600 132.74675500,32.77565600 132.74680300,32.77597600 132.74695700,32.77615500 132.74711200,32.77627500 132.74717100,32.77636500 132.74714700,32.77649500 132.74701700,32.77663500 132.74666000,32.77676500 132.74656500,32.77685500 132.74652900,32.77708500 132.74657700,32.77738400 132.74614900,32.77783400 132.74593500,32.77808400 132.74581600,32.77847300 132.74546000,32.77866300 132.74530500,32.77862300 132.74522200,32.77830400 132.74521000,32.77798400 132.74543600,32.77780400 132.74584000,32.77759400 132.74591100,32.77735400 132.74575700,32.77703500 132.74600700,32.77645500 132.74598300,32.77629500 132.74582800,32.77597600 132.74569800,32.77549600 132.74559100,32.77515600 132.74547200,32.77505600 132.74502000,32.77492600 132.74485400,32.77482600 132.74485400,32.77466700 132.74474700,32.77436700 132.74454500,32.77422700 132.74428300,32.77403700 132.74411700,32.77370700 132.74387900,32.77359700 132.74353500,32.77371700 132.74310700,32.77387700 132.74275000,32.77380700 132.74239600,32.77381300 132.74216800,32.77386100 132.74186400,32.77398100 132.74166400,32.77434900 132.74156000,32.77474100 132.74143600,32.77487700 132.74120800,32.77500500 132.74117000,32.77515600 132.74117000,32.77547600 132.74111300,32.77566000 132.74096100,32.77590000 132.74060900,32.77622800 132.74038100,32.77650700 132.73996200,32.77774600 132.73981000,32.77789800 132.73967700,32.77805800 132.73950600,32.77821000 132.73945900,32.77858600 132.73930600,32.77933900 132.73918300,32.77975400 132.73890700,32.78030600 132.73841300,32.78133700 132.73830800,32.78165700 132.73796600,32.78229600 132.73751000,32.78308700 132.73731900,32.78339900 132.73714700,32.78377500 132.73702900,32.78389500 132.73688000,32.78393000 132.73681500,32.78375000 132.73661800,32.78367000 132.73623200,32.78354500 132.73611300,32.78349000 132.73575700,32.78318100 132.73558500,32.78308600 132.73505000,32.78287600 132.73504400,32.78275100 132.73500200,32.78253100 132.73494300,32.78241600 132.73485300,32.78234800 132.73480300,32.78224000 132.73477500,32.78207200 132.73484600,32.78198800 132.73502400,32.78200000 132.73519500,32.78198800 132.73538800,32.78188600 132.73549500,32.78187400 132.73560900,32.78193400 132.73563700,32.78208400 132.73560900,32.78224000 132.73558800,32.78236600 132.73560900,32.78249100 132.73574400,32.78249100 132.73595800,32.78243700 132.73605800,32.78242500 132.73625800,32.78240700 132.73622900,32.78231200 132.73610800,32.78225800 132.73583000,32.78225800 132.73597300,32.78192200 132.73607200,32.78155600 132.73607200,32.78144800 132.73596500,32.78133400 132.73592300,32.78122100 132.73585900,32.78107100 132.73570200,32.78097500 132.73533800,32.78102300 132.73434700,32.78135800 132.73413300,32.78139400 132.73383300,32.78155600 132.73338400,32.78160400 132.73311300,32.78174800 132.73280700,32.78162200 132.73248600,32.78181400 132.73233600,32.78178400 132.73225100,32.78169400 132.73215100,32.78135200 132.73215800,32.78123200 132.73225100,32.78111900 132.73302100,32.78066300 132.73308500,32.78055000 132.73288500,32.77941100 132.73235800,32.77947700 132.73163000,32.77945900 132.73114500,32.77946500 132.73037500,32.77957300
			</coordinates>
		</LineString>
	</Placemark>
	<Placemark>
		<name>SHIKOKU_KCH_28</name>
		<description>樫西海岸へのみち</description>
		<styleUrl>#lineStyle0</styleUrl>
		<LineString>
			<coordinates> 132.68303700,32.79525600 132.68317900,32.79589500 132.68331200,32.79588700 132.68354000,32.79564700 132.68386400,32.79538300 132.68399700,32.79525600 132.68429200,32.79487200 132.68430100,32.79493600 132.68433900,32.79523200 132.68445300,32.79516000 132.68461500,32.79484000 132.68461500,32.79510400 132.68484300,32.79476800 132.68490000,32.79471200 132.68508100,32.79457600 132.68535200,32.79447700 132.68559400,32.79416500 132.68580800,32.79398600 132.68585100,32.79380600 132.68597900,32.79342200 132.68626500,32.79315800 132.68663500,32.79302700 132.68694900,32.79302700 132.68726300,32.79295500 132.68753400,32.79293100 132.68796200,32.79306300 132.68823300,32.79323000 132.68846100,32.79343400 132.68876000,32.79374600 132.68947300,32.79386600 132.68975800,32.79398600 132.68994400,32.79410600 132.69007200,32.79423700 132.69044300,32.79442900 132.69067100,32.79457300 132.69074200,32.79477700 132.69075700,32.79490900 132.69095600,32.79513600 132.69115600,32.79525600 132.69144100,32.79529200 132.69176900,32.79560400 132.69212600,32.79559200 132.69252500,32.79565200 132.69269600,32.79555600 132.69301000,32.79548400 132.69322400,32.79544800 132.69346600,32.79550800 132.69383700,32.79568800 132.69393700,32.79562800 132.69422200,32.79548400 132.69442200,32.79518400 132.69460700,32.79499300 132.69492100,32.79494500 132.69516300,32.79499300 132.69540600,32.79514800 132.69557700,32.79535200 132.69577700,32.79558000 132.69587600,32.79601200 132.69594800,32.79629900 132.69600500,32.79629900 132.69617600,32.79623900 132.69644700,32.79600000 132.69681800,32.79567600 132.69698900,32.79562800 132.69714600,32.79577200 132.69720300,32.79592800 132.69722800,32.79624200 132.69728500,32.79648200 132.69731300,32.79654200 132.69749100,32.79660800 132.69784800,32.79667400 132.69796200,32.79674600 132.69807600,32.79681800 132.69816900,32.79695600 132.69820400,32.79711100 132.69825400,32.79748900 132.69824700,32.79762100 132.69817200,32.79783700 132.69815800,32.79794500 132.69929900,32.79814800 132.69948400,32.79801700 132.69995500,32.79774100 132.70025400,32.79770500 132.70048300,32.79769300 132.70072500,32.79781300 132.70098200,32.79806400 132.70132400,32.79806400 132.70160900,32.79801700 132.70186400,32.79756700 132.70186400,32.79737500 132.70195000,32.79718300 132.70216400,32.79689600 132.70239200,32.79672800 132.70262000,32.79641600 132.70296300,32.79594900 132.70324800,32.79592500 132.70377500,32.79606900 132.70386100,32.79588900 132.70408900,32.79575700 132.70441700,32.79582900 132.70471700,32.79598500 132.70515900,32.79612800 132.70555800,32.79614000 132.70611400,32.79611600 132.70645600,32.79604500 132.70684100,32.79624800 132.70722600,32.79664400 132.70745500,32.79702800 132.70744000,32.79739900 132.70715500,32.79779700 132.70716900,32.79791700 132.70726900,32.79798900 132.70751200,32.79802500 132.70758300,32.79809700 132.70789700,32.79818100 132.70816800,32.79831300 132.70861000,32.79914000 132.70866700,32.79937900 132.70861000,32.79971500 132.70862400,32.79995500 132.70876700,32.80036200 132.70888100,32.80061400 132.70899500,32.80093800 132.70890900,32.80108200 132.70873800,32.80126100 132.70855300,32.80144100 132.70851000,32.80170500 132.70853800,32.80183700 132.70863800,32.80200500 132.70868100,32.80220800 132.70866700,32.80246000 132.70855300,32.80262800 132.70888100,32.80272400 132.70919400,32.80273600 132.70958000,32.80268800 132.70995000,32.80253200 132.71050600,32.80225600 132.71103100,32.80202800 132.71125700,32.80197800 132.71162600,32.80195800 132.71294500,32.80196800 132.71340800,32.80185800 132.71374100,32.80167800 132.71413300,32.80133800 132.71435700,32.80096900 132.71458300,32.80027000 132.71505800,32.80010000 132.71562900,32.79985000 132.71599700,32.79957000 132.71624600,32.79911100 132.71666200,32.79864100 132.71711400,32.79840200 132.71764900,32.79813200 132.71813600,32.79812200 132.71857600,32.79793200 132.71901500,32.79753300 132.71930100,32.79699300 132.71943600,32.79670100 132.72007800,32.79617300 132.72116200,32.79525000 132.72131800,32.79510600 132.72140400,32.79480700 132.72158900,32.79455500 132.72193200,32.79439900 132.72235900,32.79438700 132.72267300,32.79441100 132.72294400,32.79448300 132.72340000,32.79448300 132.72371400,32.79453100 132.72409900,32.79456700 132.72429900,32.79443500 132.72411400,32.79423100 132.72378600,32.79420700 132.72375700,32.79407500 132.72368600,32.79384800 132.72335800,32.79381200 132.72325800,32.79347600 132.72293000,32.79324800 132.72290100,32.79268500 132.72318700,32.79236100 132.72320100,32.79188100 132.72322900,32.79153400 132.72342900,32.79118600 132.72367100,32.79081500 132.72378600,32.79058700 132.72375700,32.79046700 132.72368600,32.79022700 132.72338600,32.78979500 132.72334300,32.78960400 132.72335800,32.78942400 132.72338600,32.78872900 132.72305800,32.78779300 132.72265900,32.78725400 132.72221700,32.78679800 132.72218800,32.78664200 132.72223100,32.78651100 132.72234500,32.78642700 132.72342900,32.78621100 132.72411400,32.78622300 132.72475500,32.78593500 132.72496900,32.78592300 132.72596700,32.78601900 132.72675200,32.78603100 132.72730800,32.78582700 132.72782100,32.78542000 132.72796400,32.78516800 132.72803500,32.78485600 132.72800700,32.78471200 132.72787800,32.78466400 132.72775000,32.78468800 132.72762200,32.78473600 132.72749300,32.78473600 132.72742200,32.78470000 132.72742200,32.78456800 132.72756500,32.78442400 132.72790700,32.78428100 132.72797100,32.78407300 132.72819000,32.78376100
			</coordinates>
		</LineString>
	</Placemark>
	<Placemark>
		<name>SHIKOKU_KCH_28</name>
		<description>樫西海岸へのみち</description>
		<styleUrl>#lineStyle0</styleUrl>
		<LineString>
			<coordinates> 132.70204100,32.79770800 132.70227700,32.79796500 132.70265500,32.79830800 132.70280500,32.79840000 132.70297600,32.79862900 132.70313400,32.79895000 132.70326200,32.79907900 132.70363300,32.79936400 132.70389700,32.79957800 132.70409000,32.79971400 132.70404000,32.79997800 132.70391200,32.80021400 132.70384700,32.80042100 132.70386900,32.80067800 132.70397600,32.80083500 132.70419000,32.80089200 132.70471800,32.80104200 132.70528900,32.80113400 132.70584600,32.80115600 132.70628200,32.80128400 132.70666000,32.80156300 132.70688800,32.80162000 132.70696000,32.80152000 132.70706000,32.80154800 132.70742400,32.80169800 132.70765200,32.80182700 132.70802300,32.80184800 132.70838894,32.80172411
			</coordinates>
		</LineString>
	</Placemark>
	<Placemark>
		<name>SHIKOKU_KCH_29</name>
		<description>大堂猿のみち</description>
		<styleUrl>#lineStyle0</styleUrl>
		<LineString>
			<coordinates> 132.68298600,32.79482500 132.68295100,32.79452800 132.68277200,32.79437000 132.68283900,32.79379400 132.68380800,32.79295500 132.68393200,32.79274700 132.68398900,32.79219600 132.68412200,32.79170000 132.68441200,32.79145900 132.68482800,32.79083000 132.68478000,32.79026000 132.68482800,32.78991100 132.68523200,32.78946100 132.68619400,32.78867200 132.68669300,32.78851200 132.68918900,32.78868200 132.68978300,32.78895200 132.69013700,32.78928300 132.69031800,32.78917900 132.69023300,32.78894800 132.68995700,32.78876400 132.68967200,32.78862000 132.68940500,32.78850800 132.68909200,32.78831600 132.68861600,32.78794100 132.68818800,32.78764500 132.68796500,32.78752000 132.68769400,32.78756800 132.68748000,32.78758000 132.68730900,32.78754400 132.68708100,32.78734000 132.68691000,32.78712400 132.68682400,32.78701600 132.68629700,32.78675200 132.68592600,32.78653700 132.68556900,32.78633300 132.68512700,32.78635700 132.68495600,32.78629700 132.68491300,32.78622500 132.68487000,32.78603300 132.68469900,32.78596100 132.68444300,32.78591300 132.68422900,32.78610500 132.68397200,32.78614100 132.68370100,32.78614100 132.68351600,32.78612900 132.68344400,32.78600900 132.68343000,32.78544600 132.68341600,32.78532600 132.68328800,32.78515800 132.68304500,32.78518200 132.68257400,32.78533800 132.68233200,32.78541000 132.68214700,32.78536200 132.68190400,32.78525400 132.68141900,32.78520600 132.68107700,32.78520600 132.68102000,32.78513400 132.68109100,32.78478600 132.68109100,32.78451000 132.68096300,32.78433100 132.68057800,32.78412700 132.68032100,32.78394700 132.67993600,32.78362300 132.67896700,32.78381500 132.67885200,32.78387500 132.67905200,32.78406700 132.67871800,32.78420200 132.67863400,32.78439200 132.67827800,32.78451200 132.67773100,32.78469200 132.67718500,32.78495100 132.67673300,32.78511100 132.67607900,32.78528100 132.67577000,32.78527100 132.67509300,32.78528100 132.67458200,32.78523100 132.67420200,32.78516100 132.67380900,32.78518100 132.67342900,32.78532100 132.67307300,32.78541100 132.67250200,32.78546100 132.67163500,32.78551100 132.67114700,32.78550100 132.67023200,32.78560100 132.66973300,32.78564100 132.66930500,32.78579100 132.66900800,32.78593100 132.66891300,32.78611000 132.66890100,32.78627000 132.66875900,32.78642000 132.66852100,32.78654000 132.66836900,32.78657600 132.66801600,32.78665900 132.66780800,32.78667100 132.66732000,32.78662900 132.66690400,32.78659900 132.66685000,32.78665300 132.66698700,32.78673000 132.66758800,32.78690300 132.66766500,32.78697900 132.66718900,32.78725100 132.66618100,32.78755400 132.66551600,32.78784200 132.66531000,32.78794500 132.66506200,32.78808800 132.66448200,32.78845400 132.66434400,32.78851600 132.66410600,32.78851600 132.66397300,32.78849700 132.66389200,32.78841600 132.66392500,32.78831600 132.66414400,32.78813500 132.66417700,32.78803100 132.66408700,32.78794000 132.66397700,32.78795000 132.66372000,32.78814000 132.66349200,32.78829200 132.66336400,32.78836400 132.66332500,32.78831600 132.66331100,32.78827300 132.66341100,32.78813100 132.66375800,32.78787600 132.66381600,32.78689100 132.66386600,32.78669100 132.66411500,32.78616300 132.66414400,32.78597800 132.66409400,32.78564200 132.66423700,32.78533500 132.66452700,32.78510900 132.66506000,32.78472500 132.66542100,32.78442100 132.66540200,32.78416500 132.66534500,32.78386200 132.66526900,32.78371800 132.66544000,32.78349400 132.66555400,32.78338200 132.66540200,32.78312600 132.66515500,32.78293500 132.66492700,32.78277500 132.66447000,32.78280700 132.66427800,32.78271300 132.66385000,32.78252300 132.66362400,32.78245300 132.66331500,32.78248300 132.66304200,32.78256300 132.66287500,32.78271300 132.66270900,32.78320200 132.66230500,32.78334200 132.66197200,32.78335200 132.66175800,32.78331200 132.66135400,32.78314200 132.66090300,32.78310200 132.66055800,32.78310200 132.66034400,32.78320200 132.66029700,32.78332200 132.66038000,32.78350200 132.66049900,32.78367200 132.66052200,32.78378200 132.66024900,32.78391200 132.65972600,32.78405200 132.65946500,32.78418100 132.65933400,32.78429100 132.65908400,32.78460100 132.65885900,32.78505100 132.65852000,32.78531600 132.65829200,32.78544800 132.65792100,32.78565200 132.65777900,32.78574800 132.65763600,32.78578400 132.65746500,32.78576000 132.65732200,32.78566400 132.65726500,32.78532800 132.65722300,32.78501600 132.65715100,32.78488400 132.65702300,32.78484800 132.65618200,32.78483600 132.65596800,32.78468100 132.65568200,32.78423700 132.65573900,32.78398500 132.65575400,32.78384100 132.65568200,32.78368600 132.65534000,32.78359000 132.65496900,32.78350600 132.65482700,32.78336200 132.65478400,32.78313400 132.65477000,32.78291800 132.65468200,32.78283400 132.65449800,32.78276400 132.65382000,32.78261900 132.65358800,32.78264900 132.65333900,32.78276900 132.65317200,32.78281400 132.65298800,32.78279900 132.65280400,32.78271400 132.65259000,32.78256400 132.65238800,32.78246900 132.65209100,32.78243900 132.65181200,32.78243900 132.65165700,32.78241400 132.65143100,32.78232900 132.65125900,32.78217400 132.65107500,32.78201000 132.65108100,32.78158500 132.65089100,32.78136500 132.65060600,32.78130500 132.65019000,32.78118500 132.64981500,32.78100500 132.64968500,32.78090500 132.64952400,32.78065600 132.64935600,32.78045100 132.64912700,32.78024700 132.64902800,32.78017500 132.64877100,32.77967100 132.64845700,32.77956300 132.64828600,32.77906000 132.64807200,32.77894000 132.64721600,32.77894000 132.64718800,32.77873600 132.64698100,32.77823600 132.64705200,32.77791500 132.64699300,32.77723700 132.64662400,32.77690400 132.64637400,32.77685600 132.64590900,32.77675400 132.64555300,32.77620200 132.64524400,32.77594000 132.64519700,32.77578500 132.64511300,32.77534500 132.64511300,32.77515500 132.64480400,32.77478600 132.64459000,32.77460700 132.64434800,32.77437900 132.64429200,32.77341800 132.64419700,32.77306100 132.64411400,32.77290600 132.64391200,32.77272800 132.64385200,32.77253700 132.64405400,32.77221600 132.64393500,32.77207300 132.64420900,32.77177600 132.64448700,32.77154700 132.64454400,32.77111500 132.64472900,32.77064800 132.64507200,32.77007200 132.64507200,32.76947200 132.64556600,32.76882200 132.64564400,32.76821700 132.64570800,32.76789300 132.64585100,32.76750900 132.64603600,32.76718600 132.64607900,32.76706600 132.64605100,32.76698200 132.64589400,32.76694600 132.64550200,32.76691600 132.64543000,32.76691600 132.64523100,32.76671800 132.64513100,32.76662200 132.64500300,32.76658000 132.64486700,32.76658000 132.64464600,32.76660400 132.64426800,32.76677200 132.64399700,32.76686800 132.64374800,32.76691600 132.64354100,32.76692800 132.64324800,32.76687400 132.64284900,32.76671800 132.64242100,32.76661000 132.64213600,32.76659200 132.64178700,32.76650800 132.64141600,32.76646600 132.64126600,32.76645400 132.64098800,32.76634600 132.64073100,32.76625600 132.64048200,32.76620200 132.64018200,32.76617200 132.63995400,32.76619000 132.63977300,32.76629100 132.63981600,32.76644500 132.63962400,32.76712000 132.63959200,32.76727800 132.63940700,32.76798500 132.63883600,32.76803300 132.63823700,32.76814100 132.63780900,32.76826100 132.63745300,32.76826100 132.63695400,32.76800900 132.63611200,32.76765000 132.63574200,32.76742200 132.63541400,32.76725400 132.63490000,32.76727800 132.63397300,32.76753000 132.63307500,32.76756600 132.63274700,32.76742200 132.63223300,32.76742200 132.63162000,32.76751800 132.63139500,32.76752900 132.63141600,32.76730100 132.63140200,32.76700800 132.63133000,32.76678600 132.63118800,32.76660000 132.63132300,32.76633600 132.63142200,32.76613900 132.63144500,32.76602900 132.63143300,32.76579400 132.63138000,32.76562900 132.63121900,32.76555400 132.63113000,32.76554900 132.63101700,32.76557400 132.63097600,32.76564900 132.63098200,32.76583400 132.63100000,32.76611900 132.63095800,32.76639800 132.63088100,32.76654800 132.62968600,32.76734800
			</coordinates>
		</LineString>
	</Placemark>
	<Placemark>
		<name>SHIKOKU_KCH_</name>
		<description>大堂猿のみち</description>
		<styleUrl>#lineStyle1</styleUrl>
		<LineString>
			<coordinates> 132.64556600,32.76882200 132.64650800,32.76811800
			</coordinates>
		</LineString>
	</Placemark>
	<Placemark>
		<name>SHIKOKU_KCH_30</name>
		<description>安満地へのみち</description>
		<styleUrl>#lineStyle0</styleUrl>
		<LineString>
			<coordinates> 132.63979200,32.76628300 132.64004100,32.76662200 132.64036500,32.76691700 132.64113500,32.76746800 132.64163400,32.76751600 132.64284600,32.76756400 132.64344500,32.76763600 132.64355900,32.76775600 132.64345900,32.76794800 132.64254700,32.76888300 132.64207600,32.76923100 132.64139200,32.76965100 132.64109200,32.77027400 132.64075000,32.77074200 132.64059300,32.77128200 132.64060700,32.77184500 132.64059300,32.77213300 132.64047900,32.77236100 132.64010800,32.77250500 132.63978000,32.77269400 132.63966600,32.77305400 132.63958000,32.77348500 132.63969400,32.77372500 132.64022200,32.77401300 132.64062100,32.77434900 132.64076400,32.77468500 132.64072100,32.77498400 132.64025100,32.77565600 132.64008000,32.77602700 132.63986600,32.77642300 132.63965200,32.77663900 132.63934000,32.77676800 132.63893600,32.77689800 132.63872200,32.77702700 132.63855600,32.77724700 132.63850800,32.77747700 132.63854400,32.77768700 132.63881700,32.77796700 132.63901900,32.77820600 132.63910300,32.77840600 132.63905500,32.77848600 132.63910300,32.77853600 132.63913800,32.77869600 132.63911500,32.77883600 132.63893600,32.77892600 132.63871000,32.77905600 132.63842500,32.77907600 132.63833000,32.77909600 132.63817600,32.77926600 132.63811600,32.77961500 132.63805700,32.77971500 132.63779500,32.77981500 132.63764100,32.77995500 132.63736800,32.78026500 132.63737900,32.78108400 132.63728400,32.78120400 132.63711800,32.78126400 132.63654800,32.78127400 132.63654800,32.78142400 132.63670200,32.78168400 132.63716600,32.78192300 132.63751000,32.78200300 132.63785500,32.78196300 132.63810400,32.78188300 132.63924500,32.78193300 132.63954200,32.78202300 132.63961400,32.78214300 132.63955400,32.78221300 132.63856800,32.78219300 132.63795000,32.78235300 132.63754600,32.78244300 132.63745100,32.78284100 132.63722500,32.78310000 132.63683300,32.78345000 132.63652400,32.78371000 132.63625100,32.78376000 132.63591800,32.78388000 132.63568000,32.78399900 132.63539500,32.78389000 132.63525200,32.78388000 132.63528800,32.78401900 132.63541900,32.78417900 132.63579900,32.78426900 132.63641700,32.78395000 132.63696400,32.78377000 132.63789000,32.78363000 132.63810400,32.78371000 132.63849700,32.78388000 132.63868700,32.78390000 132.63882900,32.78382000 132.63886500,32.78361000 132.63891300,32.78339000 132.63904300,32.78326000 132.63921000,32.78323000 132.63993500,32.78329000 132.64018400,32.78327000 132.64049300,32.78312000 132.64079000,32.78291000 132.64113500,32.78277100 132.64162200,32.78269100 132.64213300,32.78269100 132.64251300,32.78277100 132.64282200,32.78297000 132.64303600,32.78320000 132.64332100,32.78376000 132.64370000,32.78454000 132.64372800,32.78481600 132.64384200,32.78517600 132.64384200,32.78547500 132.64407000,32.78566700 132.64454100,32.78589500 132.64472600,32.78615900 132.64469800,32.78701000 132.64448400,32.78744200 132.64407000,32.78783700 132.64274400,32.78818500 132.64204500,32.78819700 132.64133200,32.78802900 132.64099000,32.78799300 132.64069100,32.78801700 132.64046200,32.78811300 132.63987800,32.78814900 132.63945000,32.78824500 132.63886500,32.78847300 132.63858000,32.78850900 132.63836600,32.78846100 132.63809500,32.78849700 132.63773100,32.78886700 132.63735100,32.78904300 132.63704700,32.78920200 132.63647600,32.78918600 132.63588700,32.78931400 132.63569700,32.78939400 132.63505000,32.78997000 132.63491000,32.79021700 132.63483400,32.79051300 132.63480600,32.79069700 132.63454000,32.79100900 132.63434000,32.79138400 132.63422600,32.79170400 132.63414000,32.79223100 132.63392200,32.79255900 132.63350300,32.79269500 132.63315100,32.79276700 132.63285700,32.79290300 132.63258100,32.79312700 132.63241900,32.79331000 132.63173500,32.79426900 132.63155400,32.79458100 132.63152600,32.79476500 132.63157300,32.79494900 132.63186800,32.79525600 132.63208200,32.79541600 132.63237900,32.79556600 132.63255700,32.79563600 132.63268800,32.79570600 132.63270000,32.79584600 132.63258100,32.79599600 132.63236700,32.79613500 132.63214100,32.79632500 132.63176100,32.79650500 132.63110700,32.79677500 132.63075100,32.79689500 132.63058500,32.79705500 132.63052500,32.79722400 132.63059600,32.79754400 132.63073900,32.79789400 132.63074600,32.79818000 132.63064500,32.79840500 132.63056800,32.79860500 132.63056800,32.79880500 132.63051500,32.79908900 132.63009300,32.79937900 132.62984900,32.79955400 132.62976000,32.79978400 132.62980200,32.79995900 132.63018800,32.80021300 132.63062200,32.80035800 132.63145900,32.80046800 132.63175700,32.80049800 132.63263600,32.80024800 132.63299800,32.80022800 132.63326600,32.80015300 132.63372300,32.80013300 132.63404400,32.80021800 132.63422800,32.80019800 132.63479300,32.79992400 132.63591600,32.79926900 132.63715700,32.79873600 132.63759700,32.79850600 132.63797700,32.79839600 132.63829800,32.79838600 132.63863100,32.79847600 132.63889200,32.79871600 132.63902300,32.79890600 132.63920100,32.79905600 132.63961700,32.79923500 132.63966400,32.79941500 132.63953400,32.79986500 132.63941500,32.80015400 132.63940300,32.80033400 132.63953400,32.80041400 132.63974800,32.80060400 132.63986700,32.80079400 132.63991400,32.80100300 132.63997300,32.80115300 132.64016400,32.80132300 132.64056800,32.80124300 132.64097200,32.80124300 132.64128100,32.80126300 132.64153000,32.80111300 132.64166100,32.80103300 132.64183900,32.80098300 132.64208900,32.80100300 132.64258800,32.80125300 132.64282600,32.80119300 132.64298000,32.80105300 132.64304000,32.80092400 132.64300400,32.80073400 132.64299200,32.80055400 132.64302800,32.80050400 132.64337200,32.80040400 132.64368100,32.80011400 132.64380000,32.80001500 132.64396600,32.80001500 132.64425200,32.80009400 132.64458400,32.80020400 132.64500000,32.80020400 132.64544000,32.80039400 132.64573700,32.80038400 132.64645000,32.80009400 132.64742500,32.80008400 132.64769800,32.80004400 132.64792400,32.79987500 132.64826800,32.79947500 132.64873200,32.79949500 132.64919500,32.79945500 132.64948100,32.79933500 132.64969500,32.79920500 132.64982500,32.79919500 132.64996800,32.79928500 132.65005100,32.79947500 132.65012200,32.79955500 132.65027700,32.79960500 132.65047900,32.79954500 132.65086300,32.79931500 132.65096300,32.79935100 132.65103400,32.79957900 132.65110600,32.79987900 132.65110600,32.80015400 132.65149100,32.80064600 132.65144800,32.80086200 132.65129800,32.80096900 132.65108400,32.80107700 132.65105600,32.80134100 132.65102700,32.80175500 132.65094900,32.80197600 132.65076300,32.80211400 132.65048500,32.80228200 132.65025700,32.80277400 132.65010000,32.80303700 132.64990100,32.80327100 132.64940100,32.80358900 132.64918800,32.80380400 132.64908800,32.80399600 132.64908800,32.80414000 132.64923700,32.80427800 132.64963700,32.80424200 132.65009300,32.80415800 132.65045700,32.80405000 132.65090600,32.80385800 132.65114100,32.80382800 132.65162600,32.80373800 132.65189000,32.80360700 132.65298100,32.80288700 132.65312300,32.80276200 132.65332300,32.80244400 132.65342300,32.80222200 132.65355100,32.80209000 132.65377200,32.80198200 132.65546900,32.80114900 132.65567600,32.80108300 132.65596100,32.80106500 132.65621100,32.80108900 132.65646800,32.80111200 132.65675300,32.80124400 132.65706700,32.80153200
			</coordinates>
		</LineString>
	</Placemark>
	<Placemark>
		<name>SHIKOKU_KCH_31</name>
		<description>漁業とウバメガシのみち</description>
		<styleUrl>#lineStyle0</styleUrl>
		<LineString>
			<coordinates> 132.65706700,32.80153200 132.65732400,32.80190300 132.65737800,32.80217400 132.65742100,32.80239600 132.65729500,32.80257400 132.65675600,32.80331600 132.65623600,32.80411700 132.65622200,32.80436600 132.65635800,32.80443800 132.65683600,32.80457300 132.65702900,32.80473000 132.65702200,32.80497300 132.65695700,32.80512300 132.65674300,32.80526600 132.65680000,32.80553700 132.65677900,32.80568000 132.65615100,32.80609400 132.65609400,32.80623000 132.65612900,32.80633700 132.65648600,32.80648600 132.65658600,32.80658600 132.65634400,32.80676500 132.65622200,32.80687900 132.65619400,32.80707900 132.65622200,32.80720700 132.65631500,32.80752900 132.65628600,32.80765700 132.65612200,32.80772400 132.65595100,32.80764300 132.65573700,32.80735000 132.65552300,32.80718600 132.65545100,32.80702900 132.65516600,32.80672200 132.65490200,32.80655800 132.65458000,32.80648600 132.65425900,32.80650800 132.65400900,32.80662900 132.65385900,32.80678200 132.65384400,32.80693800 132.65377300,32.80721300 132.65354500,32.80742900 132.65340200,32.80759700 132.65330200,32.80774100 132.65317400,32.80776500 132.65301700,32.80775300 132.65287500,32.80753700 132.65270300,32.80717700 132.65207600,32.80718900 132.65187600,32.80747700 132.65180500,32.80772900 132.65180500,32.80790800 132.65170500,32.80804000 132.65154800,32.80819600 132.65142000,32.80836400 132.65127700,32.80854400 132.65100600,32.80858000 132.65077800,32.80859200 132.65035200,32.80875300 132.64985800,32.80889700 132.64888800,32.80896100 132.64848900,32.80910500 132.64864100,32.80934400 132.64871700,32.80960000 132.64879300,32.80974400 132.64930500,32.81000200 132.64944800,32.81015100 132.64938800,32.81044100 132.64915000,32.81056100 132.64904300,32.81072100 132.64907900,32.81092000 132.64909100,32.81110000 132.64887700,32.81118000 132.64863900,32.81123000 132.64847300,32.81125000 132.64844900,32.81134000 132.64867500,32.81168000 132.64886500,32.81179900 132.64893600,32.81185900 132.64890100,32.81197900 132.64853200,32.81228900 132.64802100,32.81250900 132.64721300,32.81259800 132.64676200,32.81267800 132.64648800,32.81276800 132.64593000,32.81323800 132.64564500,32.81359700 132.64552600,32.81387700 132.64555000,32.81404700 132.64578700,32.81424600 132.64614400,32.81428600 132.64646500,32.81427600 132.64680900,32.81419600 132.64710600,32.81423600 132.64738000,32.81438600 132.64767700,32.81457600 132.64784300,32.81460600 132.64802100,32.81451600 132.64821200,32.81422600 132.64834200,32.81386700 132.64847300,32.81356700 132.64905500,32.81317800 132.64944800,32.81355700 132.64956600,32.81361700 132.64975600,32.81354700 132.65005400,32.81328800 132.65022000,32.81325800 132.65068300,32.81367700 132.65093300,32.81376700 132.65113500,32.81370700 132.65126600,32.81358700 132.65162200,32.81342700 132.65189600,32.81329800 132.65206200,32.81310800 132.65213300,32.81306800 132.65232300,32.81311800 132.65246600,32.81323800 132.65263200,32.81327800 132.65284600,32.81323800 132.65294700,32.81323600 132.65302500,32.81336800 132.65304000,32.81417100 132.65318900,32.81444700 132.65331100,32.81466300 132.65352500,32.81471100 132.65377400,32.81471700 132.65398800,32.81469300 132.65427300,32.81460900 132.65447300,32.81460300 132.65485100,32.81475800 132.65513600,32.81507000 132.65552100,32.81520200 132.65607000,32.81555500 132.65612700,32.81553200 132.65617000,32.81480000 132.65623400,32.81471700 132.65634800,32.81460900 132.65654100,32.81459100 132.65692600,32.81459700 132.65709700,32.81455500 132.65726800,32.81446500 132.65736800,32.81433300 132.65734600,32.81418900 132.65736800,32.81405700 132.65743200,32.81396700 132.65821600,32.81402700 132.65871500,32.81387200 132.65910000,32.81365600 132.65925800,32.81357900 132.65941000,32.81362700 132.65958100,32.81376300 132.65985700,32.81369900 132.66016100,32.81358700 132.66032300,32.81358700 132.66034200,32.81366700 132.66029400,32.81378600 132.65999000,32.81395400 132.65975200,32.81406600 132.65948600,32.81413800 132.65906800,32.81426600 132.65874400,32.81449000 132.65846900,32.81476900 132.65816400,32.81529700 132.65758500,32.81577600 132.65745100,32.81627100 132.65744200,32.81661500 132.65754700,32.81693500 132.65755600,32.81716600 132.65748900,32.81748600 132.65754700,32.81769400 132.65763200,32.81798900 132.65760400,32.81834100 132.65755900,32.81862300 132.65773000,32.81891800 132.65787300,32.81913400 132.65782500,32.81953400 132.65738800,32.82092400 132.65740700,32.82122700 132.65742600,32.82163500 132.65729300,32.82220200 132.65718800,32.82278500 132.65724500,32.82300100 132.65755900,32.82305700 132.65779700,32.82331300 132.65814900,32.82385600 132.65817000,32.82415700 132.65813400,32.82460600 132.65802700,32.82501600 132.65802700,32.82514600 132.65825300,32.82531500 132.65866900,32.82540500 132.65925100,32.82556500 132.65962000,32.82598500 132.66000000,32.82608400 132.66026200,32.82606400 132.66073700,32.82588500 132.66095100,32.82578500 132.66112900,32.82614400 132.66110500,32.82649400 132.66114100,32.82690300 132.66108200,32.82722300 132.66054700,32.82761200 132.66038000,32.82798200 132.66002400,32.82844100 132.65981000,32.82869100 132.65975600,32.82888900 132.65980400,32.82909700 132.65999400,32.82914500 132.66028900,32.82945600 132.66045000,32.82951200 132.66099200,32.82944800 132.66104900,32.82948800 132.66122000,32.82966400 132.66153400,32.82976000 132.66195200,32.82971200 132.66235200,32.82995100 132.66253200,32.82997500 132.66270300,32.82987200 132.66288400,32.82973600 132.66296000,32.82968800 132.66324500,32.82991200 132.66339700,32.82998300 132.66359700,32.82994300 132.66374900,32.82980000 132.66384400,32.82967200 132.66419600,32.82959200 132.66430100,32.82952800 132.66450000,32.82970400 132.66450000,32.82999100 132.66429100,32.83051900 132.66416700,32.83081400 132.66397700,32.83106200 132.66399600,32.83120600 132.66413900,32.83126200 132.66446200,32.83134900 132.66459500,32.83151700 132.66486200,32.83160500 132.66508000,32.83161300 132.66564100,32.83208400 132.66564100,32.83222800 132.66554600,32.83234000 132.66530800,32.83259600 132.66527000,32.83270800 132.66538400,32.83280300 132.66578400,32.83297100 132.66606900,32.83317100 132.66644900,32.83345000 132.66685300,32.83353200 132.66683900,32.83403500 132.66661100,32.83422700 132.66616900,32.83438200 132.66591200,32.83435800 132.66552700,32.83402300 132.66534200,32.83397500 132.66507100,32.83399900 132.66480000,32.83404700 132.66455700,32.83407100 132.66441500,32.83408300 132.66437200,32.83422700 132.66437900,32.83438800 132.66420800,32.83446000 132.66407200,32.83460400 132.66407200,32.83488600 132.66408700,32.83504100 132.66408000,32.83510700 132.66378000,32.83511300 132.66360900,32.83510700 132.66350200,32.83519700 132.66346600,32.83533500 132.66348800,32.83556300 132.66343800,32.83568300 132.66288200,32.83571200 132.66261100,32.83571200 132.66242500,32.83579600 132.66228300,32.83592800 132.66223300,32.83608400 132.66214700,32.83620400 132.66200500,32.83626400 132.66184100,32.83627000 132.66159100,32.83636000 132.66132700,32.83655700 132.66127700,32.83668300 132.66139100,32.83692900 132.66124500,32.83706500 132.66092500,32.83719700 132.66049000,32.83729900 132.66031800,32.83737600 132.66018300,32.83755600 132.66006900,32.83795200 132.65991200,32.83807700 132.65969800,32.83822700 132.65964100,32.83837100 132.65981900,32.83863500 132.65985500,32.83885000 132.65990500,32.83901800 132.66016900,32.83921000 132.66059700,32.83938900 132.66103200,32.83968300 132.66131700,32.83976700 132.66155200,32.83987500 132.66170900,32.83982700 132.66181600,32.83964700 132.66190100,32.83964100 132.66203000,32.83970700 132.66220100,32.84004200 132.66232200,32.84024600 132.66240800,32.84056400 132.66258600,32.84072500 132.66285000,32.84073700 132.66302800,32.84059400 132.66323500,32.84043200 132.66335600,32.84037800 132.66352700,32.84043800 132.66385500,32.84044400 132.66480400,32.84013800 132.66486100,32.84005400 132.66476100,32.83947900 132.66477500,32.83936500 132.66488200,32.83935300 132.66499600,32.83938900 132.66549500,32.83962300 132.66565900,32.83962900 132.66577300,32.83960500 132.66604400,32.83966500 132.66628700,32.83968300 132.66642200,32.83964700 132.66665000,32.83957500 132.66674300,32.83960500 132.66675000,32.83967700 132.66659300,32.84023400 132.66655800,32.84043200 132.66667200,32.84052200 132.66689400,32.84059600 132.66710100,32.84063200 132.66738600,32.84049400 132.66750700,32.84047600 132.66768600,32.84056000 132.66781400,32.84072200 132.66812100,32.84082400 132.66832000,32.84082400 132.66849100,32.84063200 132.66865500,32.84047600 132.66873400,32.84039800 132.66929700,32.84031500 132.66947500,32.84014700 132.66967500,32.83987700 132.66990300,32.83954200 132.67013100,32.83950000 132.67062300,32.83944000 132.67068800,32.83934400 132.67078700,32.83905600 132.67104400,32.83902600 132.67133600,32.83920600 132.67143600,32.83945800 132.67157200,32.83972700 132.67173600,32.83981100 132.67211400,32.83975700 132.67233500,32.83973300 132.67256300,32.83984100 132.67277700,32.83990100 132.67290500,32.84000300 132.67301900,32.83999700 132.67331200,32.83974500 132.67340400,32.83979300 132.67342600,32.84015900 132.67359700,32.84021900 132.67392500,32.84020700 132.67412400,32.84028500 132.67426700,32.84024900 132.67453100,32.84012900 132.67466600,32.84012900 132.67491600,32.84023700 132.67493000,32.84039200 132.67463100,32.84084800 132.67462300,32.84096800 132.67466600,32.84109300 132.67478700,32.84121900 132.67527900,32.84141700 132.67572800,32.84160900 132.67636900,32.84179900 132.67635700,32.84205900 132.67640500,32.84233800 132.67667800,32.84246800
			</coordinates>
		</LineString>
	</Placemark>
	<Placemark>
		<name>SHIKOKU_KCH_32</name>
		<description>芳ノ沢のみち</description>
		<styleUrl>#lineStyle0</styleUrl>
		<LineString>
			<coordinates> 132.67667800,32.84246800 132.67646400,32.84252800 132.67614300,32.84249800 132.67445600,32.84214900 132.67425400,32.84212900 132.67369500,32.84188900 132.67327900,32.84186900 132.67237600,32.84166900 132.67180600,32.84143000 132.67165100,32.84148000 132.67154400,32.84160900 132.67158000,32.84175900 132.67179400,32.84211900 132.67210300,32.84232800 132.67232900,32.84316700 132.67230500,32.84341700 132.67221000,32.84355600 132.67186500,32.84380600 132.67160400,32.84397600 132.67150900,32.84419500 132.67148500,32.84477400 132.67204300,32.84578300 132.67204300,32.84614200 132.67186500,32.84626200 132.67169900,32.84630200 132.67167500,32.84616200 132.67153200,32.84618200 132.67146100,32.84633200 132.67123200,32.84651100 132.67107500,32.84679900 132.67118900,32.84711000 132.67120400,32.84721300 132.67113200,32.84723100 132.67075400,32.84702200 132.67075400,32.84687200 132.67091100,32.84660200 132.67091800,32.84645200 132.67088300,32.84628500 132.67076200,32.84622500 132.67067600,32.84632100 132.67067600,32.84645200 132.67061900,32.84660800 132.67049100,32.84665000 132.67015500,32.84671600 132.66965600,32.84696200 132.66941400,32.84706300 132.66932800,32.84739300 132.66910700,32.84765100 132.66869400,32.84785400 132.66843000,32.84791400 132.66813000,32.84792600 132.66805900,32.84801000 132.66808800,32.84825000 132.66843000,32.84856700 132.66846600,32.84884300 132.66856500,32.84900400 132.66858000,32.84916000 132.66865800,32.84926800 132.66862200,32.84937600 132.66845800,32.84937600 132.66823700,32.84941200 132.66808800,32.84949000 132.66795200,32.84957900 132.66788100,32.84956700 132.66771700,32.84937600 132.66764600,32.84930400 132.66738200,32.84931600 132.66719600,32.84931600 132.66699700,32.84901000 132.66689000,32.84898000 132.66663300,32.84898000 132.66656200,32.84898600 132.66637600,32.84869300 132.66618400,32.84864500 132.66585600,32.84867500 132.66560600,32.84871700 132.66554900,32.84881900 132.66558500,32.84898000 132.66556300,32.84910600 132.66547800,32.84928000 132.66554900,32.84939400 132.66570600,32.84950800 132.66570600,32.84958500 132.66549200,32.84966900 132.66533500,32.84985500 132.66525000,32.84992100 132.66507100,32.84990300 132.66487800,32.84983900 132.66468800,32.84979900 132.66455700,32.84982900 132.66445100,32.84996900 132.66461700,32.85033800 132.66460500,32.85050800 132.66449800,32.85057800 132.66421300,32.85056800 132.66398700,32.85061800 132.66384400,32.85078700 132.66373700,32.85089700 132.66350000,32.85087700 132.66331000,32.85088700 132.66312000,32.85103700 132.66304800,32.85122700 132.66308400,32.85148600 132.66298900,32.85171600 132.66300100,32.85195600 132.66313100,32.85215500 132.66384400,32.85253500 132.66382100,32.85264400 132.66374900,32.85284400 132.66340500,32.85284400 132.66294100,32.85295400 132.66243000,32.85325300 132.66229900,32.85340300 132.66225200,32.85351300 132.66234700,32.85362300 132.66252500,32.85366300 132.66271500,32.85362300 132.66298900,32.85341300 132.66321500,32.85340300 132.66340500,32.85341300 132.66344000,32.85354300 132.66323800,32.85369300 132.66313100,32.85383200 132.66312000,32.85395200 132.66320300,32.85402200 132.66333300,32.85407200 132.66333300,32.85420200 132.66323800,32.85430200 132.66290600,32.85447100 132.66282200,32.85464100 132.66278700,32.85488100 132.66266800,32.85510000 132.66266800,32.85522000 132.66272700,32.85531000 132.66290600,32.85536000 132.66339300,32.85547000 132.66338100,32.85559900 132.66329800,32.85578900 132.66335700,32.85587900 132.66345200,32.85592900 132.66426000,32.85595900 132.66426000,32.85604900 132.66391600,32.85633600 132.66399900,32.85645600 132.66428400,32.85660600 132.66486600,32.85660600 132.66524700,32.85647600 132.66537700,32.85649600 132.66537700,32.85656600 132.66534200,32.85670500 132.66537700,32.85679500 132.66548400,32.85695500 132.66548400,32.85703500 132.66530600,32.85713500 132.66525900,32.85725500 132.66535400,32.85729400 132.66555600,32.85740400 132.66571000,32.85795300 132.66575800,32.85819300 132.66577000,32.85837300 132.66555900,32.85884900 132.66557400,32.85904000 132.66560200,32.85930400 132.66557400,32.85946000 132.66557400,32.85962700 132.66565900,32.85977100 132.66578700,32.85980700 132.66637200,32.85955600 132.66655800,32.85959200 132.66677100,32.85966300 132.66695700,32.85966300 132.66741300,32.85942400 132.66752700,32.85943600 132.66761300,32.85956800 132.66764100,32.85999900 132.66752700,32.86016700 132.66755600,32.86027400 132.66759900,32.86043000 132.66758400,32.86058600 132.66772700,32.86074200 132.66789800,32.86107700 132.66805500,32.86112500 132.66834000,32.86108900 132.66875400,32.86105300 132.66912400,32.86075300 132.66985200,32.86051400 132.67005100,32.86049000 132.67063600,32.86077700 132.67073600,32.86096900 132.67073600,32.86130500 132.67073600,32.86165200 132.67095000,32.86215500 132.67093600,32.86238300 132.67077900,32.86314900 132.67089300,32.86326900 132.67119900,32.86336500 132.67137800,32.86338300 132.67166300,32.86328700 132.67184800,32.86329900 132.67196900,32.86338300 132.67227600,32.86362200 132.67265400,32.86359800 132.67281800,32.86358600 132.67291100,32.86364600 132.67289600,32.86371200 132.67282500,32.86388600 132.67279000,32.86400000 132.67290400,32.86414300 132.67313200,32.86417900 132.67330300,32.86422100 132.67338800,32.86432900 132.67345300,32.86452100 132.67356700,32.86463500 132.67398000,32.86470600 132.67415100,32.86460500 132.67436500,32.86437100 132.67470800,32.86401200 132.67512800,32.86391600 132.67535600,32.86393400 132.67537800,32.86404800 132.67525700,32.86449700 132.67520000,32.86481400 132.67519200,32.86504200 132.67529200,32.86520400 132.67568400,32.86534700 132.67619100,32.86544300 132.67624800,32.86558700 132.67619800,32.86569500 132.67582000,32.86620900 132.67582000,32.86631000 132.67588400,32.86642400 132.67632600,32.86669400 132.67642600,32.86674200 132.67672500,32.86674200 132.67685400,32.86710100 132.67696800,32.86725100 132.67716000,32.86734600 132.67775200,32.86743600 132.67790900,32.86755600 132.67792300,32.86792100 132.67805900,32.86796300 132.67816600,32.86795700 132.67829400,32.86795100 132.67857900,32.86829300 132.67865800,32.86834700 132.67878600,32.86858000 132.67886500,32.86864000 132.67917100,32.86870000 132.67936700,32.86874800 132.67947400,32.86882000 132.67976600,32.86907100 132.67986600,32.86910100 132.68016500,32.86901700 132.68030100,32.86908300 132.68037900,32.86922100 132.68046500,32.86932300 132.68076400,32.86934100 132.68100700,32.86953500 132.68114900,32.86957100 132.68129900,32.86958300 132.68133500,32.86966700 132.68137700,32.86993600 132.68165500,32.87032500 132.68194800,32.87076300 132.68239000,32.87117600 132.68275400,32.87158900 132.68300300,32.87163700 132.68346400,32.87164300 132.68364200,32.87160100 132.68378500,32.87148700 132.68408400,32.87097800 132.68422700,32.87071500 132.68430500,32.87060100 132.68441200,32.87056500 132.68468300,32.87057100 132.68503200,32.87055900 132.68511100,32.87066100 132.68508200,32.87077400 132.68478300,32.87103800 132.68474700,32.87112200 132.68474700,32.87169100 132.68474700,32.87202600 132.68496100,32.87220000 132.68534600,32.87234700 132.68582400,32.87256300 132.68600900,32.87259900 132.68626600,32.87260500 132.68648700,32.87266500 132.68665100,32.87264100 132.68679400,32.87258700 132.68690800,32.87251500 132.68700800,32.87239500 132.68705000,32.87217900 132.68702900,32.87181400 132.68693600,32.87158100 132.68691500,32.87140100 132.68694300,32.87127500 132.68751400,32.87047300 132.68761400,32.87028100 132.68773500,32.87024500 132.68805600,32.87033500 132.68805600,32.87044300 132.68802000,32.87074800 132.68812700,32.87087400 132.68827700,32.87088000 132.68856200,32.87088000 132.68866200,32.87097600 132.68869000,32.87120900 132.68878300,32.87127500 132.68901100,32.87132300 132.68918200,32.87137100 132.68949100,32.87139700 132.68956300,32.87148700 132.68956300,32.87192600 132.68961000,32.87206600 132.68975300,32.87210600 132.69001400,32.87205600 132.69013300,32.87202600 132.69021600,32.87211600 132.69019200,32.87240500 132.69021600,32.87253500 132.69035900,32.87259500 132.69060800,32.87256500 132.69081000,32.87242500 132.69100100,32.87243500 132.69107200,32.87254500 132.69110700,32.87282400 132.69127400,32.87291400 132.69161800,32.87292400 132.69174900,32.87260500 132.69196300,32.87262500 132.69245000,32.87261500 132.69274700,32.87247500 132.69290200,32.87250500 132.69294900,32.87260500 132.69294900,32.87279400 132.69279500,32.87341300 132.69291400,32.87350300 132.69327000,32.87348300 132.69352000,32.87362300 132.69366300,32.87356300 132.69381700,32.87337300 132.69393600,32.87330300 132.69404300,32.87331300 132.69410800,32.87341300 132.69418500,32.87352800 132.69427500,32.87353300 132.69434000,32.87348800 132.69413200,32.87307400 132.69402500,32.87304400 132.69391200,32.87307400 132.69377500,32.87315900 132.69359700,32.87328800 132.69348400,32.87331800 132.69334200,32.87329800 132.69324100,32.87319900 132.69322300,32.87310900 132.69326400,32.87295900 132.69363900,32.87230000 132.69365100,32.87150700 132.69371600,32.87111200 132.69384100,32.87081700 132.69394200,32.87068700 132.69391800,32.87057300 132.69384700,32.87051300 132.69362100,32.87048800 132.69350200,32.87041300 132.69329400,32.87019800 132.69306800,32.87007400 132.69290800,32.86998400 132.69279500,32.86988400 132.69283100,32.86975400 132.69312800,32.86989400 132.69366800,32.87019800 132.69398300,32.87036800 132.69432800,32.87044300 132.69469000,32.87046800 132.69497600,32.87038300 132.69524300,32.87032300 132.69572400,32.87030300 132.69587900,32.87021300 132.69610500,32.87005900 132.69622900,32.86996900 132.69647300,32.86988400 132.69694400,32.86981400 132.69716400,32.86970900 132.69735400,32.86947400 132.69761500,32.86926500 132.69771600,32.86911500 132.69774600,32.86891500 132.69770400,32.86835600 132.69773400,32.86818200 132.69807900,32.86770200 132.69897200,32.86658400 132.69955700,32.86587800 132.69987100,32.86529100 132.70059500,32.86384200 132.70092800,32.86332800 132.70174300,32.86268500 132.70303900,32.86176000 132.70287300,32.86151100 132.70292000,32.86118100 132.70343100,32.86035300 132.70350300,32.86003300 132.70393000,32.85944400 132.70406100,32.85877500 132.70452500,32.85840600 132.70488100,32.85828600 132.70558200,32.85770700 132.70583200,32.85732800 132.70596300,32.85693100 132.70613000,32.85671100 132.70642700,32.85661100 132.70690200,32.85645100 132.70715200,32.85619200 132.70768700,32.85549300 132.70761500,32.85529300 132.70810200,32.85513400 132.70831600,32.85513400 132.70881500,32.85526300 132.70917200,32.85523300 132.70962400,32.85509400 132.70987300,32.85488400 132.71008700,32.85464400 132.71034900,32.85451500 132.71053900,32.85450500 132.71083600,32.85466400 132.71122800,32.85490400 132.71164400,32.85501400 132.71236900,32.85501400 132.71299900,32.85484400 132.71345000,32.85474400 132.71390200,32.85459500 132.71418700,32.85459500 132.71453200,32.85483400 132.71452000,32.85514400 132.71442500,32.85539300 132.71444800,32.85552300 132.71466200,32.85565300 132.71496000,32.85565300 132.71512600,32.85555300 132.71524500,32.85531300 132.71519700,32.85496400 132.71513800,32.85465400 132.71510900,32.85438700 132.71527600,32.85374800 132.71552500,32.85347800 132.71601200,32.85320900 132.71613100,32.85304900 132.71611900,32.85258000 132.71615500,32.85235000 132.71617900,32.85219100 132.71616700,32.85195100 132.71603600,32.85182100 132.71584600,32.85171100 132.71590500,32.85156200 132.71631000,32.85127200
			</coordinates>
		</LineString>
	</Placemark>
	<Placemark>
		<name>SHIKOKU_KCH_33</name>
		<description>松尾峠へのみち</description>
		<styleUrl>#lineStyle0</styleUrl>
		<LineString>
			<coordinates> 132.69616300,32.93046000 132.69608500,32.93136800 132.69602800,32.93208600 132.69597100,32.93221800 132.69444500,32.93251700 132.69417400,32.93269700 132.69384600,32.93330700 132.69384600,32.93359400 132.69377500,32.93397700 132.69348900,32.93464800 132.69271700,32.93490900 132.69230800,32.93630500 132.69223200,32.93736600 132.69225100,32.93750200 132.69227000,32.93784500 132.69154700,32.93883400 132.68991200,32.93968000 132.68965500,32.93974400 132.68933200,32.93978400 132.68863100,32.94021400 132.68846000,32.94027400 132.68814600,32.94040600 132.68796000,32.94050100 132.68786100,32.94070500 132.68777500,32.94081300 132.68771800,32.94120800 132.68760400,32.94135100 132.68753000,32.94157700 132.68744700,32.94168100 132.68720600,32.94156500 132.68714800,32.94154900 132.68699600,32.94164300 132.68677500,32.94166000 132.68640000,32.94160100 132.68599200,32.94119300 132.68569300,32.94068100 132.68560700,32.94047700 132.68514100,32.94043100 132.68515800,32.94065400 132.68524000,32.94087000 132.68511500,32.94100300 132.68502900,32.94107500 132.68484400,32.94108200 132.68455100,32.94113900 132.68448000,32.94121800 132.68451500,32.94141000 132.68452300,32.94170300 132.68445800,32.94193100 132.68438700,32.94202400 132.68410900,32.94221700 132.68353700,32.94243100 132.68315600,32.94247700 132.68308100,32.94253800 132.68280900,32.94279500 132.68275900,32.94266700 132.68285200,32.94216000 132.68312300,32.94191700 132.68316600,32.94183900 132.68323000,32.94160300 132.68330900,32.94148200 132.68348000,32.94135300 132.68348100,32.94123200 132.68356600,32.94106000 132.68365900,32.94096800 132.68369600,32.94082500 132.68348200,32.94086900 132.68318300,32.94106400 132.68301200,32.94123100 132.68288400,32.94136300 132.68291200,32.94143500 132.68284100,32.94166200 132.68274100,32.94187800 132.68259800,32.94212900 132.68239900,32.94214100 132.68211300,32.94203300 132.68195700,32.94208100 132.68192800,32.94224900 132.68180000,32.94242800 132.68147200,32.94260800 132.68104400,32.94266800 132.68081600,32.94266800 132.68051600,32.94256000 132.68017400,32.94263200 132.68008800,32.94273900 132.67970300,32.94281100 132.67914700,32.94271500 132.67879600,32.94273100 132.67880800,32.94263300 132.67883200,32.94250500 132.67886500,32.94236700 132.67887700,32.94230700 132.67881300,32.94221000 132.67852300,32.94228100 132.67828500,32.94227600 132.67811800,32.94229500 132.67792300,32.94220000 132.67768500,32.94241000 132.67750400,32.94240500 132.67737900,32.94277500 132.67725100,32.94301500 132.67710800,32.94309800 132.67702200,32.94323000 132.67685100,32.94331400 132.67656600,32.94342200 132.67625200,32.94378100 132.67609700,32.94390100 132.67582400,32.94404000 132.67565800,32.94427000 132.67549100,32.94427000 132.67521800,32.94419000 132.67496800,32.94405000 132.67474300,32.94398000 132.67455300,32.94383100 132.67457600,32.94338200 132.67448200,32.94309100 132.67472400,32.94315400 132.67474500,32.94344000 132.67472400,32.94316200 132.67448500,32.94310200
			</coordinates>
		</LineString>
	</Placemark>
	<Placemark>
		<name>SHIKOKU_KCH_34</name>
		<description>谷地・佐川へのみち</description>
		<styleUrl>#lineStyle0</styleUrl>
		<LineString>
			<coordinates> 133.37515300,33.53495500 133.37514100,33.53433000 133.37520100,33.53346900 133.37539100,33.53208400 133.37543800,33.53143000 133.37540300,33.53120200 133.37531900,33.53104400 133.37477300,33.53031100 133.37447600,33.52969600 133.37425000,33.52949800 133.37414300,33.52901300 133.37397700,33.52871600 133.37376300,33.52831900 133.37376300,33.52799200 133.37390500,33.52745700 133.37396500,33.52706100 133.37383400,33.52682300 133.37312100,33.52621900 133.37256200,33.52596100 133.37212300,33.52571400 133.37128800,33.52514400 133.37088900,33.52483500 133.37073900,33.52463300 133.37036900,33.52405600 133.37014000,33.52365800 133.36994100,33.52351500 133.36976200,33.52339100 133.36959100,33.52304000 133.36949900,33.52253500 133.36947500,33.52220800 133.36945100,33.52176200 133.36933200,33.52149400 133.36896400,33.52131600 133.36864300,33.52122700 133.36834600,33.52122700 133.36756200,33.52123700 133.36681300,33.52118700 133.36619500,33.52081100 133.36545800,33.52028600 133.36476000,33.51964700 133.36435400,33.51885600 133.36408300,33.51824400 133.36393300,33.51788100 133.36394800,33.51738200 133.36379100,33.51700700 133.36357700,33.51677500 133.36323500,33.51665600 133.36270700,33.51656100 133.36206500,33.51649600 133.36146800,33.51647000 133.36059800,33.51614900 133.35972100,33.51587600 133.35895800,33.51569200 133.35820900,33.51540600 133.35771700,33.51543000 133.35777400,33.51507900 133.35788100,33.51495400 133.35777400,33.51459800 133.35721800,33.51384300 133.35704000,33.51356800 133.35644000,33.51290900 133.35623800,33.51285400 133.35585100,33.51273500 133.35543500,33.51263600 133.35514400,33.51255200 133.35494200,33.51243800 133.35449700,33.51153600 133.35448500,33.51128900 133.35455000,33.51115100 133.35471600,33.51102700 133.35488300,33.51093300 133.35503700,33.51080400 133.35514400,33.51069000 133.35513800,33.51058600 133.35508500,33.51048200 133.35496000,33.51039300 133.35471600,33.51040300 133.35432400,33.51039300 133.35330200,33.51009100 133.35302300,33.50983300 133.35273200,33.50969900 133.35247000,33.50940200 133.35227400,33.50914500 133.35207800,33.50902600 133.35204300,33.50894100 133.35204900,33.50880800 133.35205200,33.50871000 133.35186200,33.50851900 133.35140500,33.50818600 133.35112900,33.50815500 133.35084400,33.50813100 133.35067300,33.50800400 133.35057800,33.50771100 133.35027400,33.50742500 133.34989400,33.50712400 133.34939000,33.50691000 133.34918100,33.50679900 133.34875300,33.50629200 133.34844800,33.50632300 133.34813500,33.50644200 133.34766900,33.50649800 133.34729800,33.50646600 133.34688000,33.50632300 133.34656600,33.50607800 133.34630000,33.50595900 133.34556800,33.50569700 133.34531100,33.50555400 133.34527300,33.50541200 133.34523500,33.50523700 133.34514000,33.50510300 133.34485500,33.50503100 133.34448400,33.50491200 133.34420800,33.50477000 133.34366600,33.50445300 133.34326000,33.50433300 133.34259000,33.50420800 133.34236100,33.50412500 133.34210500,33.50411900 133.34195500,33.50405900 133.34170500,33.50376800 133.34150600,33.50358300 133.34103500,33.50322100 133.34089300,33.50317900 133.34080000,33.50320900 133.34079300,33.50326200 133.34084300,33.50335800 133.34136300,33.50381500 133.34160600,33.50456500 133.34169800,33.50460600 133.34185500,33.50463000 133.34204100,33.50466600 133.34208300,33.50473100 133.34206900,33.50477900 133.34196200,33.50481600 133.34168800,33.50484500 133.34152200,33.50484500 133.34104700,33.50437000 133.34094000,33.50410200 133.34052400,33.50379500 133.34026200,33.50376500 133.33987000,33.50379500 133.33919300,33.50409200 133.33905000,33.50407300 133.33894300,33.50392400 133.33882400,33.50378500 133.33865800,33.50369600 133.33867000,33.50355700 133.33881200,33.50320000 133.33881200,33.50283400 133.33869300,33.50244700 133.33853900,33.50227900 133.33848000,33.50199200 133.33840800,33.50184300 133.33812300,33.50168400 133.33813500,33.50131000 133.33789700,33.50115100 133.33783800,33.50104200 133.33787400,33.50093300 133.33808700,33.50091300 133.33843200,33.50092300 133.33855100,33.50086400 133.33870500,33.50075500 133.33887200,33.50067600 133.33895500,33.50061600 133.33900200,33.50053700 133.33872900,33.50033900 133.33867000,33.49989300 133.33856300,33.49966500 133.33830100,33.49946700 133.33808700,33.49891200 133.33799200,33.49852500 133.33823000,33.49817800 133.33827800,33.49804900 133.33834900,33.49762300 133.33850300,33.49730600 133.33856300,33.49680100 133.33846800,33.49656300 133.33842000,33.49621600 133.33820600,33.49591900 133.33820600,33.49570100 133.33832100,33.49531000 133.33723700,33.49518300 133.33678100,33.49512800 133.33650500,33.49498500 133.33594400,33.49459700 133.33550700,33.49439000 133.33507900,33.49427900 133.33473700,33.49424000 133.33440400,33.49424800 133.33342500,33.49355800 133.33180900,33.49244800 133.33115300,33.49193300 133.32991100,33.49112700 133.32920800,33.49073100 133.32908400,33.49058800 133.32871300,33.49012800 133.32828600,33.48975500 133.32753400,33.48929600 133.32688800,33.48902600 133.32529100,33.48846300 133.32441600,33.48814600 133.32410200,33.48811400 133.32377000,33.48821700 133.32353200,33.48824900 133.32346500,33.48843100 133.32339900,33.48844700 133.32332300,33.48842300 133.32312300,33.48828900 133.32297100,33.48826500 133.32291200,33.48829700 133.32288400,33.48836800 133.32289300,33.48851100 133.32280700,33.48861400 133.32261700,33.48862200 133.32250300,33.48855000 133.32241800,33.48842300 133.32224700,33.48833600 133.32215100,33.48835200 133.32182800,33.48843100 133.32161000,33.48828100 133.32148600,33.48828100 133.32103000,33.48832800 133.32064000,33.48828900 133.32026000,33.48820900 133.32006900,33.48820900 133.31986000,33.48819300 133.31989800,33.48812200 133.32005000,33.48809800 133.32026900,33.48809800 133.32054500,33.48813800 133.32076300,33.48817800 133.32102000,33.48817800 133.32120100,33.48815400 133.32144800,33.48806700 133.32166700,33.48805100 133.32186600,33.48808200 133.32202800,33.48806700 133.32225600,33.48803500 133.32238900,33.48799500 133.32232300,33.48792400 133.32212300,33.48787600 133.32162900,33.48790800 133.32112500,33.48802700 133.32076300,33.48803500 133.32042100,33.48796400 133.31995500,33.48782900 133.31929900,33.48762300 133.31877600,33.48748000 133.31859600,33.48746400 133.31833000,33.48748000 133.31812000,33.48743200 133.31779700,33.48732100 133.31762600,33.48729700 133.31742600,33.48731300 133.31704600,33.48751200 133.31700800,33.48757500 133.31698900,33.48771000 133.31694200,33.48782900 133.31683700,33.48781300 133.31659900,33.48767800 133.31632400,33.48766200 133.31591500,33.48759100 133.31576300,33.48754300 133.31577200,33.48744800 133.31585800,33.48738500 133.31612400,33.48738500 133.31636200,33.48739300 133.31650400,33.48743200 133.31667500,33.48751200 133.31672300,33.48750400 133.31674200,33.48742400 133.31670400,33.48727400 133.31672300,33.48716300 133.31685600,33.48703600 133.31692300,33.48700400 133.31717000,33.48695700 133.31724600,33.48690100 133.31749300,33.48679800 133.31762600,33.48670300 133.31760700,33.48659200 133.31734100,33.48650500 133.31717000,33.48652000 133.31707500,33.48666300 133.31684600,33.48663100 133.31663700,33.48679000 133.31656100,33.48699600 133.31637100,33.48706000 133.31582000,33.48699600 133.31469800,33.48683800 133.31395600,33.48658400 133.31315800,33.48612400 133.31243500,33.48620300 133.31171300,33.48609200 133.31070500,33.48614000 133.30975400,33.48628300 133.30840400,33.48637800 133.30745300,33.48660000 133.30716800,33.48680600 133.30594800,33.48864800 133.30517800,33.48974200 133.30436500,33.49084800 133.30333900,33.49194200 133.30268300,33.49269100 133.30211200,33.49350000 133.30162700,33.49429700 133.30081400,33.49558100 133.30042900,33.49561700 133.29961700,33.49637800 133.29941700,33.49667500 133.29924600,33.49668700 133.29908900,33.49647300 133.29908900,33.49610400 133.29896100,33.49565300 133.29876100,33.49516500 133.29867500,33.49473700 133.29882000,33.49403700 133.29883400,33.49311000 133.29863500,33.49233700 133.29846400,33.49209900 133.29787900,33.49189700 133.29716600,33.49214600 133.29652400,33.49251500 133.29608200,33.49302700 133.29595400,33.49344300 133.29585400,33.49389500 133.29566800,33.49409700 133.29526900,33.49396600 133.29514100,33.49341900 133.29514100,33.49307400 133.29502700,33.49283600 133.29462700,33.49288400 133.29434200,33.49340700 133.29410000,33.49371600 133.29395700,33.49381200 133.29372900,33.49375200 133.29337200,33.49352600 133.29305900,33.49328800 133.29265900,33.49309800 133.29218900,33.49306200 133.29174700,33.49311000 133.29166100,33.49330000 133.29140400,33.49338300 133.29120500,33.49346700 133.29110500,33.49356200 133.29173200,33.49402600 133.29198900,33.49447700 133.29234600,33.49482200 133.29260200,33.49492900 133.29297300,33.49503600 133.29324400,33.49517900 133.29361500,33.49566700 133.29371500,33.49604700 133.29360100,33.49640400 133.29334400,33.49668900 133.29317300,33.49677400 133.29293500,33.49689300 133.29273300,33.49729000 133.29273300,33.49744800 133.29286400,33.49763600 133.29290000,33.49788400 133.29279300,33.49813200 133.29248400,33.49848900 133.29219900,33.49869700 133.29225800,33.49945000 133.29035700,33.49941000 133.28982200,33.49950000 133.28743300,33.49948000 133.28688600,33.49950000 133.28655400,33.49951900 133.28629200,33.49969800 133.28603100,33.49992600 133.28594800,33.50009400 133.28578100,33.50076800 133.28576900,33.50142200 133.28584100,33.50230400 133.28580500,33.50284900 133.28580500,33.50306500 133.28663700,33.50306500
			</coordinates>
		</LineString>
	</Placemark>
	<Placemark>
		<name>SHIKOKU_KCH_35</name>
		<description>赤土峠志士脱藩のみち</description>
		<styleUrl>#lineStyle0</styleUrl>
		<LineString>
			<coordinates> 133.26111200,33.52167200 133.26010100,33.52265400 133.25983300,33.52274300 133.25944700,33.52271300 133.25920900,33.52241600 133.25917900,33.52179100 133.25938700,33.52048200 133.25980400,33.51963400 133.26054100,33.51794000 133.26198800,33.51748600 133.26233100,33.51734300 133.26268200,33.51706600 133.26295800,33.51671700 133.26313900,33.51647900 133.26331000,33.51640000 133.26354800,33.51632100 133.26435100,33.51481000 133.26450300,33.51465100 133.26471200,33.51465100 133.26492100,33.51481000 133.26494000,33.51507900 133.26492100,33.51538000 133.26492100,33.51557100 133.26511200,33.51553900 133.26538500,33.51518400 133.26555100,33.51484700 133.26577700,33.51464900 133.26624100,33.51464900 133.26643100,33.51471800 133.26644300,33.51493600 133.26641900,33.51503500 133.26640700,33.51519400 133.26653800,33.51522400 133.26707200,33.51503500 133.26723900,33.51493600 133.26735800,33.51465900 133.26750000,33.51454000 133.26771400,33.51451000 133.26820100,33.51460000 133.26826100,33.51476800 133.26835600,33.51488700 133.26885500,33.51486700 133.26915200,33.51511500 133.26929500,33.51509500 133.26941400,33.51495600 133.26941400,33.51479800 133.26952000,33.51469900 133.26979400,33.51470900 133.27006700,33.51483700 133.27018600,33.51501600 133.27068500,33.51514400 133.27070900,33.51495600 133.27067300,33.51462900 133.27066400,33.51436400 133.27062900,33.51426900 133.27119200,33.51318700 133.27162000,33.51239600 133.27173500,33.51216000 133.27212800,33.51183400 133.27224600,33.51166500 133.27276900,33.51142700 133.27443300,33.51104100 133.27574000,33.51077300 133.27702400,33.51046600 133.27932900,33.50926700 133.28092200,33.50923700 133.28123100,33.50906900 133.28120700,33.50885100 133.28094600,33.50872200 133.28054100,33.50863300 133.28005400,33.50861300 133.27980500,33.50862300 133.27900800,33.50873200 133.27829500,33.50879200 133.27777200,33.50879200 133.27736800,33.50873200 133.27710700,33.50876200 133.27692900,33.50870200 133.27678600,33.50870200 133.27654800,33.50875200 133.27634600,33.50871200 133.27618000,33.50865300 133.27603700,33.50853400 133.27585900,33.50837500 133.27569300,33.50817700 133.27553800,33.50778100 133.27532400,33.50717600 133.27514600,33.50668100 133.27503900,33.50657200 133.27496800,33.50639400 133.27518300,33.50354600 133.27527200,33.50220800 133.27539600,33.50184000 133.27568100,33.50135200 133.27602300,33.50105500 133.27619400,33.50069800 133.27626500,33.50034200 133.27628000,33.49998500 133.27605200,33.49968800 133.27593700,33.49935500 133.27600900,33.49904500 133.27608000,33.49874800 133.27605200,33.49841500 133.27595200,33.49824900 133.27568100,33.49797500 133.27548100,33.49766600 133.27532400,33.49729700 133.27523900,33.49702400 133.27536700,33.49683400 133.27546700,33.49663100 133.27552400,33.49648900 133.27568100,33.49645300 133.27609400,33.49628600 133.27660800,33.49603700 133.27653600,33.49579900 133.27675000,33.49566800 133.27702100,33.49553700 133.27699300,33.49528800 133.27715000,33.49520400 133.27746300,33.49476400 133.27716400,33.49458800 133.27660800,33.49404100 133.27583800,33.49373200 133.27542400,33.49345800 133.27502500,33.49323200 133.27482500,33.49316100 133.27438300,33.49279200 133.27404100,33.49249500 133.27375600,33.49235200 133.27327100,33.49221000 133.27195900,33.49157900 133.27247200,33.49068700 133.27277200,33.48962900 133.27292800,33.48876100 133.27311400,33.48842800 133.27355600,33.48815400 133.27402600,33.48786900 133.27450700,33.48704400 133.27473600,33.48660300 133.27476400,33.48628200 133.27469300,33.48490300 133.27466400,33.48446300 133.27485000,33.48415300 133.27514900,33.48386800 133.27573400,33.48347500 133.27687500,33.48297600 133.27787900,33.48235300 133.27789800,33.48175000 133.27835400,33.48075900 133.27888700,33.47983900 133.27905800,33.47971200 133.27961900,33.47954600 133.27951200,33.47910400 133.27939800,33.47877100 133.27932700,33.47856300 133.27917700,33.47837800 133.27912700,33.47825300 133.27909900,33.47787300 133.27909100,33.47759900 133.27910600,33.47748600 133.27919100,33.47724800 133.27944800,33.47681400 133.27978300,33.47673100 133.28052500,33.47672500 133.28133900,33.47656400 133.28167100,33.47629700 133.28233700,33.47606900 133.28316900,33.47583100 133.28357300,33.47579100 133.28413100,33.47571200 133.28414300,33.47558300 133.28474900,33.47561300 133.28589000,33.47562300 133.28674300,33.47743200 133.28984200,33.47722600 133.29016500,33.47749500 133.29117300,33.47751100 133.29143900,33.47774900 133.29221900,33.47782800 133.29267500,33.47803500 133.29311300,33.47803500 133.29355000,33.47819300 133.29381000,33.47844500 133.29419700,33.47880200 133.29458500,33.47906700 133.29479200,33.47936700 133.29485100,33.47963500 133.29503000,33.47999200 133.29532700,33.48023000 133.29571400,33.48040800 133.29621900,33.48043800 133.29708200,33.48043800 133.29703500,33.48074300 133.29700000,33.48104100 133.29735600,33.48126900 133.29780800,33.48178400 133.29786700,33.48198200 133.29786700,33.48217100 133.29780800,33.48237900 133.29787900,33.48298000 133.29790300,33.48331600 133.29803300,33.48374300 133.29789100,33.48395100 133.29780800,33.48447600 133.29824700,33.48508100 133.29765900,33.48547500 133.29758300,33.48573700 133.29845800,33.48607800 133.29929500,33.48676000 133.29992200,33.48749700 133.30030200,33.48854400 133.30045400,33.48929700 133.30051100,33.49001800 133.30047300,33.49053200 133.30039700,33.49107100 133.30030200,33.49143600 133.30007400,33.49189600 133.29969400,33.49238800 133.29941800,33.49272100 133.29882000,33.49403700
			</coordinates>
		</LineString>
	</Placemark>
	<Placemark>
		<name>SHIKOKU_KCH_36</name>
		<description>横倉修験のみち</description>
		<styleUrl>#lineStyle0</styleUrl>
		<LineString>
			<coordinates> 133.24320000,33.53461100 133.24299800,33.53484900 133.24291500,33.53520600 133.24286800,33.53565200 133.24312900,33.53583000 133.24309300,33.53616700 133.24290300,33.53629500 133.24280800,33.53641400 133.24266500,33.53675100 133.24249900,33.53685000 133.24222600,33.53693900 133.24202400,33.53697900 133.24188100,33.53711800 133.24177400,33.53708800 133.24171500,33.53699900 133.24179800,33.53691000 133.24226100,33.53678100 133.24239200,33.53670200 133.24251100,33.53644400 133.24266500,33.53613700 133.24264200,33.53601800 133.24259400,33.53593900 133.24219000,33.53586000 133.24184500,33.53563200 133.24166700,33.53551300 133.24128700,33.53537400 133.24119200,33.53530500 133.24116800,33.53517600 133.24128700,33.53495800 133.24169100,33.53461100 133.24181000,33.53443300 133.24204800,33.53432400 133.24204800,33.53419500 133.24165500,33.53396800 133.24141800,33.53389800 133.24137000,33.53381900 133.24135800,33.53369000 133.24135800,33.53358100 133.24127500,33.53346200 133.24112100,33.53344300 133.24096600,33.53354200 133.24089500,33.53370000 133.24095400,33.53397700 133.24096600,33.53414600 133.24100200,33.53428500 133.24066900,33.53451200 133.24037200,33.53490900 133.23989700,33.53548300 133.23975400,33.53560200 133.23950400,33.53571100 133.23925500,33.53581000 133.23919500,33.53604800 133.23916000,33.53636500 133.23944500,33.53691900 133.23964700,33.53710800 133.23969400,33.53729600 133.23969400,33.53740500 133.23935000,33.53759300 133.23919500,33.53758300 133.23914800,33.53754400 133.23914800,33.53745400 133.23939700,33.53733500 133.23942100,33.53718700 133.23923100,33.53705800 133.23906500,33.53688000 133.23845900,33.53596900 133.23845900,33.53570100 133.23835200,33.53559200 133.23811400,33.53564200 133.23788800,33.53566100 133.23775700,33.53565200 133.23756700,33.53553300 133.23738900,33.53494800 133.23713900,33.53480000 133.23698500,33.53473000 133.23693700,33.53465100 133.23703200,33.53427500 133.23716300,33.53417600 133.23719900,33.53400700 133.23715100,33.53390800 133.23698500,33.53383900 133.23690200,33.53388800 133.23679500,33.53395800 133.23672300,33.53407600 133.23666400,33.53415600 133.23654500,33.53417600 133.23628400,33.53412600 133.23618900,33.53404700 133.23617700,33.53394800 133.23630800,33.53385900 133.23645000,33.53371000 133.23652100,33.53344300 133.23684200,33.53329400 133.23681900,33.53316500 133.23673500,33.53302600 133.23643800,33.53300700 133.23622400,33.53285800 133.23595100,33.53268000 133.23569000,33.53261000 133.23546400,33.53257100 133.23519000,33.53257100 133.23498800,33.53267000 133.23471500,33.53266000 133.23445400,33.53270000 133.23362200,33.53291700 133.23230300,33.53277900 133.23173600,33.53275300 133.23135100,33.53265700 133.23088000,33.53247900 133.23058100,33.53228900 133.23046700,33.53217000 133.23009600,33.53211100 133.22978200,33.53209900 133.22939700,33.53196800 133.22914000,33.53199200 133.22847000,33.53221800 133.22821300,33.53218200 133.22799900,33.53214600 133.22770000,33.53230100 133.22728600,33.53269300 133.22724400,33.53281200 133.22741500,33.53338300 133.22737200,33.53364400 133.22720100,33.53408400 133.22684400,33.53427400 133.22655900,33.53422700 133.22635900,33.53425000 133.22607400,33.53427400 133.22593200,33.53426200 133.22590300,33.53409600 133.22598900,33.53402400 133.22634500,33.53401300 133.22647400,33.53398900 133.22664500,33.53387000 133.22668700,33.53375100 133.22653100,33.53300200 133.22655900,33.53278800 133.22740100,33.53194400 133.22755700,33.53181300 133.22755700,33.53167100 133.22744300,33.53159900 133.22731500,33.53159900 133.22727200,33.53171800 133.22727200,33.53187300 133.22724400,33.53201600 133.22701500,33.53211100 133.22673000,33.53219400 133.22628800,33.53252700 133.22580300,33.53264600 133.22553200,33.53272900 133.22540400,33.53286000 133.22540400,33.53329900 133.22524700,33.53352500 133.22507600,33.53376300 133.22504700,33.53403600 133.22497600,33.53431000 133.22484800,33.53435700 133.22473400,33.53423800 133.22483400,33.53394100 133.22483400,33.53378700 133.22513300,33.53329900 133.22520400,33.53277600 133.22527600,33.53256200 133.22563200,33.53228900 133.22594600,33.53211100 133.22601700,33.53194400 133.22591700,33.53177800 133.22567500,33.53169500 133.22544700,33.53171800 133.22506200,33.53196800 133.22497600,33.53214600 133.22481900,33.53247900 133.22444900,33.53270500 133.22399200,33.53289500 133.22363600,33.53310900 133.22333600,33.53315700 133.22319800,33.53313900 133.22304100,33.53305600 133.22284100,33.53293100 133.22269900,33.53288900 133.22257800,33.53296700 133.22255600,33.53306200 133.22250600,33.53329300 133.22240600,33.53338900 133.22215700,33.53338300 133.22195700,33.53328200 133.22170000,33.53327000 133.22135800,33.53337100 133.22111600,33.53340600 133.22058100,33.53333500 133.22028200,33.53332900 133.21998200,33.53321000 133.21981800,33.53318000 133.21972500,33.53326400 133.21970400,33.53337100 133.21979000,33.53344800 133.21997500,33.53349000 133.22021000,33.53350100 133.22069500,33.53367400 133.22104400,33.53374500 133.22164300,33.53373900 133.22183600,33.53382800 133.22225700,33.53403600 133.22245600,33.53401900 133.22276300,33.53394700 133.22286300,33.53396500 133.22297000,33.53406600 133.22294800,33.53418500 133.22276300,33.53444600 133.22273400,33.53453600 133.22273252,33.53458391 133.22279900,33.53488600 133.22319800,33.53514200 133.22325500,33.53527300 133.22323300,33.53554600 133.22308400,33.53569500 133.22284800,33.53573000 133.22253500,33.53568900 133.22233500,33.53574200 133.22221400,33.53586700 133.22212100,33.53608100 133.22198300,33.53610700 133.22174600,33.53611500 133.22122300,33.53630500 133.22078500,33.53642400 133.22050000,33.53646300 133.22010100,33.53644700 133.21960700,33.53646300 133.21920700,33.53647100 133.21886500,33.53647900 133.21871300,33.53662200 133.21852300,33.53688300 133.21836100,33.53697000 133.21774300,33.53705800 133.21748600,33.53720000 133.21723000,33.53728700 133.21690600,33.53734300 133.21616500,33.53719200 133.21590800,33.53721600 133.21534700,33.53739800 133.21491900,33.53748600 133.21469400,33.53751900 133.21451500,33.53757800 133.21427800,33.53740000 133.21409900,33.53729100 133.21393300,33.53724100 133.21363600,33.53723100 133.21358800,33.53707300 133.21335100,33.53698400 133.21297000,33.53687500 133.21260200,33.53677600 133.21234100,33.53672600 133.21205500,33.53654800 133.21193700,33.53649800 133.21168700,33.53645900 133.21142600,33.53642900 133.21116400,33.53642900 133.21086700,33.53627100 133.21048700,33.53625100 133.20986900,33.53627100 133.20953600,33.53620100 133.20916800,33.53648800 133.20856200,33.53628000 133.20749200,33.53594400 133.20724200,33.53599300 133.20698100,33.53599300 133.20683800,33.53584500 133.20578100,33.53586400 133.20532900,33.53605300 133.20523400,33.53615200 133.20490100,33.53613200 133.20397400,33.53575500 133.20338770,33.53564291 133.20307300,33.53508300 133.20279300,33.53518100 133.20266300,33.53533900 133.20246458,33.53541123 133.20221300,33.53545674 133.20179800,33.53543900 133.20179800,33.53543900 133.20221300,33.53545674 133.20246458,33.53541123 133.20266300,33.53533900 133.20279300,33.53518100 133.20307300,33.53508300 133.20354420,33.53508642 133.20392581,33.53504401 133.20417513,33.53500583 133.20460000,33.53497300 133.20536000,33.53499200 133.20629100,33.53479200 133.20666900,33.53479800 133.20685400,33.53488100 133.20728900,33.53500600 133.20754600,33.53498200 133.20788800,33.53502400 133.20836600,33.53504800 133.20865100,33.53508300 133.20894300,33.53509500 133.20922100,33.53507800 133.20945700,33.53505400 133.20978500,33.53507800 133.21017000,33.53516100 133.21040500,33.53516100 133.21066900,33.53509500 133.21102500,33.53497600 133.21128200,33.53498800 133.21164600,33.53498800 133.21196000,33.53497600 133.21231600,33.53491100 133.21267300,33.53485800 133.21289400,33.53486900 133.21311500,33.53491100 133.21338600,33.53500600 133.21357800,33.53507800 133.21379900,33.53525000 133.21406300,33.53546400 133.21416300,33.53551100 133.21457600,33.53558300 133.21513300,33.53564800 133.21552400,33.53565500 133.21640100,33.53555400 133.21722100,33.53554200 133.21778500,33.53555400 133.21815500,33.53549500 133.21846900,33.53547100 133.21873300,33.53545300 133.21889000,33.53538200 133.21906100,33.53527500 133.21945300,33.53516800 133.21969600,33.53516200 133.22041600,33.53515600 133.22098600,33.53516200 133.22124300,33.53513200 133.22143500,33.53507900 133.22158500,33.53494200 133.22172800,33.53485900 133.22186300,33.53481100 133.22265620,33.53461572
			</coordinates>
		</LineString>
	</Placemark>
	<Placemark>
		<name>SHIKOKU_KCH_37</name>
		<description>星ガ窪のみち</description>
		<styleUrl>#lineStyle0</styleUrl>
		<LineString>
			<coordinates> 133.13456000,33.50066600 133.13506400,33.50068700 133.13569200,33.50079400 133.13600500,33.50094900 133.13653300,33.50112700 133.13711800,33.50111500 133.13761700,33.50097300 133.13823000,33.50062800 133.13854400,33.50018800 133.13868600,33.49934300 133.13874300,33.49845200 133.13884800,33.49819700 133.13917100,33.49795900 133.13966600,33.49781600 133.13985600,33.49740400 133.14038800,33.49694400 133.13993200,33.49692900 133.13955100,33.49677000 133.13907600,33.49650000 133.13945600,33.49612000 133.13979900,33.49585000 133.13989400,33.49569200 133.14002700,33.49551700 133.13989400,33.49534300 133.13970400,33.49529500 133.13957000,33.49488300 133.13932300,33.49451200 133.13873400,33.49398900 133.13846800,33.49378300 133.13882900,33.49351300 133.13964600,33.49395700 133.14046400,33.49357600 133.14078700,33.49349700 133.14099700,33.49360800 133.14132000,33.49375100 133.14171900,33.49386200 133.14185200,33.49405200 133.14208000,33.49451200 133.14242300,33.49456000 133.14274600,33.49486100 133.14305000,33.49492400 133.14356300,33.49489300 133.14381100,33.49506700 133.14402000,33.49524100 133.14426700,33.49519400 133.14447600,33.49503500 133.14476100,33.49505100 133.14510400,33.49524100 133.14518000,33.49503500 133.14523700,33.49487700 133.14544600,33.49473400 133.14571200,33.49470200 133.14599700,33.49424200 133.14653000,33.49448000 133.14673900,33.49482900 133.14677700,33.49514600 133.14675800,33.49540000 133.14677700,33.49555900 133.14691000,33.49562200 133.14727100,33.49540000 133.14763300,33.49494000 133.14795600,33.49500400 133.14833600,33.49522600 133.14873500,33.49536800 133.14923000,33.49538400 133.14953400,33.49528900 133.14962900,33.49501900 133.14989500,33.49481300 133.15019900,33.49479700 133.15077000,33.49482900 133.15139700,33.49470200 133.15187300,33.49457500 133.15196800,33.49487700 133.15187300,33.49511500 133.15193000,33.49530500 133.15215800,33.49543200 133.15250000,33.49543200 133.15270900,33.49547900 133.15303300,33.49578100 133.15314700,33.49592300 133.15345100,33.49601800 133.15356500,33.49622400 133.15362200,33.49647800 133.15375500,33.49663700 133.15405900,33.49677900 133.15436400,33.49711200 133.15436400,33.49736600 133.15442100,33.49746100 133.15468700,33.49741400 133.15489600,33.49736600 133.15523800,33.49747700 133.15535200,33.49803200 133.15580900,33.49801600 133.15613200,33.49804800 133.15636000,33.49819100 133.15664500,33.49858700 133.15677800,33.49895200 133.15743800,33.49930200 133.15817900,33.49977800 133.15855900,33.49992100 133.15855900,33.50014300 133.15869300,33.50028500 133.15880700,33.50041200 133.15876900,33.50049100 133.15848300,33.50049100 133.15779900,33.50047600 133.15715200,33.50058700 133.15669600,33.50060200 133.15622100,33.50060200 133.15605000,33.50069800 133.15620200,33.50096700 133.15644900,33.50142700 133.15660100,33.50163300 133.15675300,33.50193400 133.15701900,33.50222800 133.15693400,33.50267200 133.15704800,33.50296500 133.15707600,33.50340100 133.15705700,33.50363900 133.15705700,33.50382100 133.15715200,33.50387700 133.15789300,33.50360000 133.15854900,33.50349200 133.15884800,33.50370700 133.15920500,33.50376600 133.16043100,33.50379000 133.16066000,33.50428900 133.16085600,33.50437100 133.16170100,33.50436100 133.16202900,33.50462200 133.16224300,33.50502600 133.16244200,33.50508600 133.16288100,33.50492400 133.16309600,33.50493200 133.16339600,33.50503900 133.16371700,33.50518800 133.16397900,33.50525200 133.16427000,33.50525700 133.16458500,33.50522800 133.16487000,33.50514800 133.16507800,33.50508400 133.16532200,33.50501000
			</coordinates>
		</LineString>
	</Placemark>
</Document>
</kml>
