<?xml version="1.0" encoding="UTF-8"?>
<gpx version="1.1" creator="ChizuTaro - http://www.tcg.co.jp" xmlns="http://www.topografix.com/GPX/1/1" xmlns:xsi="http://www.w3.org/2001/XMLSchema-instance" xsi:schemaLocation="http://www.topografix.com/GPX/1/1 http://www.topografix.com/GPX/1/1/gpx.xsd">
 <rte>
  <name>SHIKOKU_KCH_01(甲浦ポンカンのみち)</name>
   <rtept lat="33.55099500" lon="134.30549200">
   </rtept>
   <rtept lat="33.54960700" lon="134.30492500">
   </rtept>
   <rtept lat="33.54822000" lon="134.30440200">
   </rtept>
   <rtept lat="33.54758600" lon="134.30411700">
   </rtept>
   <rtept lat="33.54707100" lon="134.30361800">
   </rtept>
   <rtept lat="33.54667500" lon="134.30309500">
   </rtept>
   <rtept lat="33.54623900" lon="134.30188300">
   </rtept>
   <rtept lat="33.54572400" lon="134.30038600">
   </rtept>
   <rtept lat="33.54552600" lon="134.29976800">
   </rtept>
   <rtept lat="33.54516900" lon="134.29929200">
   </rtept>
   <rtept lat="33.54472152" lon="134.29864314">
   </rtept>
   <rtept lat="33.54461500" lon="134.29800900">
   </rtept>
   <rtept lat="33.54453100" lon="134.29700326">
   </rtept>
   <rtept lat="33.54433220" lon="134.29624792">
   </rtept>
   <rtept lat="33.54417800" lon="134.29644100">
   </rtept>
   <rtept lat="33.54374500" lon="134.29724000">
   </rtept>
   <rtept lat="33.54341200" lon="134.29781000">
   </rtept>
   <rtept lat="33.54334000" lon="134.29835200">
   </rtept>
   <rtept lat="33.54339400" lon="134.29950000">
   </rtept>
   <rtept lat="33.54313200" lon="134.29996400">
   </rtept>
   <rtept lat="33.54293000" lon="134.30080500">
   </rtept>
   <rtept lat="33.54278318" lon="134.30150546">
   </rtept>
   <rtept lat="33.54293000" lon="134.30080500">
   </rtept>
   <rtept lat="33.54313200" lon="134.29996400">
   </rtept>
   <rtept lat="33.54339400" lon="134.29950000">
   </rtept>
   <rtept lat="33.54334000" lon="134.29835200">
   </rtept>
   <rtept lat="33.54341200" lon="134.29781000">
   </rtept>
   <rtept lat="33.54374500" lon="134.29724000">
   </rtept>
   <rtept lat="33.54417800" lon="134.29644100">
   </rtept>
   <rtept lat="33.54433220" lon="134.29624792">
   </rtept>
   <rtept lat="33.54367300" lon="134.29479700">
   </rtept>
   <rtept lat="33.54348300" lon="134.29432600">
   </rtept>
   <rtept lat="33.54298400" lon="134.29307100">
   </rtept>
   <rtept lat="33.54267500" lon="134.29227300">
   </rtept>
   <rtept lat="33.54222300" lon="134.29183100">
   </rtept>
 </rte>
 <rte>
  <name>SHIKOKU_KCH_02(岩佐関所のみち)</name>
   <rtept lat="33.47685700" lon="134.15586800">
   </rtept>
   <rtept lat="33.47700000" lon="134.15633800">
   </rtept>
   <rtept lat="33.47708300" lon="134.15665200">
   </rtept>
   <rtept lat="33.47722600" lon="134.15703700">
   </rtept>
   <rtept lat="33.47725000" lon="134.15745100">
   </rtept>
   <rtept lat="33.47752400" lon="134.15824900">
   </rtept>
   <rtept lat="33.47766600" lon="134.15853400">
   </rtept>
   <rtept lat="33.47769000" lon="134.15882000">
   </rtept>
   <rtept lat="33.47748700" lon="134.15934500">
   </rtept>
   <rtept lat="33.47777300" lon="134.15971600">
   </rtept>
   <rtept lat="33.47828400" lon="134.16038600">
   </rtept>
   <rtept lat="33.47859400" lon="134.16101300">
   </rtept>
   <rtept lat="33.47874800" lon="134.16149800">
   </rtept>
   <rtept lat="33.47852200" lon="134.16209700">
   </rtept>
   <rtept lat="33.47843900" lon="134.16256800">
   </rtept>
   <rtept lat="33.47820100" lon="134.16296700">
   </rtept>
   <rtept lat="33.47796300" lon="134.16328100">
   </rtept>
   <rtept lat="33.47791600" lon="134.16343800">
   </rtept>
   <rtept lat="33.47789200" lon="134.16400800">
   </rtept>
   <rtept lat="33.47795100" lon="134.16455000">
   </rtept>
   <rtept lat="33.47828400" lon="134.16527700">
   </rtept>
   <rtept lat="33.47846300" lon="134.16563400">
   </rtept>
   <rtept lat="33.47897400" lon="134.16631800">
   </rtept>
   <rtept lat="33.47905800" lon="134.16640400">
   </rtept>
   <rtept lat="33.47924800" lon="134.16694600">
   </rtept>
   <rtept lat="33.47943800" lon="134.16730200">
   </rtept>
   <rtept lat="33.47931900" lon="134.16764500">
   </rtept>
   <rtept lat="33.47909300" lon="134.16797300">
   </rtept>
   <rtept lat="33.47903400" lon="134.16825800">
   </rtept>
   <rtept lat="33.47906900" lon="134.16848600">
   </rtept>
   <rtept lat="33.47917600" lon="134.16878600">
   </rtept>
   <rtept lat="33.47915300" lon="134.16927000">
   </rtept>
   <rtept lat="33.47931900" lon="134.16955600">
   </rtept>
   <rtept lat="33.47962800" lon="134.16965500">
   </rtept>
   <rtept lat="33.47993800" lon="134.16981200">
   </rtept>
   <rtept lat="33.48039000" lon="134.17039700">
   </rtept>
   <rtept lat="33.48073500" lon="134.17088200">
   </rtept>
   <rtept lat="33.48109100" lon="134.17146700">
   </rtept>
   <rtept lat="33.48140700" lon="134.17211900">
   </rtept>
   <rtept lat="33.48159700" lon="134.17225200">
   </rtept>
   <rtept lat="33.48204100" lon="134.17257600">
   </rtept>
   <rtept lat="33.48269100" lon="134.17337400">
   </rtept>
   <rtept lat="33.48335700" lon="134.17430600">
   </rtept>
   <rtept lat="33.48369000" lon="134.17483800">
   </rtept>
   <rtept lat="33.48415000" lon="134.17529500">
   </rtept>
   <rtept lat="33.48432500" lon="134.17561800">
   </rtept>
   <rtept lat="33.48443600" lon="134.17607400">
   </rtept>
   <rtept lat="33.48438800" lon="134.17655000">
   </rtept>
   <rtept lat="33.48438800" lon="134.17694900">
   </rtept>
   <rtept lat="33.48442000" lon="134.17746200">
   </rtept>
   <rtept lat="33.48446700" lon="134.17793800">
   </rtept>
   <rtept lat="33.48440400" lon="134.17829900">
   </rtept>
   <rtept lat="33.48430900" lon="134.17888800">
   </rtept>
   <rtept lat="33.48434100" lon="134.17963000">
   </rtept>
   <rtept lat="33.48459400" lon="134.18029500">
   </rtept>
   <rtept lat="33.48492700" lon="134.18082800">
   </rtept>
   <rtept lat="33.48503800" lon="134.18126500">
   </rtept>
   <rtept lat="33.48502300" lon="134.18179800">
   </rtept>
   <rtept lat="33.48494300" lon="134.18225400">
   </rtept>
   <rtept lat="33.48491200" lon="134.18261500">
   </rtept>
   <rtept lat="33.48495900" lon="134.18326200">
   </rtept>
   <rtept lat="33.48500700" lon="134.18385100">
   </rtept>
   <rtept lat="33.48497500" lon="134.18446000">
   </rtept>
   <rtept lat="33.48495900" lon="134.18495400">
   </rtept>
   <rtept lat="33.48491200" lon="134.18541000">
   </rtept>
   <rtept lat="33.48513400" lon="134.18605700">
   </rtept>
   <rtept lat="33.48535600" lon="134.18670300">
   </rtept>
   <rtept lat="33.48537100" lon="134.18721700">
   </rtept>
   <rtept lat="33.48541900" lon="134.18811000">
   </rtept>
   <rtept lat="33.48529200" lon="134.18862400">
   </rtept>
   <rtept lat="33.48518100" lon="134.18896600">
   </rtept>
   <rtept lat="33.48521300" lon="134.18938400">
   </rtept>
   <rtept lat="33.48527600" lon="134.19001200">
   </rtept>
   <rtept lat="33.48537100" lon="134.19044900">
   </rtept>
   <rtept lat="33.48545100" lon="134.19094400">
   </rtept>
   <rtept lat="33.48561900" lon="134.19171700">
   </rtept>
   <rtept lat="33.48576800" lon="134.19198500">
   </rtept>
   <rtept lat="33.48611400" lon="134.19246000">
   </rtept>
   <rtept lat="33.48653600" lon="134.19287600">
   </rtept>
   <rtept lat="33.48683300" lon="134.19317300">
   </rtept>
   <rtept lat="33.48720500" lon="134.19388600">
   </rtept>
   <rtept lat="33.48735300" lon="134.19451000">
   </rtept>
   <rtept lat="33.48725400" lon="134.19531200">
   </rtept>
   <rtept lat="33.48708100" lon="134.19608500">
   </rtept>
   <rtept lat="33.48675900" lon="134.19706500">
   </rtept>
   <rtept lat="33.48628800" lon="134.19825300">
   </rtept>
   <rtept lat="33.48591600" lon="134.19884800">
   </rtept>
   <rtept lat="33.48559400" lon="134.19911500">
   </rtept>
   <rtept lat="33.48519800" lon="134.19982800">
   </rtept>
   <rtept lat="33.48487600" lon="134.20003600">
   </rtept>
   <rtept lat="33.48480100" lon="134.20030300">
   </rtept>
   <rtept lat="33.48482600" lon="134.20089800">
   </rtept>
   <rtept lat="33.48462800" lon="134.20143200">
   </rtept>
   <rtept lat="33.48482600" lon="134.20187800">
   </rtept>
   <rtept lat="33.48591600" lon="134.20285800">
   </rtept>
   <rtept lat="33.48715500" lon="134.20380900">
   </rtept>
   <rtept lat="33.48779900" lon="134.20380900">
   </rtept>
   <rtept lat="33.48814600" lon="134.20404700">
   </rtept>
   <rtept lat="33.48832000" lon="134.20455200">
   </rtept>
   <rtept lat="33.48864200" lon="134.20461100">
   </rtept>
   <rtept lat="33.48903800" lon="134.20499800">
   </rtept>
   <rtept lat="33.48926100" lon="134.20535400">
   </rtept>
   <rtept lat="33.48948400" lon="134.20571100">
   </rtept>
   <rtept lat="33.48960800" lon="134.20582900">
   </rtept>
   <rtept lat="33.48998000" lon="134.20609700">
   </rtept>
   <rtept lat="33.49017800" lon="134.20681000">
   </rtept>
   <rtept lat="33.49052500" lon="134.20740400">
   </rtept>
   <rtept lat="33.49101400" lon="134.20771300">
   </rtept>
   <rtept lat="33.49153000" lon="134.20790300">
   </rtept>
   <rtept lat="33.49206500" lon="134.20828300">
   </rtept>
   <rtept lat="33.49244200" lon="134.20875900">
   </rtept>
   <rtept lat="33.49279800" lon="134.20925800">
   </rtept>
   <rtept lat="33.49321500" lon="134.20949600">
   </rtept>
   <rtept lat="33.49371000" lon="134.20982800">
   </rtept>
   <rtept lat="33.49402700" lon="134.21018500">
   </rtept>
   <rtept lat="33.49418600" lon="134.21047000">
   </rtept>
   <rtept lat="33.49446300" lon="134.21061300">
   </rtept>
   <rtept lat="33.49482000" lon="134.21068400">
   </rtept>
   <rtept lat="33.49543500" lon="134.21042300">
   </rtept>
   <rtept lat="33.49595000" lon="134.21028000">
   </rtept>
   <rtept lat="33.49648500" lon="134.21023200">
   </rtept>
   <rtept lat="33.49710000" lon="134.21011400">
   </rtept>
   <rtept lat="33.49771400" lon="134.21039900">
   </rtept>
   <rtept lat="33.49830900" lon="134.21066000">
   </rtept>
   <rtept lat="33.49868500" lon="134.21077900">
   </rtept>
   <rtept lat="33.49924000" lon="134.21077900">
   </rtept>
   <rtept lat="33.49963700" lon="134.21075500">
   </rtept>
   <rtept lat="33.49997400" lon="134.21073200">
   </rtept>
   <rtept lat="33.50039000" lon="134.21104100">
   </rtept>
   <rtept lat="33.50062800" lon="134.21123100">
   </rtept>
   <rtept lat="33.50102400" lon="134.21113600">
   </rtept>
   <rtept lat="33.50134100" lon="134.21094500">
   </rtept>
   <rtept lat="33.50153900" lon="134.21077900">
   </rtept>
   <rtept lat="33.50179700" lon="134.21063600">
   </rtept>
   <rtept lat="33.50217300" lon="134.21054100">
   </rtept>
   <rtept lat="33.50255800" lon="134.21061300">
   </rtept>
   <rtept lat="33.50293500" lon="134.21058900">
   </rtept>
   <rtept lat="33.50325200" lon="134.21047000">
   </rtept>
   <rtept lat="33.50358900" lon="134.21039900">
   </rtept>
   <rtept lat="33.50398500" lon="134.21018500">
   </rtept>
   <rtept lat="33.50459900" lon="134.21025600">
   </rtept>
   <rtept lat="33.50499600" lon="134.21030400">
   </rtept>
   <rtept lat="33.50527300" lon="134.21068400">
   </rtept>
   <rtept lat="33.50570900" lon="134.21106400">
   </rtept>
   <rtept lat="33.50582800" lon="134.21144500">
   </rtept>
   <rtept lat="33.50592700" lon="134.21180100">
   </rtept>
   <rtept lat="33.50610600" lon="134.21222900">
   </rtept>
   <rtept lat="33.50636300" lon="134.21284700">
   </rtept>
   <rtept lat="33.50627700" lon="134.21303300">
   </rtept>
   <rtept lat="33.50611000" lon="134.21394600">
   </rtept>
   <rtept lat="33.50607500" lon="134.21423100">
   </rtept>
   <rtept lat="33.50611000" lon="134.21451700">
   </rtept>
   <rtept lat="33.50640800" lon="134.21471600">
   </rtept>
   <rtept lat="33.50691900" lon="134.21515800">
   </rtept>
   <rtept lat="33.50681200" lon="134.21558600">
   </rtept>
   <rtept lat="33.50670500" lon="134.21598500">
   </rtept>
   <rtept lat="33.50657400" lon="134.21632800">
   </rtept>
   <rtept lat="33.50639600" lon="134.21659900">
   </rtept>
   <rtept lat="33.50636000" lon="134.21681300">
   </rtept>
   <rtept lat="33.50645500" lon="134.21762500">
   </rtept>
   <rtept lat="33.50657400" lon="134.21805300">
   </rtept>
   <rtept lat="33.50647900" lon="134.21848100">
   </rtept>
   <rtept lat="33.50639600" lon="134.21886600">
   </rtept>
   <rtept lat="33.50637200" lon="134.21910900">
   </rtept>
   <rtept lat="33.50612200" lon="134.21935100">
   </rtept>
   <rtept lat="33.50581300" lon="134.21960800">
   </rtept>
   <rtept lat="33.50568200" lon="134.21993600">
   </rtept>
   <rtept lat="33.50565900" lon="134.22027800">
   </rtept>
   <rtept lat="33.50568200" lon="134.22053500">
   </rtept>
   <rtept lat="33.50575400" lon="134.22079100">
   </rtept>
   <rtept lat="33.50568200" lon="134.22092000">
   </rtept>
   <rtept lat="33.50557500" lon="134.22076300">
   </rtept>
   <rtept lat="33.50546800" lon="134.22039200">
   </rtept>
   <rtept lat="33.50540900" lon="134.22010700">
   </rtept>
   <rtept lat="33.50543300" lon="134.21965000">
   </rtept>
   <rtept lat="33.50561100" lon="134.21932200">
   </rtept>
   <rtept lat="33.50586100" lon="134.21898000">
   </rtept>
   <rtept lat="33.50600300" lon="134.21885200">
   </rtept>
   <rtept lat="33.50609900" lon="134.21869500">
   </rtept>
   <rtept lat="33.50611000" lon="134.21841000">
   </rtept>
   <rtept lat="33.50600300" lon="134.21805300">
   </rtept>
   <rtept lat="33.50587500" lon="134.21779500">
   </rtept>
   <rtept lat="33.50574500" lon="134.21732500">
   </rtept>
   <rtept lat="33.50572100" lon="134.21695400">
   </rtept>
   <rtept lat="33.50569700" lon="134.21675400">
   </rtept>
   <rtept lat="33.50560200" lon="134.21656900">
   </rtept>
   <rtept lat="33.50543500" lon="134.21654100">
   </rtept>
   <rtept lat="33.50536400" lon="134.21678300">
   </rtept>
   <rtept lat="33.50540000" lon="134.21715400">
   </rtept>
   <rtept lat="33.50537600" lon="134.21775300">
   </rtept>
   <rtept lat="33.50550700" lon="134.21815200">
   </rtept>
   <rtept lat="33.50555400" lon="134.21836600">
   </rtept>
   <rtept lat="33.50545900" lon="134.21866500">
   </rtept>
   <rtept lat="33.50510200" lon="134.21916500">
   </rtept>
   <rtept lat="33.50497200" lon="134.21957800">
   </rtept>
   <rtept lat="33.50479300" lon="134.22017700">
   </rtept>
   <rtept lat="33.50465100" lon="134.22067600">
   </rtept>
   <rtept lat="33.50454400" lon="134.22117500">
   </rtept>
   <rtept lat="33.50465100" lon="134.22196000">
   </rtept>
   <rtept lat="33.50471000" lon="134.22234500">
   </rtept>
   <rtept lat="33.50467400" lon="134.22257300">
   </rtept>
   <rtept lat="33.50460300" lon="134.22275800">
   </rtept>
   <rtept lat="33.50440700" lon="134.22295400">
   </rtept>
   <rtept lat="33.50428800" lon="134.22311000">
   </rtept>
   <rtept lat="33.50412700" lon="134.22346000">
   </rtept>
   <rtept lat="33.50405600" lon="134.22374500">
   </rtept>
   <rtept lat="33.50408600" lon="134.22413700">
   </rtept>
   <rtept lat="33.50406200" lon="134.22453700">
   </rtept>
   <rtept lat="33.50397900" lon="134.22467900">
   </rtept>
   <rtept lat="33.50378200" lon="134.22480800">
   </rtept>
   <rtept lat="33.50352700" lon="134.22497200">
   </rtept>
   <rtept lat="33.50339600" lon="134.22513600">
   </rtept>
   <rtept lat="33.50310900" lon="134.22575200">
   </rtept>
   <rtept lat="33.50298200" lon="134.22609400">
   </rtept>
   <rtept lat="33.50272800" lon="134.22644600">
   </rtept>
   <rtept lat="33.50245900" lon="134.22674100">
   </rtept>
   <rtept lat="33.50232400" lon="134.22679800">
   </rtept>
   <rtept lat="33.50215800" lon="134.22657000">
   </rtept>
   <rtept lat="33.50181700" lon="134.22629400">
   </rtept>
   <rtept lat="33.50170600" lon="134.22621800">
   </rtept>
   <rtept lat="33.50155500" lon="134.22618900">
   </rtept>
   <rtept lat="33.50142000" lon="134.22622700">
   </rtept>
   <rtept lat="33.50128600" lon="134.22631300">
   </rtept>
   <rtept lat="33.50109500" lon="134.22644600">
   </rtept>
   <rtept lat="33.50087300" lon="134.22654100">
   </rtept>
   <rtept lat="33.50068300" lon="134.22675000">
   </rtept>
   <rtept lat="33.50055600" lon="134.22686400">
   </rtept>
   <rtept lat="33.50035200" lon="134.22691700">
   </rtept>
   <rtept lat="33.50013400" lon="134.22710100">
   </rtept>
   <rtept lat="33.49993000" lon="134.22719000">
   </rtept>
   <rtept lat="33.49983100" lon="134.22727300">
   </rtept>
   <rtept lat="33.49976700" lon="134.22741000">
   </rtept>
   <rtept lat="33.49961300" lon="134.22790900">
   </rtept>
   <rtept lat="33.49957400" lon="134.22809300">
   </rtept>
   <rtept lat="33.49956900" lon="134.22842600">
   </rtept>
   <rtept lat="33.49960300" lon="134.22865800">
   </rtept>
   <rtept lat="33.49969300" lon="134.22893700">
   </rtept>
   <rtept lat="33.49971200" lon="134.22913900">
   </rtept>
   <rtept lat="33.49970700" lon="134.22924600">
   </rtept>
   <rtept lat="33.49961800" lon="134.22931100">
   </rtept>
   <rtept lat="33.49938500" lon="134.22935300">
   </rtept>
   <rtept lat="33.49922200" lon="134.22937700">
   </rtept>
   <rtept lat="33.49908800" lon="134.22941200">
   </rtept>
   <rtept lat="33.49894900" lon="134.22947800">
   </rtept>
   <rtept lat="33.49879600" lon="134.22942400">
   </rtept>
   <rtept lat="33.49867700" lon="134.22932900">
   </rtept>
   <rtept lat="33.49855800" lon="134.22921600">
   </rtept>
   <rtept lat="33.49838700" lon="134.22918900">
   </rtept>
   <rtept lat="33.49817900" lon="134.22926000">
   </rtept>
   <rtept lat="33.49798100" lon="134.22935600">
   </rtept>
   <rtept lat="33.49784200" lon="134.22945100">
   </rtept>
   <rtept lat="33.49761400" lon="134.22947400">
   </rtept>
   <rtept lat="33.49744600" lon="134.22947400">
   </rtept>
   <rtept lat="33.49723700" lon="134.22956700">
   </rtept>
   <rtept lat="33.49713000" lon="134.22972400">
   </rtept>
   <rtept lat="33.49707100" lon="134.22997300">
   </rtept>
   <rtept lat="33.49710000" lon="134.23023700">
   </rtept>
   <rtept lat="33.49710600" lon="134.23042300">
   </rtept>
   <rtept lat="33.49704700" lon="134.23068700">
   </rtept>
   <rtept lat="33.49686200" lon="134.23115000">
   </rtept>
   <rtept lat="33.49656500" lon="134.23135000">
   </rtept>
   <rtept lat="33.49641700" lon="134.23216300">
   </rtept>
   <rtept lat="33.49626800" lon="134.23239800">
   </rtept>
   <rtept lat="33.49622000" lon="134.23259700">
   </rtept>
   <rtept lat="33.49625000" lon="134.23288300">
   </rtept>
   <rtept lat="33.49633900" lon="134.23319600">
   </rtept>
   <rtept lat="33.49644600" lon="134.23351700">
   </rtept>
   <rtept lat="33.49648200" lon="134.23364600">
   </rtept>
   <rtept lat="33.49639300" lon="134.23378800">
   </rtept>
   <rtept lat="33.49618500" lon="134.23395900">
   </rtept>
   <rtept lat="33.49605400" lon="134.23412300">
   </rtept>
   <rtept lat="33.49600000" lon="134.23433700">
   </rtept>
   <rtept lat="33.49606000" lon="134.23461500">
   </rtept>
   <rtept lat="33.49619100" lon="134.23482900">
   </rtept>
   <rtept lat="33.49625600" lon="134.23502200">
   </rtept>
   <rtept lat="33.49627400" lon="134.23519300">
   </rtept>
   <rtept lat="33.49645800" lon="134.23562100">
   </rtept>
   <rtept lat="33.49650600" lon="134.23585600">
   </rtept>
   <rtept lat="33.49651800" lon="134.23604900">
   </rtept>
   <rtept lat="33.49645200" lon="134.23624800">
   </rtept>
   <rtept lat="33.49649400" lon="134.23688100">
   </rtept>
   <rtept lat="33.49639900" lon="134.23702400">
   </rtept>
   <rtept lat="33.49634500" lon="134.23725900">
   </rtept>
   <rtept lat="33.49631500" lon="134.23748000">
   </rtept>
   <rtept lat="33.49637500" lon="134.23784400">
   </rtept>
   <rtept lat="33.49646400" lon="134.23822900">
   </rtept>
   <rtept lat="33.49645800" lon="134.23850000">
   </rtept>
   <rtept lat="33.49642800" lon="134.23879900">
   </rtept>
   <rtept lat="33.49642200" lon="134.23933400">
   </rtept>
   <rtept lat="33.49654700" lon="134.23962700">
   </rtept>
   <rtept lat="33.49655300" lon="134.23979800">
   </rtept>
   <rtept lat="33.49651200" lon="134.24003300">
   </rtept>
   <rtept lat="33.49652900" lon="134.24025400">
   </rtept>
   <rtept lat="33.49661300" lon="134.24044700">
   </rtept>
   <rtept lat="33.49677900" lon="134.24062500">
   </rtept>
   <rtept lat="33.49723700" lon="134.24091700">
   </rtept>
   <rtept lat="33.49748100" lon="134.24114500">
   </rtept>
   <rtept lat="33.49754600" lon="134.24128100">
   </rtept>
   <rtept lat="33.49757600" lon="134.24160200">
   </rtept>
   <rtept lat="33.49768300" lon="134.24191500">
   </rtept>
   <rtept lat="33.49783800" lon="134.24204400">
   </rtept>
   <rtept lat="33.49797400" lon="134.24204400">
   </rtept>
   <rtept lat="33.49814700" lon="134.24192300">
   </rtept>
   <rtept lat="33.49837900" lon="134.24173000">
   </rtept>
   <rtept lat="33.49861100" lon="134.24155900">
   </rtept>
   <rtept lat="33.49889000" lon="134.24142300">
   </rtept>
   <rtept lat="33.49934200" lon="134.24132400">
   </rtept>
   <rtept lat="33.49964600" lon="134.24128100">
   </rtept>
   <rtept lat="33.49972400" lon="134.24147300">
   </rtept>
   <rtept lat="33.49974700" lon="134.24165900">
   </rtept>
   <rtept lat="33.49956300" lon="134.24234300">
   </rtept>
   <rtept lat="33.49955100" lon="134.24250000">
   </rtept>
   <rtept lat="33.49956300" lon="134.24272800">
   </rtept>
   <rtept lat="33.49965200" lon="134.24287800">
   </rtept>
   <rtept lat="33.49980700" lon="134.24306300">
   </rtept>
   <rtept lat="33.50006900" lon="134.24334200">
   </rtept>
   <rtept lat="33.50025300" lon="134.24364800">
   </rtept>
   <rtept lat="33.50043700" lon="134.24401900">
   </rtept>
   <rtept lat="33.50058000" lon="134.24446500">
   </rtept>
   <rtept lat="33.50065700" lon="134.24483600">
   </rtept>
   <rtept lat="33.50101400" lon="134.24541400">
   </rtept>
   <rtept lat="33.50123400" lon="134.24577000">
   </rtept>
   <rtept lat="33.50144800" lon="134.24577700">
   </rtept>
   <rtept lat="33.50166800" lon="134.24570600">
   </rtept>
   <rtept lat="33.50180500" lon="134.24585600">
   </rtept>
   <rtept lat="33.50175700" lon="134.24608400">
   </rtept>
   <rtept lat="33.50169800" lon="134.24637600">
   </rtept>
   <rtept lat="33.50173900" lon="134.24660400">
   </rtept>
   <rtept lat="33.50186400" lon="134.24683300">
   </rtept>
   <rtept lat="33.50265500" lon="134.24794000">
   </rtept>
   <rtept lat="33.50325900" lon="134.24911600">
   </rtept>
   <rtept lat="33.50461700" lon="134.25041100">
   </rtept>
   <rtept lat="33.50517200" lon="134.25200400">
   </rtept>
   <rtept lat="33.50661800" lon="134.25383400">
   </rtept>
   <rtept lat="33.50634300" lon="134.25476600">
   </rtept>
   <rtept lat="33.50611100" lon="134.25583600">
   </rtept>
   <rtept lat="33.50588500" lon="134.25712600">
   </rtept>
   <rtept lat="33.50572400" lon="134.25847400">
   </rtept>
   <rtept lat="33.50559200" lon="134.25963000">
   </rtept>
   <rtept lat="33.50558400" lon="134.26013400">
   </rtept>
   <rtept lat="33.50556000" lon="134.26082800">
   </rtept>
   <rtept lat="33.50547300" lon="134.26108500">
   </rtept>
   <rtept lat="33.50504500" lon="134.26206400">
   </rtept>
   <rtept lat="33.50461700" lon="134.26294900">
   </rtept>
   <rtept lat="33.50395100" lon="134.26407000">
   </rtept>
   <rtept lat="33.50336400" lon="134.26485900">
   </rtept>
   <rtept lat="33.50274600" lon="134.26562000">
   </rtept>
   <rtept lat="33.50227800" lon="134.26625700">
   </rtept>
   <rtept lat="33.50192600" lon="134.26698900">
   </rtept>
   <rtept lat="33.50159900" lon="134.26798700">
   </rtept>
 </rte>
 <rte>
  <name>SHIKOKU_KCH_03(宿屋杉のみち)</name>
   <rtept lat="33.42552200" lon="134.01989600">
   </rtept>
   <rtept lat="33.42634000" lon="134.02031200">
   </rtept>
   <rtept lat="33.42653800" lon="134.02081700">
   </rtept>
   <rtept lat="33.42596800" lon="134.02319400">
   </rtept>
   <rtept lat="33.42579400" lon="134.02384700">
   </rtept>
   <rtept lat="33.42577000" lon="134.02441200">
   </rtept>
   <rtept lat="33.42544700" lon="134.02467900">
   </rtept>
   <rtept lat="33.42547200" lon="134.02491700">
   </rtept>
   <rtept lat="33.42577000" lon="134.02494700">
   </rtept>
   <rtept lat="33.42592100" lon="134.02543000">
   </rtept>
   <rtept lat="33.42579400" lon="134.02569700">
   </rtept>
   <rtept lat="33.42582600" lon="134.02617200">
   </rtept>
   <rtept lat="33.42593700" lon="134.02643800">
   </rtept>
   <rtept lat="33.42619100" lon="134.02662800">
   </rtept>
   <rtept lat="33.42638200" lon="134.02689400">
   </rtept>
   <rtept lat="33.42655600" lon="134.02710400">
   </rtept>
   <rtept lat="33.42655600" lon="134.02744600">
   </rtept>
   <rtept lat="33.42662000" lon="134.02792100">
   </rtept>
   <rtept lat="33.42641300" lon="134.02849200">
   </rtept>
   <rtept lat="33.42627000" lon="134.02927100">
   </rtept>
   <rtept lat="33.42615900" lon="134.02986100">
   </rtept>
   <rtept lat="33.42604800" lon="134.03007000">
   </rtept>
   <rtept lat="33.42596900" lon="134.03035500">
   </rtept>
   <rtept lat="33.42600100" lon="134.03081100">
   </rtept>
   <rtept lat="33.42608000" lon="134.03107800">
   </rtept>
   <rtept lat="33.42620700" lon="134.03088800">
   </rtept>
   <rtept lat="33.42636600" lon="134.03083000">
   </rtept>
   <rtept lat="33.42654000" lon="134.03104000">
   </rtept>
   <rtept lat="33.42650800" lon="134.03126800">
   </rtept>
   <rtept lat="33.42655600" lon="134.03147700">
   </rtept>
   <rtept lat="33.42681000" lon="134.03193300">
   </rtept>
   <rtept lat="33.42692100" lon="134.03212300">
   </rtept>
   <rtept lat="33.42684200" lon="134.03237100">
   </rtept>
   <rtept lat="33.42676200" lon="134.03246600">
   </rtept>
   <rtept lat="33.42673100" lon="134.03269400">
   </rtept>
   <rtept lat="33.42700000" lon="134.03288400">
   </rtept>
   <rtept lat="33.42747700" lon="134.03299800">
   </rtept>
   <rtept lat="33.42719100" lon="134.03339700">
   </rtept>
   <rtept lat="33.42744500" lon="134.03358800">
   </rtept>
   <rtept lat="33.42735000" lon="134.03379700">
   </rtept>
   <rtept lat="33.42758800" lon="134.03431000">
   </rtept>
   <rtept lat="33.42788900" lon="134.03509000">
   </rtept>
   <rtept lat="33.42803200" lon="134.03566000">
   </rtept>
   <rtept lat="33.42795300" lon="134.03611600">
   </rtept>
   <rtept lat="33.42788900" lon="134.03651600">
   </rtept>
   <rtept lat="33.42787300" lon="134.03687700">
   </rtept>
   <rtept lat="33.42768300" lon="134.03706700">
   </rtept>
   <rtept lat="33.42738100" lon="134.03725700">
   </rtept>
   <rtept lat="33.42739700" lon="134.03740900">
   </rtept>
   <rtept lat="33.42719100" lon="134.03740900">
   </rtept>
   <rtept lat="33.42696900" lon="134.03754300">
   </rtept>
   <rtept lat="33.42688900" lon="134.03786600">
   </rtept>
   <rtept lat="33.42666700" lon="134.03818900">
   </rtept>
   <rtept lat="33.42665100" lon="134.03849300">
   </rtept>
   <rtept lat="33.42636600" lon="134.03891200">
   </rtept>
   <rtept lat="33.42644500" lon="134.03912100">
   </rtept>
   <rtept lat="33.42662000" lon="134.03938700">
   </rtept>
   <rtept lat="33.42665100" lon="134.03978600">
   </rtept>
   <rtept lat="33.42681000" lon="134.03986200">
   </rtept>
   <rtept lat="33.42695300" lon="134.03995700">
   </rtept>
   <rtept lat="33.42714300" lon="134.04010900">
   </rtept>
   <rtept lat="33.42715900" lon="134.04045200">
   </rtept>
   <rtept lat="33.42717500" lon="134.04081300">
   </rtept>
   <rtept lat="33.42749200" lon="134.04104100">
   </rtept>
   <rtept lat="33.42771500" lon="134.04159300">
   </rtept>
   <rtept lat="33.42792100" lon="134.04191600">
   </rtept>
   <rtept lat="33.42806400" lon="134.04204900">
   </rtept>
   <rtept lat="33.42825400" lon="134.04223900">
   </rtept>
   <rtept lat="33.42847600" lon="134.04231500">
   </rtept>
   <rtept lat="33.42857100" lon="134.04252400">
   </rtept>
   <rtept lat="33.42854000" lon="134.04281000">
   </rtept>
   <rtept lat="33.42846000" lon="134.04368400">
   </rtept>
   <rtept lat="33.42839700" lon="134.04438800">
   </rtept>
   <rtept lat="33.42847600" lon="134.04514800">
   </rtept>
   <rtept lat="33.42873000" lon="134.04558600">
   </rtept>
   <rtept lat="33.42890500" lon="134.04577600">
   </rtept>
   <rtept lat="33.42895300" lon="134.04625700">
   </rtept>
   <rtept lat="33.42919100" lon="134.04663700">
   </rtept>
   <rtept lat="33.42905200" lon="134.04711300">
   </rtept>
   <rtept lat="33.42925100" lon="134.04785000">
   </rtept>
   <rtept lat="33.42948900" lon="134.04851500">
   </rtept>
   <rtept lat="33.42980600" lon="134.04899000">
   </rtept>
   <rtept lat="33.43028200" lon="134.04920400">
   </rtept>
   <rtept lat="33.43067900" lon="134.04925200">
   </rtept>
   <rtept lat="33.43109600" lon="134.04932300">
   </rtept>
   <rtept lat="33.43153200" lon="134.04972700">
   </rtept>
   <rtept lat="33.43184900" lon="134.05013100">
   </rtept>
   <rtept lat="33.43204800" lon="134.05034500">
   </rtept>
   <rtept lat="33.43216700" lon="134.05084400">
   </rtept>
   <rtept lat="33.43232500" lon="134.05124800">
   </rtept>
   <rtept lat="33.43258300" lon="134.05146200">
   </rtept>
   <rtept lat="33.43286100" lon="134.05151000">
   </rtept>
   <rtept lat="33.43313900" lon="134.05181900">
   </rtept>
   <rtept lat="33.43319800" lon="134.05210400">
   </rtept>
   <rtept lat="33.43337700" lon="134.05227000">
   </rtept>
   <rtept lat="33.43347600" lon="134.05262700">
   </rtept>
   <rtept lat="33.43365400" lon="134.05286500">
   </rtept>
   <rtept lat="33.43373400" lon="134.05303100">
   </rtept>
   <rtept lat="33.43375400" lon="134.05343500">
   </rtept>
   <rtept lat="33.43395200" lon="134.05376800">
   </rtept>
   <rtept lat="33.43415000" lon="134.05383900">
   </rtept>
   <rtept lat="33.43424900" lon="134.05400500">
   </rtept>
   <rtept lat="33.43438800" lon="134.05438600">
   </rtept>
   <rtept lat="33.43462600" lon="134.05464700">
   </rtept>
   <rtept lat="33.43482500" lon="134.05483700">
   </rtept>
   <rtept lat="33.43490400" lon="134.05500400">
   </rtept>
   <rtept lat="33.43490400" lon="134.05526500">
   </rtept>
   <rtept lat="33.43500300" lon="134.05583600">
   </rtept>
   <rtept lat="33.43512200" lon="134.05588300">
   </rtept>
   <rtept lat="33.43522100" lon="134.05607300">
   </rtept>
   <rtept lat="33.43524100" lon="134.05638200">
   </rtept>
   <rtept lat="33.43516200" lon="134.05690500">
   </rtept>
   <rtept lat="33.43509700" lon="134.05748900">
   </rtept>
   <rtept lat="33.43496600" lon="134.05776000">
   </rtept>
   <rtept lat="33.43485900" lon="134.05797400">
   </rtept>
   <rtept lat="33.43487100" lon="134.05837300">
   </rtept>
   <rtept lat="33.43495400" lon="134.05861600">
   </rtept>
   <rtept lat="33.43494200" lon="134.05894400">
   </rtept>
   <rtept lat="33.43491800" lon="134.05921500">
   </rtept>
   <rtept lat="33.43501400" lon="134.05958500">
   </rtept>
   <rtept lat="33.43513300" lon="134.05984200">
   </rtept>
   <rtept lat="33.43521600" lon="134.06018400">
   </rtept>
   <rtept lat="33.43539400" lon="134.06044100">
   </rtept>
   <rtept lat="33.43549000" lon="134.06069800">
   </rtept>
   <rtept lat="33.43549000" lon="134.06094000">
   </rtept>
   <rtept lat="33.43546600" lon="134.06125400">
   </rtept>
   <rtept lat="33.43545400" lon="134.06149600">
   </rtept>
   <rtept lat="33.43550200" lon="134.06169600">
   </rtept>
   <rtept lat="33.43552500" lon="134.06189600">
   </rtept>
   <rtept lat="33.43541800" lon="134.06220900">
   </rtept>
   <rtept lat="33.43538300" lon="134.06233800">
   </rtept>
   <rtept lat="33.43544200" lon="134.06279400">
   </rtept>
   <rtept lat="33.43553700" lon="134.06323600">
   </rtept>
   <rtept lat="33.43557300" lon="134.06342200">
   </rtept>
   <rtept lat="33.43547800" lon="134.06376400">
   </rtept>
   <rtept lat="33.43529900" lon="134.06416300">
   </rtept>
   <rtept lat="33.43522800" lon="134.06454800">
   </rtept>
   <rtept lat="33.43520400" lon="134.06477600">
   </rtept>
   <rtept lat="33.43532300" lon="134.06490500">
   </rtept>
   <rtept lat="33.43551400" lon="134.06517600">
   </rtept>
   <rtept lat="33.43551400" lon="134.06539000">
   </rtept>
   <rtept lat="33.43543000" lon="134.06550400">
   </rtept>
   <rtept lat="33.43519200" lon="134.06564600">
   </rtept>
   <rtept lat="33.43510900" lon="134.06571800">
   </rtept>
   <rtept lat="33.43491800" lon="134.06600300">
   </rtept>
   <rtept lat="33.43482300" lon="134.06647300">
   </rtept>
   <rtept lat="33.43494200" lon="134.06680100">
   </rtept>
   <rtept lat="33.43495400" lon="134.06714400">
   </rtept>
   <rtept lat="33.43484700" lon="134.06757100">
   </rtept>
   <rtept lat="33.43466900" lon="134.06792800">
   </rtept>
   <rtept lat="33.43451200" lon="134.06806700">
   </rtept>
   <rtept lat="33.43464700" lon="134.06859900">
   </rtept>
   <rtept lat="33.43474200" lon="134.06905600">
   </rtept>
   <rtept lat="33.43486900" lon="134.06979700">
   </rtept>
   <rtept lat="33.43504300" lon="134.07067200">
   </rtept>
   <rtept lat="33.43515500" lon="134.07097600">
   </rtept>
   <rtept lat="33.43534500" lon="134.07113800">
   </rtept>
   <rtept lat="33.43551200" lon="134.07118500">
   </rtept>
   <rtept lat="33.43561500" lon="134.07140400">
   </rtept>
   <rtept lat="33.43565400" lon="134.07163200">
   </rtept>
   <rtept lat="33.43584500" lon="134.07196500">
   </rtept>
   <rtept lat="33.43605100" lon="134.07209800">
   </rtept>
   <rtept lat="33.43628900" lon="134.07218300">
   </rtept>
   <rtept lat="33.43651100" lon="134.07218300">
   </rtept>
   <rtept lat="33.43672500" lon="134.07213600">
   </rtept>
   <rtept lat="33.43697900" lon="134.07230700">
   </rtept>
   <rtept lat="33.43724100" lon="134.07250700">
   </rtept>
   <rtept lat="33.43751100" lon="134.07259200">
   </rtept>
   <rtept lat="33.43768500" lon="134.07265900">
   </rtept>
   <rtept lat="33.43782000" lon="134.07286800">
   </rtept>
   <rtept lat="33.43797900" lon="134.07296300">
   </rtept>
   <rtept lat="33.43821700" lon="134.07308700">
   </rtept>
   <rtept lat="33.43828800" lon="134.07320100">
   </rtept>
   <rtept lat="33.43830400" lon="134.07351400">
   </rtept>
   <rtept lat="33.43849500" lon="134.07381900">
   </rtept>
   <rtept lat="33.43855800" lon="134.07395200">
   </rtept>
   <rtept lat="33.43854200" lon="134.07429400">
   </rtept>
   <rtept lat="33.43845500" lon="134.07481700">
   </rtept>
   <rtept lat="33.43843900" lon="134.07507400">
   </rtept>
   <rtept lat="33.43862900" lon="134.07547300">
   </rtept>
   <rtept lat="33.43877200" lon="134.07627200">
   </rtept>
   <rtept lat="33.43890700" lon="134.07666100">
   </rtept>
   <rtept lat="33.43903400" lon="134.07706100">
   </rtept>
   <rtept lat="33.43913700" lon="134.07745000">
   </rtept>
   <rtept lat="33.43948700" lon="134.07812000">
   </rtept>
   <rtept lat="33.43974100" lon="134.07863300">
   </rtept>
   <rtept lat="33.43977200" lon="134.07897600">
   </rtept>
   <rtept lat="33.43963000" lon="134.07895700">
   </rtept>
   <rtept lat="33.43945500" lon="134.07867100">
   </rtept>
   <rtept lat="33.43932800" lon="134.07861400">
   </rtept>
   <rtept lat="33.43924900" lon="134.07870900">
   </rtept>
   <rtept lat="33.43924900" lon="134.07897600">
   </rtept>
   <rtept lat="33.43939200" lon="134.07928000">
   </rtept>
   <rtept lat="33.43986800" lon="134.07986900">
   </rtept>
   <rtept lat="33.44067700" lon="134.08070600">
   </rtept>
   <rtept lat="33.44093100" lon="134.08087700">
   </rtept>
   <rtept lat="33.44105800" lon="134.08087700">
   </rtept>
   <rtept lat="33.44112100" lon="134.08072500">
   </rtept>
   <rtept lat="33.44151800" lon="134.08074400">
   </rtept>
   <rtept lat="33.44191400" lon="134.08104800">
   </rtept>
   <rtept lat="33.44223200" lon="134.08180900">
   </rtept>
   <rtept lat="33.44251700" lon="134.08230300">
   </rtept>
   <rtept lat="33.44296100" lon="134.08256900">
   </rtept>
   <rtept lat="33.44334200" lon="134.08296900">
   </rtept>
   <rtept lat="33.44361200" lon="134.08319700">
   </rtept>
   <rtept lat="33.44400900" lon="134.08325400">
   </rtept>
   <rtept lat="33.44419900" lon="134.08336800">
   </rtept>
   <rtept lat="33.44437400" lon="134.08397600">
   </rtept>
   <rtept lat="33.44450000" lon="134.08456600">
   </rtept>
   <rtept lat="33.44462700" lon="134.08481300">
   </rtept>
   <rtept lat="33.44486500" lon="134.08481300">
   </rtept>
   <rtept lat="33.44508800" lon="134.08496500">
   </rtept>
   <rtept lat="33.44511900" lon="134.08519300">
   </rtept>
   <rtept lat="33.44580200" lon="134.08585900">
   </rtept>
   <rtept lat="33.44607100" lon="134.08610600">
   </rtept>
   <rtept lat="33.44621400" lon="134.08639100">
   </rtept>
   <rtept lat="33.44640400" lon="134.08694300">
   </rtept>
   <rtept lat="33.44661100" lon="134.08728500">
   </rtept>
   <rtept lat="33.44689600" lon="134.08758900">
   </rtept>
   <rtept lat="33.44708700" lon="134.08758900">
   </rtept>
   <rtept lat="33.44719800" lon="134.08798800">
   </rtept>
   <rtept lat="33.44703900" lon="134.08829300">
   </rtept>
   <rtept lat="33.44732500" lon="134.08907200">
   </rtept>
   <rtept lat="33.44757800" lon="134.08952900">
   </rtept>
   <rtept lat="33.44781600" lon="134.08989000">
   </rtept>
   <rtept lat="33.44811800" lon="134.08992800">
   </rtept>
   <rtept lat="33.44822900" lon="134.09002300">
   </rtept>
   <rtept lat="33.44824500" lon="134.09042200">
   </rtept>
   <rtept lat="33.44818100" lon="134.09103100">
   </rtept>
   <rtept lat="33.44816500" lon="134.09137300">
   </rtept>
   <rtept lat="33.44807000" lon="134.09177200">
   </rtept>
   <rtept lat="33.44808600" lon="134.09268500">
   </rtept>
   <rtept lat="33.44791200" lon="134.09323600">
   </rtept>
   <rtept lat="33.44791200" lon="134.09365500">
   </rtept>
   <rtept lat="33.44800700" lon="134.09441500">
   </rtept>
   <rtept lat="33.44794300" lon="134.09470100">
   </rtept>
   <rtept lat="33.44819700" lon="134.09508100">
   </rtept>
   <rtept lat="33.44821300" lon="134.09551800">
   </rtept>
   <rtept lat="33.44827700" lon="134.09597500">
   </rtept>
   <rtept lat="33.44841900" lon="134.09635500">
   </rtept>
   <rtept lat="33.44864100" lon="134.09669700">
   </rtept>
   <rtept lat="33.44872100" lon="134.09698200">
   </rtept>
   <rtept lat="33.44861000" lon="134.09757200">
   </rtept>
   <rtept lat="33.44847300" lon="134.09851200">
   </rtept>
   <rtept lat="33.44803700" lon="134.09867900">
   </rtept>
   <rtept lat="33.44754100" lon="134.09891600">
   </rtept>
   <rtept lat="33.44726400" lon="134.09927300">
   </rtept>
   <rtept lat="33.44708500" lon="134.09951000">
   </rtept>
   <rtept lat="33.44710500" lon="134.10084200">
   </rtept>
   <rtept lat="33.44720400" lon="134.10126900">
   </rtept>
   <rtept lat="33.44718400" lon="134.10186400">
   </rtept>
   <rtept lat="33.44738300" lon="134.10255300">
   </rtept>
   <rtept lat="33.44742200" lon="134.10305200">
   </rtept>
   <rtept lat="33.44740200" lon="134.10359900">
   </rtept>
   <rtept lat="33.44760100" lon="134.10414500">
   </rtept>
   <rtept lat="33.44777900" lon="134.10464400">
   </rtept>
   <rtept lat="33.44779900" lon="134.10550000">
   </rtept>
   <rtept lat="33.44766000" lon="134.10614200">
   </rtept>
   <rtept lat="33.44742200" lon="134.10637900">
   </rtept>
   <rtept lat="33.44724400" lon="134.10673600">
   </rtept>
   <rtept lat="33.44718400" lon="134.10695000">
   </rtept>
   <rtept lat="33.44694600" lon="134.10754400">
   </rtept>
   <rtept lat="33.44680700" lon="134.10821000">
   </rtept>
   <rtept lat="33.44768000" lon="134.10837600">
   </rtept>
   <rtept lat="33.44843400" lon="134.10854200">
   </rtept>
   <rtept lat="33.44896900" lon="134.10897000">
   </rtept>
   <rtept lat="33.44964300" lon="134.10932700">
   </rtept>
   <rtept lat="33.45031800" lon="134.10920800">
   </rtept>
   <rtept lat="33.45067500" lon="134.10897000">
   </rtept>
   <rtept lat="33.45097200" lon="134.10920800">
   </rtept>
   <rtept lat="33.45170600" lon="134.11004000">
   </rtept>
   <rtept lat="33.45251900" lon="134.11084800">
   </rtept>
   <rtept lat="33.45341100" lon="134.11156100">
   </rtept>
   <rtept lat="33.45396600" lon="134.11165600">
   </rtept>
   <rtept lat="33.45495800" lon="134.11165600">
   </rtept>
   <rtept lat="33.45549300" lon="134.11189400">
   </rtept>
   <rtept lat="33.45634600" lon="134.11189400">
   </rtept>
   <rtept lat="33.45660400" lon="134.11215500">
   </rtept>
   <rtept lat="33.45711100" lon="134.11239300">
   </rtept>
   <rtept lat="33.45768600" lon="134.11289200">
   </rtept>
   <rtept lat="33.45784500" lon="134.11320100">
   </rtept>
   <rtept lat="33.45814300" lon="134.11343900">
   </rtept>
   <rtept lat="33.45844000" lon="134.11403300">
   </rtept>
   <rtept lat="33.45851900" lon="134.11448400">
   </rtept>
   <rtept lat="33.45871800" lon="134.11512600">
   </rtept>
   <rtept lat="33.45875700" lon="134.11555400">
   </rtept>
   <rtept lat="33.45861800" lon="134.11593400">
   </rtept>
   <rtept lat="33.45865800" lon="134.11631400">
   </rtept>
   <rtept lat="33.45885600" lon="134.11638600">
   </rtept>
   <rtept lat="33.45925300" lon="134.11679000">
   </rtept>
   <rtept lat="33.45976900" lon="134.11731300">
   </rtept>
   <rtept lat="33.45990700" lon="134.11740800">
   </rtept>
   <rtept lat="33.46008600" lon="134.11759800">
   </rtept>
   <rtept lat="33.46014500" lon="134.11802600">
   </rtept>
   <rtept lat="33.46000700" lon="134.11828700">
   </rtept>
   <rtept lat="33.46040300" lon="134.11838200">
   </rtept>
   <rtept lat="33.46060100" lon="134.11831100">
   </rtept>
   <rtept lat="33.46080000" lon="134.11826300">
   </rtept>
   <rtept lat="33.46109700" lon="134.11857200">
   </rtept>
   <rtept lat="33.46121600" lon="134.11895300">
   </rtept>
   <rtept lat="33.46159300" lon="134.11949900">
   </rtept>
   <rtept lat="33.46202900" lon="134.11992700">
   </rtept>
   <rtept lat="33.46282200" lon="134.12061600">
   </rtept>
   <rtept lat="33.46325800" lon="134.12078300">
   </rtept>
   <rtept lat="33.46337700" lon="134.12097300">
   </rtept>
   <rtept lat="33.46341700" lon="134.12135300">
   </rtept>
   <rtept lat="33.46359500" lon="134.12178100">
   </rtept>
   <rtept lat="33.46383300" lon="134.12228000">
   </rtept>
   <rtept lat="33.46413100" lon="134.12263700">
   </rtept>
   <rtept lat="33.46434900" lon="134.12294600">
   </rtept>
   <rtept lat="33.46474600" lon="134.12372700">
   </rtept>
   <rtept lat="33.46508300" lon="134.12415500">
   </rtept>
   <rtept lat="33.46553900" lon="134.12441600">
   </rtept>
   <rtept lat="33.46605400" lon="134.12474900">
   </rtept>
   <rtept lat="33.46655000" lon="134.12489200">
   </rtept>
   <rtept lat="33.46692700" lon="134.12520000">
   </rtept>
   <rtept lat="33.46730300" lon="134.12603200">
   </rtept>
   <rtept lat="33.46785800" lon="134.12698300">
   </rtept>
   <rtept lat="33.46837400" lon="134.12755400">
   </rtept>
   <rtept lat="33.46918700" lon="134.12800500">
   </rtept>
   <rtept lat="33.46960300" lon="134.12831400">
   </rtept>
   <rtept lat="33.47035700" lon="134.12895600">
   </rtept>
   <rtept lat="33.47063400" lon="134.12909800">
   </rtept>
   <rtept lat="33.47111000" lon="134.12898000">
   </rtept>
   <rtept lat="33.47142700" lon="134.12895600">
   </rtept>
   <rtept lat="33.47174400" lon="134.12924100">
   </rtept>
   <rtept lat="33.47200200" lon="134.12952600">
   </rtept>
   <rtept lat="33.47216100" lon="134.12974000">
   </rtept>
   <rtept lat="33.47297400" lon="134.13035800">
   </rtept>
   <rtept lat="33.47358800" lon="134.13078600">
   </rtept>
   <rtept lat="33.47396500" lon="134.13116600">
   </rtept>
   <rtept lat="33.47448000" lon="134.13147500">
   </rtept>
   <rtept lat="33.47463693" lon="134.13161776">
   </rtept>
   <rtept lat="33.47503900" lon="134.13143100">
   </rtept>
   <rtept lat="33.47530789" lon="134.13139929">
   </rtept>
   <rtept lat="33.47572206" lon="134.13132977">
   </rtept>
   <rtept lat="33.47623390" lon="134.13132132">
   </rtept>
   <rtept lat="33.47645656" lon="134.13139759">
   </rtept>
   <rtept lat="33.47659970" lon="134.13130861">
   </rtept>
   <rtept lat="33.47668452" lon="134.13130861">
   </rtept>
   <rtept lat="33.47680646" lon="134.13114336">
   </rtept>
   <rtept lat="33.47673754" lon="134.13099718">
   </rtept>
   <rtept lat="33.47676405" lon="134.13058405">
   </rtept>
   <rtept lat="33.47690200" lon="134.13012400">
   </rtept>
   <rtept lat="33.47700791" lon="134.12988490">
   </rtept>
   <rtept lat="33.47739492" lon="134.12971965">
   </rtept>
   <rtept lat="33.47767059" lon="134.12971965">
   </rtept>
   <rtept lat="33.47785084" lon="134.12978956">
   </rtept>
   <rtept lat="33.47809470" lon="134.12980228">
   </rtept>
   <rtept lat="33.47836900" lon="134.12991000">
   </rtept>
   <rtept lat="33.47847640" lon="134.12996117">
   </rtept>
   <rtept lat="33.47878388" lon="134.12999931">
   </rtept>
   <rtept lat="33.47847640" lon="134.12996117">
   </rtept>
   <rtept lat="33.47836900" lon="134.12991000">
   </rtept>
   <rtept lat="33.47809470" lon="134.12980228">
   </rtept>
   <rtept lat="33.47785084" lon="134.12978956">
   </rtept>
   <rtept lat="33.47767059" lon="134.12971965">
   </rtept>
   <rtept lat="33.47736086" lon="134.12971723">
   </rtept>
   <rtept lat="33.47700791" lon="134.12988490">
   </rtept>
   <rtept lat="33.47690200" lon="134.13012400">
   </rtept>
   <rtept lat="33.47676405" lon="134.13058405">
   </rtept>
   <rtept lat="33.47673754" lon="134.13099718">
   </rtept>
   <rtept lat="33.47680646" lon="134.13114336">
   </rtept>
   <rtept lat="33.47668452" lon="134.13130861">
   </rtept>
   <rtept lat="33.47659970" lon="134.13130861">
   </rtept>
   <rtept lat="33.47645656" lon="134.13139759">
   </rtept>
   <rtept lat="33.47623390" lon="134.13132132">
   </rtept>
   <rtept lat="33.47572206" lon="134.13132977">
   </rtept>
   <rtept lat="33.47503900" lon="134.13143100">
   </rtept>
   <rtept lat="33.47463693" lon="134.13161776">
   </rtept>
   <rtept lat="33.47469491" lon="134.13175680">
   </rtept>
   <rtept lat="33.47473800" lon="134.13195100">
   </rtept>
   <rtept lat="33.47469900" lon="134.13245000">
   </rtept>
   <rtept lat="33.47465900" lon="134.13280600">
   </rtept>
   <rtept lat="33.47461900" lon="134.13323400">
   </rtept>
   <rtept lat="33.47458000" lon="134.13390000">
   </rtept>
   <rtept lat="33.47463900" lon="134.13418500">
   </rtept>
   <rtept lat="33.47442100" lon="134.13485000">
   </rtept>
   <rtept lat="33.47416300" lon="134.13496900">
   </rtept>
   <rtept lat="33.47382600" lon="134.13518300">
   </rtept>
   <rtept lat="33.47337000" lon="134.13582500">
   </rtept>
   <rtept lat="33.47313200" lon="134.13630000">
   </rtept>
   <rtept lat="33.47313200" lon="134.13679900">
   </rtept>
   <rtept lat="33.47313200" lon="134.13696600">
   </rtept>
   <rtept lat="33.47285500" lon="134.13722700">
   </rtept>
   <rtept lat="33.47239900" lon="134.13722700">
   </rtept>
   <rtept lat="33.47212100" lon="134.13725100">
   </rtept>
   <rtept lat="33.47162500" lon="134.13748900">
   </rtept>
   <rtept lat="33.47134800" lon="134.13760700">
   </rtept>
   <rtept lat="33.47117900" lon="134.13754800">
   </rtept>
   <rtept lat="33.47092900" lon="134.13766200">
   </rtept>
   <rtept lat="33.47072700" lon="134.13789100">
   </rtept>
   <rtept lat="33.47054800" lon="134.13836100">
   </rtept>
   <rtept lat="33.47044100" lon="134.13860400">
   </rtept>
   <rtept lat="33.47020300" lon="134.13870300">
   </rtept>
   <rtept lat="33.47009600" lon="134.13900300">
   </rtept>
   <rtept lat="33.47001300" lon="134.13935900">
   </rtept>
   <rtept lat="33.47001300" lon="134.13980100">
   </rtept>
   <rtept lat="33.46987000" lon="134.14007200">
   </rtept>
   <rtept lat="33.46962000" lon="134.14015800">
   </rtept>
   <rtept lat="33.46943000" lon="134.14022900">
   </rtept>
   <rtept lat="33.46933500" lon="134.14052900">
   </rtept>
   <rtept lat="33.46933500" lon="134.14092800">
   </rtept>
   <rtept lat="33.46937000" lon="134.14129900">
   </rtept>
   <rtept lat="33.46928700" lon="134.14178400">
   </rtept>
   <rtept lat="33.46919200" lon="134.14206900">
   </rtept>
   <rtept lat="33.46906100" lon="134.14256800">
   </rtept>
   <rtept lat="33.46889500" lon="134.14292500">
   </rtept>
   <rtept lat="33.46866900" lon="134.14338100">
   </rtept>
   <rtept lat="33.46851400" lon="134.14388000">
   </rtept>
   <rtept lat="33.46835900" lon="134.14418000">
   </rtept>
   <rtept lat="33.46856100" lon="134.14432200">
   </rtept>
   <rtept lat="33.46902500" lon="134.14455000">
   </rtept>
   <rtept lat="33.46975100" lon="134.14504900">
   </rtept>
   <rtept lat="33.47033400" lon="134.14552000">
   </rtept>
   <rtept lat="33.47083400" lon="134.14597600">
   </rtept>
   <rtept lat="33.47104800" lon="134.14633300">
   </rtept>
   <rtept lat="33.47120200" lon="134.14673200">
   </rtept>
   <rtept lat="33.47130900" lon="134.14716000">
   </rtept>
   <rtept lat="33.47147600" lon="134.14737400">
   </rtept>
   <rtept lat="33.47185700" lon="134.14757400">
   </rtept>
   <rtept lat="33.47202300" lon="134.14764500">
   </rtept>
   <rtept lat="33.47226100" lon="134.14794400">
   </rtept>
   <rtept lat="33.47235600" lon="134.14832900">
   </rtept>
   <rtept lat="33.47234400" lon="134.14890000">
   </rtept>
   <rtept lat="33.47247500" lon="134.14931300">
   </rtept>
   <rtept lat="33.47272500" lon="134.14974100">
   </rtept>
   <rtept lat="33.47309400" lon="134.15036900">
   </rtept>
   <rtept lat="33.47337200" lon="134.15056300">
   </rtept>
   <rtept lat="33.47375300" lon="134.15070500">
   </rtept>
   <rtept lat="33.47411000" lon="134.15099000">
   </rtept>
   <rtept lat="33.47438300" lon="134.15139000">
   </rtept>
   <rtept lat="33.47460900" lon="134.15176100">
   </rtept>
   <rtept lat="33.47468100" lon="134.15217400">
   </rtept>
   <rtept lat="33.47470400" lon="134.15234500">
   </rtept>
   <rtept lat="33.47485900" lon="134.15268800">
   </rtept>
   <rtept lat="33.47521600" lon="134.15285900">
   </rtept>
   <rtept lat="33.47534700" lon="134.15290100">
   </rtept>
   <rtept lat="33.47552500" lon="134.15304400">
   </rtept>
   <rtept lat="33.47575100" lon="134.15344300">
   </rtept>
   <rtept lat="33.47590600" lon="134.15374300">
   </rtept>
   <rtept lat="33.47627500" lon="134.15407100">
   </rtept>
   <rtept lat="33.47633400" lon="134.15454100">
   </rtept>
   <rtept lat="33.47644100" lon="134.15498400">
   </rtept>
   <rtept lat="33.47647700" lon="134.15535400">
   </rtept>
   <rtept lat="33.47669100" lon="134.15564000">
   </rtept>
 </rte>
 <rte>
  <name>SHIKOKU_KCH_04(神峯のみち)</name>
   <rtept lat="33.44720700" lon="133.96021700">
   </rtept>
   <rtept lat="33.44718400" lon="133.96092200">
   </rtept>
   <rtept lat="33.44715400" lon="133.96142200">
   </rtept>
   <rtept lat="33.44699900" lon="133.96239800">
   </rtept>
   <rtept lat="33.44691000" lon="133.96280500">
   </rtept>
   <rtept lat="33.44697500" lon="133.96333300">
   </rtept>
   <rtept lat="33.44705900" lon="133.96356100">
   </rtept>
   <rtept lat="33.44702300" lon="133.96392400">
   </rtept>
   <rtept lat="33.44692800" lon="133.96440900">
   </rtept>
   <rtept lat="33.44692800" lon="133.96463700">
   </rtept>
   <rtept lat="33.44711800" lon="133.96500800">
   </rtept>
   <rtept lat="33.44712400" lon="133.96517900">
   </rtept>
   <rtept lat="33.44708200" lon="133.96575700">
   </rtept>
   <rtept lat="33.44696300" lon="133.96617800">
   </rtept>
   <rtept lat="33.44666600" lon="133.96649300">
   </rtept>
   <rtept lat="33.44656700" lon="133.96689700">
   </rtept>
   <rtept lat="33.44646800" lon="133.96743200">
   </rtept>
   <rtept lat="33.44622000" lon="133.96818100">
   </rtept>
   <rtept lat="33.44594200" lon="133.96923900">
   </rtept>
   <rtept lat="33.44593200" lon="133.96940500">
   </rtept>
   <rtept lat="33.44569400" lon="133.97011800">
   </rtept>
   <rtept lat="33.44538700" lon="133.97080700">
   </rtept>
   <rtept lat="33.44549600" lon="133.97116400">
   </rtept>
   <rtept lat="33.44575400" lon="133.97161500">
   </rtept>
   <rtept lat="33.44595200" lon="133.97200800">
   </rtept>
   <rtept lat="33.44613000" lon="133.97206700">
   </rtept>
   <rtept lat="33.44632900" lon="133.97204300">
   </rtept>
   <rtept lat="33.44648700" lon="133.97197200">
   </rtept>
   <rtept lat="33.44671500" lon="133.97179400">
   </rtept>
   <rtept lat="33.44709200" lon="133.97171000">
   </rtept>
   <rtept lat="33.44742900" lon="133.97161500">
   </rtept>
   <rtept lat="33.44762700" lon="133.97147400">
   </rtept>
   <rtept lat="33.44796400" lon="133.97098700">
   </rtept>
   <rtept lat="33.44808300" lon="133.97090300">
   </rtept>
   <rtept lat="33.44822200" lon="133.97078500">
   </rtept>
   <rtept lat="33.44829100" lon="133.97086800">
   </rtept>
   <rtept lat="33.44838100" lon="133.97093900">
   </rtept>
   <rtept lat="33.44841000" lon="133.97082000">
   </rtept>
   <rtept lat="33.44826200" lon="133.97055900">
   </rtept>
   <rtept lat="33.44829100" lon="133.97036900">
   </rtept>
   <rtept lat="33.44837100" lon="133.97036900">
   </rtept>
   <rtept lat="33.44847000" lon="133.97052300">
   </rtept>
   <rtept lat="33.44858900" lon="133.97068900">
   </rtept>
   <rtept lat="33.44877700" lon="133.97073700">
   </rtept>
   <rtept lat="33.44897500" lon="133.97068900">
   </rtept>
   <rtept lat="33.44926300" lon="133.97063000">
   </rtept>
   <rtept lat="33.44952100" lon="133.97047600">
   </rtept>
   <rtept lat="33.44973900" lon="133.97023800">
   </rtept>
   <rtept lat="33.44987800" lon="133.97016700">
   </rtept>
   <rtept lat="33.45004600" lon="133.97016700">
   </rtept>
   <rtept lat="33.45023500" lon="133.97022600">
   </rtept>
   <rtept lat="33.45049300" lon="133.97025000">
   </rtept>
   <rtept lat="33.45065100" lon="133.97025000">
   </rtept>
   <rtept lat="33.45083000" lon="133.97023800">
   </rtept>
   <rtept lat="33.45102800" lon="133.97027300">
   </rtept>
   <rtept lat="33.45119700" lon="133.97028500">
   </rtept>
   <rtept lat="33.45151400" lon="133.97028500">
   </rtept>
   <rtept lat="33.45162300" lon="133.97025000">
   </rtept>
   <rtept lat="33.45171200" lon="133.97041600">
   </rtept>
   <rtept lat="33.45179100" lon="133.97057100">
   </rtept>
   <rtept lat="33.45188100" lon="133.97063000">
   </rtept>
   <rtept lat="33.45207900" lon="133.97063000">
   </rtept>
   <rtept lat="33.45226700" lon="133.97057100">
   </rtept>
   <rtept lat="33.45233700" lon="133.97068300">
   </rtept>
   <rtept lat="33.45251200" lon="133.97091100">
   </rtept>
   <rtept lat="33.45261500" lon="133.97097800">
   </rtept>
   <rtept lat="33.45288400" lon="133.97093000">
   </rtept>
   <rtept lat="33.45315400" lon="133.97109200">
   </rtept>
   <rtept lat="33.45334400" lon="133.97111100">
   </rtept>
   <rtept lat="33.45356600" lon="133.97120600">
   </rtept>
   <rtept lat="33.45384400" lon="133.97138700">
   </rtept>
   <rtept lat="33.45416900" lon="133.97155800">
   </rtept>
   <rtept lat="33.45454200" lon="133.97158600">
   </rtept>
   <rtept lat="33.45461400" lon="133.97159600">
   </rtept>
   <rtept lat="33.45461400" lon="133.97171000">
   </rtept>
   <rtept lat="33.45458200" lon="133.97175700">
   </rtept>
   <rtept lat="33.45441500" lon="133.97177600">
   </rtept>
   <rtept lat="33.45453400" lon="133.97203300">
   </rtept>
   <rtept lat="33.45470900" lon="133.97222300">
   </rtept>
   <rtept lat="33.45482800" lon="133.97222300">
   </rtept>
   <rtept lat="33.45505800" lon="133.97229000">
   </rtept>
   <rtept lat="33.45535100" lon="133.97244200">
   </rtept>
   <rtept lat="33.45591400" lon="133.97244200">
   </rtept>
   <rtept lat="33.45616800" lon="133.97248000">
   </rtept>
   <rtept lat="33.45639600" lon="133.97251600">
   </rtept>
   <rtept lat="33.45677300" lon="133.97256900">
   </rtept>
   <rtept lat="33.45713000" lon="133.97269400">
   </rtept>
   <rtept lat="33.45732300" lon="133.97278300">
   </rtept>
   <rtept lat="33.45762600" lon="133.97296700">
   </rtept>
   <rtept lat="33.45786400" lon="133.97316300">
   </rtept>
   <rtept lat="33.45810700" lon="133.97340100">
   </rtept>
   <rtept lat="33.45827000" lon="133.97356100">
   </rtept>
   <rtept lat="33.45857700" lon="133.97352600">
   </rtept>
   <rtept lat="33.45876500" lon="133.97353900">
   </rtept>
   <rtept lat="33.45897400" lon="133.97361600">
   </rtept>
   <rtept lat="33.45939000" lon="133.97364000">
   </rtept>
   <rtept lat="33.45967700" lon="133.97372900">
   </rtept>
   <rtept lat="33.45987100" lon="133.97372300">
   </rtept>
   <rtept lat="33.46027700" lon="133.97358000">
   </rtept>
   <rtept lat="33.46035200" lon="133.97355700">
   </rtept>
   <rtept lat="33.46042700" lon="133.97362200">
   </rtept>
   <rtept lat="33.46049100" lon="133.97380600">
   </rtept>
   <rtept lat="33.46060100" lon="133.97398400">
   </rtept>
   <rtept lat="33.46070500" lon="133.97406800">
   </rtept>
   <rtept lat="33.46080400" lon="133.97412700">
   </rtept>
   <rtept lat="33.46094300" lon="133.97427600">
   </rtept>
   <rtept lat="33.46106200" lon="133.97439400">
   </rtept>
   <rtept lat="33.46130900" lon="133.97453700">
   </rtept>
   <rtept lat="33.46133900" lon="133.97470900">
   </rtept>
   <rtept lat="33.46122500" lon="133.97479300">
   </rtept>
   <rtept lat="33.46115600" lon="133.97490000">
   </rtept>
   <rtept lat="33.46125500" lon="133.97497100">
   </rtept>
   <rtept lat="33.46139900" lon="133.97495900">
   </rtept>
   <rtept lat="33.46154200" lon="133.97486400">
   </rtept>
   <rtept lat="33.46165100" lon="133.97449000">
   </rtept>
   <rtept lat="33.46158200" lon="133.97432300">
   </rtept>
   <rtept lat="33.46126500" lon="133.97379400">
   </rtept>
   <rtept lat="33.46120000" lon="133.97365800">
   </rtept>
   <rtept lat="33.46124000" lon="133.97356300">
   </rtept>
   <rtept lat="33.46130400" lon="133.97356900">
   </rtept>
   <rtept lat="33.46139400" lon="133.97363400">
   </rtept>
   <rtept lat="33.46155200" lon="133.97390100">
   </rtept>
   <rtept lat="33.46179500" lon="133.97407400">
   </rtept>
   <rtept lat="33.46209300" lon="133.97425200">
   </rtept>
   <rtept lat="33.46209800" lon="133.97453100">
   </rtept>
   <rtept lat="33.46214700" lon="133.97461400">
   </rtept>
   <rtept lat="33.46222600" lon="133.97458500">
   </rtept>
   <rtept lat="33.46229600" lon="133.97446000">
   </rtept>
   <rtept lat="33.46230100" lon="133.97429300">
   </rtept>
   <rtept lat="33.46224100" lon="133.97412700">
   </rtept>
   <rtept lat="33.46211200" lon="133.97391900">
   </rtept>
   <rtept lat="33.46209300" lon="133.97368700">
   </rtept>
   <rtept lat="33.46218700" lon="133.97351500">
   </rtept>
   <rtept lat="33.46230600" lon="133.97343800">
   </rtept>
   <rtept lat="33.46238500" lon="133.97345600">
   </rtept>
   <rtept lat="33.46244500" lon="133.97364600">
   </rtept>
   <rtept lat="33.46251400" lon="133.97372900">
   </rtept>
   <rtept lat="33.46262300" lon="133.97370500">
   </rtept>
   <rtept lat="33.46277200" lon="133.97364000">
   </rtept>
   <rtept lat="33.46290600" lon="133.97361000">
   </rtept>
   <rtept lat="33.46303000" lon="133.97368100">
   </rtept>
   <rtept lat="33.46297500" lon="133.97387200">
   </rtept>
   <rtept lat="33.46294500" lon="133.97413900">
   </rtept>
   <rtept lat="33.46300000" lon="133.97429900">
   </rtept>
   <rtept lat="33.46310900" lon="133.97431100">
   </rtept>
   <rtept lat="33.46321800" lon="133.97412700">
   </rtept>
   <rtept lat="33.46328700" lon="133.97411500">
   </rtept>
   <rtept lat="33.46343700" lon="133.97435300">
   </rtept>
   <rtept lat="33.46347700" lon="133.97431700">
   </rtept>
   <rtept lat="33.46349600" lon="133.97408500">
   </rtept>
   <rtept lat="33.46357600" lon="133.97402600">
   </rtept>
   <rtept lat="33.46365500" lon="133.97403800">
   </rtept>
   <rtept lat="33.46374900" lon="133.97424000">
   </rtept>
   <rtept lat="33.46381400" lon="133.97424000">
   </rtept>
   <rtept lat="33.46397700" lon="133.97399600">
   </rtept>
   <rtept lat="33.46411100" lon="133.97424000">
   </rtept>
   <rtept lat="33.46428000" lon="133.97413300">
   </rtept>
   <rtept lat="33.46438900" lon="133.97410300">
   </rtept>
   <rtept lat="33.46447800" lon="133.97415100">
   </rtept>
   <rtept lat="33.46460200" lon="133.97418600">
   </rtept>
   <rtept lat="33.46471100" lon="133.97397900">
   </rtept>
   <rtept lat="33.46477000" lon="133.97375300">
   </rtept>
   <rtept lat="33.46490400" lon="133.97369300">
   </rtept>
   <rtept lat="33.46504300" lon="133.97369300">
   </rtept>
   <rtept lat="33.46507300" lon="133.97375900">
   </rtept>
   <rtept lat="33.46494400" lon="133.97388900">
   </rtept>
   <rtept lat="33.46490900" lon="133.97401400">
   </rtept>
   <rtept lat="33.46496900" lon="133.97407400">
   </rtept>
   <rtept lat="33.46515700" lon="133.97407400">
   </rtept>
   <rtept lat="33.46538000" lon="133.97413300">
   </rtept>
   <rtept lat="33.46555900" lon="133.97412100">
   </rtept>
   <rtept lat="33.46559800" lon="133.97415100">
   </rtept>
   <rtept lat="33.46559800" lon="133.97428200">
   </rtept>
   <rtept lat="33.46561800" lon="133.97432300">
   </rtept>
   <rtept lat="33.46574700" lon="133.97426400">
   </rtept>
   <rtept lat="33.46575600" lon="133.97442400">
   </rtept>
   <rtept lat="33.46591700" lon="133.97443900">
   </rtept>
   <rtept lat="33.46606600" lon="133.97447400">
   </rtept>
   <rtept lat="33.46618400" lon="133.97458800">
   </rtept>
   <rtept lat="33.46628000" lon="133.97475200">
   </rtept>
   <rtept lat="33.46647000" lon="133.97487400">
   </rtept>
   <rtept lat="33.46688600" lon="133.97485900">
   </rtept>
   <rtept lat="33.46702900" lon="133.97498100">
   </rtept>
   <rtept lat="33.46694600" lon="133.97499500">
   </rtept>
   <rtept lat="33.46675600" lon="133.97504500">
   </rtept>
   <rtept lat="33.46644000" lon="133.97518000">
   </rtept>
   <rtept lat="33.46642200" lon="133.97530200">
   </rtept>
   <rtept lat="33.46663100" lon="133.97540100">
   </rtept>
   <rtept lat="33.46677900" lon="133.97547300">
   </rtept>
   <rtept lat="33.46694600" lon="133.97548000">
   </rtept>
   <rtept lat="33.46706800" lon="133.97569000">
   </rtept>
   <rtept lat="33.46710600" lon="133.97595600">
   </rtept>
   <rtept lat="33.46714400" lon="133.97622300">
   </rtept>
   <rtept lat="33.46735400" lon="133.97626100">
   </rtept>
   <rtept lat="33.46756300" lon="133.97620400">
   </rtept>
   <rtept lat="33.46771600" lon="133.97637500">
   </rtept>
   <rtept lat="33.46819100" lon="133.97643200">
   </rtept>
   <rtept lat="33.46855300" lon="133.97641300">
   </rtept>
   <rtept lat="33.46887900" lon="133.97674200">
   </rtept>
   <rtept lat="33.46886100" lon="133.97712000">
   </rtept>
   <rtept lat="33.46880100" lon="133.97731400">
   </rtept>
   <rtept lat="33.46874100" lon="133.97753900">
   </rtept>
   <rtept lat="33.46868200" lon="133.97778300">
   </rtept>
   <rtept lat="33.46868700" lon="133.97790800">
   </rtept>
   <rtept lat="33.46879600" lon="133.97819900">
   </rtept>
   <rtept lat="33.46893900" lon="133.97836500">
   </rtept>
   <rtept lat="33.46913300" lon="133.97852600">
   </rtept>
   <rtept lat="33.46929100" lon="133.97865700">
   </rtept>
   <rtept lat="33.46931600" lon="133.97878700">
   </rtept>
   <rtept lat="33.46928600" lon="133.97893600">
   </rtept>
   <rtept lat="33.46927100" lon="133.97911400">
   </rtept>
   <rtept lat="33.46930600" lon="133.97922700">
   </rtept>
   <rtept lat="33.46941500" lon="133.97935200">
   </rtept>
   <rtept lat="33.46947000" lon="133.97942900">
   </rtept>
   <rtept lat="33.46942000" lon="133.97957800">
   </rtept>
   <rtept lat="33.46933600" lon="133.97960100">
   </rtept>
   <rtept lat="33.46912800" lon="133.97956000">
   </rtept>
   <rtept lat="33.46898900" lon="133.97947700">
   </rtept>
   <rtept lat="33.46874600" lon="133.97932800">
   </rtept>
   <rtept lat="33.46856300" lon="133.97932800">
   </rtept>
   <rtept lat="33.46832000" lon="133.97930400">
   </rtept>
   <rtept lat="33.46811700" lon="133.97915000">
   </rtept>
   <rtept lat="33.46793800" lon="133.97910200">
   </rtept>
   <rtept lat="33.46784400" lon="133.97922100">
   </rtept>
   <rtept lat="33.46776500" lon="133.97924500">
   </rtept>
   <rtept lat="33.46771000" lon="133.97921500">
   </rtept>
   <rtept lat="33.46771500" lon="133.97912000">
   </rtept>
   <rtept lat="33.46787900" lon="133.97893600">
   </rtept>
   <rtept lat="33.46797300" lon="133.97893000">
   </rtept>
   <rtept lat="33.46833500" lon="133.97888800">
   </rtept>
   <rtept lat="33.46833000" lon="133.97880500">
   </rtept>
   <rtept lat="33.46818600" lon="133.97873400">
   </rtept>
   <rtept lat="33.46797800" lon="133.97869200">
   </rtept>
   <rtept lat="33.46768000" lon="133.97876900">
   </rtept>
   <rtept lat="33.46759600" lon="133.97878100">
   </rtept>
   <rtept lat="33.46734600" lon="133.97876800">
   </rtept>
   <rtept lat="33.46705300" lon="133.97881500">
   </rtept>
   <rtept lat="33.46683800" lon="133.97887200">
   </rtept>
   <rtept lat="33.46673500" lon="133.97900600">
   </rtept>
   <rtept lat="33.46672700" lon="133.97914800">
   </rtept>
   <rtept lat="33.46678300" lon="133.97922400">
   </rtept>
   <rtept lat="33.46698900" lon="133.97949000">
   </rtept>
   <rtept lat="33.46729000" lon="133.97977600">
   </rtept>
   <rtept lat="33.46751300" lon="133.98008000">
   </rtept>
   <rtept lat="33.46751300" lon="133.98030800">
   </rtept>
   <rtept lat="33.46744900" lon="133.98058400">
   </rtept>
   <rtept lat="33.46752000" lon="133.98084000">
   </rtept>
   <rtept lat="33.46754400" lon="133.98094500">
   </rtept>
   <rtept lat="33.46746500" lon="133.98105900">
   </rtept>
   <rtept lat="33.46740900" lon="133.98118300">
   </rtept>
   <rtept lat="33.46739400" lon="133.98143900">
   </rtept>
   <rtept lat="33.46740900" lon="133.98160100">
   </rtept>
   <rtept lat="33.46756800" lon="133.98183900">
   </rtept>
   <rtept lat="33.46756000" lon="133.98188600">
   </rtept>
   <rtept lat="33.46738600" lon="133.98202900">
   </rtept>
   <rtept lat="33.46735400" lon="133.98221900">
   </rtept>
   <rtept lat="33.46721900" lon="133.98236200">
   </rtept>
   <rtept lat="33.46714800" lon="133.98254200">
   </rtept>
   <rtept lat="33.46702100" lon="133.98261800">
   </rtept>
   <rtept lat="33.46698100" lon="133.98273200">
   </rtept>
   <rtept lat="33.46706000" lon="133.98277000">
   </rtept>
   <rtept lat="33.46727500" lon="133.98278900">
   </rtept>
   <rtept lat="33.46763100" lon="133.98276100">
   </rtept>
   <rtept lat="33.46779000" lon="133.98286500">
   </rtept>
   <rtept lat="33.46781400" lon="133.98297000">
   </rtept>
   <rtept lat="33.46770300" lon="133.98303700">
   </rtept>
   <rtept lat="33.46757600" lon="133.98312200">
   </rtept>
   <rtept lat="33.46749700" lon="133.98326500">
   </rtept>
   <rtept lat="33.46747300" lon="133.98345500">
   </rtept>
   <rtept lat="33.46742500" lon="133.98352100">
   </rtept>
   <rtept lat="33.46731400" lon="133.98356900">
   </rtept>
   <rtept lat="33.46716400" lon="133.98366400">
   </rtept>
   <rtept lat="33.46708400" lon="133.98377800">
   </rtept>
   <rtept lat="33.46698100" lon="133.98389200">
   </rtept>
   <rtept lat="33.46683000" lon="133.98396800">
   </rtept>
   <rtept lat="33.46671900" lon="133.98422500">
   </rtept>
   <rtept lat="33.46659300" lon="133.98419600">
   </rtept>
   <rtept lat="33.46644200" lon="133.98421500">
   </rtept>
   <rtept lat="33.46633100" lon="133.98441500">
   </rtept>
   <rtept lat="33.46625200" lon="133.98466200">
   </rtept>
   <rtept lat="33.46613300" lon="133.98451000">
   </rtept>
   <rtept lat="33.46604500" lon="133.98450100">
   </rtept>
   <rtept lat="33.46595000" lon="133.98458600">
   </rtept>
   <rtept lat="33.46564100" lon="133.98483300">
   </rtept>
   <rtept lat="33.46548200" lon="133.98483300">
   </rtept>
   <rtept lat="33.46537100" lon="133.98473800">
   </rtept>
   <rtept lat="33.46515700" lon="133.98441500">
   </rtept>
   <rtept lat="33.46507800" lon="133.98441500">
   </rtept>
   <rtept lat="33.46491100" lon="133.98456700">
   </rtept>
   <rtept lat="33.46476000" lon="133.98464300">
   </rtept>
   <rtept lat="33.46453000" lon="133.98453900">
   </rtept>
   <rtept lat="33.46434000" lon="133.98448200">
   </rtept>
   <rtept lat="33.46421300" lon="133.98456700">
   </rtept>
   <rtept lat="33.46403900" lon="133.98461500">
   </rtept>
   <rtept lat="33.46380900" lon="133.98442500">
   </rtept>
   <rtept lat="33.46354700" lon="133.98420600">
   </rtept>
   <rtept lat="33.46333300" lon="133.98395900">
   </rtept>
   <rtept lat="33.46309800" lon="133.98389500">
   </rtept>
   <rtept lat="33.46295500" lon="133.98382400">
   </rtept>
   <rtept lat="33.46267600" lon="133.98340300">
   </rtept>
   <rtept lat="33.46242600" lon="133.98324600">
   </rtept>
   <rtept lat="33.46220600" lon="133.98304700">
   </rtept>
   <rtept lat="33.46210500" lon="133.98298200">
   </rtept>
   <rtept lat="33.46192000" lon="133.98297500">
   </rtept>
   <rtept lat="33.46171800" lon="133.98295400">
   </rtept>
   <rtept lat="33.46164100" lon="133.98291800">
   </rtept>
   <rtept lat="33.46121200" lon="133.98258300">
   </rtept>
   <rtept lat="33.46071900" lon="133.98223400">
   </rtept>
   <rtept lat="33.46063500" lon="133.98211200">
   </rtept>
   <rtept lat="33.46061800" lon="133.98202700">
   </rtept>
   <rtept lat="33.46064700" lon="133.98186300">
   </rtept>
   <rtept lat="33.46065900" lon="133.98172700">
   </rtept>
   <rtept lat="33.46061800" lon="133.98147800">
   </rtept>
   <rtept lat="33.46054600" lon="133.98147800">
   </rtept>
   <rtept lat="33.46050400" lon="133.98168500">
   </rtept>
   <rtept lat="33.46046900" lon="133.98172700">
   </rtept>
   <rtept lat="33.46027800" lon="133.98175600">
   </rtept>
   <rtept lat="33.46012400" lon="133.98184200">
   </rtept>
   <rtept lat="33.46002300" lon="133.98185600">
   </rtept>
   <rtept lat="33.45984400" lon="133.98172700">
   </rtept>
   <rtept lat="33.45945000" lon="133.98149900">
   </rtept>
   <rtept lat="33.45940300" lon="133.98142800">
   </rtept>
   <rtept lat="33.45939700" lon="133.98131400">
   </rtept>
   <rtept lat="33.45944400" lon="133.98106400">
   </rtept>
   <rtept lat="33.45945000" lon="133.98070100">
   </rtept>
   <rtept lat="33.45939100" lon="133.98035100">
   </rtept>
   <rtept lat="33.45934300" lon="133.98022300">
   </rtept>
   <rtept lat="33.45926600" lon="133.98029400">
   </rtept>
   <rtept lat="33.45917700" lon="133.98060800">
   </rtept>
   <rtept lat="33.45912300" lon="133.98066500">
   </rtept>
   <rtept lat="33.45902200" lon="133.98067200">
   </rtept>
   <rtept lat="33.45900400" lon="133.98033700">
   </rtept>
   <rtept lat="33.45889700" lon="133.97998800">
   </rtept>
   <rtept lat="33.45878400" lon="133.97985900">
   </rtept>
   <rtept lat="33.45868900" lon="133.97988100">
   </rtept>
   <rtept lat="33.45859400" lon="133.97995900">
   </rtept>
   <rtept lat="33.45850500" lon="133.98009500">
   </rtept>
   <rtept lat="33.45843900" lon="133.98022300">
   </rtept>
   <rtept lat="33.45833200" lon="133.98020900">
   </rtept>
   <rtept lat="33.45810600" lon="133.98010200">
   </rtept>
   <rtept lat="33.45797500" lon="133.98010200">
   </rtept>
   <rtept lat="33.45788500" lon="133.98026600">
   </rtept>
   <rtept lat="33.45783700" lon="133.98044400">
   </rtept>
   <rtept lat="33.45784900" lon="133.98065800">
   </rtept>
   <rtept lat="33.45795000" lon="133.98096400">
   </rtept>
   <rtept lat="33.45793800" lon="133.98107900">
   </rtept>
   <rtept lat="33.45783100" lon="133.98124300">
   </rtept>
   <rtept lat="33.45776000" lon="133.98144200">
   </rtept>
   <rtept lat="33.45773000" lon="133.98148500">
   </rtept>
   <rtept lat="33.45764100" lon="133.98144200">
   </rtept>
   <rtept lat="33.45746800" lon="133.98123500">
   </rtept>
   <rtept lat="33.45738500" lon="133.98130700">
   </rtept>
   <rtept lat="33.45730800" lon="133.98142100">
   </rtept>
   <rtept lat="33.45693900" lon="133.98142800">
   </rtept>
   <rtept lat="33.45687900" lon="133.98150600">
   </rtept>
   <rtept lat="33.45685000" lon="133.98166300">
   </rtept>
   <rtept lat="33.45676600" lon="133.98182700">
   </rtept>
   <rtept lat="33.45660000" lon="133.98182700">
   </rtept>
   <rtept lat="33.45660000" lon="133.98172700">
   </rtept>
   <rtept lat="33.45649900" lon="133.98121400">
   </rtept>
   <rtept lat="33.45642700" lon="133.98111400">
   </rtept>
   <rtept lat="33.45620700" lon="133.98111400">
   </rtept>
   <rtept lat="33.45605200" lon="133.98108600">
   </rtept>
   <rtept lat="33.45593900" lon="133.98112800">
   </rtept>
   <rtept lat="33.45578500" lon="133.98102200">
   </rtept>
   <rtept lat="33.45570700" lon="133.98102200">
   </rtept>
   <rtept lat="33.45549900" lon="133.98098600">
   </rtept>
   <rtept lat="33.45536800" lon="133.98089300">
   </rtept>
   <rtept lat="33.45506500" lon="133.98053700">
   </rtept>
   <rtept lat="33.45498200" lon="133.98050100">
   </rtept>
   <rtept lat="33.45486300" lon="133.98048700">
   </rtept>
   <rtept lat="33.45459600" lon="133.98049400">
   </rtept>
   <rtept lat="33.45435200" lon="133.98056500">
   </rtept>
   <rtept lat="33.45428700" lon="133.98063600">
   </rtept>
   <rtept lat="33.45416200" lon="133.98083600">
   </rtept>
   <rtept lat="33.45410800" lon="133.98086500">
   </rtept>
   <rtept lat="33.45394200" lon="133.98079300">
   </rtept>
   <rtept lat="33.45366800" lon="133.98080000">
   </rtept>
   <rtept lat="33.45361400" lon="133.98075100">
   </rtept>
   <rtept lat="33.45360900" lon="133.98060100">
   </rtept>
   <rtept lat="33.45370400" lon="133.98035100">
   </rtept>
   <rtept lat="33.45372200" lon="133.98024400">
   </rtept>
   <rtept lat="33.45366200" lon="133.98014400">
   </rtept>
   <rtept lat="33.45354900" lon="133.98014400">
   </rtept>
   <rtept lat="33.45348400" lon="133.98018000">
   </rtept>
   <rtept lat="33.45337100" lon="133.98038000">
   </rtept>
   <rtept lat="33.45323400" lon="133.98055800">
   </rtept>
   <rtept lat="33.45310300" lon="133.98055100">
   </rtept>
   <rtept lat="33.45303100" lon="133.98048700">
   </rtept>
   <rtept lat="33.45303100" lon="133.98016600">
   </rtept>
   <rtept lat="33.45298400" lon="133.97995900">
   </rtept>
   <rtept lat="33.45290100" lon="133.97985900">
   </rtept>
   <rtept lat="33.45279400" lon="133.97983100">
   </rtept>
   <rtept lat="33.45257300" lon="133.98003000">
   </rtept>
   <rtept lat="33.45250800" lon="133.98000900">
   </rtept>
   <rtept lat="33.45241300" lon="133.97988800">
   </rtept>
   <rtept lat="33.45237700" lon="133.97979500">
   </rtept>
   <rtept lat="33.45219300" lon="133.97963800">
   </rtept>
   <rtept lat="33.45210900" lon="133.97964500">
   </rtept>
   <rtept lat="33.45196400" lon="133.97985900">
   </rtept>
   <rtept lat="33.45175600" lon="133.97985900">
   </rtept>
   <rtept lat="33.45167300" lon="133.98004500">
   </rtept>
   <rtept lat="33.45167300" lon="133.98039400">
   </rtept>
   <rtept lat="33.45170800" lon="133.98075800">
   </rtept>
   <rtept lat="33.45166700" lon="133.98082200">
   </rtept>
   <rtept lat="33.45160100" lon="133.98083600">
   </rtept>
   <rtept lat="33.45145900" lon="133.98070100">
   </rtept>
   <rtept lat="33.45136900" lon="133.98053700">
   </rtept>
   <rtept lat="33.45132800" lon="133.98050100">
   </rtept>
   <rtept lat="33.45106000" lon="133.98049400">
   </rtept>
   <rtept lat="33.45100000" lon="133.98048700">
   </rtept>
   <rtept lat="33.45087000" lon="133.98048000">
   </rtept>
   <rtept lat="33.45075600" lon="133.98060100">
   </rtept>
   <rtept lat="33.45060800" lon="133.98067200">
   </rtept>
   <rtept lat="33.45032800" lon="133.98066500">
   </rtept>
   <rtept lat="33.45013200" lon="133.98058700">
   </rtept>
   <rtept lat="33.45001300" lon="133.98053700">
   </rtept>
   <rtept lat="33.44978700" lon="133.98045100">
   </rtept>
   <rtept lat="33.44948900" lon="133.98045800">
   </rtept>
   <rtept lat="33.44920400" lon="133.98055800">
   </rtept>
   <rtept lat="33.44903500" lon="133.98056500">
   </rtept>
   <rtept lat="33.44882100" lon="133.98048700">
   </rtept>
   <rtept lat="33.44841000" lon="133.98048700">
   </rtept>
   <rtept lat="33.44792700" lon="133.98023000">
   </rtept>
   <rtept lat="33.44756200" lon="133.98025900">
   </rtept>
   <rtept lat="33.44721300" lon="133.98035800">
   </rtept>
   <rtept lat="33.44711000" lon="133.98036800">
   </rtept>
   <rtept lat="33.44701900" lon="133.98034900">
   </rtept>
   <rtept lat="33.44692000" lon="133.98028700">
   </rtept>
   <rtept lat="33.44660600" lon="133.98012100">
   </rtept>
   <rtept lat="33.44650300" lon="133.98009200">
   </rtept>
   <rtept lat="33.44634400" lon="133.98008700">
   </rtept>
   <rtept lat="33.44600800" lon="133.98000200">
   </rtept>
   <rtept lat="33.44577800" lon="133.98000200">
   </rtept>
   <rtept lat="33.44554800" lon="133.98006400">
   </rtept>
   <rtept lat="33.44543700" lon="133.98010600">
   </rtept>
   <rtept lat="33.44512000" lon="133.97998800">
   </rtept>
   <rtept lat="33.44501600" lon="133.97997800">
   </rtept>
   <rtept lat="33.44491300" lon="133.97998300">
   </rtept>
   <rtept lat="33.44470300" lon="133.98011600">
   </rtept>
   <rtept lat="33.44427500" lon="133.98040100">
   </rtept>
   <rtept lat="33.44418700" lon="133.98048700">
   </rtept>
   <rtept lat="33.44408800" lon="133.98052000">
   </rtept>
   <rtept lat="33.44398100" lon="133.98053000">
   </rtept>
   <rtept lat="33.44390600" lon="133.98049600">
   </rtept>
   <rtept lat="33.44382600" lon="133.98039600">
   </rtept>
   <rtept lat="33.44377900" lon="133.98020600">
   </rtept>
   <rtept lat="33.44372300" lon="133.98010600">
   </rtept>
   <rtept lat="33.44364800" lon="133.98007800">
   </rtept>
   <rtept lat="33.44360000" lon="133.98017300">
   </rtept>
   <rtept lat="33.44356100" lon="133.98024000">
   </rtept>
   <rtept lat="33.44348500" lon="133.98031600">
   </rtept>
   <rtept lat="33.44348900" lon="133.98042000">
   </rtept>
   <rtept lat="33.44366800" lon="133.98070100">
   </rtept>
   <rtept lat="33.44368800" lon="133.98079100">
   </rtept>
   <rtept lat="33.44376300" lon="133.98088100">
   </rtept>
   <rtept lat="33.44381500" lon="133.98089600">
   </rtept>
   <rtept lat="33.44387800" lon="133.98089600">
   </rtept>
   <rtept lat="33.44405300" lon="133.98082900">
   </rtept>
   <rtept lat="33.44414800" lon="133.98082900">
   </rtept>
   <rtept lat="33.44433800" lon="133.98095300">
   </rtept>
   <rtept lat="33.44442900" lon="133.98104300">
   </rtept>
   <rtept lat="33.44442900" lon="133.98110500">
   </rtept>
   <rtept lat="33.44438200" lon="133.98111900">
   </rtept>
   <rtept lat="33.44427500" lon="133.98105700">
   </rtept>
   <rtept lat="33.44418700" lon="133.98102900">
   </rtept>
   <rtept lat="33.44410400" lon="133.98105700">
   </rtept>
   <rtept lat="33.44397700" lon="133.98115700">
   </rtept>
   <rtept lat="33.44381100" lon="133.98116200">
   </rtept>
   <rtept lat="33.44363300" lon="133.98111900">
   </rtept>
   <rtept lat="33.44355800" lon="133.98111400">
   </rtept>
   <rtept lat="33.44349000" lon="133.98112800">
   </rtept>
   <rtept lat="33.44342700" lon="133.98117600">
   </rtept>
   <rtept lat="33.44331200" lon="133.98133800">
   </rtept>
   <rtept lat="33.44319300" lon="133.98131900">
   </rtept>
   <rtept lat="33.44301000" lon="133.98115700">
   </rtept>
   <rtept lat="33.44294300" lon="133.98113800">
   </rtept>
   <rtept lat="33.44291100" lon="133.98117600">
   </rtept>
   <rtept lat="33.44291900" lon="133.98124300">
   </rtept>
   <rtept lat="33.44324400" lon="133.98151800">
   </rtept>
   <rtept lat="33.44324800" lon="133.98162300">
   </rtept>
   <rtept lat="33.44309700" lon="133.98156600">
   </rtept>
   <rtept lat="33.44278400" lon="133.98131900">
   </rtept>
   <rtept lat="33.44275600" lon="133.98131900">
   </rtept>
   <rtept lat="33.44272900" lon="133.98134200">
   </rtept>
   <rtept lat="33.44274000" lon="133.98140900">
   </rtept>
   <rtept lat="33.44278000" lon="133.98146600">
   </rtept>
   <rtept lat="33.44289500" lon="133.98157100">
   </rtept>
   <rtept lat="33.44301800" lon="133.98170400">
   </rtept>
   <rtept lat="33.44332000" lon="133.98185600">
   </rtept>
   <rtept lat="33.44333100" lon="133.98191300">
   </rtept>
   <rtept lat="33.44331200" lon="133.98193200">
   </rtept>
   <rtept lat="33.44324800" lon="133.98194100">
   </rtept>
   <rtept lat="33.44311300" lon="133.98187000">
   </rtept>
   <rtept lat="33.44270900" lon="133.98157100">
   </rtept>
   <rtept lat="33.44257800" lon="133.98143300">
   </rtept>
   <rtept lat="33.44252600" lon="133.98139900">
   </rtept>
   <rtept lat="33.44249800" lon="133.98144200">
   </rtept>
   <rtept lat="33.44250600" lon="133.98155200">
   </rtept>
   <rtept lat="33.44255000" lon="133.98159000">
   </rtept>
   <rtept lat="33.44263700" lon="133.98169900">
   </rtept>
   <rtept lat="33.44289500" lon="133.98186500">
   </rtept>
   <rtept lat="33.44302600" lon="133.98204100">
   </rtept>
   <rtept lat="33.44321600" lon="133.98215500">
   </rtept>
   <rtept lat="33.44339900" lon="133.98228400">
   </rtept>
   <rtept lat="33.44338700" lon="133.98232600">
   </rtept>
   <rtept lat="33.44329600" lon="133.98233100">
   </rtept>
   <rtept lat="33.44316900" lon="133.98228400">
   </rtept>
   <rtept lat="33.44302200" lon="133.98215500">
   </rtept>
   <rtept lat="33.44280800" lon="133.98207000">
   </rtept>
   <rtept lat="33.44262900" lon="133.98188000">
   </rtept>
   <rtept lat="33.44247500" lon="133.98178900">
   </rtept>
   <rtept lat="33.44223700" lon="133.98158500">
   </rtept>
   <rtept lat="33.44221700" lon="133.98162300">
   </rtept>
   <rtept lat="33.44232800" lon="133.98184200">
   </rtept>
   <rtept lat="33.44268900" lon="133.98218900">
   </rtept>
   <rtept lat="33.44295900" lon="133.98241700">
   </rtept>
   <rtept lat="33.44343100" lon="133.98265400">
   </rtept>
   <rtept lat="33.44347000" lon="133.98270700">
   </rtept>
   <rtept lat="33.44346600" lon="133.98275900">
   </rtept>
   <rtept lat="33.44344600" lon="133.98278700">
   </rtept>
   <rtept lat="33.44339100" lon="133.98277800">
   </rtept>
   <rtept lat="33.44300200" lon="133.98260700">
   </rtept>
   <rtept lat="33.44246700" lon="133.98241700">
   </rtept>
   <rtept lat="33.44201500" lon="133.98217000">
   </rtept>
   <rtept lat="33.44172200" lon="133.98211700">
   </rtept>
   <rtept lat="33.44138900" lon="133.98201700">
   </rtept>
   <rtept lat="33.44132900" lon="133.98208900">
   </rtept>
   <rtept lat="33.44077000" lon="133.98171800">
   </rtept>
   <rtept lat="33.44044900" lon="133.98149000">
   </rtept>
   <rtept lat="33.44032900" lon="133.98228600">
   </rtept>
   <rtept lat="33.44018100" lon="133.98273200">
   </rtept>
   <rtept lat="33.43979400" lon="133.98249400">
   </rtept>
   <rtept lat="33.43914000" lon="133.98201800">
   </rtept>
   <rtept lat="33.43875300" lon="133.98178000">
   </rtept>
   <rtept lat="33.43809900" lon="133.98145300">
   </rtept>
   <rtept lat="33.43735500" lon="133.98133400">
   </rtept>
   <rtept lat="33.43723600" lon="133.98186900">
   </rtept>
   <rtept lat="33.43667100" lon="133.98169100">
   </rtept>
 </rte>
 <rte>
  <name>SHIKOKU_KCH_(神峯のみち)</name>
   <rtept lat="33.46735400" lon="133.97626100">
   </rtept>
   <rtept lat="33.46730200" lon="133.97593300">
   </rtept>
   <rtept lat="33.46744400" lon="133.97568300">
   </rtept>
   <rtept lat="33.46802700" lon="133.97569500">
   </rtept>
   <rtept lat="33.46846700" lon="133.97559900">
   </rtept>
 </rte>
 <rte>
  <name>SHIKOKU_KCH_(神峯のみち)</name>
   <rtept lat="33.46874100" lon="133.97753900">
   </rtept>
   <rtept lat="33.46899100" lon="133.97788400">
   </rtept>
   <rtept lat="33.46919300" lon="133.97797900">
   </rtept>
   <rtept lat="33.46974000" lon="133.97806200">
   </rtept>
   <rtept lat="33.46990700" lon="133.97816900">
   </rtept>
   <rtept lat="33.46995500" lon="133.97856200">
   </rtept>
   <rtept lat="33.47005000" lon="133.97878800">
   </rtept>
   <rtept lat="33.47016900" lon="133.97877600">
   </rtept>
   <rtept lat="33.47020400" lon="133.97865700">
   </rtept>
   <rtept lat="33.47012100" lon="133.97849100">
   </rtept>
   <rtept lat="33.47010900" lon="133.97828800">
   </rtept>
   <rtept lat="33.47006200" lon="133.97802700">
   </rtept>
   <rtept lat="33.46995500" lon="133.97777700">
   </rtept>
   <rtept lat="33.46966900" lon="133.97771700">
   </rtept>
   <rtept lat="33.46939500" lon="133.97755100">
   </rtept>
   <rtept lat="33.46936000" lon="133.97734800">
   </rtept>
   <rtept lat="33.46947900" lon="133.97732500">
   </rtept>
   <rtept lat="33.46966900" lon="133.97752700">
   </rtept>
   <rtept lat="33.47012100" lon="133.97745500">
   </rtept>
   <rtept lat="33.47045400" lon="133.97734800">
   </rtept>
   <rtept lat="33.47064500" lon="133.97750300">
   </rtept>
   <rtept lat="33.47078700" lon="133.97746700">
   </rtept>
   <rtept lat="33.47074000" lon="133.97726500">
   </rtept>
   <rtept lat="33.47060900" lon="133.97703900">
   </rtept>
   <rtept lat="33.47039500" lon="133.97705100">
   </rtept>
   <rtept lat="33.47008500" lon="133.97703900">
   </rtept>
   <rtept lat="33.47000200" lon="133.97693200">
   </rtept>
   <rtept lat="33.47010900" lon="133.97678900">
   </rtept>
   <rtept lat="33.47027600" lon="133.97692000">
   </rtept>
   <rtept lat="33.47046600" lon="133.97684900">
   </rtept>
   <rtept lat="33.47068000" lon="133.97667000">
   </rtept>
   <rtept lat="33.47084700" lon="133.97670600">
   </rtept>
   <rtept lat="33.47101300" lon="133.97692000">
   </rtept>
   <rtept lat="33.47127500" lon="133.97676500">
   </rtept>
 </rte>
 <rte>
  <name>SHIKOKU_KCH_05(安芸ふるさとのみち)</name>
   <rtept lat="33.50277500" lon="133.90322900">
   </rtept>
   <rtept lat="33.50309200" lon="133.90318100">
   </rtept>
   <rtept lat="33.50343900" lon="133.90290800">
   </rtept>
   <rtept lat="33.50366700" lon="133.90267000">
   </rtept>
   <rtept lat="33.50385500" lon="133.90221900">
   </rtept>
   <rtept lat="33.50423200" lon="133.90179100">
   </rtept>
   <rtept lat="33.50456900" lon="133.90162400">
   </rtept>
   <rtept lat="33.50487600" lon="133.90156500">
   </rtept>
   <rtept lat="33.50517300" lon="133.90156500">
   </rtept>
   <rtept lat="33.50636400" lon="133.90192200">
   </rtept>
   <rtept lat="33.50709607" lon="133.90215708">
   </rtept>
   <rtept lat="33.50782500" lon="133.89930300">
   </rtept>
   <rtept lat="33.50812000" lon="133.89801800">
   </rtept>
   <rtept lat="33.50812000" lon="133.89794200">
   </rtept>
   <rtept lat="33.50830100" lon="133.89703800">
   </rtept>
   <rtept lat="33.50832000" lon="133.89678100">
   </rtept>
   <rtept lat="33.50820249" lon="133.89642433">
   </rtept>
   <rtept lat="33.50835159" lon="133.89603689">
   </rtept>
   <rtept lat="33.50820249" lon="133.89642433">
   </rtept>
   <rtept lat="33.50832000" lon="133.89678100">
   </rtept>
   <rtept lat="33.50830100" lon="133.89703800">
   </rtept>
   <rtept lat="33.50812000" lon="133.89801800">
   </rtept>
   <rtept lat="33.50782500" lon="133.89930300">
   </rtept>
   <rtept lat="33.50709607" lon="133.90215708">
   </rtept>
   <rtept lat="33.50717062" lon="133.90215708">
   </rtept>
   <rtept lat="33.50812800" lon="133.90204000">
   </rtept>
   <rtept lat="33.50844500" lon="133.90186200">
   </rtept>
   <rtept lat="33.50926800" lon="133.90179100">
   </rtept>
   <rtept lat="33.51039700" lon="133.90176700">
   </rtept>
   <rtept lat="33.51140500" lon="133.90148400">
   </rtept>
   <rtept lat="33.51226700" lon="133.90142400">
   </rtept>
   <rtept lat="33.51304000" lon="133.90138900">
   </rtept>
   <rtept lat="33.51456600" lon="133.90129300">
   </rtept>
   <rtept lat="33.51776000" lon="133.90115500">
   </rtept>
   <rtept lat="33.51819600" lon="133.90110700">
   </rtept>
   <rtept lat="33.51841400" lon="133.90113100">
   </rtept>
   <rtept lat="33.51941500" lon="133.90145200">
   </rtept>
   <rtept lat="33.52111800" lon="133.90196300">
   </rtept>
   <rtept lat="33.52240200" lon="133.90219100">
   </rtept>
   <rtept lat="33.52262800" lon="133.90222000">
   </rtept>
   <rtept lat="33.52271401" lon="133.90219144">
   </rtept>
   <rtept lat="33.52277300" lon="133.90176300">
   </rtept>
   <rtept lat="33.52292500" lon="133.90077400">
   </rtept>
   <rtept lat="33.52304900" lon="133.90033600">
   </rtept>
   <rtept lat="33.52303415" lon="133.89937319">
   </rtept>
   <rtept lat="33.52409600" lon="133.89954600">
   </rtept>
   <rtept lat="33.52537200" lon="133.90008800">
   </rtept>
   <rtept lat="33.52581197" lon="133.90039300">
   </rtept>
   <rtept lat="33.52537200" lon="133.90008800">
   </rtept>
   <rtept lat="33.52409600" lon="133.89954600">
   </rtept>
   <rtept lat="33.52303415" lon="133.89937319">
   </rtept>
   <rtept lat="33.52304900" lon="133.90033600">
   </rtept>
   <rtept lat="33.52292500" lon="133.90077400">
   </rtept>
   <rtept lat="33.52276371" lon="133.90188342">
   </rtept>
   <rtept lat="33.52282998" lon="133.90217157">
   </rtept>
   <rtept lat="33.52338900" lon="133.90207700">
   </rtept>
   <rtept lat="33.52397200" lon="133.90199200">
   </rtept>
   <rtept lat="33.52480400" lon="133.90209100">
   </rtept>
   <rtept lat="33.52705100" lon="133.90240500">
   </rtept>
   <rtept lat="33.52753800" lon="133.90247700">
   </rtept>
   <rtept lat="33.52832300" lon="133.90220600">
   </rtept>
   <rtept lat="33.52941600" lon="133.90192000">
   </rtept>
   <rtept lat="33.52996300" lon="133.90183500">
   </rtept>
   <rtept lat="33.53108000" lon="133.90176800">
   </rtept>
   <rtept lat="33.53166700" lon="133.90176800">
   </rtept>
   <rtept lat="33.53189700" lon="133.90173000">
   </rtept>
   <rtept lat="33.53417900" lon="133.90135000">
   </rtept>
   <rtept lat="33.53566500" lon="133.90041900">
   </rtept>
   <rtept lat="33.53574600" lon="133.90040500">
   </rtept>
   <rtept lat="33.53586200" lon="133.90171100">
   </rtept>
   <rtept lat="33.53600500" lon="133.90288900">
   </rtept>
   <rtept lat="33.53612400" lon="133.90399500">
   </rtept>
   <rtept lat="33.53621900" lon="133.90454200">
   </rtept>
   <rtept lat="33.53619500" lon="133.90507800">
   </rtept>
   <rtept lat="33.53589800" lon="133.90504200">
   </rtept>
   <rtept lat="33.53586200" lon="133.90535100">
   </rtept>
   <rtept lat="33.53586200" lon="133.90585100">
   </rtept>
   <rtept lat="33.53583800" lon="133.90633900">
   </rtept>
   <rtept lat="33.53638500" lon="133.90600600">
   </rtept>
   <rtept lat="33.53690900" lon="133.90574400">
   </rtept>
   <rtept lat="33.53736100" lon="133.90536300">
   </rtept>
   <rtept lat="33.53789100" lon="133.90480600">
   </rtept>
   <rtept lat="33.53842900" lon="133.90535600">
   </rtept>
   <rtept lat="33.53861900" lon="133.90562700">
   </rtept>
   <rtept lat="33.53859500" lon="133.90598300">
   </rtept>
   <rtept lat="33.53874600" lon="133.90570500">
   </rtept>
   <rtept lat="33.53879300" lon="133.90600900">
   </rtept>
   <rtept lat="33.53893600" lon="133.90612300">
   </rtept>
   <rtept lat="33.53917400" lon="133.90637000">
   </rtept>
   <rtept lat="33.53948700" lon="133.90677900">
   </rtept>
   <rtept lat="33.53951100" lon="133.90704500">
   </rtept>
   <rtept lat="33.53954300" lon="133.90725500">
   </rtept>
   <rtept lat="33.53967700" lon="133.90741600">
   </rtept>
   <rtept lat="33.53993900" lon="133.90764400">
   </rtept>
   <rtept lat="33.54033500" lon="133.90773000">
   </rtept>
   <rtept lat="33.54057300" lon="133.90789200">
   </rtept>
   <rtept lat="33.54081100" lon="133.90818600">
   </rtept>
   <rtept lat="33.54095300" lon="133.90867100">
   </rtept>
   <rtept lat="33.54096900" lon="133.90888000">
   </rtept>
   <rtept lat="33.54081800" lon="133.90899400">
   </rtept>
   <rtept lat="33.54069200" lon="133.90892800">
   </rtept>
   <rtept lat="33.54066000" lon="133.90879500">
   </rtept>
   <rtept lat="33.54062000" lon="133.90859500">
   </rtept>
   <rtept lat="33.54040600" lon="133.90847200">
   </rtept>
   <rtept lat="33.53998600" lon="133.90844300">
   </rtept>
   <rtept lat="33.53967700" lon="133.90834800">
   </rtept>
   <rtept lat="33.53940000" lon="133.90863300">
   </rtept>
   <rtept lat="33.53927300" lon="133.90864300">
   </rtept>
   <rtept lat="33.53912300" lon="133.90850000">
   </rtept>
   <rtept lat="33.53889300" lon="133.90819600">
   </rtept>
   <rtept lat="33.53876600" lon="133.90813900">
   </rtept>
   <rtept lat="33.53867900" lon="133.90824300">
   </rtept>
   <rtept lat="33.53867900" lon="133.90854800">
   </rtept>
   <rtept lat="33.53872600" lon="133.90896600">
   </rtept>
   <rtept lat="33.53866300" lon="133.90936500">
   </rtept>
   <rtept lat="33.53840900" lon="133.90965000">
   </rtept>
   <rtept lat="33.53826700" lon="133.91012600">
   </rtept>
   <rtept lat="33.53804500" lon="133.91020200">
   </rtept>
   <rtept lat="33.53799700" lon="133.91063900">
   </rtept>
   <rtept lat="33.53791800" lon="133.91082900">
   </rtept>
   <rtept lat="33.53777600" lon="133.91111500">
   </rtept>
   <rtept lat="33.53734800" lon="133.91176100">
   </rtept>
   <rtept lat="33.53730000" lon="133.91197000">
   </rtept>
   <rtept lat="33.53714200" lon="133.91221700">
   </rtept>
   <rtept lat="33.53698300" lon="133.91238900">
   </rtept>
   <rtept lat="33.53677700" lon="133.91259800">
   </rtept>
   <rtept lat="33.53636500" lon="133.91292100">
   </rtept>
   <rtept lat="33.53606400" lon="133.91290200">
   </rtept>
   <rtept lat="33.53576684" lon="133.91292780">
   </rtept>
   <rtept lat="33.53562744" lon="133.91295846">
   </rtept>
   <rtept lat="33.53533200" lon="133.91297800">
   </rtept>
   <rtept lat="33.53511900" lon="133.91295300">
   </rtept>
   <rtept lat="33.53512713" lon="133.91325023">
   </rtept>
   <rtept lat="33.53524352" lon="133.91333151">
   </rtept>
   <rtept lat="33.53546414" lon="133.91343155">
   </rtept>
   <rtept lat="33.53524352" lon="133.91333151">
   </rtept>
   <rtept lat="33.53512713" lon="133.91325023">
   </rtept>
   <rtept lat="33.53511900" lon="133.91295300">
   </rtept>
   <rtept lat="33.53501500" lon="133.91294000">
   </rtept>
   <rtept lat="33.53387300" lon="133.91252200">
   </rtept>
   <rtept lat="33.53304900" lon="133.91217900">
   </rtept>
   <rtept lat="33.53259000" lon="133.91202700">
   </rtept>
   <rtept lat="33.53216200" lon="133.91204600">
   </rtept>
   <rtept lat="33.53143300" lon="133.91179900">
   </rtept>
   <rtept lat="33.53089400" lon="133.91183700">
   </rtept>
   <rtept lat="33.53062400" lon="133.91189400">
   </rtept>
   <rtept lat="33.53021200" lon="133.91219800">
   </rtept>
   <rtept lat="33.52992700" lon="133.91235000">
   </rtept>
   <rtept lat="33.52964100" lon="133.91235000">
   </rtept>
   <rtept lat="33.52918200" lon="133.91221700">
   </rtept>
   <rtept lat="33.52896000" lon="133.91219800">
   </rtept>
   <rtept lat="33.52851600" lon="133.91237000">
   </rtept>
   <rtept lat="33.52829400" lon="133.91235000">
   </rtept>
   <rtept lat="33.52783500" lon="133.91210300">
   </rtept>
   <rtept lat="33.52742200" lon="133.91202700">
   </rtept>
   <rtept lat="33.52716900" lon="133.91206500">
   </rtept>
   <rtept lat="33.52704200" lon="133.91227400">
   </rtept>
   <rtept lat="33.52693100" lon="133.91257900">
   </rtept>
   <rtept lat="33.52664600" lon="133.91292100">
   </rtept>
   <rtept lat="33.52606200" lon="133.91326300">
   </rtept>
   <rtept lat="33.52569800" lon="133.91337700">
   </rtept>
   <rtept lat="33.52536500" lon="133.91332000">
   </rtept>
   <rtept lat="33.52493700" lon="133.91299700">
   </rtept>
   <rtept lat="33.52466800" lon="133.91292100">
   </rtept>
   <rtept lat="33.52425500" lon="133.91290200">
   </rtept>
   <rtept lat="33.52392200" lon="133.91290200">
   </rtept>
   <rtept lat="33.52366900" lon="133.91269300">
   </rtept>
   <rtept lat="33.52351000" lon="133.91238900">
   </rtept>
   <rtept lat="33.52289200" lon="133.91134300">
   </rtept>
   <rtept lat="33.52252700" lon="133.91145600">
   </rtept>
   <rtept lat="33.52132800" lon="133.91250300">
   </rtept>
   <rtept lat="33.52081955" lon="133.91286042">
   </rtept>
   <rtept lat="33.52048822" lon="133.91334529">
   </rtept>
   <rtept lat="33.52020400" lon="133.91355000">
   </rtept>
   <rtept lat="33.51942800" lon="133.91425800">
   </rtept>
   <rtept lat="33.51924238" lon="133.91427529">
   </rtept>
   <rtept lat="33.51922913" lon="133.91326581">
   </rtept>
   <rtept lat="33.51931000" lon="133.91302500">
   </rtept>
   <rtept lat="33.51881000" lon="133.91305300">
   </rtept>
   <rtept lat="33.51880024" lon="133.91298061">
   </rtept>
   <rtept lat="33.51858394" lon="133.91296026">
   </rtept>
   <rtept lat="33.51880024" lon="133.91298061">
   </rtept>
   <rtept lat="33.51881000" lon="133.91305300">
   </rtept>
   <rtept lat="33.51931000" lon="133.91302500">
   </rtept>
   <rtept lat="33.51922913" lon="133.91326581">
   </rtept>
   <rtept lat="33.51924238" lon="133.91427529">
   </rtept>
   <rtept lat="33.51920739" lon="133.91437958">
   </rtept>
   <rtept lat="33.51914298" lon="133.91444221">
   </rtept>
   <rtept lat="33.51886200" lon="133.91466700">
   </rtept>
   <rtept lat="33.51699800" lon="133.91584500">
   </rtept>
   <rtept lat="33.51573300" lon="133.91602700">
   </rtept>
   <rtept lat="33.51508300" lon="133.91621700">
   </rtept>
   <rtept lat="33.51377400" lon="133.91640700">
   </rtept>
   <rtept lat="33.51188700" lon="133.91642600">
   </rtept>
   <rtept lat="33.50998500" lon="133.91636900">
   </rtept>
   <rtept lat="33.50844700" lon="133.91623600">
   </rtept>
   <rtept lat="33.50751300" lon="133.91608400">
   </rtept>
   <rtept lat="33.50680000" lon="133.91597900">
   </rtept>
   <rtept lat="33.50602300" lon="133.91578000">
   </rtept>
   <rtept lat="33.50522200" lon="133.91546600">
   </rtept>
   <rtept lat="33.50426300" lon="133.91509500">
   </rtept>
   <rtept lat="33.50345600" lon="133.91471500">
   </rtept>
   <rtept lat="33.50279000" lon="133.91430600">
   </rtept>
   <rtept lat="33.50241800" lon="133.91416300">
   </rtept>
   <rtept lat="33.50162500" lon="133.91403000">
   </rtept>
   <rtept lat="33.50095100" lon="133.91379300">
   </rtept>
 </rte>
 <rte>
  <name>SHIKOKU_KCH_06(八流・琴ヶ浜のみち)</name>
   <rtept lat="33.51776900" lon="133.79921900">
   </rtept>
   <rtept lat="33.51778900" lon="133.79977800">
   </rtept>
   <rtept lat="33.51771000" lon="133.80025300">
   </rtept>
   <rtept lat="33.51755100" lon="133.80075200">
   </rtept>
   <rtept lat="33.51745200" lon="133.80258200">
   </rtept>
   <rtept lat="33.51753100" lon="133.80301000">
   </rtept>
   <rtept lat="33.51767000" lon="133.80403200">
   </rtept>
   <rtept lat="33.51749200" lon="133.80495900">
   </rtept>
   <rtept lat="33.51747200" lon="133.80683700">
   </rtept>
   <rtept lat="33.51733300" lon="133.80695600">
   </rtept>
   <rtept lat="33.51725400" lon="133.80771600">
   </rtept>
   <rtept lat="33.51709600" lon="133.81123400">
   </rtept>
   <rtept lat="33.51696900" lon="133.81389100">
   </rtept>
   <rtept lat="33.51677100" lon="133.81643400">
   </rtept>
   <rtept lat="33.51687000" lon="133.81691000">
   </rtept>
   <rtept lat="33.51653900" lon="133.82057200">
   </rtept>
   <rtept lat="33.51634900" lon="133.82131400">
   </rtept>
   <rtept lat="33.51617400" lon="133.82216900">
   </rtept>
   <rtept lat="33.51600000" lon="133.82350000">
   </rtept>
   <rtept lat="33.51555600" lon="133.82625700">
   </rtept>
   <rtept lat="33.51530300" lon="133.82745500">
   </rtept>
   <rtept lat="33.51520700" lon="133.82783600">
   </rtept>
   <rtept lat="33.51525500" lon="133.82806400">
   </rtept>
   <rtept lat="33.51536600" lon="133.82823500">
   </rtept>
   <rtept lat="33.51569900" lon="133.82836800">
   </rtept>
   <rtept lat="33.51579400" lon="133.82850100">
   </rtept>
   <rtept lat="33.51604800" lon="133.82926200">
   </rtept>
   <rtept lat="33.51628500" lon="133.83007900">
   </rtept>
   <rtept lat="33.51644400" lon="133.83099200">
   </rtept>
   <rtept lat="33.51646000" lon="133.83173400">
   </rtept>
   <rtept lat="33.51638100" lon="133.83192400">
   </rtept>
   <rtept lat="33.51603200" lon="133.83291300">
   </rtept>
   <rtept lat="33.51544500" lon="133.83416700">
   </rtept>
   <rtept lat="33.51516000" lon="133.83466200">
   </rtept>
   <rtept lat="33.51451000" lon="133.83521300">
   </rtept>
   <rtept lat="33.51267100" lon="133.83686800">
   </rtept>
   <rtept lat="33.51232200" lon="133.83709600">
   </rtept>
   <rtept lat="33.51100600" lon="133.83757100">
   </rtept>
   <rtept lat="33.51006700" lon="133.83811000">
   </rtept>
   <rtept lat="33.50912500" lon="133.83865600">
   </rtept>
   <rtept lat="33.50874900" lon="133.83903700">
   </rtept>
   <rtept lat="33.50839200" lon="133.83941700">
   </rtept>
   <rtept lat="33.50813400" lon="133.83998700">
   </rtept>
   <rtept lat="33.50786700" lon="133.84074800">
   </rtept>
   <rtept lat="33.50756000" lon="133.84184100">
   </rtept>
   <rtept lat="33.50699500" lon="133.84374300">
   </rtept>
   <rtept lat="33.50672700" lon="133.84474100">
   </rtept>
   <rtept lat="33.50663800" lon="133.84526400">
   </rtept>
   <rtept lat="33.50655900" lon="133.84601300">
   </rtept>
   <rtept lat="33.50655900" lon="133.84644000">
   </rtept>
   <rtept lat="33.50658900" lon="133.84689200">
   </rtept>
   <rtept lat="33.50669800" lon="133.84766400">
   </rtept>
   <rtept lat="33.50683600" lon="133.84885300">
   </rtept>
   <rtept lat="33.50685600" lon="133.84923300">
   </rtept>
   <rtept lat="33.50677700" lon="133.84962500">
   </rtept>
   <rtept lat="33.50661800" lon="133.85006500">
   </rtept>
   <rtept lat="33.50655900" lon="133.85050500">
   </rtept>
   <rtept lat="33.50653900" lon="133.85092100">
   </rtept>
   <rtept lat="33.50643000" lon="133.85216800">
   </rtept>
   <rtept lat="33.50636600" lon="133.85284900">
   </rtept>
   <rtept lat="33.50621100" lon="133.85346200">
   </rtept>
   <rtept lat="33.50612800" lon="133.85403300">
   </rtept>
   <rtept lat="33.50612800" lon="133.85471700">
   </rtept>
   <rtept lat="33.50617600" lon="133.85590100">
   </rtept>
   <rtept lat="33.50625900" lon="133.85631400">
   </rtept>
   <rtept lat="33.50647300" lon="133.85668500">
   </rtept>
   <rtept lat="33.50652000" lon="133.85718400">
   </rtept>
   <rtept lat="33.50653200" lon="133.85778300">
   </rtept>
   <rtept lat="33.50643700" lon="133.85818300">
   </rtept>
   <rtept lat="33.50630600" lon="133.85861000">
   </rtept>
   <rtept lat="33.50589000" lon="133.85942300">
   </rtept>
   <rtept lat="33.50537900" lon="133.86057800">
   </rtept>
   <rtept lat="33.50524800" lon="133.86126300">
   </rtept>
   <rtept lat="33.50543800" lon="133.86144800">
   </rtept>
   <rtept lat="33.50546200" lon="133.86171900">
   </rtept>
   <rtept lat="33.50529600" lon="133.86266000">
   </rtept>
   <rtept lat="33.50490600" lon="133.86518900">
   </rtept>
   <rtept lat="33.50476400" lon="133.86581700">
   </rtept>
   <rtept lat="33.50451400" lon="133.86648700">
   </rtept>
   <rtept lat="33.50424000" lon="133.86707200">
   </rtept>
   <rtept lat="33.50393100" lon="133.86769900">
   </rtept>
   <rtept lat="33.50378300" lon="133.86809900">
   </rtept>
   <rtept lat="33.50371100" lon="133.86856900">
   </rtept>
   <rtept lat="33.50365800" lon="133.86891100">
   </rtept>
   <rtept lat="33.50365800" lon="133.86937500">
   </rtept>
   <rtept lat="33.50367600" lon="133.86973900">
   </rtept>
   <rtept lat="33.50371100" lon="133.87007400">
   </rtept>
   <rtept lat="33.50377100" lon="133.87062300">
   </rtept>
   <rtept lat="33.50375900" lon="133.87137100">
   </rtept>
   <rtept lat="33.50372300" lon="133.87243900">
   </rtept>
   <rtept lat="33.50337800" lon="133.87564800">
   </rtept>
   <rtept lat="33.50303300" lon="133.87838600">
   </rtept>
   <rtept lat="33.50279000" lon="133.88021100">
   </rtept>
   <rtept lat="33.50282500" lon="133.88027500">
   </rtept>
   <rtept lat="33.50279000" lon="133.88053100">
   </rtept>
   <rtept lat="33.50272400" lon="133.88081600">
   </rtept>
   <rtept lat="33.50263500" lon="133.88135100">
   </rtept>
   <rtept lat="33.50249200" lon="133.88232800">
   </rtept>
   <rtept lat="33.50234400" lon="133.88304100">
   </rtept>
   <rtept lat="33.50199900" lon="133.88489500">
   </rtept>
   <rtept lat="33.50183200" lon="133.88572200">
   </rtept>
   <rtept lat="33.50177900" lon="133.88615000">
   </rtept>
   <rtept lat="33.50167600" lon="133.88692800">
   </rtept>
   <rtept lat="33.50158100" lon="133.88749100">
   </rtept>
   <rtept lat="33.50158700" lon="133.88793400">
   </rtept>
   <rtept lat="33.50164100" lon="133.88834000">
   </rtept>
   <rtept lat="33.50148000" lon="133.88963100">
   </rtept>
   <rtept lat="33.50145600" lon="133.89000100">
   </rtept>
   <rtept lat="33.50155700" lon="133.89019400">
   </rtept>
   <rtept lat="33.50171200" lon="133.89027200">
   </rtept>
   <rtept lat="33.50202100" lon="133.89029400">
   </rtept>
   <rtept lat="33.50300600" lon="133.89337600">
   </rtept>
   <rtept lat="33.50359100" lon="133.89518900">
   </rtept>
   <rtept lat="33.50384800" lon="133.89595500">
   </rtept>
   <rtept lat="33.50392300" lon="133.89631200">
   </rtept>
   <rtept lat="33.50394800" lon="133.89657900">
   </rtept>
   <rtept lat="33.50393300" lon="133.89685200">
   </rtept>
   <rtept lat="33.50363700" lon="133.89859400">
   </rtept>
   <rtept lat="33.50315200" lon="133.90109000">
   </rtept>
   <rtept lat="33.50277500" lon="133.90322900">
   </rtept>
 </rte>
 <rte>
  <name>SHIKOKU_KCH_07(手結・月見山のみち)</name>
   <rtept lat="33.53958500" lon="133.74460400">
   </rtept>
   <rtept lat="33.53941400" lon="133.74491800">
   </rtept>
   <rtept lat="33.53934300" lon="133.74532500">
   </rtept>
   <rtept lat="33.53925700" lon="133.74529600">
   </rtept>
   <rtept lat="33.53909300" lon="133.74557400">
   </rtept>
   <rtept lat="33.53926400" lon="133.74574600">
   </rtept>
   <rtept lat="33.53920700" lon="133.74578100">
   </rtept>
   <rtept lat="33.53893600" lon="133.74612400">
   </rtept>
   <rtept lat="33.53872400" lon="133.74638300">
   </rtept>
   <rtept lat="33.53823100" lon="133.74643100">
   </rtept>
   <rtept lat="33.53730000" lon="133.74632400">
   </rtept>
   <rtept lat="33.53696100" lon="133.74753200">
   </rtept>
   <rtept lat="33.53640200" lon="133.74935800">
   </rtept>
   <rtept lat="33.53598600" lon="133.75064100">
   </rtept>
   <rtept lat="33.53532000" lon="133.75218200">
   </rtept>
   <rtept lat="33.53491600" lon="133.75299400">
   </rtept>
   <rtept lat="33.53449100" lon="133.75348100">
   </rtept>
   <rtept lat="33.53395600" lon="133.75455100">
   </rtept>
   <rtept lat="33.53360000" lon="133.75509200">
   </rtept>
   <rtept lat="33.53310000" lon="133.75550600">
   </rtept>
   <rtept lat="33.53132900" lon="133.75663300">
   </rtept>
   <rtept lat="33.53092500" lon="133.75687500">
   </rtept>
   <rtept lat="33.53067500" lon="133.75670400">
   </rtept>
   <rtept lat="33.53048500" lon="133.75631900">
   </rtept>
   <rtept lat="33.53021200" lon="133.75621900">
   </rtept>
   <rtept lat="33.52981900" lon="133.75631900">
   </rtept>
   <rtept lat="33.52940300" lon="133.75653300">
   </rtept>
   <rtept lat="33.52892800" lon="133.75677500">
   </rtept>
   <rtept lat="33.52823800" lon="133.75627600">
   </rtept>
   <rtept lat="33.52808900" lon="133.75661700">
   </rtept>
   <rtept lat="33.52796200" lon="133.75669300">
   </rtept>
   <rtept lat="33.52782700" lon="133.75671200">
   </rtept>
   <rtept lat="33.52775600" lon="133.75680700">
   </rtept>
   <rtept lat="33.52750300" lon="133.75672200">
   </rtept>
   <rtept lat="33.52728900" lon="133.75667400">
   </rtept>
   <rtept lat="33.52697200" lon="133.75646500">
   </rtept>
   <rtept lat="33.52690000" lon="133.75626500">
   </rtept>
   <rtept lat="33.52683700" lon="133.75583700">
   </rtept>
   <rtept lat="33.52690000" lon="133.75522900">
   </rtept>
   <rtept lat="33.52740900" lon="133.75488700">
   </rtept>
   <rtept lat="33.52710900" lon="133.75433100">
   </rtept>
   <rtept lat="33.52656200" lon="133.75431200">
   </rtept>
   <rtept lat="33.52638800" lon="133.75441700">
   </rtept>
   <rtept lat="33.52570600" lon="133.75509200">
   </rtept>
   <rtept lat="33.52539700" lon="133.75530100">
   </rtept>
   <rtept lat="33.52469200" lon="133.75555800">
   </rtept>
   <rtept lat="33.52447000" lon="133.75565300">
   </rtept>
   <rtept lat="33.52427100" lon="133.75587100">
   </rtept>
   <rtept lat="33.52382000" lon="133.75590000">
   </rtept>
   <rtept lat="33.52345900" lon="133.75566600">
   </rtept>
   <rtept lat="33.52268300" lon="133.75496200">
   </rtept>
   <rtept lat="33.52200100" lon="133.75492400">
   </rtept>
   <rtept lat="33.52125600" lon="133.75484800">
   </rtept>
   <rtept lat="33.52084400" lon="133.75501900">
   </rtept>
   <rtept lat="33.52046300" lon="133.75521000">
   </rtept>
   <rtept lat="33.52041600" lon="133.75540000">
   </rtept>
   <rtept lat="33.52032100" lon="133.75566600">
   </rtept>
   <rtept lat="33.52019400" lon="133.75600800">
   </rtept>
   <rtept lat="33.52019400" lon="133.75656000">
   </rtept>
   <rtept lat="33.52027300" lon="133.75690200">
   </rtept>
   <rtept lat="33.52033700" lon="133.75751000">
   </rtept>
   <rtept lat="33.52046300" lon="133.75792900">
   </rtept>
   <rtept lat="33.52066900" lon="133.75830900">
   </rtept>
   <rtept lat="33.52062200" lon="133.75859400">
   </rtept>
   <rtept lat="33.52062200" lon="133.75893600">
   </rtept>
   <rtept lat="33.52078000" lon="133.75914600">
   </rtept>
   <rtept lat="33.52100200" lon="133.75912700">
   </rtept>
   <rtept lat="33.52124000" lon="133.75926000">
   </rtept>
   <rtept lat="33.52146200" lon="133.75950700">
   </rtept>
   <rtept lat="33.52193800" lon="133.76022900">
   </rtept>
   <rtept lat="33.52216000" lon="133.76070500">
   </rtept>
   <rtept lat="33.52296800" lon="133.76135100">
   </rtept>
   <rtept lat="33.52345900" lon="133.76161700">
   </rtept>
   <rtept lat="33.52387200" lon="133.76157900">
   </rtept>
   <rtept lat="33.52341200" lon="133.76230200">
   </rtept>
   <rtept lat="33.52226700" lon="133.76370500">
   </rtept>
   <rtept lat="33.52163300" lon="133.76494100">
   </rtept>
   <rtept lat="33.52101900" lon="133.76565400">
   </rtept>
   <rtept lat="33.52066200" lon="133.76608200">
   </rtept>
   <rtept lat="33.51979000" lon="133.76658100">
   </rtept>
   <rtept lat="33.51941400" lon="133.76696100">
   </rtept>
   <rtept lat="33.51917600" lon="133.76734200">
   </rtept>
   <rtept lat="33.51905652" lon="133.76749923">
   </rtept>
   <rtept lat="33.51903532" lon="133.76785532">
   </rtept>
   <rtept lat="33.51892505" lon="133.76770779">
   </rtept>
   <rtept lat="33.51879782" lon="133.76724996">
   </rtept>
   <rtept lat="33.51866000" lon="133.76720600">
   </rtept>
   <rtept lat="33.51822527" lon="133.76726522">
   </rtept>
   <rtept lat="33.51759758" lon="133.76700070">
   </rtept>
   <rtept lat="33.51728798" lon="133.76681756">
   </rtept>
   <rtept lat="33.51759758" lon="133.76700070">
   </rtept>
   <rtept lat="33.51822527" lon="133.76726522">
   </rtept>
   <rtept lat="33.51866000" lon="133.76720600">
   </rtept>
   <rtept lat="33.51879782" lon="133.76724996">
   </rtept>
   <rtept lat="33.51892505" lon="133.76770779">
   </rtept>
   <rtept lat="33.51889960" lon="133.76797741">
   </rtept>
   <rtept lat="33.51859849" lon="133.76838946">
   </rtept>
   <rtept lat="33.51829737" lon="133.76895412">
   </rtept>
   <rtept lat="33.51802700" lon="133.76931400">
   </rtept>
   <rtept lat="33.51731400" lon="133.77019400">
   </rtept>
   <rtept lat="33.51699600" lon="133.77076400">
   </rtept>
   <rtept lat="33.51660000" lon="133.77200000">
   </rtept>
   <rtept lat="33.51652100" lon="133.77299800">
   </rtept>
   <rtept lat="33.51656000" lon="133.77423400">
   </rtept>
   <rtept lat="33.51660000" lon="133.77544700">
   </rtept>
   <rtept lat="33.51673900" lon="133.77627800">
   </rtept>
   <rtept lat="33.51687800" lon="133.77720500">
   </rtept>
   <rtept lat="33.51721400" lon="133.77813200">
   </rtept>
   <rtept lat="33.51771000" lon="133.77946300">
   </rtept>
   <rtept lat="33.51786800" lon="133.78003400">
   </rtept>
   <rtept lat="33.51782900" lon="133.78055700">
   </rtept>
   <rtept lat="33.51773000" lon="133.78343300">
   </rtept>
   <rtept lat="33.51771000" lon="133.78547000">
   </rtept>
   <rtept lat="33.51767000" lon="133.78810800">
   </rtept>
   <rtept lat="33.51760900" lon="133.79051300">
   </rtept>
   <rtept lat="33.51759100" lon="133.79122100">
   </rtept>
   <rtept lat="33.51751200" lon="133.79452500">
   </rtept>
   <rtept lat="33.51743200" lon="133.79775800">
   </rtept>
   <rtept lat="33.51751200" lon="133.79830400">
   </rtept>
   <rtept lat="33.51774900" lon="133.79866100">
   </rtept>
 </rte>
 <rte>
  <name>SHIKOKU_KCH_08(ハウス園芸のみち)</name>
   <rtept lat="33.53730000" lon="133.74632400">
   </rtept>
   <rtept lat="33.53823100" lon="133.74643100">
   </rtept>
   <rtept lat="33.53872400" lon="133.74638300">
   </rtept>
   <rtept lat="33.53893600" lon="133.74612400">
   </rtept>
   <rtept lat="33.53920700" lon="133.74578100">
   </rtept>
   <rtept lat="33.53968200" lon="133.74590700">
   </rtept>
   <rtept lat="33.54008700" lon="133.74621600">
   </rtept>
   <rtept lat="33.54052700" lon="133.74641900">
   </rtept>
   <rtept lat="33.54068200" lon="133.74677500">
   </rtept>
   <rtept lat="33.54124100" lon="133.74700200">
   </rtept>
   <rtept lat="33.54141900" lon="133.74746500">
   </rtept>
   <rtept lat="33.54166900" lon="133.74766800">
   </rtept>
   <rtept lat="33.54177400" lon="133.74820600">
   </rtept>
   <rtept lat="33.54191200" lon="133.74814400">
   </rtept>
   <rtept lat="33.54180700" lon="133.74799600">
   </rtept>
   <rtept lat="33.54180200" lon="133.74759600">
   </rtept>
   <rtept lat="33.54168800" lon="133.74735800">
   </rtept>
   <rtept lat="33.54171700" lon="133.74722000">
   </rtept>
   <rtept lat="33.54198300" lon="133.74691100">
   </rtept>
   <rtept lat="33.54197800" lon="133.74669700">
   </rtept>
   <rtept lat="33.54183600" lon="133.74663000">
   </rtept>
   <rtept lat="33.54152600" lon="133.74670200">
   </rtept>
   <rtept lat="33.54123600" lon="133.74657800">
   </rtept>
   <rtept lat="33.54105500" lon="133.74641600">
   </rtept>
   <rtept lat="33.54103600" lon="133.74614000">
   </rtept>
   <rtept lat="33.54109300" lon="133.74602100">
   </rtept>
   <rtept lat="33.54116500" lon="133.74615400">
   </rtept>
   <rtept lat="33.54144100" lon="133.74638800">
   </rtept>
   <rtept lat="33.54197600" lon="133.74634000">
   </rtept>
   <rtept lat="33.54227300" lon="133.74620900">
   </rtept>
   <rtept lat="33.54259500" lon="133.74625700">
   </rtept>
   <rtept lat="33.54266600" lon="133.74686300">
   </rtept>
   <rtept lat="33.54285600" lon="133.74745800">
   </rtept>
   <rtept lat="33.54296300" lon="133.74755400">
   </rtept>
   <rtept lat="33.54342700" lon="133.74744600">
   </rtept>
   <rtept lat="33.54360600" lon="133.74760100">
   </rtept>
   <rtept lat="33.54380800" lon="133.74801800">
   </rtept>
   <rtept lat="33.54433200" lon="133.74819600">
   </rtept>
   <rtept lat="33.54484300" lon="133.74824400">
   </rtept>
   <rtept lat="33.54501000" lon="133.74864800">
   </rtept>
   <rtept lat="33.54502200" lon="133.74881500">
   </rtept>
   <rtept lat="33.54553300" lon="133.74900500">
   </rtept>
   <rtept lat="33.54571200" lon="133.74933800">
   </rtept>
   <rtept lat="33.54580700" lon="133.74962400">
   </rtept>
   <rtept lat="33.54621100" lon="133.74986200">
   </rtept>
   <rtept lat="33.54623500" lon="133.75048000">
   </rtept>
   <rtept lat="33.54660400" lon="133.75074200">
   </rtept>
   <rtept lat="33.54727000" lon="133.75082500">
   </rtept>
   <rtept lat="33.54782900" lon="133.75089700">
   </rtept>
   <rtept lat="33.54803200" lon="133.75121800">
   </rtept>
   <rtept lat="33.54812700" lon="133.75155100">
   </rtept>
   <rtept lat="33.54800800" lon="133.75192000">
   </rtept>
   <rtept lat="33.54831700" lon="133.75249100">
   </rtept>
   <rtept lat="33.54861500" lon="133.75261000">
   </rtept>
   <rtept lat="33.54871000" lon="133.75242000">
   </rtept>
   <rtept lat="33.54853100" lon="133.75172900">
   </rtept>
   <rtept lat="33.54860300" lon="133.75088500">
   </rtept>
   <rtept lat="33.54865000" lon="133.75068300">
   </rtept>
   <rtept lat="33.54890000" lon="133.75095600">
   </rtept>
   <rtept lat="33.54904300" lon="133.75131300">
   </rtept>
   <rtept lat="33.54920900" lon="133.75132500">
   </rtept>
   <rtept lat="33.54942400" lon="133.75090900">
   </rtept>
   <rtept lat="33.54970900" lon="133.75077800">
   </rtept>
   <rtept lat="33.55001900" lon="133.75064700">
   </rtept>
   <rtept lat="33.55007300" lon="133.74987500">
   </rtept>
   <rtept lat="33.55007300" lon="133.74976100">
   </rtept>
   <rtept lat="33.55017700" lon="133.74951400">
   </rtept>
   <rtept lat="33.55023500" lon="133.74937100">
   </rtept>
   <rtept lat="33.55035600" lon="133.74916100">
   </rtept>
   <rtept lat="33.55041100" lon="133.74893500">
   </rtept>
   <rtept lat="33.55041300" lon="133.74875500">
   </rtept>
   <rtept lat="33.55028000" lon="133.74855500">
   </rtept>
   <rtept lat="33.55025600" lon="133.74848600">
   </rtept>
   <rtept lat="33.55027000" lon="133.74833800">
   </rtept>
   <rtept lat="33.55046100" lon="133.74809100">
   </rtept>
   <rtept lat="33.55067700" lon="133.74768100">
   </rtept>
   <rtept lat="33.55102700" lon="133.74653200">
   </rtept>
   <rtept lat="33.55130500" lon="133.74560400">
   </rtept>
   <rtept lat="33.55129800" lon="133.74537600">
   </rtept>
   <rtept lat="33.55164100" lon="133.74434800">
   </rtept>
   <rtept lat="33.55193000" lon="133.74362000">
   </rtept>
   <rtept lat="33.55228800" lon="133.74330200">
   </rtept>
   <rtept lat="33.55293100" lon="133.74331600">
   </rtept>
   <rtept lat="33.55335200" lon="133.74347300">
   </rtept>
   <rtept lat="33.55352300" lon="133.74347300">
   </rtept>
   <rtept lat="33.55384400" lon="133.74324500">
   </rtept>
   <rtept lat="33.55408000" lon="133.74141800">
   </rtept>
   <rtept lat="33.55450100" lon="133.73958300">
   </rtept>
   <rtept lat="33.55468400" lon="133.73828000">
   </rtept>
   <rtept lat="33.55483600" lon="133.73824200">
   </rtept>
   <rtept lat="33.55528100" lon="133.73743800">
   </rtept>
   <rtept lat="33.55555700" lon="133.73681400">
   </rtept>
   <rtept lat="33.55526500" lon="133.73576500">
   </rtept>
   <rtept lat="33.55586600" lon="133.73444900">
   </rtept>
   <rtept lat="33.55620200" lon="133.73368900">
   </rtept>
   <rtept lat="33.55675700" lon="133.73216800">
   </rtept>
   <rtept lat="33.55713300" lon="133.73083700">
   </rtept>
   <rtept lat="33.55376600" lon="133.73000500">
   </rtept>
   <rtept lat="33.55424100" lon="133.72708100">
   </rtept>
   <rtept lat="33.55457800" lon="133.72513200">
   </rtept>
   <rtept lat="33.55505400" lon="133.72484700">
   </rtept>
   <rtept lat="33.55481600" lon="133.72415800">
   </rtept>
   <rtept lat="33.55561800" lon="133.72374100">
   </rtept>
   <rtept lat="33.55633100" lon="133.72348400">
   </rtept>
   <rtept lat="33.55708000" lon="133.72338500">
   </rtept>
   <rtept lat="33.55776900" lon="133.72349900">
   </rtept>
   <rtept lat="33.55851800" lon="133.72364100">
   </rtept>
   <rtept lat="33.55896900" lon="133.72379800">
   </rtept>
   <rtept lat="33.55930200" lon="133.72404100">
   </rtept>
   <rtept lat="33.56006200" lon="133.72455400">
   </rtept>
   <rtept lat="33.56053800" lon="133.72483900">
   </rtept>
   <rtept lat="33.56135800" lon="133.72509600">
   </rtept>
   <rtept lat="33.56330700" lon="133.72575200">
   </rtept>
   <rtept lat="33.56440200" lon="133.72610700">
   </rtept>
   <rtept lat="33.56585800" lon="133.72652200">
   </rtept>
   <rtept lat="33.56673900" lon="133.72677200">
   </rtept>
   <rtept lat="33.56730400" lon="133.72672500">
   </rtept>
   <rtept lat="33.56777900" lon="133.72659400">
   </rtept>
   <rtept lat="33.56739000" lon="133.72583900">
   </rtept>
   <rtept lat="33.56767000" lon="133.72522700">
   </rtept>
   <rtept lat="33.56759700" lon="133.72472400">
   </rtept>
   <rtept lat="33.56731200" lon="133.72329800">
   </rtept>
   <rtept lat="33.56723300" lon="133.72278500">
   </rtept>
   <rtept lat="33.56758200" lon="133.72234800">
   </rtept>
   <rtept lat="33.56788300" lon="133.72196700">
   </rtept>
   <rtept lat="33.56820000" lon="133.72187200">
   </rtept>
   <rtept lat="33.56832600" lon="133.72166300">
   </rtept>
   <rtept lat="33.56870600" lon="133.72085400">
   </rtept>
   <rtept lat="33.56921300" lon="133.71959900">
   </rtept>
   <rtept lat="33.56973600" lon="133.71845900">
   </rtept>
   <rtept lat="33.56845200" lon="133.71726100">
   </rtept>
   <rtept lat="33.56754900" lon="133.71615800">
   </rtept>
   <rtept lat="33.56705800" lon="133.71482700">
   </rtept>
   <rtept lat="33.56678900" lon="133.71385700">
   </rtept>
   <rtept lat="33.56644000" lon="133.71267800">
   </rtept>
   <rtept lat="33.56607600" lon="133.71201300">
   </rtept>
   <rtept lat="33.56569400" lon="133.71131900">
   </rtept>
   <rtept lat="33.56570200" lon="133.71072000">
   </rtept>
   <rtept lat="33.56572500" lon="133.71005400">
   </rtept>
   <rtept lat="33.56578100" lon="133.70952200">
   </rtept>
   <rtept lat="33.56585200" lon="133.70868500">
   </rtept>
   <rtept lat="33.56586800" lon="133.70810500">
   </rtept>
   <rtept lat="33.56578100" lon="133.70761100">
   </rtept>
   <rtept lat="33.56557500" lon="133.70716400">
   </rtept>
   <rtept lat="33.56547200" lon="133.70673600">
   </rtept>
   <rtept lat="33.56546400" lon="133.70590900">
   </rtept>
   <rtept lat="33.56536900" lon="133.70527200">
   </rtept>
   <rtept lat="33.56500500" lon="133.70313300">
   </rtept>
   <rtept lat="33.56490200" lon="133.70276200">
   </rtept>
   <rtept lat="33.56495700" lon="133.70200200">
   </rtept>
   <rtept lat="33.56491700" lon="133.70123200">
   </rtept>
   <rtept lat="33.56472200" lon="133.70107400">
   </rtept>
   <rtept lat="33.56475400" lon="133.70091200">
   </rtept>
   <rtept lat="33.56503900" lon="133.70040800">
   </rtept>
   <rtept lat="33.56516600" lon="133.70017100">
   </rtept>
   <rtept lat="33.56538000" lon="133.70006600">
   </rtept>
   <rtept lat="33.56558500" lon="133.70003800">
   </rtept>
   <rtept lat="33.56606900" lon="133.70015200">
   </rtept>
   <rtept lat="33.56702700" lon="133.70034200">
   </rtept>
   <rtept lat="33.56791400" lon="133.70077000">
   </rtept>
   <rtept lat="33.56882500" lon="133.70119800">
   </rtept>
   <rtept lat="33.56933300" lon="133.70138100">
   </rtept>
   <rtept lat="33.56995100" lon="133.70153300">
   </rtept>
   <rtept lat="33.57087000" lon="133.70187600">
   </rtept>
   <rtept lat="33.57145600" lon="133.70185700">
   </rtept>
   <rtept lat="33.57191500" lon="133.70199000">
   </rtept>
   <rtept lat="33.57248600" lon="133.70202800">
   </rtept>
   <rtept lat="33.57299300" lon="133.70210400">
   </rtept>
   <rtept lat="33.57340500" lon="133.70227500">
   </rtept>
   <rtept lat="33.57457700" lon="133.70227500">
   </rtept>
   <rtept lat="33.57495400" lon="133.70235100">
   </rtept>
   <rtept lat="33.57679200" lon="133.70299800">
   </rtept>
   <rtept lat="33.57731400" lon="133.70332100">
   </rtept>
   <rtept lat="33.57838100" lon="133.70406900">
   </rtept>
 </rte>
 <rte>
  <name>SHIKOKU_KCH_06(龍河・弥生文化のみち)</name>
   <rtept lat="33.61902200" lon="133.72205100">
   </rtept>
   <rtept lat="33.61942900" lon="133.72201100">
   </rtept>
   <rtept lat="33.61974700" lon="133.72198000">
   </rtept>
   <rtept lat="33.61984200" lon="133.72216500">
   </rtept>
   <rtept lat="33.61985400" lon="133.72289200">
   </rtept>
   <rtept lat="33.61981800" lon="133.72470300">
   </rtept>
   <rtept lat="33.61983000" lon="133.72520200">
   </rtept>
   <rtept lat="33.62004400" lon="133.72568700">
   </rtept>
   <rtept lat="33.62024500" lon="133.72574400">
   </rtept>
   <rtept lat="33.62044700" lon="133.72568700">
   </rtept>
   <rtept lat="33.62028100" lon="133.72642900">
   </rtept>
   <rtept lat="33.62003200" lon="133.72699900">
   </rtept>
   <rtept lat="33.61998400" lon="133.72714200">
   </rtept>
   <rtept lat="33.62009100" lon="133.72728500">
   </rtept>
   <rtept lat="33.62022200" lon="133.72751300">
   </rtept>
   <rtept lat="33.62019800" lon="133.72805500">
   </rtept>
   <rtept lat="33.61994900" lon="133.72811200">
   </rtept>
   <rtept lat="33.61966400" lon="133.72811200">
   </rtept>
   <rtept lat="33.61931900" lon="133.72801200">
   </rtept>
   <rtept lat="33.61912900" lon="133.72791200">
   </rtept>
   <rtept lat="33.61886800" lon="133.72794100">
   </rtept>
   <rtept lat="33.61861800" lon="133.72795500">
   </rtept>
   <rtept lat="33.61860700" lon="133.72809700">
   </rtept>
   <rtept lat="33.61882000" lon="133.72836800">
   </rtept>
   <rtept lat="33.61891500" lon="133.72872500">
   </rtept>
   <rtept lat="33.61889200" lon="133.72939500">
   </rtept>
   <rtept lat="33.61893900" lon="133.72989400">
   </rtept>
   <rtept lat="33.61884400" lon="133.73013700">
   </rtept>
   <rtept lat="33.61871300" lon="133.73019400">
   </rtept>
   <rtept lat="33.61842800" lon="133.73017900">
   </rtept>
   <rtept lat="33.61835700" lon="133.73023700">
   </rtept>
   <rtept lat="33.61828600" lon="133.73056500">
   </rtept>
   <rtept lat="33.61829800" lon="133.73097800">
   </rtept>
   <rtept lat="33.61834500" lon="133.73144900">
   </rtept>
   <rtept lat="33.61841700" lon="133.73182000">
   </rtept>
   <rtept lat="33.61850000" lon="133.73191900">
   </rtept>
   <rtept lat="33.61842800" lon="133.73239000">
   </rtept>
   <rtept lat="33.61826200" lon="133.73268900">
   </rtept>
   <rtept lat="33.61806900" lon="133.73343200">
   </rtept>
   <rtept lat="33.61738400" lon="133.73386100">
   </rtept>
   <rtept lat="33.61729800" lon="133.73326100">
   </rtept>
   <rtept lat="33.61739500" lon="133.73284600">
   </rtept>
   <rtept lat="33.61718200" lon="133.73296000">
   </rtept>
   <rtept lat="33.61693200" lon="133.73291800">
   </rtept>
   <rtept lat="33.61679000" lon="133.73280300">
   </rtept>
   <rtept lat="33.61660000" lon="133.73303200">
   </rtept>
   <rtept lat="33.61633800" lon="133.73327400">
   </rtept>
   <rtept lat="33.61604100" lon="133.73343100">
   </rtept>
   <rtept lat="33.61592300" lon="133.73353100">
   </rtept>
   <rtept lat="33.61573300" lon="133.73394400">
   </rtept>
   <rtept lat="33.61551900" lon="133.73418700">
   </rtept>
   <rtept lat="33.61523400" lon="133.73450100">
   </rtept>
   <rtept lat="33.61510300" lon="133.73470000">
   </rtept>
   <rtept lat="33.61502000" lon="133.73491400">
   </rtept>
   <rtept lat="33.61493700" lon="133.73527100">
   </rtept>
   <rtept lat="33.61484400" lon="133.73567300">
   </rtept>
   <rtept lat="33.61475700" lon="133.73594900">
   </rtept>
   <rtept lat="33.61459100" lon="133.73613000">
   </rtept>
   <rtept lat="33.61443100" lon="133.73631500">
   </rtept>
   <rtept lat="33.61414900" lon="133.73644700">
   </rtept>
   <rtept lat="33.61372500" lon="133.73649700">
   </rtept>
   <rtept lat="33.61346400" lon="133.73620500">
   </rtept>
   <rtept lat="33.61349000" lon="133.73597800">
   </rtept>
   <rtept lat="33.61336300" lon="133.73584500">
   </rtept>
   <rtept lat="33.61317300" lon="133.73588300">
   </rtept>
   <rtept lat="33.61289600" lon="133.73594000">
   </rtept>
   <rtept lat="33.61268200" lon="133.73596800">
   </rtept>
   <rtept lat="33.61248400" lon="133.73590100">
   </rtept>
   <rtept lat="33.61218700" lon="133.73621500">
   </rtept>
   <rtept lat="33.61152200" lon="133.73684300">
   </rtept>
   <rtept lat="33.61116500" lon="133.73718500">
   </rtept>
   <rtept lat="33.61113000" lon="133.73752700">
   </rtept>
   <rtept lat="33.61111800" lon="133.73795500">
   </rtept>
   <rtept lat="33.61104600" lon="133.73842600">
   </rtept>
   <rtept lat="33.61097500" lon="133.73872500">
   </rtept>
   <rtept lat="33.61046500" lon="133.73895300">
   </rtept>
   <rtept lat="33.61034600" lon="133.73911000">
   </rtept>
   <rtept lat="33.61019100" lon="133.74009400">
   </rtept>
   <rtept lat="33.61004900" lon="133.74056500">
   </rtept>
   <rtept lat="33.61006100" lon="133.74075000">
   </rtept>
   <rtept lat="33.61015600" lon="133.74100700">
   </rtept>
   <rtept lat="33.61008400" lon="133.74127800">
   </rtept>
   <rtept lat="33.60987100" lon="133.74153400">
   </rtept>
   <rtept lat="33.60960900" lon="133.74177700">
   </rtept>
   <rtept lat="33.60931200" lon="133.74193400">
   </rtept>
   <rtept lat="33.60919400" lon="133.74196200">
   </rtept>
   <rtept lat="33.60905100" lon="133.74190500">
   </rtept>
   <rtept lat="33.60894400" lon="133.74162000">
   </rtept>
   <rtept lat="33.60835200" lon="133.74184200">
   </rtept>
   <rtept lat="33.60800800" lon="133.74192800">
   </rtept>
   <rtept lat="33.60766400" lon="133.74182800">
   </rtept>
   <rtept lat="33.60717700" lon="133.74179900">
   </rtept>
   <rtept lat="33.60682000" lon="133.74168500">
   </rtept>
   <rtept lat="33.60669000" lon="133.74145700">
   </rtept>
   <rtept lat="33.60658300" lon="133.74127200">
   </rtept>
   <rtept lat="33.60642800" lon="133.74112900">
   </rtept>
   <rtept lat="33.60619100" lon="133.74110000">
   </rtept>
   <rtept lat="33.60590600" lon="133.74071500">
   </rtept>
   <rtept lat="33.60553800" lon="133.74018800">
   </rtept>
   <rtept lat="33.60537100" lon="133.73986000">
   </rtept>
   <rtept lat="33.60509800" lon="133.73971700">
   </rtept>
   <rtept lat="33.60488400" lon="133.73958900">
   </rtept>
   <rtept lat="33.60454000" lon="133.73894700">
   </rtept>
   <rtept lat="33.60412400" lon="133.73819100">
   </rtept>
   <rtept lat="33.60400500" lon="133.73777800">
   </rtept>
   <rtept lat="33.60394600" lon="133.73737800">
   </rtept>
   <rtept lat="33.60354200" lon="133.73670800">
   </rtept>
   <rtept lat="33.60286500" lon="133.73572400">
   </rtept>
   <rtept lat="33.60259200" lon="133.73551000">
   </rtept>
   <rtept lat="33.60201000" lon="133.73436900">
   </rtept>
   <rtept lat="33.60187900" lon="133.73415500">
   </rtept>
   <rtept lat="33.60155900" lon="133.73372800">
   </rtept>
   <rtept lat="33.60166400" lon="133.73360500">
   </rtept>
   <rtept lat="33.60162900" lon="133.73328300">
   </rtept>
   <rtept lat="33.60143800" lon="133.73291500">
   </rtept>
   <rtept lat="33.60118900" lon="133.73239100">
   </rtept>
   <rtept lat="33.60110500" lon="133.73197500">
   </rtept>
   <rtept lat="33.60110500" lon="133.73165300">
   </rtept>
   <rtept lat="33.60103400" lon="133.73136800">
   </rtept>
   <rtept lat="33.60087900" lon="133.73130800">
   </rtept>
   <rtept lat="33.60072500" lon="133.73111800">
   </rtept>
   <rtept lat="33.60032000" lon="133.73003500">
   </rtept>
   <rtept lat="33.60003500" lon="133.72973800">
   </rtept>
   <rtept lat="33.59971300" lon="133.72996400">
   </rtept>
   <rtept lat="33.59957300" lon="133.72987100">
   </rtept>
   <rtept lat="33.59890800" lon="133.72948600">
   </rtept>
   <rtept lat="33.59861100" lon="133.72938600">
   </rtept>
   <rtept lat="33.59829100" lon="133.72914300">
   </rtept>
   <rtept lat="33.59813600" lon="133.72897200">
   </rtept>
   <rtept lat="33.59801700" lon="133.72868700">
   </rtept>
   <rtept lat="33.59792200" lon="133.72825900">
   </rtept>
   <rtept lat="33.59787500" lon="133.72768900">
   </rtept>
   <rtept lat="33.59789900" lon="133.72699000">
   </rtept>
   <rtept lat="33.59776800" lon="133.72622000">
   </rtept>
   <rtept lat="33.59773200" lon="133.72562100">
   </rtept>
   <rtept lat="33.59768500" lon="133.72539300">
   </rtept>
   <rtept lat="33.59779200" lon="133.72513600">
   </rtept>
   <rtept lat="33.59782700" lon="133.72492200">
   </rtept>
   <rtept lat="33.59770900" lon="133.72460900">
   </rtept>
   <rtept lat="33.59745900" lon="133.72419500">
   </rtept>
   <rtept lat="33.59730500" lon="133.72379600">
   </rtept>
   <rtept lat="33.59713800" lon="133.72342500">
   </rtept>
   <rtept lat="33.59707900" lon="133.72332500">
   </rtept>
   <rtept lat="33.59698400" lon="133.72331100">
   </rtept>
   <rtept lat="33.59694800" lon="133.72341100">
   </rtept>
   <rtept lat="33.59700800" lon="133.72353900">
   </rtept>
   <rtept lat="33.59715000" lon="133.72373900">
   </rtept>
   <rtept lat="33.59729300" lon="133.72440900">
   </rtept>
   <rtept lat="33.59743500" lon="133.72488000">
   </rtept>
   <rtept lat="33.59743500" lon="133.72529300">
   </rtept>
   <rtept lat="33.59749500" lon="133.72565000">
   </rtept>
   <rtept lat="33.59748300" lon="133.72592100">
   </rtept>
   <rtept lat="33.59744700" lon="133.72600600">
   </rtept>
   <rtept lat="33.59732800" lon="133.72600600">
   </rtept>
   <rtept lat="33.59728100" lon="133.72586400">
   </rtept>
   <rtept lat="33.59731700" lon="133.72549300">
   </rtept>
   <rtept lat="33.59734000" lon="133.72530700">
   </rtept>
   <rtept lat="33.59728100" lon="133.72505100">
   </rtept>
   <rtept lat="33.59713800" lon="133.72489400">
   </rtept>
   <rtept lat="33.59697200" lon="133.72463700">
   </rtept>
   <rtept lat="33.59677000" lon="133.72436600">
   </rtept>
   <rtept lat="33.59655600" lon="133.72381000">
   </rtept>
   <rtept lat="33.59642600" lon="133.72343900">
   </rtept>
   <rtept lat="33.59643800" lon="133.72312500">
   </rtept>
   <rtept lat="33.59643800" lon="133.72296900">
   </rtept>
   <rtept lat="33.59633300" lon="133.72288700">
   </rtept>
   <rtept lat="33.59603300" lon="133.72222100">
   </rtept>
   <rtept lat="33.59572400" lon="133.72189800">
   </rtept>
   <rtept lat="33.59541500" lon="133.72127100">
   </rtept>
   <rtept lat="33.59538300" lon="133.72107100">
   </rtept>
   <rtept lat="33.59485700" lon="133.72049900">
   </rtept>
   <rtept lat="33.59449200" lon="133.72006200">
   </rtept>
   <rtept lat="33.59406500" lon="133.71950100">
   </rtept>
   <rtept lat="33.59330800" lon="133.71854600">
   </rtept>
   <rtept lat="33.59221900" lon="133.71733300">
   </rtept>
   <rtept lat="33.59098200" lon="133.71594300">
   </rtept>
   <rtept lat="33.59066500" lon="133.71558600">
   </rtept>
   <rtept lat="33.58944800" lon="133.71299600">
   </rtept>
   <rtept lat="33.58909100" lon="133.71232400">
   </rtept>
   <rtept lat="33.58869500" lon="133.71183700">
   </rtept>
   <rtept lat="33.58852700" lon="133.71165800">
   </rtept>
   <rtept lat="33.58812100" lon="133.71140900">
   </rtept>
   <rtept lat="33.58680400" lon="133.71079100">
   </rtept>
   <rtept lat="33.58540800" lon="133.71011300">
   </rtept>
   <rtept lat="33.58448800" lon="133.70969700">
   </rtept>
   <rtept lat="33.58422100" lon="133.70950000">
   </rtept>
   <rtept lat="33.58366700" lon="133.70900600">
   </rtept>
   <rtept lat="33.58304900" lon="133.70828400">
   </rtept>
   <rtept lat="33.58247900" lon="133.70765600">
   </rtept>
   <rtept lat="33.58209800" lon="133.70695300">
   </rtept>
   <rtept lat="33.58187700" lon="133.70659100">
   </rtept>
   <rtept lat="33.58138600" lon="133.70607800">
   </rtept>
   <rtept lat="33.58095800" lon="133.70546900">
   </rtept>
   <rtept lat="33.58073600" lon="133.70531700">
   </rtept>
   <rtept lat="33.58030800" lon="133.70508900">
   </rtept>
   <rtept lat="33.57945300" lon="133.70476600">
   </rtept>
   <rtept lat="33.57853400" lon="133.70417600">
   </rtept>
   <rtept lat="33.57838100" lon="133.70406900">
   </rtept>
 </rte>
 <rte>
  <name>SHIKOKU_KCH_10(八王子さくらのみち)</name>
   <rtept lat="33.60685800" lon="133.68396400">
   </rtept>
   <rtept lat="33.60682700" lon="133.68471500">
   </rtept>
   <rtept lat="33.60693400" lon="133.68525100">
   </rtept>
   <rtept lat="33.60704500" lon="133.68559300">
   </rtept>
   <rtept lat="33.60715600" lon="133.68565000">
   </rtept>
   <rtept lat="33.60803900" lon="133.68911500">
   </rtept>
   <rtept lat="33.61053300" lon="133.68834300">
   </rtept>
   <rtept lat="33.61054300" lon="133.68826000">
   </rtept>
   <rtept lat="33.61101200" lon="133.68805800">
   </rtept>
   <rtept lat="33.61126900" lon="133.68770100">
   </rtept>
   <rtept lat="33.61169500" lon="133.68734500">
   </rtept>
   <rtept lat="33.61194200" lon="133.68722600">
   </rtept>
   <rtept lat="33.61208100" lon="133.68720200">
   </rtept>
   <rtept lat="33.61223900" lon="133.68723800">
   </rtept>
   <rtept lat="33.61253600" lon="133.68744000">
   </rtept>
   <rtept lat="33.61284300" lon="133.68730900">
   </rtept>
   <rtept lat="33.61312000" lon="133.68728500">
   </rtept>
   <rtept lat="33.61332800" lon="133.68733300">
   </rtept>
   <rtept lat="33.61358500" lon="133.68730900">
   </rtept>
   <rtept lat="33.61427800" lon="133.68685700">
   </rtept>
   <rtept lat="33.61461400" lon="133.68670300">
   </rtept>
   <rtept lat="33.61492100" lon="133.68677400">
   </rtept>
   <rtept lat="33.61505000" lon="133.68675000">
   </rtept>
   <rtept lat="33.61516800" lon="133.68664300">
   </rtept>
   <rtept lat="33.61539600" lon="133.68643000">
   </rtept>
   <rtept lat="33.61561400" lon="133.68634600">
   </rtept>
   <rtept lat="33.61629700" lon="133.68629900">
   </rtept>
   <rtept lat="33.61657400" lon="133.68723800">
   </rtept>
   <rtept lat="33.61667300" lon="133.68777200">
   </rtept>
   <rtept lat="33.61663300" lon="133.68833100">
   </rtept>
   <rtept lat="33.61698000" lon="133.68840200">
   </rtept>
   <rtept lat="33.61725700" lon="133.68848600">
   </rtept>
   <rtept lat="33.61755400" lon="133.68874700">
   </rtept>
   <rtept lat="33.61768200" lon="133.68879400">
   </rtept>
   <rtept lat="33.61783100" lon="133.68864000">
   </rtept>
   <rtept lat="33.61796900" lon="133.68841400">
   </rtept>
   <rtept lat="33.61815700" lon="133.68829500">
   </rtept>
   <rtept lat="33.61844400" lon="133.68829500">
   </rtept>
   <rtept lat="33.61872100" lon="133.68820000">
   </rtept>
   <rtept lat="33.61885000" lon="133.68805800">
   </rtept>
   <rtept lat="33.61895900" lon="133.68789100">
   </rtept>
   <rtept lat="33.61921000" lon="133.68780800">
   </rtept>
   <rtept lat="33.61929900" lon="133.68811700">
   </rtept>
   <rtept lat="33.61949700" lon="133.68823600">
   </rtept>
   <rtept lat="33.61968500" lon="133.68847400">
   </rtept>
   <rtept lat="33.62099100" lon="133.68878300">
   </rtept>
   <rtept lat="33.62129800" lon="133.68890100">
   </rtept>
   <rtept lat="33.62169400" lon="133.68898500">
   </rtept>
   <rtept lat="33.62212000" lon="133.68911500">
   </rtept>
   <rtept lat="33.62249600" lon="133.68916300">
   </rtept>
   <rtept lat="33.62294100" lon="133.68928200">
   </rtept>
   <rtept lat="33.62326800" lon="133.68957900">
   </rtept>
   <rtept lat="33.62369300" lon="133.69000700">
   </rtept>
   <rtept lat="33.62400000" lon="133.69033900">
   </rtept>
   <rtept lat="33.62418800" lon="133.69072000">
   </rtept>
   <rtept lat="33.62447800" lon="133.69113400">
   </rtept>
   <rtept lat="33.62482000" lon="133.69111000">
   </rtept>
   <rtept lat="33.62519300" lon="133.69130000">
   </rtept>
   <rtept lat="33.62551300" lon="133.69148300">
   </rtept>
   <rtept lat="33.62559700" lon="133.69178400">
   </rtept>
   <rtept lat="33.62571100" lon="133.69204400">
   </rtept>
   <rtept lat="33.62583000" lon="133.69218600">
   </rtept>
   <rtept lat="33.62587000" lon="133.69232900">
   </rtept>
   <rtept lat="33.62590100" lon="133.69259500">
   </rtept>
   <rtept lat="33.62593300" lon="133.69284200">
   </rtept>
   <rtept lat="33.62604400" lon="133.69313700">
   </rtept>
   <rtept lat="33.62613900" lon="133.69324200">
   </rtept>
   <rtept lat="33.62635300" lon="133.69335600">
   </rtept>
   <rtept lat="33.62648700" lon="133.69367000">
   </rtept>
   <rtept lat="33.62662200" lon="133.69385000">
   </rtept>
   <rtept lat="33.62690700" lon="133.69381200">
   </rtept>
   <rtept lat="33.62721000" lon="133.69371000">
   </rtept>
   <rtept lat="33.62736000" lon="133.69357100">
   </rtept>
   <rtept lat="33.62742800" lon="133.69352800">
   </rtept>
   <rtept lat="33.62751500" lon="133.69349500">
   </rtept>
   <rtept lat="33.62766700" lon="133.69352700">
   </rtept>
   <rtept lat="33.62782500" lon="133.69347000">
   </rtept>
   <rtept lat="33.62799100" lon="133.69346000">
   </rtept>
   <rtept lat="33.62810200" lon="133.69354600">
   </rtept>
   <rtept lat="33.62806200" lon="133.69378400">
   </rtept>
   <rtept lat="33.62799900" lon="133.69408800">
   </rtept>
   <rtept lat="33.62810200" lon="133.69415400">
   </rtept>
   <rtept lat="33.62826000" lon="133.69416400">
   </rtept>
   <rtept lat="33.62835800" lon="133.69398900">
   </rtept>
   <rtept lat="33.62846100" lon="133.69392700">
   </rtept>
   <rtept lat="33.62860700" lon="133.69382300">
   </rtept>
   <rtept lat="33.62870200" lon="133.69380400">
   </rtept>
   <rtept lat="33.62895200" lon="133.69381300">
   </rtept>
   <rtept lat="33.62918500" lon="133.69380900">
   </rtept>
   <rtept lat="33.62931400" lon="133.69382900">
   </rtept>
   <rtept lat="33.62958100" lon="133.69392400">
   </rtept>
   <rtept lat="33.62975900" lon="133.69406600">
   </rtept>
   <rtept lat="33.62987800" lon="133.69428000">
   </rtept>
   <rtept lat="33.62992800" lon="133.69457700">
   </rtept>
   <rtept lat="33.62998700" lon="133.69532600">
   </rtept>
   <rtept lat="33.62994700" lon="133.69551600">
   </rtept>
   <rtept lat="33.62988800" lon="133.69561100">
   </rtept>
   <rtept lat="33.62977900" lon="133.69578900">
   </rtept>
   <rtept lat="33.62934400" lon="133.69613400">
   </rtept>
   <rtept lat="33.62924500" lon="133.69624100">
   </rtept>
   <rtept lat="33.62923500" lon="133.69656200">
   </rtept>
   <rtept lat="33.62930200" lon="133.69683600">
   </rtept>
   <rtept lat="33.62936400" lon="133.69708500">
   </rtept>
   <rtept lat="33.62932800" lon="133.69721400">
   </rtept>
   <rtept lat="33.62918500" lon="133.69752500">
   </rtept>
   <rtept lat="33.62927400" lon="133.69752200">
   </rtept>
   <rtept lat="33.62937300" lon="133.69738400">
   </rtept>
   <rtept lat="33.62947500" lon="133.69729800">
   </rtept>
   <rtept lat="33.62957000" lon="133.69721700">
   </rtept>
   <rtept lat="33.62959400" lon="133.69712200">
   </rtept>
   <rtept lat="33.62962600" lon="133.69697500">
   </rtept>
   <rtept lat="33.62967700" lon="133.69689900">
   </rtept>
   <rtept lat="33.62976000" lon="133.69693200">
   </rtept>
   <rtept lat="33.62985500" lon="133.69700800">
   </rtept>
   <rtept lat="33.62993900" lon="133.69699400">
   </rtept>
   <rtept lat="33.63005300" lon="133.69705100">
   </rtept>
   <rtept lat="33.63018000" lon="133.69714600">
   </rtept>
   <rtept lat="33.63029900" lon="133.69726500">
   </rtept>
   <rtept lat="33.63043300" lon="133.69738900">
   </rtept>
   <rtept lat="33.63049700" lon="133.69748800">
   </rtept>
   <rtept lat="33.63050500" lon="133.69759300">
   </rtept>
   <rtept lat="33.63056100" lon="133.69768800">
   </rtept>
   <rtept lat="33.63074300" lon="133.69780200">
   </rtept>
   <rtept lat="33.63083800" lon="133.69795400">
   </rtept>
   <rtept lat="33.63087700" lon="133.69815400">
   </rtept>
   <rtept lat="33.63093300" lon="133.69833400">
   </rtept>
   <rtept lat="33.63102000" lon="133.69851500">
   </rtept>
   <rtept lat="33.63118800" lon="133.69873300">
   </rtept>
   <rtept lat="33.63149500" lon="133.69873300">
   </rtept>
   <rtept lat="33.63171100" lon="133.69874800">
   </rtept>
   <rtept lat="33.63183000" lon="133.69894800">
   </rtept>
   <rtept lat="33.63192300" lon="133.69912000">
   </rtept>
   <rtept lat="33.63211900" lon="133.69920600">
   </rtept>
   <rtept lat="33.63221400" lon="133.69939100">
   </rtept>
   <rtept lat="33.63229200" lon="133.69958400">
   </rtept>
   <rtept lat="33.63232700" lon="133.69976900">
   </rtept>
   <rtept lat="33.63236300" lon="133.69985500">
   </rtept>
   <rtept lat="33.63236900" lon="133.69963400">
   </rtept>
   <rtept lat="33.63229200" lon="133.69941300">
   </rtept>
   <rtept lat="33.63226200" lon="133.69921300">
   </rtept>
   <rtept lat="33.63230900" lon="133.69906300">
   </rtept>
   <rtept lat="33.63244000" lon="133.69894900">
   </rtept>
   <rtept lat="33.63272300" lon="133.69863300">
   </rtept>
   <rtept lat="33.63290100" lon="133.69855000">
   </rtept>
   <rtept lat="33.63328700" lon="133.69855000">
   </rtept>
   <rtept lat="33.63337600" lon="133.69866900">
   </rtept>
   <rtept lat="33.63341600" lon="133.69879900">
   </rtept>
   <rtept lat="33.63339600" lon="133.69894200">
   </rtept>
   <rtept lat="33.63319800" lon="133.69915600">
   </rtept>
   <rtept lat="33.63336600" lon="133.69910800">
   </rtept>
   <rtept lat="33.63357400" lon="133.69900100">
   </rtept>
   <rtept lat="33.63375200" lon="133.69902500">
   </rtept>
   <rtept lat="33.63393000" lon="133.69919200">
   </rtept>
   <rtept lat="33.63404900" lon="133.69931000">
   </rtept>
   <rtept lat="33.63420700" lon="133.69951200">
   </rtept>
   <rtept lat="33.63435600" lon="133.69966700">
   </rtept>
   <rtept lat="33.63429400" lon="133.69986200">
   </rtept>
   <rtept lat="33.63411600" lon="133.69995400">
   </rtept>
   <rtept lat="33.63405200" lon="133.70002000">
   </rtept>
   <rtept lat="33.63409200" lon="133.70014400">
   </rtept>
   <rtept lat="33.63412300" lon="133.70018200">
   </rtept>
   <rtept lat="33.63411600" lon="133.70029600">
   </rtept>
   <rtept lat="33.63406000" lon="133.70037200">
   </rtept>
   <rtept lat="33.63400500" lon="133.70051500">
   </rtept>
   <rtept lat="33.63401300" lon="133.70061000">
   </rtept>
   <rtept lat="33.63449500" lon="133.70074300">
   </rtept>
   <rtept lat="33.63459800" lon="133.70077100">
   </rtept>
   <rtept lat="33.63464600" lon="133.70085700">
   </rtept>
   <rtept lat="33.63467800" lon="133.70101900">
   </rtept>
   <rtept lat="33.63470100" lon="133.70134200">
   </rtept>
   <rtept lat="33.63470500" lon="133.70173700">
   </rtept>
   <rtept lat="33.63449900" lon="133.70217500">
   </rtept>
   <rtept lat="33.63438100" lon="133.70234600">
   </rtept>
   <rtept lat="33.63443600" lon="133.70241200">
   </rtept>
   <rtept lat="33.63467400" lon="133.70246000">
   </rtept>
   <rtept lat="33.63476900" lon="133.70249800">
   </rtept>
   <rtept lat="33.63478400" lon="133.70261200">
   </rtept>
   <rtept lat="33.63472900" lon="133.70266900">
   </rtept>
   <rtept lat="33.63459400" lon="133.70285000">
   </rtept>
   <rtept lat="33.63446000" lon="133.70304900">
   </rtept>
   <rtept lat="33.63430200" lon="133.70322000">
   </rtept>
   <rtept lat="33.63420700" lon="133.70339200">
   </rtept>
   <rtept lat="33.63424600" lon="133.70349600">
   </rtept>
   <rtept lat="33.63431700" lon="133.70349600">
   </rtept>
   <rtept lat="33.63469700" lon="133.70348700">
   </rtept>
   <rtept lat="33.63494300" lon="133.70346800">
   </rtept>
   <rtept lat="33.63503000" lon="133.70356300">
   </rtept>
   <rtept lat="33.63514100" lon="133.70373400">
   </rtept>
   <rtept lat="33.63518800" lon="133.70382900">
   </rtept>
   <rtept lat="33.63515600" lon="133.70391500">
   </rtept>
   <rtept lat="33.63507700" lon="133.70401000">
   </rtept>
   <rtept lat="33.63491900" lon="133.70405700">
   </rtept>
   <rtept lat="33.63478400" lon="133.70404800">
   </rtept>
   <rtept lat="33.63464200" lon="133.70401000">
   </rtept>
   <rtept lat="33.63449900" lon="133.70405700">
   </rtept>
   <rtept lat="33.63434100" lon="133.70422800">
   </rtept>
   <rtept lat="33.63426200" lon="133.70435200">
   </rtept>
   <rtept lat="33.63427000" lon="133.70452300">
   </rtept>
   <rtept lat="33.63434100" lon="133.70468500">
   </rtept>
   <rtept lat="33.63448400" lon="133.70476100">
   </rtept>
   <rtept lat="33.63471300" lon="133.70495100">
   </rtept>
   <rtept lat="33.63477600" lon="133.70501700">
   </rtept>
   <rtept lat="33.63481600" lon="133.70516000">
   </rtept>
   <rtept lat="33.63509300" lon="133.70515700">
   </rtept>
   <rtept lat="33.63537800" lon="133.70520000">
   </rtept>
   <rtept lat="33.63586500" lon="133.70512900">
   </rtept>
   <rtept lat="33.63586500" lon="133.70527200">
   </rtept>
   <rtept lat="33.63558000" lon="133.70541400">
   </rtept>
   <rtept lat="33.63536600" lon="133.70555700">
   </rtept>
   <rtept lat="33.63518800" lon="133.70575600">
   </rtept>
   <rtept lat="33.63537800" lon="133.70581300">
   </rtept>
   <rtept lat="33.63566300" lon="133.70582800">
   </rtept>
   <rtept lat="33.63567500" lon="133.70607000">
   </rtept>
   <rtept lat="33.63553200" lon="133.70625600">
   </rtept>
   <rtept lat="33.63515200" lon="133.70619800">
   </rtept>
   <rtept lat="33.63498600" lon="133.70652600">
   </rtept>
   <rtept lat="33.63485900" lon="133.70699500">
   </rtept>
   <rtept lat="33.63482600" lon="133.70724400">
   </rtept>
   <rtept lat="33.63491900" lon="133.70748700">
   </rtept>
   <rtept lat="33.63507300" lon="133.70776700">
   </rtept>
   <rtept lat="33.63500300" lon="133.70816800">
   </rtept>
   <rtept lat="33.63502400" lon="133.70834000">
   </rtept>
   <rtept lat="33.63510700" lon="133.70871100">
   </rtept>
   <rtept lat="33.63504800" lon="133.70889700">
   </rtept>
   <rtept lat="33.63502400" lon="133.70903900">
   </rtept>
   <rtept lat="33.63509500" lon="133.70926700">
   </rtept>
   <rtept lat="33.63525000" lon="133.70953800">
   </rtept>
   <rtept lat="33.63540400" lon="133.70971000">
   </rtept>
   <rtept lat="33.63542800" lon="133.70986600">
   </rtept>
   <rtept lat="33.63538000" lon="133.71009500">
   </rtept>
   <rtept lat="33.63491700" lon="133.71097900">
   </rtept>
   <rtept lat="33.63460900" lon="133.71129200">
   </rtept>
   <rtept lat="33.63445400" lon="133.71153500">
   </rtept>
   <rtept lat="33.63435900" lon="133.71183400">
   </rtept>
   <rtept lat="33.63438300" lon="133.71207700">
   </rtept>
   <rtept lat="33.63444200" lon="133.71259000">
   </rtept>
   <rtept lat="33.63437100" lon="133.71286100">
   </rtept>
   <rtept lat="33.63434700" lon="133.71313200">
   </rtept>
   <rtept lat="33.63454900" lon="133.71371700">
   </rtept>
   <rtept lat="33.63470400" lon="133.71415900">
   </rtept>
   <rtept lat="33.63502400" lon="133.71458700">
   </rtept>
   <rtept lat="33.63514300" lon="133.71470100">
   </rtept>
   <rtept lat="33.63589100" lon="133.71464400">
   </rtept>
   <rtept lat="33.63597400" lon="133.71475800">
   </rtept>
   <rtept lat="33.63606900" lon="133.71548500">
   </rtept>
   <rtept lat="33.63618800" lon="133.71595600">
   </rtept>
   <rtept lat="33.63639000" lon="133.71662600">
   </rtept>
   <rtept lat="33.63652000" lon="133.71674000">
   </rtept>
   <rtept lat="33.63665100" lon="133.71728200">
   </rtept>
   <rtept lat="33.63746700" lon="133.71715900">
   </rtept>
   <rtept lat="33.63774400" lon="133.71718300">
   </rtept>
   <rtept lat="33.63800200" lon="133.71696900">
   </rtept>
   <rtept lat="33.63819000" lon="133.71687400">
   </rtept>
   <rtept lat="33.63831800" lon="133.71677900">
   </rtept>
   <rtept lat="33.63834800" lon="133.71666000">
   </rtept>
   <rtept lat="33.63836800" lon="133.71643400">
   </rtept>
   <rtept lat="33.63834800" lon="133.71623200">
   </rtept>
   <rtept lat="33.63841700" lon="133.71607800">
   </rtept>
   <rtept lat="33.63849600" lon="133.71607800">
   </rtept>
   <rtept lat="33.63874400" lon="133.71619700">
   </rtept>
   <rtept lat="33.63885200" lon="133.71630300">
   </rtept>
   <rtept lat="33.63904000" lon="133.71663600">
   </rtept>
   <rtept lat="33.63906000" lon="133.71688600">
   </rtept>
   <rtept lat="33.63901100" lon="133.71724200">
   </rtept>
   <rtept lat="33.63880300" lon="133.71789600">
   </rtept>
   <rtept lat="33.63909000" lon="133.71834800">
   </rtept>
   <rtept lat="33.63936700" lon="133.71904900">
   </rtept>
   <rtept lat="33.63949600" lon="133.71952400">
   </rtept>
   <rtept lat="33.63940600" lon="133.72015400">
   </rtept>
   <rtept lat="33.63927800" lon="133.72060500">
   </rtept>
   <rtept lat="33.63938700" lon="133.72185300">
   </rtept>
   <rtept lat="33.63938700" lon="133.72204300">
   </rtept>
   <rtept lat="33.63929800" lon="133.72219800">
   </rtept>
   <rtept lat="33.63904000" lon="133.72241200">
   </rtept>
   <rtept lat="33.63892200" lon="133.72274500">
   </rtept>
   <rtept lat="33.63880300" lon="133.72332700">
   </rtept>
   <rtept lat="33.63877300" lon="133.72559700">
   </rtept>
   <rtept lat="33.63873400" lon="133.72713000">
   </rtept>
   <rtept lat="33.63876300" lon="133.72772400">
   </rtept>
   <rtept lat="33.63883300" lon="133.72792600">
   </rtept>
   <rtept lat="33.63889800" lon="133.72810100">
   </rtept>
   <rtept lat="33.63874800" lon="133.72883300">
   </rtept>
   <rtept lat="33.63867700" lon="133.72942200">
   </rtept>
   <rtept lat="33.63867700" lon="133.73001200">
   </rtept>
   <rtept lat="33.63880000" lon="133.73039200">
   </rtept>
   <rtept lat="33.63741200" lon="133.73071400">
   </rtept>
 </rte>
 <rte>
  <name>SHIKOKU_KCH_11(土佐まほろばのみち)</name>
   <rtept lat="33.59794900" lon="133.62410600">
   </rtept>
   <rtept lat="33.59754500" lon="133.62426800">
   </rtept>
   <rtept lat="33.59732400" lon="133.62426800">
   </rtept>
   <rtept lat="33.59714900" lon="133.62426800">
   </rtept>
   <rtept lat="33.59696700" lon="133.62440100">
   </rtept>
   <rtept lat="33.59688000" lon="133.62437200">
   </rtept>
   <rtept lat="33.59688800" lon="133.62429600">
   </rtept>
   <rtept lat="33.59692000" lon="133.62421000">
   </rtept>
   <rtept lat="33.59703100" lon="133.62412500">
   </rtept>
   <rtept lat="33.59722100" lon="133.62406800">
   </rtept>
   <rtept lat="33.59766400" lon="133.62392500">
   </rtept>
   <rtept lat="33.59770400" lon="133.62384000">
   </rtept>
   <rtept lat="33.59770400" lon="133.62372600">
   </rtept>
   <rtept lat="33.59763200" lon="133.62366900">
   </rtept>
   <rtept lat="33.59731400" lon="133.62372600">
   </rtept>
   <rtept lat="33.59684700" lon="133.62372600">
   </rtept>
   <rtept lat="33.59664900" lon="133.62384000">
   </rtept>
   <rtept lat="33.59650600" lon="133.62385900">
   </rtept>
   <rtept lat="33.59645900" lon="133.62379200">
   </rtept>
   <rtept lat="33.59646700" lon="133.62368800">
   </rtept>
   <rtept lat="33.59664100" lon="133.62344000">
   </rtept>
   <rtept lat="33.59672000" lon="133.62330700">
   </rtept>
   <rtept lat="33.59669600" lon="133.62315500">
   </rtept>
   <rtept lat="33.59661700" lon="133.62307900">
   </rtept>
   <rtept lat="33.59644300" lon="133.62298400">
   </rtept>
   <rtept lat="33.59631600" lon="133.62298400">
   </rtept>
   <rtept lat="33.59610300" lon="133.62299400">
   </rtept>
   <rtept lat="33.59591200" lon="133.62303200">
   </rtept>
   <rtept lat="33.59571400" lon="133.62305100">
   </rtept>
   <rtept lat="33.59560400" lon="133.62302200">
   </rtept>
   <rtept lat="33.59554000" lon="133.62287900">
   </rtept>
   <rtept lat="33.59554000" lon="133.62268900">
   </rtept>
   <rtept lat="33.59551700" lon="133.62232800">
   </rtept>
   <rtept lat="33.59542900" lon="133.62195700">
   </rtept>
   <rtept lat="33.59536600" lon="133.62166300">
   </rtept>
   <rtept lat="33.59521600" lon="133.62153900">
   </rtept>
   <rtept lat="33.59510500" lon="133.62154800">
   </rtept>
   <rtept lat="33.59493000" lon="133.62164400">
   </rtept>
   <rtept lat="33.59482000" lon="133.62168200">
   </rtept>
   <rtept lat="33.59466100" lon="133.62157700">
   </rtept>
   <rtept lat="33.59447100" lon="133.62150100">
   </rtept>
   <rtept lat="33.59422600" lon="133.62146300">
   </rtept>
   <rtept lat="33.59406700" lon="133.62140600">
   </rtept>
   <rtept lat="33.59386900" lon="133.62133000">
   </rtept>
   <rtept lat="33.59369500" lon="133.62119700">
   </rtept>
   <rtept lat="33.59339400" lon="133.62084500">
   </rtept>
   <rtept lat="33.59326700" lon="133.62056000">
   </rtept>
   <rtept lat="33.59314900" lon="133.62039800">
   </rtept>
   <rtept lat="33.59288700" lon="133.62022700">
   </rtept>
   <rtept lat="33.59264200" lon="133.62014100">
   </rtept>
   <rtept lat="33.59237300" lon="133.62010300">
   </rtept>
   <rtept lat="33.59229300" lon="133.62026500">
   </rtept>
   <rtept lat="33.59208700" lon="133.62020800">
   </rtept>
   <rtept lat="33.59203200" lon="133.62023600">
   </rtept>
   <rtept lat="33.59196100" lon="133.62031300">
   </rtept>
   <rtept lat="33.59192100" lon="133.62043600">
   </rtept>
   <rtept lat="33.59196900" lon="133.62058800">
   </rtept>
   <rtept lat="33.59203200" lon="133.62080700">
   </rtept>
   <rtept lat="33.59208700" lon="133.62094000">
   </rtept>
   <rtept lat="33.59215100" lon="133.62103500">
   </rtept>
   <rtept lat="33.59226200" lon="133.62112100">
   </rtept>
   <rtept lat="33.59248300" lon="133.62123500">
   </rtept>
   <rtept lat="33.59255500" lon="133.62144400">
   </rtept>
   <rtept lat="33.59263400" lon="133.62164400">
   </rtept>
   <rtept lat="33.59264200" lon="133.62193800">
   </rtept>
   <rtept lat="33.59262600" lon="133.62231900">
   </rtept>
   <rtept lat="33.59259400" lon="133.62267000">
   </rtept>
   <rtept lat="33.59261000" lon="133.62299400">
   </rtept>
   <rtept lat="33.59266600" lon="133.62328800">
   </rtept>
   <rtept lat="33.59279200" lon="133.62363100">
   </rtept>
   <rtept lat="33.59289500" lon="133.62380200">
   </rtept>
   <rtept lat="33.59301400" lon="133.62408700">
   </rtept>
   <rtept lat="33.59313300" lon="133.62418200">
   </rtept>
   <rtept lat="33.59337000" lon="133.62447700">
   </rtept>
   <rtept lat="33.59349700" lon="133.62465700">
   </rtept>
   <rtept lat="33.59360300" lon="133.62484800">
   </rtept>
   <rtept lat="33.59376400" lon="133.62512600">
   </rtept>
   <rtept lat="33.59390600" lon="133.62558200">
   </rtept>
   <rtept lat="33.59400100" lon="133.62598200">
   </rtept>
   <rtept lat="33.59402500" lon="133.62628100">
   </rtept>
   <rtept lat="33.59401300" lon="133.62662300">
   </rtept>
   <rtept lat="33.59401300" lon="133.62696600">
   </rtept>
   <rtept lat="33.59409000" lon="133.62725800">
   </rtept>
   <rtept lat="33.59415000" lon="133.62746500">
   </rtept>
   <rtept lat="33.59437500" lon="133.62785700">
   </rtept>
   <rtept lat="33.59454800" lon="133.62808500">
   </rtept>
   <rtept lat="33.59472600" lon="133.62825600">
   </rtept>
   <rtept lat="33.59491600" lon="133.62835600">
   </rtept>
   <rtept lat="33.59471500" lon="133.62904100">
   </rtept>
   <rtept lat="33.59468600" lon="133.62929100">
   </rtept>
   <rtept lat="33.59469600" lon="133.62955800">
   </rtept>
   <rtept lat="33.59483900" lon="133.63080200">
   </rtept>
   <rtept lat="33.59491000" lon="133.63178600">
   </rtept>
   <rtept lat="33.59498700" lon="133.63200700">
   </rtept>
   <rtept lat="33.59503500" lon="133.63241400">
   </rtept>
   <rtept lat="33.59505300" lon="133.63282700">
   </rtept>
   <rtept lat="33.59514800" lon="133.63334100">
   </rtept>
   <rtept lat="33.59515900" lon="133.63347600">
   </rtept>
   <rtept lat="33.59510000" lon="133.63367600">
   </rtept>
   <rtept lat="33.59511800" lon="133.63383300">
   </rtept>
   <rtept lat="33.59513600" lon="133.63399000">
   </rtept>
   <rtept lat="33.59516500" lon="133.63412500">
   </rtept>
   <rtept lat="33.59515300" lon="133.63491700">
   </rtept>
   <rtept lat="33.59519500" lon="133.63509500">
   </rtept>
   <rtept lat="33.59526000" lon="133.63516600">
   </rtept>
   <rtept lat="33.59542700" lon="133.63520200">
   </rtept>
   <rtept lat="33.59552200" lon="133.63533700">
   </rtept>
   <rtept lat="33.59558100" lon="133.63537300">
   </rtept>
   <rtept lat="33.59579500" lon="133.63543700">
   </rtept>
   <rtept lat="33.59597900" lon="133.63555100">
   </rtept>
   <rtept lat="33.59608000" lon="133.63563000">
   </rtept>
   <rtept lat="33.59626100" lon="133.63568000">
   </rtept>
   <rtept lat="33.59621100" lon="133.63621500">
   </rtept>
   <rtept lat="33.59617200" lon="133.63635800">
   </rtept>
   <rtept lat="33.59610200" lon="133.63648800">
   </rtept>
   <rtept lat="33.59608300" lon="133.63666700">
   </rtept>
   <rtept lat="33.59612200" lon="133.63680900">
   </rtept>
   <rtept lat="33.59607300" lon="133.63716600">
   </rtept>
   <rtept lat="33.59625900" lon="133.63729200">
   </rtept>
   <rtept lat="33.59652100" lon="133.63752000">
   </rtept>
   <rtept lat="33.59667700" lon="133.63779200">
   </rtept>
   <rtept lat="33.59660800" lon="133.63797600">
   </rtept>
   <rtept lat="33.59654300" lon="133.63826700">
   </rtept>
   <rtept lat="33.59673200" lon="133.63836200">
   </rtept>
   <rtept lat="33.59676200" lon="133.63840300">
   </rtept>
   <rtept lat="33.59662800" lon="133.63946800">
   </rtept>
   <rtept lat="33.59798200" lon="133.63992400">
   </rtept>
   <rtept lat="33.59799700" lon="133.64031400">
   </rtept>
   <rtept lat="33.59806900" lon="133.64065600">
   </rtept>
   <rtept lat="33.59806900" lon="133.64088500">
   </rtept>
   <rtept lat="33.59773600" lon="133.64086600">
   </rtept>
   <rtept lat="33.59744300" lon="133.64072300">
   </rtept>
   <rtept lat="33.59731600" lon="133.64080900">
   </rtept>
   <rtept lat="33.59711100" lon="133.64110300">
   </rtept>
   <rtept lat="33.59692800" lon="133.64142700">
   </rtept>
   <rtept lat="33.59684900" lon="133.64162600">
   </rtept>
   <rtept lat="33.59685700" lon="133.64175900">
   </rtept>
   <rtept lat="33.59701600" lon="133.64217800">
   </rtept>
   <rtept lat="33.59722100" lon="133.64276700">
   </rtept>
   <rtept lat="33.59742700" lon="133.64366100">
   </rtept>
   <rtept lat="33.59758600" lon="133.64480200">
   </rtept>
   <rtept lat="33.59761700" lon="133.64516300">
   </rtept>
   <rtept lat="33.59771200" lon="133.64569500">
   </rtept>
   <rtept lat="33.59769700" lon="133.64620900">
   </rtept>
   <rtept lat="33.59764900" lon="133.64677900">
   </rtept>
   <rtept lat="33.59749100" lon="133.64748300">
   </rtept>
   <rtept lat="33.59744300" lon="133.64807200">
   </rtept>
   <rtept lat="33.59750700" lon="133.64845200">
   </rtept>
   <rtept lat="33.59859900" lon="133.64811000">
   </rtept>
   <rtept lat="33.59883700" lon="133.64814800">
   </rtept>
   <rtept lat="33.59951800" lon="133.64816700">
   </rtept>
   <rtept lat="33.60137700" lon="133.64805300">
   </rtept>
   <rtept lat="33.60142500" lon="133.64797700">
   </rtept>
   <rtept lat="33.60232700" lon="133.64795800">
   </rtept>
   <rtept lat="33.60243800" lon="133.64847100">
   </rtept>
   <rtept lat="33.60329700" lon="133.64866900">
   </rtept>
   <rtept lat="33.60328800" lon="133.64944200">
   </rtept>
   <rtept lat="33.60327800" lon="133.65046400">
   </rtept>
   <rtept lat="33.60344600" lon="133.65052300">
   </rtept>
   <rtept lat="33.60392100" lon="133.65064200">
   </rtept>
   <rtept lat="33.60431700" lon="133.65072500">
   </rtept>
   <rtept lat="33.60452500" lon="133.65095100">
   </rtept>
   <rtept lat="33.60480200" lon="133.65124800">
   </rtept>
   <rtept lat="33.60501000" lon="133.65147400">
   </rtept>
   <rtept lat="33.60513800" lon="133.65143800">
   </rtept>
   <rtept lat="33.60539600" lon="133.65172400">
   </rtept>
   <rtept lat="33.60506900" lon="133.65193800">
   </rtept>
   <rtept lat="33.60456400" lon="133.65248400">
   </rtept>
   <rtept lat="33.60419800" lon="133.65285300">
   </rtept>
   <rtept lat="33.60367600" lon="133.65370400">
   </rtept>
   <rtept lat="33.60371700" lon="133.65448800">
   </rtept>
   <rtept lat="33.60374700" lon="133.65493000">
   </rtept>
   <rtept lat="33.60375900" lon="133.65509400">
   </rtept>
   <rtept lat="33.60368300" lon="133.65574100">
   </rtept>
   <rtept lat="33.60394900" lon="133.65574100">
   </rtept>
   <rtept lat="33.60423500" lon="133.65577900">
   </rtept>
   <rtept lat="33.60509100" lon="133.65581700">
   </rtept>
   <rtept lat="33.60499400" lon="133.65689100">
   </rtept>
   <rtept lat="33.60495800" lon="133.65741600">
   </rtept>
   <rtept lat="33.60573800" lon="133.65749200">
   </rtept>
   <rtept lat="33.60555000" lon="133.65836200">
   </rtept>
   <rtept lat="33.60550300" lon="133.65883700">
   </rtept>
   <rtept lat="33.60559800" lon="133.65916100">
   </rtept>
   <rtept lat="33.60583500" lon="133.65975000">
   </rtept>
   <rtept lat="33.60604100" lon="133.66009200">
   </rtept>
   <rtept lat="33.60623100" lon="133.66049200">
   </rtept>
   <rtept lat="33.60645300" lon="133.66083400">
   </rtept>
   <rtept lat="33.60681700" lon="133.66111900">
   </rtept>
   <rtept lat="33.60648300" lon="133.66219400">
   </rtept>
   <rtept lat="33.60710700" lon="133.66200200">
   </rtept>
   <rtept lat="33.60726700" lon="133.66175200">
   </rtept>
   <rtept lat="33.60751100" lon="133.66148100">
   </rtept>
   <rtept lat="33.60759400" lon="133.66133900">
   </rtept>
   <rtept lat="33.60764900" lon="133.66123700">
   </rtept>
   <rtept lat="33.60768900" lon="133.66105600">
   </rtept>
   <rtept lat="33.60777600" lon="133.66094200">
   </rtept>
   <rtept lat="33.60780800" lon="133.66089400">
   </rtept>
   <rtept lat="33.60782400" lon="133.66068500">
   </rtept>
   <rtept lat="33.60781600" lon="133.66049500">
   </rtept>
   <rtept lat="33.60789500" lon="133.66036200">
   </rtept>
   <rtept lat="33.60789500" lon="133.66007700">
   </rtept>
   <rtept lat="33.60790300" lon="133.65986700">
   </rtept>
   <rtept lat="33.60833000" lon="133.66040000">
   </rtept>
   <rtept lat="33.60892400" lon="133.66097000">
   </rtept>
   <rtept lat="33.60960500" lon="133.66161700">
   </rtept>
   <rtept lat="33.60985100" lon="133.66200700">
   </rtept>
   <rtept lat="33.60995400" lon="133.66251000">
   </rtept>
   <rtept lat="33.60996100" lon="133.66296700">
   </rtept>
   <rtept lat="33.60995400" lon="133.66370800">
   </rtept>
   <rtept lat="33.60994600" lon="133.66416500">
   </rtept>
   <rtept lat="33.60991400" lon="133.66451600">
   </rtept>
   <rtept lat="33.60979500" lon="133.66488700">
   </rtept>
   <rtept lat="33.60965300" lon="133.66514400">
   </rtept>
   <rtept lat="33.60938300" lon="133.66541000">
   </rtept>
   <rtept lat="33.60937600" lon="133.66562900">
   </rtept>
   <rtept lat="33.60936800" lon="133.66608500">
   </rtept>
   <rtept lat="33.60932000" lon="133.66631300">
   </rtept>
   <rtept lat="33.60917800" lon="133.66637000">
   </rtept>
   <rtept lat="33.60908300" lon="133.66638000">
   </rtept>
   <rtept lat="33.60865500" lon="133.66690300">
   </rtept>
   <rtept lat="33.60906200" lon="133.66749700">
   </rtept>
   <rtept lat="33.60953700" lon="133.66792500">
   </rtept>
   <rtept lat="33.61007100" lon="133.66859000">
   </rtept>
   <rtept lat="33.61038800" lon="133.66899500">
   </rtept>
   <rtept lat="33.61118000" lon="133.67049200">
   </rtept>
   <rtept lat="33.61160500" lon="133.67143100">
   </rtept>
   <rtept lat="33.61175400" lon="133.67202500">
   </rtept>
   <rtept lat="33.61191800" lon="133.67341500">
   </rtept>
   <rtept lat="33.61196600" lon="133.67384300">
   </rtept>
   <rtept lat="33.61194200" lon="133.67406200">
   </rtept>
   <rtept lat="33.61187100" lon="133.67428100">
   </rtept>
   <rtept lat="33.61134800" lon="133.67523100">
   </rtept>
   <rtept lat="33.61120600" lon="133.67541200">
   </rtept>
   <rtept lat="33.61107100" lon="133.67559200">
   </rtept>
   <rtept lat="33.61096800" lon="133.67591600">
   </rtept>
   <rtept lat="33.61084900" lon="133.67619100">
   </rtept>
   <rtept lat="33.61073100" lon="133.67641000">
   </rtept>
   <rtept lat="33.61060400" lon="133.67664800">
   </rtept>
   <rtept lat="33.61046900" lon="133.67693300">
   </rtept>
   <rtept lat="33.61042200" lon="133.67729400">
   </rtept>
   <rtept lat="33.61045300" lon="133.67737000">
   </rtept>
   <rtept lat="33.61068300" lon="133.67778900">
   </rtept>
   <rtept lat="33.61081800" lon="133.67798800">
   </rtept>
   <rtept lat="33.61107100" lon="133.67819700">
   </rtept>
   <rtept lat="33.61122900" lon="133.67840700">
   </rtept>
   <rtept lat="33.61143500" lon="133.67843500">
   </rtept>
   <rtept lat="33.61155400" lon="133.67852100">
   </rtept>
   <rtept lat="33.61164900" lon="133.67873000">
   </rtept>
   <rtept lat="33.61173300" lon="133.67904000">
   </rtept>
   <rtept lat="33.61197700" lon="133.67937900">
   </rtept>
   <rtept lat="33.61216500" lon="133.67960400">
   </rtept>
   <rtept lat="33.61269000" lon="133.67998500">
   </rtept>
   <rtept lat="33.61257300" lon="133.68033700">
   </rtept>
   <rtept lat="33.61245800" lon="133.68069700">
   </rtept>
   <rtept lat="33.61202000" lon="133.68075400">
   </rtept>
   <rtept lat="33.61156300" lon="133.68071600">
   </rtept>
   <rtept lat="33.61133500" lon="133.68083000">
   </rtept>
   <rtept lat="33.61118300" lon="133.68115400">
   </rtept>
   <rtept lat="33.61099200" lon="133.68126800">
   </rtept>
   <rtept lat="33.61068800" lon="133.68132500">
   </rtept>
   <rtept lat="33.61036400" lon="133.68126800">
   </rtept>
   <rtept lat="33.60977400" lon="133.68132500">
   </rtept>
   <rtept lat="33.60941200" lon="133.68239100">
   </rtept>
   <rtept lat="33.60937400" lon="133.68267700">
   </rtept>
   <rtept lat="33.60952700" lon="133.68328600">
   </rtept>
   <rtept lat="33.60883600" lon="133.68347600">
   </rtept>
   <rtept lat="33.60851900" lon="133.68357700">
   </rtept>
   <rtept lat="33.60716700" lon="133.68390700">
   </rtept>
   <rtept lat="33.60702500" lon="133.68341300">
   </rtept>
   <rtept lat="33.60681100" lon="133.68305200">
   </rtept>
   <rtept lat="33.60658900" lon="133.68246200">
   </rtept>
   <rtept lat="33.60644700" lon="133.68251000">
   </rtept>
   <rtept lat="33.60685800" lon="133.68396400">
   </rtept>
 </rte>
 <rte>
  <name>SHIKOKU_KCH_12(北山スカイラインのみち)</name>
   <rtept lat="33.59337800" lon="133.50468500">
   </rtept>
   <rtept lat="33.59338200" lon="133.50462800">
   </rtept>
   <rtept lat="33.59342100" lon="133.50452400">
   </rtept>
   <rtept lat="33.59350400" lon="133.50441900">
   </rtept>
   <rtept lat="33.59363900" lon="133.50434800">
   </rtept>
   <rtept lat="33.59372600" lon="133.50430500">
   </rtept>
   <rtept lat="33.59380500" lon="133.50418600">
   </rtept>
   <rtept lat="33.59384100" lon="133.50402900">
   </rtept>
   <rtept lat="33.59382500" lon="133.50384400">
   </rtept>
   <rtept lat="33.59376200" lon="133.50373000">
   </rtept>
   <rtept lat="33.59367500" lon="133.50364900">
   </rtept>
   <rtept lat="33.59350800" lon="133.50355900">
   </rtept>
   <rtept lat="33.59339000" lon="133.50347300">
   </rtept>
   <rtept lat="33.59331800" lon="133.50335000">
   </rtept>
   <rtept lat="33.59333000" lon="133.50320200">
   </rtept>
   <rtept lat="33.59332600" lon="133.50298000">
   </rtept>
   <rtept lat="33.59331000" lon="133.50292300">
   </rtept>
   <rtept lat="33.59323100" lon="133.50285700">
   </rtept>
   <rtept lat="33.59299800" lon="133.50269000">
   </rtept>
   <rtept lat="33.59286300" lon="133.50260500">
   </rtept>
   <rtept lat="33.59278400" lon="133.50253800">
   </rtept>
   <rtept lat="33.59276400" lon="133.50244800">
   </rtept>
   <rtept lat="33.59278800" lon="133.50235800">
   </rtept>
   <rtept lat="33.59290300" lon="133.50216700">
   </rtept>
   <rtept lat="33.59297800" lon="133.50203900">
   </rtept>
   <rtept lat="33.59299400" lon="133.50189700">
   </rtept>
   <rtept lat="33.59294600" lon="133.50166800">
   </rtept>
   <rtept lat="33.59285500" lon="133.50135500">
   </rtept>
   <rtept lat="33.59280400" lon="133.50119800">
   </rtept>
   <rtept lat="33.59283900" lon="133.50108800">
   </rtept>
   <rtept lat="33.59300600" lon="133.50103100">
   </rtept>
   <rtept lat="33.59307300" lon="133.50096000">
   </rtept>
   <rtept lat="33.59311600" lon="133.50077000">
   </rtept>
   <rtept lat="33.59317200" lon="133.50057500">
   </rtept>
   <rtept lat="33.59327900" lon="133.50039400">
   </rtept>
   <rtept lat="33.59340200" lon="133.50012300">
   </rtept>
   <rtept lat="33.59356000" lon="133.49994300">
   </rtept>
   <rtept lat="33.59372200" lon="133.49983800">
   </rtept>
   <rtept lat="33.59386900" lon="133.49980500">
   </rtept>
   <rtept lat="33.59395600" lon="133.49977200">
   </rtept>
   <rtept lat="33.59401900" lon="133.49965800">
   </rtept>
   <rtept lat="33.59405900" lon="133.49952000">
   </rtept>
   <rtept lat="33.59407100" lon="133.49938700">
   </rtept>
   <rtept lat="33.59404200" lon="133.49920000">
   </rtept>
   <rtept lat="33.59421600" lon="133.49894300">
   </rtept>
   <rtept lat="33.59430700" lon="133.49881000">
   </rtept>
   <rtept lat="33.59431500" lon="133.49872000">
   </rtept>
   <rtept lat="33.59429900" lon="133.49862900">
   </rtept>
   <rtept lat="33.59433900" lon="133.49852900">
   </rtept>
   <rtept lat="33.59443000" lon="133.49849100">
   </rtept>
   <rtept lat="33.59451300" lon="133.49850100">
   </rtept>
   <rtept lat="33.59459600" lon="133.49854400">
   </rtept>
   <rtept lat="33.59468000" lon="133.49860100">
   </rtept>
   <rtept lat="33.59479000" lon="133.49859600">
   </rtept>
   <rtept lat="33.59487700" lon="133.49855300">
   </rtept>
   <rtept lat="33.59490500" lon="133.49843900">
   </rtept>
   <rtept lat="33.59494100" lon="133.49823900">
   </rtept>
   <rtept lat="33.59553900" lon="133.49726000">
   </rtept>
   <rtept lat="33.59562200" lon="133.49719800">
   </rtept>
   <rtept lat="33.59568100" lon="133.49708900">
   </rtept>
   <rtept lat="33.59566500" lon="133.49698400">
   </rtept>
   <rtept lat="33.59559800" lon="133.49693700">
   </rtept>
   <rtept lat="33.59551500" lon="133.49690800">
   </rtept>
   <rtept lat="33.59542400" lon="133.49688900">
   </rtept>
   <rtept lat="33.59530100" lon="133.49682300">
   </rtept>
   <rtept lat="33.59519400" lon="133.49682300">
   </rtept>
   <rtept lat="33.59509100" lon="133.49684200">
   </rtept>
   <rtept lat="33.59503200" lon="133.49682300">
   </rtept>
   <rtept lat="33.59499200" lon="133.49670900">
   </rtept>
   <rtept lat="33.59501200" lon="133.49659900">
   </rtept>
   <rtept lat="33.59506000" lon="133.49653300">
   </rtept>
   <rtept lat="33.59509500" lon="133.49640900">
   </rtept>
   <rtept lat="33.59510700" lon="133.49626200">
   </rtept>
   <rtept lat="33.59507900" lon="133.49606200">
   </rtept>
   <rtept lat="33.59500800" lon="133.49584400">
   </rtept>
   <rtept lat="33.59501200" lon="133.49556300">
   </rtept>
   <rtept lat="33.59502800" lon="133.49537800">
   </rtept>
   <rtept lat="33.59506400" lon="133.49522100">
   </rtept>
   <rtept lat="33.59513500" lon="133.49505000">
   </rtept>
   <rtept lat="33.59519400" lon="133.49497800">
   </rtept>
   <rtept lat="33.59523400" lon="133.49483600">
   </rtept>
   <rtept lat="33.59517000" lon="133.49467400">
   </rtept>
   <rtept lat="33.59505600" lon="133.49460800">
   </rtept>
   <rtept lat="33.59487000" lon="133.49455100">
   </rtept>
   <rtept lat="33.59483400" lon="133.49447500">
   </rtept>
   <rtept lat="33.59484200" lon="133.49439300">
   </rtept>
   <rtept lat="33.59486900" lon="133.49431100">
   </rtept>
   <rtept lat="33.59488400" lon="133.49417900">
   </rtept>
   <rtept lat="33.59483900" lon="133.49404000">
   </rtept>
   <rtept lat="33.59477400" lon="133.49396900">
   </rtept>
   <rtept lat="33.59467600" lon="133.49388700">
   </rtept>
   <rtept lat="33.59464600" lon="133.49380800">
   </rtept>
   <rtept lat="33.59448600" lon="133.49352700">
   </rtept>
   <rtept lat="33.59438500" lon="133.49340600">
   </rtept>
   <rtept lat="33.59426900" lon="133.49335200">
   </rtept>
   <rtept lat="33.59413300" lon="133.49330900">
   </rtept>
   <rtept lat="33.59404900" lon="133.49332700">
   </rtept>
   <rtept lat="33.59399600" lon="133.49335200">
   </rtept>
   <rtept lat="33.59391900" lon="133.49345200">
   </rtept>
   <rtept lat="33.59386200" lon="133.49344100">
   </rtept>
   <rtept lat="33.59381500" lon="133.49336300">
   </rtept>
   <rtept lat="33.59380900" lon="133.49327700">
   </rtept>
   <rtept lat="33.59382400" lon="133.49313800">
   </rtept>
   <rtept lat="33.59384700" lon="133.49300300">
   </rtept>
   <rtept lat="33.59385900" lon="133.49284200">
   </rtept>
   <rtept lat="33.59382100" lon="133.49270300">
   </rtept>
   <rtept lat="33.59377900" lon="133.49256400">
   </rtept>
   <rtept lat="33.59366300" lon="133.49246100">
   </rtept>
   <rtept lat="33.59359500" lon="133.49234700">
   </rtept>
   <rtept lat="33.59354800" lon="133.49221500">
   </rtept>
   <rtept lat="33.59349700" lon="133.49208300">
   </rtept>
   <rtept lat="33.59348800" lon="133.49201500">
   </rtept>
   <rtept lat="33.59354800" lon="133.49198000">
   </rtept>
   <rtept lat="33.59360100" lon="133.49203300">
   </rtept>
   <rtept lat="33.59362500" lon="133.49214000">
   </rtept>
   <rtept lat="33.59366000" lon="133.49227500">
   </rtept>
   <rtept lat="33.59370500" lon="133.49236500">
   </rtept>
   <rtept lat="33.59379700" lon="133.49242200">
   </rtept>
   <rtept lat="33.59388900" lon="133.49251100">
   </rtept>
   <rtept lat="33.59393700" lon="133.49260300">
   </rtept>
   <rtept lat="33.59398500" lon="133.49277100">
   </rtept>
   <rtept lat="33.59402500" lon="133.49289000">
   </rtept>
   <rtept lat="33.59408700" lon="133.49294300">
   </rtept>
   <rtept lat="33.59415100" lon="133.49295500">
   </rtept>
   <rtept lat="33.59434900" lon="133.49297600">
   </rtept>
   <rtept lat="33.59446000" lon="133.49299400">
   </rtept>
   <rtept lat="33.59453000" lon="133.49303600">
   </rtept>
   <rtept lat="33.59478900" lon="133.49323800">
   </rtept>
   <rtept lat="33.59497000" lon="133.49342200">
   </rtept>
   <rtept lat="33.59505700" lon="133.49346600">
   </rtept>
   <rtept lat="33.59515100" lon="133.49347200">
   </rtept>
   <rtept lat="33.59527400" lon="133.49350500">
   </rtept>
   <rtept lat="33.59531400" lon="133.49354600">
   </rtept>
   <rtept lat="33.59534700" lon="133.49359900">
   </rtept>
   <rtept lat="33.59535600" lon="133.49372000">
   </rtept>
   <rtept lat="33.59535000" lon="133.49383500">
   </rtept>
   <rtept lat="33.59534400" lon="133.49395900">
   </rtept>
   <rtept lat="33.59535300" lon="133.49404500">
   </rtept>
   <rtept lat="33.59538000" lon="133.49411300">
   </rtept>
   <rtept lat="33.59542700" lon="133.49414800">
   </rtept>
   <rtept lat="33.59551900" lon="133.49421200">
   </rtept>
   <rtept lat="33.59560800" lon="133.49427300">
   </rtept>
   <rtept lat="33.59569100" lon="133.49435900">
   </rtept>
   <rtept lat="33.59577800" lon="133.49438400">
   </rtept>
   <rtept lat="33.59588200" lon="133.49440500">
   </rtept>
   <rtept lat="33.59594100" lon="133.49446600">
   </rtept>
   <rtept lat="33.59594700" lon="133.49456200">
   </rtept>
   <rtept lat="33.59593200" lon="133.49472600">
   </rtept>
   <rtept lat="33.59593500" lon="133.49487600">
   </rtept>
   <rtept lat="33.59597100" lon="133.49496100">
   </rtept>
   <rtept lat="33.59608600" lon="133.49503200">
   </rtept>
   <rtept lat="33.59629700" lon="133.49513200">
   </rtept>
   <rtept lat="33.59645500" lon="133.49511100">
   </rtept>
   <rtept lat="33.59657300" lon="133.49496100">
   </rtept>
   <rtept lat="33.59674900" lon="133.49470800">
   </rtept>
   <rtept lat="33.59683800" lon="133.49463700">
   </rtept>
   <rtept lat="33.59692200" lon="133.49460700">
   </rtept>
   <rtept lat="33.59698100" lon="133.49460300">
   </rtept>
   <rtept lat="33.59706200" lon="133.49462500">
   </rtept>
   <rtept lat="33.59713600" lon="133.49469900">
   </rtept>
   <rtept lat="33.59720100" lon="133.49477800">
   </rtept>
   <rtept lat="33.59724300" lon="133.49488800">
   </rtept>
   <rtept lat="33.59724000" lon="133.49500200">
   </rtept>
   <rtept lat="33.59720700" lon="133.49513800">
   </rtept>
   <rtept lat="33.59718300" lon="133.49525600">
   </rtept>
   <rtept lat="33.59718600" lon="133.49532300">
   </rtept>
   <rtept lat="33.59720100" lon="133.49540500">
   </rtept>
   <rtept lat="33.59743000" lon="133.49596900">
   </rtept>
   <rtept lat="33.59750400" lon="133.49616800">
   </rtept>
   <rtept lat="33.59752800" lon="133.49635400">
   </rtept>
   <rtept lat="33.59754300" lon="133.49655700">
   </rtept>
   <rtept lat="33.59751900" lon="133.49671700">
   </rtept>
   <rtept lat="33.59750400" lon="133.49677400">
   </rtept>
   <rtept lat="33.59758400" lon="133.49680600">
   </rtept>
   <rtept lat="33.59762000" lon="133.49672400">
   </rtept>
   <rtept lat="33.59762300" lon="133.49659600">
   </rtept>
   <rtept lat="33.59772100" lon="133.49614700">
   </rtept>
   <rtept lat="33.59790500" lon="133.49589300">
   </rtept>
   <rtept lat="33.59797500" lon="133.49578600">
   </rtept>
   <rtept lat="33.59801400" lon="133.49564900">
   </rtept>
   <rtept lat="33.59804400" lon="133.49549400">
   </rtept>
   <rtept lat="33.59803400" lon="133.49529800">
   </rtept>
   <rtept lat="33.59805400" lon="133.49513800">
   </rtept>
   <rtept lat="33.59808400" lon="133.49497200">
   </rtept>
   <rtept lat="33.59814800" lon="133.49488800">
   </rtept>
   <rtept lat="33.59822700" lon="133.49479900">
   </rtept>
   <rtept lat="33.59832600" lon="133.49467400">
   </rtept>
   <rtept lat="33.59837600" lon="133.49458500">
   </rtept>
   <rtept lat="33.59842500" lon="133.49439500">
   </rtept>
   <rtept lat="33.59842000" lon="133.49421700">
   </rtept>
   <rtept lat="33.59845000" lon="133.49402100">
   </rtept>
   <rtept lat="33.59850900" lon="133.49385400">
   </rtept>
   <rtept lat="33.59859300" lon="133.49373000">
   </rtept>
   <rtept lat="33.59873700" lon="133.49359900">
   </rtept>
   <rtept lat="33.59891500" lon="133.49343900">
   </rtept>
   <rtept lat="33.59902400" lon="133.49324800">
   </rtept>
   <rtept lat="33.59897900" lon="133.49302900">
   </rtept>
   <rtept lat="33.59893500" lon="133.49286200">
   </rtept>
   <rtept lat="33.59900400" lon="133.49269000">
   </rtept>
   <rtept lat="33.59913300" lon="133.49245800">
   </rtept>
   <rtept lat="33.59919700" lon="133.49240500">
   </rtept>
   <rtept lat="33.59923700" lon="133.49246400">
   </rtept>
   <rtept lat="33.59923700" lon="133.49255900">
   </rtept>
   <rtept lat="33.59917700" lon="133.49262700">
   </rtept>
   <rtept lat="33.59907800" lon="133.49278100">
   </rtept>
   <rtept lat="33.59908800" lon="133.49293000">
   </rtept>
   <rtept lat="33.59915300" lon="133.49306100">
   </rtept>
   <rtept lat="33.59927600" lon="133.49318500">
   </rtept>
   <rtept lat="33.59932100" lon="133.49329200">
   </rtept>
   <rtept lat="33.59928100" lon="133.49342300">
   </rtept>
   <rtept lat="33.59915300" lon="133.49357200">
   </rtept>
   <rtept lat="33.59902900" lon="133.49367300">
   </rtept>
   <rtept lat="33.59887100" lon="133.49387500">
   </rtept>
   <rtept lat="33.59877200" lon="133.49405300">
   </rtept>
   <rtept lat="33.59876700" lon="133.49422500">
   </rtept>
   <rtept lat="33.59881100" lon="133.49437400">
   </rtept>
   <rtept lat="33.59889500" lon="133.49443300">
   </rtept>
   <rtept lat="33.59903400" lon="133.49441500">
   </rtept>
   <rtept lat="33.59924200" lon="133.49437400">
   </rtept>
   <rtept lat="33.59949400" lon="133.49430800">
   </rtept>
   <rtept lat="33.59961300" lon="133.49436800">
   </rtept>
   <rtept lat="33.59979100" lon="133.49452800">
   </rtept>
   <rtept lat="33.59990500" lon="133.49473000">
   </rtept>
   <rtept lat="33.59986000" lon="133.49521200">
   </rtept>
   <rtept lat="33.59982100" lon="133.49547300">
   </rtept>
   <rtept lat="33.59972200" lon="133.49558000">
   </rtept>
   <rtept lat="33.59959300" lon="133.49561000">
   </rtept>
   <rtept lat="33.59944000" lon="133.49564500">
   </rtept>
   <rtept lat="33.59926200" lon="133.49573500">
   </rtept>
   <rtept lat="33.59918200" lon="133.49586500">
   </rtept>
   <rtept lat="33.59923200" lon="133.49600800">
   </rtept>
   <rtept lat="33.59935100" lon="133.49607900">
   </rtept>
   <rtept lat="33.59940500" lon="133.49619200">
   </rtept>
   <rtept lat="33.59945500" lon="133.49640600">
   </rtept>
   <rtept lat="33.59993000" lon="133.49706000">
   </rtept>
   <rtept lat="33.59999900" lon="133.49720200">
   </rtept>
   <rtept lat="33.59999400" lon="133.49734500">
   </rtept>
   <rtept lat="33.59994000" lon="133.49751100">
   </rtept>
   <rtept lat="33.59983600" lon="133.49771300">
   </rtept>
   <rtept lat="33.59977100" lon="133.49783800">
   </rtept>
   <rtept lat="33.59977600" lon="133.49798100">
   </rtept>
   <rtept lat="33.59976600" lon="133.49818300">
   </rtept>
   <rtept lat="33.59971700" lon="133.49834900">
   </rtept>
   <rtept lat="33.59966700" lon="133.49834900">
   </rtept>
   <rtept lat="33.59957800" lon="133.49831900">
   </rtept>
   <rtept lat="33.59948900" lon="133.49823000">
   </rtept>
   <rtept lat="33.59935600" lon="133.49805200">
   </rtept>
   <rtept lat="33.59925700" lon="133.49796300">
   </rtept>
   <rtept lat="33.59914300" lon="133.49801000">
   </rtept>
   <rtept lat="33.59909800" lon="133.49817700">
   </rtept>
   <rtept lat="33.59913300" lon="133.49840800">
   </rtept>
   <rtept lat="33.59915800" lon="133.49867000">
   </rtept>
   <rtept lat="33.59922200" lon="133.49877100">
   </rtept>
   <rtept lat="33.59932100" lon="133.49884200">
   </rtept>
   <rtept lat="33.59943500" lon="133.49895500">
   </rtept>
   <rtept lat="33.59955400" lon="133.49912700">
   </rtept>
   <rtept lat="33.59960800" lon="133.49925200">
   </rtept>
   <rtept lat="33.59965200" lon="133.49941900">
   </rtept>
   <rtept lat="33.59970700" lon="133.49960300">
   </rtept>
   <rtept lat="33.59975500" lon="133.49969300">
   </rtept>
   <rtept lat="33.59985000" lon="133.49985500">
   </rtept>
   <rtept lat="33.59997600" lon="133.49996000">
   </rtept>
   <rtept lat="33.60008700" lon="133.50022600">
   </rtept>
   <rtept lat="33.60020600" lon="133.50049200">
   </rtept>
   <rtept lat="33.60025400" lon="133.50072000">
   </rtept>
   <rtept lat="33.60023000" lon="133.50089100">
   </rtept>
   <rtept lat="33.60026200" lon="133.50097700">
   </rtept>
   <rtept lat="33.60028500" lon="133.50112900">
   </rtept>
   <rtept lat="33.60025400" lon="133.50126200">
   </rtept>
   <rtept lat="33.60011100" lon="133.50150000">
   </rtept>
   <rtept lat="33.60000000" lon="133.50166100">
   </rtept>
   <rtept lat="33.60000000" lon="133.50182300">
   </rtept>
   <rtept lat="33.60009500" lon="133.50203200">
   </rtept>
   <rtept lat="33.60016600" lon="133.50224100">
   </rtept>
   <rtept lat="33.60018200" lon="133.50246000">
   </rtept>
   <rtept lat="33.60015900" lon="133.50265000">
   </rtept>
   <rtept lat="33.60009500" lon="133.50279300">
   </rtept>
   <rtept lat="33.59986600" lon="133.50299200">
   </rtept>
   <rtept lat="33.59979400" lon="133.50309700">
   </rtept>
   <rtept lat="33.59976300" lon="133.50343900">
   </rtept>
   <rtept lat="33.59983400" lon="133.50351500">
   </rtept>
   <rtept lat="33.60000000" lon="133.50366700">
   </rtept>
   <rtept lat="33.60016600" lon="133.50374300">
   </rtept>
   <rtept lat="33.60036400" lon="133.50378100">
   </rtept>
   <rtept lat="33.60070500" lon="133.50388600">
   </rtept>
   <rtept lat="33.60093500" lon="133.50404800">
   </rtept>
   <rtept lat="33.60114800" lon="133.50421900">
   </rtept>
   <rtept lat="33.60123600" lon="133.50439000">
   </rtept>
   <rtept lat="33.60123600" lon="133.50452300">
   </rtept>
   <rtept lat="33.60114800" lon="133.50466600">
   </rtept>
   <rtept lat="33.60103800" lon="133.50486500">
   </rtept>
   <rtept lat="33.60109300" lon="133.50513100">
   </rtept>
   <rtept lat="33.60114800" lon="133.50523600">
   </rtept>
   <rtept lat="33.60127500" lon="133.50533100">
   </rtept>
   <rtept lat="33.60144900" lon="133.50540700">
   </rtept>
   <rtept lat="33.60159200" lon="133.50552100">
   </rtept>
   <rtept lat="33.60167900" lon="133.50568300">
   </rtept>
   <rtept lat="33.60179800" lon="133.50594900">
   </rtept>
   <rtept lat="33.60186900" lon="133.50627200">
   </rtept>
   <rtept lat="33.60189300" lon="133.50650000">
   </rtept>
   <rtept lat="33.60182100" lon="133.50664300">
   </rtept>
   <rtept lat="33.60178200" lon="133.50681400">
   </rtept>
   <rtept lat="33.60179800" lon="133.50698500">
   </rtept>
   <rtept lat="33.60181400" lon="133.50713700">
   </rtept>
   <rtept lat="33.60186900" lon="133.50734700">
   </rtept>
   <rtept lat="33.60188000" lon="133.50757900">
   </rtept>
   <rtept lat="33.60187000" lon="133.50781700">
   </rtept>
   <rtept lat="33.60190000" lon="133.50807200">
   </rtept>
   <rtept lat="33.60194000" lon="133.50828600">
   </rtept>
   <rtept lat="33.60191000" lon="133.50845900">
   </rtept>
   <rtept lat="33.60185100" lon="133.50858900">
   </rtept>
   <rtept lat="33.60180600" lon="133.50873800">
   </rtept>
   <rtept lat="33.60187000" lon="133.50888700">
   </rtept>
   <rtept lat="33.60195000" lon="133.50902900">
   </rtept>
   <rtept lat="33.60206800" lon="133.50913000">
   </rtept>
   <rtept lat="33.60224200" lon="133.50924300">
   </rtept>
   <rtept lat="33.60231100" lon="133.50933800">
   </rtept>
   <rtept lat="33.60237000" lon="133.50949300">
   </rtept>
   <rtept lat="33.60245000" lon="133.50974800">
   </rtept>
   <rtept lat="33.60250400" lon="133.50997400">
   </rtept>
   <rtept lat="33.60247900" lon="133.51014000">
   </rtept>
   <rtept lat="33.60238000" lon="133.51024700">
   </rtept>
   <rtept lat="33.60229600" lon="133.51036600">
   </rtept>
   <rtept lat="33.60226600" lon="133.51048500">
   </rtept>
   <rtept lat="33.60227600" lon="133.51062200">
   </rtept>
   <rtept lat="33.60233600" lon="133.51076400">
   </rtept>
   <rtept lat="33.60240000" lon="133.51100200">
   </rtept>
   <rtept lat="33.60241500" lon="133.51121000">
   </rtept>
   <rtept lat="33.60244000" lon="133.51139400">
   </rtept>
   <rtept lat="33.60250400" lon="133.51157200">
   </rtept>
   <rtept lat="33.60263800" lon="133.51179500">
   </rtept>
   <rtept lat="33.60272700" lon="133.51205100">
   </rtept>
   <rtept lat="33.60271700" lon="133.51216400">
   </rtept>
   <rtept lat="33.60266700" lon="133.51224100">
   </rtept>
   <rtept lat="33.60258300" lon="133.51233000">
   </rtept>
   <rtept lat="33.60239500" lon="133.51241900">
   </rtept>
   <rtept lat="33.60222200" lon="133.51246100">
   </rtept>
   <rtept lat="33.60222300" lon="133.51255600">
   </rtept>
   <rtept lat="33.60223800" lon="133.51270400">
   </rtept>
   <rtept lat="33.60222800" lon="133.51290600">
   </rtept>
   <rtept lat="33.60218800" lon="133.51298400">
   </rtept>
   <rtept lat="33.60209900" lon="133.51306700">
   </rtept>
   <rtept lat="33.60182200" lon="133.51316200">
   </rtept>
   <rtept lat="33.60163400" lon="133.51323900">
   </rtept>
   <rtept lat="33.60118800" lon="133.51384500">
   </rtept>
   <rtept lat="33.60113400" lon="133.51398800">
   </rtept>
   <rtept lat="33.60115400" lon="133.51408900">
   </rtept>
   <rtept lat="33.60119300" lon="133.51413000">
   </rtept>
   <rtept lat="33.60120300" lon="133.51424900">
   </rtept>
   <rtept lat="33.60117900" lon="133.51430900">
   </rtept>
   <rtept lat="33.60111400" lon="133.51433800">
   </rtept>
   <rtept lat="33.60104500" lon="133.51439800">
   </rtept>
   <rtept lat="33.60104500" lon="133.51447500">
   </rtept>
   <rtept lat="33.60103000" lon="133.51464100">
   </rtept>
   <rtept lat="33.60100000" lon="133.51490300">
   </rtept>
   <rtept lat="33.60099100" lon="133.51508100">
   </rtept>
   <rtept lat="33.60094600" lon="133.51519400">
   </rtept>
   <rtept lat="33.60081200" lon="133.51530700">
   </rtept>
   <rtept lat="33.60067400" lon="133.51547300">
   </rtept>
   <rtept lat="33.60027800" lon="133.51588900">
   </rtept>
   <rtept lat="33.60000600" lon="133.51598400">
   </rtept>
   <rtept lat="33.59962500" lon="133.51610900">
   </rtept>
   <rtept lat="33.59936200" lon="133.51619800">
   </rtept>
   <rtept lat="33.59926300" lon="133.51622800">
   </rtept>
   <rtept lat="33.59917900" lon="133.51631700">
   </rtept>
   <rtept lat="33.59913500" lon="133.51646000">
   </rtept>
   <rtept lat="33.59909500" lon="133.51667400">
   </rtept>
   <rtept lat="33.59904500" lon="133.51676300">
   </rtept>
   <rtept lat="33.59897100" lon="133.51681600">
   </rtept>
   <rtept lat="33.59882800" lon="133.51694100">
   </rtept>
   <rtept lat="33.59872400" lon="133.51700600">
   </rtept>
   <rtept lat="33.59864000" lon="133.51717300">
   </rtept>
   <rtept lat="33.59870900" lon="133.51737500">
   </rtept>
   <rtept lat="33.59877800" lon="133.51754100">
   </rtept>
   <rtept lat="33.59880800" lon="133.51771900">
   </rtept>
   <rtept lat="33.59881300" lon="133.51790900">
   </rtept>
   <rtept lat="33.59886700" lon="133.51807600">
   </rtept>
   <rtept lat="33.59894400" lon="133.51818600">
   </rtept>
   <rtept lat="33.59907000" lon="133.51837200">
   </rtept>
   <rtept lat="33.59920900" lon="133.51837700">
   </rtept>
   <rtept lat="33.59929600" lon="133.51841000">
   </rtept>
   <rtept lat="33.59940300" lon="133.51844300">
   </rtept>
   <rtept lat="33.59953800" lon="133.51845700">
   </rtept>
   <rtept lat="33.59968000" lon="133.51849100">
   </rtept>
   <rtept lat="33.59970400" lon="133.51852900">
   </rtept>
   <rtept lat="33.59966000" lon="133.51856200">
   </rtept>
   <rtept lat="33.59957700" lon="133.51859500">
   </rtept>
   <rtept lat="33.59942700" lon="133.51868100">
   </rtept>
   <rtept lat="33.59934000" lon="133.51878100">
   </rtept>
   <rtept lat="33.59930800" lon="133.51889500">
   </rtept>
   <rtept lat="33.59934400" lon="133.51901800">
   </rtept>
   <rtept lat="33.59943100" lon="133.51914200">
   </rtept>
   <rtept lat="33.59953800" lon="133.51928900">
   </rtept>
   <rtept lat="33.59956100" lon="133.51937000">
   </rtept>
   <rtept lat="33.59955000" lon="133.51950300">
   </rtept>
   <rtept lat="33.59949800" lon="133.51968400">
   </rtept>
   <rtept lat="33.59950600" lon="133.51977900">
   </rtept>
   <rtept lat="33.59950600" lon="133.51986700">
   </rtept>
   <rtept lat="33.59950600" lon="133.51996700">
   </rtept>
   <rtept lat="33.59948600" lon="133.52003800">
   </rtept>
   <rtept lat="33.59941900" lon="133.52011500">
   </rtept>
   <rtept lat="33.59929600" lon="133.52016700">
   </rtept>
   <rtept lat="33.59921300" lon="133.52034300">
   </rtept>
   <rtept lat="33.59920100" lon="133.52055200">
   </rtept>
   <rtept lat="33.59924100" lon="133.52069000">
   </rtept>
   <rtept lat="33.59930400" lon="133.52085100">
   </rtept>
   <rtept lat="33.59936000" lon="133.52100300">
   </rtept>
   <rtept lat="33.59937100" lon="133.52116500">
   </rtept>
   <rtept lat="33.59934400" lon="133.52128900">
   </rtept>
   <rtept lat="33.59928000" lon="133.52136000">
   </rtept>
   <rtept lat="33.59919700" lon="133.52146000">
   </rtept>
   <rtept lat="33.59914200" lon="133.52161200">
   </rtept>
   <rtept lat="33.59909400" lon="133.52177800">
   </rtept>
   <rtept lat="33.59903500" lon="133.52194000">
   </rtept>
   <rtept lat="33.59901100" lon="133.52207800">
   </rtept>
   <rtept lat="33.59902300" lon="133.52225400">
   </rtept>
   <rtept lat="33.59905900" lon="133.52239200">
   </rtept>
   <rtept lat="33.59913400" lon="133.52245300">
   </rtept>
   <rtept lat="33.59924900" lon="133.52256700">
   </rtept>
   <rtept lat="33.59947000" lon="133.52267200">
   </rtept>
   <rtept lat="33.59960900" lon="133.52278600">
   </rtept>
   <rtept lat="33.59972000" lon="133.52298100">
   </rtept>
   <rtept lat="33.59987800" lon="133.52310900">
   </rtept>
   <rtept lat="33.60001300" lon="133.52316600">
   </rtept>
   <rtept lat="33.60027400" lon="133.52325200">
   </rtept>
   <rtept lat="33.60041300" lon="133.52328000">
   </rtept>
   <rtept lat="33.60061900" lon="133.52329000">
   </rtept>
   <rtept lat="33.60077700" lon="133.52327600">
   </rtept>
   <rtept lat="33.60103400" lon="133.52349000">
   </rtept>
   <rtept lat="33.60123200" lon="133.52367500">
   </rtept>
   <rtept lat="33.60130800" lon="133.52377000">
   </rtept>
   <rtept lat="33.60136800" lon="133.52386400">
   </rtept>
   <rtept lat="33.60142700" lon="133.52397800">
   </rtept>
   <rtept lat="33.60151100" lon="133.52417300">
   </rtept>
   <rtept lat="33.60157400" lon="133.52433000">
   </rtept>
   <rtept lat="33.60163700" lon="133.52445300">
   </rtept>
   <rtept lat="33.60175600" lon="133.52458100">
   </rtept>
   <rtept lat="33.60181900" lon="133.52463900">
   </rtept>
   <rtept lat="33.60191100" lon="133.52465300">
   </rtept>
   <rtept lat="33.60201700" lon="133.52465800">
   </rtept>
   <rtept lat="33.60223100" lon="133.52461000">
   </rtept>
   <rtept lat="33.60239000" lon="133.52463400">
   </rtept>
   <rtept lat="33.60268700" lon="133.52468100">
   </rtept>
   <rtept lat="33.60292900" lon="133.52473600">
   </rtept>
   <rtept lat="33.60307100" lon="133.52474100">
   </rtept>
   <rtept lat="33.60310700" lon="133.52480700">
   </rtept>
   <rtept lat="33.60318200" lon="133.52485500">
   </rtept>
   <rtept lat="33.60338800" lon="133.52482200">
   </rtept>
   <rtept lat="33.60353800" lon="133.52477400">
   </rtept>
   <rtept lat="33.60372500" lon="133.52473100">
   </rtept>
   <rtept lat="33.60381200" lon="133.52474100">
   </rtept>
   <rtept lat="33.60386700" lon="133.52477900">
   </rtept>
   <rtept lat="33.60392600" lon="133.52477400">
   </rtept>
   <rtept lat="33.60400600" lon="133.52477900">
   </rtept>
   <rtept lat="33.60407300" lon="133.52479300">
   </rtept>
   <rtept lat="33.60414400" lon="133.52488300">
   </rtept>
   <rtept lat="33.60420800" lon="133.52499300">
   </rtept>
   <rtept lat="33.60429500" lon="133.52523500">
   </rtept>
   <rtept lat="33.60427500" lon="133.52527800">
   </rtept>
   <rtept lat="33.60419200" lon="133.52538200">
   </rtept>
   <rtept lat="33.60408500" lon="133.52546800">
   </rtept>
   <rtept lat="33.60406100" lon="133.52560100">
   </rtept>
   <rtept lat="33.60409700" lon="133.52575800">
   </rtept>
   <rtept lat="33.60411300" lon="133.52582000">
   </rtept>
   <rtept lat="33.60419600" lon="133.52601500">
   </rtept>
   <rtept lat="33.60424300" lon="133.52621000">
   </rtept>
   <rtept lat="33.60425500" lon="133.52631900">
   </rtept>
   <rtept lat="33.60424300" lon="133.52642800">
   </rtept>
   <rtept lat="33.60419200" lon="133.52657100">
   </rtept>
   <rtept lat="33.60416800" lon="133.52671300">
   </rtept>
   <rtept lat="33.60421900" lon="133.52684700">
   </rtept>
   <rtept lat="33.60433000" lon="133.52704600">
   </rtept>
   <rtept lat="33.60446500" lon="133.52733100">
   </rtept>
   <rtept lat="33.60446500" lon="133.52744100">
   </rtept>
   <rtept lat="33.60449300" lon="133.52767800">
   </rtept>
   <rtept lat="33.60452400" lon="133.52779700">
   </rtept>
   <rtept lat="33.60460000" lon="133.52795900">
   </rtept>
   <rtept lat="33.60458800" lon="133.52804000">
   </rtept>
   <rtept lat="33.60449600" lon="133.52822700">
   </rtept>
   <rtept lat="33.60450400" lon="133.52828900">
   </rtept>
   <rtept lat="33.60450000" lon="133.52840800">
   </rtept>
   <rtept lat="33.60447200" lon="133.52850700">
   </rtept>
   <rtept lat="33.60443200" lon="133.52857400">
   </rtept>
   <rtept lat="33.60440500" lon="133.52862600">
   </rtept>
   <rtept lat="33.60443200" lon="133.52870700">
   </rtept>
   <rtept lat="33.60444400" lon="133.52879700">
   </rtept>
   <rtept lat="33.60444000" lon="133.52888300">
   </rtept>
   <rtept lat="33.60439300" lon="133.52895900">
   </rtept>
   <rtept lat="33.60434100" lon="133.52896900">
   </rtept>
   <rtept lat="33.60418700" lon="133.52898800">
   </rtept>
   <rtept lat="33.60406400" lon="133.52898800">
   </rtept>
   <rtept lat="33.60394500" lon="133.52902100">
   </rtept>
   <rtept lat="33.60383900" lon="133.52912500">
   </rtept>
   <rtept lat="33.60363300" lon="133.52938700">
   </rtept>
   <rtept lat="33.60353000" lon="133.52955800">
   </rtept>
   <rtept lat="33.60350200" lon="133.52969100">
   </rtept>
   <rtept lat="33.60345800" lon="133.52982400">
   </rtept>
   <rtept lat="33.60341500" lon="133.52994300">
   </rtept>
   <rtept lat="33.60335600" lon="133.53001000">
   </rtept>
   <rtept lat="33.60325300" lon="133.53005200">
   </rtept>
   <rtept lat="33.60310200" lon="133.53014300">
   </rtept>
   <rtept lat="33.60302700" lon="133.53020000">
   </rtept>
   <rtept lat="33.60295600" lon="133.53030400">
   </rtept>
   <rtept lat="33.60292800" lon="133.53035700">
   </rtept>
   <rtept lat="33.60285300" lon="133.53052800">
   </rtept>
   <rtept lat="33.60279700" lon="133.53056600">
   </rtept>
   <rtept lat="33.60269800" lon="133.53060400">
   </rtept>
   <rtept lat="33.60260300" lon="133.53062300">
   </rtept>
   <rtept lat="33.60251600" lon="133.53068900">
   </rtept>
   <rtept lat="33.60250800" lon="133.53076500">
   </rtept>
   <rtept lat="33.60254000" lon="133.53082700">
   </rtept>
   <rtept lat="33.60263100" lon="133.53097900">
   </rtept>
   <rtept lat="33.60261500" lon="133.53105500">
   </rtept>
   <rtept lat="33.60251200" lon="133.53110800">
   </rtept>
   <rtept lat="33.60239300" lon="133.53120300">
   </rtept>
   <rtept lat="33.60231800" lon="133.53133100">
   </rtept>
   <rtept lat="33.60219500" lon="133.53149700">
   </rtept>
   <rtept lat="33.60191700" lon="133.53183500">
   </rtept>
   <rtept lat="33.60176400" lon="133.53199000">
   </rtept>
   <rtept lat="33.60170400" lon="133.53205500">
   </rtept>
   <rtept lat="33.60168400" lon="133.53212000">
   </rtept>
   <rtept lat="33.60168000" lon="133.53226300">
   </rtept>
   <rtept lat="33.60170900" lon="133.53235200">
   </rtept>
   <rtept lat="33.60169900" lon="133.53241700">
   </rtept>
   <rtept lat="33.60166500" lon="133.53244100">
   </rtept>
   <rtept lat="33.60156100" lon="133.53249500">
   </rtept>
   <rtept lat="33.60148200" lon="133.53253600">
   </rtept>
   <rtept lat="33.60143200" lon="133.53266100">
   </rtept>
   <rtept lat="33.60138300" lon="133.53281000">
   </rtept>
   <rtept lat="33.60132800" lon="133.53285700">
   </rtept>
   <rtept lat="33.60124400" lon="133.53285100">
   </rtept>
   <rtept lat="33.60114000" lon="133.53286300">
   </rtept>
   <rtept lat="33.60107600" lon="133.53289900">
   </rtept>
   <rtept lat="33.60102600" lon="133.53306500">
   </rtept>
   <rtept lat="33.60093200" lon="133.53330300">
   </rtept>
   <rtept lat="33.60094700" lon="133.53339200">
   </rtept>
   <rtept lat="33.60101600" lon="133.53345100">
   </rtept>
   <rtept lat="33.60108600" lon="133.53344500">
   </rtept>
   <rtept lat="33.60118000" lon="133.53341000">
   </rtept>
   <rtept lat="33.60129800" lon="133.53333200">
   </rtept>
   <rtept lat="33.60138800" lon="133.53333200">
   </rtept>
   <rtept lat="33.60143200" lon="133.53343300">
   </rtept>
   <rtept lat="33.60145200" lon="133.53349900">
   </rtept>
   <rtept lat="33.60150600" lon="133.53360000">
   </rtept>
   <rtept lat="33.60153600" lon="133.53371300">
   </rtept>
   <rtept lat="33.60152100" lon="133.53373700">
   </rtept>
   <rtept lat="33.60145200" lon="133.53373700">
   </rtept>
   <rtept lat="33.60141700" lon="133.53359400">
   </rtept>
   <rtept lat="33.60136300" lon="133.53351100">
   </rtept>
   <rtept lat="33.60129800" lon="133.53349900">
   </rtept>
   <rtept lat="33.60122400" lon="133.53352300">
   </rtept>
   <rtept lat="33.60115000" lon="133.53357600">
   </rtept>
   <rtept lat="33.60110000" lon="133.53360000">
   </rtept>
   <rtept lat="33.60102100" lon="133.53360600">
   </rtept>
   <rtept lat="33.60093200" lon="133.53360000">
   </rtept>
   <rtept lat="33.60083300" lon="133.53352300">
   </rtept>
   <rtept lat="33.60072900" lon="133.53350500">
   </rtept>
   <rtept lat="33.60078400" lon="133.53361200">
   </rtept>
   <rtept lat="33.60089300" lon="133.53368300">
   </rtept>
   <rtept lat="33.60101600" lon="133.53372500">
   </rtept>
   <rtept lat="33.60111500" lon="133.53373700">
   </rtept>
   <rtept lat="33.60120400" lon="133.53371300">
   </rtept>
   <rtept lat="33.60130800" lon="133.53374800">
   </rtept>
   <rtept lat="33.60129300" lon="133.53385500">
   </rtept>
   <rtept lat="33.60126400" lon="133.53398600">
   </rtept>
   <rtept lat="33.60127400" lon="133.53413500">
   </rtept>
   <rtept lat="33.60128900" lon="133.53425900">
   </rtept>
   <rtept lat="33.60120900" lon="133.53428900">
   </rtept>
   <rtept lat="33.60116500" lon="133.53417600">
   </rtept>
   <rtept lat="33.60118700" lon="133.53391100">
   </rtept>
   <rtept lat="33.60095000" lon="133.53385400">
   </rtept>
   <rtept lat="33.60066500" lon="133.53383500">
   </rtept>
   <rtept lat="33.60052200" lon="133.53373100">
   </rtept>
   <rtept lat="33.60054600" lon="133.53340700">
   </rtept>
   <rtept lat="33.60047500" lon="133.53310300">
   </rtept>
   <rtept lat="33.60044300" lon="133.53345500">
   </rtept>
   <rtept lat="33.60035600" lon="133.53362600">
   </rtept>
   <rtept lat="33.60008700" lon="133.53366400">
   </rtept>
   <rtept lat="33.60003100" lon="133.53377800">
   </rtept>
   <rtept lat="33.59996800" lon="133.53404400">
   </rtept>
   <rtept lat="33.59981000" lon="133.53443400">
   </rtept>
   <rtept lat="33.59963500" lon="133.53453900">
   </rtept>
   <rtept lat="33.59933400" lon="133.53443400">
   </rtept>
   <rtept lat="33.59908900" lon="133.53451000">
   </rtept>
   <rtept lat="33.59872500" lon="133.53436800">
   </rtept>
   <rtept lat="33.59860600" lon="133.53445300">
   </rtept>
   <rtept lat="33.59853500" lon="133.53469100">
   </rtept>
   <rtept lat="33.59859000" lon="133.53483300">
   </rtept>
   <rtept lat="33.59884300" lon="133.53497600">
   </rtept>
   <rtept lat="33.59890700" lon="133.53510000">
   </rtept>
   <rtept lat="33.59879600" lon="133.53516600">
   </rtept>
   <rtept lat="33.59865300" lon="133.53500500">
   </rtept>
   <rtept lat="33.59852700" lon="133.53507100">
   </rtept>
   <rtept lat="33.59830500" lon="133.53516600">
   </rtept>
   <rtept lat="33.59817000" lon="133.53532800">
   </rtept>
   <rtept lat="33.59799600" lon="133.53538500">
   </rtept>
   <rtept lat="33.59793300" lon="133.53563200">
   </rtept>
   <rtept lat="33.59789300" lon="133.53580300">
   </rtept>
   <rtept lat="33.59775900" lon="133.53602200">
   </rtept>
   <rtept lat="33.59770300" lon="133.53619300">
   </rtept>
   <rtept lat="33.59780600" lon="133.53638300">
   </rtept>
   <rtept lat="33.59781400" lon="133.53651600">
   </rtept>
   <rtept lat="33.59767100" lon="133.53664000">
   </rtept>
   <rtept lat="33.59744200" lon="133.53670600">
   </rtept>
   <rtept lat="33.59728300" lon="133.53683000">
   </rtept>
   <rtept lat="33.59727500" lon="133.53703000">
   </rtept>
   <rtept lat="33.59744200" lon="133.53715300">
   </rtept>
   <rtept lat="33.59756800" lon="133.53730500">
   </rtept>
   <rtept lat="33.59756100" lon="133.53746700">
   </rtept>
   <rtept lat="33.59752900" lon="133.53759000">
   </rtept>
   <rtept lat="33.59726000" lon="133.53786600">
   </rtept>
   <rtept lat="33.59738600" lon="133.53808500">
   </rtept>
   <rtept lat="33.59745000" lon="133.53838000">
   </rtept>
   <rtept lat="33.59755300" lon="133.53855100">
   </rtept>
   <rtept lat="33.59766100" lon="133.53866400">
   </rtept>
   <rtept lat="33.59763600" lon="133.53881200">
   </rtept>
   <rtept lat="33.59759700" lon="133.53905600">
   </rtept>
   <rtept lat="33.59753200" lon="133.53924000">
   </rtept>
   <rtept lat="33.59748300" lon="133.53931700">
   </rtept>
   <rtept lat="33.59737900" lon="133.53940000">
   </rtept>
   <rtept lat="33.59731500" lon="133.53952500">
   </rtept>
   <rtept lat="33.59733400" lon="133.53959700">
   </rtept>
   <rtept lat="33.59753700" lon="133.53980500">
   </rtept>
   <rtept lat="33.59763100" lon="133.53994100">
   </rtept>
   <rtept lat="33.59763100" lon="133.54003600">
   </rtept>
   <rtept lat="33.59750300" lon="133.54029800">
   </rtept>
   <rtept lat="33.59750800" lon="133.54040500">
   </rtept>
   <rtept lat="33.59761600" lon="133.54051800">
   </rtept>
   <rtept lat="33.59771100" lon="133.54062500">
   </rtept>
   <rtept lat="33.59768100" lon="133.54080300">
   </rtept>
   <rtept lat="33.59759700" lon="133.54104000">
   </rtept>
   <rtept lat="33.59756200" lon="133.54112400">
   </rtept>
   <rtept lat="33.59745800" lon="133.54121900">
   </rtept>
   <rtept lat="33.59741900" lon="133.54132000">
   </rtept>
   <rtept lat="33.59744300" lon="133.54140900">
   </rtept>
   <rtept lat="33.59756700" lon="133.54157500">
   </rtept>
   <rtept lat="33.59768100" lon="133.54163500">
   </rtept>
   <rtept lat="33.59776000" lon="133.54168800">
   </rtept>
   <rtept lat="33.59781000" lon="133.54182500">
   </rtept>
   <rtept lat="33.59780000" lon="133.54197900">
   </rtept>
   <rtept lat="33.59777000" lon="133.54218700">
   </rtept>
   <rtept lat="33.59773500" lon="133.54224700">
   </rtept>
   <rtept lat="33.59762100" lon="133.54233000">
   </rtept>
   <rtept lat="33.59757200" lon="133.54246100">
   </rtept>
   <rtept lat="33.59749300" lon="133.54259000">
   </rtept>
   <rtept lat="33.59741400" lon="133.54276200">
   </rtept>
   <rtept lat="33.59741900" lon="133.54289900">
   </rtept>
   <rtept lat="33.59746300" lon="133.54302300">
   </rtept>
   <rtept lat="33.59746300" lon="133.54320800">
   </rtept>
   <rtept lat="33.59742800" lon="133.54338000">
   </rtept>
   <rtept lat="33.59722500" lon="133.54377800">
   </rtept>
   <rtept lat="33.59709200" lon="133.54384900">
   </rtept>
   <rtept lat="33.59700800" lon="133.54389700">
   </rtept>
   <rtept lat="33.59697800" lon="133.54396800">
   </rtept>
   <rtept lat="33.59695800" lon="133.54412900">
   </rtept>
   <rtept lat="33.59692900" lon="133.54423600">
   </rtept>
   <rtept lat="33.59687900" lon="133.54432500">
   </rtept>
   <rtept lat="33.59672100" lon="133.54435400">
   </rtept>
   <rtept lat="33.59657700" lon="133.54430700">
   </rtept>
   <rtept lat="33.59644800" lon="133.54421200">
   </rtept>
   <rtept lat="33.59636400" lon="133.54419400">
   </rtept>
   <rtept lat="33.59626500" lon="133.54418800">
   </rtept>
   <rtept lat="33.59616600" lon="133.54421200">
   </rtept>
   <rtept lat="33.59611700" lon="133.54433100">
   </rtept>
   <rtept lat="33.59610200" lon="133.54444300">
   </rtept>
   <rtept lat="33.59605700" lon="133.54453900">
   </rtept>
   <rtept lat="33.59603300" lon="133.54470500">
   </rtept>
   <rtept lat="33.59607700" lon="133.54487700">
   </rtept>
   <rtept lat="33.59617600" lon="133.54493700">
   </rtept>
   <rtept lat="33.59630500" lon="133.54491900">
   </rtept>
   <rtept lat="33.59646800" lon="133.54485300">
   </rtept>
   <rtept lat="33.59662200" lon="133.54483000">
   </rtept>
   <rtept lat="33.59676000" lon="133.54485900">
   </rtept>
   <rtept lat="33.59687400" lon="133.54500800">
   </rtept>
   <rtept lat="33.59700300" lon="133.54512100">
   </rtept>
   <rtept lat="33.59704700" lon="133.54526900">
   </rtept>
   <rtept lat="33.59709200" lon="133.54544800">
   </rtept>
   <rtept lat="33.59717100" lon="133.54562600">
   </rtept>
   <rtept lat="33.59727500" lon="133.54581600">
   </rtept>
   <rtept lat="33.59734400" lon="133.54588700">
   </rtept>
   <rtept lat="33.59741900" lon="133.54591100">
   </rtept>
   <rtept lat="33.59758100" lon="133.54594700">
   </rtept>
   <rtept lat="33.59780400" lon="133.54606600">
   </rtept>
   <rtept lat="33.59787300" lon="133.54620800">
   </rtept>
   <rtept lat="33.59784300" lon="133.54633900">
   </rtept>
   <rtept lat="33.59782300" lon="133.54647600">
   </rtept>
   <rtept lat="33.59784800" lon="133.54654700">
   </rtept>
   <rtept lat="33.59784300" lon="133.54672500">
   </rtept>
   <rtept lat="33.59782800" lon="133.54694500">
   </rtept>
   <rtept lat="33.59785800" lon="133.54708800">
   </rtept>
   <rtept lat="33.59794200" lon="133.54726000">
   </rtept>
   <rtept lat="33.59805100" lon="133.54742600">
   </rtept>
   <rtept lat="33.59808600" lon="133.54756900">
   </rtept>
   <rtept lat="33.59806600" lon="133.54767900">
   </rtept>
   <rtept lat="33.59800200" lon="133.54791700">
   </rtept>
   <rtept lat="33.59789800" lon="133.54806000">
   </rtept>
   <rtept lat="33.59773400" lon="133.54820800">
   </rtept>
   <rtept lat="33.59758600" lon="133.54833300">
   </rtept>
   <rtept lat="33.59750200" lon="133.54845800">
   </rtept>
   <rtept lat="33.59748200" lon="133.54857700">
   </rtept>
   <rtept lat="33.59752100" lon="133.54871900">
   </rtept>
   <rtept lat="33.59762500" lon="133.54889800">
   </rtept>
   <rtept lat="33.59784300" lon="133.54930200">
   </rtept>
   <rtept lat="33.59789800" lon="133.54944400">
   </rtept>
   <rtept lat="33.59790300" lon="133.54959900">
   </rtept>
   <rtept lat="33.59791700" lon="133.54968800">
   </rtept>
   <rtept lat="33.59806100" lon="133.54998500">
   </rtept>
   <rtept lat="33.59813500" lon="133.55005600">
   </rtept>
   <rtept lat="33.59827400" lon="133.55006800">
   </rtept>
   <rtept lat="33.59865500" lon="133.55011600">
   </rtept>
   <rtept lat="33.59885300" lon="133.55019900">
   </rtept>
   <rtept lat="33.59918400" lon="133.55051400">
   </rtept>
   <rtept lat="33.59944200" lon="133.55078700">
   </rtept>
   <rtept lat="33.59970900" lon="133.55126800">
   </rtept>
   <rtept lat="33.59992200" lon="133.55177400">
   </rtept>
   <rtept lat="33.59999600" lon="133.55204100">
   </rtept>
   <rtept lat="33.60002100" lon="133.55225900">
   </rtept>
   <rtept lat="33.60068000" lon="133.55309300">
   </rtept>
   <rtept lat="33.60093600" lon="133.55342800">
   </rtept>
   <rtept lat="33.60107200" lon="133.55369200">
   </rtept>
   <rtept lat="33.60118500" lon="133.55388400">
   </rtept>
   <rtept lat="33.60126800" lon="133.55393400">
   </rtept>
   <rtept lat="33.60139300" lon="133.55397000">
   </rtept>
   <rtept lat="33.60144100" lon="133.55406300">
   </rtept>
   <rtept lat="33.60150600" lon="133.55420500">
   </rtept>
   <rtept lat="33.60158900" lon="133.55424800">
   </rtept>
   <rtept lat="33.60177900" lon="133.55424100">
   </rtept>
   <rtept lat="33.60192200" lon="133.55425500">
   </rtept>
   <rtept lat="33.60204600" lon="133.55437600">
   </rtept>
   <rtept lat="33.60219500" lon="133.55445500">
   </rtept>
   <rtept lat="33.60230800" lon="133.55445100">
   </rtept>
   <rtept lat="33.60261100" lon="133.55448000">
   </rtept>
   <rtept lat="33.60298500" lon="133.55472200">
   </rtept>
   <rtept lat="33.60325800" lon="133.55491500">
   </rtept>
   <rtept lat="33.60319900" lon="133.55504300">
   </rtept>
   <rtept lat="33.60309200" lon="133.55516400">
   </rtept>
   <rtept lat="33.60286600" lon="133.55536400">
   </rtept>
   <rtept lat="33.60267600" lon="133.55544200">
   </rtept>
   <rtept lat="33.60246800" lon="133.55545700">
   </rtept>
   <rtept lat="33.60225400" lon="133.55539200">
   </rtept>
   <rtept lat="33.60209400" lon="133.55534300">
   </rtept>
   <rtept lat="33.60179100" lon="133.55533500">
   </rtept>
   <rtept lat="33.60143500" lon="133.55531400">
   </rtept>
   <rtept lat="33.60122100" lon="133.55541400">
   </rtept>
   <rtept lat="33.60100100" lon="133.55566300">
   </rtept>
   <rtept lat="33.60084100" lon="133.55599100">
   </rtept>
   <rtept lat="33.60105500" lon="133.55616200">
   </rtept>
   <rtept lat="33.60125100" lon="133.55632700">
   </rtept>
   <rtept lat="33.60131000" lon="133.55651200">
   </rtept>
   <rtept lat="33.60131600" lon="133.55676100">
   </rtept>
   <rtept lat="33.60141700" lon="133.55713900">
   </rtept>
   <rtept lat="33.60147000" lon="133.55726100">
   </rtept>
   <rtept lat="33.60157700" lon="133.55734600">
   </rtept>
   <rtept lat="33.60170800" lon="133.55733900">
   </rtept>
   <rtept lat="33.60198700" lon="133.55730300">
   </rtept>
   <rtept lat="33.60215900" lon="133.55728900">
   </rtept>
   <rtept lat="33.60235500" lon="133.55738200">
   </rtept>
   <rtept lat="33.60261100" lon="133.55757400">
   </rtept>
   <rtept lat="33.60283000" lon="133.55788100">
   </rtept>
   <rtept lat="33.60324600" lon="133.55858000">
   </rtept>
   <rtept lat="33.60331100" lon="133.55876500">
   </rtept>
   <rtept lat="33.60331100" lon="133.55892200">
   </rtept>
   <rtept lat="33.60321600" lon="133.55913600">
   </rtept>
   <rtept lat="33.60274700" lon="133.55977400">
   </rtept>
   <rtept lat="33.60267000" lon="133.56000900">
   </rtept>
   <rtept lat="33.60271200" lon="133.56023800">
   </rtept>
   <rtept lat="33.60283600" lon="133.56042300">
   </rtept>
   <rtept lat="33.60300300" lon="133.56055800">
   </rtept>
   <rtept lat="33.60321000" lon="133.56058700">
   </rtept>
   <rtept lat="33.60341200" lon="133.56065100">
   </rtept>
   <rtept lat="33.60360800" lon="133.56087300">
   </rtept>
   <rtept lat="33.60457900" lon="133.56265300">
   </rtept>
   <rtept lat="33.60463600" lon="133.56357600">
   </rtept>
   <rtept lat="33.60477800" lon="133.56392800">
   </rtept>
   <rtept lat="33.60475900" lon="133.56447100">
   </rtept>
   <rtept lat="33.60458800" lon="133.56483300">
   </rtept>
   <rtept lat="33.60436000" lon="133.56687900">
   </rtept>
   <rtept lat="33.60419800" lon="133.56741200">
   </rtept>
   <rtept lat="33.60425500" lon="133.56752600">
   </rtept>
   <rtept lat="33.60450200" lon="133.56755500">
   </rtept>
   <rtept lat="33.60449300" lon="133.56802100">
   </rtept>
   <rtept lat="33.60425500" lon="133.56826900">
   </rtept>
   <rtept lat="33.60415000" lon="133.56849700">
   </rtept>
   <rtept lat="33.60415000" lon="133.56878300">
   </rtept>
   <rtept lat="33.60396900" lon="133.56907800">
   </rtept>
   <rtept lat="33.60390300" lon="133.56938200">
   </rtept>
   <rtept lat="33.60393100" lon="133.57074300">
   </rtept>
   <rtept lat="33.60429300" lon="133.57108600">
   </rtept>
   <rtept lat="33.60440700" lon="133.57129500">
   </rtept>
   <rtept lat="33.60424500" lon="133.57139000">
   </rtept>
   <rtept lat="33.60402700" lon="133.57164700">
   </rtept>
   <rtept lat="33.60400800" lon="133.57204700">
   </rtept>
   <rtept lat="33.60427400" lon="133.57239900">
   </rtept>
   <rtept lat="33.60403600" lon="133.57358900">
   </rtept>
   <rtept lat="33.60374100" lon="133.57424600">
   </rtept>
   <rtept lat="33.60352200" lon="133.57436000">
   </rtept>
   <rtept lat="33.60296100" lon="133.57453100">
   </rtept>
   <rtept lat="33.60269400" lon="133.57399800">
   </rtept>
   <rtept lat="33.60258000" lon="133.57349400">
   </rtept>
   <rtept lat="33.60231300" lon="133.57352200">
   </rtept>
   <rtept lat="33.60219900" lon="133.57393200">
   </rtept>
   <rtept lat="33.60234200" lon="133.57443600">
   </rtept>
   <rtept lat="33.60232300" lon="133.57498800">
   </rtept>
   <rtept lat="33.60219900" lon="133.57519800">
   </rtept>
   <rtept lat="33.60203700" lon="133.57532100">
   </rtept>
   <rtept lat="33.60173300" lon="133.57530200">
   </rtept>
   <rtept lat="33.60150400" lon="133.57494100">
   </rtept>
   <rtept lat="33.60116200" lon="133.57470300">
   </rtept>
   <rtept lat="33.60080000" lon="133.57473100">
   </rtept>
   <rtept lat="33.60061900" lon="133.57483600">
   </rtept>
   <rtept lat="33.60053400" lon="133.57538800">
   </rtept>
   <rtept lat="33.60060000" lon="133.57586400">
   </rtept>
   <rtept lat="33.60082900" lon="133.57609200">
   </rtept>
   <rtept lat="33.60071400" lon="133.57618700">
   </rtept>
   <rtept lat="33.60029600" lon="133.57616800">
   </rtept>
   <rtept lat="33.59983900" lon="133.57589200">
   </rtept>
   <rtept lat="33.59929600" lon="133.57609200">
   </rtept>
   <rtept lat="33.59874400" lon="133.57594000">
   </rtept>
   <rtept lat="33.59852500" lon="133.57603500">
   </rtept>
   <rtept lat="33.59831600" lon="133.57596900">
   </rtept>
   <rtept lat="33.59782100" lon="133.57612100">
   </rtept>
   <rtept lat="33.59755400" lon="133.57606400">
   </rtept>
   <rtept lat="33.59719400" lon="133.57611400">
   </rtept>
   <rtept lat="33.59709100" lon="133.57632800">
   </rtept>
   <rtept lat="33.59687700" lon="133.57655600">
   </rtept>
   <rtept lat="33.59662400" lon="133.57674600">
   </rtept>
   <rtept lat="33.59632300" lon="133.57678400">
   </rtept>
   <rtept lat="33.59605400" lon="133.57665100">
   </rtept>
   <rtept lat="33.59577700" lon="133.57648000">
   </rtept>
   <rtept lat="33.59546000" lon="133.57634700">
   </rtept>
   <rtept lat="33.59509500" lon="133.57627100">
   </rtept>
   <rtept lat="33.59486600" lon="133.57630900">
   </rtept>
   <rtept lat="33.59470000" lon="133.57638500">
   </rtept>
   <rtept lat="33.59442200" lon="133.57645200">
   </rtept>
   <rtept lat="33.59414500" lon="133.57642300">
   </rtept>
   <rtept lat="33.59391600" lon="133.57651800">
   </rtept>
   <rtept lat="33.59360800" lon="133.57637600">
   </rtept>
   <rtept lat="33.59333100" lon="133.57651800">
   </rtept>
   <rtept lat="33.59310100" lon="133.57649000">
   </rtept>
   <rtept lat="33.59256300" lon="133.57649000">
   </rtept>
   <rtept lat="33.59238100" lon="133.57655600">
   </rtept>
   <rtept lat="33.59223000" lon="133.57666100">
   </rtept>
   <rtept lat="33.59210400" lon="133.57660400">
   </rtept>
   <rtept lat="33.59189800" lon="133.57660400">
   </rtept>
   <rtept lat="33.59180300" lon="133.57677500">
   </rtept>
   <rtept lat="33.59175500" lon="133.57695500">
   </rtept>
   <rtept lat="33.59162000" lon="133.57707900">
   </rtept>
   <rtept lat="33.58956900" lon="133.57709800">
   </rtept>
   <rtept lat="33.58941900" lon="133.57714600">
   </rtept>
 </rte>
 <rte>
  <name>SHIKOKU_KCH_12(北山スカイラインのみち)</name>
   <rtept lat="33.60207039" lon="133.53171163">
   </rtept>
   <rtept lat="33.60201400" lon="133.53191200">
   </rtept>
   <rtept lat="33.60203800" lon="133.53200800">
   </rtept>
   <rtept lat="33.60207000" lon="133.53207300">
   </rtept>
   <rtept lat="33.60213300" lon="133.53211900">
   </rtept>
   <rtept lat="33.60217700" lon="133.53211500">
   </rtept>
   <rtept lat="33.60220100" lon="133.53209000">
   </rtept>
   <rtept lat="33.60218900" lon="133.53204800">
   </rtept>
   <rtept lat="33.60215600" lon="133.53197600">
   </rtept>
   <rtept lat="33.60213800" lon="133.53190200">
   </rtept>
   <rtept lat="33.60212100" lon="133.53179800">
   </rtept>
   <rtept lat="33.60217400" lon="133.53170900">
   </rtept>
   <rtept lat="33.60229300" lon="133.53158800">
   </rtept>
   <rtept lat="33.60249200" lon="133.53140600">
   </rtept>
   <rtept lat="33.60265200" lon="133.53135200">
   </rtept>
   <rtept lat="33.60285400" lon="133.53131300">
   </rtept>
   <rtept lat="33.60291400" lon="133.53127800">
   </rtept>
   <rtept lat="33.60291600" lon="133.53124600">
   </rtept>
   <rtept lat="33.60292500" lon="133.53114600">
   </rtept>
   <rtept lat="33.60293100" lon="133.53110300">
   </rtept>
   <rtept lat="33.60295200" lon="133.53106700">
   </rtept>
   <rtept lat="33.60299400" lon="133.53104900">
   </rtept>
   <rtept lat="33.60324300" lon="133.53118900">
   </rtept>
   <rtept lat="33.60330000" lon="133.53117800">
   </rtept>
   <rtept lat="33.60336200" lon="133.53111000">
   </rtept>
   <rtept lat="33.60338000" lon="133.53109200">
   </rtept>
   <rtept lat="33.60337700" lon="133.53101000">
   </rtept>
   <rtept lat="33.60335600" lon="133.53091800">
   </rtept>
   <rtept lat="33.60335000" lon="133.53085000">
   </rtept>
   <rtept lat="33.60339500" lon="133.53080000">
   </rtept>
   <rtept lat="33.60343600" lon="133.53079300">
   </rtept>
   <rtept lat="33.60351300" lon="133.53080000">
   </rtept>
   <rtept lat="33.60364000" lon="133.53086800">
   </rtept>
   <rtept lat="33.60385700" lon="133.53083600">
   </rtept>
   <rtept lat="33.60391300" lon="133.53072900">
   </rtept>
   <rtept lat="33.60400500" lon="133.53054000">
   </rtept>
   <rtept lat="33.60408800" lon="133.53043600">
   </rtept>
   <rtept lat="33.60416500" lon="133.53043600">
   </rtept>
   <rtept lat="33.60423400" lon="133.53050000">
   </rtept>
   <rtept lat="33.60428100" lon="133.53069300">
   </rtept>
   <rtept lat="33.60429300" lon="133.53080000">
   </rtept>
   <rtept lat="33.60434100" lon="133.53098200">
   </rtept>
   <rtept lat="33.60443600" lon="133.53118100">
   </rtept>
   <rtept lat="33.60473300" lon="133.53130300">
   </rtept>
   <rtept lat="33.60507700" lon="133.53138500">
   </rtept>
   <rtept lat="33.60516000" lon="133.53140200">
   </rtept>
   <rtept lat="33.60519900" lon="133.53143400">
   </rtept>
   <rtept lat="33.60524900" lon="133.53152400">
   </rtept>
   <rtept lat="33.60530300" lon="133.53155600">
   </rtept>
   <rtept lat="33.60535900" lon="133.53155900">
   </rtept>
   <rtept lat="33.60547200" lon="133.53150600">
   </rtept>
   <rtept lat="33.60563800" lon="133.53142700">
   </rtept>
   <rtept lat="33.60569700" lon="133.53143100">
   </rtept>
   <rtept lat="33.60573300" lon="133.53148800">
   </rtept>
   <rtept lat="33.60579500" lon="133.53166600">
   </rtept>
   <rtept lat="33.60586900" lon="133.53183000">
   </rtept>
   <rtept lat="33.60593200" lon="133.53190500">
   </rtept>
   <rtept lat="33.60600600" lon="133.53192600">
   </rtept>
   <rtept lat="33.60609200" lon="133.53192600">
   </rtept>
   <rtept lat="33.60648700" lon="133.53172700">
   </rtept>
   <rtept lat="33.60657300" lon="133.53161300">
   </rtept>
   <rtept lat="33.60668900" lon="133.53143400">
   </rtept>
   <rtept lat="33.60683100" lon="133.53126700">
   </rtept>
   <rtept lat="33.60694100" lon="133.53116000">
   </rtept>
   <rtept lat="33.60702100" lon="133.53108500">
   </rtept>
   <rtept lat="33.60709000" lon="133.53101700">
   </rtept>
   <rtept lat="33.60715200" lon="133.53099200">
   </rtept>
   <rtept lat="33.60717900" lon="133.53104600">
   </rtept>
   <rtept lat="33.60717600" lon="133.53108900">
   </rtept>
   <rtept lat="33.60713100" lon="133.53113100">
   </rtept>
   <rtept lat="33.60704500" lon="133.53118100">
   </rtept>
   <rtept lat="33.60695300" lon="133.53131300">
   </rtept>
   <rtept lat="33.60657300" lon="133.53192300">
   </rtept>
   <rtept lat="33.60659400" lon="133.53199100">
   </rtept>
   <rtept lat="33.60664100" lon="133.53203700">
   </rtept>
   <rtept lat="33.60673600" lon="133.53200800">
   </rtept>
   <rtept lat="33.60685500" lon="133.53194100">
   </rtept>
   <rtept lat="33.60693800" lon="133.53178700">
   </rtept>
   <rtept lat="33.60696200" lon="133.53171600">
   </rtept>
   <rtept lat="33.60706900" lon="133.53165200">
   </rtept>
   <rtept lat="33.60725600" lon="133.53159500">
   </rtept>
   <rtept lat="33.60744500" lon="133.53155600">
   </rtept>
   <rtept lat="33.60755800" lon="133.53149200">
   </rtept>
   <rtept lat="33.60766200" lon="133.53140600">
   </rtept>
   <rtept lat="33.60779300" lon="133.53143400">
   </rtept>
   <rtept lat="33.60790000" lon="133.53144200">
   </rtept>
   <rtept lat="33.60797400" lon="133.53141700">
   </rtept>
   <rtept lat="33.60804800" lon="133.53130300">
   </rtept>
   <rtept lat="33.60811600" lon="133.53116400">
   </rtept>
   <rtept lat="33.60820000" lon="133.53108900">
   </rtept>
   <rtept lat="33.60831500" lon="133.53103500">
   </rtept>
   <rtept lat="33.60842800" lon="133.53104900">
   </rtept>
   <rtept lat="33.60854700" lon="133.53111400">
   </rtept>
   <rtept lat="33.60867200" lon="133.53122400">
   </rtept>
   <rtept lat="33.60883500" lon="133.53131000">
   </rtept>
   <rtept lat="33.60898900" lon="133.53140600">
   </rtept>
   <rtept lat="33.60910100" lon="133.53149500">
   </rtept>
   <rtept lat="33.60921100" lon="133.53163800">
   </rtept>
   <rtept lat="33.60939800" lon="133.53174800">
   </rtept>
   <rtept lat="33.60962400" lon="133.53198700">
   </rtept>
   <rtept lat="33.60976900" lon="133.53221200">
   </rtept>
   <rtept lat="33.60989400" lon="133.53242200">
   </rtept>
   <rtept lat="33.61005100" lon="133.53258600">
   </rtept>
   <rtept lat="33.61011100" lon="133.53264000">
   </rtept>
   <rtept lat="33.61022300" lon="133.53260000">
   </rtept>
   <rtept lat="33.61030600" lon="133.53254300">
   </rtept>
   <rtept lat="33.61037200" lon="133.53255400">
   </rtept>
   <rtept lat="33.61043400" lon="133.53268200">
   </rtept>
   <rtept lat="33.61052300" lon="133.53278900">
   </rtept>
   <rtept lat="33.61063300" lon="133.53287500">
   </rtept>
   <rtept lat="33.61071900" lon="133.53296400">
   </rtept>
   <rtept lat="33.61076400" lon="133.53307800">
   </rtept>
   <rtept lat="33.61078700" lon="133.53321000">
   </rtept>
   <rtept lat="33.61085900" lon="133.53337400">
   </rtept>
   <rtept lat="33.61095700" lon="133.53359100">
   </rtept>
   <rtept lat="33.61100100" lon="133.53371600">
   </rtept>
   <rtept lat="33.61104900" lon="133.53380900">
   </rtept>
   <rtept lat="33.61111500" lon="133.53386800">
   </rtept>
   <rtept lat="33.61117800" lon="133.53395400">
   </rtept>
   <rtept lat="33.61121600" lon="133.53411100">
   </rtept>
   <rtept lat="33.61120400" lon="133.53420000">
   </rtept>
   <rtept lat="33.61113000" lon="133.53422500">
   </rtept>
   <rtept lat="33.61105000" lon="133.53419300">
   </rtept>
   <rtept lat="33.61099900" lon="133.53411100">
   </rtept>
   <rtept lat="33.61093400" lon="133.53401100">
   </rtept>
   <rtept lat="33.61081800" lon="133.53391100">
   </rtept>
   <rtept lat="33.61076800" lon="133.53383200">
   </rtept>
   <rtept lat="33.61069700" lon="133.53368300">
   </rtept>
   <rtept lat="33.61062500" lon="133.53357900">
   </rtept>
   <rtept lat="33.61053900" lon="133.53350400">
   </rtept>
   <rtept lat="33.61046500" lon="133.53347900">
   </rtept>
   <rtept lat="33.61040300" lon="133.53349400">
   </rtept>
   <rtept lat="33.61037300" lon="133.53359700">
   </rtept>
   <rtept lat="33.61038800" lon="133.53370400">
   </rtept>
   <rtept lat="33.61044100" lon="133.53387900">
   </rtept>
   <rtept lat="33.61046800" lon="133.53403600">
   </rtept>
   <rtept lat="33.61051000" lon="133.53420700">
   </rtept>
   <rtept lat="33.61064600" lon="133.53442400">
   </rtept>
   <rtept lat="33.61084500" lon="133.53474900">
   </rtept>
   <rtept lat="33.61093100" lon="133.53479100">
   </rtept>
   <rtept lat="33.61104100" lon="133.53481600">
   </rtept>
   <rtept lat="33.61108600" lon="133.53485600">
   </rtept>
   <rtept lat="33.61105900" lon="133.53493800">
   </rtept>
   <rtept lat="33.61102900" lon="133.53509800">
   </rtept>
   <rtept lat="33.61101700" lon="133.53519800">
   </rtept>
   <rtept lat="33.61102300" lon="133.53535800">
   </rtept>
   <rtept lat="33.61105600" lon="133.53545800">
   </rtept>
   <rtept lat="33.61104700" lon="133.53557200">
   </rtept>
   <rtept lat="33.61101100" lon="133.53566900">
   </rtept>
   <rtept lat="33.61090200" lon="133.53578600">
   </rtept>
   <rtept lat="33.61082100" lon="133.53584700">
   </rtept>
   <rtept lat="33.61078300" lon="133.53589300">
   </rtept>
   <rtept lat="33.61073500" lon="133.53599300">
   </rtept>
   <rtept lat="33.61074100" lon="133.53606100">
   </rtept>
   <rtept lat="33.61105000" lon="133.53659900">
   </rtept>
   <rtept lat="33.61115400" lon="133.53680900">
   </rtept>
   <rtept lat="33.61115100" lon="133.53700200">
   </rtept>
   <rtept lat="33.61110000" lon="133.53712700">
   </rtept>
   <rtept lat="33.61107400" lon="133.53718400">
   </rtept>
   <rtept lat="33.61107400" lon="133.53722700">
   </rtept>
   <rtept lat="33.61106800" lon="133.53733700">
   </rtept>
   <rtept lat="33.61111500" lon="133.53742600">
   </rtept>
   <rtept lat="33.61113300" lon="133.53745100">
   </rtept>
   <rtept lat="33.61110900" lon="133.53755400">
   </rtept>
   <rtept lat="33.61110900" lon="133.53757900">
   </rtept>
   <rtept lat="33.61118100" lon="133.53764300">
   </rtept>
   <rtept lat="33.61124300" lon="133.53772500">
   </rtept>
   <rtept lat="33.61126700" lon="133.53781400">
   </rtept>
   <rtept lat="33.61127300" lon="133.53788900">
   </rtept>
   <rtept lat="33.61127900" lon="133.53792800">
   </rtept>
   <rtept lat="33.61131400" lon="133.53794200">
   </rtept>
   <rtept lat="33.61136800" lon="133.53794600">
   </rtept>
   <rtept lat="33.61142400" lon="133.53792800">
   </rtept>
   <rtept lat="33.61146000" lon="133.53787800">
   </rtept>
   <rtept lat="33.61146300" lon="133.53781800">
   </rtept>
   <rtept lat="33.61148900" lon="133.53778200">
   </rtept>
   <rtept lat="33.61162000" lon="133.53771100">
   </rtept>
   <rtept lat="33.61173900" lon="133.53762900">
   </rtept>
   <rtept lat="33.61180400" lon="133.53758600">
   </rtept>
   <rtept lat="33.61186100" lon="133.53750700">
   </rtept>
 </rte>
 <rte>
  <name>SHIKOKU_KCH_13(清滝さんから竜へのみち)</name>
   <rtept lat="33.51017600" lon="133.42711900">
   </rtept>
   <rtept lat="33.51014700" lon="133.42691700">
   </rtept>
   <rtept lat="33.51010700" lon="133.42660800">
   </rtept>
   <rtept lat="33.51000800" lon="133.42648900">
   </rtept>
   <rtept lat="33.50981000" lon="133.42629900">
   </rtept>
   <rtept lat="33.50982000" lon="133.42595400">
   </rtept>
   <rtept lat="33.50973000" lon="133.42544300">
   </rtept>
   <rtept lat="33.50963100" lon="133.42526500">
   </rtept>
   <rtept lat="33.50966100" lon="133.42496800">
   </rtept>
   <rtept lat="33.50953200" lon="133.42450400">
   </rtept>
   <rtept lat="33.50970100" lon="133.42430200">
   </rtept>
   <rtept lat="33.50956200" lon="133.42386200">
   </rtept>
   <rtept lat="33.50955200" lon="133.42351800">
   </rtept>
   <rtept lat="33.50941300" lon="133.42290000">
   </rtept>
   <rtept lat="33.50927500" lon="133.42241300">
   </rtept>
   <rtept lat="33.50920500" lon="133.42228200">
   </rtept>
   <rtept lat="33.50919500" lon="133.42212700">
   </rtept>
   <rtept lat="33.50925500" lon="133.42197300">
   </rtept>
   <rtept lat="33.50943300" lon="133.42171100">
   </rtept>
   <rtept lat="33.50966100" lon="133.42155700">
   </rtept>
   <rtept lat="33.50978000" lon="133.42156900">
   </rtept>
   <rtept lat="33.50976000" lon="133.42139100">
   </rtept>
   <rtept lat="33.50976000" lon="133.42055900">
   </rtept>
   <rtept lat="33.50966100" lon="133.42000000">
   </rtept>
   <rtept lat="33.50951200" lon="133.41978600">
   </rtept>
   <rtept lat="33.50943300" lon="133.41960800">
   </rtept>
   <rtept lat="33.50936400" lon="133.41921600">
   </rtept>
   <rtept lat="33.50921500" lon="133.41911400">
   </rtept>
   <rtept lat="33.50900100" lon="133.41894200">
   </rtept>
   <rtept lat="33.50878700" lon="133.41875700">
   </rtept>
   <rtept lat="33.50831600" lon="133.41840000">
   </rtept>
   <rtept lat="33.50801600" lon="133.41804300">
   </rtept>
   <rtept lat="33.50965800" lon="133.41762900">
   </rtept>
   <rtept lat="33.50990900" lon="133.41738600">
   </rtept>
   <rtept lat="33.51005700" lon="133.41700500">
   </rtept>
   <rtept lat="33.51003800" lon="133.41619700">
   </rtept>
   <rtept lat="33.51013700" lon="133.41560300">
   </rtept>
   <rtept lat="33.51025600" lon="133.41503300">
   </rtept>
   <rtept lat="33.51015600" lon="133.41451000">
   </rtept>
   <rtept lat="33.51009700" lon="133.41393900">
   </rtept>
   <rtept lat="33.50989900" lon="133.41341600">
   </rtept>
   <rtept lat="33.50979400" lon="133.41307500">
   </rtept>
   <rtept lat="33.50976000" lon="133.41296500">
   </rtept>
   <rtept lat="33.50992900" lon="133.41258900">
   </rtept>
   <rtept lat="33.51041400" lon="133.41207500">
   </rtept>
   <rtept lat="33.51072800" lon="133.41206100">
   </rtept>
   <rtept lat="33.51072800" lon="133.41169000">
   </rtept>
   <rtept lat="33.51087100" lon="133.41151800">
   </rtept>
   <rtept lat="33.51112800" lon="133.41156100">
   </rtept>
   <rtept lat="33.51154200" lon="133.41170400">
   </rtept>
   <rtept lat="33.51168500" lon="133.41147600">
   </rtept>
   <rtept lat="33.51165600" lon="133.41124700">
   </rtept>
   <rtept lat="33.51192800" lon="133.41101900">
   </rtept>
   <rtept lat="33.51204200" lon="133.41101900">
   </rtept>
   <rtept lat="33.51211300" lon="133.41126100">
   </rtept>
   <rtept lat="33.51231300" lon="133.41134700">
   </rtept>
   <rtept lat="33.51261300" lon="133.41127600">
   </rtept>
   <rtept lat="33.51271300" lon="133.41107600">
   </rtept>
   <rtept lat="33.51291300" lon="133.41101900">
   </rtept>
   <rtept lat="33.51292700" lon="133.41087600">
   </rtept>
   <rtept lat="33.51269900" lon="133.41086200">
   </rtept>
   <rtept lat="33.51241300" lon="133.41093300">
   </rtept>
   <rtept lat="33.51238500" lon="133.41070500">
   </rtept>
   <rtept lat="33.51215200" lon="133.41042300">
   </rtept>
   <rtept lat="33.51211600" lon="133.41025200">
   </rtept>
   <rtept lat="33.51224500" lon="133.41017300">
   </rtept>
   <rtept lat="33.51242300" lon="133.41028700">
   </rtept>
   <rtept lat="33.51237300" lon="133.41003000">
   </rtept>
   <rtept lat="33.51219500" lon="133.40980900">
   </rtept>
   <rtept lat="33.51209500" lon="133.40955900">
   </rtept>
   <rtept lat="33.51218000" lon="133.40927400">
   </rtept>
   <rtept lat="33.51202800" lon="133.40906300">
   </rtept>
   <rtept lat="33.51181400" lon="133.40914800">
   </rtept>
   <rtept lat="33.51127100" lon="133.40946300">
   </rtept>
   <rtept lat="33.51118500" lon="133.40932000">
   </rtept>
   <rtept lat="33.51132800" lon="133.40922000">
   </rtept>
   <rtept lat="33.51157100" lon="133.40909100">
   </rtept>
   <rtept lat="33.51165600" lon="133.40877700">
   </rtept>
   <rtept lat="33.51146700" lon="133.40866000">
   </rtept>
   <rtept lat="33.51136700" lon="133.40859600">
   </rtept>
   <rtept lat="33.51113100" lon="133.40852400">
   </rtept>
   <rtept lat="33.51131000" lon="133.40874500">
   </rtept>
   <rtept lat="33.51134500" lon="133.40893100">
   </rtept>
   <rtept lat="33.51126700" lon="133.40906700">
   </rtept>
   <rtept lat="33.51102400" lon="133.40916700">
   </rtept>
   <rtept lat="33.51094600" lon="133.40944500">
   </rtept>
   <rtept lat="33.51086700" lon="133.40938100">
   </rtept>
   <rtept lat="33.51098100" lon="133.40908800">
   </rtept>
   <rtept lat="33.51102400" lon="133.40877400">
   </rtept>
   <rtept lat="33.51068900" lon="133.40872400">
   </rtept>
   <rtept lat="33.51065700" lon="133.40830600">
   </rtept>
   <rtept lat="33.51047100" lon="133.40786400">
   </rtept>
   <rtept lat="33.51031400" lon="133.40787800">
   </rtept>
   <rtept lat="33.51034300" lon="133.40809200">
   </rtept>
   <rtept lat="33.51050000" lon="133.40834900">
   </rtept>
   <rtept lat="33.51047100" lon="133.40877700">
   </rtept>
   <rtept lat="33.51031400" lon="133.40903400">
   </rtept>
   <rtept lat="33.51012900" lon="133.40914800">
   </rtept>
   <rtept lat="33.51008600" lon="133.40937700">
   </rtept>
   <rtept lat="33.51027200" lon="133.40952000">
   </rtept>
   <rtept lat="33.51027200" lon="133.40972000">
   </rtept>
   <rtept lat="33.50994300" lon="133.40979100">
   </rtept>
   <rtept lat="33.50958600" lon="133.40990500">
   </rtept>
   <rtept lat="33.50957200" lon="133.41006200">
   </rtept>
   <rtept lat="33.50968600" lon="133.41016200">
   </rtept>
   <rtept lat="33.51004300" lon="133.41016200">
   </rtept>
   <rtept lat="33.51030000" lon="133.41026200">
   </rtept>
   <rtept lat="33.51017200" lon="133.41041900">
   </rtept>
   <rtept lat="33.51000000" lon="133.41033300">
   </rtept>
   <rtept lat="33.50953700" lon="133.41039500">
   </rtept>
   <rtept lat="33.50935900" lon="133.41052600">
   </rtept>
   <rtept lat="33.50870500" lon="133.41057300">
   </rtept>
   <rtept lat="33.50822300" lon="133.41065400">
   </rtept>
   <rtept lat="33.50813300" lon="133.41067500">
   </rtept>
   <rtept lat="33.50805600" lon="133.41074700">
   </rtept>
   <rtept lat="33.50802000" lon="133.41081800">
   </rtept>
   <rtept lat="33.50798500" lon="133.41088900">
   </rtept>
   <rtept lat="33.50796700" lon="133.41106800">
   </rtept>
   <rtept lat="33.50793700" lon="133.41127400">
   </rtept>
   <rtept lat="33.50777700" lon="133.41150200">
   </rtept>
   <rtept lat="33.50765200" lon="133.41163100">
   </rtept>
   <rtept lat="33.50758600" lon="133.41185200">
   </rtept>
   <rtept lat="33.50750900" lon="133.41187300">
   </rtept>
   <rtept lat="33.50740800" lon="133.41201600">
   </rtept>
   <rtept lat="33.50732500" lon="133.41215800">
   </rtept>
   <rtept lat="33.50723600" lon="133.41232200">
   </rtept>
   <rtept lat="33.50718200" lon="133.41250100">
   </rtept>
   <rtept lat="33.50701000" lon="133.41260100">
   </rtept>
   <rtept lat="33.50709900" lon="133.41288400">
   </rtept>
   <rtept lat="33.50698000" lon="133.41313400">
   </rtept>
   <rtept lat="33.50689100" lon="133.41330000">
   </rtept>
   <rtept lat="33.50687100" lon="133.41351400">
   </rtept>
   <rtept lat="33.50693000" lon="133.41370400">
   </rtept>
   <rtept lat="33.50702900" lon="133.41381100">
   </rtept>
   <rtept lat="33.50720800" lon="133.41391700">
   </rtept>
   <rtept lat="33.50718400" lon="133.41404600">
   </rtept>
   <rtept lat="33.50708900" lon="133.41436600">
   </rtept>
   <rtept lat="33.50697300" lon="133.41458400">
   </rtept>
   <rtept lat="33.50699300" lon="133.41470300">
   </rtept>
   <rtept lat="33.50706200" lon="133.41489300">
   </rtept>
   <rtept lat="33.50708700" lon="133.41517700">
   </rtept>
   <rtept lat="33.50724600" lon="133.41631800">
   </rtept>
   <rtept lat="33.50739400" lon="133.41699600">
   </rtept>
   <rtept lat="33.50752300" lon="133.41728100">
   </rtept>
   <rtept lat="33.50777100" lon="133.41778000">
   </rtept>
   <rtept lat="33.50804800" lon="133.41852900">
   </rtept>
   <rtept lat="33.50766200" lon="133.41894500">
   </rtept>
   <rtept lat="33.50754300" lon="133.41915900">
   </rtept>
   <rtept lat="33.50737400" lon="133.41987200">
   </rtept>
   <rtept lat="33.50738400" lon="133.42000200">
   </rtept>
   <rtept lat="33.50729200" lon="133.42015700">
   </rtept>
   <rtept lat="33.50667700" lon="133.42046600">
   </rtept>
   <rtept lat="33.50618200" lon="133.42070300">
   </rtept>
   <rtept lat="33.50608300" lon="133.42110800">
   </rtept>
   <rtept lat="33.50437800" lon="133.42141700">
   </rtept>
   <rtept lat="33.50439000" lon="133.42256200">
   </rtept>
   <rtept lat="33.50391500" lon="133.42270500">
   </rtept>
   <rtept lat="33.50326100" lon="133.42294200">
   </rtept>
   <rtept lat="33.50275200" lon="133.42304200">
   </rtept>
   <rtept lat="33.50229700" lon="133.42290000">
   </rtept>
   <rtept lat="33.50162300" lon="133.42263800">
   </rtept>
   <rtept lat="33.50104800" lon="133.42278100">
   </rtept>
   <rtept lat="33.50067100" lon="133.42311400">
   </rtept>
   <rtept lat="33.50059200" lon="133.42458200">
   </rtept>
   <rtept lat="33.50031200" lon="133.42451300">
   </rtept>
   <rtept lat="33.50031200" lon="133.42358100">
   </rtept>
   <rtept lat="33.49976000" lon="133.42316200">
   </rtept>
   <rtept lat="33.49835200" lon="133.42318100">
   </rtept>
   <rtept lat="33.49837100" lon="133.42384700">
   </rtept>
   <rtept lat="33.49852300" lon="133.42411400">
   </rtept>
   <rtept lat="33.49840900" lon="133.42504600">
   </rtept>
   <rtept lat="33.49880600" lon="133.42872400">
   </rtept>
   <rtept lat="33.49729700" lon="133.42859300">
   </rtept>
   <rtept lat="33.49607900" lon="133.42853400">
   </rtept>
   <rtept lat="33.49559300" lon="133.42843900">
   </rtept>
   <rtept lat="33.49436400" lon="133.42909300">
   </rtept>
   <rtept lat="33.49345300" lon="133.42961500">
   </rtept>
   <rtept lat="33.49334400" lon="133.43012600">
   </rtept>
   <rtept lat="33.49327400" lon="133.43078000">
   </rtept>
   <rtept lat="33.49325700" lon="133.43161600">
   </rtept>
   <rtept lat="33.49328900" lon="133.43204400">
   </rtept>
   <rtept lat="33.49329700" lon="133.43257600">
   </rtept>
   <rtept lat="33.49323400" lon="133.43306100">
   </rtept>
   <rtept lat="33.49312300" lon="133.43353700">
   </rtept>
   <rtept lat="33.49299600" lon="133.43395500">
   </rtept>
   <rtept lat="33.49254400" lon="133.43495300">
   </rtept>
   <rtept lat="33.49191700" lon="133.43617000">
   </rtept>
   <rtept lat="33.49107700" lon="133.43762500">
   </rtept>
   <rtept lat="33.49045900" lon="133.43865200">
   </rtept>
   <rtept lat="33.49039500" lon="133.43882300">
   </rtept>
   <rtept lat="33.48969700" lon="133.43874400">
   </rtept>
   <rtept lat="33.48904600" lon="133.43864900">
   </rtept>
   <rtept lat="33.48838200" lon="133.43871600">
   </rtept>
   <rtept lat="33.48797800" lon="133.43876300">
   </rtept>
   <rtept lat="33.48770000" lon="133.43881100">
   </rtept>
   <rtept lat="33.48735900" lon="133.43881100">
   </rtept>
   <rtept lat="33.48616200" lon="133.43863000">
   </rtept>
   <rtept lat="33.48581300" lon="133.43865900">
   </rtept>
   <rtept lat="33.48548800" lon="133.43873500">
   </rtept>
   <rtept lat="33.48421000" lon="133.43889600">
   </rtept>
   <rtept lat="33.48224300" lon="133.43921000">
   </rtept>
   <rtept lat="33.48179900" lon="133.43934300">
   </rtept>
   <rtept lat="33.48157700" lon="133.43947600">
   </rtept>
   <rtept lat="33.48064100" lon="133.44022700">
   </rtept>
   <rtept lat="33.48007800" lon="133.44062700">
   </rtept>
   <rtept lat="33.47972900" lon="133.44080700">
   </rtept>
   <rtept lat="33.47952300" lon="133.44087400">
   </rtept>
   <rtept lat="33.47863800" lon="133.44091200">
   </rtept>
   <rtept lat="33.47798000" lon="133.44092100">
   </rtept>
   <rtept lat="33.47709200" lon="133.44051300">
   </rtept>
   <rtept lat="33.47677500" lon="133.44043600">
   </rtept>
   <rtept lat="33.47628300" lon="133.44042700">
   </rtept>
   <rtept lat="33.47583900" lon="133.44035100">
   </rtept>
   <rtept lat="33.47528400" lon="133.44015100">
   </rtept>
   <rtept lat="33.47484000" lon="133.43992300">
   </rtept>
   <rtept lat="33.47438000" lon="133.43964700">
   </rtept>
   <rtept lat="33.47406300" lon="133.43949500">
   </rtept>
   <rtept lat="33.47318900" lon="133.43924800">
   </rtept>
   <rtept lat="33.47103200" lon="133.43872500">
   </rtept>
   <rtept lat="33.47077000" lon="133.43862100">
   </rtept>
   <rtept lat="33.47008000" lon="133.43809800">
   </rtept>
   <rtept lat="33.46977100" lon="133.43783200">
   </rtept>
   <rtept lat="33.46956400" lon="133.43779400">
   </rtept>
   <rtept lat="33.46937400" lon="133.43783200">
   </rtept>
   <rtept lat="33.46923100" lon="133.43777400">
   </rtept>
   <rtept lat="33.46899900" lon="133.43767500">
   </rtept>
   <rtept lat="33.46888800" lon="133.43741800">
   </rtept>
   <rtept lat="33.46876200" lon="133.43705700">
   </rtept>
   <rtept lat="33.46859500" lon="133.43696200">
   </rtept>
   <rtept lat="33.46844400" lon="133.43689500">
   </rtept>
   <rtept lat="33.46851600" lon="133.43697100">
   </rtept>
   <rtept lat="33.46863500" lon="133.43718000">
   </rtept>
   <rtept lat="33.46857900" lon="133.43738000">
   </rtept>
   <rtept lat="33.46851600" lon="133.43755100">
   </rtept>
   <rtept lat="33.46845200" lon="133.43740800">
   </rtept>
   <rtept lat="33.46845200" lon="133.43754200">
   </rtept>
   <rtept lat="33.46834100" lon="133.43758000">
   </rtept>
   <rtept lat="33.46823800" lon="133.43751300">
   </rtept>
   <rtept lat="33.46834100" lon="133.43746600">
   </rtept>
   <rtept lat="33.46825400" lon="133.43736100">
   </rtept>
   <rtept lat="33.46809500" lon="133.43724700">
   </rtept>
   <rtept lat="33.46790500" lon="133.43715200">
   </rtept>
   <rtept lat="33.46772300" lon="133.43699000">
   </rtept>
   <rtept lat="33.46770700" lon="133.43712300">
   </rtept>
   <rtept lat="33.46769100" lon="133.43720900">
   </rtept>
   <rtept lat="33.46761200" lon="133.43711400">
   </rtept>
   <rtept lat="33.46752400" lon="133.43701900">
   </rtept>
   <rtept lat="33.46742100" lon="133.43683800">
   </rtept>
   <rtept lat="33.46728600" lon="133.43677100">
   </rtept>
   <rtept lat="33.46715900" lon="133.43672400">
   </rtept>
   <rtept lat="33.46695300" lon="133.43657200">
   </rtept>
   <rtept lat="33.46688200" lon="133.43648600">
   </rtept>
   <rtept lat="33.46673900" lon="133.43640100">
   </rtept>
   <rtept lat="33.46660400" lon="133.43623000">
   </rtept>
   <rtept lat="33.46656500" lon="133.43614400">
   </rtept>
   <rtept lat="33.46652500" lon="133.43619200">
   </rtept>
   <rtept lat="33.46649300" lon="133.43628700">
   </rtept>
   <rtept lat="33.46646200" lon="133.43623000">
   </rtept>
   <rtept lat="33.46642200" lon="133.43608700">
   </rtept>
   <rtept lat="33.46635800" lon="133.43590600">
   </rtept>
   <rtept lat="33.46621600" lon="133.43582100">
   </rtept>
   <rtept lat="33.46612100" lon="133.43565900">
   </rtept>
   <rtept lat="33.46604100" lon="133.43566900">
   </rtept>
   <rtept lat="33.46597000" lon="133.43570700">
   </rtept>
   <rtept lat="33.46592200" lon="133.43570700">
   </rtept>
   <rtept lat="33.46585900" lon="133.43561200">
   </rtept>
   <rtept lat="33.46578100" lon="133.43558300">
   </rtept>
   <rtept lat="33.46544800" lon="133.43544000">
   </rtept>
   <rtept lat="33.46535300" lon="133.43535500">
   </rtept>
   <rtept lat="33.46532900" lon="133.43522200">
   </rtept>
   <rtept lat="33.46527300" lon="133.43511700">
   </rtept>
   <rtept lat="33.46510700" lon="133.43505100">
   </rtept>
   <rtept lat="33.46493200" lon="133.43497500">
   </rtept>
   <rtept lat="33.46474200" lon="133.43486100">
   </rtept>
   <rtept lat="33.46448800" lon="133.43466100">
   </rtept>
   <rtept lat="33.46432200" lon="133.43450900">
   </rtept>
   <rtept lat="33.46401200" lon="133.43443300">
   </rtept>
   <rtept lat="33.46385400" lon="133.43435700">
   </rtept>
   <rtept lat="33.46374300" lon="133.43423300">
   </rtept>
   <rtept lat="33.46365600" lon="133.43422400">
   </rtept>
   <rtept lat="33.46354400" lon="133.43421400">
   </rtept>
   <rtept lat="33.46348100" lon="133.43413800">
   </rtept>
   <rtept lat="33.46339400" lon="133.43403300">
   </rtept>
   <rtept lat="33.46319600" lon="133.43403300">
   </rtept>
   <rtept lat="33.46302100" lon="133.43385300">
   </rtept>
   <rtept lat="33.46298900" lon="133.43366300">
   </rtept>
   <rtept lat="33.46289400" lon="133.43353000">
   </rtept>
   <rtept lat="33.46297300" lon="133.43339600">
   </rtept>
   <rtept lat="33.46314000" lon="133.43310200">
   </rtept>
   <rtept lat="33.46325100" lon="133.43287400">
   </rtept>
   <rtept lat="33.46306100" lon="133.43300700">
   </rtept>
   <rtept lat="33.46295000" lon="133.43298800">
   </rtept>
   <rtept lat="33.46287800" lon="133.43303500">
   </rtept>
   <rtept lat="33.46279900" lon="133.43313000">
   </rtept>
   <rtept lat="33.46275900" lon="133.43312100">
   </rtept>
   <rtept lat="33.46269600" lon="133.43305400">
   </rtept>
   <rtept lat="33.46252100" lon="133.43301600">
   </rtept>
   <rtept lat="33.46241800" lon="133.43304500">
   </rtept>
   <rtept lat="33.46225200" lon="133.43318700">
   </rtept>
   <rtept lat="33.46234700" lon="133.43299700">
   </rtept>
   <rtept lat="33.46232300" lon="133.43296900">
   </rtept>
   <rtept lat="33.46224400" lon="133.43302600">
   </rtept>
   <rtept lat="33.46210900" lon="133.43307300">
   </rtept>
   <rtept lat="33.46213300" lon="133.43293100">
   </rtept>
   <rtept lat="33.46207700" lon="133.43296900">
   </rtept>
   <rtept lat="33.46194200" lon="133.43319700">
   </rtept>
   <rtept lat="33.46185500" lon="133.43330100">
   </rtept>
   <rtept lat="33.46178400" lon="133.43333000">
   </rtept>
   <rtept lat="33.46177600" lon="133.43343400">
   </rtept>
   <rtept lat="33.46180000" lon="133.43362500">
   </rtept>
   <rtept lat="33.46178400" lon="133.43387200">
   </rtept>
   <rtept lat="33.46175200" lon="133.43403300">
   </rtept>
   <rtept lat="33.46160100" lon="133.43417600">
   </rtept>
   <rtept lat="33.46145100" lon="133.43428100">
   </rtept>
   <rtept lat="33.46138700" lon="133.43446100">
   </rtept>
   <rtept lat="33.46134000" lon="133.43458500">
   </rtept>
   <rtept lat="33.46128400" lon="133.43468900">
   </rtept>
   <rtept lat="33.46115700" lon="133.43478400">
   </rtept>
   <rtept lat="33.46103800" lon="133.43496500">
   </rtept>
   <rtept lat="33.46092700" lon="133.43507900">
   </rtept>
   <rtept lat="33.46088000" lon="133.43525000">
   </rtept>
   <rtept lat="33.46080800" lon="133.43534500">
   </rtept>
   <rtept lat="33.46066500" lon="133.43545000">
   </rtept>
   <rtept lat="33.46056200" lon="133.43551700">
   </rtept>
   <rtept lat="33.46036400" lon="133.43559300">
   </rtept>
   <rtept lat="33.46026100" lon="133.43583000">
   </rtept>
   <rtept lat="33.46019000" lon="133.43596700">
   </rtept>
   <rtept lat="33.46005600" lon="133.43596700">
   </rtept>
   <rtept lat="33.45996700" lon="133.43598900">
   </rtept>
   <rtept lat="33.45989500" lon="133.43592100">
   </rtept>
   <rtept lat="33.45980900" lon="133.43585300">
   </rtept>
   <rtept lat="33.45973500" lon="133.43581800">
   </rtept>
   <rtept lat="33.45966600" lon="133.43585700">
   </rtept>
   <rtept lat="33.45960700" lon="133.43587800">
   </rtept>
   <rtept lat="33.45942500" lon="133.43593200">
   </rtept>
   <rtept lat="33.45928800" lon="133.43601700">
   </rtept>
   <rtept lat="33.45922800" lon="133.43600700">
   </rtept>
   <rtept lat="33.45914800" lon="133.43601000">
   </rtept>
   <rtept lat="33.45910900" lon="133.43602800">
   </rtept>
   <rtept lat="33.45902600" lon="133.43622100">
   </rtept>
   <rtept lat="33.45891000" lon="133.43638100">
   </rtept>
   <rtept lat="33.45882700" lon="133.43643800">
   </rtept>
   <rtept lat="33.45877900" lon="133.43643400">
   </rtept>
   <rtept lat="33.45872300" lon="133.43642000">
   </rtept>
   <rtept lat="33.45865100" lon="133.43634900">
   </rtept>
   <rtept lat="33.45848200" lon="133.43621300">
   </rtept>
   <rtept lat="33.45842800" lon="133.43621700">
   </rtept>
   <rtept lat="33.45835100" lon="133.43624200">
   </rtept>
   <rtept lat="33.45830300" lon="133.43628800">
   </rtept>
   <rtept lat="33.45816400" lon="133.43655200">
   </rtept>
   <rtept lat="33.45814300" lon="133.43656600">
   </rtept>
   <rtept lat="33.45808600" lon="133.43656600">
   </rtept>
   <rtept lat="33.45800600" lon="133.43654500">
   </rtept>
   <rtept lat="33.45791700" lon="133.43651300">
   </rtept>
   <rtept lat="33.45783900" lon="133.43651600">
   </rtept>
   <rtept lat="33.45777700" lon="133.43655200">
   </rtept>
   <rtept lat="33.45773200" lon="133.43660200">
   </rtept>
   <rtept lat="33.45769400" lon="133.43667100">
   </rtept>
   <rtept lat="33.45764200" lon="133.43669000">
   </rtept>
   <rtept lat="33.45762200" lon="133.43675200">
   </rtept>
   <rtept lat="33.45763400" lon="133.43683700">
   </rtept>
   <rtept lat="33.45760700" lon="133.43693200">
   </rtept>
   <rtept lat="33.45750300" lon="133.43697000">
   </rtept>
   <rtept lat="33.45742000" lon="133.43705600">
   </rtept>
   <rtept lat="33.45733300" lon="133.43715600">
   </rtept>
   <rtept lat="33.45725400" lon="133.43727000">
   </rtept>
   <rtept lat="33.45708700" lon="133.43728400">
   </rtept>
   <rtept lat="33.45694400" lon="133.43729400">
   </rtept>
   <rtept lat="33.45682500" lon="133.43735100">
   </rtept>
   <rtept lat="33.45672600" lon="133.43743200">
   </rtept>
   <rtept lat="33.45659500" lon="133.43753600">
   </rtept>
   <rtept lat="33.45650800" lon="133.43767400">
   </rtept>
   <rtept lat="33.45642500" lon="133.43769300">
   </rtept>
   <rtept lat="33.45631400" lon="133.43763600">
   </rtept>
   <rtept lat="33.45621800" lon="133.43756900">
   </rtept>
   <rtept lat="33.45612700" lon="133.43760700">
   </rtept>
   <rtept lat="33.45601600" lon="133.43764500">
   </rtept>
   <rtept lat="33.45592500" lon="133.43766400">
   </rtept>
   <rtept lat="33.45587700" lon="133.43764100">
   </rtept>
   <rtept lat="33.45563500" lon="133.43774000">
   </rtept>
   <rtept lat="33.45554400" lon="133.43784000">
   </rtept>
   <rtept lat="33.45546900" lon="133.43799700">
   </rtept>
   <rtept lat="33.45538600" lon="133.43813000">
   </rtept>
   <rtept lat="33.45527500" lon="133.43836300">
   </rtept>
   <rtept lat="33.45525900" lon="133.43851100">
   </rtept>
   <rtept lat="33.45526400" lon="133.43896100">
   </rtept>
   <rtept lat="33.45524800" lon="133.43929300">
   </rtept>
   <rtept lat="33.45521600" lon="133.43938800">
   </rtept>
   <rtept lat="33.45512900" lon="133.43956000">
   </rtept>
   <rtept lat="33.45503400" lon="133.43970200">
   </rtept>
   <rtept lat="33.45491500" lon="133.43976900">
   </rtept>
   <rtept lat="33.45467700" lon="133.43977800">
   </rtept>
   <rtept lat="33.45424900" lon="133.43981600">
   </rtept>
   <rtept lat="33.45359800" lon="133.43979700">
   </rtept>
   <rtept lat="33.45308300" lon="133.43975900">
   </rtept>
   <rtept lat="33.45236100" lon="133.43970200">
   </rtept>
   <rtept lat="33.45186100" lon="133.43965500">
   </rtept>
   <rtept lat="33.45156800" lon="133.43968300">
   </rtept>
   <rtept lat="33.45141800" lon="133.43936000">
   </rtept>
   <rtept lat="33.45115700" lon="133.43869400">
   </rtept>
   <rtept lat="33.45093500" lon="133.43850400">
   </rtept>
   <rtept lat="33.45046700" lon="133.43830500">
   </rtept>
   <rtept lat="33.44999900" lon="133.43793400">
   </rtept>
   <rtept lat="33.44946700" lon="133.43752500">
   </rtept>
   <rtept lat="33.44895100" lon="133.43721100">
   </rtept>
   <rtept lat="33.44825300" lon="133.43685900">
   </rtept>
   <rtept lat="33.44742800" lon="133.43651700">
   </rtept>
   <rtept lat="33.44639400" lon="133.43602300">
   </rtept>
   <rtept lat="33.44533900" lon="133.43558600">
   </rtept>
   <rtept lat="33.44491100" lon="133.43535700">
   </rtept>
   <rtept lat="33.44430000" lon="133.43515800">
   </rtept>
   <rtept lat="33.44403800" lon="133.43512900">
   </rtept>
   <rtept lat="33.44322100" lon="133.43519600">
   </rtept>
   <rtept lat="33.44280800" lon="133.43520500">
   </rtept>
   <rtept lat="33.44279200" lon="133.43539500">
   </rtept>
   <rtept lat="33.44218900" lon="133.43745600">
   </rtept>
   <rtept lat="33.44210600" lon="133.43771300">
   </rtept>
   <rtept lat="33.44196300" lon="133.43791200">
   </rtept>
   <rtept lat="33.44138000" lon="133.43762700">
   </rtept>
   <rtept lat="33.44096400" lon="133.43751300">
   </rtept>
   <rtept lat="33.44003600" lon="133.43728500">
   </rtept>
   <rtept lat="33.43973800" lon="133.43735600">
   </rtept>
   <rtept lat="33.43957200" lon="133.43749900">
   </rtept>
   <rtept lat="33.43944100" lon="133.43778400">
   </rtept>
   <rtept lat="33.43942900" lon="133.43828300">
   </rtept>
   <rtept lat="33.43927400" lon="133.44224800">
   </rtept>
   <rtept lat="33.43919100" lon="133.44401600">
   </rtept>
   <rtept lat="33.43914300" lon="133.44464400">
   </rtept>
   <rtept lat="33.43898800" lon="133.44510000">
   </rtept>
   <rtept lat="33.43873800" lon="133.44537100">
   </rtept>
   <rtept lat="33.43835800" lon="133.44565600">
   </rtept>
   <rtept lat="33.43773900" lon="133.44607000">
   </rtept>
   <rtept lat="33.43748900" lon="133.44629800">
   </rtept>
   <rtept lat="33.43722800" lon="133.44706000">
   </rtept>
   <rtept lat="33.43706200" lon="133.44731600">
   </rtept>
   <rtept lat="33.43628800" lon="133.44783000">
   </rtept>
   <rtept lat="33.43575200" lon="133.44767300">
   </rtept>
   <rtept lat="33.43552600" lon="133.44767300">
   </rtept>
   <rtept lat="33.43419300" lon="133.44822900">
   </rtept>
   <rtept lat="33.43374100" lon="133.44850000">
   </rtept>
   <rtept lat="33.43363400" lon="133.44882800">
   </rtept>
   <rtept lat="33.43356300" lon="133.44952700">
   </rtept>
   <rtept lat="33.43357500" lon="133.44992600">
   </rtept>
   <rtept lat="33.43368200" lon="133.45024000">
   </rtept>
   <rtept lat="33.43388400" lon="133.45059600">
   </rtept>
   <rtept lat="33.43396700" lon="133.45086700">
   </rtept>
   <rtept lat="33.43390800" lon="133.45123800">
   </rtept>
   <rtept lat="33.43358600" lon="133.45193700">
   </rtept>
   <rtept lat="33.43344400" lon="133.45203700">
   </rtept>
   <rtept lat="33.43294800" lon="133.45206000">
   </rtept>
   <rtept lat="33.43271000" lon="133.45213600">
   </rtept>
   <rtept lat="33.43237700" lon="133.45242200">
   </rtept>
   <rtept lat="33.43210700" lon="133.45279200">
   </rtept>
   <rtept lat="33.43144800" lon="133.45374300">
   </rtept>
   <rtept lat="33.43125000" lon="133.45408500">
   </rtept>
   <rtept lat="33.43116300" lon="133.45400900">
   </rtept>
   <rtept lat="33.43092500" lon="133.45383800">
   </rtept>
   <rtept lat="33.43083700" lon="133.45367700">
   </rtept>
   <rtept lat="33.43068700" lon="133.45349600">
   </rtept>
   <rtept lat="33.43036900" lon="133.45320100">
   </rtept>
   <rtept lat="33.43021800" lon="133.45296300">
   </rtept>
   <rtept lat="33.42975000" lon="133.45263100">
   </rtept>
   <rtept lat="33.42961500" lon="133.45274500">
   </rtept>
   <rtept lat="33.42947300" lon="133.45277300">
   </rtept>
   <rtept lat="33.42941700" lon="133.45285900">
   </rtept>
   <rtept lat="33.42926600" lon="133.45276400">
   </rtept>
   <rtept lat="33.42917100" lon="133.45268800">
   </rtept>
   <rtept lat="33.42907600" lon="133.45261200">
   </rtept>
   <rtept lat="33.42890900" lon="133.45255500">
   </rtept>
   <rtept lat="33.42870300" lon="133.45250700">
   </rtept>
   <rtept lat="33.42854800" lon="133.45227400">
   </rtept>
   <rtept lat="33.42825100" lon="133.45206000">
   </rtept>
   <rtept lat="33.42799300" lon="133.45175100">
   </rtept>
   <rtept lat="33.42781400" lon="133.45175100">
   </rtept>
   <rtept lat="33.42761600" lon="133.45170400">
   </rtept>
   <rtept lat="33.42739800" lon="133.45160900">
   </rtept>
   <rtept lat="33.42716000" lon="133.45189400">
   </rtept>
   <rtept lat="33.42702100" lon="133.45206000">
   </rtept>
   <rtept lat="33.42680300" lon="133.45206000">
   </rtept>
   <rtept lat="33.42648500" lon="133.45213200">
   </rtept>
   <rtept lat="33.42608900" lon="133.45208400">
   </rtept>
   <rtept lat="33.42563200" lon="133.45194100">
   </rtept>
   <rtept lat="33.42521600" lon="133.45187000">
   </rtept>
   <rtept lat="33.42489800" lon="133.45196500">
   </rtept>
   <rtept lat="33.42450200" lon="133.45206000">
   </rtept>
   <rtept lat="33.42418400" lon="133.45241700">
   </rtept>
   <rtept lat="33.42388700" lon="133.45284500">
   </rtept>
   <rtept lat="33.42378100" lon="133.45308400">
   </rtept>
   <rtept lat="33.42368800" lon="133.45329600">
   </rtept>
   <rtept lat="33.42341100" lon="133.45439000">
   </rtept>
   <rtept lat="33.42337100" lon="133.45519800">
   </rtept>
 </rte>
 <rte>
  <name>SHIKOKU_KCH_14(断崖のみち)</name>
   <rtept lat="33.32739800" lon="133.23083600">
   </rtept>
   <rtept lat="33.32756700" lon="133.23087100">
   </rtept>
   <rtept lat="33.32791200" lon="133.23081400">
   </rtept>
   <rtept lat="33.32833000" lon="133.23078600">
   </rtept>
   <rtept lat="33.32862700" lon="133.23084300">
   </rtept>
   <rtept lat="33.32919900" lon="133.23018700">
   </rtept>
   <rtept lat="33.32984300" lon="133.22937400">
   </rtept>
   <rtept lat="33.33001900" lon="133.23065900">
   </rtept>
   <rtept lat="33.33033700" lon="133.23184700">
   </rtept>
   <rtept lat="33.33031700" lon="133.23237000">
   </rtept>
   <rtept lat="33.33039600" lon="133.23298800">
   </rtept>
   <rtept lat="33.33057500" lon="133.23345100">
   </rtept>
   <rtept lat="33.33085300" lon="133.23378400">
   </rtept>
   <rtept lat="33.33136000" lon="133.23422400">
   </rtept>
   <rtept lat="33.33167700" lon="133.23465200">
   </rtept>
   <rtept lat="33.33183600" lon="133.23507900">
   </rtept>
   <rtept lat="33.33187600" lon="133.23556700">
   </rtept>
   <rtept lat="33.33187600" lon="133.23628000">
   </rtept>
   <rtept lat="33.33188600" lon="133.23693300">
   </rtept>
   <rtept lat="33.33197500" lon="133.23738500">
   </rtept>
   <rtept lat="33.33220400" lon="133.23758700">
   </rtept>
   <rtept lat="33.33250100" lon="133.23777700">
   </rtept>
   <rtept lat="33.33282900" lon="133.23790800">
   </rtept>
   <rtept lat="33.33331600" lon="133.23855000">
   </rtept>
   <rtept lat="33.33358400" lon="133.23897700">
   </rtept>
   <rtept lat="33.33366300" lon="133.23925100">
   </rtept>
   <rtept lat="33.33355400" lon="133.23960700">
   </rtept>
   <rtept lat="33.33336500" lon="133.23998800">
   </rtept>
   <rtept lat="33.33323600" lon="133.24041500">
   </rtept>
   <rtept lat="33.33326600" lon="133.24068900">
   </rtept>
   <rtept lat="33.33349400" lon="133.24085500">
   </rtept>
   <rtept lat="33.33408000" lon="133.24118800">
   </rtept>
   <rtept lat="33.33463600" lon="133.24148500">
   </rtept>
   <rtept lat="33.33489400" lon="133.24180600">
   </rtept>
   <rtept lat="33.33502300" lon="133.24217100">
   </rtept>
   <rtept lat="33.33521200" lon="133.24344200">
   </rtept>
   <rtept lat="33.33509300" lon="133.24377500">
   </rtept>
   <rtept lat="33.33489400" lon="133.24394100">
   </rtept>
   <rtept lat="33.33459600" lon="133.24413100">
   </rtept>
   <rtept lat="33.33433800" lon="133.24413100">
   </rtept>
   <rtept lat="33.33390100" lon="133.24394100">
   </rtept>
   <rtept lat="33.33346500" lon="133.24385800">
   </rtept>
   <rtept lat="33.33306700" lon="133.24396500">
   </rtept>
   <rtept lat="33.33248200" lon="133.24435700">
   </rtept>
   <rtept lat="33.33235300" lon="133.24472600">
   </rtept>
   <rtept lat="33.33222300" lon="133.24516500">
   </rtept>
   <rtept lat="33.33188600" lon="133.24567600">
   </rtept>
   <rtept lat="33.33176700" lon="133.24598500">
   </rtept>
   <rtept lat="33.33172700" lon="133.24650800">
   </rtept>
   <rtept lat="33.33145900" lon="133.24742300">
   </rtept>
   <rtept lat="33.33114100" lon="133.24832700">
   </rtept>
   <rtept lat="33.33116100" lon="133.24851700">
   </rtept>
   <rtept lat="33.33132000" lon="133.24860000">
   </rtept>
   <rtept lat="33.33162800" lon="133.24871900">
   </rtept>
   <rtept lat="33.33182600" lon="133.24884900">
   </rtept>
   <rtept lat="33.33203500" lon="133.24901600">
   </rtept>
   <rtept lat="33.33240200" lon="133.24902800">
   </rtept>
   <rtept lat="33.33282900" lon="133.24906300">
   </rtept>
   <rtept lat="33.33316700" lon="133.24905100">
   </rtept>
   <rtept lat="33.33341500" lon="133.24923000">
   </rtept>
   <rtept lat="33.33364300" lon="133.24931300">
   </rtept>
   <rtept lat="33.33399100" lon="133.24942000">
   </rtept>
   <rtept lat="33.33415000" lon="133.24963400">
   </rtept>
   <rtept lat="33.33435800" lon="133.25008500">
   </rtept>
   <rtept lat="33.33463400" lon="133.25051300">
   </rtept>
   <rtept lat="33.33524000" lon="133.25170200">
   </rtept>
   <rtept lat="33.33612300" lon="133.25316300">
   </rtept>
   <rtept lat="33.33617300" lon="133.25386400">
   </rtept>
   <rtept lat="33.33621300" lon="133.25501200">
   </rtept>
   <rtept lat="33.33649100" lon="133.25598700">
   </rtept>
   <rtept lat="33.33666000" lon="133.25648600">
   </rtept>
   <rtept lat="33.33685800" lon="133.25667600">
   </rtept>
   <rtept lat="33.33715600" lon="133.25660500">
   </rtept>
   <rtept lat="33.33753300" lon="133.25646200">
   </rtept>
   <rtept lat="33.33789100" lon="133.25646200">
   </rtept>
   <rtept lat="33.33817900" lon="133.25655700">
   </rtept>
   <rtept lat="33.33854600" lon="133.25671200">
   </rtept>
   <rtept lat="33.33881800" lon="133.25704500">
   </rtept>
   <rtept lat="33.33898700" lon="133.25733000">
   </rtept>
   <rtept lat="33.33924500" lon="133.25747200">
   </rtept>
   <rtept lat="33.33958300" lon="133.25760300">
   </rtept>
   <rtept lat="33.34057500" lon="133.25794800">
   </rtept>
   <rtept lat="33.34103200" lon="133.25816200">
   </rtept>
   <rtept lat="33.34124100" lon="133.25837600">
   </rtept>
   <rtept lat="33.34161800" lon="133.25887500">
   </rtept>
   <rtept lat="33.34174700" lon="133.25911200">
   </rtept>
   <rtept lat="33.34173700" lon="133.25927900">
   </rtept>
   <rtept lat="33.34169700" lon="133.25956400">
   </rtept>
   <rtept lat="33.34088300" lon="133.26158400">
   </rtept>
   <rtept lat="33.34061500" lon="133.26232100">
   </rtept>
   <rtept lat="33.34061500" lon="133.26261800">
   </rtept>
   <rtept lat="33.34061500" lon="133.26304600">
   </rtept>
   <rtept lat="33.34068500" lon="133.26331900">
   </rtept>
   <rtept lat="33.34079400" lon="133.26336700">
   </rtept>
   <rtept lat="33.34100200" lon="133.26333100">
   </rtept>
   <rtept lat="33.34128000" lon="133.26322400">
   </rtept>
   <rtept lat="33.34158800" lon="133.26309400">
   </rtept>
   <rtept lat="33.34184600" lon="133.26307000">
   </rtept>
   <rtept lat="33.34203500" lon="133.26318900">
   </rtept>
   <rtept lat="33.34221300" lon="133.26337900">
   </rtept>
   <rtept lat="33.34238200" lon="133.26350900">
   </rtept>
   <rtept lat="33.34262100" lon="133.26353300">
   </rtept>
   <rtept lat="33.34285900" lon="133.26349800">
   </rtept>
   <rtept lat="33.34331500" lon="133.26312900">
   </rtept>
   <rtept lat="33.34363300" lon="133.26269000">
   </rtept>
   <rtept lat="33.34388100" lon="133.26221400">
   </rtept>
   <rtept lat="33.34414900" lon="133.26175100">
   </rtept>
   <rtept lat="33.34480500" lon="133.26114500">
   </rtept>
   <rtept lat="33.34519200" lon="133.26064500">
   </rtept>
   <rtept lat="33.34563100" lon="133.26034800">
   </rtept>
   <rtept lat="33.34617700" lon="133.25998000">
   </rtept>
   <rtept lat="33.34643500" lon="133.25992100">
   </rtept>
   <rtept lat="33.34658400" lon="133.25995600">
   </rtept>
   <rtept lat="33.34682200" lon="133.26005100">
   </rtept>
   <rtept lat="33.34708000" lon="133.26013400">
   </rtept>
   <rtept lat="33.34726900" lon="133.26007500">
   </rtept>
   <rtept lat="33.34763600" lon="133.25979000">
   </rtept>
   <rtept lat="33.34797300" lon="133.25977800">
   </rtept>
   <rtept lat="33.34827100" lon="133.25988500">
   </rtept>
   <rtept lat="33.34857900" lon="133.26024100">
   </rtept>
   <rtept lat="33.34883700" lon="133.26075200">
   </rtept>
   <rtept lat="33.34894300" lon="133.26113400">
   </rtept>
   <rtept lat="33.34902200" lon="133.26150300">
   </rtept>
   <rtept lat="33.34914100" lon="133.26171600">
   </rtept>
   <rtept lat="33.34941900" lon="133.26199000">
   </rtept>
   <rtept lat="33.34964700" lon="133.26209700">
   </rtept>
   <rtept lat="33.35002500" lon="133.26204900">
   </rtept>
   <rtept lat="33.35030300" lon="133.26229900">
   </rtept>
   <rtept lat="33.35039200" lon="133.26262000">
   </rtept>
   <rtept lat="33.35039200" lon="133.26290500">
   </rtept>
   <rtept lat="33.35033200" lon="133.26329700">
   </rtept>
   <rtept lat="33.35047100" lon="133.26341600">
   </rtept>
   <rtept lat="33.35074900" lon="133.26329700">
   </rtept>
   <rtept lat="33.35109700" lon="133.26303600">
   </rtept>
   <rtept lat="33.35157300" lon="133.26247700">
   </rtept>
   <rtept lat="33.35187100" lon="133.26218000">
   </rtept>
   <rtept lat="33.35226800" lon="133.26201400">
   </rtept>
   <rtept lat="33.35263500" lon="133.26172800">
   </rtept>
   <rtept lat="33.35305200" lon="133.26149100">
   </rtept>
   <rtept lat="33.35335000" lon="133.26145500">
   </rtept>
   <rtept lat="33.35363800" lon="133.26156200">
   </rtept>
   <rtept lat="33.35388600" lon="133.26171600">
   </rtept>
   <rtept lat="33.35413400" lon="133.26194200">
   </rtept>
   <rtept lat="33.35446200" lon="133.26227500">
   </rtept>
   <rtept lat="33.35462100" lon="133.26234600">
   </rtept>
   <rtept lat="33.35506500" lon="133.26232300">
   </rtept>
   <rtept lat="33.35543300" lon="133.26254800">
   </rtept>
   <rtept lat="33.35576000" lon="133.26288100">
   </rtept>
   <rtept lat="33.35598900" lon="133.26316600">
   </rtept>
   <rtept lat="33.35680300" lon="133.26360600">
   </rtept>
   <rtept lat="33.35721000" lon="133.26373700">
   </rtept>
   <rtept lat="33.35791400" lon="133.26380800">
   </rtept>
   <rtept lat="33.35857900" lon="133.26404600">
   </rtept>
   <rtept lat="33.35876800" lon="133.26418800">
   </rtept>
   <rtept lat="33.35901600" lon="133.26436700">
   </rtept>
   <rtept lat="33.35926400" lon="133.26436700">
   </rtept>
   <rtept lat="33.35956200" lon="133.26427200">
   </rtept>
   <rtept lat="33.35996800" lon="133.26410200">
   </rtept>
   <rtept lat="33.36046800" lon="133.26380200">
   </rtept>
   <rtept lat="33.36090900" lon="133.26357400">
   </rtept>
   <rtept lat="33.36099200" lon="133.26343200">
   </rtept>
   <rtept lat="33.36093300" lon="133.26324600">
   </rtept>
   <rtept lat="33.36074200" lon="133.26298900">
   </rtept>
   <rtept lat="33.36049200" lon="133.26260400">
   </rtept>
   <rtept lat="33.36023000" lon="133.26197700">
   </rtept>
   <rtept lat="33.36019400" lon="133.26126400">
   </rtept>
   <rtept lat="33.36088500" lon="133.26045100">
   </rtept>
   <rtept lat="33.36151700" lon="133.25985200">
   </rtept>
   <rtept lat="33.36210000" lon="133.25969500">
   </rtept>
   <rtept lat="33.36270800" lon="133.25953800">
   </rtept>
   <rtept lat="33.36324400" lon="133.25882500">
   </rtept>
   <rtept lat="33.36330300" lon="133.25842600">
   </rtept>
   <rtept lat="33.36339800" lon="133.25797000">
   </rtept>
   <rtept lat="33.36355300" lon="133.25778400">
   </rtept>
   <rtept lat="33.36386300" lon="133.25751300">
   </rtept>
   <rtept lat="33.36585200" lon="133.25818400">
   </rtept>
   <rtept lat="33.36654300" lon="133.25805500">
   </rtept>
   <rtept lat="33.36676500" lon="133.25838400">
   </rtept>
   <rtept lat="33.36707900" lon="133.25874100">
   </rtept>
 </rte>
 <rte>
  <name>SHIKOKU_KCH_15(七子峠のみち)</name>
   <rtept lat="33.27601900" lon="133.17248000">
   </rtept>
   <rtept lat="33.27758900" lon="133.17437800">
   </rtept>
   <rtept lat="33.27840800" lon="133.17482300">
   </rtept>
   <rtept lat="33.27970000" lon="133.17512000">
   </rtept>
   <rtept lat="33.28153800" lon="133.17520900">
   </rtept>
   <rtept lat="33.28205900" lon="133.17509100">
   </rtept>
   <rtept lat="33.28300300" lon="133.17518000">
   </rtept>
   <rtept lat="33.28507400" lon="133.17544700">
   </rtept>
   <rtept lat="33.28582000" lon="133.17559600">
   </rtept>
   <rtept lat="33.28651500" lon="133.17500200">
   </rtept>
   <rtept lat="33.28753300" lon="133.17419900">
   </rtept>
   <rtept lat="33.28790600" lon="133.17348600">
   </rtept>
   <rtept lat="33.28827800" lon="133.17229800">
   </rtept>
   <rtept lat="33.28862600" lon="133.17149600">
   </rtept>
   <rtept lat="33.28894900" lon="133.17128800">
   </rtept>
   <rtept lat="33.28957000" lon="133.17119900">
   </rtept>
   <rtept lat="33.29036400" lon="133.17113900">
   </rtept>
   <rtept lat="33.29098500" lon="133.17143600">
   </rtept>
   <rtept lat="33.29309600" lon="133.17226800">
   </rtept>
   <rtept lat="33.29371700" lon="133.17229800">
   </rtept>
   <rtept lat="33.29448700" lon="133.17217900">
   </rtept>
   <rtept lat="33.29654800" lon="133.17161500">
   </rtept>
   <rtept lat="33.29689600" lon="133.17167400">
   </rtept>
   <rtept lat="33.29731800" lon="133.17220900">
   </rtept>
   <rtept lat="33.29828600" lon="133.17393200">
   </rtept>
   <rtept lat="33.29873300" lon="133.17476400">
   </rtept>
   <rtept lat="33.30032200" lon="133.17660600">
   </rtept>
   <rtept lat="33.30148000" lon="133.17698600">
   </rtept>
   <rtept lat="33.30243300" lon="133.17791300">
   </rtept>
   <rtept lat="33.30398300" lon="133.17812700">
   </rtept>
   <rtept lat="33.30606800" lon="133.17891100">
   </rtept>
   <rtept lat="33.30804700" lon="133.17971500">
   </rtept>
   <rtept lat="33.30826800" lon="133.18012900">
   </rtept>
   <rtept lat="33.30846400" lon="133.18061400">
   </rtept>
   <rtept lat="33.30864300" lon="133.18102700">
   </rtept>
   <rtept lat="33.30886900" lon="133.18157600">
   </rtept>
   <rtept lat="33.30907800" lon="133.18214700">
   </rtept>
   <rtept lat="33.30934600" lon="133.18276000">
   </rtept>
   <rtept lat="33.30948300" lon="133.18348000">
   </rtept>
   <rtept lat="33.30965000" lon="133.18412900">
   </rtept>
   <rtept lat="33.30977800" lon="133.18433400">
   </rtept>
   <rtept lat="33.30979600" lon="133.18454800">
   </rtept>
   <rtept lat="33.30982000" lon="133.18484100">
   </rtept>
   <rtept lat="33.30986200" lon="133.18506200">
   </rtept>
   <rtept lat="33.30997500" lon="133.18520400">
   </rtept>
   <rtept lat="33.31017100" lon="133.18539700">
   </rtept>
   <rtept lat="33.31022500" lon="133.18553200">
   </rtept>
   <rtept lat="33.31023100" lon="133.18576700">
   </rtept>
   <rtept lat="33.31021300" lon="133.18604600">
   </rtept>
   <rtept lat="33.31010000" lon="133.18641600">
   </rtept>
   <rtept lat="33.31011200" lon="133.18656600">
   </rtept>
   <rtept lat="33.31019500" lon="133.18671600">
   </rtept>
   <rtept lat="33.31029700" lon="133.18680100">
   </rtept>
   <rtept lat="33.31061200" lon="133.18711500">
   </rtept>
   <rtept lat="33.31088100" lon="133.18745000">
   </rtept>
   <rtept lat="33.31099400" lon="133.18764300">
   </rtept>
   <rtept lat="33.31107700" lon="133.18791400">
   </rtept>
   <rtept lat="33.31114900" lon="133.18807100">
   </rtept>
   <rtept lat="33.31126800" lon="133.18819200">
   </rtept>
   <rtept lat="33.31143500" lon="133.18835600">
   </rtept>
   <rtept lat="33.31156600" lon="133.18855500">
   </rtept>
   <rtept lat="33.31165500" lon="133.18874100">
   </rtept>
   <rtept lat="33.31168500" lon="133.18902600">
   </rtept>
   <rtept lat="33.31172700" lon="133.18926800">
   </rtept>
   <rtept lat="33.31177200" lon="133.18951900">
   </rtept>
   <rtept lat="33.31181400" lon="133.19011100">
   </rtept>
   <rtept lat="33.31189100" lon="133.19062400">
   </rtept>
   <rtept lat="33.31195100" lon="133.19113800">
   </rtept>
   <rtept lat="33.31204000" lon="133.19150100">
   </rtept>
   <rtept lat="33.31208800" lon="133.19177200">
   </rtept>
   <rtept lat="33.31207000" lon="133.19193600">
   </rtept>
   <rtept lat="33.31204000" lon="133.19219300">
   </rtept>
   <rtept lat="33.31203400" lon="133.19240700">
   </rtept>
   <rtept lat="33.31205200" lon="133.19254900">
   </rtept>
   <rtept lat="33.31212400" lon="133.19276300">
   </rtept>
   <rtept lat="33.31221300" lon="133.19286300">
   </rtept>
   <rtept lat="33.31234400" lon="133.19307700">
   </rtept>
   <rtept lat="33.31244500" lon="133.19317700">
   </rtept>
   <rtept lat="33.31285600" lon="133.19334100">
   </rtept>
   <rtept lat="33.31296400" lon="133.19343400">
   </rtept>
   <rtept lat="33.31302300" lon="133.19357600">
   </rtept>
   <rtept lat="33.31309500" lon="133.19386900">
   </rtept>
   <rtept lat="33.31307565" lon="133.19400789">
   </rtept>
   <rtept lat="33.31305908" lon="133.19434491">
   </rtept>
   <rtept lat="33.31300701" lon="133.19451991">
   </rtept>
   <rtept lat="33.31305501" lon="133.19465591">
   </rtept>
   <rtept lat="33.31312001" lon="133.19481291">
   </rtept>
   <rtept lat="33.31326301" lon="133.19504791">
   </rtept>
   <rtept lat="33.31342401" lon="133.19533291">
   </rtept>
   <rtept lat="33.31365102" lon="133.19572491">
   </rtept>
   <rtept lat="33.31387702" lon="133.19602491">
   </rtept>
   <rtept lat="33.31399602" lon="133.19620991">
   </rtept>
   <rtept lat="33.31413302" lon="133.19643791">
   </rtept>
   <rtept lat="33.31427602" lon="133.19664491">
   </rtept>
   <rtept lat="33.31436788" lon="133.19681310">
   </rtept>
   <rtept lat="33.31455012" lon="133.19758626">
   </rtept>
   <rtept lat="33.31509000" lon="133.19861500">
   </rtept>
   <rtept lat="33.31528000" lon="133.19890700">
   </rtept>
   <rtept lat="33.31550100" lon="133.19919900">
   </rtept>
   <rtept lat="33.31576900" lon="133.19954100">
   </rtept>
   <rtept lat="33.31599000" lon="133.19977000">
   </rtept>
   <rtept lat="33.31632300" lon="133.20011200">
   </rtept>
   <rtept lat="33.31663300" lon="133.20042600">
   </rtept>
   <rtept lat="33.31693100" lon="133.20086100">
   </rtept>
   <rtept lat="33.31733600" lon="133.20153100">
   </rtept>
   <rtept lat="33.31752100" lon="133.20183500">
   </rtept>
   <rtept lat="33.31767600" lon="133.20220500">
   </rtept>
   <rtept lat="33.31775300" lon="133.20284700">
   </rtept>
   <rtept lat="33.31795000" lon="133.20343900">
   </rtept>
   <rtept lat="33.31804500" lon="133.20374600">
   </rtept>
   <rtept lat="33.31805700" lon="133.20429500">
   </rtept>
   <rtept lat="33.31818200" lon="133.20495100">
   </rtept>
   <rtept lat="33.31829000" lon="133.20569200">
   </rtept>
   <rtept lat="33.31827200" lon="133.20604900">
   </rtept>
   <rtept lat="33.31824200" lon="133.20621300">
   </rtept>
   <rtept lat="33.31806900" lon="133.20651200">
   </rtept>
   <rtept lat="33.31790200" lon="133.20681900">
   </rtept>
   <rtept lat="33.31774100" lon="133.20709000">
   </rtept>
   <rtept lat="33.31758000" lon="133.20721100">
   </rtept>
   <rtept lat="33.31729400" lon="133.20726800">
   </rtept>
   <rtept lat="33.31683000" lon="133.20726100">
   </rtept>
   <rtept lat="33.31656200" lon="133.20720400">
   </rtept>
   <rtept lat="33.31618000" lon="133.20699000">
   </rtept>
   <rtept lat="33.31584100" lon="133.20679000">
   </rtept>
   <rtept lat="33.31570900" lon="133.20682600">
   </rtept>
   <rtept lat="33.31557800" lon="133.20696100">
   </rtept>
   <rtept lat="33.31553700" lon="133.20709700">
   </rtept>
   <rtept lat="33.31554300" lon="133.20737500">
   </rtept>
   <rtept lat="33.31559000" lon="133.20778100">
   </rtept>
   <rtept lat="33.31537600" lon="133.20863000">
   </rtept>
   <rtept lat="33.31536400" lon="133.20884200">
   </rtept>
   <rtept lat="33.31541200" lon="133.20905600">
   </rtept>
   <rtept lat="33.31547700" lon="133.20918400">
   </rtept>
   <rtept lat="33.31562600" lon="133.20931200">
   </rtept>
   <rtept lat="33.31578700" lon="133.20949100">
   </rtept>
   <rtept lat="33.31593000" lon="133.20973300">
   </rtept>
   <rtept lat="33.31603100" lon="133.21016100">
   </rtept>
   <rtept lat="33.31605500" lon="133.21043900">
   </rtept>
   <rtept lat="33.31599000" lon="133.21063100">
   </rtept>
   <rtept lat="33.31582900" lon="133.21081000">
   </rtept>
   <rtept lat="33.31570900" lon="133.21094500">
   </rtept>
   <rtept lat="33.31572100" lon="133.21115900">
   </rtept>
   <rtept lat="33.31583500" lon="133.21131600">
   </rtept>
   <rtept lat="33.31599000" lon="133.21155800">
   </rtept>
   <rtept lat="33.31610300" lon="133.21194300">
   </rtept>
   <rtept lat="33.31633500" lon="133.21260600">
   </rtept>
   <rtept lat="33.31646000" lon="133.21289200">
   </rtept>
   <rtept lat="33.31649600" lon="133.21318400">
   </rtept>
   <rtept lat="33.31644800" lon="133.21357600">
   </rtept>
   <rtept lat="33.31624600" lon="133.21381900">
   </rtept>
   <rtept lat="33.31589400" lon="133.21394000">
   </rtept>
   <rtept lat="33.31565000" lon="133.21402500">
   </rtept>
   <rtept lat="33.31553700" lon="133.21413200">
   </rtept>
   <rtept lat="33.31552500" lon="133.21428900">
   </rtept>
   <rtept lat="33.31558400" lon="133.21450300">
   </rtept>
   <rtept lat="33.31568000" lon="133.21473800">
   </rtept>
   <rtept lat="33.31579900" lon="133.21490200">
   </rtept>
   <rtept lat="33.31593600" lon="133.21500200">
   </rtept>
   <rtept lat="33.31622200" lon="133.21512400">
   </rtept>
   <rtept lat="33.31649000" lon="133.21526600">
   </rtept>
   <rtept lat="33.31665700" lon="133.21541600">
   </rtept>
   <rtept lat="33.31680600" lon="133.21564400">
   </rtept>
   <rtept lat="33.31688900" lon="133.21586500">
   </rtept>
   <rtept lat="33.31699000" lon="133.21628100">
   </rtept>
   <rtept lat="33.31707700" lon="133.21664200">
   </rtept>
   <rtept lat="33.31728400" lon="133.21701300">
   </rtept>
   <rtept lat="33.31743500" lon="133.21727900">
   </rtept>
   <rtept lat="33.31753800" lon="133.21752600">
   </rtept>
   <rtept lat="33.31754600" lon="133.21785900">
   </rtept>
   <rtept lat="33.31749100" lon="133.21813500">
   </rtept>
   <rtept lat="33.31738700" lon="133.21842900">
   </rtept>
   <rtept lat="33.31728400" lon="133.21879100">
   </rtept>
   <rtept lat="33.31720500" lon="133.21927500">
   </rtept>
   <rtept lat="33.31723600" lon="133.21965600">
   </rtept>
   <rtept lat="33.31734800" lon="133.22000700">
   </rtept>
   <rtept lat="33.31751400" lon="133.22019800">
   </rtept>
   <rtept lat="33.31770500" lon="133.22032100">
   </rtept>
   <rtept lat="33.31786800" lon="133.22066300">
   </rtept>
   <rtept lat="33.31811800" lon="133.22130500">
   </rtept>
   <rtept lat="33.31843900" lon="133.22144800">
   </rtept>
   <rtept lat="33.31883800" lon="133.22172400">
   </rtept>
   <rtept lat="33.31918900" lon="133.22216200">
   </rtept>
   <rtept lat="33.31968800" lon="133.22273300">
   </rtept>
   <rtept lat="33.32000900" lon="133.22316100">
   </rtept>
   <rtept lat="33.32025900" lon="133.22362500">
   </rtept>
   <rtept lat="33.32058100" lon="133.22408900">
   </rtept>
   <rtept lat="33.32086600" lon="133.22433900">
   </rtept>
   <rtept lat="33.32108000" lon="133.22458900">
   </rtept>
   <rtept lat="33.32161600" lon="133.22462500">
   </rtept>
   <rtept lat="33.32215100" lon="133.22462500">
   </rtept>
   <rtept lat="33.32286500" lon="133.22476800">
   </rtept>
   <rtept lat="33.32321100" lon="133.22493300">
   </rtept>
   <rtept lat="33.32365000" lon="133.22508900">
   </rtept>
   <rtept lat="33.32407500" lon="133.22534800">
   </rtept>
   <rtept lat="33.32436100" lon="133.22539500">
   </rtept>
   <rtept lat="33.32486900" lon="133.22534800">
   </rtept>
   <rtept lat="33.32574300" lon="133.22544300">
   </rtept>
   <rtept lat="33.32625600" lon="133.22563800">
   </rtept>
   <rtept lat="33.32616100" lon="133.22605100">
   </rtept>
   <rtept lat="33.32610100" lon="133.22669300">
   </rtept>
   <rtept lat="33.32607700" lon="133.22730600">
   </rtept>
   <rtept lat="33.32597000" lon="133.22783400">
   </rtept>
   <rtept lat="33.32566000" lon="133.22859000">
   </rtept>
   <rtept lat="33.32586300" lon="133.22903200">
   </rtept>
   <rtept lat="33.32628000" lon="133.22941700">
   </rtept>
   <rtept lat="33.32680400" lon="133.22991600">
   </rtept>
   <rtept lat="33.32667300" lon="133.23068600">
   </rtept>
 </rte>
 <rte>
  <name>SHIKOKU_KCH_16(五社のみち)</name>
   <rtept lat="33.21268000" lon="133.13720300">
   </rtept>
   <rtept lat="33.21270400" lon="133.13696500">
   </rtept>
   <rtept lat="33.21164500" lon="133.13678400">
   </rtept>
   <rtept lat="33.21075800" lon="133.13656200">
   </rtept>
   <rtept lat="33.21010200" lon="133.13639600">
   </rtept>
   <rtept lat="33.20912800" lon="133.13625300">
   </rtept>
   <rtept lat="33.20848200" lon="133.13398300">
   </rtept>
   <rtept lat="33.20769600" lon="133.13140400">
   </rtept>
   <rtept lat="33.20749700" lon="133.13098800">
   </rtept>
   <rtept lat="33.20738800" lon="133.13066800">
   </rtept>
   <rtept lat="33.20953600" lon="133.13081000">
   </rtept>
   <rtept lat="33.20940800" lon="133.12934600">
   </rtept>
   <rtept lat="33.20890100" lon="133.12876600">
   </rtept>
   <rtept lat="33.20888900" lon="133.12835300">
   </rtept>
   <rtept lat="33.20863900" lon="133.12783900">
   </rtept>
   <rtept lat="33.20848400" lon="133.12741100">
   </rtept>
   <rtept lat="33.20881800" lon="133.12658400">
   </rtept>
   <rtept lat="33.20931900" lon="133.12611400">
   </rtept>
   <rtept lat="33.20980800" lon="133.12581400">
   </rtept>
   <rtept lat="33.21023700" lon="133.12531500">
   </rtept>
   <rtept lat="33.21054800" lon="133.12508700">
   </rtept>
   <rtept lat="33.21075100" lon="133.12495900">
   </rtept>
   <rtept lat="33.21094800" lon="133.12405300">
   </rtept>
   <rtept lat="33.21117700" lon="133.12344700">
   </rtept>
   <rtept lat="33.21131600" lon="133.12321000">
   </rtept>
   <rtept lat="33.21241000" lon="133.12225900">
   </rtept>
   <rtept lat="33.21268800" lon="133.12206900">
   </rtept>
   <rtept lat="33.21292700" lon="133.12202100">
   </rtept>
   <rtept lat="33.21377200" lon="133.12200900">
   </rtept>
   <rtept lat="33.21429900" lon="133.12199700">
   </rtept>
   <rtept lat="33.21482600" lon="133.12205700">
   </rtept>
   <rtept lat="33.21599400" lon="133.12220200">
   </rtept>
   <rtept lat="33.21705700" lon="133.12238000">
   </rtept>
   <rtept lat="33.21732600" lon="133.12270100">
   </rtept>
   <rtept lat="33.21745500" lon="133.12310500">
   </rtept>
   <rtept lat="33.21744500" lon="133.12345000">
   </rtept>
   <rtept lat="33.21733600" lon="133.12379500">
   </rtept>
   <rtept lat="33.21721600" lon="133.12406800">
   </rtept>
   <rtept lat="33.21689800" lon="133.12459100">
   </rtept>
   <rtept lat="33.21672900" lon="133.12492400">
   </rtept>
   <rtept lat="33.21679900" lon="133.12538700">
   </rtept>
   <rtept lat="33.21692800" lon="133.12598100">
   </rtept>
   <rtept lat="33.21712700" lon="133.12638500">
   </rtept>
   <rtept lat="33.21745500" lon="133.12686100">
   </rtept>
   <rtept lat="33.21787300" lon="133.12741900">
   </rtept>
   <rtept lat="33.21820100" lon="133.12777600">
   </rtept>
   <rtept lat="33.21845700" lon="133.12799000">
   </rtept>
   <rtept lat="33.22084300" lon="133.12466200">
   </rtept>
   <rtept lat="33.22191600" lon="133.12520900">
   </rtept>
   <rtept lat="33.22310900" lon="133.12611200">
   </rtept>
   <rtept lat="33.22406000" lon="133.12686100">
   </rtept>
   <rtept lat="33.22455700" lon="133.12731200">
   </rtept>
   <rtept lat="33.22493500" lon="133.12750200">
   </rtept>
   <rtept lat="33.22606800" lon="133.12778800">
   </rtept>
   <rtept lat="33.22775800" lon="133.12807300">
   </rtept>
   <rtept lat="33.23012400" lon="133.12828700">
   </rtept>
   <rtept lat="33.23271900" lon="133.12915300">
   </rtept>
   <rtept lat="33.23409100" lon="133.12962900">
   </rtept>
   <rtept lat="33.23464700" lon="133.12967600">
   </rtept>
   <rtept lat="33.23522400" lon="133.12924900">
   </rtept>
   <rtept lat="33.23548200" lon="133.12901100">
   </rtept>
   <rtept lat="33.23653600" lon="133.12855900">
   </rtept>
   <rtept lat="33.23697300" lon="133.12829800">
   </rtept>
   <rtept lat="33.23721200" lon="133.12825000">
   </rtept>
   <rtept lat="33.23951800" lon="133.12884500">
   </rtept>
   <rtept lat="33.24327500" lon="133.12979500">
   </rtept>
   <rtept lat="33.24410400" lon="133.13003900">
   </rtept>
   <rtept lat="33.24505900" lon="133.13108000">
   </rtept>
   <rtept lat="33.24544000" lon="133.13195000">
   </rtept>
   <rtept lat="33.24569100" lon="133.13229200">
   </rtept>
   <rtept lat="33.24620400" lon="133.13321900">
   </rtept>
   <rtept lat="33.24664500" lon="133.13401800">
   </rtept>
   <rtept lat="33.24756300" lon="133.13483100">
   </rtept>
   <rtept lat="33.24775400" lon="133.13500200">
   </rtept>
   <rtept lat="33.24804000" lon="133.13557200">
   </rtept>
   <rtept lat="33.24821900" lon="133.13598600">
   </rtept>
   <rtept lat="33.24852900" lon="133.13611400">
   </rtept>
   <rtept lat="33.24911400" lon="133.13612800">
   </rtept>
   <rtept lat="33.24929200" lon="133.13602300">
   </rtept>
   <rtept lat="33.25000700" lon="133.13564200">
   </rtept>
   <rtept lat="33.25056400" lon="133.13526200">
   </rtept>
   <rtept lat="33.25076200" lon="133.13459700">
   </rtept>
   <rtept lat="33.25098100" lon="133.13388400">
   </rtept>
   <rtept lat="33.25122000" lon="133.13328900">
   </rtept>
   <rtept lat="33.25146800" lon="133.13227800">
   </rtept>
   <rtept lat="33.25162700" lon="133.13144600">
   </rtept>
   <rtept lat="33.25188600" lon="133.12885500">
   </rtept>
   <rtept lat="33.25220400" lon="133.12809500">
   </rtept>
   <rtept lat="33.25425100" lon="133.12771400">
   </rtept>
   <rtept lat="33.25524500" lon="133.12795200">
   </rtept>
   <rtept lat="33.25598000" lon="133.12816600">
   </rtept>
   <rtept lat="33.25663600" lon="133.12790400">
   </rtept>
   <rtept lat="33.25709300" lon="133.12840400">
   </rtept>
   <rtept lat="33.25732100" lon="133.12864100">
   </rtept>
   <rtept lat="33.25792500" lon="133.12866000">
   </rtept>
   <rtept lat="33.25887900" lon="133.12862200">
   </rtept>
   <rtept lat="33.25940400" lon="133.12888800">
   </rtept>
   <rtept lat="33.25975300" lon="133.12905900">
   </rtept>
   <rtept lat="33.26004000" lon="133.12900200">
   </rtept>
   <rtept lat="33.26051700" lon="133.12896400">
   </rtept>
   <rtept lat="33.26121600" lon="133.12915400">
   </rtept>
   <rtept lat="33.26174100" lon="133.12945900">
   </rtept>
   <rtept lat="33.26188400" lon="133.12961100">
   </rtept>
   <rtept lat="33.26226500" lon="133.13014300">
   </rtept>
   <rtept lat="33.26274200" lon="133.13067600">
   </rtept>
   <rtept lat="33.26333100" lon="133.13117000">
   </rtept>
   <rtept lat="33.26395100" lon="133.13160700">
   </rtept>
   <rtept lat="33.26430100" lon="133.13200700">
   </rtept>
   <rtept lat="33.26457300" lon="133.13242300">
   </rtept>
   <rtept lat="33.26497000" lon="133.13287900">
   </rtept>
   <rtept lat="33.26471600" lon="133.13327900">
   </rtept>
   <rtept lat="33.26454100" lon="133.13375400">
   </rtept>
   <rtept lat="33.26457300" lon="133.13398200">
   </rtept>
   <rtept lat="33.26455700" lon="133.13442000">
   </rtept>
   <rtept lat="33.26433400" lon="133.13523700">
   </rtept>
   <rtept lat="33.26458900" lon="133.13554100">
   </rtept>
   <rtept lat="33.26485900" lon="133.13588400">
   </rtept>
   <rtept lat="33.26509700" lon="133.13635900">
   </rtept>
   <rtept lat="33.26536800" lon="133.13704400">
   </rtept>
   <rtept lat="33.26562200" lon="133.13710100">
   </rtept>
   <rtept lat="33.26570100" lon="133.13670100">
   </rtept>
   <rtept lat="33.26598800" lon="133.13603600">
   </rtept>
   <rtept lat="33.26617800" lon="133.13567500">
   </rtept>
   <rtept lat="33.26657600" lon="133.13550300">
   </rtept>
   <rtept lat="33.26725900" lon="133.13546500">
   </rtept>
   <rtept lat="33.26731200" lon="133.13582800">
   </rtept>
   <rtept lat="33.26749100" lon="133.13629900">
   </rtept>
   <rtept lat="33.26770600" lon="133.13667000">
   </rtept>
   <rtept lat="33.26799200" lon="133.13702600">
   </rtept>
   <rtept lat="33.26837400" lon="133.13732600">
   </rtept>
   <rtept lat="33.26866000" lon="133.13738300">
   </rtept>
   <rtept lat="33.26886200" lon="133.13763900">
   </rtept>
   <rtept lat="33.26912500" lon="133.13792400">
   </rtept>
   <rtept lat="33.26955400" lon="133.13816700">
   </rtept>
   <rtept lat="33.27000400" lon="133.13828700">
   </rtept>
   <rtept lat="33.27025300" lon="133.13841700">
   </rtept>
   <rtept lat="33.27044200" lon="133.13867900">
   </rtept>
   <rtept lat="33.27076000" lon="133.13909500">
   </rtept>
   <rtept lat="33.27118700" lon="133.13953400">
   </rtept>
   <rtept lat="33.27139500" lon="133.13972400">
   </rtept>
   <rtept lat="33.27169400" lon="133.13978400">
   </rtept>
   <rtept lat="33.27195200" lon="133.13992700">
   </rtept>
   <rtept lat="33.27220000" lon="133.14005700">
   </rtept>
   <rtept lat="33.27247900" lon="133.14030700">
   </rtept>
   <rtept lat="33.27274700" lon="133.14048500">
   </rtept>
   <rtept lat="33.27288600" lon="133.14046100">
   </rtept>
   <rtept lat="33.27297500" lon="133.14031900">
   </rtept>
   <rtept lat="33.27325400" lon="133.13995000">
   </rtept>
   <rtept lat="33.27349200" lon="133.13972400">
   </rtept>
   <rtept lat="33.27357100" lon="133.14003300">
   </rtept>
   <rtept lat="33.27371100" lon="133.14033100">
   </rtept>
   <rtept lat="33.27386000" lon="133.14059200">
   </rtept>
   <rtept lat="33.27406800" lon="133.14100800">
   </rtept>
   <rtept lat="33.27419700" lon="133.14136400">
   </rtept>
   <rtept lat="33.27438600" lon="133.14149500">
   </rtept>
   <rtept lat="33.27460500" lon="133.14163800">
   </rtept>
   <rtept lat="33.27473400" lon="133.14184000">
   </rtept>
   <rtept lat="33.27479400" lon="133.14208900">
   </rtept>
   <rtept lat="33.27481400" lon="133.14224400">
   </rtept>
   <rtept lat="33.27483700" lon="133.14254400">
   </rtept>
   <rtept lat="33.27499200" lon="133.14288600">
   </rtept>
   <rtept lat="33.27521900" lon="133.14321400">
   </rtept>
   <rtept lat="33.27546900" lon="133.14351400">
   </rtept>
   <rtept lat="33.27599400" lon="133.14389900">
   </rtept>
   <rtept lat="33.27619700" lon="133.14404100">
   </rtept>
   <rtept lat="33.27655400" lon="133.14426900">
   </rtept>
   <rtept lat="33.27679300" lon="133.14445500">
   </rtept>
   <rtept lat="33.27684000" lon="133.14462600">
   </rtept>
   <rtept lat="33.27682900" lon="133.14494000">
   </rtept>
   <rtept lat="33.27672100" lon="133.14529600">
   </rtept>
   <rtept lat="33.27641100" lon="133.14616600">
   </rtept>
   <rtept lat="33.27641100" lon="133.14642300">
   </rtept>
   <rtept lat="33.27650700" lon="133.14696500">
   </rtept>
   <rtept lat="33.27673300" lon="133.14743500">
   </rtept>
   <rtept lat="33.27697200" lon="133.14774900">
   </rtept>
   <rtept lat="33.27713900" lon="133.14803400">
   </rtept>
   <rtept lat="33.27719800" lon="133.14856200">
   </rtept>
   <rtept lat="33.27721000" lon="133.14900400">
   </rtept>
   <rtept lat="33.27750800" lon="133.15008800">
   </rtept>
   <rtept lat="33.27743700" lon="133.15033000">
   </rtept>
   <rtept lat="33.27735300" lon="133.15043000">
   </rtept>
   <rtept lat="33.27701900" lon="133.15080100">
   </rtept>
   <rtept lat="33.27682900" lon="133.15131400">
   </rtept>
   <rtept lat="33.27690000" lon="133.15231200">
   </rtept>
   <rtept lat="33.27694800" lon="133.15308300">
   </rtept>
   <rtept lat="33.27705500" lon="133.15356700">
   </rtept>
   <rtept lat="33.27720400" lon="133.15399400">
   </rtept>
   <rtept lat="33.27720400" lon="133.15475000">
   </rtept>
   <rtept lat="33.27721600" lon="133.15540600">
   </rtept>
   <rtept lat="33.27694200" lon="133.15656100">
   </rtept>
   <rtept lat="33.27663200" lon="133.15740200">
   </rtept>
   <rtept lat="33.27600000" lon="133.15905600">
   </rtept>
   <rtept lat="33.27597600" lon="133.15935600">
   </rtept>
   <rtept lat="33.27580900" lon="133.16001200">
   </rtept>
   <rtept lat="33.27555900" lon="133.16078200">
   </rtept>
   <rtept lat="33.27524900" lon="133.16142400">
   </rtept>
   <rtept lat="33.27466400" lon="133.16230800">
   </rtept>
   <rtept lat="33.27360300" lon="133.16369100">
   </rtept>
   <rtept lat="33.27337700" lon="133.16403300">
   </rtept>
   <rtept lat="33.27365800" lon="133.16439000">
   </rtept>
   <rtept lat="33.27383200" lon="133.16480600">
   </rtept>
   <rtept lat="33.27383200" lon="133.16548900">
   </rtept>
   <rtept lat="33.27395600" lon="133.16590500">
   </rtept>
   <rtept lat="33.27398100" lon="133.16736100">
   </rtept>
   <rtept lat="33.27408000" lon="133.16807400">
   </rtept>
   <rtept lat="33.27403000" lon="133.16846000">
   </rtept>
   <rtept lat="33.27455200" lon="133.16967800">
   </rtept>
   <rtept lat="33.27487500" lon="133.17057000">
   </rtept>
   <rtept lat="33.27517300" lon="133.17125300">
   </rtept>
   <rtept lat="33.27601900" lon="133.17248000">
   </rtept>
   <rtept lat="33.27758900" lon="133.17437800">
   </rtept>
 </rte>
 <rte>
  <name>SHIKOKU_KCH_17(佐賀のみち)</name>
   <rtept lat="33.06724100" lon="133.10735600">
   </rtept>
   <rtept lat="33.06759100" lon="133.10713700">
   </rtept>
   <rtept lat="33.06791200" lon="133.10713100">
   </rtept>
   <rtept lat="33.06849000" lon="133.10725900">
   </rtept>
   <rtept lat="33.06876400" lon="133.10724800">
   </rtept>
   <rtept lat="33.06909100" lon="133.10703800">
   </rtept>
   <rtept lat="33.06957000" lon="133.10605100">
   </rtept>
   <rtept lat="33.07019400" lon="133.10552600">
   </rtept>
   <rtept lat="33.07057900" lon="133.10478500">
   </rtept>
   <rtept lat="33.07084200" lon="133.10451100">
   </rtept>
   <rtept lat="33.07138500" lon="133.10437600">
   </rtept>
   <rtept lat="33.07185200" lon="133.10445800">
   </rtept>
   <rtept lat="33.07268600" lon="133.10424200">
   </rtept>
   <rtept lat="33.07294300" lon="133.10430600">
   </rtept>
   <rtept lat="33.07381300" lon="133.10490700">
   </rtept>
   <rtept lat="33.07444900" lon="133.10510600">
   </rtept>
   <rtept lat="33.07542300" lon="133.10524600">
   </rtept>
   <rtept lat="33.07681800" lon="133.10499500">
   </rtept>
   <rtept lat="33.07713300" lon="133.10496600">
   </rtept>
   <rtept lat="33.07749200" lon="133.10505900">
   </rtept>
   <rtept lat="33.07866500" lon="133.10589100">
   </rtept>
   <rtept lat="33.07879100" lon="133.10591100">
   </rtept>
   <rtept lat="33.07970400" lon="133.10592600">
   </rtept>
   <rtept lat="33.07995200" lon="133.10587300">
   </rtept>
   <rtept lat="33.08030200" lon="133.10561100">
   </rtept>
   <rtept lat="33.08052100" lon="133.10524000">
   </rtept>
   <rtept lat="33.08060900" lon="133.10481400">
   </rtept>
   <rtept lat="33.08046900" lon="133.10326500">
   </rtept>
   <rtept lat="33.08048900" lon="133.10301700">
   </rtept>
   <rtept lat="33.08085400" lon="133.10228700">
   </rtept>
   <rtept lat="33.08107300" lon="133.10199800">
   </rtept>
   <rtept lat="33.08103500" lon="133.10184600">
   </rtept>
   <rtept lat="33.08137600" lon="133.10167400">
   </rtept>
   <rtept lat="33.08139700" lon="133.10106100">
   </rtept>
   <rtept lat="33.08134300" lon="133.10038800">
   </rtept>
   <rtept lat="33.08129500" lon="133.10018900">
   </rtept>
   <rtept lat="33.08124000" lon="133.09949200">
   </rtept>
   <rtept lat="33.08176900" lon="133.09939700">
   </rtept>
   <rtept lat="33.08203700" lon="133.09937900">
   </rtept>
   <rtept lat="33.08240000" lon="133.09933200">
   </rtept>
   <rtept lat="33.08251900" lon="133.09932000">
   </rtept>
   <rtept lat="33.08272700" lon="133.09924800">
   </rtept>
   <rtept lat="33.08280400" lon="133.09926600">
   </rtept>
   <rtept lat="33.08303000" lon="133.09932000">
   </rtept>
   <rtept lat="33.08316700" lon="133.09932000">
   </rtept>
   <rtept lat="33.08327400" lon="133.09923600">
   </rtept>
   <rtept lat="33.08342300" lon="133.09927200">
   </rtept>
   <rtept lat="33.08362800" lon="133.09933800">
   </rtept>
   <rtept lat="33.08394500" lon="133.09949100">
   </rtept>
   <rtept lat="33.08406700" lon="133.09945900">
   </rtept>
   <rtept lat="33.08421300" lon="133.09925900">
   </rtept>
   <rtept lat="33.08435600" lon="133.09916600">
   </rtept>
   <rtept lat="33.08444100" lon="133.09910600">
   </rtept>
   <rtept lat="33.08459300" lon="133.09915100">
   </rtept>
   <rtept lat="33.08554800" lon="133.09951300">
   </rtept>
   <rtept lat="33.08604200" lon="133.09958900">
   </rtept>
   <rtept lat="33.08644100" lon="133.09953200">
   </rtept>
   <rtept lat="33.08675900" lon="133.09962700">
   </rtept>
   <rtept lat="33.08730100" lon="133.10010200">
   </rtept>
   <rtept lat="33.08777900" lon="133.09945600">
   </rtept>
   <rtept lat="33.08838400" lon="133.09884700">
   </rtept>
   <rtept lat="33.08879800" lon="133.09850500">
   </rtept>
   <rtept lat="33.08980200" lon="133.09839100">
   </rtept>
   <rtept lat="33.09023200" lon="133.09848600">
   </rtept>
   <rtept lat="33.09101300" lon="133.09896100">
   </rtept>
   <rtept lat="33.09132800" lon="133.09879000">
   </rtept>
   <rtept lat="33.09166300" lon="133.09823900">
   </rtept>
   <rtept lat="33.09290500" lon="133.10014000">
   </rtept>
   <rtept lat="33.09249100" lon="133.10019700">
   </rtept>
   <rtept lat="33.09247500" lon="133.10074900">
   </rtept>
   <rtept lat="33.09265000" lon="133.10126200">
   </rtept>
   <rtept lat="33.09328800" lon="133.10194600">
   </rtept>
   <rtept lat="33.09451400" lon="133.10228900">
   </rtept>
   <rtept lat="33.09518300" lon="133.10228900">
   </rtept>
   <rtept lat="33.09585200" lon="133.10223200">
   </rtept>
   <rtept lat="33.09631400" lon="133.10228900">
   </rtept>
   <rtept lat="33.09696700" lon="133.10228900">
   </rtept>
   <rtept lat="33.09762000" lon="133.10211800">
   </rtept>
   <rtept lat="33.09806600" lon="133.10206100">
   </rtept>
   <rtept lat="33.09825800" lon="133.10208000">
   </rtept>
   <rtept lat="33.09848100" lon="133.10168000">
   </rtept>
   <rtept lat="33.09852800" lon="133.10130000">
   </rtept>
   <rtept lat="33.09867200" lon="133.10114800">
   </rtept>
   <rtept lat="33.09851200" lon="133.10177500">
   </rtept>
   <rtept lat="33.09852800" lon="133.10225100">
   </rtept>
   <rtept lat="33.09871900" lon="133.10244100">
   </rtept>
   <rtept lat="33.09940400" lon="133.10225100">
   </rtept>
   <rtept lat="33.09993000" lon="133.10211800">
   </rtept>
   <rtept lat="33.10007300" lon="133.10196500">
   </rtept>
   <rtept lat="33.10039200" lon="133.10097700">
   </rtept>
   <rtept lat="33.10047200" lon="133.10063400">
   </rtept>
   <rtept lat="33.10086000" lon="133.10031100">
   </rtept>
   <rtept lat="33.10113100" lon="133.09987400">
   </rtept>
   <rtept lat="33.10149700" lon="133.09945600">
   </rtept>
   <rtept lat="33.10186400" lon="133.09918900">
   </rtept>
   <rtept lat="33.10213500" lon="133.09899900">
   </rtept>
   <rtept lat="33.10216600" lon="133.09903700">
   </rtept>
   <rtept lat="33.10245300" lon="133.09911300">
   </rtept>
   <rtept lat="33.10254900" lon="133.09943700">
   </rtept>
   <rtept lat="33.10261200" lon="133.09960800">
   </rtept>
   <rtept lat="33.10307400" lon="133.09970300">
   </rtept>
   <rtept lat="33.10361600" lon="133.09960800">
   </rtept>
   <rtept lat="33.10422100" lon="133.09960800">
   </rtept>
   <rtept lat="33.10487400" lon="133.09962700">
   </rtept>
   <rtept lat="33.10544800" lon="133.09960800">
   </rtept>
   <rtept lat="33.10608500" lon="133.09943700">
   </rtept>
   <rtept lat="33.10606900" lon="133.09797200">
   </rtept>
   <rtept lat="33.10610100" lon="133.09696500">
   </rtept>
   <rtept lat="33.10641900" lon="133.09671800">
   </rtept>
   <rtept lat="33.10651500" lon="133.09650800">
   </rtept>
   <rtept lat="33.10683300" lon="133.09635600">
   </rtept>
   <rtept lat="33.10712000" lon="133.09626100">
   </rtept>
   <rtept lat="33.10755000" lon="133.09740200">
   </rtept>
   <rtept lat="33.10759800" lon="133.09774400">
   </rtept>
   <rtept lat="33.10780500" lon="133.09787700">
   </rtept>
   <rtept lat="33.10835000" lon="133.09801300">
   </rtept>
   <rtept lat="33.10853700" lon="133.09810600">
   </rtept>
   <rtept lat="33.10886300" lon="133.09854600">
   </rtept>
   <rtept lat="33.10896800" lon="133.09875100">
   </rtept>
   <rtept lat="33.10910600" lon="133.09925500">
   </rtept>
   <rtept lat="33.10914900" lon="133.09976200">
   </rtept>
   <rtept lat="33.10911500" lon="133.10003000">
   </rtept>
   <rtept lat="33.10908600" lon="133.10016700">
   </rtept>
   <rtept lat="33.10937100" lon="133.10088000">
   </rtept>
   <rtept lat="33.10948200" lon="133.10134100">
   </rtept>
   <rtept lat="33.10955600" lon="133.10177300">
   </rtept>
   <rtept lat="33.10957300" lon="133.10187400">
   </rtept>
   <rtept lat="33.10987700" lon="133.10184400">
   </rtept>
   <rtept lat="33.11008500" lon="133.10195700">
   </rtept>
   <rtept lat="33.11100500" lon="133.10193500">
   </rtept>
   <rtept lat="33.11145100" lon="133.10166700">
   </rtept>
   <rtept lat="33.11163000" lon="133.10189900">
   </rtept>
   <rtept lat="33.11168300" lon="133.10214300">
   </rtept>
   <rtept lat="33.11144500" lon="133.10231000">
   </rtept>
   <rtept lat="33.11122500" lon="133.10226800">
   </rtept>
   <rtept lat="33.11084400" lon="133.10272600">
   </rtept>
   <rtept lat="33.11055300" lon="133.10317800">
   </rtept>
   <rtept lat="33.11035100" lon="133.10327300">
   </rtept>
   <rtept lat="33.11051600" lon="133.10379100">
   </rtept>
   <rtept lat="33.11050000" lon="133.10443700">
   </rtept>
   <rtept lat="33.11045200" lon="133.10639600">
   </rtept>
   <rtept lat="33.11040400" lon="133.10816400">
   </rtept>
   <rtept lat="33.11062700" lon="133.10957100">
   </rtept>
   <rtept lat="33.11112100" lon="133.11054100">
   </rtept>
   <rtept lat="33.11172600" lon="133.11109200">
   </rtept>
   <rtept lat="33.11261800" lon="133.11160600">
   </rtept>
   <rtept lat="33.11358900" lon="133.11185300">
   </rtept>
   <rtept lat="33.11425800" lon="133.11198600">
   </rtept>
   <rtept lat="33.11444900" lon="133.11200500">
   </rtept>
   <rtept lat="33.11478400" lon="133.11160600">
   </rtept>
   <rtept lat="33.11542100" lon="133.11132100">
   </rtept>
   <rtept lat="33.11605800" lon="133.11109200">
   </rtept>
   <rtept lat="33.11667900" lon="133.11099700">
   </rtept>
   <rtept lat="33.11734800" lon="133.11126400">
   </rtept>
   <rtept lat="33.11768200" lon="133.11162500">
   </rtept>
   <rtept lat="33.11787400" lon="133.11206200">
   </rtept>
   <rtept lat="33.11792100" lon="133.11251800">
   </rtept>
   <rtept lat="33.11776200" lon="133.11299400">
   </rtept>
   <rtept lat="33.11741200" lon="133.11360200">
   </rtept>
   <rtept lat="33.11707700" lon="133.11412900">
   </rtept>
   <rtept lat="33.11674300" lon="133.11439500">
   </rtept>
   <rtept lat="33.11645600" lon="133.11466100">
   </rtept>
   <rtept lat="33.11639200" lon="133.11496600">
   </rtept>
   <rtept lat="33.11629700" lon="133.11576400">
   </rtept>
   <rtept lat="33.11618500" lon="133.11597300">
   </rtept>
   <rtept lat="33.11607400" lon="133.11620200">
   </rtept>
   <rtept lat="33.11616900" lon="133.11639200">
   </rtept>
   <rtept lat="33.11655200" lon="133.11639200">
   </rtept>
   <rtept lat="33.11701400" lon="133.11601100">
   </rtept>
   <rtept lat="33.11779400" lon="133.11530800">
   </rtept>
   <rtept lat="33.11809600" lon="133.11511800">
   </rtept>
   <rtept lat="33.11831900" lon="133.11515600">
   </rtept>
   <rtept lat="33.11851100" lon="133.11527000">
   </rtept>
   <rtept lat="33.11911300" lon="133.11610600">
   </rtept>
   <rtept lat="33.12002000" lon="133.11711400">
   </rtept>
   <rtept lat="33.12096000" lon="133.11814100">
   </rtept>
   <rtept lat="33.12183600" lon="133.11892100">
   </rtept>
   <rtept lat="33.12223400" lon="133.11926300">
   </rtept>
   <rtept lat="33.12268000" lon="133.11941500">
   </rtept>
   <rtept lat="33.12334900" lon="133.11945300">
   </rtept>
   <rtept lat="33.12408100" lon="133.11937700">
   </rtept>
   <rtept lat="33.12471800" lon="133.11916800">
   </rtept>
   <rtept lat="33.12516400" lon="133.11897800">
   </rtept>
   <rtept lat="33.12556200" lon="133.11888300">
   </rtept>
   <rtept lat="33.12600800" lon="133.11880700">
   </rtept>
   <rtept lat="33.12640600" lon="133.11850200">
   </rtept>
   <rtept lat="33.12650200" lon="133.11814100">
   </rtept>
   <rtept lat="33.12648600" lon="133.11770400">
   </rtept>
   <rtept lat="33.12643800" lon="133.11726600">
   </rtept>
   <rtept lat="33.12650800" lon="133.11700000">
   </rtept>
   <rtept lat="33.12687400" lon="133.11681000">
   </rtept>
   <rtept lat="33.12736800" lon="133.11662000">
   </rtept>
   <rtept lat="33.12806800" lon="133.11669600">
   </rtept>
   <rtept lat="33.12947000" lon="133.11690500">
   </rtept>
   <rtept lat="33.13029800" lon="133.11701900">
   </rtept>
   <rtept lat="33.13044100" lon="133.11730400">
   </rtept>
   <rtept lat="33.13071200" lon="133.11738000">
   </rtept>
   <rtept lat="33.13111000" lon="133.11743700">
   </rtept>
   <rtept lat="33.13150800" lon="133.11829300">
   </rtept>
   <rtept lat="33.13197000" lon="133.11882600">
   </rtept>
   <rtept lat="33.13158700" lon="133.11909200">
   </rtept>
   <rtept lat="33.13171500" lon="133.11952900">
   </rtept>
   <rtept lat="33.13206500" lon="133.12000400">
   </rtept>
   <rtept lat="33.13230400" lon="133.12019500">
   </rtept>
   <rtept lat="33.13271800" lon="133.12076500">
   </rtept>
   <rtept lat="33.13287100" lon="133.12093200">
   </rtept>
   <rtept lat="33.13322900" lon="133.12107500">
   </rtept>
   <rtept lat="33.13361100" lon="133.12128400">
   </rtept>
   <rtept lat="33.13388200" lon="133.12137900">
   </rtept>
   <rtept lat="33.13432800" lon="133.12139800">
   </rtept>
   <rtept lat="33.13466200" lon="133.12161700">
   </rtept>
   <rtept lat="33.13497300" lon="133.12189300">
   </rtept>
   <rtept lat="33.13506800" lon="133.12211100">
   </rtept>
   <rtept lat="33.13510800" lon="133.12237700">
   </rtept>
   <rtept lat="33.13514000" lon="133.12276700">
   </rtept>
   <rtept lat="33.13521900" lon="133.12313800">
   </rtept>
   <rtept lat="33.13562500" lon="133.12357500">
   </rtept>
   <rtept lat="33.13596000" lon="133.12397500">
   </rtept>
   <rtept lat="33.13621500" lon="133.12420300">
   </rtept>
   <rtept lat="33.13645300" lon="133.12428800">
   </rtept>
   <rtept lat="33.13706600" lon="133.12421200">
   </rtept>
   <rtept lat="33.13750400" lon="133.12417400">
   </rtept>
   <rtept lat="33.13784000" lon="133.12413600">
   </rtept>
   <rtept lat="33.13832600" lon="133.12398400">
   </rtept>
   <rtept lat="33.13926500" lon="133.12363200">
   </rtept>
   <rtept lat="33.13979100" lon="133.12352800">
   </rtept>
   <rtept lat="33.14025200" lon="133.12336600">
   </rtept>
   <rtept lat="33.14062600" lon="133.12326200">
   </rtept>
   <rtept lat="33.14112000" lon="133.12293800">
   </rtept>
   <rtept lat="33.14141500" lon="133.12276700">
   </rtept>
   <rtept lat="33.14184300" lon="133.12244400">
   </rtept>
   <rtept lat="33.14224100" lon="133.12217800">
   </rtept>
   <rtept lat="33.14318000" lon="133.12189300">
   </rtept>
   <rtept lat="33.14418300" lon="133.12170200">
   </rtept>
   <rtept lat="33.14467700" lon="133.12168300">
   </rtept>
   <rtept lat="33.14504300" lon="133.12155000">
   </rtept>
   <rtept lat="33.14591900" lon="133.12175900">
   </rtept>
   <rtept lat="33.14642800" lon="133.12170200">
   </rtept>
   <rtept lat="33.14711300" lon="133.12189300">
   </rtept>
   <rtept lat="33.14784500" lon="133.12198800">
   </rtept>
   <rtept lat="33.14832200" lon="133.12223500">
   </rtept>
   <rtept lat="33.14870500" lon="133.12252000">
   </rtept>
   <rtept lat="33.14895900" lon="133.12272900">
   </rtept>
   <rtept lat="33.14915000" lon="133.12274800">
   </rtept>
   <rtept lat="33.14919800" lon="133.12312800">
   </rtept>
   <rtept lat="33.14913400" lon="133.12339500">
   </rtept>
   <rtept lat="33.14895900" lon="133.12347100">
   </rtept>
   <rtept lat="33.14892700" lon="133.12358500">
   </rtept>
   <rtept lat="33.14905500" lon="133.12415500">
   </rtept>
   <rtept lat="33.14903900" lon="133.12446000">
   </rtept>
   <rtept lat="33.14876800" lon="133.12484000">
   </rtept>
   <rtept lat="33.14852900" lon="133.12506800">
   </rtept>
   <rtept lat="33.14811600" lon="133.12518200">
   </rtept>
   <rtept lat="33.14779700" lon="133.12523900">
   </rtept>
   <rtept lat="33.14749500" lon="133.12537200">
   </rtept>
   <rtept lat="33.14732000" lon="133.12552400">
   </rtept>
   <rtept lat="33.14712800" lon="133.12596200">
   </rtept>
   <rtept lat="33.14714400" lon="133.12657000">
   </rtept>
   <rtept lat="33.14767000" lon="133.12733100">
   </rtept>
   <rtept lat="33.14816300" lon="133.12820500">
   </rtept>
   <rtept lat="33.14856100" lon="133.12904200">
   </rtept>
   <rtept lat="33.14878400" lon="133.12980300">
   </rtept>
   <rtept lat="33.14931000" lon="133.13023200">
   </rtept>
   <rtept lat="33.14975500" lon="133.13044100">
   </rtept>
   <rtept lat="33.14991400" lon="133.13086000">
   </rtept>
   <rtept lat="33.14996200" lon="133.13112600">
   </rtept>
   <rtept lat="33.14975500" lon="133.13154400">
   </rtept>
   <rtept lat="33.14964400" lon="133.13179100">
   </rtept>
   <rtept lat="33.14970800" lon="133.13209600">
   </rtept>
   <rtept lat="33.14946900" lon="133.13243800">
   </rtept>
   <rtept lat="33.14945300" lon="133.13268500">
   </rtept>
   <rtept lat="33.14964400" lon="133.13304600">
   </rtept>
   <rtept lat="33.14962800" lon="133.13319900">
   </rtept>
   <rtept lat="33.14958000" lon="133.13340800">
   </rtept>
   <rtept lat="33.14964400" lon="133.13359800">
   </rtept>
   <rtept lat="33.14991400" lon="133.13384500">
   </rtept>
   <rtept lat="33.15048800" lon="133.13414900">
   </rtept>
   <rtept lat="33.15109300" lon="133.13453000">
   </rtept>
   <rtept lat="33.15142700" lon="133.13496700">
   </rtept>
   <rtept lat="33.15168200" lon="133.13540400">
   </rtept>
   <rtept lat="33.15176100" lon="133.13563200">
   </rtept>
   <rtept lat="33.15217200" lon="133.13610800">
   </rtept>
   <rtept lat="33.15268100" lon="133.13643100">
   </rtept>
   <rtept lat="33.15352500" lon="133.13683000">
   </rtept>
   <rtept lat="33.15417800" lon="133.13730600">
   </rtept>
   <rtept lat="33.15456000" lon="133.13772400">
   </rtept>
   <rtept lat="33.15478300" lon="133.13795200">
   </rtept>
   <rtept lat="33.15535600" lon="133.13825600">
   </rtept>
   <rtept lat="33.15584900" lon="133.13863700">
   </rtept>
   <rtept lat="33.15635900" lon="133.13924500">
   </rtept>
   <rtept lat="33.15702700" lon="133.13991100">
   </rtept>
   <rtept lat="33.15736100" lon="133.14004400">
   </rtept>
   <rtept lat="33.15771200" lon="133.14012000">
   </rtept>
   <rtept lat="33.15958000" lon="133.14008200">
   </rtept>
   <rtept lat="33.16053500" lon="133.14008200">
   </rtept>
   <rtept lat="33.16079000" lon="133.13996800">
   </rtept>
   <rtept lat="33.16093300" lon="133.13970100">
   </rtept>
   <rtept lat="33.16120400" lon="133.13913100">
   </rtept>
   <rtept lat="33.16163400" lon="133.13897900">
   </rtept>
   <rtept lat="33.16098100" lon="133.13840800">
   </rtept>
   <rtept lat="33.16093000" lon="133.13830700">
   </rtept>
 </rte>
 <rte>
  <name>SHIKOKU_KCH_18(土佐入野松原へのみち)</name>
   <rtept lat="33.00998200" lon="133.00084500">
   </rtept>
   <rtept lat="33.01035300" lon="133.00036300">
   </rtept>
   <rtept lat="33.01092700" lon="132.99994500">
   </rtept>
   <rtept lat="33.01126200" lon="132.99983100">
   </rtept>
   <rtept lat="33.01175600" lon="133.00007800">
   </rtept>
   <rtept lat="33.01241000" lon="133.00023000">
   </rtept>
   <rtept lat="33.01271300" lon="133.00038200">
   </rtept>
   <rtept lat="33.01297100" lon="133.00034100">
   </rtept>
   <rtept lat="33.01328200" lon="133.00031200">
   </rtept>
   <rtept lat="33.01349700" lon="133.00018400">
   </rtept>
   <rtept lat="33.01372400" lon="133.00032600">
   </rtept>
   <rtept lat="33.01380800" lon="133.00102500">
   </rtept>
   <rtept lat="33.01361700" lon="133.00172400">
   </rtept>
   <rtept lat="33.01361700" lon="133.00215200">
   </rtept>
   <rtept lat="33.01361700" lon="133.00299300">
   </rtept>
   <rtept lat="33.01367600" lon="133.00409100">
   </rtept>
   <rtept lat="33.01376000" lon="133.00503200">
   </rtept>
   <rtept lat="33.01392800" lon="133.00593100">
   </rtept>
   <rtept lat="33.01414300" lon="133.00725700">
   </rtept>
   <rtept lat="33.01514700" lon="133.00715900">
   </rtept>
   <rtept lat="33.01590900" lon="133.00749300">
   </rtept>
   <rtept lat="33.01695600" lon="133.00799200">
   </rtept>
   <rtept lat="33.01769300" lon="133.00868200">
   </rtept>
   <rtept lat="33.01784400" lon="133.00896900">
   </rtept>
   <rtept lat="33.01904900" lon="133.00965800">
   </rtept>
   <rtept lat="33.02000100" lon="133.01041900">
   </rtept>
   <rtept lat="33.02069100" lon="133.01125200">
   </rtept>
   <rtept lat="33.02142900" lon="133.01246600">
   </rtept>
   <rtept lat="33.02104800" lon="133.01308400">
   </rtept>
   <rtept lat="33.02077800" lon="133.01384600">
   </rtept>
   <rtept lat="33.02102100" lon="133.01411800">
   </rtept>
   <rtept lat="33.02062000" lon="133.01491600">
   </rtept>
   <rtept lat="33.02353200" lon="133.01776500">
   </rtept>
   <rtept lat="33.02969400" lon="133.02328500">
   </rtept>
   <rtept lat="33.03043200" lon="133.02369000">
   </rtept>
   <rtept lat="33.03109800" lon="133.02361800">
   </rtept>
   <rtept lat="33.03107400" lon="133.02298900">
   </rtept>
   <rtept lat="33.03164700" lon="133.02261800">
   </rtept>
   <rtept lat="33.03187500" lon="133.02253300">
   </rtept>
   <rtept lat="33.03203000" lon="133.02264700">
   </rtept>
   <rtept lat="33.03211400" lon="133.02293200">
   </rtept>
   <rtept lat="33.03218500" lon="133.02320300">
   </rtept>
   <rtept lat="33.03252000" lon="133.02394500">
   </rtept>
   <rtept lat="33.03268800" lon="133.02470000">
   </rtept>
   <rtept lat="33.03283100" lon="133.02520000">
   </rtept>
   <rtept lat="33.03338100" lon="133.02574200">
   </rtept>
   <rtept lat="33.03376400" lon="133.02608400">
   </rtept>
   <rtept lat="33.03402700" lon="133.02608400">
   </rtept>
   <rtept lat="33.03405100" lon="133.02626900">
   </rtept>
   <rtept lat="33.03389500" lon="133.02681100">
   </rtept>
   <rtept lat="33.03375200" lon="133.02716800">
   </rtept>
   <rtept lat="33.03366800" lon="133.02743900">
   </rtept>
   <rtept lat="33.03395500" lon="133.02810900">
   </rtept>
   <rtept lat="33.03423000" lon="133.02879300">
   </rtept>
   <rtept lat="33.03444500" lon="133.02943500">
   </rtept>
   <rtept lat="33.03461200" lon="133.03016200">
   </rtept>
   <rtept lat="33.03510900" lon="133.03128200">
   </rtept>
   <rtept lat="33.03559600" lon="133.03212900">
   </rtept>
   <rtept lat="33.03627300" lon="133.03338400">
   </rtept>
   <rtept lat="33.03667200" lon="133.03400100">
   </rtept>
   <rtept lat="33.03713400" lon="133.03481000">
   </rtept>
   <rtept lat="33.03729300" lon="133.03531300">
   </rtept>
   <rtept lat="33.03738100" lon="133.03611200">
   </rtept>
   <rtept lat="33.03745300" lon="133.03642600">
   </rtept>
   <rtept lat="33.03785000" lon="133.03670600">
   </rtept>
   <rtept lat="33.03812900" lon="133.03697000">
   </rtept>
   <rtept lat="33.03831400" lon="133.03734100">
   </rtept>
   <rtept lat="33.03834300" lon="133.03759800">
   </rtept>
   <rtept lat="33.03840600" lon="133.03802800">
   </rtept>
   <rtept lat="33.03846200" lon="133.03840900">
   </rtept>
   <rtept lat="33.03868500" lon="133.03890400">
   </rtept>
   <rtept lat="33.03884200" lon="133.03929700">
   </rtept>
   <rtept lat="33.03909900" lon="133.03991800">
   </rtept>
   <rtept lat="33.03890300" lon="133.04013400">
   </rtept>
   <rtept lat="33.03872800" lon="133.04022000">
   </rtept>
   <rtept lat="33.03857600" lon="133.04036200">
   </rtept>
   <rtept lat="33.03846400" lon="133.04048600">
   </rtept>
   <rtept lat="33.03825700" lon="133.04056200">
   </rtept>
   <rtept lat="33.03803400" lon="133.04056200">
   </rtept>
   <rtept lat="33.03783500" lon="133.04060000">
   </rtept>
   <rtept lat="33.03772300" lon="133.04067600">
   </rtept>
   <rtept lat="33.03766000" lon="133.04081900">
   </rtept>
   <rtept lat="33.03770700" lon="133.04107500">
   </rtept>
   <rtept lat="33.03781100" lon="133.04126600">
   </rtept>
   <rtept lat="33.03785900" lon="133.04147500">
   </rtept>
   <rtept lat="33.03791500" lon="133.04181700">
   </rtept>
   <rtept lat="33.03805000" lon="133.04199800">
   </rtept>
   <rtept lat="33.03826500" lon="133.04218800">
   </rtept>
   <rtept lat="33.03845700" lon="133.04260600">
   </rtept>
   <rtept lat="33.03868000" lon="133.04286300">
   </rtept>
   <rtept lat="33.03891900" lon="133.04310000">
   </rtept>
   <rtept lat="33.03889500" lon="133.04337600">
   </rtept>
   <rtept lat="33.03896700" lon="133.04363300">
   </rtept>
   <rtept lat="33.03940500" lon="133.04406100">
   </rtept>
   <rtept lat="33.03952400" lon="133.04473600">
   </rtept>
   <rtept lat="33.03942900" lon="133.04550600">
   </rtept>
   <rtept lat="33.03908600" lon="133.04723600">
   </rtept>
   <rtept lat="33.03866900" lon="133.04830200">
   </rtept>
   <rtept lat="33.03839400" lon="133.04895800">
   </rtept>
   <rtept lat="33.03823800" lon="133.04958500">
   </rtept>
   <rtept lat="33.03822600" lon="133.05061200">
   </rtept>
   <rtept lat="33.03845400" lon="133.05211000">
   </rtept>
   <rtept lat="33.03866900" lon="133.05280800">
   </rtept>
   <rtept lat="33.03911100" lon="133.05337900">
   </rtept>
   <rtept lat="33.03975700" lon="133.05402000">
   </rtept>
   <rtept lat="33.04049800" lon="133.05486200">
   </rtept>
   <rtept lat="33.04080900" lon="133.05533200">
   </rtept>
   <rtept lat="33.04085600" lon="133.05550900">
   </rtept>
   <rtept lat="33.03999000" lon="133.05642300">
   </rtept>
   <rtept lat="33.03975200" lon="133.05669500">
   </rtept>
   <rtept lat="33.03967500" lon="133.05685900">
   </rtept>
   <rtept lat="33.03961600" lon="133.05723400">
   </rtept>
   <rtept lat="33.03963300" lon="133.05791000">
   </rtept>
   <rtept lat="33.03970500" lon="133.05816000">
   </rtept>
   <rtept lat="33.03969400" lon="133.05837900">
   </rtept>
   <rtept lat="33.03961600" lon="133.05868300">
   </rtept>
   <rtept lat="33.03950200" lon="133.05894500">
   </rtept>
   <rtept lat="33.03945000" lon="133.05908700">
   </rtept>
   <rtept lat="33.03932300" lon="133.05924500">
   </rtept>
   <rtept lat="33.03914500" lon="133.05963800">
   </rtept>
   <rtept lat="33.03908800" lon="133.05974800">
   </rtept>
   <rtept lat="33.03871700" lon="133.05975900">
   </rtept>
   <rtept lat="33.03840600" lon="133.05973000">
   </rtept>
   <rtept lat="33.03809500" lon="133.05994400">
   </rtept>
   <rtept lat="33.03779600" lon="133.05997200">
   </rtept>
   <rtept lat="33.03756900" lon="133.05997200">
   </rtept>
   <rtept lat="33.03727000" lon="133.05975900">
   </rtept>
   <rtept lat="33.03713800" lon="133.05971600">
   </rtept>
   <rtept lat="33.03697100" lon="133.05977300">
   </rtept>
   <rtept lat="33.03710300" lon="133.06015800">
   </rtept>
   <rtept lat="33.03723400" lon="133.06048600">
   </rtept>
   <rtept lat="33.03733000" lon="133.06074300">
   </rtept>
   <rtept lat="33.03753300" lon="133.06111300">
   </rtept>
   <rtept lat="33.03754500" lon="133.06127000">
   </rtept>
   <rtept lat="33.03725800" lon="133.06161200">
   </rtept>
   <rtept lat="33.03725800" lon="133.06182600">
   </rtept>
   <rtept lat="33.03742500" lon="133.06212600">
   </rtept>
   <rtept lat="33.03767600" lon="133.06252500">
   </rtept>
   <rtept lat="33.03799900" lon="133.06322400">
   </rtept>
   <rtept lat="33.03817900" lon="133.06376600">
   </rtept>
   <rtept lat="33.03829800" lon="133.06405100">
   </rtept>
   <rtept lat="33.03838200" lon="133.06482100">
   </rtept>
   <rtept lat="33.03834600" lon="133.06539200">
   </rtept>
   <rtept lat="33.03808300" lon="133.06730200">
   </rtept>
   <rtept lat="33.03804900" lon="133.06789000">
   </rtept>
   <rtept lat="33.03819300" lon="133.06818900">
   </rtept>
   <rtept lat="33.03837200" lon="133.06890300">
   </rtept>
   <rtept lat="33.03887400" lon="133.06938700">
   </rtept>
   <rtept lat="33.04052400" lon="133.06973000">
   </rtept>
   <rtept lat="33.04062000" lon="133.06970100">
   </rtept>
   <rtept lat="33.04080100" lon="133.06954400">
   </rtept>
   <rtept lat="33.04117800" lon="133.06914100">
   </rtept>
   <rtept lat="33.04137800" lon="133.06938400">
   </rtept>
   <rtept lat="33.04132600" lon="133.06952200">
   </rtept>
   <rtept lat="33.04117400" lon="133.06985500">
   </rtept>
   <rtept lat="33.04103300" lon="133.07016500">
   </rtept>
   <rtept lat="33.04099700" lon="133.07017100">
   </rtept>
   <rtept lat="33.04089100" lon="133.07029500">
   </rtept>
   <rtept lat="33.04094300" lon="133.07068500">
   </rtept>
   <rtept lat="33.04070300" lon="133.07105600">
   </rtept>
   <rtept lat="33.04066800" lon="133.07132700">
   </rtept>
   <rtept lat="33.04070300" lon="133.07164100">
   </rtept>
   <rtept lat="33.04075100" lon="133.07198300">
   </rtept>
   <rtept lat="33.03873100" lon="133.07222500">
   </rtept>
   <rtept lat="33.03832400" lon="133.07209700">
   </rtept>
   <rtept lat="33.03816900" lon="133.07209700">
   </rtept>
   <rtept lat="33.03802200" lon="133.07255300">
   </rtept>
   <rtept lat="33.03774100" lon="133.07286700">
   </rtept>
   <rtept lat="33.03717900" lon="133.07345900">
   </rtept>
   <rtept lat="33.03618100" lon="133.07432200">
   </rtept>
   <rtept lat="33.03568400" lon="133.07474200">
   </rtept>
   <rtept lat="33.03564300" lon="133.07484200">
   </rtept>
   <rtept lat="33.03547500" lon="133.07554100">
   </rtept>
   <rtept lat="33.03536800" lon="133.07584800">
   </rtept>
   <rtept lat="33.03507800" lon="133.07622700">
   </rtept>
   <rtept lat="33.03493800" lon="133.07622700">
   </rtept>
   <rtept lat="33.03477900" lon="133.07612000">
   </rtept>
   <rtept lat="33.03446000" lon="133.07627400">
   </rtept>
   <rtept lat="33.03399200" lon="133.07664300">
   </rtept>
   <rtept lat="33.03384300" lon="133.07677300">
   </rtept>
   <rtept lat="33.03350400" lon="133.07680900">
   </rtept>
   <rtept lat="33.03325500" lon="133.07694000">
   </rtept>
   <rtept lat="33.03295600" lon="133.07792600">
   </rtept>
   <rtept lat="33.03258700" lon="133.07911400">
   </rtept>
   <rtept lat="33.03250700" lon="133.07941200">
   </rtept>
   <rtept lat="33.03229800" lon="133.07974400">
   </rtept>
   <rtept lat="33.03192000" lon="133.08016000">
   </rtept>
   <rtept lat="33.03169100" lon="133.08032700">
   </rtept>
   <rtept lat="33.03124200" lon="133.08043400">
   </rtept>
   <rtept lat="33.03039900" lon="133.08050700">
   </rtept>
   <rtept lat="33.02982200" lon="133.08061400">
   </rtept>
   <rtept lat="33.02945300" lon="133.08078000">
   </rtept>
   <rtept lat="33.02916400" lon="133.08095900">
   </rtept>
   <rtept lat="33.02867600" lon="133.08097100">
   </rtept>
   <rtept lat="33.02847600" lon="133.08101800">
   </rtept>
   <rtept lat="33.02821700" lon="133.08119600">
   </rtept>
   <rtept lat="33.02791900" lon="133.08132700">
   </rtept>
   <rtept lat="33.02772900" lon="133.08152900">
   </rtept>
   <rtept lat="33.02760000" lon="133.08174300">
   </rtept>
   <rtept lat="33.02723100" lon="133.08220700">
   </rtept>
   <rtept lat="33.02710200" lon="133.08244400">
   </rtept>
   <rtept lat="33.02676300" lon="133.08339500">
   </rtept>
   <rtept lat="33.02646400" lon="133.08371600">
   </rtept>
   <rtept lat="33.02600500" lon="133.08485700">
   </rtept>
   <rtept lat="33.02585600" lon="133.08498700">
   </rtept>
   <rtept lat="33.02579600" lon="133.08515400">
   </rtept>
   <rtept lat="33.02595600" lon="133.08536800">
   </rtept>
   <rtept lat="33.02618500" lon="133.08585500">
   </rtept>
   <rtept lat="33.02642400" lon="133.08611600">
   </rtept>
   <rtept lat="33.02672300" lon="133.08636600">
   </rtept>
   <rtept lat="33.02695200" lon="133.08690100">
   </rtept>
   <rtept lat="33.02697200" lon="133.08760900">
   </rtept>
   <rtept lat="33.02637400" lon="133.09012800">
   </rtept>
   <rtept lat="33.02610500" lon="133.09044900">
   </rtept>
   <rtept lat="33.02586600" lon="133.09065100">
   </rtept>
   <rtept lat="33.02537800" lon="133.09106700">
   </rtept>
   <rtept lat="33.02504900" lon="133.09114700">
   </rtept>
   <rtept lat="33.02483000" lon="133.09140800">
   </rtept>
   <rtept lat="33.02461100" lon="133.09175300">
   </rtept>
   <rtept lat="33.02442200" lon="133.09219200">
   </rtept>
   <rtept lat="33.02420200" lon="133.09265600">
   </rtept>
   <rtept lat="33.02418300" lon="133.09317900">
   </rtept>
   <rtept lat="33.02420200" lon="133.09352300">
   </rtept>
   <rtept lat="33.02411300" lon="133.09372500">
   </rtept>
   <rtept lat="33.02393300" lon="133.09398700">
   </rtept>
   <rtept lat="33.02396300" lon="133.09429600">
   </rtept>
   <rtept lat="33.02399300" lon="133.09448600">
   </rtept>
   <rtept lat="33.02397300" lon="133.09471200">
   </rtept>
   <rtept lat="33.02427200" lon="133.09503300">
   </rtept>
   <rtept lat="33.02461100" lon="133.09562700">
   </rtept>
   <rtept lat="33.02491000" lon="133.09610200">
   </rtept>
   <rtept lat="33.02526900" lon="133.09648200">
   </rtept>
   <rtept lat="33.02556800" lon="133.09668400">
   </rtept>
   <rtept lat="33.02599600" lon="133.09679100">
   </rtept>
   <rtept lat="33.02630500" lon="133.09670800">
   </rtept>
   <rtept lat="33.02666400" lon="133.09654200">
   </rtept>
   <rtept lat="33.02683300" lon="133.09645900">
   </rtept>
   <rtept lat="33.02755000" lon="133.09637600">
   </rtept>
   <rtept lat="33.02794900" lon="133.09634000">
   </rtept>
   <rtept lat="33.02819800" lon="133.09634000">
   </rtept>
   <rtept lat="33.02864600" lon="133.09654200">
   </rtept>
   <rtept lat="33.02883600" lon="133.09682700">
   </rtept>
   <rtept lat="33.02969600" lon="133.09642300">
   </rtept>
   <rtept lat="33.03009500" lon="133.09593600">
   </rtept>
   <rtept lat="33.03048400" lon="133.09561500">
   </rtept>
   <rtept lat="33.03096200" lon="133.09505600">
   </rtept>
   <rtept lat="33.03099200" lon="133.09380900">
   </rtept>
   <rtept lat="33.03155000" lon="133.09311900">
   </rtept>
   <rtept lat="33.03194800" lon="133.09319100">
   </rtept>
   <rtept lat="33.03235700" lon="133.09332100">
   </rtept>
   <rtept lat="33.03262600" lon="133.09332100">
   </rtept>
 </rte>
 <rte>
  <name>SHIKOKU_KCH_19(田野浦・下田へのみち)</name>
   <rtept lat="32.94262500" lon="132.98769700">
   </rtept>
   <rtept lat="32.94240500" lon="132.98821100">
   </rtept>
   <rtept lat="32.94230000" lon="132.98890300">
   </rtept>
   <rtept lat="32.94315000" lon="132.99202800">
   </rtept>
   <rtept lat="32.94237400" lon="132.99391600">
   </rtept>
   <rtept lat="32.94184000" lon="132.99364100">
   </rtept>
   <rtept lat="32.94099800" lon="132.99255600">
   </rtept>
   <rtept lat="32.94005500" lon="132.99192700">
   </rtept>
   <rtept lat="32.93985600" lon="132.99188500">
   </rtept>
   <rtept lat="32.93887000" lon="132.99339800">
   </rtept>
   <rtept lat="32.93817000" lon="132.99377500">
   </rtept>
   <rtept lat="32.93783500" lon="132.99394600">
   </rtept>
   <rtept lat="32.93775100" lon="132.99434600">
   </rtept>
   <rtept lat="32.93936700" lon="132.99494500">
   </rtept>
   <rtept lat="32.94042000" lon="132.99530100">
   </rtept>
   <rtept lat="32.94157000" lon="132.99567000">
   </rtept>
   <rtept lat="32.94222600" lon="132.99602500">
   </rtept>
   <rtept lat="32.94312500" lon="132.99689600">
   </rtept>
   <rtept lat="32.94318200" lon="132.99675300">
   </rtept>
   <rtept lat="32.94333900" lon="132.99582500">
   </rtept>
   <rtept lat="32.94333900" lon="132.99452600">
   </rtept>
   <rtept lat="32.94342500" lon="132.99329800">
   </rtept>
   <rtept lat="32.94351000" lon="132.99231300">
   </rtept>
   <rtept lat="32.94353900" lon="132.99187000">
   </rtept>
   <rtept lat="32.94341000" lon="132.99128500">
   </rtept>
   <rtept lat="32.94321100" lon="132.99074300">
   </rtept>
   <rtept lat="32.94331100" lon="132.99005700">
   </rtept>
   <rtept lat="32.94306800" lon="132.98948600">
   </rtept>
   <rtept lat="32.94303900" lon="132.98910100">
   </rtept>
   <rtept lat="32.94303900" lon="132.98837300">
   </rtept>
   <rtept lat="32.94336800" lon="132.98761600">
   </rtept>
   <rtept lat="32.94352500" lon="132.98723000">
   </rtept>
   <rtept lat="32.94401200" lon="132.98691700">
   </rtept>
   <rtept lat="32.94417800" lon="132.98747200">
   </rtept>
   <rtept lat="32.94405800" lon="132.98929700">
   </rtept>
   <rtept lat="32.94457300" lon="132.98985300">
   </rtept>
   <rtept lat="32.94498000" lon="132.99021000">
   </rtept>
   <rtept lat="32.94545300" lon="132.99048100">
   </rtept>
   <rtept lat="32.94569300" lon="132.99043800">
   </rtept>
   <rtept lat="32.94602800" lon="132.99043800">
   </rtept>
   <rtept lat="32.94632700" lon="132.99046700">
   </rtept>
   <rtept lat="32.94662600" lon="132.99052400">
   </rtept>
   <rtept lat="32.94679400" lon="132.99050900">
   </rtept>
   <rtept lat="32.94747600" lon="132.99015300">
   </rtept>
   <rtept lat="32.94795500" lon="132.99003900">
   </rtept>
   <rtept lat="32.94830200" lon="132.98995300">
   </rtept>
   <rtept lat="32.94846900" lon="132.99028100">
   </rtept>
   <rtept lat="32.94939100" lon="132.99070900">
   </rtept>
   <rtept lat="32.94965400" lon="132.99072300">
   </rtept>
   <rtept lat="32.95009700" lon="132.99066600">
   </rtept>
   <rtept lat="32.95034800" lon="132.99085200">
   </rtept>
   <rtept lat="32.95098200" lon="132.99082300">
   </rtept>
   <rtept lat="32.95240600" lon="132.99072300">
   </rtept>
   <rtept lat="32.95302900" lon="132.99052400">
   </rtept>
   <rtept lat="32.95339800" lon="132.99061200">
   </rtept>
   <rtept lat="32.95394800" lon="132.99059800">
   </rtept>
   <rtept lat="32.95441500" lon="132.99064100">
   </rtept>
   <rtept lat="32.95526400" lon="132.99067000">
   </rtept>
   <rtept lat="32.95595800" lon="132.99101200">
   </rtept>
   <rtept lat="32.95634100" lon="132.99109700">
   </rtept>
   <rtept lat="32.95660400" lon="132.99092600">
   </rtept>
   <rtept lat="32.95688000" lon="132.99104000">
   </rtept>
   <rtept lat="32.95708300" lon="132.99128300">
   </rtept>
   <rtept lat="32.95713100" lon="132.99145400">
   </rtept>
   <rtept lat="32.95714300" lon="132.99178200">
   </rtept>
   <rtept lat="32.95751400" lon="132.99221000">
   </rtept>
   <rtept lat="32.95733400" lon="132.99306500">
   </rtept>
   <rtept lat="32.95781300" lon="132.99345000">
   </rtept>
   <rtept lat="32.95826800" lon="132.99345000">
   </rtept>
   <rtept lat="32.95851900" lon="132.99343600">
   </rtept>
   <rtept lat="32.95871000" lon="132.99350700">
   </rtept>
   <rtept lat="32.95950000" lon="132.99353600">
   </rtept>
   <rtept lat="32.95999100" lon="132.99372100">
   </rtept>
   <rtept lat="32.96030200" lon="132.99373600">
   </rtept>
   <rtept lat="32.96058900" lon="132.99359300">
   </rtept>
   <rtept lat="32.96098700" lon="132.99357200">
   </rtept>
   <rtept lat="32.96205200" lon="132.99402800">
   </rtept>
   <rtept lat="32.96226800" lon="132.99437000">
   </rtept>
   <rtept lat="32.96279400" lon="132.99449900">
   </rtept>
   <rtept lat="32.96303400" lon="132.99445600">
   </rtept>
   <rtept lat="32.96363200" lon="132.99424200">
   </rtept>
   <rtept lat="32.96402700" lon="132.99411400">
   </rtept>
   <rtept lat="32.96475600" lon="132.99398500">
   </rtept>
   <rtept lat="32.96519900" lon="132.99445600">
   </rtept>
   <rtept lat="32.96536700" lon="132.99468400">
   </rtept>
   <rtept lat="32.96545000" lon="132.99536800">
   </rtept>
   <rtept lat="32.96615600" lon="132.99596700">
   </rtept>
   <rtept lat="32.96603700" lon="132.99648100">
   </rtept>
   <rtept lat="32.96577400" lon="132.99699400">
   </rtept>
   <rtept lat="32.96578500" lon="132.99727900">
   </rtept>
   <rtept lat="32.96601300" lon="132.99742200">
   </rtept>
   <rtept lat="32.96720900" lon="132.99736500">
   </rtept>
   <rtept lat="32.96790600" lon="132.99710800">
   </rtept>
   <rtept lat="32.96812100" lon="132.99725100">
   </rtept>
   <rtept lat="32.96825300" lon="132.99732200">
   </rtept>
   <rtept lat="32.96845600" lon="132.99729400">
   </rtept>
   <rtept lat="32.96857600" lon="132.99720800">
   </rtept>
   <rtept lat="32.96869500" lon="132.99683700">
   </rtept>
   <rtept lat="32.96877900" lon="132.99652400">
   </rtept>
   <rtept lat="32.96889900" lon="132.99639500">
   </rtept>
   <rtept lat="32.96938900" lon="132.99621000">
   </rtept>
   <rtept lat="32.96973600" lon="132.99619600">
   </rtept>
   <rtept lat="32.97014300" lon="132.99638100">
   </rtept>
   <rtept lat="32.97060600" lon="132.99636400">
   </rtept>
   <rtept lat="32.97095500" lon="132.99631600">
   </rtept>
   <rtept lat="32.97126400" lon="132.99620900">
   </rtept>
   <rtept lat="32.97152300" lon="132.99632800">
   </rtept>
   <rtept lat="32.97167300" lon="132.99663700">
   </rtept>
   <rtept lat="32.97194200" lon="132.99710100">
   </rtept>
   <rtept lat="32.97224100" lon="132.99742200">
   </rtept>
   <rtept lat="32.97261000" lon="132.99750500">
   </rtept>
   <rtept lat="32.97309900" lon="132.99756400">
   </rtept>
   <rtept lat="32.97337800" lon="132.99780200">
   </rtept>
   <rtept lat="32.97392600" lon="132.99813500">
   </rtept>
   <rtept lat="32.97447400" lon="132.99836000">
   </rtept>
   <rtept lat="32.97520200" lon="132.99824200">
   </rtept>
   <rtept lat="32.97603000" lon="132.99839600">
   </rtept>
   <rtept lat="32.97691900" lon="132.99852700">
   </rtept>
   <rtept lat="32.97801600" lon="132.99856200">
   </rtept>
   <rtept lat="32.97833500" lon="132.99833700">
   </rtept>
   <rtept lat="32.97857400" lon="132.99804000">
   </rtept>
   <rtept lat="32.97904200" lon="132.99720800">
   </rtept>
   <rtept lat="32.97962100" lon="132.99642300">
   </rtept>
   <rtept lat="32.98005900" lon="132.99582900">
   </rtept>
   <rtept lat="32.98050800" lon="132.99568700">
   </rtept>
   <rtept lat="32.98084700" lon="132.99560300">
   </rtept>
   <rtept lat="32.98107600" lon="132.99567500">
   </rtept>
   <rtept lat="32.98120600" lon="132.99594800">
   </rtept>
   <rtept lat="32.98123600" lon="132.99643500">
   </rtept>
   <rtept lat="32.98143500" lon="132.99691100">
   </rtept>
   <rtept lat="32.98168400" lon="132.99719600">
   </rtept>
   <rtept lat="32.98225200" lon="132.99775400">
   </rtept>
   <rtept lat="32.98260300" lon="132.99807800">
   </rtept>
   <rtept lat="32.98276700" lon="132.99819800">
   </rtept>
   <rtept lat="32.98302200" lon="132.99819800">
   </rtept>
   <rtept lat="32.98341300" lon="132.99797900">
   </rtept>
   <rtept lat="32.98385900" lon="132.99789400">
   </rtept>
   <rtept lat="32.98425000" lon="132.99791300">
   </rtept>
   <rtept lat="32.98471300" lon="132.99823600">
   </rtept>
   <rtept lat="32.98506400" lon="132.99831200">
   </rtept>
   <rtept lat="32.98559600" lon="132.99823200">
   </rtept>
   <rtept lat="32.98569400" lon="132.99789100">
   </rtept>
   <rtept lat="32.98586500" lon="132.99736300">
   </rtept>
   <rtept lat="32.98598000" lon="132.99713400">
   </rtept>
   <rtept lat="32.98617900" lon="132.99683400">
   </rtept>
   <rtept lat="32.98670800" lon="132.99619200">
   </rtept>
   <rtept lat="32.98689300" lon="132.99592100">
   </rtept>
   <rtept lat="32.98712200" lon="132.99545000">
   </rtept>
   <rtept lat="32.98739300" lon="132.99535000">
   </rtept>
   <rtept lat="32.98800700" lon="132.99522100">
   </rtept>
   <rtept lat="32.98816400" lon="132.99525000">
   </rtept>
   <rtept lat="32.98832100" lon="132.99519300">
   </rtept>
   <rtept lat="32.98882100" lon="132.99543500">
   </rtept>
   <rtept lat="32.98962000" lon="132.99602100">
   </rtept>
   <rtept lat="32.98982000" lon="132.99676300">
   </rtept>
   <rtept lat="32.99146200" lon="132.99849000">
   </rtept>
   <rtept lat="32.99224700" lon="132.99936100">
   </rtept>
   <rtept lat="32.99239000" lon="132.99981800">
   </rtept>
   <rtept lat="32.99230400" lon="133.00038900">
   </rtept>
   <rtept lat="32.99266500" lon="133.00045300">
   </rtept>
   <rtept lat="32.99315100" lon="133.00054800">
   </rtept>
   <rtept lat="32.99325500" lon="133.00051000">
   </rtept>
   <rtept lat="32.99336600" lon="133.00063400">
   </rtept>
   <rtept lat="32.99346200" lon="133.00116600">
   </rtept>
   <rtept lat="32.99345700" lon="133.00134100">
   </rtept>
   <rtept lat="32.99344500" lon="133.00166200">
   </rtept>
   <rtept lat="32.99343300" lon="133.00203100">
   </rtept>
   <rtept lat="32.99344500" lon="133.00265000">
   </rtept>
   <rtept lat="32.99344500" lon="133.00326800">
   </rtept>
   <rtept lat="32.99354000" lon="133.00349500">
   </rtept>
   <rtept lat="32.99394400" lon="133.00394700">
   </rtept>
   <rtept lat="32.99423000" lon="133.00416100">
   </rtept>
   <rtept lat="32.99452700" lon="133.00457700">
   </rtept>
   <rtept lat="32.99463400" lon="133.00489800">
   </rtept>
   <rtept lat="32.99533600" lon="133.00541000">
   </rtept>
   <rtept lat="32.99550300" lon="133.00543400">
   </rtept>
   <rtept lat="32.99574100" lon="133.00529100">
   </rtept>
   <rtept lat="32.99599100" lon="133.00533900">
   </rtept>
   <rtept lat="32.99611000" lon="133.00541000">
   </rtept>
   <rtept lat="32.99634800" lon="133.00549300">
   </rtept>
   <rtept lat="32.99699100" lon="133.00460100">
   </rtept>
   <rtept lat="32.99714000" lon="133.00472000">
   </rtept>
   <rtept lat="32.99741900" lon="133.00501700">
   </rtept>
   <rtept lat="32.99771800" lon="133.00531400">
   </rtept>
   <rtept lat="32.99797700" lon="133.00544500">
   </rtept>
   <rtept lat="32.99860500" lon="133.00550400">
   </rtept>
   <rtept lat="32.99898400" lon="133.00506400">
   </rtept>
   <rtept lat="32.99898400" lon="133.00466000">
   </rtept>
   <rtept lat="32.99905400" lon="133.00458900">
   </rtept>
   <rtept lat="32.99924300" lon="133.00456500">
   </rtept>
   <rtept lat="32.99972200" lon="133.00432700">
   </rtept>
   <rtept lat="33.00003100" lon="133.00444600">
   </rtept>
   <rtept lat="33.00053900" lon="133.00439900">
   </rtept>
   <rtept lat="33.00102700" lon="133.00432700">
   </rtept>
   <rtept lat="33.00137600" lon="133.00428000">
   </rtept>
   <rtept lat="33.00178500" lon="133.00441100">
   </rtept>
   <rtept lat="33.00215300" lon="133.00469600">
   </rtept>
   <rtept lat="33.00236300" lon="133.00511200">
   </rtept>
   <rtept lat="33.00244200" lon="133.00543300">
   </rtept>
   <rtept lat="33.00262200" lon="133.00569400">
   </rtept>
   <rtept lat="33.00287100" lon="133.00584900">
   </rtept>
   <rtept lat="33.00306000" lon="133.00586000">
   </rtept>
   <rtept lat="33.00335900" lon="133.00578900">
   </rtept>
   <rtept lat="33.00358900" lon="133.00574200">
   </rtept>
   <rtept lat="33.00385200" lon="133.00581300">
   </rtept>
   <rtept lat="33.00397100" lon="133.00587200">
   </rtept>
   <rtept lat="33.00478900" lon="133.00628800">
   </rtept>
   <rtept lat="33.00553700" lon="133.00667500">
   </rtept>
   <rtept lat="33.00598500" lon="133.00691200">
   </rtept>
   <rtept lat="33.00630300" lon="133.00681800">
   </rtept>
   <rtept lat="33.00711600" lon="133.00649500">
   </rtept>
   <rtept lat="33.00765800" lon="133.00626700">
   </rtept>
   <rtept lat="33.00791400" lon="133.00611500">
   </rtept>
   <rtept lat="33.00805700" lon="133.00592500">
   </rtept>
   <rtept lat="33.00823200" lon="133.00510700">
   </rtept>
   <rtept lat="33.00844000" lon="133.00385200">
   </rtept>
   <rtept lat="33.00866300" lon="133.00352900">
   </rtept>
   <rtept lat="33.00909400" lon="133.00307300">
   </rtept>
   <rtept lat="33.00928500" lon="133.00225500">
   </rtept>
   <rtept lat="33.00947600" lon="133.00170400">
   </rtept>
   <rtept lat="33.00981100" lon="133.00107600">
   </rtept>
   <rtept lat="33.00998200" lon="133.00085500">
   </rtept>
 </rte>
 <rte>
  <name>SHIKOKU_KCH_20(四万十川から布浦へのみち)</name>
   <rtept lat="32.86814800" lon="132.98632400">
   </rtept>
   <rtept lat="32.86846700" lon="132.98684700">
   </rtept>
   <rtept lat="32.86826800" lon="132.98703700">
   </rtept>
   <rtept lat="32.86804800" lon="132.98723900">
   </rtept>
   <rtept lat="32.86756900" lon="132.98756000">
   </rtept>
   <rtept lat="32.86740900" lon="132.98773800">
   </rtept>
   <rtept lat="32.86724000" lon="132.98791600">
   </rtept>
   <rtept lat="32.86711000" lon="132.98815400">
   </rtept>
   <rtept lat="32.86705000" lon="132.98846300">
   </rtept>
   <rtept lat="32.86709000" lon="132.98864100">
   </rtept>
   <rtept lat="32.86722000" lon="132.98874800">
   </rtept>
   <rtept lat="32.86758900" lon="132.98881900">
   </rtept>
   <rtept lat="32.86785800" lon="132.98893800">
   </rtept>
   <rtept lat="32.86805800" lon="132.98909300">
   </rtept>
   <rtept lat="32.86809800" lon="132.98917600">
   </rtept>
   <rtept lat="32.86806800" lon="132.98929500">
   </rtept>
   <rtept lat="32.86795800" lon="132.98930700">
   </rtept>
   <rtept lat="32.86744900" lon="132.98920000">
   </rtept>
   <rtept lat="32.86722000" lon="132.98929500">
   </rtept>
   <rtept lat="32.86694000" lon="132.98952100">
   </rtept>
   <rtept lat="32.86684000" lon="132.98975800">
   </rtept>
   <rtept lat="32.86680000" lon="132.98996000">
   </rtept>
   <rtept lat="32.86658100" lon="132.99017400">
   </rtept>
   <rtept lat="32.86645100" lon="132.99030500">
   </rtept>
   <rtept lat="32.86645100" lon="132.99047100">
   </rtept>
   <rtept lat="32.86661800" lon="132.99079900">
   </rtept>
   <rtept lat="32.86605100" lon="132.99150400">
   </rtept>
   <rtept lat="32.86546100" lon="132.99204900">
   </rtept>
   <rtept lat="32.86503700" lon="132.99210400">
   </rtept>
   <rtept lat="32.86439000" lon="132.99232200">
   </rtept>
   <rtept lat="32.86417600" lon="132.99245300">
   </rtept>
   <rtept lat="32.86362800" lon="132.99283400">
   </rtept>
   <rtept lat="32.86346200" lon="132.99300100">
   </rtept>
   <rtept lat="32.86343800" lon="132.99322700">
   </rtept>
   <rtept lat="32.86499200" lon="132.99371000">
   </rtept>
   <rtept lat="32.86342600" lon="132.99321500">
   </rtept>
   <rtept lat="32.86345000" lon="132.99297700">
   </rtept>
   <rtept lat="32.86361700" lon="132.99282200">
   </rtept>
   <rtept lat="32.86417600" lon="132.99245300">
   </rtept>
   <rtept lat="32.86435400" lon="132.99232200">
   </rtept>
   <rtept lat="32.86500900" lon="132.99210800">
   </rtept>
   <rtept lat="32.86544900" lon="132.99203700">
   </rtept>
   <rtept lat="32.86605500" lon="132.99150200">
   </rtept>
   <rtept lat="32.86660300" lon="132.99077000">
   </rtept>
   <rtept lat="32.86767900" lon="132.99085200">
   </rtept>
   <rtept lat="32.86856700" lon="132.99085200">
   </rtept>
   <rtept lat="32.86886700" lon="132.99063800">
   </rtept>
   <rtept lat="32.86908600" lon="132.99062600">
   </rtept>
   <rtept lat="32.86947500" lon="132.99075600">
   </rtept>
   <rtept lat="32.86993500" lon="132.99145800">
   </rtept>
   <rtept lat="32.87019400" lon="132.99185000">
   </rtept>
   <rtept lat="32.87021400" lon="132.99207600">
   </rtept>
   <rtept lat="32.87018400" lon="132.99223000">
   </rtept>
   <rtept lat="32.87021400" lon="132.99236100">
   </rtept>
   <rtept lat="32.87065300" lon="132.99301400">
   </rtept>
   <rtept lat="32.87089300" lon="132.99338300">
   </rtept>
   <rtept lat="32.87108200" lon="132.99364400">
   </rtept>
   <rtept lat="32.87130200" lon="132.99373900">
   </rtept>
   <rtept lat="32.87154200" lon="132.99373900">
   </rtept>
   <rtept lat="32.87175100" lon="132.99376300">
   </rtept>
   <rtept lat="32.87194100" lon="132.99382300">
   </rtept>
   <rtept lat="32.87203100" lon="132.99395300">
   </rtept>
   <rtept lat="32.87204100" lon="132.99414300">
   </rtept>
   <rtept lat="32.87193100" lon="132.99442900">
   </rtept>
   <rtept lat="32.87182800" lon="132.99464400">
   </rtept>
   <rtept lat="32.87178000" lon="132.99488200">
   </rtept>
   <rtept lat="32.87178000" lon="132.99514800">
   </rtept>
   <rtept lat="32.87190000" lon="132.99547100">
   </rtept>
   <rtept lat="32.87238700" lon="132.99595600">
   </rtept>
   <rtept lat="32.87304900" lon="132.99656500">
   </rtept>
   <rtept lat="32.87356000" lon="132.99701100">
   </rtept>
   <rtept lat="32.87374400" lon="132.99711600">
   </rtept>
   <rtept lat="32.87412600" lon="132.99733500">
   </rtept>
   <rtept lat="32.87445300" lon="132.99763900">
   </rtept>
   <rtept lat="32.87465300" lon="132.99781000">
   </rtept>
   <rtept lat="32.87477300" lon="132.99785800">
   </rtept>
   <rtept lat="32.87488400" lon="132.99782000">
   </rtept>
   <rtept lat="32.87505200" lon="132.99755300">
   </rtept>
   <rtept lat="32.87522800" lon="132.99728700">
   </rtept>
   <rtept lat="32.87534700" lon="132.99725900">
   </rtept>
   <rtept lat="32.87545900" lon="132.99727800">
   </rtept>
   <rtept lat="32.87553100" lon="132.99742000">
   </rtept>
   <rtept lat="32.87559000" lon="132.99767400">
   </rtept>
   <rtept lat="32.87571600" lon="132.99790200">
   </rtept>
   <rtept lat="32.87602700" lon="132.99824400">
   </rtept>
   <rtept lat="32.87642300" lon="132.99855800">
   </rtept>
   <rtept lat="32.87672800" lon="132.99863600">
   </rtept>
   <rtept lat="32.87691400" lon="132.99861500">
   </rtept>
   <rtept lat="32.87709300" lon="132.99840100">
   </rtept>
   <rtept lat="32.87723100" lon="132.99834400">
   </rtept>
   <rtept lat="32.87739900" lon="132.99841500">
   </rtept>
   <rtept lat="32.87769200" lon="132.99891400">
   </rtept>
   <rtept lat="32.87768000" lon="132.99904300">
   </rtept>
   <rtept lat="32.87759000" lon="132.99922800">
   </rtept>
   <rtept lat="32.87754800" lon="132.99951300">
   </rtept>
   <rtept lat="32.87755400" lon="132.99969900">
   </rtept>
   <rtept lat="32.87762600" lon="132.99992700">
   </rtept>
   <rtept lat="32.87773400" lon="133.00009100">
   </rtept>
   <rtept lat="32.87821300" lon="133.00055400">
   </rtept>
   <rtept lat="32.87843500" lon="133.00073300">
   </rtept>
   <rtept lat="32.87866800" lon="133.00082500">
   </rtept>
   <rtept lat="32.87892700" lon="133.00081800">
   </rtept>
   <rtept lat="32.87917200" lon="133.00065400">
   </rtept>
   <rtept lat="32.87938800" lon="133.00044700">
   </rtept>
   <rtept lat="32.87949000" lon="133.00023300">
   </rtept>
   <rtept lat="32.87958000" lon="132.99999800">
   </rtept>
   <rtept lat="32.87970500" lon="132.99987700">
   </rtept>
   <rtept lat="32.87985500" lon="132.99988400">
   </rtept>
   <rtept lat="32.87993300" lon="133.00003400">
   </rtept>
   <rtept lat="32.87995100" lon="133.00045400">
   </rtept>
   <rtept lat="32.87987300" lon="133.00073300">
   </rtept>
   <rtept lat="32.87972300" lon="133.00100300">
   </rtept>
   <rtept lat="32.87968700" lon="133.00114600">
   </rtept>
   <rtept lat="32.87969900" lon="133.00133500">
   </rtept>
   <rtept lat="32.87978300" lon="133.00157700">
   </rtept>
   <rtept lat="32.87995700" lon="133.00185600">
   </rtept>
   <rtept lat="32.88011300" lon="133.00193400">
   </rtept>
   <rtept lat="32.88038200" lon="133.00188200">
   </rtept>
   <rtept lat="32.88064800" lon="133.00175800">
   </rtept>
   <rtept lat="32.88081000" lon="133.00155800">
   </rtept>
   <rtept lat="32.88096300" lon="133.00136800">
   </rtept>
   <rtept lat="32.88114300" lon="133.00084400">
   </rtept>
   <rtept lat="32.88135300" lon="133.00072000">
   </rtept>
   <rtept lat="32.88152400" lon="133.00068200">
   </rtept>
   <rtept lat="32.88185700" lon="133.00073000">
   </rtept>
   <rtept lat="32.88208600" lon="133.00087300">
   </rtept>
   <rtept lat="32.88228500" lon="133.00093900">
   </rtept>
   <rtept lat="32.88259000" lon="133.00093900">
   </rtept>
   <rtept lat="32.88278000" lon="133.00097700">
   </rtept>
   <rtept lat="32.88312300" lon="133.00129100">
   </rtept>
   <rtept lat="32.88353200" lon="133.00149100">
   </rtept>
   <rtept lat="32.88374200" lon="133.00165300">
   </rtept>
   <rtept lat="32.88395100" lon="133.00203400">
   </rtept>
   <rtept lat="32.88414100" lon="133.00226200">
   </rtept>
   <rtept lat="32.88431300" lon="133.00233800">
   </rtept>
   <rtept lat="32.88449400" lon="133.00236700">
   </rtept>
   <rtept lat="32.88462700" lon="133.00227200">
   </rtept>
   <rtept lat="32.88477900" lon="133.00210000">
   </rtept>
   <rtept lat="32.88490300" lon="133.00175800">
   </rtept>
   <rtept lat="32.88516900" lon="133.00118700">
   </rtept>
   <rtept lat="32.88536900" lon="133.00102500">
   </rtept>
   <rtept lat="32.88553100" lon="133.00104400">
   </rtept>
   <rtept lat="32.88595900" lon="133.00132000">
   </rtept>
   <rtept lat="32.88644500" lon="133.00128200">
   </rtept>
   <rtept lat="32.88674000" lon="133.00121500">
   </rtept>
   <rtept lat="32.88682600" lon="133.00066300">
   </rtept>
   <rtept lat="32.88694000" lon="133.00049200">
   </rtept>
   <rtept lat="32.88735200" lon="133.00023100">
   </rtept>
   <rtept lat="32.88739700" lon="133.00015900">
   </rtept>
   <rtept lat="32.88740600" lon="132.99925500">
   </rtept>
   <rtept lat="32.88754900" lon="132.99897900">
   </rtept>
   <rtept lat="32.88773900" lon="132.99891200">
   </rtept>
   <rtept lat="32.88810100" lon="132.99877900">
   </rtept>
   <rtept lat="32.88819600" lon="132.99888300">
   </rtept>
   <rtept lat="32.88817700" lon="132.99908300">
   </rtept>
   <rtept lat="32.88791100" lon="132.99931200">
   </rtept>
   <rtept lat="32.88792000" lon="132.99959700">
   </rtept>
   <rtept lat="32.88800600" lon="132.99965400">
   </rtept>
   <rtept lat="32.88837700" lon="132.99965400">
   </rtept>
   <rtept lat="32.88858400" lon="132.99976900">
   </rtept>
   <rtept lat="32.88872900" lon="132.99994900">
   </rtept>
   <rtept lat="32.88880500" lon="133.00005400">
   </rtept>
   <rtept lat="32.88886200" lon="133.00001600">
   </rtept>
   <rtept lat="32.88896500" lon="132.99957800">
   </rtept>
   <rtept lat="32.88908100" lon="132.99946700">
   </rtept>
   <rtept lat="32.88922600" lon="132.99940000">
   </rtept>
   <rtept lat="32.88945200" lon="132.99944700">
   </rtept>
   <rtept lat="32.88961900" lon="132.99953100">
   </rtept>
   <rtept lat="32.88975000" lon="132.99992300">
   </rtept>
   <rtept lat="32.88990500" lon="132.99994700">
   </rtept>
   <rtept lat="32.89061800" lon="132.99962600">
   </rtept>
   <rtept lat="32.89089200" lon="132.99962600">
   </rtept>
   <rtept lat="32.89113000" lon="132.99968500">
   </rtept>
   <rtept lat="32.89128500" lon="133.00005400">
   </rtept>
   <rtept lat="32.89142700" lon="133.00023300">
   </rtept>
   <rtept lat="32.89164200" lon="133.00043500">
   </rtept>
   <rtept lat="32.89237900" lon="133.00068500">
   </rtept>
   <rtept lat="32.89249800" lon="133.00085100">
   </rtept>
   <rtept lat="32.89267700" lon="133.00078000">
   </rtept>
   <rtept lat="32.89281900" lon="133.00079200">
   </rtept>
   <rtept lat="32.89296200" lon="133.00094600">
   </rtept>
   <rtept lat="32.89291500" lon="133.00113700">
   </rtept>
   <rtept lat="32.89316400" lon="133.00157700">
   </rtept>
   <rtept lat="32.89322400" lon="133.00193400">
   </rtept>
   <rtept lat="32.89341400" lon="133.00221900">
   </rtept>
   <rtept lat="32.89341400" lon="133.00286200">
   </rtept>
   <rtept lat="32.89345000" lon="133.00356400">
   </rtept>
   <rtept lat="32.89324800" lon="133.00401600">
   </rtept>
   <rtept lat="32.89330700" lon="133.00434900">
   </rtept>
   <rtept lat="32.89339000" lon="133.00467000">
   </rtept>
   <rtept lat="32.89358100" lon="133.00481300">
   </rtept>
   <rtept lat="32.89382500" lon="133.00493000">
   </rtept>
   <rtept lat="32.89395400" lon="133.00484700">
   </rtept>
   <rtept lat="32.89448300" lon="133.00439500">
   </rtept>
   <rtept lat="32.89482200" lon="133.00405000">
   </rtept>
   <rtept lat="32.89507200" lon="133.00375300">
   </rtept>
   <rtept lat="32.89509200" lon="133.00361100">
   </rtept>
   <rtept lat="32.89510200" lon="133.00338500">
   </rtept>
   <rtept lat="32.89498200" lon="133.00314700">
   </rtept>
   <rtept lat="32.89484200" lon="133.00290900">
   </rtept>
   <rtept lat="32.89474300" lon="133.00274300">
   </rtept>
   <rtept lat="32.89464300" lon="133.00242200">
   </rtept>
   <rtept lat="32.89456300" lon="133.00216100">
   </rtept>
   <rtept lat="32.89444300" lon="133.00188700">
   </rtept>
   <rtept lat="32.89435400" lon="133.00165000">
   </rtept>
   <rtept lat="32.89430400" lon="133.00143600">
   </rtept>
   <rtept lat="32.89432400" lon="133.00119800">
   </rtept>
   <rtept lat="32.89439300" lon="133.00079400">
   </rtept>
   <rtept lat="32.89449300" lon="133.00047300">
   </rtept>
   <rtept lat="32.89456300" lon="133.00040200">
   </rtept>
   <rtept lat="32.89539100" lon="133.00047300">
   </rtept>
   <rtept lat="32.89529100" lon="133.00107900">
   </rtept>
   <rtept lat="32.89528200" lon="133.00141200">
   </rtept>
   <rtept lat="32.89538100" lon="133.00167400">
   </rtept>
   <rtept lat="32.89556100" lon="133.00193500">
   </rtept>
   <rtept lat="32.89591000" lon="133.00224400">
   </rtept>
   <rtept lat="32.89614000" lon="133.00233900">
   </rtept>
   <rtept lat="32.89636900" lon="133.00237500">
   </rtept>
   <rtept lat="32.89662900" lon="133.00245800">
   </rtept>
   <rtept lat="32.89672800" lon="133.00260100">
   </rtept>
   <rtept lat="32.89683800" lon="133.00283800">
   </rtept>
   <rtept lat="32.89685800" lon="133.00320700">
   </rtept>
   <rtept lat="32.89683800" lon="133.00343200">
   </rtept>
   <rtept lat="32.89681800" lon="133.00361100">
   </rtept>
   <rtept lat="32.89683800" lon="133.00394300">
   </rtept>
   <rtept lat="32.89692800" lon="133.00419300">
   </rtept>
   <rtept lat="32.89696800" lon="133.00458500">
   </rtept>
   <rtept lat="32.89689800" lon="133.00496500">
   </rtept>
   <rtept lat="32.89689800" lon="133.00513200">
   </rtept>
   <rtept lat="32.89689800" lon="133.00528600">
   </rtept>
   <rtept lat="32.89699800" lon="133.00545300">
   </rtept>
   <rtept lat="32.89714700" lon="133.00552400">
   </rtept>
   <rtept lat="32.89733900" lon="133.00552400">
   </rtept>
   <rtept lat="32.89757900" lon="133.00541700">
   </rtept>
   <rtept lat="32.89774800" lon="133.00529800">
   </rtept>
   <rtept lat="32.89780800" lon="133.00522700">
   </rtept>
   <rtept lat="32.89792800" lon="133.00496500">
   </rtept>
   <rtept lat="32.89804800" lon="133.00477500">
   </rtept>
   <rtept lat="32.89826700" lon="133.00452600">
   </rtept>
   <rtept lat="32.89847700" lon="133.00439500">
   </rtept>
   <rtept lat="32.89880600" lon="133.00421700">
   </rtept>
   <rtept lat="32.89894600" lon="133.00411000">
   </rtept>
   <rtept lat="32.89909500" lon="133.00395500">
   </rtept>
   <rtept lat="32.89929500" lon="133.00389600">
   </rtept>
   <rtept lat="32.89969400" lon="133.00397900">
   </rtept>
   <rtept lat="32.90001300" lon="133.00403800">
   </rtept>
   <rtept lat="32.90015300" lon="133.00416900">
   </rtept>
   <rtept lat="32.90031300" lon="133.00437100">
   </rtept>
   <rtept lat="32.90055600" lon="133.00464300">
   </rtept>
   <rtept lat="32.90075500" lon="133.00473800">
   </rtept>
   <rtept lat="32.90101100" lon="133.00484200">
   </rtept>
   <rtept lat="32.90133800" lon="133.00487100">
   </rtept>
   <rtept lat="32.90159300" lon="133.00481400">
   </rtept>
   <rtept lat="32.90191300" lon="133.00477600">
   </rtept>
   <rtept lat="32.90222400" lon="133.00482300">
   </rtept>
   <rtept lat="32.90253500" lon="133.00497600">
   </rtept>
   <rtept lat="32.90295000" lon="133.00523200">
   </rtept>
   <rtept lat="32.90323000" lon="133.00537500">
   </rtept>
   <rtept lat="32.90357300" lon="133.00547900">
   </rtept>
   <rtept lat="32.90388400" lon="133.00550800">
   </rtept>
   <rtept lat="32.90434700" lon="133.00552700">
   </rtept>
   <rtept lat="32.90457700" lon="133.00544100">
   </rtept>
   <rtept lat="32.90472100" lon="133.00518500">
   </rtept>
   <rtept lat="32.90484000" lon="133.00493800">
   </rtept>
   <rtept lat="32.90509600" lon="133.00475700">
   </rtept>
   <rtept lat="32.90547900" lon="133.00475700">
   </rtept>
   <rtept lat="32.90574200" lon="133.00489000">
   </rtept>
   <rtept lat="32.90612500" lon="133.00529900">
   </rtept>
   <rtept lat="32.90649300" lon="133.00569800">
   </rtept>
   <rtept lat="32.90675600" lon="133.00591700">
   </rtept>
   <rtept lat="32.90701100" lon="133.00597400">
   </rtept>
   <rtept lat="32.90717900" lon="133.00598300">
   </rtept>
   <rtept lat="32.90744200" lon="133.00588800">
   </rtept>
   <rtept lat="32.90780200" lon="133.00563200">
   </rtept>
   <rtept lat="32.90798500" lon="133.00555500">
   </rtept>
   <rtept lat="32.90811300" lon="133.00557400">
   </rtept>
   <rtept lat="32.90820900" lon="133.00571700">
   </rtept>
   <rtept lat="32.90835200" lon="133.00610700">
   </rtept>
   <rtept lat="32.90847200" lon="133.00624000">
   </rtept>
   <rtept lat="32.90872700" lon="133.00640200">
   </rtept>
   <rtept lat="32.90894800" lon="133.00641100">
   </rtept>
   <rtept lat="32.90918700" lon="133.00626900">
   </rtept>
   <rtept lat="32.90953000" lon="133.00587900">
   </rtept>
   <rtept lat="32.91001700" lon="133.00540300">
   </rtept>
   <rtept lat="32.91028900" lon="133.00522300">
   </rtept>
   <rtept lat="32.91046400" lon="133.00519400">
   </rtept>
   <rtept lat="32.91062400" lon="133.00528000">
   </rtept>
   <rtept lat="32.91081500" lon="133.00547000">
   </rtept>
   <rtept lat="32.91088700" lon="133.00568900">
   </rtept>
   <rtept lat="32.91086300" lon="133.00590700">
   </rtept>
   <rtept lat="32.91072800" lon="133.00633500">
   </rtept>
   <rtept lat="32.91073600" lon="133.00648700">
   </rtept>
   <rtept lat="32.91076000" lon="133.00660100">
   </rtept>
   <rtept lat="32.91087100" lon="133.00663900">
   </rtept>
   <rtept lat="32.91099900" lon="133.00663900">
   </rtept>
   <rtept lat="32.91111900" lon="133.00641100">
   </rtept>
   <rtept lat="32.91127000" lon="133.00616400">
   </rtept>
   <rtept lat="32.91135800" lon="133.00605000">
   </rtept>
   <rtept lat="32.91148600" lon="133.00598300">
   </rtept>
   <rtept lat="32.91163800" lon="133.00597400">
   </rtept>
   <rtept lat="32.91180500" lon="133.00599300">
   </rtept>
   <rtept lat="32.91192500" lon="133.00610700">
   </rtept>
   <rtept lat="32.91207700" lon="133.00642100">
   </rtept>
   <rtept lat="32.91216400" lon="133.00662000">
   </rtept>
   <rtept lat="32.91226800" lon="133.00663000">
   </rtept>
   <rtept lat="32.91240400" lon="133.00658200">
   </rtept>
   <rtept lat="32.91278700" lon="133.00606900">
   </rtept>
   <rtept lat="32.91286700" lon="133.00567900">
   </rtept>
   <rtept lat="32.91294600" lon="133.00545100">
   </rtept>
   <rtept lat="32.91307400" lon="133.00531800">
   </rtept>
   <rtept lat="32.91337000" lon="133.00517500">
   </rtept>
   <rtept lat="32.91360900" lon="133.00510900">
   </rtept>
   <rtept lat="32.91376900" lon="133.00510900">
   </rtept>
   <rtept lat="32.91401600" lon="133.00520400">
   </rtept>
   <rtept lat="32.91449500" lon="133.00544100">
   </rtept>
   <rtept lat="32.91467700" lon="133.00544100">
   </rtept>
   <rtept lat="32.91480500" lon="133.00537500">
   </rtept>
   <rtept lat="32.91490000" lon="133.00524200">
   </rtept>
   <rtept lat="32.91490800" lon="133.00478500">
   </rtept>
   <rtept lat="32.91501200" lon="133.00430100">
   </rtept>
   <rtept lat="32.91496400" lon="133.00408200">
   </rtept>
   <rtept lat="32.91490800" lon="133.00389200">
   </rtept>
   <rtept lat="32.91491600" lon="133.00366400">
   </rtept>
   <rtept lat="32.91497200" lon="133.00355900">
   </rtept>
   <rtept lat="32.91503600" lon="133.00348300">
   </rtept>
   <rtept lat="32.91517200" lon="133.00344500">
   </rtept>
   <rtept lat="32.91527500" lon="133.00345400">
   </rtept>
   <rtept lat="32.91546700" lon="133.00369200">
   </rtept>
   <rtept lat="32.91565000" lon="133.00393900">
   </rtept>
   <rtept lat="32.91577800" lon="133.00403400">
   </rtept>
   <rtept lat="32.91589800" lon="133.00407200">
   </rtept>
   <rtept lat="32.91607300" lon="133.00396800">
   </rtept>
   <rtept lat="32.91629700" lon="133.00372100">
   </rtept>
   <rtept lat="32.91657600" lon="133.00320700">
   </rtept>
   <rtept lat="32.91679200" lon="133.00295000">
   </rtept>
   <rtept lat="32.91698300" lon="133.00254200">
   </rtept>
   <rtept lat="32.91754200" lon="133.00184800">
   </rtept>
   <rtept lat="32.91763800" lon="133.00125800">
   </rtept>
   <rtept lat="32.91799700" lon="133.00084000">
   </rtept>
   <rtept lat="32.91811600" lon="133.00045900">
   </rtept>
   <rtept lat="32.91823500" lon="133.00028100">
   </rtept>
   <rtept lat="32.91868400" lon="132.99994800">
   </rtept>
   <rtept lat="32.91887400" lon="132.99969800">
   </rtept>
   <rtept lat="32.91905300" lon="132.99938900">
   </rtept>
   <rtept lat="32.91905300" lon="132.99885500">
   </rtept>
   <rtept lat="32.91908300" lon="132.99866500">
   </rtept>
   <rtept lat="32.91918300" lon="132.99852200">
   </rtept>
   <rtept lat="32.91929300" lon="132.99849800">
   </rtept>
   <rtept lat="32.91942200" lon="132.99859300">
   </rtept>
   <rtept lat="32.91957200" lon="132.99880700">
   </rtept>
   <rtept lat="32.91973200" lon="132.99934200">
   </rtept>
   <rtept lat="32.91981100" lon="132.99961500">
   </rtept>
   <rtept lat="32.92014100" lon="133.00016200">
   </rtept>
   <rtept lat="32.92038000" lon="133.00067300">
   </rtept>
   <rtept lat="32.92051000" lon="133.00083900">
   </rtept>
   <rtept lat="32.92064900" lon="133.00086300">
   </rtept>
   <rtept lat="32.92082900" lon="133.00085100">
   </rtept>
   <rtept lat="32.92114800" lon="133.00055400">
   </rtept>
   <rtept lat="32.92140800" lon="133.00035200">
   </rtept>
   <rtept lat="32.92168700" lon="133.00010200">
   </rtept>
   <rtept lat="32.92180700" lon="132.99965100">
   </rtept>
   <rtept lat="32.92191600" lon="132.99886700">
   </rtept>
   <rtept lat="32.92194600" lon="132.99843900">
   </rtept>
   <rtept lat="32.92196600" lon="132.99827200">
   </rtept>
   <rtept lat="32.92237500" lon="132.99766600">
   </rtept>
   <rtept lat="32.92247500" lon="132.99750000">
   </rtept>
   <rtept lat="32.92259500" lon="132.99713200">
   </rtept>
   <rtept lat="32.92271400" lon="132.99676300">
   </rtept>
   <rtept lat="32.92283400" lon="132.99663200">
   </rtept>
   <rtept lat="32.92305400" lon="132.99652500">
   </rtept>
   <rtept lat="32.92384200" lon="132.99650200">
   </rtept>
   <rtept lat="32.92493700" lon="132.99645400">
   </rtept>
   <rtept lat="32.92506700" lon="132.99649000">
   </rtept>
   <rtept lat="32.92568500" lon="132.99684600">
   </rtept>
   <rtept lat="32.92601400" lon="132.99706000">
   </rtept>
   <rtept lat="32.92625400" lon="132.99703600">
   </rtept>
   <rtept lat="32.92637300" lon="132.99692900">
   </rtept>
   <rtept lat="32.92646300" lon="132.99669200">
   </rtept>
   <rtept lat="32.92653300" lon="132.99633500">
   </rtept>
   <rtept lat="32.92654300" lon="132.99616900">
   </rtept>
   <rtept lat="32.92664300" lon="132.99589600">
   </rtept>
   <rtept lat="32.92677200" lon="132.99571700">
   </rtept>
   <rtept lat="32.92705200" lon="132.99509900">
   </rtept>
   <rtept lat="32.92715100" lon="132.99486200">
   </rtept>
   <rtept lat="32.92730100" lon="132.99462400">
   </rtept>
   <rtept lat="32.92750000" lon="132.99420800">
   </rtept>
   <rtept lat="32.92756000" lon="132.99400600">
   </rtept>
   <rtept lat="32.92784000" lon="132.99373300">
   </rtept>
   <rtept lat="32.92801900" lon="132.99353100">
   </rtept>
   <rtept lat="32.92811900" lon="132.99337600">
   </rtept>
   <rtept lat="32.92818900" lon="132.99309100">
   </rtept>
   <rtept lat="32.92833900" lon="132.99279400">
   </rtept>
   <rtept lat="32.92858600" lon="132.99264200">
   </rtept>
   <rtept lat="32.92895300" lon="132.99222300">
   </rtept>
   <rtept lat="32.92918500" lon="132.99149100">
   </rtept>
   <rtept lat="32.92950400" lon="132.99082600">
   </rtept>
   <rtept lat="32.92968800" lon="132.99015100">
   </rtept>
   <rtept lat="32.92995900" lon="132.98975200">
   </rtept>
   <rtept lat="32.93015000" lon="132.98946600">
   </rtept>
   <rtept lat="32.93023000" lon="132.98894300">
   </rtept>
   <rtept lat="32.93031800" lon="132.98845900">
   </rtept>
   <rtept lat="32.93054100" lon="132.98805900">
   </rtept>
   <rtept lat="32.93078900" lon="132.98782200">
   </rtept>
   <rtept lat="32.93098000" lon="132.98767900">
   </rtept>
   <rtept lat="32.93122000" lon="132.98760300">
   </rtept>
   <rtept lat="32.93149100" lon="132.98754600">
   </rtept>
   <rtept lat="32.93172200" lon="132.98760300">
   </rtept>
   <rtept lat="32.93193800" lon="132.98766000">
   </rtept>
   <rtept lat="32.93203400" lon="132.98770800">
   </rtept>
   <rtept lat="32.93210500" lon="132.98800200">
   </rtept>
   <rtept lat="32.93217700" lon="132.98833500">
   </rtept>
 </rte>
 <rte>
  <name>SHIKOKU_KCH_21(鯨の見えるみち)</name>
   <rtept lat="32.78632200" lon="132.99830600">
   </rtept>
   <rtept lat="32.78626200" lon="132.99810400">
   </rtept>
   <rtept lat="32.78621200" lon="132.99761700">
   </rtept>
   <rtept lat="32.78625200" lon="132.99741500">
   </rtept>
   <rtept lat="32.78642200" lon="132.99717700">
   </rtept>
   <rtept lat="32.78672100" lon="132.99694000">
   </rtept>
   <rtept lat="32.78696100" lon="132.99613200">
   </rtept>
   <rtept lat="32.78712100" lon="132.99585800">
   </rtept>
   <rtept lat="32.78734100" lon="132.99563200">
   </rtept>
   <rtept lat="32.78781000" lon="132.99534700">
   </rtept>
   <rtept lat="32.78886600" lon="132.99487300">
   </rtept>
   <rtept lat="32.78978900" lon="132.99441600">
   </rtept>
   <rtept lat="32.79002900" lon="132.99421700">
   </rtept>
   <rtept lat="32.79018500" lon="132.99388900">
   </rtept>
   <rtept lat="32.79050800" lon="132.99250500">
   </rtept>
   <rtept lat="32.79034000" lon="132.99122200">
   </rtept>
   <rtept lat="32.79032800" lon="132.99090800">
   </rtept>
   <rtept lat="32.79053200" lon="132.99052300">
   </rtept>
   <rtept lat="32.79082000" lon="132.99002400">
   </rtept>
   <rtept lat="32.79080800" lon="132.98955300">
   </rtept>
   <rtept lat="32.79090400" lon="132.98935400">
   </rtept>
   <rtept lat="32.79115600" lon="132.98912500">
   </rtept>
   <rtept lat="32.79137100" lon="132.98892600">
   </rtept>
   <rtept lat="32.79144300" lon="132.98839800">
   </rtept>
   <rtept lat="32.79157500" lon="132.98767100">
   </rtept>
   <rtept lat="32.79183900" lon="132.98711500">
   </rtept>
   <rtept lat="32.79209100" lon="132.98647300">
   </rtept>
   <rtept lat="32.79237800" lon="132.98576000">
   </rtept>
   <rtept lat="32.79233000" lon="132.98524600">
   </rtept>
   <rtept lat="32.79229400" lon="132.98459100">
   </rtept>
   <rtept lat="32.79235400" lon="132.98403400">
   </rtept>
   <rtept lat="32.79246200" lon="132.98345000">
   </rtept>
   <rtept lat="32.79266700" lon="132.98270600">
   </rtept>
   <rtept lat="32.79330800" lon="132.98044500">
   </rtept>
   <rtept lat="32.79348200" lon="132.97977500">
   </rtept>
   <rtept lat="32.79343400" lon="132.97951800">
   </rtept>
   <rtept lat="32.79327800" lon="132.97929700">
   </rtept>
   <rtept lat="32.79278700" lon="132.97893400">
   </rtept>
   <rtept lat="32.79243900" lon="132.97858400">
   </rtept>
   <rtept lat="32.79243900" lon="132.97835600">
   </rtept>
   <rtept lat="32.79250500" lon="132.97814900">
   </rtept>
   <rtept lat="32.79262500" lon="132.97800000">
   </rtept>
   <rtept lat="32.79270900" lon="132.97795000">
   </rtept>
   <rtept lat="32.79281100" lon="132.97799300">
   </rtept>
   <rtept lat="32.79284700" lon="132.97806400">
   </rtept>
   <rtept lat="32.79284700" lon="132.97816400">
   </rtept>
   <rtept lat="32.79282300" lon="132.97828500">
   </rtept>
   <rtept lat="32.79283500" lon="132.97842700">
   </rtept>
   <rtept lat="32.79291200" lon="132.97851300">
   </rtept>
   <rtept lat="32.79303200" lon="132.97857000">
   </rtept>
   <rtept lat="32.79312800" lon="132.97857000">
   </rtept>
   <rtept lat="32.79328400" lon="132.97833500">
   </rtept>
   <rtept lat="32.79336800" lon="132.97806200">
   </rtept>
   <rtept lat="32.79336800" lon="132.97792000">
   </rtept>
   <rtept lat="32.79336000" lon="132.97760600">
   </rtept>
   <rtept lat="32.79340000" lon="132.97747300">
   </rtept>
   <rtept lat="32.79348000" lon="132.97745400">
   </rtept>
   <rtept lat="32.79350400" lon="132.97756800">
   </rtept>
   <rtept lat="32.79354400" lon="132.97777700">
   </rtept>
   <rtept lat="32.79360800" lon="132.97798600">
   </rtept>
   <rtept lat="32.79368800" lon="132.97809100">
   </rtept>
   <rtept lat="32.79369600" lon="132.97825200">
   </rtept>
   <rtept lat="32.79373600" lon="132.97837600">
   </rtept>
   <rtept lat="32.79378400" lon="132.97842400">
   </rtept>
   <rtept lat="32.79387200" lon="132.97841400">
   </rtept>
   <rtept lat="32.79461500" lon="132.97798600">
   </rtept>
   <rtept lat="32.79479900" lon="132.97782500">
   </rtept>
   <rtept lat="32.79483900" lon="132.97766300">
   </rtept>
   <rtept lat="32.79480700" lon="132.97732100">
   </rtept>
   <rtept lat="32.79483100" lon="132.97706400">
   </rtept>
   <rtept lat="32.79492600" lon="132.97695000">
   </rtept>
   <rtept lat="32.79502200" lon="132.97688300">
   </rtept>
   <rtept lat="32.79520600" lon="132.97681700">
   </rtept>
   <rtept lat="32.79614900" lon="132.97508600">
   </rtept>
   <rtept lat="32.79597300" lon="132.97471600">
   </rtept>
   <rtept lat="32.79599700" lon="132.97452600">
   </rtept>
   <rtept lat="32.79588500" lon="132.97423100">
   </rtept>
   <rtept lat="32.79589300" lon="132.97407900">
   </rtept>
   <rtept lat="32.79569400" lon="132.97357500">
   </rtept>
   <rtept lat="32.79557400" lon="132.97358400">
   </rtept>
   <rtept lat="32.79538200" lon="132.97368900">
   </rtept>
   <rtept lat="32.79511800" lon="132.97368900">
   </rtept>
   <rtept lat="32.79493400" lon="132.97379400">
   </rtept>
   <rtept lat="32.79479100" lon="132.97379400">
   </rtept>
   <rtept lat="32.79467100" lon="132.97375500">
   </rtept>
   <rtept lat="32.79454300" lon="132.97360300">
   </rtept>
   <rtept lat="32.79439100" lon="132.97347000">
   </rtept>
   <rtept lat="32.79434300" lon="132.97335600">
   </rtept>
   <rtept lat="32.79435100" lon="132.97321400">
   </rtept>
   <rtept lat="32.79445500" lon="132.97312800">
   </rtept>
   <rtept lat="32.79466300" lon="132.97307100">
   </rtept>
   <rtept lat="32.79479100" lon="132.97309900">
   </rtept>
   <rtept lat="32.79494200" lon="132.97326100">
   </rtept>
   <rtept lat="32.79513400" lon="132.97326100">
   </rtept>
   <rtept lat="32.79524600" lon="132.97316600">
   </rtept>
   <rtept lat="32.79530200" lon="132.97296600">
   </rtept>
   <rtept lat="32.79533400" lon="132.97271900">
   </rtept>
   <rtept lat="32.79524000" lon="132.97249300">
   </rtept>
   <rtept lat="32.79490400" lon="132.97222700">
   </rtept>
   <rtept lat="32.79474400" lon="132.97203700">
   </rtept>
   <rtept lat="32.79476000" lon="132.97159900">
   </rtept>
   <rtept lat="32.79461600" lon="132.97137100">
   </rtept>
   <rtept lat="32.79421700" lon="132.97095300">
   </rtept>
   <rtept lat="32.79415300" lon="132.97072500">
   </rtept>
   <rtept lat="32.79420100" lon="132.97045800">
   </rtept>
   <rtept lat="32.79431300" lon="132.97045800">
   </rtept>
   <rtept lat="32.79448900" lon="132.97055300">
   </rtept>
   <rtept lat="32.79455200" lon="132.97068700">
   </rtept>
   <rtept lat="32.79468000" lon="132.97082000">
   </rtept>
   <rtept lat="32.79490400" lon="132.97082000">
   </rtept>
   <rtept lat="32.79509600" lon="132.97093400">
   </rtept>
   <rtept lat="32.79532000" lon="132.97108600">
   </rtept>
   <rtept lat="32.79544800" lon="132.97137100">
   </rtept>
   <rtept lat="32.79552700" lon="132.97154200">
   </rtept>
   <rtept lat="32.79568700" lon="132.97188400">
   </rtept>
   <rtept lat="32.79583100" lon="132.97199900">
   </rtept>
   <rtept lat="32.79615100" lon="132.97180800">
   </rtept>
   <rtept lat="32.79640700" lon="132.97135200">
   </rtept>
   <rtept lat="32.79661400" lon="132.97080100">
   </rtept>
   <rtept lat="32.79669400" lon="132.97043900">
   </rtept>
   <rtept lat="32.79663000" lon="132.97004000">
   </rtept>
   <rtept lat="32.79664600" lon="132.96979300">
   </rtept>
   <rtept lat="32.79671000" lon="132.96943200">
   </rtept>
   <rtept lat="32.79664600" lon="132.96903200">
   </rtept>
   <rtept lat="32.79656600" lon="132.96861400">
   </rtept>
   <rtept lat="32.79608700" lon="132.96834800">
   </rtept>
   <rtept lat="32.79570300" lon="132.96766300">
   </rtept>
   <rtept lat="32.79555900" lon="132.96713100">
   </rtept>
   <rtept lat="32.79522400" lon="132.96694100">
   </rtept>
   <rtept lat="32.79503200" lon="132.96657900">
   </rtept>
   <rtept lat="32.79493600" lon="132.96619900">
   </rtept>
   <rtept lat="32.79509600" lon="132.96587600">
   </rtept>
   <rtept lat="32.79535200" lon="132.96555300">
   </rtept>
   <rtept lat="32.79560700" lon="132.96547700">
   </rtept>
   <rtept lat="32.79602300" lon="132.96538200">
   </rtept>
   <rtept lat="32.79627900" lon="132.96528600">
   </rtept>
   <rtept lat="32.79635900" lon="132.96502000">
   </rtept>
   <rtept lat="32.79635900" lon="132.96477300">
   </rtept>
   <rtept lat="32.79618300" lon="132.96460200">
   </rtept>
   <rtept lat="32.79595900" lon="132.96458300">
   </rtept>
   <rtept lat="32.79551100" lon="132.96483000">
   </rtept>
   <rtept lat="32.79533600" lon="132.96488700">
   </rtept>
   <rtept lat="32.79516000" lon="132.96486800">
   </rtept>
   <rtept lat="32.79516000" lon="132.96473500">
   </rtept>
   <rtept lat="32.79535200" lon="132.96448800">
   </rtept>
   <rtept lat="32.79610300" lon="132.96393600">
   </rtept>
   <rtept lat="32.79747700" lon="132.96433600">
   </rtept>
   <rtept lat="32.79803700" lon="132.96435500">
   </rtept>
   <rtept lat="32.79824500" lon="132.96426000">
   </rtept>
   <rtept lat="32.79843600" lon="132.96403200">
   </rtept>
   <rtept lat="32.79882000" lon="132.96399300">
   </rtept>
   <rtept lat="32.79928400" lon="132.96380300">
   </rtept>
   <rtept lat="32.79961900" lon="132.96348000">
   </rtept>
   <rtept lat="32.79997100" lon="132.96178800">
   </rtept>
   <rtept lat="32.80072200" lon="132.96024800">
   </rtept>
   <rtept lat="32.80120100" lon="132.95939200">
   </rtept>
   <rtept lat="32.80224000" lon="132.95893600">
   </rtept>
   <rtept lat="32.80354800" lon="132.95927800">
   </rtept>
   <rtept lat="32.80381900" lon="132.95925900">
   </rtept>
   <rtept lat="32.80401100" lon="132.95876500">
   </rtept>
   <rtept lat="32.80436300" lon="132.95760500">
   </rtept>
   <rtept lat="32.80505000" lon="132.95659700">
   </rtept>
   <rtept lat="32.80541800" lon="132.95608400">
   </rtept>
   <rtept lat="32.80541800" lon="132.95583600">
   </rtept>
   <rtept lat="32.80795900" lon="132.95500000">
   </rtept>
   <rtept lat="32.80899700" lon="132.95467600">
   </rtept>
   <rtept lat="32.80990800" lon="132.95429600">
   </rtept>
   <rtept lat="32.81061300" lon="132.95409900">
   </rtept>
   <rtept lat="32.81154800" lon="132.95371400">
   </rtept>
   <rtept lat="32.81163300" lon="132.95350000">
   </rtept>
   <rtept lat="32.81170500" lon="132.95320700">
   </rtept>
   <rtept lat="32.81211900" lon="132.95295700">
   </rtept>
   <rtept lat="32.81259000" lon="132.95270700">
   </rtept>
   <rtept lat="32.81270400" lon="132.95239300">
   </rtept>
   <rtept lat="32.81271100" lon="132.95211500">
   </rtept>
   <rtept lat="32.81281800" lon="132.95173600">
   </rtept>
   <rtept lat="32.81277600" lon="132.95156500">
   </rtept>
   <rtept lat="32.81260400" lon="132.95141500">
   </rtept>
   <rtept lat="32.81259700" lon="132.95123000">
   </rtept>
   <rtept lat="32.81271100" lon="132.95105800">
   </rtept>
   <rtept lat="32.81272600" lon="132.95092300">
   </rtept>
   <rtept lat="32.81264700" lon="132.95084400">
   </rtept>
   <rtept lat="32.81248300" lon="132.95078000">
   </rtept>
   <rtept lat="32.81226900" lon="132.95051600">
   </rtept>
   <rtept lat="32.81209000" lon="132.95008000">
   </rtept>
   <rtept lat="32.81204000" lon="132.94958100">
   </rtept>
   <rtept lat="32.81210700" lon="132.94945000">
   </rtept>
   <rtept lat="32.81233300" lon="132.94935200">
   </rtept>
   <rtept lat="32.81257600" lon="132.94943800">
   </rtept>
   <rtept lat="32.81267800" lon="132.94937400">
   </rtept>
   <rtept lat="32.81253700" lon="132.94888100">
   </rtept>
   <rtept lat="32.81497700" lon="132.94727000">
   </rtept>
   <rtept lat="32.81551900" lon="132.94709100">
   </rtept>
   <rtept lat="32.82005000" lon="132.94585100">
   </rtept>
   <rtept lat="32.82350600" lon="132.94482400">
   </rtept>
   <rtept lat="32.82379400" lon="132.94488100">
   </rtept>
   <rtept lat="32.82405700" lon="132.94506600">
   </rtept>
   <rtept lat="32.82427300" lon="132.94549400">
   </rtept>
   <rtept lat="32.82458500" lon="132.94622100">
   </rtept>
   <rtept lat="32.82495600" lon="132.94769000">
   </rtept>
   <rtept lat="32.82517200" lon="132.94863100">
   </rtept>
   <rtept lat="32.82528000" lon="132.94887400">
   </rtept>
   <rtept lat="32.82578300" lon="132.94940100">
   </rtept>
   <rtept lat="32.82598900" lon="132.95004100">
   </rtept>
   <rtept lat="32.82609900" lon="132.95064200">
   </rtept>
 </rte>
 <rte>
  <name>SHIKOKU_KCH_22(椿とビローのみち)</name>
   <rtept lat="32.72400300" lon="133.02018400">
   </rtept>
   <rtept lat="32.72413500" lon="133.02018400">
   </rtept>
   <rtept lat="32.72429100" lon="133.02017000">
   </rtept>
   <rtept lat="32.72463900" lon="133.02004200">
   </rtept>
   <rtept lat="32.72495100" lon="133.01997000">
   </rtept>
   <rtept lat="32.72509500" lon="133.02002800">
   </rtept>
   <rtept lat="32.72531100" lon="133.02002800">
   </rtept>
   <rtept lat="32.72556300" lon="133.01999900">
   </rtept>
   <rtept lat="32.72576700" lon="133.02032700">
   </rtept>
   <rtept lat="32.72595900" lon="133.02022700">
   </rtept>
   <rtept lat="32.72635500" lon="133.01998500">
   </rtept>
   <rtept lat="32.72661900" lon="133.01984200">
   </rtept>
   <rtept lat="32.72684700" lon="133.01989900">
   </rtept>
   <rtept lat="32.72703900" lon="133.01999900">
   </rtept>
   <rtept lat="32.72709900" lon="133.02018400">
   </rtept>
   <rtept lat="32.72715500" lon="133.02038200">
   </rtept>
   <rtept lat="32.72736300" lon="133.01999900">
   </rtept>
   <rtept lat="32.72757800" lon="133.01958500">
   </rtept>
   <rtept lat="32.72814400" lon="133.02008500">
   </rtept>
   <rtept lat="32.72842400" lon="133.02027500">
   </rtept>
   <rtept lat="32.72879200" lon="133.02038900">
   </rtept>
   <rtept lat="32.72930300" lon="133.02042700">
   </rtept>
   <rtept lat="32.72964200" lon="133.02037900">
   </rtept>
   <rtept lat="32.73049000" lon="133.02001800">
   </rtept>
   <rtept lat="32.73063400" lon="133.01984700">
   </rtept>
   <rtept lat="32.73077800" lon="133.01941000">
   </rtept>
   <rtept lat="32.73095400" lon="133.01884900">
   </rtept>
   <rtept lat="32.73111400" lon="133.01867700">
   </rtept>
   <rtept lat="32.73124200" lon="133.01860100">
   </rtept>
   <rtept lat="32.73137100" lon="133.01852700">
   </rtept>
   <rtept lat="32.73206600" lon="133.01836600">
   </rtept>
   <rtept lat="32.73247500" lon="133.01832800">
   </rtept>
   <rtept lat="32.73269400" lon="133.01822300">
   </rtept>
   <rtept lat="32.73322500" lon="133.01792600">
   </rtept>
   <rtept lat="32.73358000" lon="133.01786900">
   </rtept>
   <rtept lat="32.73391600" lon="133.01776500">
   </rtept>
   <rtept lat="32.73415600" lon="133.01760300">
   </rtept>
   <rtept lat="32.73450800" lon="133.01725100">
   </rtept>
   <rtept lat="32.73499600" lon="133.01690000">
   </rtept>
   <rtept lat="32.73542800" lon="133.01679500">
   </rtept>
   <rtept lat="32.73692300" lon="133.01648100">
   </rtept>
   <rtept lat="32.73783500" lon="133.01633900">
   </rtept>
   <rtept lat="32.73817100" lon="133.01613000">
   </rtept>
   <rtept lat="32.73879600" lon="133.01591100">
   </rtept>
   <rtept lat="32.73921200" lon="133.01577800">
   </rtept>
   <rtept lat="32.73946800" lon="133.01563500">
   </rtept>
   <rtept lat="32.74014800" lon="133.01544500">
   </rtept>
   <rtept lat="32.74067500" lon="133.01530200">
   </rtept>
   <rtept lat="32.74088300" lon="133.01525500">
   </rtept>
   <rtept lat="32.74136300" lon="133.01532100">
   </rtept>
   <rtept lat="32.74197900" lon="133.01537800">
   </rtept>
   <rtept lat="32.74230700" lon="133.01540700">
   </rtept>
   <rtept lat="32.74245900" lon="133.01533100">
   </rtept>
   <rtept lat="32.74255500" lon="133.01516900">
   </rtept>
   <rtept lat="32.74255500" lon="133.01498900">
   </rtept>
   <rtept lat="32.74258700" lon="133.01487500">
   </rtept>
   <rtept lat="32.74269100" lon="133.01484600">
   </rtept>
   <rtept lat="32.74280300" lon="133.01486500">
   </rtept>
   <rtept lat="32.74289900" lon="133.01499800">
   </rtept>
   <rtept lat="32.74292300" lon="133.01510300">
   </rtept>
   <rtept lat="32.74305700" lon="133.01519800">
   </rtept>
   <rtept lat="32.74322500" lon="133.01535000">
   </rtept>
   <rtept lat="32.74343300" lon="133.01535000">
   </rtept>
   <rtept lat="32.74416000" lon="133.01521700">
   </rtept>
   <rtept lat="32.74452800" lon="133.01515000">
   </rtept>
   <rtept lat="32.74489600" lon="133.01490300">
   </rtept>
   <rtept lat="32.74520800" lon="133.01478000">
   </rtept>
   <rtept lat="32.74541600" lon="133.01478000">
   </rtept>
   <rtept lat="32.74574700" lon="133.01483800">
   </rtept>
   <rtept lat="32.74603200" lon="133.01485600">
   </rtept>
   <rtept lat="32.74618700" lon="133.01486200">
   </rtept>
   <rtept lat="32.74634700" lon="133.01479600">
   </rtept>
   <rtept lat="32.74641829" lon="133.01471591">
   </rtept>
   <rtept lat="32.74638595" lon="133.01460760">
   </rtept>
   <rtept lat="32.74664700" lon="133.01454900">
   </rtept>
   <rtept lat="32.74665800" lon="133.01433100">
   </rtept>
   <rtept lat="32.74674800" lon="133.01418700">
   </rtept>
   <rtept lat="32.74688200" lon="133.01415900">
   </rtept>
   <rtept lat="32.74695200" lon="133.01416800">
   </rtept>
   <rtept lat="32.74710400" lon="133.01421600">
   </rtept>
   <rtept lat="32.74725400" lon="133.01420600">
   </rtept>
   <rtept lat="32.74744000" lon="133.01412000">
   </rtept>
   <rtept lat="32.74756800" lon="133.01411700">
   </rtept>
   <rtept lat="32.74780400" lon="133.01397800">
   </rtept>
   <rtept lat="32.74793300" lon="133.01399800">
   </rtept>
   <rtept lat="32.74807200" lon="133.01387100">
   </rtept>
   <rtept lat="32.74821809" lon="133.01377538">
   </rtept>
   <rtept lat="32.74807200" lon="133.01387100">
   </rtept>
   <rtept lat="32.74793300" lon="133.01399800">
   </rtept>
   <rtept lat="32.74780400" lon="133.01397800">
   </rtept>
   <rtept lat="32.74756800" lon="133.01411700">
   </rtept>
   <rtept lat="32.74744000" lon="133.01412000">
   </rtept>
   <rtept lat="32.74725400" lon="133.01420600">
   </rtept>
   <rtept lat="32.74710400" lon="133.01421600">
   </rtept>
   <rtept lat="32.74695200" lon="133.01416800">
   </rtept>
   <rtept lat="32.74674800" lon="133.01418700">
   </rtept>
   <rtept lat="32.74665800" lon="133.01433100">
   </rtept>
   <rtept lat="32.74664700" lon="133.01454900">
   </rtept>
   <rtept lat="32.74646229" lon="133.01465802">
   </rtept>
   <rtept lat="32.74646346" lon="133.01474689">
   </rtept>
   <rtept lat="32.74643800" lon="133.01481500">
   </rtept>
   <rtept lat="32.74622900" lon="133.01504400">
   </rtept>
   <rtept lat="32.74618100" lon="133.01527200">
   </rtept>
   <rtept lat="32.74626700" lon="133.01540600">
   </rtept>
   <rtept lat="32.74673300" lon="133.01507200">
   </rtept>
   <rtept lat="32.74725700" lon="133.01481500">
   </rtept>
   <rtept lat="32.74744700" lon="133.01462500">
   </rtept>
   <rtept lat="32.74774200" lon="133.01455800">
   </rtept>
   <rtept lat="32.74787500" lon="133.01435900">
   </rtept>
   <rtept lat="32.74812000" lon="133.01401400">
   </rtept>
   <rtept lat="32.74819900" lon="133.01390200">
   </rtept>
   <rtept lat="32.74821537" lon="133.01378183">
   </rtept>
   <rtept lat="32.74844500" lon="133.01353400">
   </rtept>
   <rtept lat="32.74894900" lon="133.01319200">
   </rtept>
   <rtept lat="32.74942000" lon="133.01298300">
   </rtept>
   <rtept lat="32.74984400" lon="133.01293500">
   </rtept>
   <rtept lat="32.75041200" lon="133.01284000">
   </rtept>
   <rtept lat="32.75121600" lon="133.01274800">
   </rtept>
   <rtept lat="32.75121600" lon="133.01315200">
   </rtept>
   <rtept lat="32.75121600" lon="133.01367500">
   </rtept>
   <rtept lat="32.75143600" lon="133.01391300">
   </rtept>
   <rtept lat="32.75189600" lon="133.01391300">
   </rtept>
   <rtept lat="32.75231600" lon="133.01393700">
   </rtept>
   <rtept lat="32.75247600" lon="133.01374600">
   </rtept>
   <rtept lat="32.75273600" lon="133.01362800">
   </rtept>
   <rtept lat="32.75293600" lon="133.01369900">
   </rtept>
   <rtept lat="32.75315500" lon="133.01386500">
   </rtept>
   <rtept lat="32.75341500" lon="133.01391300">
   </rtept>
   <rtept lat="32.75397500" lon="133.01379400">
   </rtept>
   <rtept lat="32.75413500" lon="133.01341400">
   </rtept>
   <rtept lat="32.75407500" lon="133.01284300">
   </rtept>
   <rtept lat="32.75395500" lon="133.01255800">
   </rtept>
   <rtept lat="32.75391600" lon="133.01208500">
   </rtept>
   <rtept lat="32.75385600" lon="133.01140700">
   </rtept>
   <rtept lat="32.75394600" lon="133.01111000">
   </rtept>
   <rtept lat="32.75415600" lon="133.01097900">
   </rtept>
   <rtept lat="32.75435600" lon="133.01103900">
   </rtept>
   <rtept lat="32.75460600" lon="133.01117000">
   </rtept>
   <rtept lat="32.75480600" lon="133.01124100">
   </rtept>
   <rtept lat="32.75503600" lon="133.01115800">
   </rtept>
   <rtept lat="32.75534500" lon="133.01082500">
   </rtept>
   <rtept lat="32.75550500" lon="133.01068200">
   </rtept>
   <rtept lat="32.75573500" lon="133.01068200">
   </rtept>
   <rtept lat="32.75592500" lon="133.01084900">
   </rtept>
   <rtept lat="32.75622500" lon="133.01117000">
   </rtept>
   <rtept lat="32.75662500" lon="133.01144300">
   </rtept>
   <rtept lat="32.75714400" lon="133.01163300">
   </rtept>
   <rtept lat="32.75758600" lon="133.01179900">
   </rtept>
   <rtept lat="32.75797600" lon="133.01179900">
   </rtept>
   <rtept lat="32.75838600" lon="133.01172800">
   </rtept>
   <rtept lat="32.75904500" lon="133.01152600">
   </rtept>
   <rtept lat="32.75939500" lon="133.01139500">
   </rtept>
   <rtept lat="32.75961500" lon="133.01139500">
   </rtept>
   <rtept lat="32.75989500" lon="133.01144300">
   </rtept>
   <rtept lat="32.76082400" lon="133.01169200">
   </rtept>
   <rtept lat="32.76146400" lon="133.01182300">
   </rtept>
   <rtept lat="32.76180300" lon="133.01171600">
   </rtept>
   <rtept lat="32.76228300" lon="133.01130000">
   </rtept>
   <rtept lat="32.76264500" lon="133.01086900">
   </rtept>
   <rtept lat="32.76288400" lon="133.01049900">
   </rtept>
   <rtept lat="32.76286000" lon="133.01035600">
   </rtept>
   <rtept lat="32.76260900" lon="133.01018500">
   </rtept>
   <rtept lat="32.76242900" lon="133.01001400">
   </rtept>
   <rtept lat="32.76242900" lon="133.00982800">
   </rtept>
   <rtept lat="32.76251300" lon="133.00971400">
   </rtept>
   <rtept lat="32.76265700" lon="133.00974300">
   </rtept>
   <rtept lat="32.76271700" lon="133.00988500">
   </rtept>
   <rtept lat="32.76284800" lon="133.00994200">
   </rtept>
   <rtept lat="32.76329200" lon="133.01014200">
   </rtept>
   <rtept lat="32.76353200" lon="133.01049900">
   </rtept>
   <rtept lat="32.76362800" lon="133.01072700">
   </rtept>
   <rtept lat="32.76382000" lon="133.01071300">
   </rtept>
   <rtept lat="32.76483900" lon="133.01000000">
   </rtept>
   <rtept lat="32.76515100" lon="133.00961400">
   </rtept>
   <rtept lat="32.76529500" lon="133.00952900">
   </rtept>
   <rtept lat="32.76536700" lon="133.00922900">
   </rtept>
   <rtept lat="32.76534300" lon="133.00881600">
   </rtept>
   <rtept lat="32.76540300" lon="133.00855900">
   </rtept>
   <rtept lat="32.76558300" lon="133.00851600">
   </rtept>
   <rtept lat="32.76591800" lon="133.00833100">
   </rtept>
   <rtept lat="32.76621800" lon="133.00803200">
   </rtept>
   <rtept lat="32.76645800" lon="133.00754700">
   </rtept>
   <rtept lat="32.76645800" lon="133.00734700">
   </rtept>
   <rtept lat="32.76642200" lon="133.00706200">
   </rtept>
   <rtept lat="32.76673400" lon="133.00653400">
   </rtept>
   <rtept lat="32.76695000" lon="133.00642000">
   </rtept>
   <rtept lat="32.76704600" lon="133.00650600">
   </rtept>
   <rtept lat="32.76722600" lon="133.00662000">
   </rtept>
   <rtept lat="32.76738100" lon="133.00667700">
   </rtept>
   <rtept lat="32.76747700" lon="133.00657700">
   </rtept>
   <rtept lat="32.76810600" lon="133.00616300">
   </rtept>
   <rtept lat="32.76839300" lon="133.00600700">
   </rtept>
   <rtept lat="32.76877700" lon="133.00596400">
   </rtept>
   <rtept lat="32.76907700" lon="133.00602100">
   </rtept>
   <rtept lat="32.76919700" lon="133.00612100">
   </rtept>
   <rtept lat="32.76932900" lon="133.00624900">
   </rtept>
   <rtept lat="32.76942500" lon="133.00644900">
   </rtept>
   <rtept lat="32.76961700" lon="133.00646300">
   </rtept>
   <rtept lat="32.77001200" lon="133.00616300">
   </rtept>
   <rtept lat="32.77022800" lon="133.00604900">
   </rtept>
   <rtept lat="32.77048000" lon="133.00614900">
   </rtept>
   <rtept lat="32.77062400" lon="133.00626300">
   </rtept>
   <rtept lat="32.77121100" lon="133.00667700">
   </rtept>
   <rtept lat="32.77183500" lon="133.00719000">
   </rtept>
   <rtept lat="32.77243200" lon="133.00754300">
   </rtept>
   <rtept lat="32.77275600" lon="133.00758600">
   </rtept>
   <rtept lat="32.77316400" lon="133.00742900">
   </rtept>
   <rtept lat="32.77350000" lon="133.00720100">
   </rtept>
   <rtept lat="32.77368000" lon="133.00687300">
   </rtept>
   <rtept lat="32.77390700" lon="133.00643100">
   </rtept>
   <rtept lat="32.77378700" lon="133.00607400">
   </rtept>
   <rtept lat="32.77371600" lon="133.00580300">
   </rtept>
   <rtept lat="32.77353600" lon="133.00544700">
   </rtept>
   <rtept lat="32.77352400" lon="133.00527600">
   </rtept>
   <rtept lat="32.77364400" lon="133.00517600">
   </rtept>
   <rtept lat="32.77375100" lon="133.00514700">
   </rtept>
   <rtept lat="32.77396700" lon="133.00526100">
   </rtept>
   <rtept lat="32.77427900" lon="133.00544700">
   </rtept>
   <rtept lat="32.77461500" lon="133.00521900">
   </rtept>
   <rtept lat="32.77475900" lon="133.00521900">
   </rtept>
   <rtept lat="32.77487900" lon="133.00531800">
   </rtept>
   <rtept lat="32.77511800" lon="133.00564600">
   </rtept>
   <rtept lat="32.77523400" lon="133.00569400">
   </rtept>
   <rtept lat="32.77609400" lon="133.00533700">
   </rtept>
   <rtept lat="32.77647300" lon="133.00521900">
   </rtept>
   <rtept lat="32.77675300" lon="133.00500500">
   </rtept>
   <rtept lat="32.77675300" lon="133.00471900">
   </rtept>
   <rtept lat="32.77719300" lon="133.00433900">
   </rtept>
   <rtept lat="32.77773200" lon="133.00384000">
   </rtept>
   <rtept lat="32.77877800" lon="133.00278500">
   </rtept>
   <rtept lat="32.77906600" lon="133.00245700">
   </rtept>
   <rtept lat="32.77948600" lon="133.00210000">
   </rtept>
   <rtept lat="32.77977400" lon="133.00204300">
   </rtept>
   <rtept lat="32.77981000" lon="133.00191500">
   </rtept>
   <rtept lat="32.77981000" lon="133.00154400">
   </rtept>
   <rtept lat="32.77988200" lon="133.00130200">
   </rtept>
   <rtept lat="32.78008500" lon="133.00133000">
   </rtept>
   <rtept lat="32.78019300" lon="133.00145900">
   </rtept>
   <rtept lat="32.78040900" lon="133.00170100">
   </rtept>
   <rtept lat="32.78064900" lon="133.00182900">
   </rtept>
   <rtept lat="32.78085300" lon="133.00168700">
   </rtept>
   <rtept lat="32.78124800" lon="133.00138700">
   </rtept>
   <rtept lat="32.78154900" lon="133.00109900">
   </rtept>
   <rtept lat="32.78177700" lon="133.00072900">
   </rtept>
   <rtept lat="32.78186100" lon="133.00040100">
   </rtept>
   <rtept lat="32.78170500" lon="133.00030100">
   </rtept>
   <rtept lat="32.78168100" lon="133.00015800">
   </rtept>
   <rtept lat="32.78158500" lon="133.00001600">
   </rtept>
   <rtept lat="32.78157300" lon="132.99985900">
   </rtept>
   <rtept lat="32.78169300" lon="132.99970200">
   </rtept>
   <rtept lat="32.78182500" lon="132.99974500">
   </rtept>
   <rtept lat="32.78207700" lon="132.99991600">
   </rtept>
   <rtept lat="32.78222100" lon="133.00001600">
   </rtept>
   <rtept lat="32.78247200" lon="132.99994400">
   </rtept>
   <rtept lat="32.78283200" lon="132.99994400">
   </rtept>
   <rtept lat="32.78304800" lon="133.00001600">
   </rtept>
   <rtept lat="32.78333600" lon="133.00017200">
   </rtept>
   <rtept lat="32.78361100" lon="133.00040100">
   </rtept>
   <rtept lat="32.78380300" lon="133.00085700">
   </rtept>
   <rtept lat="32.78411500" lon="133.00147000">
   </rtept>
   <rtept lat="32.78493000" lon="133.00189800">
   </rtept>
   <rtept lat="32.78538600" lon="133.00198400">
   </rtept>
   <rtept lat="32.78573300" lon="133.00171300">
   </rtept>
   <rtept lat="32.78591300" lon="133.00181200">
   </rtept>
   <rtept lat="32.78614100" lon="133.00186900">
   </rtept>
   <rtept lat="32.78635700" lon="133.00189800">
   </rtept>
   <rtept lat="32.78666900" lon="133.00191200">
   </rtept>
   <rtept lat="32.78686000" lon="133.00172700">
   </rtept>
   <rtept lat="32.78690800" lon="133.00135600">
   </rtept>
   <rtept lat="32.78694400" lon="133.00081400">
   </rtept>
   <rtept lat="32.78694400" lon="133.00037200">
   </rtept>
   <rtept lat="32.78700400" lon="132.99990100">
   </rtept>
   <rtept lat="32.78690800" lon="132.99930200">
   </rtept>
   <rtept lat="32.78678800" lon="132.99890300">
   </rtept>
   <rtept lat="32.78659700" lon="132.99860400">
   </rtept>
 </rte>
 <rte>
  <name>SHIKOKU_KCH_(椿とビローのみち)</name>
   <rtept lat="32.72715500" lon="133.02038200">
   </rtept>
   <rtept lat="32.72700800" lon="133.02061000">
   </rtept>
   <rtept lat="32.72691200" lon="133.02087500">
   </rtept>
 </rte>
 <rte>
  <name>SHIKOKU_KCH_(椿とビローのみち)</name>
   <rtept lat="32.72715500" lon="133.02038200">
   </rtept>
   <rtept lat="32.72738000" lon="133.02045600">
   </rtept>
   <rtept lat="32.72760300" lon="133.02046000">
   </rtept>
 </rte>
 <rte>
  <name>SHIKOKU_KCH_23(足摺・臼碆へのみち)</name>
   <rtept lat="32.72399700" lon="133.02019900">
   </rtept>
   <rtept lat="32.72394900" lon="133.02009900">
   </rtept>
   <rtept lat="32.72397300" lon="133.01981400">
   </rtept>
   <rtept lat="32.72402100" lon="133.01964300">
   </rtept>
   <rtept lat="32.72417700" lon="133.01947200">
   </rtept>
   <rtept lat="32.72432100" lon="133.01952900">
   </rtept>
   <rtept lat="32.72462100" lon="133.01915800">
   </rtept>
   <rtept lat="32.72481200" lon="133.01901600">
   </rtept>
   <rtept lat="32.72464400" lon="133.01864500">
   </rtept>
   <rtept lat="32.72454900" lon="133.01827400">
   </rtept>
   <rtept lat="32.72446500" lon="133.01813100">
   </rtept>
   <rtept lat="32.72451300" lon="133.01774600">
   </rtept>
   <rtept lat="32.72433300" lon="133.01739000">
   </rtept>
   <rtept lat="32.72418900" lon="133.01694800">
   </rtept>
   <rtept lat="32.72411700" lon="133.01672000">
   </rtept>
   <rtept lat="32.72415300" lon="133.01626300">
   </rtept>
   <rtept lat="32.72408100" lon="133.01595000">
   </rtept>
   <rtept lat="32.72416500" lon="133.01555000">
   </rtept>
   <rtept lat="32.72429700" lon="133.01520800">
   </rtept>
   <rtept lat="32.72451200" lon="133.01474600">
   </rtept>
   <rtept lat="32.72378700" lon="133.01448200">
   </rtept>
   <rtept lat="32.72359100" lon="133.01433500">
   </rtept>
   <rtept lat="32.72377100" lon="133.01409700">
   </rtept>
   <rtept lat="32.72395100" lon="133.01390700">
   </rtept>
   <rtept lat="32.72400700" lon="133.01372200">
   </rtept>
   <rtept lat="32.72409900" lon="133.01346500">
   </rtept>
   <rtept lat="32.72426700" lon="133.01309900">
   </rtept>
   <rtept lat="32.72428700" lon="133.01282800">
   </rtept>
   <rtept lat="32.72435100" lon="133.01240000">
   </rtept>
   <rtept lat="32.72438300" lon="133.01217700">
   </rtept>
   <rtept lat="32.72438700" lon="133.01191500">
   </rtept>
   <rtept lat="32.72434700" lon="133.01170100">
   </rtept>
   <rtept lat="32.72429900" lon="133.01145900">
   </rtept>
   <rtept lat="32.72433900" lon="133.01143000">
   </rtept>
   <rtept lat="32.72447100" lon="133.01154900">
   </rtept>
   <rtept lat="32.72461100" lon="133.01161600">
   </rtept>
   <rtept lat="32.72463900" lon="133.01157800">
   </rtept>
   <rtept lat="32.72446300" lon="133.01122100">
   </rtept>
   <rtept lat="32.72448700" lon="133.01117400">
   </rtept>
   <rtept lat="32.72454700" lon="133.01116900">
   </rtept>
   <rtept lat="32.72465900" lon="133.01130200">
   </rtept>
   <rtept lat="32.72484700" lon="133.01148300">
   </rtept>
   <rtept lat="32.72469900" lon="133.01121600">
   </rtept>
   <rtept lat="32.72450000" lon="133.01089000">
   </rtept>
   <rtept lat="32.72437100" lon="133.01061300">
   </rtept>
   <rtept lat="32.72426700" lon="133.01035600">
   </rtept>
   <rtept lat="32.72418400" lon="133.01021500">
   </rtept>
   <rtept lat="32.72418000" lon="133.01009600">
   </rtept>
   <rtept lat="32.72424300" lon="133.01003300">
   </rtept>
   <rtept lat="32.72434700" lon="133.00993800">
   </rtept>
   <rtept lat="32.72454700" lon="133.00987100">
   </rtept>
   <rtept lat="32.72468300" lon="133.00987100">
   </rtept>
   <rtept lat="32.72477100" lon="133.00993800">
   </rtept>
   <rtept lat="32.72482700" lon="133.01008100">
   </rtept>
   <rtept lat="32.72487500" lon="133.01029900">
   </rtept>
   <rtept lat="32.72488300" lon="133.01040400">
   </rtept>
   <rtept lat="32.72495500" lon="133.01048000">
   </rtept>
   <rtept lat="32.72510700" lon="133.01058400">
   </rtept>
   <rtept lat="32.72533100" lon="133.01053700">
   </rtept>
   <rtept lat="32.72563500" lon="133.01051800">
   </rtept>
   <rtept lat="32.72578600" lon="133.01049200">
   </rtept>
   <rtept lat="32.72584800" lon="133.00973500">
   </rtept>
   <rtept lat="32.72580800" lon="133.00858200">
   </rtept>
   <rtept lat="32.72574800" lon="133.00821400">
   </rtept>
   <rtept lat="32.72574800" lon="133.00776200">
   </rtept>
   <rtept lat="32.72538800" lon="133.00731100">
   </rtept>
   <rtept lat="32.72493800" lon="133.00713200">
   </rtept>
   <rtept lat="32.72456800" lon="133.00675200">
   </rtept>
   <rtept lat="32.72425800" lon="133.00652600">
   </rtept>
   <rtept lat="32.72419800" lon="133.00582500">
   </rtept>
   <rtept lat="32.72419800" lon="133.00561100">
   </rtept>
   <rtept lat="32.72439800" lon="133.00500500">
   </rtept>
   <rtept lat="32.72452800" lon="133.00474400">
   </rtept>
   <rtept lat="32.72485800" lon="133.00450600">
   </rtept>
   <rtept lat="32.72532800" lon="133.00425600">
   </rtept>
   <rtept lat="32.72563800" lon="133.00397100">
   </rtept>
   <rtept lat="32.72601800" lon="133.00367400">
   </rtept>
   <rtept lat="32.72636700" lon="133.00335300">
   </rtept>
   <rtept lat="32.72628700" lon="133.00298500">
   </rtept>
   <rtept lat="32.72595800" lon="133.00202200">
   </rtept>
   <rtept lat="32.72576100" lon="133.00163500">
   </rtept>
   <rtept lat="32.72566500" lon="133.00140700">
   </rtept>
   <rtept lat="32.72563300" lon="133.00114100">
   </rtept>
   <rtept lat="32.72560100" lon="133.00040000">
   </rtept>
   <rtept lat="32.72568100" lon="132.99992400">
   </rtept>
   <rtept lat="32.72575300" lon="132.99966000">
   </rtept>
   <rtept lat="32.72593300" lon="132.99926700">
   </rtept>
   <rtept lat="32.72620300" lon="132.99912500">
   </rtept>
   <rtept lat="32.72638300" lon="132.99910100">
   </rtept>
   <rtept lat="32.72680300" lon="132.99925600">
   </rtept>
   <rtept lat="32.72703300" lon="132.99925600">
   </rtept>
   <rtept lat="32.72725300" lon="132.99923200">
   </rtept>
   <rtept lat="32.72747300" lon="132.99897000">
   </rtept>
   <rtept lat="32.72776300" lon="132.99816200">
   </rtept>
   <rtept lat="32.72816300" lon="132.99743700">
   </rtept>
   <rtept lat="32.72849300" lon="132.99678400">
   </rtept>
   <rtept lat="32.72873200" lon="132.99655800">
   </rtept>
   <rtept lat="32.72903200" lon="132.99659400">
   </rtept>
   <rtept lat="32.72952200" lon="132.99686700">
   </rtept>
   <rtept lat="32.72980200" lon="132.99693800">
   </rtept>
   <rtept lat="32.73019200" lon="132.99687900">
   </rtept>
   <rtept lat="32.73055200" lon="132.99660500">
   </rtept>
   <rtept lat="32.73109200" lon="132.99602300">
   </rtept>
   <rtept lat="32.73190800" lon="132.99504700">
   </rtept>
   <rtept lat="32.73213100" lon="132.99466700">
   </rtept>
   <rtept lat="32.73249900" lon="132.99318400">
   </rtept>
   <rtept lat="32.73261100" lon="132.99263200">
   </rtept>
   <rtept lat="32.73284900" lon="132.99227200">
   </rtept>
   <rtept lat="32.73280100" lon="132.99215800">
   </rtept>
   <rtept lat="32.73289700" lon="132.99167300">
   </rtept>
   <rtept lat="32.73296900" lon="132.99126000">
   </rtept>
   <rtept lat="32.73264200" lon="132.99081100">
   </rtept>
   <rtept lat="32.73240400" lon="132.99043000">
   </rtept>
   <rtept lat="32.73238600" lon="132.99013200">
   </rtept>
   <rtept lat="32.73270700" lon="132.98944200">
   </rtept>
   <rtept lat="32.73296300" lon="132.98881800">
   </rtept>
   <rtept lat="32.73314200" lon="132.98855000">
   </rtept>
   <rtept lat="32.73347500" lon="132.98835400">
   </rtept>
   <rtept lat="32.73357600" lon="132.98824700">
   </rtept>
   <rtept lat="32.73382600" lon="132.98777700">
   </rtept>
   <rtept lat="32.73424800" lon="132.98749700">
   </rtept>
   <rtept lat="32.73437300" lon="132.98720600">
   </rtept>
   <rtept lat="32.73437300" lon="132.98694400">
   </rtept>
   <rtept lat="32.73432500" lon="132.98671200">
   </rtept>
   <rtept lat="32.73428400" lon="132.98648600">
   </rtept>
   <rtept lat="32.73409900" lon="132.98626600">
   </rtept>
   <rtept lat="32.73400400" lon="132.98618800">
   </rtept>
   <rtept lat="32.73402200" lon="132.98601600">
   </rtept>
   <rtept lat="32.73402800" lon="132.98586700">
   </rtept>
   <rtept lat="32.73399200" lon="132.98577800">
   </rtept>
   <rtept lat="32.73400400" lon="132.98565900">
   </rtept>
   <rtept lat="32.73408800" lon="132.98555800">
   </rtept>
   <rtept lat="32.73427200" lon="132.98556400">
   </rtept>
   <rtept lat="32.73443900" lon="132.98560500">
   </rtept>
   <rtept lat="32.73452200" lon="132.98568300">
   </rtept>
   <rtept lat="32.73462900" lon="132.98570100">
   </rtept>
   <rtept lat="32.73474200" lon="132.98569500">
   </rtept>
   <rtept lat="32.73474800" lon="132.98558200">
   </rtept>
   <rtept lat="32.73468200" lon="132.98546300">
   </rtept>
   <rtept lat="32.73457500" lon="132.98535600">
   </rtept>
   <rtept lat="32.73446800" lon="132.98524900">
   </rtept>
   <rtept lat="32.73431400" lon="132.98519500">
   </rtept>
   <rtept lat="32.73421800" lon="132.98516500">
   </rtept>
   <rtept lat="32.73421200" lon="132.98511200">
   </rtept>
   <rtept lat="32.73435500" lon="132.98506400">
   </rtept>
   <rtept lat="32.73439100" lon="132.98502800">
   </rtept>
   <rtept lat="32.73443300" lon="132.98477300">
   </rtept>
   <rtept lat="32.73455200" lon="132.98443400">
   </rtept>
   <rtept lat="32.73459000" lon="132.98433000">
   </rtept>
   <rtept lat="32.73473200" lon="132.98414400">
   </rtept>
   <rtept lat="32.73474700" lon="132.98402600">
   </rtept>
   <rtept lat="32.73466100" lon="132.98389200">
   </rtept>
   <rtept lat="32.73458500" lon="132.98390700">
   </rtept>
   <rtept lat="32.73433700" lon="132.98396800">
   </rtept>
   <rtept lat="32.73415700" lon="132.98405400">
   </rtept>
   <rtept lat="32.73400900" lon="132.98408300">
   </rtept>
   <rtept lat="32.73381900" lon="132.98417800">
   </rtept>
   <rtept lat="32.73365700" lon="132.98419700">
   </rtept>
   <rtept lat="32.73357600" lon="132.98422100">
   </rtept>
   <rtept lat="32.73334300" lon="132.98407300">
   </rtept>
   <rtept lat="32.73324300" lon="132.98400600">
   </rtept>
   <rtept lat="32.73322400" lon="132.98389200">
   </rtept>
   <rtept lat="32.73321900" lon="132.98382100">
   </rtept>
   <rtept lat="32.73326200" lon="132.98359700">
   </rtept>
   <rtept lat="32.73333800" lon="132.98327800">
   </rtept>
   <rtept lat="32.73343300" lon="132.98285500">
   </rtept>
   <rtept lat="32.73350000" lon="132.98256900">
   </rtept>
   <rtept lat="32.73414300" lon="132.98108300">
   </rtept>
   <rtept lat="32.73441800" lon="132.98054200">
   </rtept>
   <rtept lat="32.73453500" lon="132.98023500">
   </rtept>
   <rtept lat="32.73470700" lon="132.97995000">
   </rtept>
   <rtept lat="32.73484900" lon="132.97984500">
   </rtept>
   <rtept lat="32.73484900" lon="132.97972100">
   </rtept>
   <rtept lat="32.73483000" lon="132.97960700">
   </rtept>
   <rtept lat="32.73476400" lon="132.97947400">
   </rtept>
   <rtept lat="32.73476400" lon="132.97941700">
   </rtept>
   <rtept lat="32.73480500" lon="132.97926100">
   </rtept>
   <rtept lat="32.73432700" lon="132.97889600">
   </rtept>
   <rtept lat="32.73398200" lon="132.97852100">
   </rtept>
   <rtept lat="32.73390500" lon="132.97840200">
   </rtept>
   <rtept lat="32.73371300" lon="132.97790200">
   </rtept>
   <rtept lat="32.73361700" lon="132.97738900">
   </rtept>
   <rtept lat="32.73348500" lon="132.97703200">
   </rtept>
   <rtept lat="32.73334100" lon="132.97681900">
   </rtept>
   <rtept lat="32.73301700" lon="132.97640500">
   </rtept>
   <rtept lat="32.73311300" lon="132.97596300">
   </rtept>
   <rtept lat="32.73304100" lon="132.97553500">
   </rtept>
   <rtept lat="32.73295700" lon="132.97525000">
   </rtept>
   <rtept lat="32.73274100" lon="132.97477900">
   </rtept>
   <rtept lat="32.73250200" lon="132.97467900">
   </rtept>
   <rtept lat="32.73237000" lon="132.97453700">
   </rtept>
   <rtept lat="32.73238200" lon="132.97443700">
   </rtept>
   <rtept lat="32.73246600" lon="132.97433700">
   </rtept>
   <rtept lat="32.73269300" lon="132.97439400">
   </rtept>
   <rtept lat="32.73295700" lon="132.97449400">
   </rtept>
   <rtept lat="32.73314900" lon="132.97452300">
   </rtept>
   <rtept lat="32.73330500" lon="132.97443700">
   </rtept>
   <rtept lat="32.73347300" lon="132.97410900">
   </rtept>
   <rtept lat="32.73358100" lon="132.97393800">
   </rtept>
   <rtept lat="32.73377300" lon="132.97376700">
   </rtept>
   <rtept lat="32.73404900" lon="132.97366700">
   </rtept>
   <rtept lat="32.73419300" lon="132.97366700">
   </rtept>
   <rtept lat="32.73426500" lon="132.97385200">
   </rtept>
   <rtept lat="32.73439700" lon="132.97396600">
   </rtept>
   <rtept lat="32.73452900" lon="132.97396600">
   </rtept>
   <rtept lat="32.73482900" lon="132.97349600">
   </rtept>
   <rtept lat="32.73494900" lon="132.97348200">
   </rtept>
   <rtept lat="32.73540500" lon="132.97342500">
   </rtept>
   <rtept lat="32.73546500" lon="132.97311100">
   </rtept>
   <rtept lat="32.73553700" lon="132.97298200">
   </rtept>
   <rtept lat="32.73570400" lon="132.97291100">
   </rtept>
   <rtept lat="32.73590800" lon="132.97286800">
   </rtept>
   <rtept lat="32.73592000" lon="132.97246900">
   </rtept>
   <rtept lat="32.73604000" lon="132.97211300">
   </rtept>
   <rtept lat="32.73599200" lon="132.97201300">
   </rtept>
   <rtept lat="32.73534500" lon="132.97199800">
   </rtept>
   <rtept lat="32.73514100" lon="132.97171300">
   </rtept>
   <rtept lat="32.73504500" lon="132.97172700">
   </rtept>
   <rtept lat="32.73470900" lon="132.97215500">
   </rtept>
   <rtept lat="32.73438500" lon="132.97217000">
   </rtept>
   <rtept lat="32.73416900" lon="132.97207000">
   </rtept>
   <rtept lat="32.73373700" lon="132.97205500">
   </rtept>
   <rtept lat="32.73361700" lon="132.97194100">
   </rtept>
   <rtept lat="32.73371300" lon="132.97165600">
   </rtept>
   <rtept lat="32.73386900" lon="132.97148500">
   </rtept>
   <rtept lat="32.73410900" lon="132.97095700">
   </rtept>
   <rtept lat="32.73444500" lon="132.97084300">
   </rtept>
   <rtept lat="32.73500900" lon="132.97071500">
   </rtept>
   <rtept lat="32.73511700" lon="132.97061500">
   </rtept>
   <rtept lat="32.73510500" lon="132.97050100">
   </rtept>
   <rtept lat="32.73491300" lon="132.97027300">
   </rtept>
   <rtept lat="32.73492500" lon="132.96975900">
   </rtept>
   <rtept lat="32.73484100" lon="132.96974500">
   </rtept>
   <rtept lat="32.73427700" lon="132.97000200">
   </rtept>
   <rtept lat="32.73377300" lon="132.97004500">
   </rtept>
   <rtept lat="32.73359300" lon="132.96975900">
   </rtept>
   <rtept lat="32.73350900" lon="132.96971700">
   </rtept>
   <rtept lat="32.73301700" lon="132.96973100">
   </rtept>
   <rtept lat="32.73275300" lon="132.96948900">
   </rtept>
   <rtept lat="32.73271700" lon="132.96923200">
   </rtept>
   <rtept lat="32.73263300" lon="132.96904600">
   </rtept>
   <rtept lat="32.73249000" lon="132.96884700">
   </rtept>
   <rtept lat="32.73221400" lon="132.96870400">
   </rtept>
   <rtept lat="32.73210600" lon="132.96851900">
   </rtept>
 </rte>
 <rte>
  <name>SHIKOKU_KCH_(万次郎へのみち)</name>
   <rtept lat="32.73204900" lon="132.96720700">
   </rtept>
   <rtept lat="32.73194000" lon="132.96712000">
   </rtept>
   <rtept lat="32.73198700" lon="132.96694100">
   </rtept>
   <rtept lat="32.73219000" lon="132.96688800">
   </rtept>
   <rtept lat="32.73245100" lon="132.96687000">
   </rtept>
   <rtept lat="32.73258200" lon="132.96672100">
   </rtept>
   <rtept lat="32.73249300" lon="132.96643000">
   </rtept>
   <rtept lat="32.73228500" lon="132.96601900">
   </rtept>
   <rtept lat="32.73196900" lon="132.96568000">
   </rtept>
 </rte>
 <rte>
  <name>SHIKOKU_KCH_(万次郎へのみち)</name>
   <rtept lat="32.73204900" lon="132.96720700">
   </rtept>
   <rtept lat="32.73204200" lon="132.96723700">
   </rtept>
   <rtept lat="32.73202200" lon="132.96733500">
   </rtept>
   <rtept lat="32.73201000" lon="132.96784900">
   </rtept>
   <rtept lat="32.73203400" lon="132.96829100">
   </rtept>
 </rte>
 <rte>
  <name>SHIKOKU_KCH_24(万次郎へのみち)</name>
   <rtept lat="32.78079100" lon="132.94640400">
   </rtept>
   <rtept lat="32.78055100" lon="132.94718800">
   </rtept>
   <rtept lat="32.78021600" lon="132.94770200">
   </rtept>
   <rtept lat="32.78004500" lon="132.94827900">
   </rtept>
   <rtept lat="32.77959100" lon="132.94813100">
   </rtept>
   <rtept lat="32.77936600" lon="132.94808300">
   </rtept>
   <rtept lat="32.77832700" lon="132.94772100">
   </rtept>
   <rtept lat="32.77834700" lon="132.94810100">
   </rtept>
   <rtept lat="32.77839200" lon="132.94842200">
   </rtept>
   <rtept lat="32.77825700" lon="132.94839800">
   </rtept>
   <rtept lat="32.77819900" lon="132.94832400">
   </rtept>
   <rtept lat="32.77813500" lon="132.94807700">
   </rtept>
   <rtept lat="32.77799900" lon="132.94770600">
   </rtept>
   <rtept lat="32.77784700" lon="132.94728800">
   </rtept>
   <rtept lat="32.77765500" lon="132.94696500">
   </rtept>
   <rtept lat="32.77750300" lon="132.94676500">
   </rtept>
   <rtept lat="32.77739900" lon="132.94638500">
   </rtept>
   <rtept lat="32.77732000" lon="132.94589000">
   </rtept>
   <rtept lat="32.77716000" lon="132.94600400">
   </rtept>
   <rtept lat="32.77707200" lon="132.94615700">
   </rtept>
   <rtept lat="32.77695200" lon="132.94620400">
   </rtept>
   <rtept lat="32.77669600" lon="132.94618500">
   </rtept>
   <rtept lat="32.77649600" lon="132.94604300">
   </rtept>
   <rtept lat="32.77627200" lon="132.94595700">
   </rtept>
   <rtept lat="32.77594500" lon="132.94617600">
   </rtept>
   <rtept lat="32.77563300" lon="132.94617600">
   </rtept>
   <rtept lat="32.77546500" lon="132.94621400">
   </rtept>
   <rtept lat="32.77528100" lon="132.94597600">
   </rtept>
   <rtept lat="32.77504900" lon="132.94573800">
   </rtept>
   <rtept lat="32.77488300" lon="132.94566200">
   </rtept>
   <rtept lat="32.77456300" lon="132.94550100">
   </rtept>
   <rtept lat="32.77434000" lon="132.94524400">
   </rtept>
   <rtept lat="32.77407600" lon="132.94501600">
   </rtept>
   <rtept lat="32.77394000" lon="132.94501600">
   </rtept>
   <rtept lat="32.77354000" lon="132.94509200">
   </rtept>
   <rtept lat="32.77337200" lon="132.94508200">
   </rtept>
   <rtept lat="32.77300500" lon="132.94484500">
   </rtept>
   <rtept lat="32.77257300" lon="132.94450200">
   </rtept>
   <rtept lat="32.77225300" lon="132.94426500">
   </rtept>
   <rtept lat="32.77198900" lon="132.94397900">
   </rtept>
   <rtept lat="32.77189300" lon="132.94395100">
   </rtept>
   <rtept lat="32.77175000" lon="132.94391300">
   </rtept>
   <rtept lat="32.77143800" lon="132.94388400">
   </rtept>
   <rtept lat="32.77116600" lon="132.94389400">
   </rtept>
   <rtept lat="32.77100600" lon="132.94391300">
   </rtept>
   <rtept lat="32.77078200" lon="132.94407500">
   </rtept>
   <rtept lat="32.77049400" lon="132.94414100">
   </rtept>
   <rtept lat="32.77054900" lon="132.94424800">
   </rtept>
   <rtept lat="32.77041900" lon="132.94431900">
   </rtept>
   <rtept lat="32.77022900" lon="132.94437900">
   </rtept>
   <rtept lat="32.77006000" lon="132.94474700">
   </rtept>
   <rtept lat="32.76982000" lon="132.94481800">
   </rtept>
   <rtept lat="32.76964000" lon="132.94498500">
   </rtept>
   <rtept lat="32.76954000" lon="132.94553100">
   </rtept>
   <rtept lat="32.76954000" lon="132.94593500">
   </rtept>
   <rtept lat="32.76958000" lon="132.94636300">
   </rtept>
   <rtept lat="32.76957000" lon="132.94657700">
   </rtept>
   <rtept lat="32.76942000" lon="132.94663700">
   </rtept>
   <rtept lat="32.76919000" lon="132.94664800">
   </rtept>
   <rtept lat="32.76902000" lon="132.94673200">
   </rtept>
   <rtept lat="32.76832100" lon="132.94699300">
   </rtept>
   <rtept lat="32.76760100" lon="132.94769400">
   </rtept>
   <rtept lat="32.76783100" lon="132.94814600">
   </rtept>
   <rtept lat="32.76833100" lon="132.94906100">
   </rtept>
   <rtept lat="32.76877100" lon="132.94952400">
   </rtept>
   <rtept lat="32.76909000" lon="132.94982100">
   </rtept>
   <rtept lat="32.76963000" lon="132.95040400">
   </rtept>
   <rtept lat="32.77007000" lon="132.95077200">
   </rtept>
   <rtept lat="32.77041900" lon="132.95093900">
   </rtept>
   <rtept lat="32.77076900" lon="132.95108600">
   </rtept>
   <rtept lat="32.77106300" lon="132.95128600">
   </rtept>
   <rtept lat="32.77127300" lon="132.95148500">
   </rtept>
   <rtept lat="32.77138700" lon="132.95161400">
   </rtept>
   <rtept lat="32.77150100" lon="132.95164900">
   </rtept>
   <rtept lat="32.77163800" lon="132.95163500">
   </rtept>
   <rtept lat="32.77180600" lon="132.95153500">
   </rtept>
   <rtept lat="32.77200400" lon="132.95122100">
   </rtept>
   <rtept lat="32.77208800" lon="132.95118600">
   </rtept>
   <rtept lat="32.77214200" lon="132.95120000">
   </rtept>
   <rtept lat="32.77217800" lon="132.95125700">
   </rtept>
   <rtept lat="32.77213600" lon="132.95139200">
   </rtept>
   <rtept lat="32.77212400" lon="132.95149900">
   </rtept>
   <rtept lat="32.77214200" lon="132.95164900">
   </rtept>
   <rtept lat="32.77217200" lon="132.95177000">
   </rtept>
   <rtept lat="32.77219600" lon="132.95192000">
   </rtept>
   <rtept lat="32.77225600" lon="132.95196300">
   </rtept>
   <rtept lat="32.77240600" lon="132.95197700">
   </rtept>
   <rtept lat="32.77254400" lon="132.95193400">
   </rtept>
   <rtept lat="32.77265800" lon="132.95186300">
   </rtept>
   <rtept lat="32.77269100" lon="132.95189700">
   </rtept>
   <rtept lat="32.77272100" lon="132.95207600">
   </rtept>
   <rtept lat="32.77265500" lon="132.95226800">
   </rtept>
   <rtept lat="32.77270900" lon="132.95249600">
   </rtept>
   <rtept lat="32.77269100" lon="132.95262500">
   </rtept>
   <rtept lat="32.77263100" lon="132.95271700">
   </rtept>
   <rtept lat="32.77242700" lon="132.95275300">
   </rtept>
   <rtept lat="32.77234900" lon="132.95281000">
   </rtept>
   <rtept lat="32.77233200" lon="132.95291700">
   </rtept>
   <rtept lat="32.77227200" lon="132.95306700">
   </rtept>
   <rtept lat="32.77202000" lon="132.95327300">
   </rtept>
   <rtept lat="32.77170200" lon="132.95346600">
   </rtept>
   <rtept lat="32.77161200" lon="132.95364400">
   </rtept>
   <rtept lat="32.77153400" lon="132.95384400">
   </rtept>
   <rtept lat="32.77155200" lon="132.95402200">
   </rtept>
   <rtept lat="32.77167200" lon="132.95414300">
   </rtept>
   <rtept lat="32.77184600" lon="132.95418600">
   </rtept>
   <rtept lat="32.77208600" lon="132.95411500">
   </rtept>
   <rtept lat="32.77223600" lon="132.95395800">
   </rtept>
   <rtept lat="32.77236100" lon="132.95390100">
   </rtept>
   <rtept lat="32.77246900" lon="132.95388700">
   </rtept>
   <rtept lat="32.77252300" lon="132.95390800">
   </rtept>
   <rtept lat="32.77255900" lon="132.95405800">
   </rtept>
   <rtept lat="32.77261300" lon="132.95427200">
   </rtept>
   <rtept lat="32.77269100" lon="132.95431500">
   </rtept>
   <rtept lat="32.77278700" lon="132.95430000">
   </rtept>
   <rtept lat="32.77291300" lon="132.95415100">
   </rtept>
   <rtept lat="32.77303200" lon="132.95388200">
   </rtept>
   <rtept lat="32.77359200" lon="132.95325400">
   </rtept>
   <rtept lat="32.77352800" lon="132.95346400">
   </rtept>
   <rtept lat="32.77328800" lon="132.95423400">
   </rtept>
   <rtept lat="32.77331200" lon="132.95480400">
   </rtept>
   <rtept lat="32.77370400" lon="132.95480400">
   </rtept>
   <rtept lat="32.77399100" lon="132.95489900">
   </rtept>
   <rtept lat="32.77406300" lon="132.95495600">
   </rtept>
   <rtept lat="32.77426300" lon="132.95510800">
   </rtept>
   <rtept lat="32.77446300" lon="132.95531800">
   </rtept>
   <rtept lat="32.77468700" lon="132.95559300">
   </rtept>
   <rtept lat="32.77475100" lon="132.95575500">
   </rtept>
   <rtept lat="32.77535800" lon="132.95602100">
   </rtept>
   <rtept lat="32.77621100" lon="132.95630300">
   </rtept>
   <rtept lat="32.77830900" lon="132.95629200">
   </rtept>
   <rtept lat="32.77848900" lon="132.95555500">
   </rtept>
   <rtept lat="32.77900900" lon="132.95554300">
   </rtept>
   <rtept lat="32.77903900" lon="132.95607800">
   </rtept>
   <rtept lat="32.77893900" lon="132.95648200">
   </rtept>
   <rtept lat="32.77899900" lon="132.95706400">
   </rtept>
   <rtept lat="32.77916900" lon="132.95891800">
   </rtept>
   <rtept lat="32.77959800" lon="132.95884700">
   </rtept>
   <rtept lat="32.77981800" lon="132.96115200">
   </rtept>
   <rtept lat="32.77944800" lon="132.96123500">
   </rtept>
   <rtept lat="32.77903900" lon="132.96129500">
   </rtept>
   <rtept lat="32.77875900" lon="132.96125900">
   </rtept>
   <rtept lat="32.77792000" lon="132.96109300">
   </rtept>
   <rtept lat="32.77753500" lon="132.96101500">
   </rtept>
   <rtept lat="32.77722500" lon="132.96115800">
   </rtept>
   <rtept lat="32.77691500" lon="132.96149100">
   </rtept>
   <rtept lat="32.77630600" lon="132.96275100">
   </rtept>
   <rtept lat="32.77554700" lon="132.96441400">
   </rtept>
   <rtept lat="32.77536700" lon="132.96500900">
   </rtept>
   <rtept lat="32.77536700" lon="132.96543600">
   </rtept>
   <rtept lat="32.77543700" lon="132.96560300">
   </rtept>
   <rtept lat="32.77558600" lon="132.96584000">
   </rtept>
   <rtept lat="32.77588600" lon="132.96623300">
   </rtept>
   <rtept lat="32.77624600" lon="132.96660100">
   </rtept>
   <rtept lat="32.77648600" lon="132.96674400">
   </rtept>
   <rtept lat="32.77679600" lon="132.96691000">
   </rtept>
   <rtept lat="32.77694500" lon="132.96712400">
   </rtept>
   <rtept lat="32.77698500" lon="132.96731400">
   </rtept>
   <rtept lat="32.77701500" lon="132.96756400">
   </rtept>
   <rtept lat="32.77696500" lon="132.96787300">
   </rtept>
   <rtept lat="32.77671600" lon="132.96815800">
   </rtept>
   <rtept lat="32.77631600" lon="132.96843100">
   </rtept>
   <rtept lat="32.77558600" lon="132.96860900">
   </rtept>
   <rtept lat="32.77506700" lon="132.96860900">
   </rtept>
   <rtept lat="32.77454700" lon="132.96841900">
   </rtept>
   <rtept lat="32.77407400" lon="132.96823200">
   </rtept>
   <rtept lat="32.77386000" lon="132.96791100">
   </rtept>
   <rtept lat="32.77368200" lon="132.96759700">
   </rtept>
   <rtept lat="32.77368200" lon="132.96691800">
   </rtept>
   <rtept lat="32.77373800" lon="132.96618500">
   </rtept>
   <rtept lat="32.77377000" lon="132.96586900">
   </rtept>
   <rtept lat="32.77386600" lon="132.96529800">
   </rtept>
   <rtept lat="32.77381800" lon="132.96488000">
   </rtept>
   <rtept lat="32.77354600" lon="132.96377700">
   </rtept>
   <rtept lat="32.77353000" lon="132.96339700">
   </rtept>
   <rtept lat="32.77361000" lon="132.96219900">
   </rtept>
   <rtept lat="32.77361000" lon="132.96189500">
   </rtept>
   <rtept lat="32.77293900" lon="132.96132400">
   </rtept>
   <rtept lat="32.77269900" lon="132.96109600">
   </rtept>
   <rtept lat="32.77263500" lon="132.96079200">
   </rtept>
   <rtept lat="32.77282700" lon="132.96050700">
   </rtept>
   <rtept lat="32.77327400" lon="132.96020300">
   </rtept>
   <rtept lat="32.77341800" lon="132.95993600">
   </rtept>
   <rtept lat="32.77329000" lon="132.95946100">
   </rtept>
   <rtept lat="32.77305100" lon="132.95921400">
   </rtept>
   <rtept lat="32.77229900" lon="132.95889100">
   </rtept>
   <rtept lat="32.77209100" lon="132.95841500">
   </rtept>
   <rtept lat="32.77193100" lon="132.95790200">
   </rtept>
   <rtept lat="32.77095600" lon="132.95740800">
   </rtept>
   <rtept lat="32.77055600" lon="132.95733100">
   </rtept>
   <rtept lat="32.76982100" lon="132.95765500">
   </rtept>
   <rtept lat="32.76879800" lon="132.95761700">
   </rtept>
   <rtept lat="32.76823800" lon="132.95756000">
   </rtept>
   <rtept lat="32.76759900" lon="132.95736900">
   </rtept>
   <rtept lat="32.76738300" lon="132.95728800">
   </rtept>
   <rtept lat="32.76727300" lon="132.95749000">
   </rtept>
   <rtept lat="32.76712100" lon="132.95761400">
   </rtept>
   <rtept lat="32.76682600" lon="132.95776600">
   </rtept>
   <rtept lat="32.76666400" lon="132.95785100">
   </rtept>
   <rtept lat="32.76650200" lon="132.95813700">
   </rtept>
   <rtept lat="32.76636900" lon="132.95808900">
   </rtept>
   <rtept lat="32.76617800" lon="132.95801300">
   </rtept>
   <rtept lat="32.76586400" lon="132.95812700">
   </rtept>
   <rtept lat="32.76547200" lon="132.95813300">
   </rtept>
   <rtept lat="32.76519200" lon="132.95809100">
   </rtept>
   <rtept lat="32.76503200" lon="132.95812100">
   </rtept>
   <rtept lat="32.76494300" lon="132.95824600">
   </rtept>
   <rtept lat="32.76488100" lon="132.95831200">
   </rtept>
   <rtept lat="32.76480400" lon="132.95834500">
   </rtept>
   <rtept lat="32.76473400" lon="132.95816800">
   </rtept>
   <rtept lat="32.76468100" lon="132.95795400">
   </rtept>
   <rtept lat="32.76460900" lon="132.95791300">
   </rtept>
   <rtept lat="32.76455700" lon="132.95792900">
   </rtept>
   <rtept lat="32.76445900" lon="132.95800300">
   </rtept>
   <rtept lat="32.76430600" lon="132.95833500">
   </rtept>
   <rtept lat="32.76427100" lon="132.95838700">
   </rtept>
   <rtept lat="32.76419900" lon="132.95841800">
   </rtept>
   <rtept lat="32.76416100" lon="132.95839900">
   </rtept>
   <rtept lat="32.76411600" lon="132.95831500">
   </rtept>
   <rtept lat="32.76407200" lon="132.95810400">
   </rtept>
   <rtept lat="32.76400900" lon="132.95791800">
   </rtept>
   <rtept lat="32.76395200" lon="132.95788400">
   </rtept>
   <rtept lat="32.76389800" lon="132.95787500">
   </rtept>
   <rtept lat="32.76376400" lon="132.95790800">
   </rtept>
   <rtept lat="32.76368500" lon="132.95797600">
   </rtept>
   <rtept lat="32.76362200" lon="132.95805800">
   </rtept>
   <rtept lat="32.76356400" lon="132.95825300">
   </rtept>
   <rtept lat="32.76331000" lon="132.95851900">
   </rtept>
   <rtept lat="32.76329800" lon="132.95881900">
   </rtept>
   <rtept lat="32.76332900" lon="132.95895700">
   </rtept>
   <rtept lat="32.76333100" lon="132.95905500">
   </rtept>
   <rtept lat="32.76331200" lon="132.95916200">
   </rtept>
   <rtept lat="32.76323100" lon="132.95931600">
   </rtept>
   <rtept lat="32.76322700" lon="132.95945200">
   </rtept>
   <rtept lat="32.76324100" lon="132.95960700">
   </rtept>
   <rtept lat="32.76326200" lon="132.95967600">
   </rtept>
   <rtept lat="32.76329800" lon="132.95988800">
   </rtept>
   <rtept lat="32.76329600" lon="132.96001600">
   </rtept>
   <rtept lat="32.76327700" lon="132.96012800">
   </rtept>
   <rtept lat="32.76323600" lon="132.96015600">
   </rtept>
   <rtept lat="32.76314800" lon="132.96010600">
   </rtept>
   <rtept lat="32.76308400" lon="132.95999900">
   </rtept>
   <rtept lat="32.76301700" lon="132.95983500">
   </rtept>
   <rtept lat="32.76294600" lon="132.95966900">
   </rtept>
   <rtept lat="32.76286700" lon="132.95955700">
   </rtept>
   <rtept lat="32.76279600" lon="132.95955000">
   </rtept>
   <rtept lat="32.76270300" lon="132.95957300">
   </rtept>
   <rtept lat="32.76259400" lon="132.95963100">
   </rtept>
   <rtept lat="32.76249500" lon="132.95972300">
   </rtept>
   <rtept lat="32.76198100" lon="132.96092500">
   </rtept>
   <rtept lat="32.76148200" lon="132.96067500">
   </rtept>
   <rtept lat="32.76116200" lon="132.96039000">
   </rtept>
   <rtept lat="32.76105200" lon="132.96014100">
   </rtept>
   <rtept lat="32.76097200" lon="132.95995000">
   </rtept>
   <rtept lat="32.76085200" lon="132.95992700">
   </rtept>
   <rtept lat="32.76072200" lon="132.95995000">
   </rtept>
   <rtept lat="32.76055200" lon="132.96002200">
   </rtept>
   <rtept lat="32.76046200" lon="132.96002200">
   </rtept>
   <rtept lat="32.76028200" lon="132.95993900">
   </rtept>
   <rtept lat="32.76018200" lon="132.95991500">
   </rtept>
   <rtept lat="32.76015200" lon="132.96009300">
   </rtept>
   <rtept lat="32.76021200" lon="132.96023600">
   </rtept>
   <rtept lat="32.76035200" lon="132.96025900">
   </rtept>
   <rtept lat="32.76069200" lon="132.96016400">
   </rtept>
   <rtept lat="32.76081200" lon="132.96020000">
   </rtept>
   <rtept lat="32.76088200" lon="132.96034300">
   </rtept>
   <rtept lat="32.76087200" lon="132.96071100">
   </rtept>
   <rtept lat="32.76078200" lon="132.96102000">
   </rtept>
   <rtept lat="32.76069200" lon="132.96115100">
   </rtept>
   <rtept lat="32.76022200" lon="132.96148300">
   </rtept>
   <rtept lat="32.75958400" lon="132.96260600">
   </rtept>
   <rtept lat="32.75960400" lon="132.96273600">
   </rtept>
   <rtept lat="32.75980400" lon="132.96284300">
   </rtept>
   <rtept lat="32.75992400" lon="132.96292600">
   </rtept>
   <rtept lat="32.76019400" lon="132.96292600">
   </rtept>
   <rtept lat="32.76031400" lon="132.96264100">
   </rtept>
   <rtept lat="32.76040400" lon="132.96249900">
   </rtept>
   <rtept lat="32.76062400" lon="132.96239200">
   </rtept>
   <rtept lat="32.76075400" lon="132.96240400">
   </rtept>
   <rtept lat="32.76095400" lon="132.96247500">
   </rtept>
   <rtept lat="32.76117300" lon="132.96243900">
   </rtept>
   <rtept lat="32.76138300" lon="132.96255800">
   </rtept>
   <rtept lat="32.76142300" lon="132.96268900">
   </rtept>
   <rtept lat="32.76140300" lon="132.96284300">
   </rtept>
   <rtept lat="32.76103300" lon="132.96293800">
   </rtept>
   <rtept lat="32.76042400" lon="132.96323500">
   </rtept>
   <rtept lat="32.75973400" lon="132.96331900">
   </rtept>
   <rtept lat="32.75934500" lon="132.96348500">
   </rtept>
   <rtept lat="32.75895500" lon="132.96374600">
   </rtept>
   <rtept lat="32.75861500" lon="132.96390100">
   </rtept>
   <rtept lat="32.75843500" lon="132.96396000">
   </rtept>
   <rtept lat="32.75799500" lon="132.96400800">
   </rtept>
   <rtept lat="32.75774600" lon="132.96413900">
   </rtept>
   <rtept lat="32.75758600" lon="132.96438800">
   </rtept>
   <rtept lat="32.75766600" lon="132.96462600">
   </rtept>
   <rtept lat="32.75778500" lon="132.96494700">
   </rtept>
   <rtept lat="32.75791500" lon="132.96527900">
   </rtept>
   <rtept lat="32.75790500" lon="132.96545800">
   </rtept>
   <rtept lat="32.75779500" lon="132.96557700">
   </rtept>
   <rtept lat="32.75771600" lon="132.96556500">
   </rtept>
   <rtept lat="32.75748600" lon="132.96539800">
   </rtept>
   <rtept lat="32.75729600" lon="132.96542200">
   </rtept>
   <rtept lat="32.75722600" lon="132.96550500">
   </rtept>
   <rtept lat="32.75691600" lon="132.96568300">
   </rtept>
   <rtept lat="32.75684600" lon="132.96580200">
   </rtept>
   <rtept lat="32.75678600" lon="132.96586200">
   </rtept>
   <rtept lat="32.75668600" lon="132.96582600">
   </rtept>
   <rtept lat="32.75666600" lon="132.96571900">
   </rtept>
   <rtept lat="32.75668600" lon="132.96548100">
   </rtept>
   <rtept lat="32.75667600" lon="132.96529100">
   </rtept>
   <rtept lat="32.75650600" lon="132.96526800">
   </rtept>
   <rtept lat="32.75606600" lon="132.96539800">
   </rtept>
   <rtept lat="32.75588300" lon="132.96549300">
   </rtept>
   <rtept lat="32.75525300" lon="132.96656300">
   </rtept>
   <rtept lat="32.75508300" lon="132.96691900">
   </rtept>
   <rtept lat="32.75506300" lon="132.96708600">
   </rtept>
   <rtept lat="32.75512300" lon="132.96739500">
   </rtept>
   <rtept lat="32.75510300" lon="132.96756100">
   </rtept>
   <rtept lat="32.75506300" lon="132.96771600">
   </rtept>
   <rtept lat="32.75500300" lon="132.96803700">
   </rtept>
   <rtept lat="32.75509300" lon="132.96815500">
   </rtept>
   <rtept lat="32.75525300" lon="132.96825000">
   </rtept>
   <rtept lat="32.75532300" lon="132.96841700">
   </rtept>
   <rtept lat="32.75541300" lon="132.96880900">
   </rtept>
   <rtept lat="32.75547300" lon="132.96897500">
   </rtept>
   <rtept lat="32.75538300" lon="132.96932000">
   </rtept>
   <rtept lat="32.75522300" lon="132.96952200">
   </rtept>
   <rtept lat="32.75509300" lon="132.96948600">
   </rtept>
   <rtept lat="32.75502300" lon="132.96942700">
   </rtept>
   <rtept lat="32.75509300" lon="132.96908200">
   </rtept>
   <rtept lat="32.75495300" lon="132.96850000">
   </rtept>
   <rtept lat="32.75461300" lon="132.96832200">
   </rtept>
   <rtept lat="32.75447300" lon="132.96815500">
   </rtept>
   <rtept lat="32.75444300" lon="132.96787000">
   </rtept>
   <rtept lat="32.75455300" lon="132.96765600">
   </rtept>
   <rtept lat="32.75456300" lon="132.96743000">
   </rtept>
   <rtept lat="32.75447300" lon="132.96730000">
   </rtept>
   <rtept lat="32.75431300" lon="132.96727600">
   </rtept>
   <rtept lat="32.75393400" lon="132.96722800">
   </rtept>
   <rtept lat="32.75338400" lon="132.96719300">
   </rtept>
   <rtept lat="32.75315400" lon="132.96732300">
   </rtept>
   <rtept lat="32.75255400" lon="132.96779900">
   </rtept>
   <rtept lat="32.75230500" lon="132.96798900">
   </rtept>
   <rtept lat="32.75221500" lon="132.96814300">
   </rtept>
   <rtept lat="32.75204500" lon="132.96869000">
   </rtept>
   <rtept lat="32.75193500" lon="132.96896300">
   </rtept>
   <rtept lat="32.75144500" lon="132.96943900">
   </rtept>
   <rtept lat="32.75136500" lon="132.96977200">
   </rtept>
   <rtept lat="32.75120500" lon="132.96977200">
   </rtept>
   <rtept lat="32.75106500" lon="132.96979500">
   </rtept>
   <rtept lat="32.75089700" lon="132.97000900">
   </rtept>
   <rtept lat="32.75057700" lon="132.97029400">
   </rtept>
   <rtept lat="32.75028900" lon="132.97052300">
   </rtept>
   <rtept lat="32.74984100" lon="132.97048500">
   </rtept>
   <rtept lat="32.74932900" lon="132.97050400">
   </rtept>
   <rtept lat="32.74901000" lon="132.97071300">
   </rtept>
   <rtept lat="32.74854600" lon="132.97124500">
   </rtept>
   <rtept lat="32.74790600" lon="132.97160600">
   </rtept>
   <rtept lat="32.74751900" lon="132.97179700">
   </rtept>
   <rtept lat="32.74731100" lon="132.97164400">
   </rtept>
   <rtept lat="32.74703900" lon="132.97154900">
   </rtept>
   <rtept lat="32.74673600" lon="132.97154900">
   </rtept>
   <rtept lat="32.74657600" lon="132.97151100">
   </rtept>
   <rtept lat="32.74627200" lon="132.97124500">
   </rtept>
   <rtept lat="32.74612800" lon="132.97124500">
   </rtept>
   <rtept lat="32.74601600" lon="132.97134000">
   </rtept>
   <rtept lat="32.74592000" lon="132.97160600">
   </rtept>
   <rtept lat="32.74580800" lon="132.97189200">
   </rtept>
   <rtept lat="32.74552000" lon="132.97206300">
   </rtept>
   <rtept lat="32.74508800" lon="132.97177800">
   </rtept>
   <rtept lat="32.74451300" lon="132.97151100">
   </rtept>
   <rtept lat="32.74428900" lon="132.97145400">
   </rtept>
   <rtept lat="32.74414500" lon="132.97137800">
   </rtept>
   <rtept lat="32.74382500" lon="132.97080800">
   </rtept>
   <rtept lat="32.74366500" lon="132.97059900">
   </rtept>
   <rtept lat="32.74328100" lon="132.97046600">
   </rtept>
   <rtept lat="32.74280100" lon="132.96987600">
   </rtept>
   <rtept lat="32.74221000" lon="132.96930600">
   </rtept>
   <rtept lat="32.74213000" lon="132.96911600">
   </rtept>
   <rtept lat="32.74201800" lon="132.96894400">
   </rtept>
   <rtept lat="32.74165000" lon="132.96877300">
   </rtept>
   <rtept lat="32.74094600" lon="132.96837400">
   </rtept>
   <rtept lat="32.74065700" lon="132.96806000">
   </rtept>
   <rtept lat="32.74051900" lon="132.96776100">
   </rtept>
   <rtept lat="32.74037600" lon="132.96769000">
   </rtept>
   <rtept lat="32.73971600" lon="132.96735400">
   </rtept>
   <rtept lat="32.73927200" lon="132.96719000">
   </rtept>
   <rtept lat="32.73911600" lon="132.96703400">
   </rtept>
   <rtept lat="32.73904400" lon="132.96693400">
   </rtept>
   <rtept lat="32.73894200" lon="132.96691200">
   </rtept>
   <rtept lat="32.73876800" lon="132.96693400">
   </rtept>
   <rtept lat="32.73861800" lon="132.96683400">
   </rtept>
   <rtept lat="32.73851000" lon="132.96653400">
   </rtept>
   <rtept lat="32.73846200" lon="132.96647000">
   </rtept>
   <rtept lat="32.73828400" lon="132.96648000">
   </rtept>
   <rtept lat="32.73812800" lon="132.96646500">
   </rtept>
   <rtept lat="32.73780400" lon="132.96670800">
   </rtept>
   <rtept lat="32.73763600" lon="132.96696400">
   </rtept>
   <rtept lat="32.73761200" lon="132.96723500">
   </rtept>
   <rtept lat="32.73698800" lon="132.96707800">
   </rtept>
   <rtept lat="32.73674800" lon="132.96727800">
   </rtept>
   <rtept lat="32.73650800" lon="132.96726400">
   </rtept>
   <rtept lat="32.73630400" lon="132.96734900">
   </rtept>
   <rtept lat="32.73612400" lon="132.96754900">
   </rtept>
   <rtept lat="32.73584800" lon="132.96793400">
   </rtept>
   <rtept lat="32.73564400" lon="132.96786300">
   </rtept>
   <rtept lat="32.73553700" lon="132.96763500">
   </rtept>
   <rtept lat="32.73545300" lon="132.96742100">
   </rtept>
   <rtept lat="32.73526100" lon="132.96700700">
   </rtept>
   <rtept lat="32.73491300" lon="132.96692200">
   </rtept>
   <rtept lat="32.73478100" lon="132.96705000">
   </rtept>
   <rtept lat="32.73462500" lon="132.96706400">
   </rtept>
   <rtept lat="32.73439700" lon="132.96700700">
   </rtept>
   <rtept lat="32.73414500" lon="132.96686500">
   </rtept>
   <rtept lat="32.73401300" lon="132.96666500">
   </rtept>
   <rtept lat="32.73355700" lon="132.96673600">
   </rtept>
   <rtept lat="32.73332900" lon="132.96695000">
   </rtept>
   <rtept lat="32.73316100" lon="132.96707800">
   </rtept>
   <rtept lat="32.73298100" lon="132.96710700">
   </rtept>
   <rtept lat="32.73252600" lon="132.96699300">
   </rtept>
   <rtept lat="32.73217800" lon="132.96706400">
   </rtept>
   <rtept lat="32.73205800" lon="132.96716400">
   </rtept>
 </rte>
 <rte>
  <name>SHIKOKU_KCH_25(竜串へのみち)</name>
   <rtept lat="32.77423300" lon="132.86893800">
   </rtept>
   <rtept lat="32.77424300" lon="132.86876000">
   </rtept>
   <rtept lat="32.77415300" lon="132.86866500">
   </rtept>
   <rtept lat="32.77395300" lon="132.86867700">
   </rtept>
   <rtept lat="32.77386300" lon="132.86847400">
   </rtept>
   <rtept lat="32.77377300" lon="132.86829600">
   </rtept>
   <rtept lat="32.77356300" lon="132.86816600">
   </rtept>
   <rtept lat="32.77344300" lon="132.86799900">
   </rtept>
   <rtept lat="32.77347300" lon="132.86786800">
   </rtept>
   <rtept lat="32.77370300" lon="132.86773800">
   </rtept>
   <rtept lat="32.77402300" lon="132.86778500">
   </rtept>
   <rtept lat="32.77426300" lon="132.86779700">
   </rtept>
   <rtept lat="32.77437300" lon="132.86777300">
   </rtept>
   <rtept lat="32.77436300" lon="132.86761900">
   </rtept>
   <rtept lat="32.77420300" lon="132.86746400">
   </rtept>
   <rtept lat="32.77403300" lon="132.86739300">
   </rtept>
   <rtept lat="32.77358300" lon="132.86739300">
   </rtept>
   <rtept lat="32.77356300" lon="132.86725000">
   </rtept>
   <rtept lat="32.77346300" lon="132.86682300">
   </rtept>
   <rtept lat="32.77340300" lon="132.86677500">
   </rtept>
   <rtept lat="32.77327300" lon="132.86670400">
   </rtept>
   <rtept lat="32.77304400" lon="132.86670400">
   </rtept>
   <rtept lat="32.77207400" lon="132.86676300">
   </rtept>
   <rtept lat="32.77225400" lon="132.86693000">
   </rtept>
   <rtept lat="32.77230400" lon="132.86700100">
   </rtept>
   <rtept lat="32.77244400" lon="132.86702500">
   </rtept>
   <rtept lat="32.77262400" lon="132.86702500">
   </rtept>
   <rtept lat="32.77279400" lon="132.86721500">
   </rtept>
   <rtept lat="32.77284400" lon="132.86735700">
   </rtept>
   <rtept lat="32.77277400" lon="132.86765400">
   </rtept>
   <rtept lat="32.77270400" lon="132.86775000">
   </rtept>
   <rtept lat="32.77274400" lon="132.86799900">
   </rtept>
   <rtept lat="32.77293400" lon="132.86842700">
   </rtept>
   <rtept lat="32.77304400" lon="132.86870000">
   </rtept>
   <rtept lat="32.77315400" lon="132.86898600">
   </rtept>
   <rtept lat="32.77326300" lon="132.86911600">
   </rtept>
   <rtept lat="32.77316400" lon="132.86930600">
   </rtept>
   <rtept lat="32.77315400" lon="132.86979400">
   </rtept>
   <rtept lat="32.77317400" lon="132.87040000">
   </rtept>
   <rtept lat="32.77307400" lon="132.87057800">
   </rtept>
   <rtept lat="32.77292400" lon="132.87076800">
   </rtept>
   <rtept lat="32.77275400" lon="132.87113600">
   </rtept>
   <rtept lat="32.77261400" lon="132.87131500">
   </rtept>
   <rtept lat="32.77252400" lon="132.87150500">
   </rtept>
   <rtept lat="32.77279400" lon="132.87164800">
   </rtept>
   <rtept lat="32.77314400" lon="132.87161200">
   </rtept>
   <rtept lat="32.77335300" lon="132.87160000">
   </rtept>
   <rtept lat="32.77363300" lon="132.87165900">
   </rtept>
   <rtept lat="32.77388300" lon="132.87168300">
   </rtept>
   <rtept lat="32.77402300" lon="132.87165900">
   </rtept>
   <rtept lat="32.77433300" lon="132.87180200">
   </rtept>
   <rtept lat="32.77470200" lon="132.87170700">
   </rtept>
   <rtept lat="32.77499200" lon="132.87163600">
   </rtept>
   <rtept lat="32.77520200" lon="132.87173100">
   </rtept>
   <rtept lat="32.77554200" lon="132.87167100">
   </rtept>
   <rtept lat="32.77618100" lon="132.87193300">
   </rtept>
   <rtept lat="32.77651100" lon="132.87218200">
   </rtept>
   <rtept lat="32.77694100" lon="132.87227700">
   </rtept>
   <rtept lat="32.77732000" lon="132.87225400">
   </rtept>
   <rtept lat="32.77754000" lon="132.87225400">
   </rtept>
   <rtept lat="32.77784000" lon="132.87240800">
   </rtept>
   <rtept lat="32.77813000" lon="132.87259800">
   </rtept>
   <rtept lat="32.77825900" lon="132.87276500">
   </rtept>
   <rtept lat="32.77862500" lon="132.87257400">
   </rtept>
   <rtept lat="32.77910500" lon="132.87251700">
   </rtept>
   <rtept lat="32.77956000" lon="132.87230700">
   </rtept>
   <rtept lat="32.78044700" lon="132.87226900">
   </rtept>
   <rtept lat="32.78096700" lon="132.87224100">
   </rtept>
   <rtept lat="32.78135900" lon="132.87221200">
   </rtept>
   <rtept lat="32.78186200" lon="132.87224100">
   </rtept>
   <rtept lat="32.78235800" lon="132.87246900">
   </rtept>
   <rtept lat="32.78265300" lon="132.87255500">
   </rtept>
   <rtept lat="32.78285300" lon="132.87246000">
   </rtept>
   <rtept lat="32.78308500" lon="132.87277300">
   </rtept>
   <rtept lat="32.78328500" lon="132.87283000">
   </rtept>
   <rtept lat="32.78345300" lon="132.87265000">
   </rtept>
   <rtept lat="32.78356500" lon="132.87257400">
   </rtept>
   <rtept lat="32.78370100" lon="132.87256400">
   </rtept>
   <rtept lat="32.78382000" lon="132.87266900">
   </rtept>
   <rtept lat="32.78416400" lon="132.87298200">
   </rtept>
   <rtept lat="32.78436900" lon="132.87297300">
   </rtept>
   <rtept lat="32.78470400" lon="132.87255500">
   </rtept>
   <rtept lat="32.78560000" lon="132.87215500">
   </rtept>
   <rtept lat="32.78597000" lon="132.87212700">
   </rtept>
   <rtept lat="32.78619400" lon="132.87192700">
   </rtept>
   <rtept lat="32.78649000" lon="132.87189900">
   </rtept>
   <rtept lat="32.78672200" lon="132.87174700">
   </rtept>
   <rtept lat="32.78720900" lon="132.87159400">
   </rtept>
   <rtept lat="32.78749700" lon="132.87161300">
   </rtept>
   <rtept lat="32.78760900" lon="132.87176600">
   </rtept>
   <rtept lat="32.78780100" lon="132.87222200">
   </rtept>
   <rtept lat="32.78796900" lon="132.87225000">
   </rtept>
   <rtept lat="32.78882400" lon="132.87144200">
   </rtept>
   <rtept lat="32.78943900" lon="132.87123300">
   </rtept>
   <rtept lat="32.78956700" lon="132.87072900">
   </rtept>
   <rtept lat="32.78969500" lon="132.87007300">
   </rtept>
   <rtept lat="32.78968700" lon="132.86991200">
   </rtept>
   <rtept lat="32.78894400" lon="132.86878000">
   </rtept>
   <rtept lat="32.78869000" lon="132.86869800">
   </rtept>
   <rtept lat="32.78857100" lon="132.86860300">
   </rtept>
   <rtept lat="32.78838100" lon="132.86832900">
   </rtept>
   <rtept lat="32.78825000" lon="132.86797200">
   </rtept>
   <rtept lat="32.78817900" lon="132.86752000">
   </rtept>
   <rtept lat="32.78813200" lon="132.86720300">
   </rtept>
   <rtept lat="32.78825800" lon="132.86722300">
   </rtept>
   <rtept lat="32.78850100" lon="132.86739100">
   </rtept>
   <rtept lat="32.78853300" lon="132.86707400">
   </rtept>
   <rtept lat="32.78853300" lon="132.86682400">
   </rtept>
   <rtept lat="32.78859300" lon="132.86636000">
   </rtept>
   <rtept lat="32.78856600" lon="132.86609300">
   </rtept>
   <rtept lat="32.78845000" lon="132.86583700">
   </rtept>
   <rtept lat="32.78846200" lon="132.86561100">
   </rtept>
   <rtept lat="32.78853300" lon="132.86539600">
   </rtept>
   <rtept lat="32.78896200" lon="132.86520600">
   </rtept>
   <rtept lat="32.78948500" lon="132.86522800">
   </rtept>
   <rtept lat="32.78975400" lon="132.86492700">
   </rtept>
   <rtept lat="32.79013000" lon="132.86437600">
   </rtept>
   <rtept lat="32.79058500" lon="132.86396700">
   </rtept>
   <rtept lat="32.79068100" lon="132.86364400">
   </rtept>
   <rtept lat="32.79094500" lon="132.86327300">
   </rtept>
   <rtept lat="32.79119700" lon="132.86177600">
   </rtept>
   <rtept lat="32.79095300" lon="132.86129800">
   </rtept>
   <rtept lat="32.79025200" lon="132.86097000">
   </rtept>
   <rtept lat="32.78994100" lon="132.86028600">
   </rtept>
   <rtept lat="32.78938900" lon="132.85985000">
   </rtept>
   <rtept lat="32.78911800" lon="132.86040800">
   </rtept>
   <rtept lat="32.78861400" lon="132.86017500">
   </rtept>
   <rtept lat="32.78867000" lon="132.85992500">
   </rtept>
   <rtept lat="32.78757200" lon="132.85944100">
   </rtept>
   <rtept lat="32.78750800" lon="132.85926900">
   </rtept>
   <rtept lat="32.78771400" lon="132.85890200">
   </rtept>
   <rtept lat="32.78782500" lon="132.85855200">
   </rtept>
   <rtept lat="32.78805300" lon="132.85830100">
   </rtept>
   <rtept lat="32.78818600" lon="132.85797400">
   </rtept>
   <rtept lat="32.78801800" lon="132.85755900">
   </rtept>
   <rtept lat="32.78782900" lon="132.85709000">
   </rtept>
   <rtept lat="32.78770900" lon="132.85677700">
   </rtept>
   <rtept lat="32.78756500" lon="132.85627300">
   </rtept>
   <rtept lat="32.78751700" lon="132.85563600">
   </rtept>
   <rtept lat="32.78746100" lon="132.85390500">
   </rtept>
   <rtept lat="32.78746900" lon="132.85340100">
   </rtept>
   <rtept lat="32.78731800" lon="132.85269800">
   </rtept>
   <rtept lat="32.78714200" lon="132.85210900">
   </rtept>
   <rtept lat="32.78701400" lon="132.85189000">
   </rtept>
   <rtept lat="32.78660600" lon="132.85160500">
   </rtept>
   <rtept lat="32.78627000" lon="132.85135700">
   </rtept>
   <rtept lat="32.78575100" lon="132.85094900">
   </rtept>
   <rtept lat="32.78542800" lon="132.85066700">
   </rtept>
   <rtept lat="32.78503800" lon="132.85028700">
   </rtept>
   <rtept lat="32.78413900" lon="132.84984700">
   </rtept>
   <rtept lat="32.78377900" lon="132.84962100">
   </rtept>
   <rtept lat="32.78355900" lon="132.84945500">
   </rtept>
   <rtept lat="32.78311000" lon="132.84846800">
   </rtept>
   <rtept lat="32.78241000" lon="132.84681700">
   </rtept>
   <rtept lat="32.78169900" lon="132.84519300">
   </rtept>
   <rtept lat="32.78149900" lon="132.84473000">
   </rtept>
   <rtept lat="32.78146900" lon="132.84417100">
   </rtept>
   <rtept lat="32.78156900" lon="132.84374300">
   </rtept>
   <rtept lat="32.78207900" lon="132.84229400">
   </rtept>
   <rtept lat="32.78214900" lon="132.84186600">
   </rtept>
   <rtept lat="32.78216900" lon="132.84142600">
   </rtept>
   <rtept lat="32.78214900" lon="132.84099800">
   </rtept>
   <rtept lat="32.78203900" lon="132.84055800">
   </rtept>
   <rtept lat="32.78182900" lon="132.84011900">
   </rtept>
   <rtept lat="32.78151900" lon="132.83959600">
   </rtept>
   <rtept lat="32.78128900" lon="132.83926300">
   </rtept>
   <rtept lat="32.78107000" lon="132.83906100">
   </rtept>
   <rtept lat="32.78084000" lon="132.83897800">
   </rtept>
   <rtept lat="32.78036000" lon="132.83882300">
   </rtept>
   <rtept lat="32.78002500" lon="132.83863800">
   </rtept>
 </rte>
 <rte>
  <name>SHIKOKU_KCH_26(モモイロサンゴのみち)</name>
   <rtept lat="32.78002500" lon="132.83863800">
   </rtept>
   <rtept lat="32.77881600" lon="132.83797200">
   </rtept>
   <rtept lat="32.77731700" lon="132.83717600">
   </rtept>
   <rtept lat="32.77675800" lon="132.83684400">
   </rtept>
   <rtept lat="32.77660800" lon="132.83671300">
   </rtept>
   <rtept lat="32.77648800" lon="132.83628500">
   </rtept>
   <rtept lat="32.77637800" lon="132.83597600">
   </rtept>
   <rtept lat="32.77621800" lon="132.83564300">
   </rtept>
   <rtept lat="32.77599000" lon="132.83532800">
   </rtept>
   <rtept lat="32.77581200" lon="132.83512700">
   </rtept>
   <rtept lat="32.77549600" lon="132.83496000">
   </rtept>
   <rtept lat="32.77455600" lon="132.83462200">
   </rtept>
   <rtept lat="32.77332200" lon="132.83382100">
   </rtept>
   <rtept lat="32.77109800" lon="132.83243100">
   </rtept>
   <rtept lat="32.76988400" lon="132.83168200">
   </rtept>
   <rtept lat="32.76831400" lon="132.83036100">
   </rtept>
   <rtept lat="32.76627900" lon="132.82761800">
   </rtept>
   <rtept lat="32.76177000" lon="132.82115700">
   </rtept>
   <rtept lat="32.76155400" lon="132.82065800">
   </rtept>
   <rtept lat="32.76144600" lon="132.82028700">
   </rtept>
   <rtept lat="32.76139800" lon="132.81833400">
   </rtept>
   <rtept lat="32.76160200" lon="132.81793400">
   </rtept>
   <rtept lat="32.76235700" lon="132.81707900">
   </rtept>
   <rtept lat="32.76282500" lon="132.81655100">
   </rtept>
   <rtept lat="32.76295100" lon="132.81629200">
   </rtept>
   <rtept lat="32.76305900" lon="132.81586400">
   </rtept>
   <rtept lat="32.76310700" lon="132.81555000">
   </rtept>
   <rtept lat="32.76311900" lon="132.81503700">
   </rtept>
   <rtept lat="32.76310700" lon="132.81459500">
   </rtept>
   <rtept lat="32.76297500" lon="132.81389600">
   </rtept>
   <rtept lat="32.76290300" lon="132.81365300">
   </rtept>
   <rtept lat="32.76204900" lon="132.81256500">
   </rtept>
   <rtept lat="32.76118200" lon="132.81179800">
   </rtept>
   <rtept lat="32.76058100" lon="132.81153400">
   </rtept>
   <rtept lat="32.75914100" lon="132.81104600">
   </rtept>
   <rtept lat="32.75794000" lon="132.81035600">
   </rtept>
   <rtept lat="32.75635700" lon="132.80937400">
   </rtept>
   <rtept lat="32.75489400" lon="132.80798200">
   </rtept>
   <rtept lat="32.75396600" lon="132.80683400">
   </rtept>
   <rtept lat="32.75368000" lon="132.80643000">
   </rtept>
   <rtept lat="32.75349900" lon="132.80609400">
   </rtept>
   <rtept lat="32.75327300" lon="132.80560700">
   </rtept>
   <rtept lat="32.75313100" lon="132.80517800">
   </rtept>
   <rtept lat="32.75311900" lon="132.80458300">
   </rtept>
   <rtept lat="32.75305900" lon="132.80427400">
   </rtept>
   <rtept lat="32.75292800" lon="132.80403600">
   </rtept>
   <rtept lat="32.75276200" lon="132.80372700">
   </rtept>
   <rtept lat="32.75256000" lon="132.80350100">
   </rtept>
   <rtept lat="32.75231000" lon="132.80323900">
   </rtept>
   <rtept lat="32.75207200" lon="132.80317900">
   </rtept>
   <rtept lat="32.75179900" lon="132.80322200">
   </rtept>
   <rtept lat="32.75126600" lon="132.80330600">
   </rtept>
   <rtept lat="32.75093900" lon="132.80339200">
   </rtept>
   <rtept lat="32.75065900" lon="132.80338200">
   </rtept>
   <rtept lat="32.75045100" lon="132.80332500">
   </rtept>
   <rtept lat="32.75013100" lon="132.80308800">
   </rtept>
   <rtept lat="32.74989900" lon="132.80281200">
   </rtept>
   <rtept lat="32.74969900" lon="132.80243200">
   </rtept>
   <rtept lat="32.74947500" lon="132.80243200">
   </rtept>
   <rtept lat="32.74941900" lon="132.80223200">
   </rtept>
   <rtept lat="32.74903600" lon="132.80201300">
   </rtept>
   <rtept lat="32.74886000" lon="132.80203200">
   </rtept>
   <rtept lat="32.74870800" lon="132.80206100">
   </rtept>
   <rtept lat="32.74858800" lon="132.80205100">
   </rtept>
   <rtept lat="32.74858800" lon="132.80194700">
   </rtept>
   <rtept lat="32.74874800" lon="132.80177600">
   </rtept>
   <rtept lat="32.74889200" lon="132.80161400">
   </rtept>
   <rtept lat="32.74896400" lon="132.80137600">
   </rtept>
   <rtept lat="32.74904400" lon="132.80109100">
   </rtept>
   <rtept lat="32.74914000" lon="132.80094900">
   </rtept>
   <rtept lat="32.74925200" lon="132.80084400">
   </rtept>
   <rtept lat="32.74924200" lon="132.80030700">
   </rtept>
   <rtept lat="32.74922600" lon="132.79930800">
   </rtept>
   <rtept lat="32.74927400" lon="132.79896600">
   </rtept>
   <rtept lat="32.74941200" lon="132.79783100">
   </rtept>
   <rtept lat="32.74959700" lon="132.79653200">
   </rtept>
   <rtept lat="32.74976900" lon="132.79501900">
   </rtept>
   <rtept lat="32.75028200" lon="132.79403400">
   </rtept>
   <rtept lat="32.75088200" lon="132.79322000">
   </rtept>
   <rtept lat="32.75153900" lon="132.79249200">
   </rtept>
   <rtept lat="32.75205300" lon="132.79186400">
   </rtept>
   <rtept lat="32.75293800" lon="132.79095000">
   </rtept>
   <rtept lat="32.75369500" lon="132.78999400">
   </rtept>
   <rtept lat="32.75474600" lon="132.78885100">
   </rtept>
   <rtept lat="32.75584500" lon="132.78792400">
   </rtept>
   <rtept lat="32.75685400" lon="132.78706900">
   </rtept>
   <rtept lat="32.75728400" lon="132.78647500">
   </rtept>
   <rtept lat="32.75745400" lon="132.78614200">
   </rtept>
   <rtept lat="32.75768400" lon="132.78544100">
   </rtept>
   <rtept lat="32.75773000" lon="132.78489400">
   </rtept>
   <rtept lat="32.75769100" lon="132.78423200">
   </rtept>
   <rtept lat="32.75755200" lon="132.78393800">
   </rtept>
   <rtept lat="32.75684100" lon="132.78343700">
   </rtept>
   <rtept lat="32.75603500" lon="132.78320600">
   </rtept>
 </rte>
 <rte>
  <name>SHIKOKU_KCH_27(月山へのみち)</name>
   <rtept lat="32.75603500" lon="132.78320600">
   </rtept>
   <rtept lat="32.75573500" lon="132.78293300">
   </rtept>
   <rtept lat="32.75540500" lon="132.78252900">
   </rtept>
   <rtept lat="32.75514500" lon="132.78214900">
   </rtept>
   <rtept lat="32.75491600" lon="132.78184000">
   </rtept>
   <rtept lat="32.75474600" lon="132.78154300">
   </rtept>
   <rtept lat="32.75453600" lon="132.78121000">
   </rtept>
   <rtept lat="32.75430600" lon="132.78029500">
   </rtept>
   <rtept lat="32.75420600" lon="132.77955800">
   </rtept>
   <rtept lat="32.75432600" lon="132.77924900">
   </rtept>
   <rtept lat="32.75503100" lon="132.77898000">
   </rtept>
   <rtept lat="32.75555100" lon="132.77872300">
   </rtept>
   <rtept lat="32.75611000" lon="132.77830500">
   </rtept>
   <rtept lat="32.75671800" lon="132.77763900">
   </rtept>
   <rtept lat="32.75693400" lon="132.77719200">
   </rtept>
   <rtept lat="32.75717400" lon="132.77688800">
   </rtept>
   <rtept lat="32.75762900" lon="132.77638400">
   </rtept>
   <rtept lat="32.75787700" lon="132.77591800">
   </rtept>
   <rtept lat="32.75804500" lon="132.77550000">
   </rtept>
   <rtept lat="32.75818900" lon="132.77507200">
   </rtept>
   <rtept lat="32.75841300" lon="132.77481600">
   </rtept>
   <rtept lat="32.75880500" lon="132.77459700">
   </rtept>
   <rtept lat="32.75952400" lon="132.77424500">
   </rtept>
   <rtept lat="32.75994500" lon="132.77373800">
   </rtept>
   <rtept lat="32.76030400" lon="132.77341000">
   </rtept>
   <rtept lat="32.76071200" lon="132.77303900">
   </rtept>
   <rtept lat="32.76108400" lon="132.77274000">
   </rtept>
   <rtept lat="32.76134800" lon="132.77241200">
   </rtept>
   <rtept lat="32.76168400" lon="132.77188400">
   </rtept>
   <rtept lat="32.76201900" lon="132.77128500">
   </rtept>
   <rtept lat="32.76223500" lon="132.77078600">
   </rtept>
   <rtept lat="32.76240300" lon="132.77011600">
   </rtept>
   <rtept lat="32.76240300" lon="132.76984500">
   </rtept>
   <rtept lat="32.76240300" lon="132.76911800">
   </rtept>
   <rtept lat="32.76221100" lon="132.76817600">
   </rtept>
   <rtept lat="32.76192300" lon="132.76747800">
   </rtept>
   <rtept lat="32.76174400" lon="132.76700700">
   </rtept>
   <rtept lat="32.76152800" lon="132.76649400">
   </rtept>
   <rtept lat="32.76127600" lon="132.76590900">
   </rtept>
   <rtept lat="32.76085600" lon="132.76555200">
   </rtept>
   <rtept lat="32.76056800" lon="132.76519600">
   </rtept>
   <rtept lat="32.76019700" lon="132.76516700">
   </rtept>
   <rtept lat="32.75983700" lon="132.76499600">
   </rtept>
   <rtept lat="32.75948900" lon="132.76471100">
   </rtept>
   <rtept lat="32.75926100" lon="132.76455400">
   </rtept>
   <rtept lat="32.75862500" lon="132.76409800">
   </rtept>
   <rtept lat="32.75862500" lon="132.76365600">
   </rtept>
   <rtept lat="32.75887700" lon="132.76325600">
   </rtept>
   <rtept lat="32.75905700" lon="132.76302800">
   </rtept>
   <rtept lat="32.75959700" lon="132.76244400">
   </rtept>
   <rtept lat="32.75976500" lon="132.76223000">
   </rtept>
   <rtept lat="32.75987300" lon="132.76197300">
   </rtept>
   <rtept lat="32.76011300" lon="132.76168800">
   </rtept>
   <rtept lat="32.76037600" lon="132.76160200">
   </rtept>
   <rtept lat="32.76070000" lon="132.76163100">
   </rtept>
   <rtept lat="32.76110800" lon="132.76160200">
   </rtept>
   <rtept lat="32.76175600" lon="132.76131700">
   </rtept>
   <rtept lat="32.76261900" lon="132.76093200">
   </rtept>
   <rtept lat="32.76306300" lon="132.76064700">
   </rtept>
   <rtept lat="32.76309900" lon="132.76041900">
   </rtept>
   <rtept lat="32.76308700" lon="132.76026200">
   </rtept>
   <rtept lat="32.76300300" lon="132.76010500">
   </rtept>
   <rtept lat="32.76276300" lon="132.76000500">
   </rtept>
   <rtept lat="32.76248700" lon="132.76006200">
   </rtept>
   <rtept lat="32.76166000" lon="132.76039000">
   </rtept>
   <rtept lat="32.76144400" lon="132.76039000">
   </rtept>
   <rtept lat="32.76106000" lon="132.76056100">
   </rtept>
   <rtept lat="32.76041200" lon="132.76049000">
   </rtept>
   <rtept lat="32.76010100" lon="132.76049000">
   </rtept>
   <rtept lat="32.75953700" lon="132.76070400">
   </rtept>
   <rtept lat="32.75922500" lon="132.76086100">
   </rtept>
   <rtept lat="32.75896100" lon="132.76080400">
   </rtept>
   <rtept lat="32.75869700" lon="132.76066100">
   </rtept>
   <rtept lat="32.75848200" lon="132.76073200">
   </rtept>
   <rtept lat="32.75819400" lon="132.76091800">
   </rtept>
   <rtept lat="32.75787000" lon="132.76134600">
   </rtept>
   <rtept lat="32.75716600" lon="132.76129100">
   </rtept>
   <rtept lat="32.75684300" lon="132.76123400">
   </rtept>
   <rtept lat="32.75669900" lon="132.76099200">
   </rtept>
   <rtept lat="32.75645900" lon="132.76112000">
   </rtept>
   <rtept lat="32.75603900" lon="132.76127700">
   </rtept>
   <rtept lat="32.75583500" lon="132.76127700">
   </rtept>
   <rtept lat="32.75572700" lon="132.76106300">
   </rtept>
   <rtept lat="32.75563100" lon="132.76074900">
   </rtept>
   <rtept lat="32.75561900" lon="132.76056400">
   </rtept>
   <rtept lat="32.75590700" lon="132.76015000">
   </rtept>
   <rtept lat="32.75623100" lon="132.75980800">
   </rtept>
   <rtept lat="32.75643500" lon="132.75926600">
   </rtept>
   <rtept lat="32.75654300" lon="132.75878100">
   </rtept>
   <rtept lat="32.75647100" lon="132.75809700">
   </rtept>
   <rtept lat="32.75644700" lon="132.75766900">
   </rtept>
   <rtept lat="32.75650700" lon="132.75734100">
   </rtept>
   <rtept lat="32.75719000" lon="132.75692700">
   </rtept>
   <rtept lat="32.75757400" lon="132.75678500">
   </rtept>
   <rtept lat="32.75779000" lon="132.75669900">
   </rtept>
   <rtept lat="32.75792200" lon="132.75621400">
   </rtept>
   <rtept lat="32.75846200" lon="132.75561500">
   </rtept>
   <rtept lat="32.75860600" lon="132.75490200">
   </rtept>
   <rtept lat="32.75868900" lon="132.75460300">
   </rtept>
   <rtept lat="32.75879700" lon="132.75440300">
   </rtept>
   <rtept lat="32.75903700" lon="132.75430300">
   </rtept>
   <rtept lat="32.75948100" lon="132.75423200">
   </rtept>
   <rtept lat="32.76011700" lon="132.75420400">
   </rtept>
   <rtept lat="32.76042800" lon="132.75410400">
   </rtept>
   <rtept lat="32.76059600" lon="132.75393300">
   </rtept>
   <rtept lat="32.76075200" lon="132.75331900">
   </rtept>
   <rtept lat="32.76088400" lon="132.75307700">
   </rtept>
   <rtept lat="32.76106400" lon="132.75280600">
   </rtept>
   <rtept lat="32.76123700" lon="132.75273900">
   </rtept>
   <rtept lat="32.76143700" lon="132.75256000">
   </rtept>
   <rtept lat="32.76149700" lon="132.75234600">
   </rtept>
   <rtept lat="32.76142700" lon="132.75203700">
   </rtept>
   <rtept lat="32.76134700" lon="132.75137200">
   </rtept>
   <rtept lat="32.76133700" lon="132.75093200">
   </rtept>
   <rtept lat="32.76138700" lon="132.75076600">
   </rtept>
   <rtept lat="32.76157700" lon="132.75071800">
   </rtept>
   <rtept lat="32.76174700" lon="132.75088500">
   </rtept>
   <rtept lat="32.76181700" lon="132.75112200">
   </rtept>
   <rtept lat="32.76186700" lon="132.75140800">
   </rtept>
   <rtept lat="32.76192700" lon="132.75156200">
   </rtept>
   <rtept lat="32.76212700" lon="132.75158600">
   </rtept>
   <rtept lat="32.76224600" lon="132.75151500">
   </rtept>
   <rtept lat="32.76239600" lon="132.75126500">
   </rtept>
   <rtept lat="32.76246600" lon="132.75098000">
   </rtept>
   <rtept lat="32.76253600" lon="132.75050400">
   </rtept>
   <rtept lat="32.76257600" lon="132.75033800">
   </rtept>
   <rtept lat="32.76264600" lon="132.75018300">
   </rtept>
   <rtept lat="32.76283600" lon="132.75016000">
   </rtept>
   <rtept lat="32.76309600" lon="132.75020700">
   </rtept>
   <rtept lat="32.76328600" lon="132.75020700">
   </rtept>
   <rtept lat="32.76351600" lon="132.75020700">
   </rtept>
   <rtept lat="32.76367600" lon="132.75020700">
   </rtept>
   <rtept lat="32.76387500" lon="132.75040900">
   </rtept>
   <rtept lat="32.76397500" lon="132.75013600">
   </rtept>
   <rtept lat="32.76407500" lon="132.74986300">
   </rtept>
   <rtept lat="32.76422500" lon="132.74974400">
   </rtept>
   <rtept lat="32.76446500" lon="132.74970800">
   </rtept>
   <rtept lat="32.76521400" lon="132.74973200">
   </rtept>
   <rtept lat="32.76589400" lon="132.74925700">
   </rtept>
   <rtept lat="32.76648400" lon="132.74938700">
   </rtept>
   <rtept lat="32.76690300" lon="132.74943500">
   </rtept>
   <rtept lat="32.76723400" lon="132.74925100">
   </rtept>
   <rtept lat="32.76761400" lon="132.74893000">
   </rtept>
   <rtept lat="32.76827300" lon="132.74910800">
   </rtept>
   <rtept lat="32.76862300" lon="132.74910800">
   </rtept>
   <rtept lat="32.76909300" lon="132.74923900">
   </rtept>
   <rtept lat="32.76942300" lon="132.74919100">
   </rtept>
   <rtept lat="32.76982200" lon="132.74912000">
   </rtept>
   <rtept lat="32.77010200" lon="132.74885900">
   </rtept>
   <rtept lat="32.77055200" lon="132.74864500">
   </rtept>
   <rtept lat="32.77068200" lon="132.74855000">
   </rtept>
   <rtept lat="32.77080200" lon="132.74838300">
   </rtept>
   <rtept lat="32.77095100" lon="132.74828800">
   </rtept>
   <rtept lat="32.77131100" lon="132.74821700">
   </rtept>
   <rtept lat="32.77168100" lon="132.74801500">
   </rtept>
   <rtept lat="32.77205100" lon="132.74784900">
   </rtept>
   <rtept lat="32.77248000" lon="132.74778900">
   </rtept>
   <rtept lat="32.77330800" lon="132.74774200">
   </rtept>
   <rtept lat="32.77360700" lon="132.74768200">
   </rtept>
   <rtept lat="32.77376700" lon="132.74751600">
   </rtept>
   <rtept lat="32.77391700" lon="132.74731400">
   </rtept>
   <rtept lat="32.77417700" lon="132.74720700">
   </rtept>
   <rtept lat="32.77437700" lon="132.74726600">
   </rtept>
   <rtept lat="32.77459700" lon="132.74739700">
   </rtept>
   <rtept lat="32.77493600" lon="132.74719500">
   </rtept>
   <rtept lat="32.77506600" lon="132.74683800">
   </rtept>
   <rtept lat="32.77565600" lon="132.74675500">
   </rtept>
   <rtept lat="32.77597600" lon="132.74680300">
   </rtept>
   <rtept lat="32.77615500" lon="132.74695700">
   </rtept>
   <rtept lat="32.77627500" lon="132.74711200">
   </rtept>
   <rtept lat="32.77636500" lon="132.74717100">
   </rtept>
   <rtept lat="32.77649500" lon="132.74714700">
   </rtept>
   <rtept lat="32.77663500" lon="132.74701700">
   </rtept>
   <rtept lat="32.77676500" lon="132.74666000">
   </rtept>
   <rtept lat="32.77685500" lon="132.74656500">
   </rtept>
   <rtept lat="32.77708500" lon="132.74652900">
   </rtept>
   <rtept lat="32.77738400" lon="132.74657700">
   </rtept>
   <rtept lat="32.77783400" lon="132.74614900">
   </rtept>
   <rtept lat="32.77808400" lon="132.74593500">
   </rtept>
   <rtept lat="32.77847300" lon="132.74581600">
   </rtept>
   <rtept lat="32.77866300" lon="132.74546000">
   </rtept>
   <rtept lat="32.77862300" lon="132.74530500">
   </rtept>
   <rtept lat="32.77830400" lon="132.74522200">
   </rtept>
   <rtept lat="32.77798400" lon="132.74521000">
   </rtept>
   <rtept lat="32.77780400" lon="132.74543600">
   </rtept>
   <rtept lat="32.77759400" lon="132.74584000">
   </rtept>
   <rtept lat="32.77735400" lon="132.74591100">
   </rtept>
   <rtept lat="32.77703500" lon="132.74575700">
   </rtept>
   <rtept lat="32.77645500" lon="132.74600700">
   </rtept>
   <rtept lat="32.77629500" lon="132.74598300">
   </rtept>
   <rtept lat="32.77597600" lon="132.74582800">
   </rtept>
   <rtept lat="32.77549600" lon="132.74569800">
   </rtept>
   <rtept lat="32.77515600" lon="132.74559100">
   </rtept>
   <rtept lat="32.77505600" lon="132.74547200">
   </rtept>
   <rtept lat="32.77492600" lon="132.74502000">
   </rtept>
   <rtept lat="32.77482600" lon="132.74485400">
   </rtept>
   <rtept lat="32.77466700" lon="132.74485400">
   </rtept>
   <rtept lat="32.77436700" lon="132.74474700">
   </rtept>
   <rtept lat="32.77422700" lon="132.74454500">
   </rtept>
   <rtept lat="32.77403700" lon="132.74428300">
   </rtept>
   <rtept lat="32.77370700" lon="132.74411700">
   </rtept>
   <rtept lat="32.77359700" lon="132.74387900">
   </rtept>
   <rtept lat="32.77371700" lon="132.74353500">
   </rtept>
   <rtept lat="32.77387700" lon="132.74310700">
   </rtept>
   <rtept lat="32.77380700" lon="132.74275000">
   </rtept>
   <rtept lat="32.77381300" lon="132.74239600">
   </rtept>
   <rtept lat="32.77386100" lon="132.74216800">
   </rtept>
   <rtept lat="32.77398100" lon="132.74186400">
   </rtept>
   <rtept lat="32.77434900" lon="132.74166400">
   </rtept>
   <rtept lat="32.77474100" lon="132.74156000">
   </rtept>
   <rtept lat="32.77487700" lon="132.74143600">
   </rtept>
   <rtept lat="32.77500500" lon="132.74120800">
   </rtept>
   <rtept lat="32.77515600" lon="132.74117000">
   </rtept>
   <rtept lat="32.77547600" lon="132.74117000">
   </rtept>
   <rtept lat="32.77566000" lon="132.74111300">
   </rtept>
   <rtept lat="32.77590000" lon="132.74096100">
   </rtept>
   <rtept lat="32.77622800" lon="132.74060900">
   </rtept>
   <rtept lat="32.77650700" lon="132.74038100">
   </rtept>
   <rtept lat="32.77774600" lon="132.73996200">
   </rtept>
   <rtept lat="32.77789800" lon="132.73981000">
   </rtept>
   <rtept lat="32.77805800" lon="132.73967700">
   </rtept>
   <rtept lat="32.77821000" lon="132.73950600">
   </rtept>
   <rtept lat="32.77858600" lon="132.73945900">
   </rtept>
   <rtept lat="32.77933900" lon="132.73930600">
   </rtept>
   <rtept lat="32.77975400" lon="132.73918300">
   </rtept>
   <rtept lat="32.78030600" lon="132.73890700">
   </rtept>
   <rtept lat="32.78133700" lon="132.73841300">
   </rtept>
   <rtept lat="32.78165700" lon="132.73830800">
   </rtept>
   <rtept lat="32.78229600" lon="132.73796600">
   </rtept>
   <rtept lat="32.78308700" lon="132.73751000">
   </rtept>
   <rtept lat="32.78339900" lon="132.73731900">
   </rtept>
   <rtept lat="32.78377500" lon="132.73714700">
   </rtept>
   <rtept lat="32.78389500" lon="132.73702900">
   </rtept>
   <rtept lat="32.78393000" lon="132.73688000">
   </rtept>
   <rtept lat="32.78375000" lon="132.73681500">
   </rtept>
   <rtept lat="32.78367000" lon="132.73661800">
   </rtept>
   <rtept lat="32.78354500" lon="132.73623200">
   </rtept>
   <rtept lat="32.78349000" lon="132.73611300">
   </rtept>
   <rtept lat="32.78318100" lon="132.73575700">
   </rtept>
   <rtept lat="32.78308600" lon="132.73558500">
   </rtept>
   <rtept lat="32.78287600" lon="132.73505000">
   </rtept>
   <rtept lat="32.78275100" lon="132.73504400">
   </rtept>
   <rtept lat="32.78253100" lon="132.73500200">
   </rtept>
   <rtept lat="32.78241600" lon="132.73494300">
   </rtept>
   <rtept lat="32.78234800" lon="132.73485300">
   </rtept>
   <rtept lat="32.78224000" lon="132.73480300">
   </rtept>
   <rtept lat="32.78207200" lon="132.73477500">
   </rtept>
   <rtept lat="32.78198800" lon="132.73484600">
   </rtept>
   <rtept lat="32.78200000" lon="132.73502400">
   </rtept>
   <rtept lat="32.78198800" lon="132.73519500">
   </rtept>
   <rtept lat="32.78188600" lon="132.73538800">
   </rtept>
   <rtept lat="32.78187400" lon="132.73549500">
   </rtept>
   <rtept lat="32.78193400" lon="132.73560900">
   </rtept>
   <rtept lat="32.78208400" lon="132.73563700">
   </rtept>
   <rtept lat="32.78224000" lon="132.73560900">
   </rtept>
   <rtept lat="32.78236600" lon="132.73558800">
   </rtept>
   <rtept lat="32.78249100" lon="132.73560900">
   </rtept>
   <rtept lat="32.78249100" lon="132.73574400">
   </rtept>
   <rtept lat="32.78243700" lon="132.73595800">
   </rtept>
   <rtept lat="32.78242500" lon="132.73605800">
   </rtept>
   <rtept lat="32.78240700" lon="132.73625800">
   </rtept>
   <rtept lat="32.78231200" lon="132.73622900">
   </rtept>
   <rtept lat="32.78225800" lon="132.73610800">
   </rtept>
   <rtept lat="32.78225800" lon="132.73583000">
   </rtept>
   <rtept lat="32.78192200" lon="132.73597300">
   </rtept>
   <rtept lat="32.78155600" lon="132.73607200">
   </rtept>
   <rtept lat="32.78144800" lon="132.73607200">
   </rtept>
   <rtept lat="32.78133400" lon="132.73596500">
   </rtept>
   <rtept lat="32.78122100" lon="132.73592300">
   </rtept>
   <rtept lat="32.78107100" lon="132.73585900">
   </rtept>
   <rtept lat="32.78097500" lon="132.73570200">
   </rtept>
   <rtept lat="32.78102300" lon="132.73533800">
   </rtept>
   <rtept lat="32.78135800" lon="132.73434700">
   </rtept>
   <rtept lat="32.78139400" lon="132.73413300">
   </rtept>
   <rtept lat="32.78155600" lon="132.73383300">
   </rtept>
   <rtept lat="32.78160400" lon="132.73338400">
   </rtept>
   <rtept lat="32.78174800" lon="132.73311300">
   </rtept>
   <rtept lat="32.78162200" lon="132.73280700">
   </rtept>
   <rtept lat="32.78181400" lon="132.73248600">
   </rtept>
   <rtept lat="32.78178400" lon="132.73233600">
   </rtept>
   <rtept lat="32.78169400" lon="132.73225100">
   </rtept>
   <rtept lat="32.78135200" lon="132.73215100">
   </rtept>
   <rtept lat="32.78123200" lon="132.73215800">
   </rtept>
   <rtept lat="32.78111900" lon="132.73225100">
   </rtept>
   <rtept lat="32.78066300" lon="132.73302100">
   </rtept>
   <rtept lat="32.78055000" lon="132.73308500">
   </rtept>
   <rtept lat="32.77941100" lon="132.73288500">
   </rtept>
   <rtept lat="32.77947700" lon="132.73235800">
   </rtept>
   <rtept lat="32.77945900" lon="132.73163000">
   </rtept>
   <rtept lat="32.77946500" lon="132.73114500">
   </rtept>
   <rtept lat="32.77957300" lon="132.73037500">
   </rtept>
 </rte>
 <rte>
  <name>SHIKOKU_KCH_28(樫西海岸へのみち)</name>
   <rtept lat="32.79525600" lon="132.68303700">
   </rtept>
   <rtept lat="32.79589500" lon="132.68317900">
   </rtept>
   <rtept lat="32.79588700" lon="132.68331200">
   </rtept>
   <rtept lat="32.79564700" lon="132.68354000">
   </rtept>
   <rtept lat="32.79538300" lon="132.68386400">
   </rtept>
   <rtept lat="32.79525600" lon="132.68399700">
   </rtept>
   <rtept lat="32.79487200" lon="132.68429200">
   </rtept>
   <rtept lat="32.79493600" lon="132.68430100">
   </rtept>
   <rtept lat="32.79523200" lon="132.68433900">
   </rtept>
   <rtept lat="32.79516000" lon="132.68445300">
   </rtept>
   <rtept lat="32.79484000" lon="132.68461500">
   </rtept>
   <rtept lat="32.79510400" lon="132.68461500">
   </rtept>
   <rtept lat="32.79476800" lon="132.68484300">
   </rtept>
   <rtept lat="32.79471200" lon="132.68490000">
   </rtept>
   <rtept lat="32.79457600" lon="132.68508100">
   </rtept>
   <rtept lat="32.79447700" lon="132.68535200">
   </rtept>
   <rtept lat="32.79416500" lon="132.68559400">
   </rtept>
   <rtept lat="32.79398600" lon="132.68580800">
   </rtept>
   <rtept lat="32.79380600" lon="132.68585100">
   </rtept>
   <rtept lat="32.79342200" lon="132.68597900">
   </rtept>
   <rtept lat="32.79315800" lon="132.68626500">
   </rtept>
   <rtept lat="32.79302700" lon="132.68663500">
   </rtept>
   <rtept lat="32.79302700" lon="132.68694900">
   </rtept>
   <rtept lat="32.79295500" lon="132.68726300">
   </rtept>
   <rtept lat="32.79293100" lon="132.68753400">
   </rtept>
   <rtept lat="32.79306300" lon="132.68796200">
   </rtept>
   <rtept lat="32.79323000" lon="132.68823300">
   </rtept>
   <rtept lat="32.79343400" lon="132.68846100">
   </rtept>
   <rtept lat="32.79374600" lon="132.68876000">
   </rtept>
   <rtept lat="32.79386600" lon="132.68947300">
   </rtept>
   <rtept lat="32.79398600" lon="132.68975800">
   </rtept>
   <rtept lat="32.79410600" lon="132.68994400">
   </rtept>
   <rtept lat="32.79423700" lon="132.69007200">
   </rtept>
   <rtept lat="32.79442900" lon="132.69044300">
   </rtept>
   <rtept lat="32.79457300" lon="132.69067100">
   </rtept>
   <rtept lat="32.79477700" lon="132.69074200">
   </rtept>
   <rtept lat="32.79490900" lon="132.69075700">
   </rtept>
   <rtept lat="32.79513600" lon="132.69095600">
   </rtept>
   <rtept lat="32.79525600" lon="132.69115600">
   </rtept>
   <rtept lat="32.79529200" lon="132.69144100">
   </rtept>
   <rtept lat="32.79560400" lon="132.69176900">
   </rtept>
   <rtept lat="32.79559200" lon="132.69212600">
   </rtept>
   <rtept lat="32.79565200" lon="132.69252500">
   </rtept>
   <rtept lat="32.79555600" lon="132.69269600">
   </rtept>
   <rtept lat="32.79548400" lon="132.69301000">
   </rtept>
   <rtept lat="32.79544800" lon="132.69322400">
   </rtept>
   <rtept lat="32.79550800" lon="132.69346600">
   </rtept>
   <rtept lat="32.79568800" lon="132.69383700">
   </rtept>
   <rtept lat="32.79562800" lon="132.69393700">
   </rtept>
   <rtept lat="32.79548400" lon="132.69422200">
   </rtept>
   <rtept lat="32.79518400" lon="132.69442200">
   </rtept>
   <rtept lat="32.79499300" lon="132.69460700">
   </rtept>
   <rtept lat="32.79494500" lon="132.69492100">
   </rtept>
   <rtept lat="32.79499300" lon="132.69516300">
   </rtept>
   <rtept lat="32.79514800" lon="132.69540600">
   </rtept>
   <rtept lat="32.79535200" lon="132.69557700">
   </rtept>
   <rtept lat="32.79558000" lon="132.69577700">
   </rtept>
   <rtept lat="32.79601200" lon="132.69587600">
   </rtept>
   <rtept lat="32.79629900" lon="132.69594800">
   </rtept>
   <rtept lat="32.79629900" lon="132.69600500">
   </rtept>
   <rtept lat="32.79623900" lon="132.69617600">
   </rtept>
   <rtept lat="32.79600000" lon="132.69644700">
   </rtept>
   <rtept lat="32.79567600" lon="132.69681800">
   </rtept>
   <rtept lat="32.79562800" lon="132.69698900">
   </rtept>
   <rtept lat="32.79577200" lon="132.69714600">
   </rtept>
   <rtept lat="32.79592800" lon="132.69720300">
   </rtept>
   <rtept lat="32.79624200" lon="132.69722800">
   </rtept>
   <rtept lat="32.79648200" lon="132.69728500">
   </rtept>
   <rtept lat="32.79654200" lon="132.69731300">
   </rtept>
   <rtept lat="32.79660800" lon="132.69749100">
   </rtept>
   <rtept lat="32.79667400" lon="132.69784800">
   </rtept>
   <rtept lat="32.79674600" lon="132.69796200">
   </rtept>
   <rtept lat="32.79681800" lon="132.69807600">
   </rtept>
   <rtept lat="32.79695600" lon="132.69816900">
   </rtept>
   <rtept lat="32.79711100" lon="132.69820400">
   </rtept>
   <rtept lat="32.79748900" lon="132.69825400">
   </rtept>
   <rtept lat="32.79762100" lon="132.69824700">
   </rtept>
   <rtept lat="32.79783700" lon="132.69817200">
   </rtept>
   <rtept lat="32.79794500" lon="132.69815800">
   </rtept>
   <rtept lat="32.79814800" lon="132.69929900">
   </rtept>
   <rtept lat="32.79801700" lon="132.69948400">
   </rtept>
   <rtept lat="32.79774100" lon="132.69995500">
   </rtept>
   <rtept lat="32.79770500" lon="132.70025400">
   </rtept>
   <rtept lat="32.79769300" lon="132.70048300">
   </rtept>
   <rtept lat="32.79781300" lon="132.70072500">
   </rtept>
   <rtept lat="32.79806400" lon="132.70098200">
   </rtept>
   <rtept lat="32.79806400" lon="132.70132400">
   </rtept>
   <rtept lat="32.79801700" lon="132.70160900">
   </rtept>
   <rtept lat="32.79756700" lon="132.70186400">
   </rtept>
   <rtept lat="32.79737500" lon="132.70186400">
   </rtept>
   <rtept lat="32.79718300" lon="132.70195000">
   </rtept>
   <rtept lat="32.79689600" lon="132.70216400">
   </rtept>
   <rtept lat="32.79672800" lon="132.70239200">
   </rtept>
   <rtept lat="32.79641600" lon="132.70262000">
   </rtept>
   <rtept lat="32.79594900" lon="132.70296300">
   </rtept>
   <rtept lat="32.79592500" lon="132.70324800">
   </rtept>
   <rtept lat="32.79606900" lon="132.70377500">
   </rtept>
   <rtept lat="32.79588900" lon="132.70386100">
   </rtept>
   <rtept lat="32.79575700" lon="132.70408900">
   </rtept>
   <rtept lat="32.79582900" lon="132.70441700">
   </rtept>
   <rtept lat="32.79598500" lon="132.70471700">
   </rtept>
   <rtept lat="32.79612800" lon="132.70515900">
   </rtept>
   <rtept lat="32.79614000" lon="132.70555800">
   </rtept>
   <rtept lat="32.79611600" lon="132.70611400">
   </rtept>
   <rtept lat="32.79604500" lon="132.70645600">
   </rtept>
   <rtept lat="32.79624800" lon="132.70684100">
   </rtept>
   <rtept lat="32.79664400" lon="132.70722600">
   </rtept>
   <rtept lat="32.79702800" lon="132.70745500">
   </rtept>
   <rtept lat="32.79739900" lon="132.70744000">
   </rtept>
   <rtept lat="32.79779700" lon="132.70715500">
   </rtept>
   <rtept lat="32.79791700" lon="132.70716900">
   </rtept>
   <rtept lat="32.79798900" lon="132.70726900">
   </rtept>
   <rtept lat="32.79802500" lon="132.70751200">
   </rtept>
   <rtept lat="32.79809700" lon="132.70758300">
   </rtept>
   <rtept lat="32.79818100" lon="132.70789700">
   </rtept>
   <rtept lat="32.79831300" lon="132.70816800">
   </rtept>
   <rtept lat="32.79914000" lon="132.70861000">
   </rtept>
   <rtept lat="32.79937900" lon="132.70866700">
   </rtept>
   <rtept lat="32.79971500" lon="132.70861000">
   </rtept>
   <rtept lat="32.79995500" lon="132.70862400">
   </rtept>
   <rtept lat="32.80036200" lon="132.70876700">
   </rtept>
   <rtept lat="32.80061400" lon="132.70888100">
   </rtept>
   <rtept lat="32.80093800" lon="132.70899500">
   </rtept>
   <rtept lat="32.80108200" lon="132.70890900">
   </rtept>
   <rtept lat="32.80126100" lon="132.70873800">
   </rtept>
   <rtept lat="32.80144100" lon="132.70855300">
   </rtept>
   <rtept lat="32.80170500" lon="132.70851000">
   </rtept>
   <rtept lat="32.80183700" lon="132.70853800">
   </rtept>
   <rtept lat="32.80200500" lon="132.70863800">
   </rtept>
   <rtept lat="32.80220800" lon="132.70868100">
   </rtept>
   <rtept lat="32.80246000" lon="132.70866700">
   </rtept>
   <rtept lat="32.80262800" lon="132.70855300">
   </rtept>
   <rtept lat="32.80272400" lon="132.70888100">
   </rtept>
   <rtept lat="32.80273600" lon="132.70919400">
   </rtept>
   <rtept lat="32.80268800" lon="132.70958000">
   </rtept>
   <rtept lat="32.80253200" lon="132.70995000">
   </rtept>
   <rtept lat="32.80225600" lon="132.71050600">
   </rtept>
   <rtept lat="32.80202800" lon="132.71103100">
   </rtept>
   <rtept lat="32.80197800" lon="132.71125700">
   </rtept>
   <rtept lat="32.80195800" lon="132.71162600">
   </rtept>
   <rtept lat="32.80196800" lon="132.71294500">
   </rtept>
   <rtept lat="32.80185800" lon="132.71340800">
   </rtept>
   <rtept lat="32.80167800" lon="132.71374100">
   </rtept>
   <rtept lat="32.80133800" lon="132.71413300">
   </rtept>
   <rtept lat="32.80096900" lon="132.71435700">
   </rtept>
   <rtept lat="32.80027000" lon="132.71458300">
   </rtept>
   <rtept lat="32.80010000" lon="132.71505800">
   </rtept>
   <rtept lat="32.79985000" lon="132.71562900">
   </rtept>
   <rtept lat="32.79957000" lon="132.71599700">
   </rtept>
   <rtept lat="32.79911100" lon="132.71624600">
   </rtept>
   <rtept lat="32.79864100" lon="132.71666200">
   </rtept>
   <rtept lat="32.79840200" lon="132.71711400">
   </rtept>
   <rtept lat="32.79813200" lon="132.71764900">
   </rtept>
   <rtept lat="32.79812200" lon="132.71813600">
   </rtept>
   <rtept lat="32.79793200" lon="132.71857600">
   </rtept>
   <rtept lat="32.79753300" lon="132.71901500">
   </rtept>
   <rtept lat="32.79699300" lon="132.71930100">
   </rtept>
   <rtept lat="32.79670100" lon="132.71943600">
   </rtept>
   <rtept lat="32.79617300" lon="132.72007800">
   </rtept>
   <rtept lat="32.79525000" lon="132.72116200">
   </rtept>
   <rtept lat="32.79510600" lon="132.72131800">
   </rtept>
   <rtept lat="32.79480700" lon="132.72140400">
   </rtept>
   <rtept lat="32.79455500" lon="132.72158900">
   </rtept>
   <rtept lat="32.79439900" lon="132.72193200">
   </rtept>
   <rtept lat="32.79438700" lon="132.72235900">
   </rtept>
   <rtept lat="32.79441100" lon="132.72267300">
   </rtept>
   <rtept lat="32.79448300" lon="132.72294400">
   </rtept>
   <rtept lat="32.79448300" lon="132.72340000">
   </rtept>
   <rtept lat="32.79453100" lon="132.72371400">
   </rtept>
   <rtept lat="32.79456700" lon="132.72409900">
   </rtept>
   <rtept lat="32.79443500" lon="132.72429900">
   </rtept>
   <rtept lat="32.79423100" lon="132.72411400">
   </rtept>
   <rtept lat="32.79420700" lon="132.72378600">
   </rtept>
   <rtept lat="32.79407500" lon="132.72375700">
   </rtept>
   <rtept lat="32.79384800" lon="132.72368600">
   </rtept>
   <rtept lat="32.79381200" lon="132.72335800">
   </rtept>
   <rtept lat="32.79347600" lon="132.72325800">
   </rtept>
   <rtept lat="32.79324800" lon="132.72293000">
   </rtept>
   <rtept lat="32.79268500" lon="132.72290100">
   </rtept>
   <rtept lat="32.79236100" lon="132.72318700">
   </rtept>
   <rtept lat="32.79188100" lon="132.72320100">
   </rtept>
   <rtept lat="32.79153400" lon="132.72322900">
   </rtept>
   <rtept lat="32.79118600" lon="132.72342900">
   </rtept>
   <rtept lat="32.79081500" lon="132.72367100">
   </rtept>
   <rtept lat="32.79058700" lon="132.72378600">
   </rtept>
   <rtept lat="32.79046700" lon="132.72375700">
   </rtept>
   <rtept lat="32.79022700" lon="132.72368600">
   </rtept>
   <rtept lat="32.78979500" lon="132.72338600">
   </rtept>
   <rtept lat="32.78960400" lon="132.72334300">
   </rtept>
   <rtept lat="32.78942400" lon="132.72335800">
   </rtept>
   <rtept lat="32.78872900" lon="132.72338600">
   </rtept>
   <rtept lat="32.78779300" lon="132.72305800">
   </rtept>
   <rtept lat="32.78725400" lon="132.72265900">
   </rtept>
   <rtept lat="32.78679800" lon="132.72221700">
   </rtept>
   <rtept lat="32.78664200" lon="132.72218800">
   </rtept>
   <rtept lat="32.78651100" lon="132.72223100">
   </rtept>
   <rtept lat="32.78642700" lon="132.72234500">
   </rtept>
   <rtept lat="32.78621100" lon="132.72342900">
   </rtept>
   <rtept lat="32.78622300" lon="132.72411400">
   </rtept>
   <rtept lat="32.78593500" lon="132.72475500">
   </rtept>
   <rtept lat="32.78592300" lon="132.72496900">
   </rtept>
   <rtept lat="32.78601900" lon="132.72596700">
   </rtept>
   <rtept lat="32.78603100" lon="132.72675200">
   </rtept>
   <rtept lat="32.78582700" lon="132.72730800">
   </rtept>
   <rtept lat="32.78542000" lon="132.72782100">
   </rtept>
   <rtept lat="32.78516800" lon="132.72796400">
   </rtept>
   <rtept lat="32.78485600" lon="132.72803500">
   </rtept>
   <rtept lat="32.78471200" lon="132.72800700">
   </rtept>
   <rtept lat="32.78466400" lon="132.72787800">
   </rtept>
   <rtept lat="32.78468800" lon="132.72775000">
   </rtept>
   <rtept lat="32.78473600" lon="132.72762200">
   </rtept>
   <rtept lat="32.78473600" lon="132.72749300">
   </rtept>
   <rtept lat="32.78470000" lon="132.72742200">
   </rtept>
   <rtept lat="32.78456800" lon="132.72742200">
   </rtept>
   <rtept lat="32.78442400" lon="132.72756500">
   </rtept>
   <rtept lat="32.78428100" lon="132.72790700">
   </rtept>
   <rtept lat="32.78407300" lon="132.72797100">
   </rtept>
   <rtept lat="32.78376100" lon="132.72819000">
   </rtept>
 </rte>
 <rte>
  <name>SHIKOKU_KCH_28(樫西海岸へのみち)</name>
   <rtept lat="32.79770800" lon="132.70204100">
   </rtept>
   <rtept lat="32.79796500" lon="132.70227700">
   </rtept>
   <rtept lat="32.79830800" lon="132.70265500">
   </rtept>
   <rtept lat="32.79840000" lon="132.70280500">
   </rtept>
   <rtept lat="32.79862900" lon="132.70297600">
   </rtept>
   <rtept lat="32.79895000" lon="132.70313400">
   </rtept>
   <rtept lat="32.79907900" lon="132.70326200">
   </rtept>
   <rtept lat="32.79936400" lon="132.70363300">
   </rtept>
   <rtept lat="32.79957800" lon="132.70389700">
   </rtept>
   <rtept lat="32.79971400" lon="132.70409000">
   </rtept>
   <rtept lat="32.79997800" lon="132.70404000">
   </rtept>
   <rtept lat="32.80021400" lon="132.70391200">
   </rtept>
   <rtept lat="32.80042100" lon="132.70384700">
   </rtept>
   <rtept lat="32.80067800" lon="132.70386900">
   </rtept>
   <rtept lat="32.80083500" lon="132.70397600">
   </rtept>
   <rtept lat="32.80089200" lon="132.70419000">
   </rtept>
   <rtept lat="32.80104200" lon="132.70471800">
   </rtept>
   <rtept lat="32.80113400" lon="132.70528900">
   </rtept>
   <rtept lat="32.80115600" lon="132.70584600">
   </rtept>
   <rtept lat="32.80128400" lon="132.70628200">
   </rtept>
   <rtept lat="32.80156300" lon="132.70666000">
   </rtept>
   <rtept lat="32.80162000" lon="132.70688800">
   </rtept>
   <rtept lat="32.80152000" lon="132.70696000">
   </rtept>
   <rtept lat="32.80154800" lon="132.70706000">
   </rtept>
   <rtept lat="32.80169800" lon="132.70742400">
   </rtept>
   <rtept lat="32.80182700" lon="132.70765200">
   </rtept>
   <rtept lat="32.80184800" lon="132.70802300">
   </rtept>
   <rtept lat="32.80172411" lon="132.70838894">
   </rtept>
 </rte>
 <rte>
  <name>SHIKOKU_KCH_29(大堂猿のみち)</name>
   <rtept lat="32.79482500" lon="132.68298600">
   </rtept>
   <rtept lat="32.79452800" lon="132.68295100">
   </rtept>
   <rtept lat="32.79437000" lon="132.68277200">
   </rtept>
   <rtept lat="32.79379400" lon="132.68283900">
   </rtept>
   <rtept lat="32.79295500" lon="132.68380800">
   </rtept>
   <rtept lat="32.79274700" lon="132.68393200">
   </rtept>
   <rtept lat="32.79219600" lon="132.68398900">
   </rtept>
   <rtept lat="32.79170000" lon="132.68412200">
   </rtept>
   <rtept lat="32.79145900" lon="132.68441200">
   </rtept>
   <rtept lat="32.79083000" lon="132.68482800">
   </rtept>
   <rtept lat="32.79026000" lon="132.68478000">
   </rtept>
   <rtept lat="32.78991100" lon="132.68482800">
   </rtept>
   <rtept lat="32.78946100" lon="132.68523200">
   </rtept>
   <rtept lat="32.78867200" lon="132.68619400">
   </rtept>
   <rtept lat="32.78851200" lon="132.68669300">
   </rtept>
   <rtept lat="32.78868200" lon="132.68918900">
   </rtept>
   <rtept lat="32.78895200" lon="132.68978300">
   </rtept>
   <rtept lat="32.78928300" lon="132.69013700">
   </rtept>
   <rtept lat="32.78917900" lon="132.69031800">
   </rtept>
   <rtept lat="32.78894800" lon="132.69023300">
   </rtept>
   <rtept lat="32.78876400" lon="132.68995700">
   </rtept>
   <rtept lat="32.78862000" lon="132.68967200">
   </rtept>
   <rtept lat="32.78850800" lon="132.68940500">
   </rtept>
   <rtept lat="32.78831600" lon="132.68909200">
   </rtept>
   <rtept lat="32.78794100" lon="132.68861600">
   </rtept>
   <rtept lat="32.78764500" lon="132.68818800">
   </rtept>
   <rtept lat="32.78752000" lon="132.68796500">
   </rtept>
   <rtept lat="32.78756800" lon="132.68769400">
   </rtept>
   <rtept lat="32.78758000" lon="132.68748000">
   </rtept>
   <rtept lat="32.78754400" lon="132.68730900">
   </rtept>
   <rtept lat="32.78734000" lon="132.68708100">
   </rtept>
   <rtept lat="32.78712400" lon="132.68691000">
   </rtept>
   <rtept lat="32.78701600" lon="132.68682400">
   </rtept>
   <rtept lat="32.78675200" lon="132.68629700">
   </rtept>
   <rtept lat="32.78653700" lon="132.68592600">
   </rtept>
   <rtept lat="32.78633300" lon="132.68556900">
   </rtept>
   <rtept lat="32.78635700" lon="132.68512700">
   </rtept>
   <rtept lat="32.78629700" lon="132.68495600">
   </rtept>
   <rtept lat="32.78622500" lon="132.68491300">
   </rtept>
   <rtept lat="32.78603300" lon="132.68487000">
   </rtept>
   <rtept lat="32.78596100" lon="132.68469900">
   </rtept>
   <rtept lat="32.78591300" lon="132.68444300">
   </rtept>
   <rtept lat="32.78610500" lon="132.68422900">
   </rtept>
   <rtept lat="32.78614100" lon="132.68397200">
   </rtept>
   <rtept lat="32.78614100" lon="132.68370100">
   </rtept>
   <rtept lat="32.78612900" lon="132.68351600">
   </rtept>
   <rtept lat="32.78600900" lon="132.68344400">
   </rtept>
   <rtept lat="32.78544600" lon="132.68343000">
   </rtept>
   <rtept lat="32.78532600" lon="132.68341600">
   </rtept>
   <rtept lat="32.78515800" lon="132.68328800">
   </rtept>
   <rtept lat="32.78518200" lon="132.68304500">
   </rtept>
   <rtept lat="32.78533800" lon="132.68257400">
   </rtept>
   <rtept lat="32.78541000" lon="132.68233200">
   </rtept>
   <rtept lat="32.78536200" lon="132.68214700">
   </rtept>
   <rtept lat="32.78525400" lon="132.68190400">
   </rtept>
   <rtept lat="32.78520600" lon="132.68141900">
   </rtept>
   <rtept lat="32.78520600" lon="132.68107700">
   </rtept>
   <rtept lat="32.78513400" lon="132.68102000">
   </rtept>
   <rtept lat="32.78478600" lon="132.68109100">
   </rtept>
   <rtept lat="32.78451000" lon="132.68109100">
   </rtept>
   <rtept lat="32.78433100" lon="132.68096300">
   </rtept>
   <rtept lat="32.78412700" lon="132.68057800">
   </rtept>
   <rtept lat="32.78394700" lon="132.68032100">
   </rtept>
   <rtept lat="32.78362300" lon="132.67993600">
   </rtept>
   <rtept lat="32.78381500" lon="132.67896700">
   </rtept>
   <rtept lat="32.78387500" lon="132.67885200">
   </rtept>
   <rtept lat="32.78406700" lon="132.67905200">
   </rtept>
   <rtept lat="32.78420200" lon="132.67871800">
   </rtept>
   <rtept lat="32.78439200" lon="132.67863400">
   </rtept>
   <rtept lat="32.78451200" lon="132.67827800">
   </rtept>
   <rtept lat="32.78469200" lon="132.67773100">
   </rtept>
   <rtept lat="32.78495100" lon="132.67718500">
   </rtept>
   <rtept lat="32.78511100" lon="132.67673300">
   </rtept>
   <rtept lat="32.78528100" lon="132.67607900">
   </rtept>
   <rtept lat="32.78527100" lon="132.67577000">
   </rtept>
   <rtept lat="32.78528100" lon="132.67509300">
   </rtept>
   <rtept lat="32.78523100" lon="132.67458200">
   </rtept>
   <rtept lat="32.78516100" lon="132.67420200">
   </rtept>
   <rtept lat="32.78518100" lon="132.67380900">
   </rtept>
   <rtept lat="32.78532100" lon="132.67342900">
   </rtept>
   <rtept lat="32.78541100" lon="132.67307300">
   </rtept>
   <rtept lat="32.78546100" lon="132.67250200">
   </rtept>
   <rtept lat="32.78551100" lon="132.67163500">
   </rtept>
   <rtept lat="32.78550100" lon="132.67114700">
   </rtept>
   <rtept lat="32.78560100" lon="132.67023200">
   </rtept>
   <rtept lat="32.78564100" lon="132.66973300">
   </rtept>
   <rtept lat="32.78579100" lon="132.66930500">
   </rtept>
   <rtept lat="32.78593100" lon="132.66900800">
   </rtept>
   <rtept lat="32.78611000" lon="132.66891300">
   </rtept>
   <rtept lat="32.78627000" lon="132.66890100">
   </rtept>
   <rtept lat="32.78642000" lon="132.66875900">
   </rtept>
   <rtept lat="32.78654000" lon="132.66852100">
   </rtept>
   <rtept lat="32.78657600" lon="132.66836900">
   </rtept>
   <rtept lat="32.78665900" lon="132.66801600">
   </rtept>
   <rtept lat="32.78667100" lon="132.66780800">
   </rtept>
   <rtept lat="32.78662900" lon="132.66732000">
   </rtept>
   <rtept lat="32.78659900" lon="132.66690400">
   </rtept>
   <rtept lat="32.78665300" lon="132.66685000">
   </rtept>
   <rtept lat="32.78673000" lon="132.66698700">
   </rtept>
   <rtept lat="32.78690300" lon="132.66758800">
   </rtept>
   <rtept lat="32.78697900" lon="132.66766500">
   </rtept>
   <rtept lat="32.78725100" lon="132.66718900">
   </rtept>
   <rtept lat="32.78755400" lon="132.66618100">
   </rtept>
   <rtept lat="32.78784200" lon="132.66551600">
   </rtept>
   <rtept lat="32.78794500" lon="132.66531000">
   </rtept>
   <rtept lat="32.78808800" lon="132.66506200">
   </rtept>
   <rtept lat="32.78845400" lon="132.66448200">
   </rtept>
   <rtept lat="32.78851600" lon="132.66434400">
   </rtept>
   <rtept lat="32.78851600" lon="132.66410600">
   </rtept>
   <rtept lat="32.78849700" lon="132.66397300">
   </rtept>
   <rtept lat="32.78841600" lon="132.66389200">
   </rtept>
   <rtept lat="32.78831600" lon="132.66392500">
   </rtept>
   <rtept lat="32.78813500" lon="132.66414400">
   </rtept>
   <rtept lat="32.78803100" lon="132.66417700">
   </rtept>
   <rtept lat="32.78794000" lon="132.66408700">
   </rtept>
   <rtept lat="32.78795000" lon="132.66397700">
   </rtept>
   <rtept lat="32.78814000" lon="132.66372000">
   </rtept>
   <rtept lat="32.78829200" lon="132.66349200">
   </rtept>
   <rtept lat="32.78836400" lon="132.66336400">
   </rtept>
   <rtept lat="32.78831600" lon="132.66332500">
   </rtept>
   <rtept lat="32.78827300" lon="132.66331100">
   </rtept>
   <rtept lat="32.78813100" lon="132.66341100">
   </rtept>
   <rtept lat="32.78787600" lon="132.66375800">
   </rtept>
   <rtept lat="32.78689100" lon="132.66381600">
   </rtept>
   <rtept lat="32.78669100" lon="132.66386600">
   </rtept>
   <rtept lat="32.78616300" lon="132.66411500">
   </rtept>
   <rtept lat="32.78597800" lon="132.66414400">
   </rtept>
   <rtept lat="32.78564200" lon="132.66409400">
   </rtept>
   <rtept lat="32.78533500" lon="132.66423700">
   </rtept>
   <rtept lat="32.78510900" lon="132.66452700">
   </rtept>
   <rtept lat="32.78472500" lon="132.66506000">
   </rtept>
   <rtept lat="32.78442100" lon="132.66542100">
   </rtept>
   <rtept lat="32.78416500" lon="132.66540200">
   </rtept>
   <rtept lat="32.78386200" lon="132.66534500">
   </rtept>
   <rtept lat="32.78371800" lon="132.66526900">
   </rtept>
   <rtept lat="32.78349400" lon="132.66544000">
   </rtept>
   <rtept lat="32.78338200" lon="132.66555400">
   </rtept>
   <rtept lat="32.78312600" lon="132.66540200">
   </rtept>
   <rtept lat="32.78293500" lon="132.66515500">
   </rtept>
   <rtept lat="32.78277500" lon="132.66492700">
   </rtept>
   <rtept lat="32.78280700" lon="132.66447000">
   </rtept>
   <rtept lat="32.78271300" lon="132.66427800">
   </rtept>
   <rtept lat="32.78252300" lon="132.66385000">
   </rtept>
   <rtept lat="32.78245300" lon="132.66362400">
   </rtept>
   <rtept lat="32.78248300" lon="132.66331500">
   </rtept>
   <rtept lat="32.78256300" lon="132.66304200">
   </rtept>
   <rtept lat="32.78271300" lon="132.66287500">
   </rtept>
   <rtept lat="32.78320200" lon="132.66270900">
   </rtept>
   <rtept lat="32.78334200" lon="132.66230500">
   </rtept>
   <rtept lat="32.78335200" lon="132.66197200">
   </rtept>
   <rtept lat="32.78331200" lon="132.66175800">
   </rtept>
   <rtept lat="32.78314200" lon="132.66135400">
   </rtept>
   <rtept lat="32.78310200" lon="132.66090300">
   </rtept>
   <rtept lat="32.78310200" lon="132.66055800">
   </rtept>
   <rtept lat="32.78320200" lon="132.66034400">
   </rtept>
   <rtept lat="32.78332200" lon="132.66029700">
   </rtept>
   <rtept lat="32.78350200" lon="132.66038000">
   </rtept>
   <rtept lat="32.78367200" lon="132.66049900">
   </rtept>
   <rtept lat="32.78378200" lon="132.66052200">
   </rtept>
   <rtept lat="32.78391200" lon="132.66024900">
   </rtept>
   <rtept lat="32.78405200" lon="132.65972600">
   </rtept>
   <rtept lat="32.78418100" lon="132.65946500">
   </rtept>
   <rtept lat="32.78429100" lon="132.65933400">
   </rtept>
   <rtept lat="32.78460100" lon="132.65908400">
   </rtept>
   <rtept lat="32.78505100" lon="132.65885900">
   </rtept>
   <rtept lat="32.78531600" lon="132.65852000">
   </rtept>
   <rtept lat="32.78544800" lon="132.65829200">
   </rtept>
   <rtept lat="32.78565200" lon="132.65792100">
   </rtept>
   <rtept lat="32.78574800" lon="132.65777900">
   </rtept>
   <rtept lat="32.78578400" lon="132.65763600">
   </rtept>
   <rtept lat="32.78576000" lon="132.65746500">
   </rtept>
   <rtept lat="32.78566400" lon="132.65732200">
   </rtept>
   <rtept lat="32.78532800" lon="132.65726500">
   </rtept>
   <rtept lat="32.78501600" lon="132.65722300">
   </rtept>
   <rtept lat="32.78488400" lon="132.65715100">
   </rtept>
   <rtept lat="32.78484800" lon="132.65702300">
   </rtept>
   <rtept lat="32.78483600" lon="132.65618200">
   </rtept>
   <rtept lat="32.78468100" lon="132.65596800">
   </rtept>
   <rtept lat="32.78423700" lon="132.65568200">
   </rtept>
   <rtept lat="32.78398500" lon="132.65573900">
   </rtept>
   <rtept lat="32.78384100" lon="132.65575400">
   </rtept>
   <rtept lat="32.78368600" lon="132.65568200">
   </rtept>
   <rtept lat="32.78359000" lon="132.65534000">
   </rtept>
   <rtept lat="32.78350600" lon="132.65496900">
   </rtept>
   <rtept lat="32.78336200" lon="132.65482700">
   </rtept>
   <rtept lat="32.78313400" lon="132.65478400">
   </rtept>
   <rtept lat="32.78291800" lon="132.65477000">
   </rtept>
   <rtept lat="32.78283400" lon="132.65468200">
   </rtept>
   <rtept lat="32.78276400" lon="132.65449800">
   </rtept>
   <rtept lat="32.78261900" lon="132.65382000">
   </rtept>
   <rtept lat="32.78264900" lon="132.65358800">
   </rtept>
   <rtept lat="32.78276900" lon="132.65333900">
   </rtept>
   <rtept lat="32.78281400" lon="132.65317200">
   </rtept>
   <rtept lat="32.78279900" lon="132.65298800">
   </rtept>
   <rtept lat="32.78271400" lon="132.65280400">
   </rtept>
   <rtept lat="32.78256400" lon="132.65259000">
   </rtept>
   <rtept lat="32.78246900" lon="132.65238800">
   </rtept>
   <rtept lat="32.78243900" lon="132.65209100">
   </rtept>
   <rtept lat="32.78243900" lon="132.65181200">
   </rtept>
   <rtept lat="32.78241400" lon="132.65165700">
   </rtept>
   <rtept lat="32.78232900" lon="132.65143100">
   </rtept>
   <rtept lat="32.78217400" lon="132.65125900">
   </rtept>
   <rtept lat="32.78201000" lon="132.65107500">
   </rtept>
   <rtept lat="32.78158500" lon="132.65108100">
   </rtept>
   <rtept lat="32.78136500" lon="132.65089100">
   </rtept>
   <rtept lat="32.78130500" lon="132.65060600">
   </rtept>
   <rtept lat="32.78118500" lon="132.65019000">
   </rtept>
   <rtept lat="32.78100500" lon="132.64981500">
   </rtept>
   <rtept lat="32.78090500" lon="132.64968500">
   </rtept>
   <rtept lat="32.78065600" lon="132.64952400">
   </rtept>
   <rtept lat="32.78045100" lon="132.64935600">
   </rtept>
   <rtept lat="32.78024700" lon="132.64912700">
   </rtept>
   <rtept lat="32.78017500" lon="132.64902800">
   </rtept>
   <rtept lat="32.77967100" lon="132.64877100">
   </rtept>
   <rtept lat="32.77956300" lon="132.64845700">
   </rtept>
   <rtept lat="32.77906000" lon="132.64828600">
   </rtept>
   <rtept lat="32.77894000" lon="132.64807200">
   </rtept>
   <rtept lat="32.77894000" lon="132.64721600">
   </rtept>
   <rtept lat="32.77873600" lon="132.64718800">
   </rtept>
   <rtept lat="32.77823600" lon="132.64698100">
   </rtept>
   <rtept lat="32.77791500" lon="132.64705200">
   </rtept>
   <rtept lat="32.77723700" lon="132.64699300">
   </rtept>
   <rtept lat="32.77690400" lon="132.64662400">
   </rtept>
   <rtept lat="32.77685600" lon="132.64637400">
   </rtept>
   <rtept lat="32.77675400" lon="132.64590900">
   </rtept>
   <rtept lat="32.77620200" lon="132.64555300">
   </rtept>
   <rtept lat="32.77594000" lon="132.64524400">
   </rtept>
   <rtept lat="32.77578500" lon="132.64519700">
   </rtept>
   <rtept lat="32.77534500" lon="132.64511300">
   </rtept>
   <rtept lat="32.77515500" lon="132.64511300">
   </rtept>
   <rtept lat="32.77478600" lon="132.64480400">
   </rtept>
   <rtept lat="32.77460700" lon="132.64459000">
   </rtept>
   <rtept lat="32.77437900" lon="132.64434800">
   </rtept>
   <rtept lat="32.77341800" lon="132.64429200">
   </rtept>
   <rtept lat="32.77306100" lon="132.64419700">
   </rtept>
   <rtept lat="32.77290600" lon="132.64411400">
   </rtept>
   <rtept lat="32.77272800" lon="132.64391200">
   </rtept>
   <rtept lat="32.77253700" lon="132.64385200">
   </rtept>
   <rtept lat="32.77221600" lon="132.64405400">
   </rtept>
   <rtept lat="32.77207300" lon="132.64393500">
   </rtept>
   <rtept lat="32.77177600" lon="132.64420900">
   </rtept>
   <rtept lat="32.77154700" lon="132.64448700">
   </rtept>
   <rtept lat="32.77111500" lon="132.64454400">
   </rtept>
   <rtept lat="32.77064800" lon="132.64472900">
   </rtept>
   <rtept lat="32.77007200" lon="132.64507200">
   </rtept>
   <rtept lat="32.76947200" lon="132.64507200">
   </rtept>
   <rtept lat="32.76882200" lon="132.64556600">
   </rtept>
   <rtept lat="32.76821700" lon="132.64564400">
   </rtept>
   <rtept lat="32.76789300" lon="132.64570800">
   </rtept>
   <rtept lat="32.76750900" lon="132.64585100">
   </rtept>
   <rtept lat="32.76718600" lon="132.64603600">
   </rtept>
   <rtept lat="32.76706600" lon="132.64607900">
   </rtept>
   <rtept lat="32.76698200" lon="132.64605100">
   </rtept>
   <rtept lat="32.76694600" lon="132.64589400">
   </rtept>
   <rtept lat="32.76691600" lon="132.64550200">
   </rtept>
   <rtept lat="32.76691600" lon="132.64543000">
   </rtept>
   <rtept lat="32.76671800" lon="132.64523100">
   </rtept>
   <rtept lat="32.76662200" lon="132.64513100">
   </rtept>
   <rtept lat="32.76658000" lon="132.64500300">
   </rtept>
   <rtept lat="32.76658000" lon="132.64486700">
   </rtept>
   <rtept lat="32.76660400" lon="132.64464600">
   </rtept>
   <rtept lat="32.76677200" lon="132.64426800">
   </rtept>
   <rtept lat="32.76686800" lon="132.64399700">
   </rtept>
   <rtept lat="32.76691600" lon="132.64374800">
   </rtept>
   <rtept lat="32.76692800" lon="132.64354100">
   </rtept>
   <rtept lat="32.76687400" lon="132.64324800">
   </rtept>
   <rtept lat="32.76671800" lon="132.64284900">
   </rtept>
   <rtept lat="32.76661000" lon="132.64242100">
   </rtept>
   <rtept lat="32.76659200" lon="132.64213600">
   </rtept>
   <rtept lat="32.76650800" lon="132.64178700">
   </rtept>
   <rtept lat="32.76646600" lon="132.64141600">
   </rtept>
   <rtept lat="32.76645400" lon="132.64126600">
   </rtept>
   <rtept lat="32.76634600" lon="132.64098800">
   </rtept>
   <rtept lat="32.76625600" lon="132.64073100">
   </rtept>
   <rtept lat="32.76620200" lon="132.64048200">
   </rtept>
   <rtept lat="32.76617200" lon="132.64018200">
   </rtept>
   <rtept lat="32.76619000" lon="132.63995400">
   </rtept>
   <rtept lat="32.76629100" lon="132.63977300">
   </rtept>
   <rtept lat="32.76644500" lon="132.63981600">
   </rtept>
   <rtept lat="32.76712000" lon="132.63962400">
   </rtept>
   <rtept lat="32.76727800" lon="132.63959200">
   </rtept>
   <rtept lat="32.76798500" lon="132.63940700">
   </rtept>
   <rtept lat="32.76803300" lon="132.63883600">
   </rtept>
   <rtept lat="32.76814100" lon="132.63823700">
   </rtept>
   <rtept lat="32.76826100" lon="132.63780900">
   </rtept>
   <rtept lat="32.76826100" lon="132.63745300">
   </rtept>
   <rtept lat="32.76800900" lon="132.63695400">
   </rtept>
   <rtept lat="32.76765000" lon="132.63611200">
   </rtept>
   <rtept lat="32.76742200" lon="132.63574200">
   </rtept>
   <rtept lat="32.76725400" lon="132.63541400">
   </rtept>
   <rtept lat="32.76727800" lon="132.63490000">
   </rtept>
   <rtept lat="32.76753000" lon="132.63397300">
   </rtept>
   <rtept lat="32.76756600" lon="132.63307500">
   </rtept>
   <rtept lat="32.76742200" lon="132.63274700">
   </rtept>
   <rtept lat="32.76742200" lon="132.63223300">
   </rtept>
   <rtept lat="32.76751800" lon="132.63162000">
   </rtept>
   <rtept lat="32.76752900" lon="132.63139500">
   </rtept>
   <rtept lat="32.76730100" lon="132.63141600">
   </rtept>
   <rtept lat="32.76700800" lon="132.63140200">
   </rtept>
   <rtept lat="32.76678600" lon="132.63133000">
   </rtept>
   <rtept lat="32.76660000" lon="132.63118800">
   </rtept>
   <rtept lat="32.76633600" lon="132.63132300">
   </rtept>
   <rtept lat="32.76613900" lon="132.63142200">
   </rtept>
   <rtept lat="32.76602900" lon="132.63144500">
   </rtept>
   <rtept lat="32.76579400" lon="132.63143300">
   </rtept>
   <rtept lat="32.76562900" lon="132.63138000">
   </rtept>
   <rtept lat="32.76555400" lon="132.63121900">
   </rtept>
   <rtept lat="32.76554900" lon="132.63113000">
   </rtept>
   <rtept lat="32.76557400" lon="132.63101700">
   </rtept>
   <rtept lat="32.76564900" lon="132.63097600">
   </rtept>
   <rtept lat="32.76583400" lon="132.63098200">
   </rtept>
   <rtept lat="32.76611900" lon="132.63100000">
   </rtept>
   <rtept lat="32.76639800" lon="132.63095800">
   </rtept>
   <rtept lat="32.76654800" lon="132.63088100">
   </rtept>
   <rtept lat="32.76734800" lon="132.62968600">
   </rtept>
 </rte>
 <rte>
  <name>SHIKOKU_KCH_(大堂猿のみち)</name>
   <rtept lat="32.76882200" lon="132.64556600">
   </rtept>
   <rtept lat="32.76811800" lon="132.64650800">
   </rtept>
 </rte>
 <rte>
  <name>SHIKOKU_KCH_30(安満地へのみち)</name>
   <rtept lat="32.76628300" lon="132.63979200">
   </rtept>
   <rtept lat="32.76662200" lon="132.64004100">
   </rtept>
   <rtept lat="32.76691700" lon="132.64036500">
   </rtept>
   <rtept lat="32.76746800" lon="132.64113500">
   </rtept>
   <rtept lat="32.76751600" lon="132.64163400">
   </rtept>
   <rtept lat="32.76756400" lon="132.64284600">
   </rtept>
   <rtept lat="32.76763600" lon="132.64344500">
   </rtept>
   <rtept lat="32.76775600" lon="132.64355900">
   </rtept>
   <rtept lat="32.76794800" lon="132.64345900">
   </rtept>
   <rtept lat="32.76888300" lon="132.64254700">
   </rtept>
   <rtept lat="32.76923100" lon="132.64207600">
   </rtept>
   <rtept lat="32.76965100" lon="132.64139200">
   </rtept>
   <rtept lat="32.77027400" lon="132.64109200">
   </rtept>
   <rtept lat="32.77074200" lon="132.64075000">
   </rtept>
   <rtept lat="32.77128200" lon="132.64059300">
   </rtept>
   <rtept lat="32.77184500" lon="132.64060700">
   </rtept>
   <rtept lat="32.77213300" lon="132.64059300">
   </rtept>
   <rtept lat="32.77236100" lon="132.64047900">
   </rtept>
   <rtept lat="32.77250500" lon="132.64010800">
   </rtept>
   <rtept lat="32.77269400" lon="132.63978000">
   </rtept>
   <rtept lat="32.77305400" lon="132.63966600">
   </rtept>
   <rtept lat="32.77348500" lon="132.63958000">
   </rtept>
   <rtept lat="32.77372500" lon="132.63969400">
   </rtept>
   <rtept lat="32.77401300" lon="132.64022200">
   </rtept>
   <rtept lat="32.77434900" lon="132.64062100">
   </rtept>
   <rtept lat="32.77468500" lon="132.64076400">
   </rtept>
   <rtept lat="32.77498400" lon="132.64072100">
   </rtept>
   <rtept lat="32.77565600" lon="132.64025100">
   </rtept>
   <rtept lat="32.77602700" lon="132.64008000">
   </rtept>
   <rtept lat="32.77642300" lon="132.63986600">
   </rtept>
   <rtept lat="32.77663900" lon="132.63965200">
   </rtept>
   <rtept lat="32.77676800" lon="132.63934000">
   </rtept>
   <rtept lat="32.77689800" lon="132.63893600">
   </rtept>
   <rtept lat="32.77702700" lon="132.63872200">
   </rtept>
   <rtept lat="32.77724700" lon="132.63855600">
   </rtept>
   <rtept lat="32.77747700" lon="132.63850800">
   </rtept>
   <rtept lat="32.77768700" lon="132.63854400">
   </rtept>
   <rtept lat="32.77796700" lon="132.63881700">
   </rtept>
   <rtept lat="32.77820600" lon="132.63901900">
   </rtept>
   <rtept lat="32.77840600" lon="132.63910300">
   </rtept>
   <rtept lat="32.77848600" lon="132.63905500">
   </rtept>
   <rtept lat="32.77853600" lon="132.63910300">
   </rtept>
   <rtept lat="32.77869600" lon="132.63913800">
   </rtept>
   <rtept lat="32.77883600" lon="132.63911500">
   </rtept>
   <rtept lat="32.77892600" lon="132.63893600">
   </rtept>
   <rtept lat="32.77905600" lon="132.63871000">
   </rtept>
   <rtept lat="32.77907600" lon="132.63842500">
   </rtept>
   <rtept lat="32.77909600" lon="132.63833000">
   </rtept>
   <rtept lat="32.77926600" lon="132.63817600">
   </rtept>
   <rtept lat="32.77961500" lon="132.63811600">
   </rtept>
   <rtept lat="32.77971500" lon="132.63805700">
   </rtept>
   <rtept lat="32.77981500" lon="132.63779500">
   </rtept>
   <rtept lat="32.77995500" lon="132.63764100">
   </rtept>
   <rtept lat="32.78026500" lon="132.63736800">
   </rtept>
   <rtept lat="32.78108400" lon="132.63737900">
   </rtept>
   <rtept lat="32.78120400" lon="132.63728400">
   </rtept>
   <rtept lat="32.78126400" lon="132.63711800">
   </rtept>
   <rtept lat="32.78127400" lon="132.63654800">
   </rtept>
   <rtept lat="32.78142400" lon="132.63654800">
   </rtept>
   <rtept lat="32.78168400" lon="132.63670200">
   </rtept>
   <rtept lat="32.78192300" lon="132.63716600">
   </rtept>
   <rtept lat="32.78200300" lon="132.63751000">
   </rtept>
   <rtept lat="32.78196300" lon="132.63785500">
   </rtept>
   <rtept lat="32.78188300" lon="132.63810400">
   </rtept>
   <rtept lat="32.78193300" lon="132.63924500">
   </rtept>
   <rtept lat="32.78202300" lon="132.63954200">
   </rtept>
   <rtept lat="32.78214300" lon="132.63961400">
   </rtept>
   <rtept lat="32.78221300" lon="132.63955400">
   </rtept>
   <rtept lat="32.78219300" lon="132.63856800">
   </rtept>
   <rtept lat="32.78235300" lon="132.63795000">
   </rtept>
   <rtept lat="32.78244300" lon="132.63754600">
   </rtept>
   <rtept lat="32.78284100" lon="132.63745100">
   </rtept>
   <rtept lat="32.78310000" lon="132.63722500">
   </rtept>
   <rtept lat="32.78345000" lon="132.63683300">
   </rtept>
   <rtept lat="32.78371000" lon="132.63652400">
   </rtept>
   <rtept lat="32.78376000" lon="132.63625100">
   </rtept>
   <rtept lat="32.78388000" lon="132.63591800">
   </rtept>
   <rtept lat="32.78399900" lon="132.63568000">
   </rtept>
   <rtept lat="32.78389000" lon="132.63539500">
   </rtept>
   <rtept lat="32.78388000" lon="132.63525200">
   </rtept>
   <rtept lat="32.78401900" lon="132.63528800">
   </rtept>
   <rtept lat="32.78417900" lon="132.63541900">
   </rtept>
   <rtept lat="32.78426900" lon="132.63579900">
   </rtept>
   <rtept lat="32.78395000" lon="132.63641700">
   </rtept>
   <rtept lat="32.78377000" lon="132.63696400">
   </rtept>
   <rtept lat="32.78363000" lon="132.63789000">
   </rtept>
   <rtept lat="32.78371000" lon="132.63810400">
   </rtept>
   <rtept lat="32.78388000" lon="132.63849700">
   </rtept>
   <rtept lat="32.78390000" lon="132.63868700">
   </rtept>
   <rtept lat="32.78382000" lon="132.63882900">
   </rtept>
   <rtept lat="32.78361000" lon="132.63886500">
   </rtept>
   <rtept lat="32.78339000" lon="132.63891300">
   </rtept>
   <rtept lat="32.78326000" lon="132.63904300">
   </rtept>
   <rtept lat="32.78323000" lon="132.63921000">
   </rtept>
   <rtept lat="32.78329000" lon="132.63993500">
   </rtept>
   <rtept lat="32.78327000" lon="132.64018400">
   </rtept>
   <rtept lat="32.78312000" lon="132.64049300">
   </rtept>
   <rtept lat="32.78291000" lon="132.64079000">
   </rtept>
   <rtept lat="32.78277100" lon="132.64113500">
   </rtept>
   <rtept lat="32.78269100" lon="132.64162200">
   </rtept>
   <rtept lat="32.78269100" lon="132.64213300">
   </rtept>
   <rtept lat="32.78277100" lon="132.64251300">
   </rtept>
   <rtept lat="32.78297000" lon="132.64282200">
   </rtept>
   <rtept lat="32.78320000" lon="132.64303600">
   </rtept>
   <rtept lat="32.78376000" lon="132.64332100">
   </rtept>
   <rtept lat="32.78454000" lon="132.64370000">
   </rtept>
   <rtept lat="32.78481600" lon="132.64372800">
   </rtept>
   <rtept lat="32.78517600" lon="132.64384200">
   </rtept>
   <rtept lat="32.78547500" lon="132.64384200">
   </rtept>
   <rtept lat="32.78566700" lon="132.64407000">
   </rtept>
   <rtept lat="32.78589500" lon="132.64454100">
   </rtept>
   <rtept lat="32.78615900" lon="132.64472600">
   </rtept>
   <rtept lat="32.78701000" lon="132.64469800">
   </rtept>
   <rtept lat="32.78744200" lon="132.64448400">
   </rtept>
   <rtept lat="32.78783700" lon="132.64407000">
   </rtept>
   <rtept lat="32.78818500" lon="132.64274400">
   </rtept>
   <rtept lat="32.78819700" lon="132.64204500">
   </rtept>
   <rtept lat="32.78802900" lon="132.64133200">
   </rtept>
   <rtept lat="32.78799300" lon="132.64099000">
   </rtept>
   <rtept lat="32.78801700" lon="132.64069100">
   </rtept>
   <rtept lat="32.78811300" lon="132.64046200">
   </rtept>
   <rtept lat="32.78814900" lon="132.63987800">
   </rtept>
   <rtept lat="32.78824500" lon="132.63945000">
   </rtept>
   <rtept lat="32.78847300" lon="132.63886500">
   </rtept>
   <rtept lat="32.78850900" lon="132.63858000">
   </rtept>
   <rtept lat="32.78846100" lon="132.63836600">
   </rtept>
   <rtept lat="32.78849700" lon="132.63809500">
   </rtept>
   <rtept lat="32.78886700" lon="132.63773100">
   </rtept>
   <rtept lat="32.78904300" lon="132.63735100">
   </rtept>
   <rtept lat="32.78920200" lon="132.63704700">
   </rtept>
   <rtept lat="32.78918600" lon="132.63647600">
   </rtept>
   <rtept lat="32.78931400" lon="132.63588700">
   </rtept>
   <rtept lat="32.78939400" lon="132.63569700">
   </rtept>
   <rtept lat="32.78997000" lon="132.63505000">
   </rtept>
   <rtept lat="32.79021700" lon="132.63491000">
   </rtept>
   <rtept lat="32.79051300" lon="132.63483400">
   </rtept>
   <rtept lat="32.79069700" lon="132.63480600">
   </rtept>
   <rtept lat="32.79100900" lon="132.63454000">
   </rtept>
   <rtept lat="32.79138400" lon="132.63434000">
   </rtept>
   <rtept lat="32.79170400" lon="132.63422600">
   </rtept>
   <rtept lat="32.79223100" lon="132.63414000">
   </rtept>
   <rtept lat="32.79255900" lon="132.63392200">
   </rtept>
   <rtept lat="32.79269500" lon="132.63350300">
   </rtept>
   <rtept lat="32.79276700" lon="132.63315100">
   </rtept>
   <rtept lat="32.79290300" lon="132.63285700">
   </rtept>
   <rtept lat="32.79312700" lon="132.63258100">
   </rtept>
   <rtept lat="32.79331000" lon="132.63241900">
   </rtept>
   <rtept lat="32.79426900" lon="132.63173500">
   </rtept>
   <rtept lat="32.79458100" lon="132.63155400">
   </rtept>
   <rtept lat="32.79476500" lon="132.63152600">
   </rtept>
   <rtept lat="32.79494900" lon="132.63157300">
   </rtept>
   <rtept lat="32.79525600" lon="132.63186800">
   </rtept>
   <rtept lat="32.79541600" lon="132.63208200">
   </rtept>
   <rtept lat="32.79556600" lon="132.63237900">
   </rtept>
   <rtept lat="32.79563600" lon="132.63255700">
   </rtept>
   <rtept lat="32.79570600" lon="132.63268800">
   </rtept>
   <rtept lat="32.79584600" lon="132.63270000">
   </rtept>
   <rtept lat="32.79599600" lon="132.63258100">
   </rtept>
   <rtept lat="32.79613500" lon="132.63236700">
   </rtept>
   <rtept lat="32.79632500" lon="132.63214100">
   </rtept>
   <rtept lat="32.79650500" lon="132.63176100">
   </rtept>
   <rtept lat="32.79677500" lon="132.63110700">
   </rtept>
   <rtept lat="32.79689500" lon="132.63075100">
   </rtept>
   <rtept lat="32.79705500" lon="132.63058500">
   </rtept>
   <rtept lat="32.79722400" lon="132.63052500">
   </rtept>
   <rtept lat="32.79754400" lon="132.63059600">
   </rtept>
   <rtept lat="32.79789400" lon="132.63073900">
   </rtept>
   <rtept lat="32.79818000" lon="132.63074600">
   </rtept>
   <rtept lat="32.79840500" lon="132.63064500">
   </rtept>
   <rtept lat="32.79860500" lon="132.63056800">
   </rtept>
   <rtept lat="32.79880500" lon="132.63056800">
   </rtept>
   <rtept lat="32.79908900" lon="132.63051500">
   </rtept>
   <rtept lat="32.79937900" lon="132.63009300">
   </rtept>
   <rtept lat="32.79955400" lon="132.62984900">
   </rtept>
   <rtept lat="32.79978400" lon="132.62976000">
   </rtept>
   <rtept lat="32.79995900" lon="132.62980200">
   </rtept>
   <rtept lat="32.80021300" lon="132.63018800">
   </rtept>
   <rtept lat="32.80035800" lon="132.63062200">
   </rtept>
   <rtept lat="32.80046800" lon="132.63145900">
   </rtept>
   <rtept lat="32.80049800" lon="132.63175700">
   </rtept>
   <rtept lat="32.80024800" lon="132.63263600">
   </rtept>
   <rtept lat="32.80022800" lon="132.63299800">
   </rtept>
   <rtept lat="32.80015300" lon="132.63326600">
   </rtept>
   <rtept lat="32.80013300" lon="132.63372300">
   </rtept>
   <rtept lat="32.80021800" lon="132.63404400">
   </rtept>
   <rtept lat="32.80019800" lon="132.63422800">
   </rtept>
   <rtept lat="32.79992400" lon="132.63479300">
   </rtept>
   <rtept lat="32.79926900" lon="132.63591600">
   </rtept>
   <rtept lat="32.79873600" lon="132.63715700">
   </rtept>
   <rtept lat="32.79850600" lon="132.63759700">
   </rtept>
   <rtept lat="32.79839600" lon="132.63797700">
   </rtept>
   <rtept lat="32.79838600" lon="132.63829800">
   </rtept>
   <rtept lat="32.79847600" lon="132.63863100">
   </rtept>
   <rtept lat="32.79871600" lon="132.63889200">
   </rtept>
   <rtept lat="32.79890600" lon="132.63902300">
   </rtept>
   <rtept lat="32.79905600" lon="132.63920100">
   </rtept>
   <rtept lat="32.79923500" lon="132.63961700">
   </rtept>
   <rtept lat="32.79941500" lon="132.63966400">
   </rtept>
   <rtept lat="32.79986500" lon="132.63953400">
   </rtept>
   <rtept lat="32.80015400" lon="132.63941500">
   </rtept>
   <rtept lat="32.80033400" lon="132.63940300">
   </rtept>
   <rtept lat="32.80041400" lon="132.63953400">
   </rtept>
   <rtept lat="32.80060400" lon="132.63974800">
   </rtept>
   <rtept lat="32.80079400" lon="132.63986700">
   </rtept>
   <rtept lat="32.80100300" lon="132.63991400">
   </rtept>
   <rtept lat="32.80115300" lon="132.63997300">
   </rtept>
   <rtept lat="32.80132300" lon="132.64016400">
   </rtept>
   <rtept lat="32.80124300" lon="132.64056800">
   </rtept>
   <rtept lat="32.80124300" lon="132.64097200">
   </rtept>
   <rtept lat="32.80126300" lon="132.64128100">
   </rtept>
   <rtept lat="32.80111300" lon="132.64153000">
   </rtept>
   <rtept lat="32.80103300" lon="132.64166100">
   </rtept>
   <rtept lat="32.80098300" lon="132.64183900">
   </rtept>
   <rtept lat="32.80100300" lon="132.64208900">
   </rtept>
   <rtept lat="32.80125300" lon="132.64258800">
   </rtept>
   <rtept lat="32.80119300" lon="132.64282600">
   </rtept>
   <rtept lat="32.80105300" lon="132.64298000">
   </rtept>
   <rtept lat="32.80092400" lon="132.64304000">
   </rtept>
   <rtept lat="32.80073400" lon="132.64300400">
   </rtept>
   <rtept lat="32.80055400" lon="132.64299200">
   </rtept>
   <rtept lat="32.80050400" lon="132.64302800">
   </rtept>
   <rtept lat="32.80040400" lon="132.64337200">
   </rtept>
   <rtept lat="32.80011400" lon="132.64368100">
   </rtept>
   <rtept lat="32.80001500" lon="132.64380000">
   </rtept>
   <rtept lat="32.80001500" lon="132.64396600">
   </rtept>
   <rtept lat="32.80009400" lon="132.64425200">
   </rtept>
   <rtept lat="32.80020400" lon="132.64458400">
   </rtept>
   <rtept lat="32.80020400" lon="132.64500000">
   </rtept>
   <rtept lat="32.80039400" lon="132.64544000">
   </rtept>
   <rtept lat="32.80038400" lon="132.64573700">
   </rtept>
   <rtept lat="32.80009400" lon="132.64645000">
   </rtept>
   <rtept lat="32.80008400" lon="132.64742500">
   </rtept>
   <rtept lat="32.80004400" lon="132.64769800">
   </rtept>
   <rtept lat="32.79987500" lon="132.64792400">
   </rtept>
   <rtept lat="32.79947500" lon="132.64826800">
   </rtept>
   <rtept lat="32.79949500" lon="132.64873200">
   </rtept>
   <rtept lat="32.79945500" lon="132.64919500">
   </rtept>
   <rtept lat="32.79933500" lon="132.64948100">
   </rtept>
   <rtept lat="32.79920500" lon="132.64969500">
   </rtept>
   <rtept lat="32.79919500" lon="132.64982500">
   </rtept>
   <rtept lat="32.79928500" lon="132.64996800">
   </rtept>
   <rtept lat="32.79947500" lon="132.65005100">
   </rtept>
   <rtept lat="32.79955500" lon="132.65012200">
   </rtept>
   <rtept lat="32.79960500" lon="132.65027700">
   </rtept>
   <rtept lat="32.79954500" lon="132.65047900">
   </rtept>
   <rtept lat="32.79931500" lon="132.65086300">
   </rtept>
   <rtept lat="32.79935100" lon="132.65096300">
   </rtept>
   <rtept lat="32.79957900" lon="132.65103400">
   </rtept>
   <rtept lat="32.79987900" lon="132.65110600">
   </rtept>
   <rtept lat="32.80015400" lon="132.65110600">
   </rtept>
   <rtept lat="32.80064600" lon="132.65149100">
   </rtept>
   <rtept lat="32.80086200" lon="132.65144800">
   </rtept>
   <rtept lat="32.80096900" lon="132.65129800">
   </rtept>
   <rtept lat="32.80107700" lon="132.65108400">
   </rtept>
   <rtept lat="32.80134100" lon="132.65105600">
   </rtept>
   <rtept lat="32.80175500" lon="132.65102700">
   </rtept>
   <rtept lat="32.80197600" lon="132.65094900">
   </rtept>
   <rtept lat="32.80211400" lon="132.65076300">
   </rtept>
   <rtept lat="32.80228200" lon="132.65048500">
   </rtept>
   <rtept lat="32.80277400" lon="132.65025700">
   </rtept>
   <rtept lat="32.80303700" lon="132.65010000">
   </rtept>
   <rtept lat="32.80327100" lon="132.64990100">
   </rtept>
   <rtept lat="32.80358900" lon="132.64940100">
   </rtept>
   <rtept lat="32.80380400" lon="132.64918800">
   </rtept>
   <rtept lat="32.80399600" lon="132.64908800">
   </rtept>
   <rtept lat="32.80414000" lon="132.64908800">
   </rtept>
   <rtept lat="32.80427800" lon="132.64923700">
   </rtept>
   <rtept lat="32.80424200" lon="132.64963700">
   </rtept>
   <rtept lat="32.80415800" lon="132.65009300">
   </rtept>
   <rtept lat="32.80405000" lon="132.65045700">
   </rtept>
   <rtept lat="32.80385800" lon="132.65090600">
   </rtept>
   <rtept lat="32.80382800" lon="132.65114100">
   </rtept>
   <rtept lat="32.80373800" lon="132.65162600">
   </rtept>
   <rtept lat="32.80360700" lon="132.65189000">
   </rtept>
   <rtept lat="32.80288700" lon="132.65298100">
   </rtept>
   <rtept lat="32.80276200" lon="132.65312300">
   </rtept>
   <rtept lat="32.80244400" lon="132.65332300">
   </rtept>
   <rtept lat="32.80222200" lon="132.65342300">
   </rtept>
   <rtept lat="32.80209000" lon="132.65355100">
   </rtept>
   <rtept lat="32.80198200" lon="132.65377200">
   </rtept>
   <rtept lat="32.80114900" lon="132.65546900">
   </rtept>
   <rtept lat="32.80108300" lon="132.65567600">
   </rtept>
   <rtept lat="32.80106500" lon="132.65596100">
   </rtept>
   <rtept lat="32.80108900" lon="132.65621100">
   </rtept>
   <rtept lat="32.80111200" lon="132.65646800">
   </rtept>
   <rtept lat="32.80124400" lon="132.65675300">
   </rtept>
   <rtept lat="32.80153200" lon="132.65706700">
   </rtept>
 </rte>
 <rte>
  <name>SHIKOKU_KCH_31(漁業とウバメガシのみち)</name>
   <rtept lat="32.80153200" lon="132.65706700">
   </rtept>
   <rtept lat="32.80190300" lon="132.65732400">
   </rtept>
   <rtept lat="32.80217400" lon="132.65737800">
   </rtept>
   <rtept lat="32.80239600" lon="132.65742100">
   </rtept>
   <rtept lat="32.80257400" lon="132.65729500">
   </rtept>
   <rtept lat="32.80331600" lon="132.65675600">
   </rtept>
   <rtept lat="32.80411700" lon="132.65623600">
   </rtept>
   <rtept lat="32.80436600" lon="132.65622200">
   </rtept>
   <rtept lat="32.80443800" lon="132.65635800">
   </rtept>
   <rtept lat="32.80457300" lon="132.65683600">
   </rtept>
   <rtept lat="32.80473000" lon="132.65702900">
   </rtept>
   <rtept lat="32.80497300" lon="132.65702200">
   </rtept>
   <rtept lat="32.80512300" lon="132.65695700">
   </rtept>
   <rtept lat="32.80526600" lon="132.65674300">
   </rtept>
   <rtept lat="32.80553700" lon="132.65680000">
   </rtept>
   <rtept lat="32.80568000" lon="132.65677900">
   </rtept>
   <rtept lat="32.80609400" lon="132.65615100">
   </rtept>
   <rtept lat="32.80623000" lon="132.65609400">
   </rtept>
   <rtept lat="32.80633700" lon="132.65612900">
   </rtept>
   <rtept lat="32.80648600" lon="132.65648600">
   </rtept>
   <rtept lat="32.80658600" lon="132.65658600">
   </rtept>
   <rtept lat="32.80676500" lon="132.65634400">
   </rtept>
   <rtept lat="32.80687900" lon="132.65622200">
   </rtept>
   <rtept lat="32.80707900" lon="132.65619400">
   </rtept>
   <rtept lat="32.80720700" lon="132.65622200">
   </rtept>
   <rtept lat="32.80752900" lon="132.65631500">
   </rtept>
   <rtept lat="32.80765700" lon="132.65628600">
   </rtept>
   <rtept lat="32.80772400" lon="132.65612200">
   </rtept>
   <rtept lat="32.80764300" lon="132.65595100">
   </rtept>
   <rtept lat="32.80735000" lon="132.65573700">
   </rtept>
   <rtept lat="32.80718600" lon="132.65552300">
   </rtept>
   <rtept lat="32.80702900" lon="132.65545100">
   </rtept>
   <rtept lat="32.80672200" lon="132.65516600">
   </rtept>
   <rtept lat="32.80655800" lon="132.65490200">
   </rtept>
   <rtept lat="32.80648600" lon="132.65458000">
   </rtept>
   <rtept lat="32.80650800" lon="132.65425900">
   </rtept>
   <rtept lat="32.80662900" lon="132.65400900">
   </rtept>
   <rtept lat="32.80678200" lon="132.65385900">
   </rtept>
   <rtept lat="32.80693800" lon="132.65384400">
   </rtept>
   <rtept lat="32.80721300" lon="132.65377300">
   </rtept>
   <rtept lat="32.80742900" lon="132.65354500">
   </rtept>
   <rtept lat="32.80759700" lon="132.65340200">
   </rtept>
   <rtept lat="32.80774100" lon="132.65330200">
   </rtept>
   <rtept lat="32.80776500" lon="132.65317400">
   </rtept>
   <rtept lat="32.80775300" lon="132.65301700">
   </rtept>
   <rtept lat="32.80753700" lon="132.65287500">
   </rtept>
   <rtept lat="32.80717700" lon="132.65270300">
   </rtept>
   <rtept lat="32.80718900" lon="132.65207600">
   </rtept>
   <rtept lat="32.80747700" lon="132.65187600">
   </rtept>
   <rtept lat="32.80772900" lon="132.65180500">
   </rtept>
   <rtept lat="32.80790800" lon="132.65180500">
   </rtept>
   <rtept lat="32.80804000" lon="132.65170500">
   </rtept>
   <rtept lat="32.80819600" lon="132.65154800">
   </rtept>
   <rtept lat="32.80836400" lon="132.65142000">
   </rtept>
   <rtept lat="32.80854400" lon="132.65127700">
   </rtept>
   <rtept lat="32.80858000" lon="132.65100600">
   </rtept>
   <rtept lat="32.80859200" lon="132.65077800">
   </rtept>
   <rtept lat="32.80875300" lon="132.65035200">
   </rtept>
   <rtept lat="32.80889700" lon="132.64985800">
   </rtept>
   <rtept lat="32.80896100" lon="132.64888800">
   </rtept>
   <rtept lat="32.80910500" lon="132.64848900">
   </rtept>
   <rtept lat="32.80934400" lon="132.64864100">
   </rtept>
   <rtept lat="32.80960000" lon="132.64871700">
   </rtept>
   <rtept lat="32.80974400" lon="132.64879300">
   </rtept>
   <rtept lat="32.81000200" lon="132.64930500">
   </rtept>
   <rtept lat="32.81015100" lon="132.64944800">
   </rtept>
   <rtept lat="32.81044100" lon="132.64938800">
   </rtept>
   <rtept lat="32.81056100" lon="132.64915000">
   </rtept>
   <rtept lat="32.81072100" lon="132.64904300">
   </rtept>
   <rtept lat="32.81092000" lon="132.64907900">
   </rtept>
   <rtept lat="32.81110000" lon="132.64909100">
   </rtept>
   <rtept lat="32.81118000" lon="132.64887700">
   </rtept>
   <rtept lat="32.81123000" lon="132.64863900">
   </rtept>
   <rtept lat="32.81125000" lon="132.64847300">
   </rtept>
   <rtept lat="32.81134000" lon="132.64844900">
   </rtept>
   <rtept lat="32.81168000" lon="132.64867500">
   </rtept>
   <rtept lat="32.81179900" lon="132.64886500">
   </rtept>
   <rtept lat="32.81185900" lon="132.64893600">
   </rtept>
   <rtept lat="32.81197900" lon="132.64890100">
   </rtept>
   <rtept lat="32.81228900" lon="132.64853200">
   </rtept>
   <rtept lat="32.81250900" lon="132.64802100">
   </rtept>
   <rtept lat="32.81259800" lon="132.64721300">
   </rtept>
   <rtept lat="32.81267800" lon="132.64676200">
   </rtept>
   <rtept lat="32.81276800" lon="132.64648800">
   </rtept>
   <rtept lat="32.81323800" lon="132.64593000">
   </rtept>
   <rtept lat="32.81359700" lon="132.64564500">
   </rtept>
   <rtept lat="32.81387700" lon="132.64552600">
   </rtept>
   <rtept lat="32.81404700" lon="132.64555000">
   </rtept>
   <rtept lat="32.81424600" lon="132.64578700">
   </rtept>
   <rtept lat="32.81428600" lon="132.64614400">
   </rtept>
   <rtept lat="32.81427600" lon="132.64646500">
   </rtept>
   <rtept lat="32.81419600" lon="132.64680900">
   </rtept>
   <rtept lat="32.81423600" lon="132.64710600">
   </rtept>
   <rtept lat="32.81438600" lon="132.64738000">
   </rtept>
   <rtept lat="32.81457600" lon="132.64767700">
   </rtept>
   <rtept lat="32.81460600" lon="132.64784300">
   </rtept>
   <rtept lat="32.81451600" lon="132.64802100">
   </rtept>
   <rtept lat="32.81422600" lon="132.64821200">
   </rtept>
   <rtept lat="32.81386700" lon="132.64834200">
   </rtept>
   <rtept lat="32.81356700" lon="132.64847300">
   </rtept>
   <rtept lat="32.81317800" lon="132.64905500">
   </rtept>
   <rtept lat="32.81355700" lon="132.64944800">
   </rtept>
   <rtept lat="32.81361700" lon="132.64956600">
   </rtept>
   <rtept lat="32.81354700" lon="132.64975600">
   </rtept>
   <rtept lat="32.81328800" lon="132.65005400">
   </rtept>
   <rtept lat="32.81325800" lon="132.65022000">
   </rtept>
   <rtept lat="32.81367700" lon="132.65068300">
   </rtept>
   <rtept lat="32.81376700" lon="132.65093300">
   </rtept>
   <rtept lat="32.81370700" lon="132.65113500">
   </rtept>
   <rtept lat="32.81358700" lon="132.65126600">
   </rtept>
   <rtept lat="32.81342700" lon="132.65162200">
   </rtept>
   <rtept lat="32.81329800" lon="132.65189600">
   </rtept>
   <rtept lat="32.81310800" lon="132.65206200">
   </rtept>
   <rtept lat="32.81306800" lon="132.65213300">
   </rtept>
   <rtept lat="32.81311800" lon="132.65232300">
   </rtept>
   <rtept lat="32.81323800" lon="132.65246600">
   </rtept>
   <rtept lat="32.81327800" lon="132.65263200">
   </rtept>
   <rtept lat="32.81323800" lon="132.65284600">
   </rtept>
   <rtept lat="32.81323600" lon="132.65294700">
   </rtept>
   <rtept lat="32.81336800" lon="132.65302500">
   </rtept>
   <rtept lat="32.81417100" lon="132.65304000">
   </rtept>
   <rtept lat="32.81444700" lon="132.65318900">
   </rtept>
   <rtept lat="32.81466300" lon="132.65331100">
   </rtept>
   <rtept lat="32.81471100" lon="132.65352500">
   </rtept>
   <rtept lat="32.81471700" lon="132.65377400">
   </rtept>
   <rtept lat="32.81469300" lon="132.65398800">
   </rtept>
   <rtept lat="32.81460900" lon="132.65427300">
   </rtept>
   <rtept lat="32.81460300" lon="132.65447300">
   </rtept>
   <rtept lat="32.81475800" lon="132.65485100">
   </rtept>
   <rtept lat="32.81507000" lon="132.65513600">
   </rtept>
   <rtept lat="32.81520200" lon="132.65552100">
   </rtept>
   <rtept lat="32.81555500" lon="132.65607000">
   </rtept>
   <rtept lat="32.81553200" lon="132.65612700">
   </rtept>
   <rtept lat="32.81480000" lon="132.65617000">
   </rtept>
   <rtept lat="32.81471700" lon="132.65623400">
   </rtept>
   <rtept lat="32.81460900" lon="132.65634800">
   </rtept>
   <rtept lat="32.81459100" lon="132.65654100">
   </rtept>
   <rtept lat="32.81459700" lon="132.65692600">
   </rtept>
   <rtept lat="32.81455500" lon="132.65709700">
   </rtept>
   <rtept lat="32.81446500" lon="132.65726800">
   </rtept>
   <rtept lat="32.81433300" lon="132.65736800">
   </rtept>
   <rtept lat="32.81418900" lon="132.65734600">
   </rtept>
   <rtept lat="32.81405700" lon="132.65736800">
   </rtept>
   <rtept lat="32.81396700" lon="132.65743200">
   </rtept>
   <rtept lat="32.81402700" lon="132.65821600">
   </rtept>
   <rtept lat="32.81387200" lon="132.65871500">
   </rtept>
   <rtept lat="32.81365600" lon="132.65910000">
   </rtept>
   <rtept lat="32.81357900" lon="132.65925800">
   </rtept>
   <rtept lat="32.81362700" lon="132.65941000">
   </rtept>
   <rtept lat="32.81376300" lon="132.65958100">
   </rtept>
   <rtept lat="32.81369900" lon="132.65985700">
   </rtept>
   <rtept lat="32.81358700" lon="132.66016100">
   </rtept>
   <rtept lat="32.81358700" lon="132.66032300">
   </rtept>
   <rtept lat="32.81366700" lon="132.66034200">
   </rtept>
   <rtept lat="32.81378600" lon="132.66029400">
   </rtept>
   <rtept lat="32.81395400" lon="132.65999000">
   </rtept>
   <rtept lat="32.81406600" lon="132.65975200">
   </rtept>
   <rtept lat="32.81413800" lon="132.65948600">
   </rtept>
   <rtept lat="32.81426600" lon="132.65906800">
   </rtept>
   <rtept lat="32.81449000" lon="132.65874400">
   </rtept>
   <rtept lat="32.81476900" lon="132.65846900">
   </rtept>
   <rtept lat="32.81529700" lon="132.65816400">
   </rtept>
   <rtept lat="32.81577600" lon="132.65758500">
   </rtept>
   <rtept lat="32.81627100" lon="132.65745100">
   </rtept>
   <rtept lat="32.81661500" lon="132.65744200">
   </rtept>
   <rtept lat="32.81693500" lon="132.65754700">
   </rtept>
   <rtept lat="32.81716600" lon="132.65755600">
   </rtept>
   <rtept lat="32.81748600" lon="132.65748900">
   </rtept>
   <rtept lat="32.81769400" lon="132.65754700">
   </rtept>
   <rtept lat="32.81798900" lon="132.65763200">
   </rtept>
   <rtept lat="32.81834100" lon="132.65760400">
   </rtept>
   <rtept lat="32.81862300" lon="132.65755900">
   </rtept>
   <rtept lat="32.81891800" lon="132.65773000">
   </rtept>
   <rtept lat="32.81913400" lon="132.65787300">
   </rtept>
   <rtept lat="32.81953400" lon="132.65782500">
   </rtept>
   <rtept lat="32.82092400" lon="132.65738800">
   </rtept>
   <rtept lat="32.82122700" lon="132.65740700">
   </rtept>
   <rtept lat="32.82163500" lon="132.65742600">
   </rtept>
   <rtept lat="32.82220200" lon="132.65729300">
   </rtept>
   <rtept lat="32.82278500" lon="132.65718800">
   </rtept>
   <rtept lat="32.82300100" lon="132.65724500">
   </rtept>
   <rtept lat="32.82305700" lon="132.65755900">
   </rtept>
   <rtept lat="32.82331300" lon="132.65779700">
   </rtept>
   <rtept lat="32.82385600" lon="132.65814900">
   </rtept>
   <rtept lat="32.82415700" lon="132.65817000">
   </rtept>
   <rtept lat="32.82460600" lon="132.65813400">
   </rtept>
   <rtept lat="32.82501600" lon="132.65802700">
   </rtept>
   <rtept lat="32.82514600" lon="132.65802700">
   </rtept>
   <rtept lat="32.82531500" lon="132.65825300">
   </rtept>
   <rtept lat="32.82540500" lon="132.65866900">
   </rtept>
   <rtept lat="32.82556500" lon="132.65925100">
   </rtept>
   <rtept lat="32.82598500" lon="132.65962000">
   </rtept>
   <rtept lat="32.82608400" lon="132.66000000">
   </rtept>
   <rtept lat="32.82606400" lon="132.66026200">
   </rtept>
   <rtept lat="32.82588500" lon="132.66073700">
   </rtept>
   <rtept lat="32.82578500" lon="132.66095100">
   </rtept>
   <rtept lat="32.82614400" lon="132.66112900">
   </rtept>
   <rtept lat="32.82649400" lon="132.66110500">
   </rtept>
   <rtept lat="32.82690300" lon="132.66114100">
   </rtept>
   <rtept lat="32.82722300" lon="132.66108200">
   </rtept>
   <rtept lat="32.82761200" lon="132.66054700">
   </rtept>
   <rtept lat="32.82798200" lon="132.66038000">
   </rtept>
   <rtept lat="32.82844100" lon="132.66002400">
   </rtept>
   <rtept lat="32.82869100" lon="132.65981000">
   </rtept>
   <rtept lat="32.82888900" lon="132.65975600">
   </rtept>
   <rtept lat="32.82909700" lon="132.65980400">
   </rtept>
   <rtept lat="32.82914500" lon="132.65999400">
   </rtept>
   <rtept lat="32.82945600" lon="132.66028900">
   </rtept>
   <rtept lat="32.82951200" lon="132.66045000">
   </rtept>
   <rtept lat="32.82944800" lon="132.66099200">
   </rtept>
   <rtept lat="32.82948800" lon="132.66104900">
   </rtept>
   <rtept lat="32.82966400" lon="132.66122000">
   </rtept>
   <rtept lat="32.82976000" lon="132.66153400">
   </rtept>
   <rtept lat="32.82971200" lon="132.66195200">
   </rtept>
   <rtept lat="32.82995100" lon="132.66235200">
   </rtept>
   <rtept lat="32.82997500" lon="132.66253200">
   </rtept>
   <rtept lat="32.82987200" lon="132.66270300">
   </rtept>
   <rtept lat="32.82973600" lon="132.66288400">
   </rtept>
   <rtept lat="32.82968800" lon="132.66296000">
   </rtept>
   <rtept lat="32.82991200" lon="132.66324500">
   </rtept>
   <rtept lat="32.82998300" lon="132.66339700">
   </rtept>
   <rtept lat="32.82994300" lon="132.66359700">
   </rtept>
   <rtept lat="32.82980000" lon="132.66374900">
   </rtept>
   <rtept lat="32.82967200" lon="132.66384400">
   </rtept>
   <rtept lat="32.82959200" lon="132.66419600">
   </rtept>
   <rtept lat="32.82952800" lon="132.66430100">
   </rtept>
   <rtept lat="32.82970400" lon="132.66450000">
   </rtept>
   <rtept lat="32.82999100" lon="132.66450000">
   </rtept>
   <rtept lat="32.83051900" lon="132.66429100">
   </rtept>
   <rtept lat="32.83081400" lon="132.66416700">
   </rtept>
   <rtept lat="32.83106200" lon="132.66397700">
   </rtept>
   <rtept lat="32.83120600" lon="132.66399600">
   </rtept>
   <rtept lat="32.83126200" lon="132.66413900">
   </rtept>
   <rtept lat="32.83134900" lon="132.66446200">
   </rtept>
   <rtept lat="32.83151700" lon="132.66459500">
   </rtept>
   <rtept lat="32.83160500" lon="132.66486200">
   </rtept>
   <rtept lat="32.83161300" lon="132.66508000">
   </rtept>
   <rtept lat="32.83208400" lon="132.66564100">
   </rtept>
   <rtept lat="32.83222800" lon="132.66564100">
   </rtept>
   <rtept lat="32.83234000" lon="132.66554600">
   </rtept>
   <rtept lat="32.83259600" lon="132.66530800">
   </rtept>
   <rtept lat="32.83270800" lon="132.66527000">
   </rtept>
   <rtept lat="32.83280300" lon="132.66538400">
   </rtept>
   <rtept lat="32.83297100" lon="132.66578400">
   </rtept>
   <rtept lat="32.83317100" lon="132.66606900">
   </rtept>
   <rtept lat="32.83345000" lon="132.66644900">
   </rtept>
   <rtept lat="32.83353200" lon="132.66685300">
   </rtept>
   <rtept lat="32.83403500" lon="132.66683900">
   </rtept>
   <rtept lat="32.83422700" lon="132.66661100">
   </rtept>
   <rtept lat="32.83438200" lon="132.66616900">
   </rtept>
   <rtept lat="32.83435800" lon="132.66591200">
   </rtept>
   <rtept lat="32.83402300" lon="132.66552700">
   </rtept>
   <rtept lat="32.83397500" lon="132.66534200">
   </rtept>
   <rtept lat="32.83399900" lon="132.66507100">
   </rtept>
   <rtept lat="32.83404700" lon="132.66480000">
   </rtept>
   <rtept lat="32.83407100" lon="132.66455700">
   </rtept>
   <rtept lat="32.83408300" lon="132.66441500">
   </rtept>
   <rtept lat="32.83422700" lon="132.66437200">
   </rtept>
   <rtept lat="32.83438800" lon="132.66437900">
   </rtept>
   <rtept lat="32.83446000" lon="132.66420800">
   </rtept>
   <rtept lat="32.83460400" lon="132.66407200">
   </rtept>
   <rtept lat="32.83488600" lon="132.66407200">
   </rtept>
   <rtept lat="32.83504100" lon="132.66408700">
   </rtept>
   <rtept lat="32.83510700" lon="132.66408000">
   </rtept>
   <rtept lat="32.83511300" lon="132.66378000">
   </rtept>
   <rtept lat="32.83510700" lon="132.66360900">
   </rtept>
   <rtept lat="32.83519700" lon="132.66350200">
   </rtept>
   <rtept lat="32.83533500" lon="132.66346600">
   </rtept>
   <rtept lat="32.83556300" lon="132.66348800">
   </rtept>
   <rtept lat="32.83568300" lon="132.66343800">
   </rtept>
   <rtept lat="32.83571200" lon="132.66288200">
   </rtept>
   <rtept lat="32.83571200" lon="132.66261100">
   </rtept>
   <rtept lat="32.83579600" lon="132.66242500">
   </rtept>
   <rtept lat="32.83592800" lon="132.66228300">
   </rtept>
   <rtept lat="32.83608400" lon="132.66223300">
   </rtept>
   <rtept lat="32.83620400" lon="132.66214700">
   </rtept>
   <rtept lat="32.83626400" lon="132.66200500">
   </rtept>
   <rtept lat="32.83627000" lon="132.66184100">
   </rtept>
   <rtept lat="32.83636000" lon="132.66159100">
   </rtept>
   <rtept lat="32.83655700" lon="132.66132700">
   </rtept>
   <rtept lat="32.83668300" lon="132.66127700">
   </rtept>
   <rtept lat="32.83692900" lon="132.66139100">
   </rtept>
   <rtept lat="32.83706500" lon="132.66124500">
   </rtept>
   <rtept lat="32.83719700" lon="132.66092500">
   </rtept>
   <rtept lat="32.83729900" lon="132.66049000">
   </rtept>
   <rtept lat="32.83737600" lon="132.66031800">
   </rtept>
   <rtept lat="32.83755600" lon="132.66018300">
   </rtept>
   <rtept lat="32.83795200" lon="132.66006900">
   </rtept>
   <rtept lat="32.83807700" lon="132.65991200">
   </rtept>
   <rtept lat="32.83822700" lon="132.65969800">
   </rtept>
   <rtept lat="32.83837100" lon="132.65964100">
   </rtept>
   <rtept lat="32.83863500" lon="132.65981900">
   </rtept>
   <rtept lat="32.83885000" lon="132.65985500">
   </rtept>
   <rtept lat="32.83901800" lon="132.65990500">
   </rtept>
   <rtept lat="32.83921000" lon="132.66016900">
   </rtept>
   <rtept lat="32.83938900" lon="132.66059700">
   </rtept>
   <rtept lat="32.83968300" lon="132.66103200">
   </rtept>
   <rtept lat="32.83976700" lon="132.66131700">
   </rtept>
   <rtept lat="32.83987500" lon="132.66155200">
   </rtept>
   <rtept lat="32.83982700" lon="132.66170900">
   </rtept>
   <rtept lat="32.83964700" lon="132.66181600">
   </rtept>
   <rtept lat="32.83964100" lon="132.66190100">
   </rtept>
   <rtept lat="32.83970700" lon="132.66203000">
   </rtept>
   <rtept lat="32.84004200" lon="132.66220100">
   </rtept>
   <rtept lat="32.84024600" lon="132.66232200">
   </rtept>
   <rtept lat="32.84056400" lon="132.66240800">
   </rtept>
   <rtept lat="32.84072500" lon="132.66258600">
   </rtept>
   <rtept lat="32.84073700" lon="132.66285000">
   </rtept>
   <rtept lat="32.84059400" lon="132.66302800">
   </rtept>
   <rtept lat="32.84043200" lon="132.66323500">
   </rtept>
   <rtept lat="32.84037800" lon="132.66335600">
   </rtept>
   <rtept lat="32.84043800" lon="132.66352700">
   </rtept>
   <rtept lat="32.84044400" lon="132.66385500">
   </rtept>
   <rtept lat="32.84013800" lon="132.66480400">
   </rtept>
   <rtept lat="32.84005400" lon="132.66486100">
   </rtept>
   <rtept lat="32.83947900" lon="132.66476100">
   </rtept>
   <rtept lat="32.83936500" lon="132.66477500">
   </rtept>
   <rtept lat="32.83935300" lon="132.66488200">
   </rtept>
   <rtept lat="32.83938900" lon="132.66499600">
   </rtept>
   <rtept lat="32.83962300" lon="132.66549500">
   </rtept>
   <rtept lat="32.83962900" lon="132.66565900">
   </rtept>
   <rtept lat="32.83960500" lon="132.66577300">
   </rtept>
   <rtept lat="32.83966500" lon="132.66604400">
   </rtept>
   <rtept lat="32.83968300" lon="132.66628700">
   </rtept>
   <rtept lat="32.83964700" lon="132.66642200">
   </rtept>
   <rtept lat="32.83957500" lon="132.66665000">
   </rtept>
   <rtept lat="32.83960500" lon="132.66674300">
   </rtept>
   <rtept lat="32.83967700" lon="132.66675000">
   </rtept>
   <rtept lat="32.84023400" lon="132.66659300">
   </rtept>
   <rtept lat="32.84043200" lon="132.66655800">
   </rtept>
   <rtept lat="32.84052200" lon="132.66667200">
   </rtept>
   <rtept lat="32.84059600" lon="132.66689400">
   </rtept>
   <rtept lat="32.84063200" lon="132.66710100">
   </rtept>
   <rtept lat="32.84049400" lon="132.66738600">
   </rtept>
   <rtept lat="32.84047600" lon="132.66750700">
   </rtept>
   <rtept lat="32.84056000" lon="132.66768600">
   </rtept>
   <rtept lat="32.84072200" lon="132.66781400">
   </rtept>
   <rtept lat="32.84082400" lon="132.66812100">
   </rtept>
   <rtept lat="32.84082400" lon="132.66832000">
   </rtept>
   <rtept lat="32.84063200" lon="132.66849100">
   </rtept>
   <rtept lat="32.84047600" lon="132.66865500">
   </rtept>
   <rtept lat="32.84039800" lon="132.66873400">
   </rtept>
   <rtept lat="32.84031500" lon="132.66929700">
   </rtept>
   <rtept lat="32.84014700" lon="132.66947500">
   </rtept>
   <rtept lat="32.83987700" lon="132.66967500">
   </rtept>
   <rtept lat="32.83954200" lon="132.66990300">
   </rtept>
   <rtept lat="32.83950000" lon="132.67013100">
   </rtept>
   <rtept lat="32.83944000" lon="132.67062300">
   </rtept>
   <rtept lat="32.83934400" lon="132.67068800">
   </rtept>
   <rtept lat="32.83905600" lon="132.67078700">
   </rtept>
   <rtept lat="32.83902600" lon="132.67104400">
   </rtept>
   <rtept lat="32.83920600" lon="132.67133600">
   </rtept>
   <rtept lat="32.83945800" lon="132.67143600">
   </rtept>
   <rtept lat="32.83972700" lon="132.67157200">
   </rtept>
   <rtept lat="32.83981100" lon="132.67173600">
   </rtept>
   <rtept lat="32.83975700" lon="132.67211400">
   </rtept>
   <rtept lat="32.83973300" lon="132.67233500">
   </rtept>
   <rtept lat="32.83984100" lon="132.67256300">
   </rtept>
   <rtept lat="32.83990100" lon="132.67277700">
   </rtept>
   <rtept lat="32.84000300" lon="132.67290500">
   </rtept>
   <rtept lat="32.83999700" lon="132.67301900">
   </rtept>
   <rtept lat="32.83974500" lon="132.67331200">
   </rtept>
   <rtept lat="32.83979300" lon="132.67340400">
   </rtept>
   <rtept lat="32.84015900" lon="132.67342600">
   </rtept>
   <rtept lat="32.84021900" lon="132.67359700">
   </rtept>
   <rtept lat="32.84020700" lon="132.67392500">
   </rtept>
   <rtept lat="32.84028500" lon="132.67412400">
   </rtept>
   <rtept lat="32.84024900" lon="132.67426700">
   </rtept>
   <rtept lat="32.84012900" lon="132.67453100">
   </rtept>
   <rtept lat="32.84012900" lon="132.67466600">
   </rtept>
   <rtept lat="32.84023700" lon="132.67491600">
   </rtept>
   <rtept lat="32.84039200" lon="132.67493000">
   </rtept>
   <rtept lat="32.84084800" lon="132.67463100">
   </rtept>
   <rtept lat="32.84096800" lon="132.67462300">
   </rtept>
   <rtept lat="32.84109300" lon="132.67466600">
   </rtept>
   <rtept lat="32.84121900" lon="132.67478700">
   </rtept>
   <rtept lat="32.84141700" lon="132.67527900">
   </rtept>
   <rtept lat="32.84160900" lon="132.67572800">
   </rtept>
   <rtept lat="32.84179900" lon="132.67636900">
   </rtept>
   <rtept lat="32.84205900" lon="132.67635700">
   </rtept>
   <rtept lat="32.84233800" lon="132.67640500">
   </rtept>
   <rtept lat="32.84246800" lon="132.67667800">
   </rtept>
 </rte>
 <rte>
  <name>SHIKOKU_KCH_32(芳ノ沢のみち)</name>
   <rtept lat="32.84246800" lon="132.67667800">
   </rtept>
   <rtept lat="32.84252800" lon="132.67646400">
   </rtept>
   <rtept lat="32.84249800" lon="132.67614300">
   </rtept>
   <rtept lat="32.84214900" lon="132.67445600">
   </rtept>
   <rtept lat="32.84212900" lon="132.67425400">
   </rtept>
   <rtept lat="32.84188900" lon="132.67369500">
   </rtept>
   <rtept lat="32.84186900" lon="132.67327900">
   </rtept>
   <rtept lat="32.84166900" lon="132.67237600">
   </rtept>
   <rtept lat="32.84143000" lon="132.67180600">
   </rtept>
   <rtept lat="32.84148000" lon="132.67165100">
   </rtept>
   <rtept lat="32.84160900" lon="132.67154400">
   </rtept>
   <rtept lat="32.84175900" lon="132.67158000">
   </rtept>
   <rtept lat="32.84211900" lon="132.67179400">
   </rtept>
   <rtept lat="32.84232800" lon="132.67210300">
   </rtept>
   <rtept lat="32.84316700" lon="132.67232900">
   </rtept>
   <rtept lat="32.84341700" lon="132.67230500">
   </rtept>
   <rtept lat="32.84355600" lon="132.67221000">
   </rtept>
   <rtept lat="32.84380600" lon="132.67186500">
   </rtept>
   <rtept lat="32.84397600" lon="132.67160400">
   </rtept>
   <rtept lat="32.84419500" lon="132.67150900">
   </rtept>
   <rtept lat="32.84477400" lon="132.67148500">
   </rtept>
   <rtept lat="32.84578300" lon="132.67204300">
   </rtept>
   <rtept lat="32.84614200" lon="132.67204300">
   </rtept>
   <rtept lat="32.84626200" lon="132.67186500">
   </rtept>
   <rtept lat="32.84630200" lon="132.67169900">
   </rtept>
   <rtept lat="32.84616200" lon="132.67167500">
   </rtept>
   <rtept lat="32.84618200" lon="132.67153200">
   </rtept>
   <rtept lat="32.84633200" lon="132.67146100">
   </rtept>
   <rtept lat="32.84651100" lon="132.67123200">
   </rtept>
   <rtept lat="32.84679900" lon="132.67107500">
   </rtept>
   <rtept lat="32.84711000" lon="132.67118900">
   </rtept>
   <rtept lat="32.84721300" lon="132.67120400">
   </rtept>
   <rtept lat="32.84723100" lon="132.67113200">
   </rtept>
   <rtept lat="32.84702200" lon="132.67075400">
   </rtept>
   <rtept lat="32.84687200" lon="132.67075400">
   </rtept>
   <rtept lat="32.84660200" lon="132.67091100">
   </rtept>
   <rtept lat="32.84645200" lon="132.67091800">
   </rtept>
   <rtept lat="32.84628500" lon="132.67088300">
   </rtept>
   <rtept lat="32.84622500" lon="132.67076200">
   </rtept>
   <rtept lat="32.84632100" lon="132.67067600">
   </rtept>
   <rtept lat="32.84645200" lon="132.67067600">
   </rtept>
   <rtept lat="32.84660800" lon="132.67061900">
   </rtept>
   <rtept lat="32.84665000" lon="132.67049100">
   </rtept>
   <rtept lat="32.84671600" lon="132.67015500">
   </rtept>
   <rtept lat="32.84696200" lon="132.66965600">
   </rtept>
   <rtept lat="32.84706300" lon="132.66941400">
   </rtept>
   <rtept lat="32.84739300" lon="132.66932800">
   </rtept>
   <rtept lat="32.84765100" lon="132.66910700">
   </rtept>
   <rtept lat="32.84785400" lon="132.66869400">
   </rtept>
   <rtept lat="32.84791400" lon="132.66843000">
   </rtept>
   <rtept lat="32.84792600" lon="132.66813000">
   </rtept>
   <rtept lat="32.84801000" lon="132.66805900">
   </rtept>
   <rtept lat="32.84825000" lon="132.66808800">
   </rtept>
   <rtept lat="32.84856700" lon="132.66843000">
   </rtept>
   <rtept lat="32.84884300" lon="132.66846600">
   </rtept>
   <rtept lat="32.84900400" lon="132.66856500">
   </rtept>
   <rtept lat="32.84916000" lon="132.66858000">
   </rtept>
   <rtept lat="32.84926800" lon="132.66865800">
   </rtept>
   <rtept lat="32.84937600" lon="132.66862200">
   </rtept>
   <rtept lat="32.84937600" lon="132.66845800">
   </rtept>
   <rtept lat="32.84941200" lon="132.66823700">
   </rtept>
   <rtept lat="32.84949000" lon="132.66808800">
   </rtept>
   <rtept lat="32.84957900" lon="132.66795200">
   </rtept>
   <rtept lat="32.84956700" lon="132.66788100">
   </rtept>
   <rtept lat="32.84937600" lon="132.66771700">
   </rtept>
   <rtept lat="32.84930400" lon="132.66764600">
   </rtept>
   <rtept lat="32.84931600" lon="132.66738200">
   </rtept>
   <rtept lat="32.84931600" lon="132.66719600">
   </rtept>
   <rtept lat="32.84901000" lon="132.66699700">
   </rtept>
   <rtept lat="32.84898000" lon="132.66689000">
   </rtept>
   <rtept lat="32.84898000" lon="132.66663300">
   </rtept>
   <rtept lat="32.84898600" lon="132.66656200">
   </rtept>
   <rtept lat="32.84869300" lon="132.66637600">
   </rtept>
   <rtept lat="32.84864500" lon="132.66618400">
   </rtept>
   <rtept lat="32.84867500" lon="132.66585600">
   </rtept>
   <rtept lat="32.84871700" lon="132.66560600">
   </rtept>
   <rtept lat="32.84881900" lon="132.66554900">
   </rtept>
   <rtept lat="32.84898000" lon="132.66558500">
   </rtept>
   <rtept lat="32.84910600" lon="132.66556300">
   </rtept>
   <rtept lat="32.84928000" lon="132.66547800">
   </rtept>
   <rtept lat="32.84939400" lon="132.66554900">
   </rtept>
   <rtept lat="32.84950800" lon="132.66570600">
   </rtept>
   <rtept lat="32.84958500" lon="132.66570600">
   </rtept>
   <rtept lat="32.84966900" lon="132.66549200">
   </rtept>
   <rtept lat="32.84985500" lon="132.66533500">
   </rtept>
   <rtept lat="32.84992100" lon="132.66525000">
   </rtept>
   <rtept lat="32.84990300" lon="132.66507100">
   </rtept>
   <rtept lat="32.84983900" lon="132.66487800">
   </rtept>
   <rtept lat="32.84979900" lon="132.66468800">
   </rtept>
   <rtept lat="32.84982900" lon="132.66455700">
   </rtept>
   <rtept lat="32.84996900" lon="132.66445100">
   </rtept>
   <rtept lat="32.85033800" lon="132.66461700">
   </rtept>
   <rtept lat="32.85050800" lon="132.66460500">
   </rtept>
   <rtept lat="32.85057800" lon="132.66449800">
   </rtept>
   <rtept lat="32.85056800" lon="132.66421300">
   </rtept>
   <rtept lat="32.85061800" lon="132.66398700">
   </rtept>
   <rtept lat="32.85078700" lon="132.66384400">
   </rtept>
   <rtept lat="32.85089700" lon="132.66373700">
   </rtept>
   <rtept lat="32.85087700" lon="132.66350000">
   </rtept>
   <rtept lat="32.85088700" lon="132.66331000">
   </rtept>
   <rtept lat="32.85103700" lon="132.66312000">
   </rtept>
   <rtept lat="32.85122700" lon="132.66304800">
   </rtept>
   <rtept lat="32.85148600" lon="132.66308400">
   </rtept>
   <rtept lat="32.85171600" lon="132.66298900">
   </rtept>
   <rtept lat="32.85195600" lon="132.66300100">
   </rtept>
   <rtept lat="32.85215500" lon="132.66313100">
   </rtept>
   <rtept lat="32.85253500" lon="132.66384400">
   </rtept>
   <rtept lat="32.85264400" lon="132.66382100">
   </rtept>
   <rtept lat="32.85284400" lon="132.66374900">
   </rtept>
   <rtept lat="32.85284400" lon="132.66340500">
   </rtept>
   <rtept lat="32.85295400" lon="132.66294100">
   </rtept>
   <rtept lat="32.85325300" lon="132.66243000">
   </rtept>
   <rtept lat="32.85340300" lon="132.66229900">
   </rtept>
   <rtept lat="32.85351300" lon="132.66225200">
   </rtept>
   <rtept lat="32.85362300" lon="132.66234700">
   </rtept>
   <rtept lat="32.85366300" lon="132.66252500">
   </rtept>
   <rtept lat="32.85362300" lon="132.66271500">
   </rtept>
   <rtept lat="32.85341300" lon="132.66298900">
   </rtept>
   <rtept lat="32.85340300" lon="132.66321500">
   </rtept>
   <rtept lat="32.85341300" lon="132.66340500">
   </rtept>
   <rtept lat="32.85354300" lon="132.66344000">
   </rtept>
   <rtept lat="32.85369300" lon="132.66323800">
   </rtept>
   <rtept lat="32.85383200" lon="132.66313100">
   </rtept>
   <rtept lat="32.85395200" lon="132.66312000">
   </rtept>
   <rtept lat="32.85402200" lon="132.66320300">
   </rtept>
   <rtept lat="32.85407200" lon="132.66333300">
   </rtept>
   <rtept lat="32.85420200" lon="132.66333300">
   </rtept>
   <rtept lat="32.85430200" lon="132.66323800">
   </rtept>
   <rtept lat="32.85447100" lon="132.66290600">
   </rtept>
   <rtept lat="32.85464100" lon="132.66282200">
   </rtept>
   <rtept lat="32.85488100" lon="132.66278700">
   </rtept>
   <rtept lat="32.85510000" lon="132.66266800">
   </rtept>
   <rtept lat="32.85522000" lon="132.66266800">
   </rtept>
   <rtept lat="32.85531000" lon="132.66272700">
   </rtept>
   <rtept lat="32.85536000" lon="132.66290600">
   </rtept>
   <rtept lat="32.85547000" lon="132.66339300">
   </rtept>
   <rtept lat="32.85559900" lon="132.66338100">
   </rtept>
   <rtept lat="32.85578900" lon="132.66329800">
   </rtept>
   <rtept lat="32.85587900" lon="132.66335700">
   </rtept>
   <rtept lat="32.85592900" lon="132.66345200">
   </rtept>
   <rtept lat="32.85595900" lon="132.66426000">
   </rtept>
   <rtept lat="32.85604900" lon="132.66426000">
   </rtept>
   <rtept lat="32.85633600" lon="132.66391600">
   </rtept>
   <rtept lat="32.85645600" lon="132.66399900">
   </rtept>
   <rtept lat="32.85660600" lon="132.66428400">
   </rtept>
   <rtept lat="32.85660600" lon="132.66486600">
   </rtept>
   <rtept lat="32.85647600" lon="132.66524700">
   </rtept>
   <rtept lat="32.85649600" lon="132.66537700">
   </rtept>
   <rtept lat="32.85656600" lon="132.66537700">
   </rtept>
   <rtept lat="32.85670500" lon="132.66534200">
   </rtept>
   <rtept lat="32.85679500" lon="132.66537700">
   </rtept>
   <rtept lat="32.85695500" lon="132.66548400">
   </rtept>
   <rtept lat="32.85703500" lon="132.66548400">
   </rtept>
   <rtept lat="32.85713500" lon="132.66530600">
   </rtept>
   <rtept lat="32.85725500" lon="132.66525900">
   </rtept>
   <rtept lat="32.85729400" lon="132.66535400">
   </rtept>
   <rtept lat="32.85740400" lon="132.66555600">
   </rtept>
   <rtept lat="32.85795300" lon="132.66571000">
   </rtept>
   <rtept lat="32.85819300" lon="132.66575800">
   </rtept>
   <rtept lat="32.85837300" lon="132.66577000">
   </rtept>
   <rtept lat="32.85884900" lon="132.66555900">
   </rtept>
   <rtept lat="32.85904000" lon="132.66557400">
   </rtept>
   <rtept lat="32.85930400" lon="132.66560200">
   </rtept>
   <rtept lat="32.85946000" lon="132.66557400">
   </rtept>
   <rtept lat="32.85962700" lon="132.66557400">
   </rtept>
   <rtept lat="32.85977100" lon="132.66565900">
   </rtept>
   <rtept lat="32.85980700" lon="132.66578700">
   </rtept>
   <rtept lat="32.85955600" lon="132.66637200">
   </rtept>
   <rtept lat="32.85959200" lon="132.66655800">
   </rtept>
   <rtept lat="32.85966300" lon="132.66677100">
   </rtept>
   <rtept lat="32.85966300" lon="132.66695700">
   </rtept>
   <rtept lat="32.85942400" lon="132.66741300">
   </rtept>
   <rtept lat="32.85943600" lon="132.66752700">
   </rtept>
   <rtept lat="32.85956800" lon="132.66761300">
   </rtept>
   <rtept lat="32.85999900" lon="132.66764100">
   </rtept>
   <rtept lat="32.86016700" lon="132.66752700">
   </rtept>
   <rtept lat="32.86027400" lon="132.66755600">
   </rtept>
   <rtept lat="32.86043000" lon="132.66759900">
   </rtept>
   <rtept lat="32.86058600" lon="132.66758400">
   </rtept>
   <rtept lat="32.86074200" lon="132.66772700">
   </rtept>
   <rtept lat="32.86107700" lon="132.66789800">
   </rtept>
   <rtept lat="32.86112500" lon="132.66805500">
   </rtept>
   <rtept lat="32.86108900" lon="132.66834000">
   </rtept>
   <rtept lat="32.86105300" lon="132.66875400">
   </rtept>
   <rtept lat="32.86075300" lon="132.66912400">
   </rtept>
   <rtept lat="32.86051400" lon="132.66985200">
   </rtept>
   <rtept lat="32.86049000" lon="132.67005100">
   </rtept>
   <rtept lat="32.86077700" lon="132.67063600">
   </rtept>
   <rtept lat="32.86096900" lon="132.67073600">
   </rtept>
   <rtept lat="32.86130500" lon="132.67073600">
   </rtept>
   <rtept lat="32.86165200" lon="132.67073600">
   </rtept>
   <rtept lat="32.86215500" lon="132.67095000">
   </rtept>
   <rtept lat="32.86238300" lon="132.67093600">
   </rtept>
   <rtept lat="32.86314900" lon="132.67077900">
   </rtept>
   <rtept lat="32.86326900" lon="132.67089300">
   </rtept>
   <rtept lat="32.86336500" lon="132.67119900">
   </rtept>
   <rtept lat="32.86338300" lon="132.67137800">
   </rtept>
   <rtept lat="32.86328700" lon="132.67166300">
   </rtept>
   <rtept lat="32.86329900" lon="132.67184800">
   </rtept>
   <rtept lat="32.86338300" lon="132.67196900">
   </rtept>
   <rtept lat="32.86362200" lon="132.67227600">
   </rtept>
   <rtept lat="32.86359800" lon="132.67265400">
   </rtept>
   <rtept lat="32.86358600" lon="132.67281800">
   </rtept>
   <rtept lat="32.86364600" lon="132.67291100">
   </rtept>
   <rtept lat="32.86371200" lon="132.67289600">
   </rtept>
   <rtept lat="32.86388600" lon="132.67282500">
   </rtept>
   <rtept lat="32.86400000" lon="132.67279000">
   </rtept>
   <rtept lat="32.86414300" lon="132.67290400">
   </rtept>
   <rtept lat="32.86417900" lon="132.67313200">
   </rtept>
   <rtept lat="32.86422100" lon="132.67330300">
   </rtept>
   <rtept lat="32.86432900" lon="132.67338800">
   </rtept>
   <rtept lat="32.86452100" lon="132.67345300">
   </rtept>
   <rtept lat="32.86463500" lon="132.67356700">
   </rtept>
   <rtept lat="32.86470600" lon="132.67398000">
   </rtept>
   <rtept lat="32.86460500" lon="132.67415100">
   </rtept>
   <rtept lat="32.86437100" lon="132.67436500">
   </rtept>
   <rtept lat="32.86401200" lon="132.67470800">
   </rtept>
   <rtept lat="32.86391600" lon="132.67512800">
   </rtept>
   <rtept lat="32.86393400" lon="132.67535600">
   </rtept>
   <rtept lat="32.86404800" lon="132.67537800">
   </rtept>
   <rtept lat="32.86449700" lon="132.67525700">
   </rtept>
   <rtept lat="32.86481400" lon="132.67520000">
   </rtept>
   <rtept lat="32.86504200" lon="132.67519200">
   </rtept>
   <rtept lat="32.86520400" lon="132.67529200">
   </rtept>
   <rtept lat="32.86534700" lon="132.67568400">
   </rtept>
   <rtept lat="32.86544300" lon="132.67619100">
   </rtept>
   <rtept lat="32.86558700" lon="132.67624800">
   </rtept>
   <rtept lat="32.86569500" lon="132.67619800">
   </rtept>
   <rtept lat="32.86620900" lon="132.67582000">
   </rtept>
   <rtept lat="32.86631000" lon="132.67582000">
   </rtept>
   <rtept lat="32.86642400" lon="132.67588400">
   </rtept>
   <rtept lat="32.86669400" lon="132.67632600">
   </rtept>
   <rtept lat="32.86674200" lon="132.67642600">
   </rtept>
   <rtept lat="32.86674200" lon="132.67672500">
   </rtept>
   <rtept lat="32.86710100" lon="132.67685400">
   </rtept>
   <rtept lat="32.86725100" lon="132.67696800">
   </rtept>
   <rtept lat="32.86734600" lon="132.67716000">
   </rtept>
   <rtept lat="32.86743600" lon="132.67775200">
   </rtept>
   <rtept lat="32.86755600" lon="132.67790900">
   </rtept>
   <rtept lat="32.86792100" lon="132.67792300">
   </rtept>
   <rtept lat="32.86796300" lon="132.67805900">
   </rtept>
   <rtept lat="32.86795700" lon="132.67816600">
   </rtept>
   <rtept lat="32.86795100" lon="132.67829400">
   </rtept>
   <rtept lat="32.86829300" lon="132.67857900">
   </rtept>
   <rtept lat="32.86834700" lon="132.67865800">
   </rtept>
   <rtept lat="32.86858000" lon="132.67878600">
   </rtept>
   <rtept lat="32.86864000" lon="132.67886500">
   </rtept>
   <rtept lat="32.86870000" lon="132.67917100">
   </rtept>
   <rtept lat="32.86874800" lon="132.67936700">
   </rtept>
   <rtept lat="32.86882000" lon="132.67947400">
   </rtept>
   <rtept lat="32.86907100" lon="132.67976600">
   </rtept>
   <rtept lat="32.86910100" lon="132.67986600">
   </rtept>
   <rtept lat="32.86901700" lon="132.68016500">
   </rtept>
   <rtept lat="32.86908300" lon="132.68030100">
   </rtept>
   <rtept lat="32.86922100" lon="132.68037900">
   </rtept>
   <rtept lat="32.86932300" lon="132.68046500">
   </rtept>
   <rtept lat="32.86934100" lon="132.68076400">
   </rtept>
   <rtept lat="32.86953500" lon="132.68100700">
   </rtept>
   <rtept lat="32.86957100" lon="132.68114900">
   </rtept>
   <rtept lat="32.86958300" lon="132.68129900">
   </rtept>
   <rtept lat="32.86966700" lon="132.68133500">
   </rtept>
   <rtept lat="32.86993600" lon="132.68137700">
   </rtept>
   <rtept lat="32.87032500" lon="132.68165500">
   </rtept>
   <rtept lat="32.87076300" lon="132.68194800">
   </rtept>
   <rtept lat="32.87117600" lon="132.68239000">
   </rtept>
   <rtept lat="32.87158900" lon="132.68275400">
   </rtept>
   <rtept lat="32.87163700" lon="132.68300300">
   </rtept>
   <rtept lat="32.87164300" lon="132.68346400">
   </rtept>
   <rtept lat="32.87160100" lon="132.68364200">
   </rtept>
   <rtept lat="32.87148700" lon="132.68378500">
   </rtept>
   <rtept lat="32.87097800" lon="132.68408400">
   </rtept>
   <rtept lat="32.87071500" lon="132.68422700">
   </rtept>
   <rtept lat="32.87060100" lon="132.68430500">
   </rtept>
   <rtept lat="32.87056500" lon="132.68441200">
   </rtept>
   <rtept lat="32.87057100" lon="132.68468300">
   </rtept>
   <rtept lat="32.87055900" lon="132.68503200">
   </rtept>
   <rtept lat="32.87066100" lon="132.68511100">
   </rtept>
   <rtept lat="32.87077400" lon="132.68508200">
   </rtept>
   <rtept lat="32.87103800" lon="132.68478300">
   </rtept>
   <rtept lat="32.87112200" lon="132.68474700">
   </rtept>
   <rtept lat="32.87169100" lon="132.68474700">
   </rtept>
   <rtept lat="32.87202600" lon="132.68474700">
   </rtept>
   <rtept lat="32.87220000" lon="132.68496100">
   </rtept>
   <rtept lat="32.87234700" lon="132.68534600">
   </rtept>
   <rtept lat="32.87256300" lon="132.68582400">
   </rtept>
   <rtept lat="32.87259900" lon="132.68600900">
   </rtept>
   <rtept lat="32.87260500" lon="132.68626600">
   </rtept>
   <rtept lat="32.87266500" lon="132.68648700">
   </rtept>
   <rtept lat="32.87264100" lon="132.68665100">
   </rtept>
   <rtept lat="32.87258700" lon="132.68679400">
   </rtept>
   <rtept lat="32.87251500" lon="132.68690800">
   </rtept>
   <rtept lat="32.87239500" lon="132.68700800">
   </rtept>
   <rtept lat="32.87217900" lon="132.68705000">
   </rtept>
   <rtept lat="32.87181400" lon="132.68702900">
   </rtept>
   <rtept lat="32.87158100" lon="132.68693600">
   </rtept>
   <rtept lat="32.87140100" lon="132.68691500">
   </rtept>
   <rtept lat="32.87127500" lon="132.68694300">
   </rtept>
   <rtept lat="32.87047300" lon="132.68751400">
   </rtept>
   <rtept lat="32.87028100" lon="132.68761400">
   </rtept>
   <rtept lat="32.87024500" lon="132.68773500">
   </rtept>
   <rtept lat="32.87033500" lon="132.68805600">
   </rtept>
   <rtept lat="32.87044300" lon="132.68805600">
   </rtept>
   <rtept lat="32.87074800" lon="132.68802000">
   </rtept>
   <rtept lat="32.87087400" lon="132.68812700">
   </rtept>
   <rtept lat="32.87088000" lon="132.68827700">
   </rtept>
   <rtept lat="32.87088000" lon="132.68856200">
   </rtept>
   <rtept lat="32.87097600" lon="132.68866200">
   </rtept>
   <rtept lat="32.87120900" lon="132.68869000">
   </rtept>
   <rtept lat="32.87127500" lon="132.68878300">
   </rtept>
   <rtept lat="32.87132300" lon="132.68901100">
   </rtept>
   <rtept lat="32.87137100" lon="132.68918200">
   </rtept>
   <rtept lat="32.87139700" lon="132.68949100">
   </rtept>
   <rtept lat="32.87148700" lon="132.68956300">
   </rtept>
   <rtept lat="32.87192600" lon="132.68956300">
   </rtept>
   <rtept lat="32.87206600" lon="132.68961000">
   </rtept>
   <rtept lat="32.87210600" lon="132.68975300">
   </rtept>
   <rtept lat="32.87205600" lon="132.69001400">
   </rtept>
   <rtept lat="32.87202600" lon="132.69013300">
   </rtept>
   <rtept lat="32.87211600" lon="132.69021600">
   </rtept>
   <rtept lat="32.87240500" lon="132.69019200">
   </rtept>
   <rtept lat="32.87253500" lon="132.69021600">
   </rtept>
   <rtept lat="32.87259500" lon="132.69035900">
   </rtept>
   <rtept lat="32.87256500" lon="132.69060800">
   </rtept>
   <rtept lat="32.87242500" lon="132.69081000">
   </rtept>
   <rtept lat="32.87243500" lon="132.69100100">
   </rtept>
   <rtept lat="32.87254500" lon="132.69107200">
   </rtept>
   <rtept lat="32.87282400" lon="132.69110700">
   </rtept>
   <rtept lat="32.87291400" lon="132.69127400">
   </rtept>
   <rtept lat="32.87292400" lon="132.69161800">
   </rtept>
   <rtept lat="32.87260500" lon="132.69174900">
   </rtept>
   <rtept lat="32.87262500" lon="132.69196300">
   </rtept>
   <rtept lat="32.87261500" lon="132.69245000">
   </rtept>
   <rtept lat="32.87247500" lon="132.69274700">
   </rtept>
   <rtept lat="32.87250500" lon="132.69290200">
   </rtept>
   <rtept lat="32.87260500" lon="132.69294900">
   </rtept>
   <rtept lat="32.87279400" lon="132.69294900">
   </rtept>
   <rtept lat="32.87341300" lon="132.69279500">
   </rtept>
   <rtept lat="32.87350300" lon="132.69291400">
   </rtept>
   <rtept lat="32.87348300" lon="132.69327000">
   </rtept>
   <rtept lat="32.87362300" lon="132.69352000">
   </rtept>
   <rtept lat="32.87356300" lon="132.69366300">
   </rtept>
   <rtept lat="32.87337300" lon="132.69381700">
   </rtept>
   <rtept lat="32.87330300" lon="132.69393600">
   </rtept>
   <rtept lat="32.87331300" lon="132.69404300">
   </rtept>
   <rtept lat="32.87341300" lon="132.69410800">
   </rtept>
   <rtept lat="32.87352800" lon="132.69418500">
   </rtept>
   <rtept lat="32.87353300" lon="132.69427500">
   </rtept>
   <rtept lat="32.87348800" lon="132.69434000">
   </rtept>
   <rtept lat="32.87307400" lon="132.69413200">
   </rtept>
   <rtept lat="32.87304400" lon="132.69402500">
   </rtept>
   <rtept lat="32.87307400" lon="132.69391200">
   </rtept>
   <rtept lat="32.87315900" lon="132.69377500">
   </rtept>
   <rtept lat="32.87328800" lon="132.69359700">
   </rtept>
   <rtept lat="32.87331800" lon="132.69348400">
   </rtept>
   <rtept lat="32.87329800" lon="132.69334200">
   </rtept>
   <rtept lat="32.87319900" lon="132.69324100">
   </rtept>
   <rtept lat="32.87310900" lon="132.69322300">
   </rtept>
   <rtept lat="32.87295900" lon="132.69326400">
   </rtept>
   <rtept lat="32.87230000" lon="132.69363900">
   </rtept>
   <rtept lat="32.87150700" lon="132.69365100">
   </rtept>
   <rtept lat="32.87111200" lon="132.69371600">
   </rtept>
   <rtept lat="32.87081700" lon="132.69384100">
   </rtept>
   <rtept lat="32.87068700" lon="132.69394200">
   </rtept>
   <rtept lat="32.87057300" lon="132.69391800">
   </rtept>
   <rtept lat="32.87051300" lon="132.69384700">
   </rtept>
   <rtept lat="32.87048800" lon="132.69362100">
   </rtept>
   <rtept lat="32.87041300" lon="132.69350200">
   </rtept>
   <rtept lat="32.87019800" lon="132.69329400">
   </rtept>
   <rtept lat="32.87007400" lon="132.69306800">
   </rtept>
   <rtept lat="32.86998400" lon="132.69290800">
   </rtept>
   <rtept lat="32.86988400" lon="132.69279500">
   </rtept>
   <rtept lat="32.86975400" lon="132.69283100">
   </rtept>
   <rtept lat="32.86989400" lon="132.69312800">
   </rtept>
   <rtept lat="32.87019800" lon="132.69366800">
   </rtept>
   <rtept lat="32.87036800" lon="132.69398300">
   </rtept>
   <rtept lat="32.87044300" lon="132.69432800">
   </rtept>
   <rtept lat="32.87046800" lon="132.69469000">
   </rtept>
   <rtept lat="32.87038300" lon="132.69497600">
   </rtept>
   <rtept lat="32.87032300" lon="132.69524300">
   </rtept>
   <rtept lat="32.87030300" lon="132.69572400">
   </rtept>
   <rtept lat="32.87021300" lon="132.69587900">
   </rtept>
   <rtept lat="32.87005900" lon="132.69610500">
   </rtept>
   <rtept lat="32.86996900" lon="132.69622900">
   </rtept>
   <rtept lat="32.86988400" lon="132.69647300">
   </rtept>
   <rtept lat="32.86981400" lon="132.69694400">
   </rtept>
   <rtept lat="32.86970900" lon="132.69716400">
   </rtept>
   <rtept lat="32.86947400" lon="132.69735400">
   </rtept>
   <rtept lat="32.86926500" lon="132.69761500">
   </rtept>
   <rtept lat="32.86911500" lon="132.69771600">
   </rtept>
   <rtept lat="32.86891500" lon="132.69774600">
   </rtept>
   <rtept lat="32.86835600" lon="132.69770400">
   </rtept>
   <rtept lat="32.86818200" lon="132.69773400">
   </rtept>
   <rtept lat="32.86770200" lon="132.69807900">
   </rtept>
   <rtept lat="32.86658400" lon="132.69897200">
   </rtept>
   <rtept lat="32.86587800" lon="132.69955700">
   </rtept>
   <rtept lat="32.86529100" lon="132.69987100">
   </rtept>
   <rtept lat="32.86384200" lon="132.70059500">
   </rtept>
   <rtept lat="32.86332800" lon="132.70092800">
   </rtept>
   <rtept lat="32.86268500" lon="132.70174300">
   </rtept>
   <rtept lat="32.86176000" lon="132.70303900">
   </rtept>
   <rtept lat="32.86151100" lon="132.70287300">
   </rtept>
   <rtept lat="32.86118100" lon="132.70292000">
   </rtept>
   <rtept lat="32.86035300" lon="132.70343100">
   </rtept>
   <rtept lat="32.86003300" lon="132.70350300">
   </rtept>
   <rtept lat="32.85944400" lon="132.70393000">
   </rtept>
   <rtept lat="32.85877500" lon="132.70406100">
   </rtept>
   <rtept lat="32.85840600" lon="132.70452500">
   </rtept>
   <rtept lat="32.85828600" lon="132.70488100">
   </rtept>
   <rtept lat="32.85770700" lon="132.70558200">
   </rtept>
   <rtept lat="32.85732800" lon="132.70583200">
   </rtept>
   <rtept lat="32.85693100" lon="132.70596300">
   </rtept>
   <rtept lat="32.85671100" lon="132.70613000">
   </rtept>
   <rtept lat="32.85661100" lon="132.70642700">
   </rtept>
   <rtept lat="32.85645100" lon="132.70690200">
   </rtept>
   <rtept lat="32.85619200" lon="132.70715200">
   </rtept>
   <rtept lat="32.85549300" lon="132.70768700">
   </rtept>
   <rtept lat="32.85529300" lon="132.70761500">
   </rtept>
   <rtept lat="32.85513400" lon="132.70810200">
   </rtept>
   <rtept lat="32.85513400" lon="132.70831600">
   </rtept>
   <rtept lat="32.85526300" lon="132.70881500">
   </rtept>
   <rtept lat="32.85523300" lon="132.70917200">
   </rtept>
   <rtept lat="32.85509400" lon="132.70962400">
   </rtept>
   <rtept lat="32.85488400" lon="132.70987300">
   </rtept>
   <rtept lat="32.85464400" lon="132.71008700">
   </rtept>
   <rtept lat="32.85451500" lon="132.71034900">
   </rtept>
   <rtept lat="32.85450500" lon="132.71053900">
   </rtept>
   <rtept lat="32.85466400" lon="132.71083600">
   </rtept>
   <rtept lat="32.85490400" lon="132.71122800">
   </rtept>
   <rtept lat="32.85501400" lon="132.71164400">
   </rtept>
   <rtept lat="32.85501400" lon="132.71236900">
   </rtept>
   <rtept lat="32.85484400" lon="132.71299900">
   </rtept>
   <rtept lat="32.85474400" lon="132.71345000">
   </rtept>
   <rtept lat="32.85459500" lon="132.71390200">
   </rtept>
   <rtept lat="32.85459500" lon="132.71418700">
   </rtept>
   <rtept lat="32.85483400" lon="132.71453200">
   </rtept>
   <rtept lat="32.85514400" lon="132.71452000">
   </rtept>
   <rtept lat="32.85539300" lon="132.71442500">
   </rtept>
   <rtept lat="32.85552300" lon="132.71444800">
   </rtept>
   <rtept lat="32.85565300" lon="132.71466200">
   </rtept>
   <rtept lat="32.85565300" lon="132.71496000">
   </rtept>
   <rtept lat="32.85555300" lon="132.71512600">
   </rtept>
   <rtept lat="32.85531300" lon="132.71524500">
   </rtept>
   <rtept lat="32.85496400" lon="132.71519700">
   </rtept>
   <rtept lat="32.85465400" lon="132.71513800">
   </rtept>
   <rtept lat="32.85438700" lon="132.71510900">
   </rtept>
   <rtept lat="32.85374800" lon="132.71527600">
   </rtept>
   <rtept lat="32.85347800" lon="132.71552500">
   </rtept>
   <rtept lat="32.85320900" lon="132.71601200">
   </rtept>
   <rtept lat="32.85304900" lon="132.71613100">
   </rtept>
   <rtept lat="32.85258000" lon="132.71611900">
   </rtept>
   <rtept lat="32.85235000" lon="132.71615500">
   </rtept>
   <rtept lat="32.85219100" lon="132.71617900">
   </rtept>
   <rtept lat="32.85195100" lon="132.71616700">
   </rtept>
   <rtept lat="32.85182100" lon="132.71603600">
   </rtept>
   <rtept lat="32.85171100" lon="132.71584600">
   </rtept>
   <rtept lat="32.85156200" lon="132.71590500">
   </rtept>
   <rtept lat="32.85127200" lon="132.71631000">
   </rtept>
 </rte>
 <rte>
  <name>SHIKOKU_KCH_33(松尾峠へのみち)</name>
   <rtept lat="32.93046000" lon="132.69616300">
   </rtept>
   <rtept lat="32.93136800" lon="132.69608500">
   </rtept>
   <rtept lat="32.93208600" lon="132.69602800">
   </rtept>
   <rtept lat="32.93221800" lon="132.69597100">
   </rtept>
   <rtept lat="32.93251700" lon="132.69444500">
   </rtept>
   <rtept lat="32.93269700" lon="132.69417400">
   </rtept>
   <rtept lat="32.93330700" lon="132.69384600">
   </rtept>
   <rtept lat="32.93359400" lon="132.69384600">
   </rtept>
   <rtept lat="32.93397700" lon="132.69377500">
   </rtept>
   <rtept lat="32.93464800" lon="132.69348900">
   </rtept>
   <rtept lat="32.93490900" lon="132.69271700">
   </rtept>
   <rtept lat="32.93630500" lon="132.69230800">
   </rtept>
   <rtept lat="32.93736600" lon="132.69223200">
   </rtept>
   <rtept lat="32.93750200" lon="132.69225100">
   </rtept>
   <rtept lat="32.93784500" lon="132.69227000">
   </rtept>
   <rtept lat="32.93883400" lon="132.69154700">
   </rtept>
   <rtept lat="32.93968000" lon="132.68991200">
   </rtept>
   <rtept lat="32.93974400" lon="132.68965500">
   </rtept>
   <rtept lat="32.93978400" lon="132.68933200">
   </rtept>
   <rtept lat="32.94021400" lon="132.68863100">
   </rtept>
   <rtept lat="32.94027400" lon="132.68846000">
   </rtept>
   <rtept lat="32.94040600" lon="132.68814600">
   </rtept>
   <rtept lat="32.94050100" lon="132.68796000">
   </rtept>
   <rtept lat="32.94070500" lon="132.68786100">
   </rtept>
   <rtept lat="32.94081300" lon="132.68777500">
   </rtept>
   <rtept lat="32.94120800" lon="132.68771800">
   </rtept>
   <rtept lat="32.94135100" lon="132.68760400">
   </rtept>
   <rtept lat="32.94157700" lon="132.68753000">
   </rtept>
   <rtept lat="32.94168100" lon="132.68744700">
   </rtept>
   <rtept lat="32.94156500" lon="132.68720600">
   </rtept>
   <rtept lat="32.94154900" lon="132.68714800">
   </rtept>
   <rtept lat="32.94164300" lon="132.68699600">
   </rtept>
   <rtept lat="32.94166000" lon="132.68677500">
   </rtept>
   <rtept lat="32.94160100" lon="132.68640000">
   </rtept>
   <rtept lat="32.94119300" lon="132.68599200">
   </rtept>
   <rtept lat="32.94068100" lon="132.68569300">
   </rtept>
   <rtept lat="32.94047700" lon="132.68560700">
   </rtept>
   <rtept lat="32.94043100" lon="132.68514100">
   </rtept>
   <rtept lat="32.94065400" lon="132.68515800">
   </rtept>
   <rtept lat="32.94087000" lon="132.68524000">
   </rtept>
   <rtept lat="32.94100300" lon="132.68511500">
   </rtept>
   <rtept lat="32.94107500" lon="132.68502900">
   </rtept>
   <rtept lat="32.94108200" lon="132.68484400">
   </rtept>
   <rtept lat="32.94113900" lon="132.68455100">
   </rtept>
   <rtept lat="32.94121800" lon="132.68448000">
   </rtept>
   <rtept lat="32.94141000" lon="132.68451500">
   </rtept>
   <rtept lat="32.94170300" lon="132.68452300">
   </rtept>
   <rtept lat="32.94193100" lon="132.68445800">
   </rtept>
   <rtept lat="32.94202400" lon="132.68438700">
   </rtept>
   <rtept lat="32.94221700" lon="132.68410900">
   </rtept>
   <rtept lat="32.94243100" lon="132.68353700">
   </rtept>
   <rtept lat="32.94247700" lon="132.68315600">
   </rtept>
   <rtept lat="32.94253800" lon="132.68308100">
   </rtept>
   <rtept lat="32.94279500" lon="132.68280900">
   </rtept>
   <rtept lat="32.94266700" lon="132.68275900">
   </rtept>
   <rtept lat="32.94216000" lon="132.68285200">
   </rtept>
   <rtept lat="32.94191700" lon="132.68312300">
   </rtept>
   <rtept lat="32.94183900" lon="132.68316600">
   </rtept>
   <rtept lat="32.94160300" lon="132.68323000">
   </rtept>
   <rtept lat="32.94148200" lon="132.68330900">
   </rtept>
   <rtept lat="32.94135300" lon="132.68348000">
   </rtept>
   <rtept lat="32.94123200" lon="132.68348100">
   </rtept>
   <rtept lat="32.94106000" lon="132.68356600">
   </rtept>
   <rtept lat="32.94096800" lon="132.68365900">
   </rtept>
   <rtept lat="32.94082500" lon="132.68369600">
   </rtept>
   <rtept lat="32.94086900" lon="132.68348200">
   </rtept>
   <rtept lat="32.94106400" lon="132.68318300">
   </rtept>
   <rtept lat="32.94123100" lon="132.68301200">
   </rtept>
   <rtept lat="32.94136300" lon="132.68288400">
   </rtept>
   <rtept lat="32.94143500" lon="132.68291200">
   </rtept>
   <rtept lat="32.94166200" lon="132.68284100">
   </rtept>
   <rtept lat="32.94187800" lon="132.68274100">
   </rtept>
   <rtept lat="32.94212900" lon="132.68259800">
   </rtept>
   <rtept lat="32.94214100" lon="132.68239900">
   </rtept>
   <rtept lat="32.94203300" lon="132.68211300">
   </rtept>
   <rtept lat="32.94208100" lon="132.68195700">
   </rtept>
   <rtept lat="32.94224900" lon="132.68192800">
   </rtept>
   <rtept lat="32.94242800" lon="132.68180000">
   </rtept>
   <rtept lat="32.94260800" lon="132.68147200">
   </rtept>
   <rtept lat="32.94266800" lon="132.68104400">
   </rtept>
   <rtept lat="32.94266800" lon="132.68081600">
   </rtept>
   <rtept lat="32.94256000" lon="132.68051600">
   </rtept>
   <rtept lat="32.94263200" lon="132.68017400">
   </rtept>
   <rtept lat="32.94273900" lon="132.68008800">
   </rtept>
   <rtept lat="32.94281100" lon="132.67970300">
   </rtept>
   <rtept lat="32.94271500" lon="132.67914700">
   </rtept>
   <rtept lat="32.94273100" lon="132.67879600">
   </rtept>
   <rtept lat="32.94263300" lon="132.67880800">
   </rtept>
   <rtept lat="32.94250500" lon="132.67883200">
   </rtept>
   <rtept lat="32.94236700" lon="132.67886500">
   </rtept>
   <rtept lat="32.94230700" lon="132.67887700">
   </rtept>
   <rtept lat="32.94221000" lon="132.67881300">
   </rtept>
   <rtept lat="32.94228100" lon="132.67852300">
   </rtept>
   <rtept lat="32.94227600" lon="132.67828500">
   </rtept>
   <rtept lat="32.94229500" lon="132.67811800">
   </rtept>
   <rtept lat="32.94220000" lon="132.67792300">
   </rtept>
   <rtept lat="32.94241000" lon="132.67768500">
   </rtept>
   <rtept lat="32.94240500" lon="132.67750400">
   </rtept>
   <rtept lat="32.94277500" lon="132.67737900">
   </rtept>
   <rtept lat="32.94301500" lon="132.67725100">
   </rtept>
   <rtept lat="32.94309800" lon="132.67710800">
   </rtept>
   <rtept lat="32.94323000" lon="132.67702200">
   </rtept>
   <rtept lat="32.94331400" lon="132.67685100">
   </rtept>
   <rtept lat="32.94342200" lon="132.67656600">
   </rtept>
   <rtept lat="32.94378100" lon="132.67625200">
   </rtept>
   <rtept lat="32.94390100" lon="132.67609700">
   </rtept>
   <rtept lat="32.94404000" lon="132.67582400">
   </rtept>
   <rtept lat="32.94427000" lon="132.67565800">
   </rtept>
   <rtept lat="32.94427000" lon="132.67549100">
   </rtept>
   <rtept lat="32.94419000" lon="132.67521800">
   </rtept>
   <rtept lat="32.94405000" lon="132.67496800">
   </rtept>
   <rtept lat="32.94398000" lon="132.67474300">
   </rtept>
   <rtept lat="32.94383100" lon="132.67455300">
   </rtept>
   <rtept lat="32.94338200" lon="132.67457600">
   </rtept>
   <rtept lat="32.94309100" lon="132.67448200">
   </rtept>
   <rtept lat="32.94315400" lon="132.67472400">
   </rtept>
   <rtept lat="32.94344000" lon="132.67474500">
   </rtept>
   <rtept lat="32.94316200" lon="132.67472400">
   </rtept>
   <rtept lat="32.94310200" lon="132.67448500">
   </rtept>
 </rte>
 <rte>
  <name>SHIKOKU_KCH_34(谷地・佐川へのみち)</name>
   <rtept lat="33.53495500" lon="133.37515300">
   </rtept>
   <rtept lat="33.53433000" lon="133.37514100">
   </rtept>
   <rtept lat="33.53346900" lon="133.37520100">
   </rtept>
   <rtept lat="33.53208400" lon="133.37539100">
   </rtept>
   <rtept lat="33.53143000" lon="133.37543800">
   </rtept>
   <rtept lat="33.53120200" lon="133.37540300">
   </rtept>
   <rtept lat="33.53104400" lon="133.37531900">
   </rtept>
   <rtept lat="33.53031100" lon="133.37477300">
   </rtept>
   <rtept lat="33.52969600" lon="133.37447600">
   </rtept>
   <rtept lat="33.52949800" lon="133.37425000">
   </rtept>
   <rtept lat="33.52901300" lon="133.37414300">
   </rtept>
   <rtept lat="33.52871600" lon="133.37397700">
   </rtept>
   <rtept lat="33.52831900" lon="133.37376300">
   </rtept>
   <rtept lat="33.52799200" lon="133.37376300">
   </rtept>
   <rtept lat="33.52745700" lon="133.37390500">
   </rtept>
   <rtept lat="33.52706100" lon="133.37396500">
   </rtept>
   <rtept lat="33.52682300" lon="133.37383400">
   </rtept>
   <rtept lat="33.52621900" lon="133.37312100">
   </rtept>
   <rtept lat="33.52596100" lon="133.37256200">
   </rtept>
   <rtept lat="33.52571400" lon="133.37212300">
   </rtept>
   <rtept lat="33.52514400" lon="133.37128800">
   </rtept>
   <rtept lat="33.52483500" lon="133.37088900">
   </rtept>
   <rtept lat="33.52463300" lon="133.37073900">
   </rtept>
   <rtept lat="33.52405600" lon="133.37036900">
   </rtept>
   <rtept lat="33.52365800" lon="133.37014000">
   </rtept>
   <rtept lat="33.52351500" lon="133.36994100">
   </rtept>
   <rtept lat="33.52339100" lon="133.36976200">
   </rtept>
   <rtept lat="33.52304000" lon="133.36959100">
   </rtept>
   <rtept lat="33.52253500" lon="133.36949900">
   </rtept>
   <rtept lat="33.52220800" lon="133.36947500">
   </rtept>
   <rtept lat="33.52176200" lon="133.36945100">
   </rtept>
   <rtept lat="33.52149400" lon="133.36933200">
   </rtept>
   <rtept lat="33.52131600" lon="133.36896400">
   </rtept>
   <rtept lat="33.52122700" lon="133.36864300">
   </rtept>
   <rtept lat="33.52122700" lon="133.36834600">
   </rtept>
   <rtept lat="33.52123700" lon="133.36756200">
   </rtept>
   <rtept lat="33.52118700" lon="133.36681300">
   </rtept>
   <rtept lat="33.52081100" lon="133.36619500">
   </rtept>
   <rtept lat="33.52028600" lon="133.36545800">
   </rtept>
   <rtept lat="33.51964700" lon="133.36476000">
   </rtept>
   <rtept lat="33.51885600" lon="133.36435400">
   </rtept>
   <rtept lat="33.51824400" lon="133.36408300">
   </rtept>
   <rtept lat="33.51788100" lon="133.36393300">
   </rtept>
   <rtept lat="33.51738200" lon="133.36394800">
   </rtept>
   <rtept lat="33.51700700" lon="133.36379100">
   </rtept>
   <rtept lat="33.51677500" lon="133.36357700">
   </rtept>
   <rtept lat="33.51665600" lon="133.36323500">
   </rtept>
   <rtept lat="33.51656100" lon="133.36270700">
   </rtept>
   <rtept lat="33.51649600" lon="133.36206500">
   </rtept>
   <rtept lat="33.51647000" lon="133.36146800">
   </rtept>
   <rtept lat="33.51614900" lon="133.36059800">
   </rtept>
   <rtept lat="33.51587600" lon="133.35972100">
   </rtept>
   <rtept lat="33.51569200" lon="133.35895800">
   </rtept>
   <rtept lat="33.51540600" lon="133.35820900">
   </rtept>
   <rtept lat="33.51543000" lon="133.35771700">
   </rtept>
   <rtept lat="33.51507900" lon="133.35777400">
   </rtept>
   <rtept lat="33.51495400" lon="133.35788100">
   </rtept>
   <rtept lat="33.51459800" lon="133.35777400">
   </rtept>
   <rtept lat="33.51384300" lon="133.35721800">
   </rtept>
   <rtept lat="33.51356800" lon="133.35704000">
   </rtept>
   <rtept lat="33.51290900" lon="133.35644000">
   </rtept>
   <rtept lat="33.51285400" lon="133.35623800">
   </rtept>
   <rtept lat="33.51273500" lon="133.35585100">
   </rtept>
   <rtept lat="33.51263600" lon="133.35543500">
   </rtept>
   <rtept lat="33.51255200" lon="133.35514400">
   </rtept>
   <rtept lat="33.51243800" lon="133.35494200">
   </rtept>
   <rtept lat="33.51153600" lon="133.35449700">
   </rtept>
   <rtept lat="33.51128900" lon="133.35448500">
   </rtept>
   <rtept lat="33.51115100" lon="133.35455000">
   </rtept>
   <rtept lat="33.51102700" lon="133.35471600">
   </rtept>
   <rtept lat="33.51093300" lon="133.35488300">
   </rtept>
   <rtept lat="33.51080400" lon="133.35503700">
   </rtept>
   <rtept lat="33.51069000" lon="133.35514400">
   </rtept>
   <rtept lat="33.51058600" lon="133.35513800">
   </rtept>
   <rtept lat="33.51048200" lon="133.35508500">
   </rtept>
   <rtept lat="33.51039300" lon="133.35496000">
   </rtept>
   <rtept lat="33.51040300" lon="133.35471600">
   </rtept>
   <rtept lat="33.51039300" lon="133.35432400">
   </rtept>
   <rtept lat="33.51009100" lon="133.35330200">
   </rtept>
   <rtept lat="33.50983300" lon="133.35302300">
   </rtept>
   <rtept lat="33.50969900" lon="133.35273200">
   </rtept>
   <rtept lat="33.50940200" lon="133.35247000">
   </rtept>
   <rtept lat="33.50914500" lon="133.35227400">
   </rtept>
   <rtept lat="33.50902600" lon="133.35207800">
   </rtept>
   <rtept lat="33.50894100" lon="133.35204300">
   </rtept>
   <rtept lat="33.50880800" lon="133.35204900">
   </rtept>
   <rtept lat="33.50871000" lon="133.35205200">
   </rtept>
   <rtept lat="33.50851900" lon="133.35186200">
   </rtept>
   <rtept lat="33.50818600" lon="133.35140500">
   </rtept>
   <rtept lat="33.50815500" lon="133.35112900">
   </rtept>
   <rtept lat="33.50813100" lon="133.35084400">
   </rtept>
   <rtept lat="33.50800400" lon="133.35067300">
   </rtept>
   <rtept lat="33.50771100" lon="133.35057800">
   </rtept>
   <rtept lat="33.50742500" lon="133.35027400">
   </rtept>
   <rtept lat="33.50712400" lon="133.34989400">
   </rtept>
   <rtept lat="33.50691000" lon="133.34939000">
   </rtept>
   <rtept lat="33.50679900" lon="133.34918100">
   </rtept>
   <rtept lat="33.50629200" lon="133.34875300">
   </rtept>
   <rtept lat="33.50632300" lon="133.34844800">
   </rtept>
   <rtept lat="33.50644200" lon="133.34813500">
   </rtept>
   <rtept lat="33.50649800" lon="133.34766900">
   </rtept>
   <rtept lat="33.50646600" lon="133.34729800">
   </rtept>
   <rtept lat="33.50632300" lon="133.34688000">
   </rtept>
   <rtept lat="33.50607800" lon="133.34656600">
   </rtept>
   <rtept lat="33.50595900" lon="133.34630000">
   </rtept>
   <rtept lat="33.50569700" lon="133.34556800">
   </rtept>
   <rtept lat="33.50555400" lon="133.34531100">
   </rtept>
   <rtept lat="33.50541200" lon="133.34527300">
   </rtept>
   <rtept lat="33.50523700" lon="133.34523500">
   </rtept>
   <rtept lat="33.50510300" lon="133.34514000">
   </rtept>
   <rtept lat="33.50503100" lon="133.34485500">
   </rtept>
   <rtept lat="33.50491200" lon="133.34448400">
   </rtept>
   <rtept lat="33.50477000" lon="133.34420800">
   </rtept>
   <rtept lat="33.50445300" lon="133.34366600">
   </rtept>
   <rtept lat="33.50433300" lon="133.34326000">
   </rtept>
   <rtept lat="33.50420800" lon="133.34259000">
   </rtept>
   <rtept lat="33.50412500" lon="133.34236100">
   </rtept>
   <rtept lat="33.50411900" lon="133.34210500">
   </rtept>
   <rtept lat="33.50405900" lon="133.34195500">
   </rtept>
   <rtept lat="33.50376800" lon="133.34170500">
   </rtept>
   <rtept lat="33.50358300" lon="133.34150600">
   </rtept>
   <rtept lat="33.50322100" lon="133.34103500">
   </rtept>
   <rtept lat="33.50317900" lon="133.34089300">
   </rtept>
   <rtept lat="33.50320900" lon="133.34080000">
   </rtept>
   <rtept lat="33.50326200" lon="133.34079300">
   </rtept>
   <rtept lat="33.50335800" lon="133.34084300">
   </rtept>
   <rtept lat="33.50381500" lon="133.34136300">
   </rtept>
   <rtept lat="33.50456500" lon="133.34160600">
   </rtept>
   <rtept lat="33.50460600" lon="133.34169800">
   </rtept>
   <rtept lat="33.50463000" lon="133.34185500">
   </rtept>
   <rtept lat="33.50466600" lon="133.34204100">
   </rtept>
   <rtept lat="33.50473100" lon="133.34208300">
   </rtept>
   <rtept lat="33.50477900" lon="133.34206900">
   </rtept>
   <rtept lat="33.50481600" lon="133.34196200">
   </rtept>
   <rtept lat="33.50484500" lon="133.34168800">
   </rtept>
   <rtept lat="33.50484500" lon="133.34152200">
   </rtept>
   <rtept lat="33.50437000" lon="133.34104700">
   </rtept>
   <rtept lat="33.50410200" lon="133.34094000">
   </rtept>
   <rtept lat="33.50379500" lon="133.34052400">
   </rtept>
   <rtept lat="33.50376500" lon="133.34026200">
   </rtept>
   <rtept lat="33.50379500" lon="133.33987000">
   </rtept>
   <rtept lat="33.50409200" lon="133.33919300">
   </rtept>
   <rtept lat="33.50407300" lon="133.33905000">
   </rtept>
   <rtept lat="33.50392400" lon="133.33894300">
   </rtept>
   <rtept lat="33.50378500" lon="133.33882400">
   </rtept>
   <rtept lat="33.50369600" lon="133.33865800">
   </rtept>
   <rtept lat="33.50355700" lon="133.33867000">
   </rtept>
   <rtept lat="33.50320000" lon="133.33881200">
   </rtept>
   <rtept lat="33.50283400" lon="133.33881200">
   </rtept>
   <rtept lat="33.50244700" lon="133.33869300">
   </rtept>
   <rtept lat="33.50227900" lon="133.33853900">
   </rtept>
   <rtept lat="33.50199200" lon="133.33848000">
   </rtept>
   <rtept lat="33.50184300" lon="133.33840800">
   </rtept>
   <rtept lat="33.50168400" lon="133.33812300">
   </rtept>
   <rtept lat="33.50131000" lon="133.33813500">
   </rtept>
   <rtept lat="33.50115100" lon="133.33789700">
   </rtept>
   <rtept lat="33.50104200" lon="133.33783800">
   </rtept>
   <rtept lat="33.50093300" lon="133.33787400">
   </rtept>
   <rtept lat="33.50091300" lon="133.33808700">
   </rtept>
   <rtept lat="33.50092300" lon="133.33843200">
   </rtept>
   <rtept lat="33.50086400" lon="133.33855100">
   </rtept>
   <rtept lat="33.50075500" lon="133.33870500">
   </rtept>
   <rtept lat="33.50067600" lon="133.33887200">
   </rtept>
   <rtept lat="33.50061600" lon="133.33895500">
   </rtept>
   <rtept lat="33.50053700" lon="133.33900200">
   </rtept>
   <rtept lat="33.50033900" lon="133.33872900">
   </rtept>
   <rtept lat="33.49989300" lon="133.33867000">
   </rtept>
   <rtept lat="33.49966500" lon="133.33856300">
   </rtept>
   <rtept lat="33.49946700" lon="133.33830100">
   </rtept>
   <rtept lat="33.49891200" lon="133.33808700">
   </rtept>
   <rtept lat="33.49852500" lon="133.33799200">
   </rtept>
   <rtept lat="33.49817800" lon="133.33823000">
   </rtept>
   <rtept lat="33.49804900" lon="133.33827800">
   </rtept>
   <rtept lat="33.49762300" lon="133.33834900">
   </rtept>
   <rtept lat="33.49730600" lon="133.33850300">
   </rtept>
   <rtept lat="33.49680100" lon="133.33856300">
   </rtept>
   <rtept lat="33.49656300" lon="133.33846800">
   </rtept>
   <rtept lat="33.49621600" lon="133.33842000">
   </rtept>
   <rtept lat="33.49591900" lon="133.33820600">
   </rtept>
   <rtept lat="33.49570100" lon="133.33820600">
   </rtept>
   <rtept lat="33.49531000" lon="133.33832100">
   </rtept>
   <rtept lat="33.49518300" lon="133.33723700">
   </rtept>
   <rtept lat="33.49512800" lon="133.33678100">
   </rtept>
   <rtept lat="33.49498500" lon="133.33650500">
   </rtept>
   <rtept lat="33.49459700" lon="133.33594400">
   </rtept>
   <rtept lat="33.49439000" lon="133.33550700">
   </rtept>
   <rtept lat="33.49427900" lon="133.33507900">
   </rtept>
   <rtept lat="33.49424000" lon="133.33473700">
   </rtept>
   <rtept lat="33.49424800" lon="133.33440400">
   </rtept>
   <rtept lat="33.49355800" lon="133.33342500">
   </rtept>
   <rtept lat="33.49244800" lon="133.33180900">
   </rtept>
   <rtept lat="33.49193300" lon="133.33115300">
   </rtept>
   <rtept lat="33.49112700" lon="133.32991100">
   </rtept>
   <rtept lat="33.49073100" lon="133.32920800">
   </rtept>
   <rtept lat="33.49058800" lon="133.32908400">
   </rtept>
   <rtept lat="33.49012800" lon="133.32871300">
   </rtept>
   <rtept lat="33.48975500" lon="133.32828600">
   </rtept>
   <rtept lat="33.48929600" lon="133.32753400">
   </rtept>
   <rtept lat="33.48902600" lon="133.32688800">
   </rtept>
   <rtept lat="33.48846300" lon="133.32529100">
   </rtept>
   <rtept lat="33.48814600" lon="133.32441600">
   </rtept>
   <rtept lat="33.48811400" lon="133.32410200">
   </rtept>
   <rtept lat="33.48821700" lon="133.32377000">
   </rtept>
   <rtept lat="33.48824900" lon="133.32353200">
   </rtept>
   <rtept lat="33.48843100" lon="133.32346500">
   </rtept>
   <rtept lat="33.48844700" lon="133.32339900">
   </rtept>
   <rtept lat="33.48842300" lon="133.32332300">
   </rtept>
   <rtept lat="33.48828900" lon="133.32312300">
   </rtept>
   <rtept lat="33.48826500" lon="133.32297100">
   </rtept>
   <rtept lat="33.48829700" lon="133.32291200">
   </rtept>
   <rtept lat="33.48836800" lon="133.32288400">
   </rtept>
   <rtept lat="33.48851100" lon="133.32289300">
   </rtept>
   <rtept lat="33.48861400" lon="133.32280700">
   </rtept>
   <rtept lat="33.48862200" lon="133.32261700">
   </rtept>
   <rtept lat="33.48855000" lon="133.32250300">
   </rtept>
   <rtept lat="33.48842300" lon="133.32241800">
   </rtept>
   <rtept lat="33.48833600" lon="133.32224700">
   </rtept>
   <rtept lat="33.48835200" lon="133.32215100">
   </rtept>
   <rtept lat="33.48843100" lon="133.32182800">
   </rtept>
   <rtept lat="33.48828100" lon="133.32161000">
   </rtept>
   <rtept lat="33.48828100" lon="133.32148600">
   </rtept>
   <rtept lat="33.48832800" lon="133.32103000">
   </rtept>
   <rtept lat="33.48828900" lon="133.32064000">
   </rtept>
   <rtept lat="33.48820900" lon="133.32026000">
   </rtept>
   <rtept lat="33.48820900" lon="133.32006900">
   </rtept>
   <rtept lat="33.48819300" lon="133.31986000">
   </rtept>
   <rtept lat="33.48812200" lon="133.31989800">
   </rtept>
   <rtept lat="33.48809800" lon="133.32005000">
   </rtept>
   <rtept lat="33.48809800" lon="133.32026900">
   </rtept>
   <rtept lat="33.48813800" lon="133.32054500">
   </rtept>
   <rtept lat="33.48817800" lon="133.32076300">
   </rtept>
   <rtept lat="33.48817800" lon="133.32102000">
   </rtept>
   <rtept lat="33.48815400" lon="133.32120100">
   </rtept>
   <rtept lat="33.48806700" lon="133.32144800">
   </rtept>
   <rtept lat="33.48805100" lon="133.32166700">
   </rtept>
   <rtept lat="33.48808200" lon="133.32186600">
   </rtept>
   <rtept lat="33.48806700" lon="133.32202800">
   </rtept>
   <rtept lat="33.48803500" lon="133.32225600">
   </rtept>
   <rtept lat="33.48799500" lon="133.32238900">
   </rtept>
   <rtept lat="33.48792400" lon="133.32232300">
   </rtept>
   <rtept lat="33.48787600" lon="133.32212300">
   </rtept>
   <rtept lat="33.48790800" lon="133.32162900">
   </rtept>
   <rtept lat="33.48802700" lon="133.32112500">
   </rtept>
   <rtept lat="33.48803500" lon="133.32076300">
   </rtept>
   <rtept lat="33.48796400" lon="133.32042100">
   </rtept>
   <rtept lat="33.48782900" lon="133.31995500">
   </rtept>
   <rtept lat="33.48762300" lon="133.31929900">
   </rtept>
   <rtept lat="33.48748000" lon="133.31877600">
   </rtept>
   <rtept lat="33.48746400" lon="133.31859600">
   </rtept>
   <rtept lat="33.48748000" lon="133.31833000">
   </rtept>
   <rtept lat="33.48743200" lon="133.31812000">
   </rtept>
   <rtept lat="33.48732100" lon="133.31779700">
   </rtept>
   <rtept lat="33.48729700" lon="133.31762600">
   </rtept>
   <rtept lat="33.48731300" lon="133.31742600">
   </rtept>
   <rtept lat="33.48751200" lon="133.31704600">
   </rtept>
   <rtept lat="33.48757500" lon="133.31700800">
   </rtept>
   <rtept lat="33.48771000" lon="133.31698900">
   </rtept>
   <rtept lat="33.48782900" lon="133.31694200">
   </rtept>
   <rtept lat="33.48781300" lon="133.31683700">
   </rtept>
   <rtept lat="33.48767800" lon="133.31659900">
   </rtept>
   <rtept lat="33.48766200" lon="133.31632400">
   </rtept>
   <rtept lat="33.48759100" lon="133.31591500">
   </rtept>
   <rtept lat="33.48754300" lon="133.31576300">
   </rtept>
   <rtept lat="33.48744800" lon="133.31577200">
   </rtept>
   <rtept lat="33.48738500" lon="133.31585800">
   </rtept>
   <rtept lat="33.48738500" lon="133.31612400">
   </rtept>
   <rtept lat="33.48739300" lon="133.31636200">
   </rtept>
   <rtept lat="33.48743200" lon="133.31650400">
   </rtept>
   <rtept lat="33.48751200" lon="133.31667500">
   </rtept>
   <rtept lat="33.48750400" lon="133.31672300">
   </rtept>
   <rtept lat="33.48742400" lon="133.31674200">
   </rtept>
   <rtept lat="33.48727400" lon="133.31670400">
   </rtept>
   <rtept lat="33.48716300" lon="133.31672300">
   </rtept>
   <rtept lat="33.48703600" lon="133.31685600">
   </rtept>
   <rtept lat="33.48700400" lon="133.31692300">
   </rtept>
   <rtept lat="33.48695700" lon="133.31717000">
   </rtept>
   <rtept lat="33.48690100" lon="133.31724600">
   </rtept>
   <rtept lat="33.48679800" lon="133.31749300">
   </rtept>
   <rtept lat="33.48670300" lon="133.31762600">
   </rtept>
   <rtept lat="33.48659200" lon="133.31760700">
   </rtept>
   <rtept lat="33.48650500" lon="133.31734100">
   </rtept>
   <rtept lat="33.48652000" lon="133.31717000">
   </rtept>
   <rtept lat="33.48666300" lon="133.31707500">
   </rtept>
   <rtept lat="33.48663100" lon="133.31684600">
   </rtept>
   <rtept lat="33.48679000" lon="133.31663700">
   </rtept>
   <rtept lat="33.48699600" lon="133.31656100">
   </rtept>
   <rtept lat="33.48706000" lon="133.31637100">
   </rtept>
   <rtept lat="33.48699600" lon="133.31582000">
   </rtept>
   <rtept lat="33.48683800" lon="133.31469800">
   </rtept>
   <rtept lat="33.48658400" lon="133.31395600">
   </rtept>
   <rtept lat="33.48612400" lon="133.31315800">
   </rtept>
   <rtept lat="33.48620300" lon="133.31243500">
   </rtept>
   <rtept lat="33.48609200" lon="133.31171300">
   </rtept>
   <rtept lat="33.48614000" lon="133.31070500">
   </rtept>
   <rtept lat="33.48628300" lon="133.30975400">
   </rtept>
   <rtept lat="33.48637800" lon="133.30840400">
   </rtept>
   <rtept lat="33.48660000" lon="133.30745300">
   </rtept>
   <rtept lat="33.48680600" lon="133.30716800">
   </rtept>
   <rtept lat="33.48864800" lon="133.30594800">
   </rtept>
   <rtept lat="33.48974200" lon="133.30517800">
   </rtept>
   <rtept lat="33.49084800" lon="133.30436500">
   </rtept>
   <rtept lat="33.49194200" lon="133.30333900">
   </rtept>
   <rtept lat="33.49269100" lon="133.30268300">
   </rtept>
   <rtept lat="33.49350000" lon="133.30211200">
   </rtept>
   <rtept lat="33.49429700" lon="133.30162700">
   </rtept>
   <rtept lat="33.49558100" lon="133.30081400">
   </rtept>
   <rtept lat="33.49561700" lon="133.30042900">
   </rtept>
   <rtept lat="33.49637800" lon="133.29961700">
   </rtept>
   <rtept lat="33.49667500" lon="133.29941700">
   </rtept>
   <rtept lat="33.49668700" lon="133.29924600">
   </rtept>
   <rtept lat="33.49647300" lon="133.29908900">
   </rtept>
   <rtept lat="33.49610400" lon="133.29908900">
   </rtept>
   <rtept lat="33.49565300" lon="133.29896100">
   </rtept>
   <rtept lat="33.49516500" lon="133.29876100">
   </rtept>
   <rtept lat="33.49473700" lon="133.29867500">
   </rtept>
   <rtept lat="33.49403700" lon="133.29882000">
   </rtept>
   <rtept lat="33.49311000" lon="133.29883400">
   </rtept>
   <rtept lat="33.49233700" lon="133.29863500">
   </rtept>
   <rtept lat="33.49209900" lon="133.29846400">
   </rtept>
   <rtept lat="33.49189700" lon="133.29787900">
   </rtept>
   <rtept lat="33.49214600" lon="133.29716600">
   </rtept>
   <rtept lat="33.49251500" lon="133.29652400">
   </rtept>
   <rtept lat="33.49302700" lon="133.29608200">
   </rtept>
   <rtept lat="33.49344300" lon="133.29595400">
   </rtept>
   <rtept lat="33.49389500" lon="133.29585400">
   </rtept>
   <rtept lat="33.49409700" lon="133.29566800">
   </rtept>
   <rtept lat="33.49396600" lon="133.29526900">
   </rtept>
   <rtept lat="33.49341900" lon="133.29514100">
   </rtept>
   <rtept lat="33.49307400" lon="133.29514100">
   </rtept>
   <rtept lat="33.49283600" lon="133.29502700">
   </rtept>
   <rtept lat="33.49288400" lon="133.29462700">
   </rtept>
   <rtept lat="33.49340700" lon="133.29434200">
   </rtept>
   <rtept lat="33.49371600" lon="133.29410000">
   </rtept>
   <rtept lat="33.49381200" lon="133.29395700">
   </rtept>
   <rtept lat="33.49375200" lon="133.29372900">
   </rtept>
   <rtept lat="33.49352600" lon="133.29337200">
   </rtept>
   <rtept lat="33.49328800" lon="133.29305900">
   </rtept>
   <rtept lat="33.49309800" lon="133.29265900">
   </rtept>
   <rtept lat="33.49306200" lon="133.29218900">
   </rtept>
   <rtept lat="33.49311000" lon="133.29174700">
   </rtept>
   <rtept lat="33.49330000" lon="133.29166100">
   </rtept>
   <rtept lat="33.49338300" lon="133.29140400">
   </rtept>
   <rtept lat="33.49346700" lon="133.29120500">
   </rtept>
   <rtept lat="33.49356200" lon="133.29110500">
   </rtept>
   <rtept lat="33.49402600" lon="133.29173200">
   </rtept>
   <rtept lat="33.49447700" lon="133.29198900">
   </rtept>
   <rtept lat="33.49482200" lon="133.29234600">
   </rtept>
   <rtept lat="33.49492900" lon="133.29260200">
   </rtept>
   <rtept lat="33.49503600" lon="133.29297300">
   </rtept>
   <rtept lat="33.49517900" lon="133.29324400">
   </rtept>
   <rtept lat="33.49566700" lon="133.29361500">
   </rtept>
   <rtept lat="33.49604700" lon="133.29371500">
   </rtept>
   <rtept lat="33.49640400" lon="133.29360100">
   </rtept>
   <rtept lat="33.49668900" lon="133.29334400">
   </rtept>
   <rtept lat="33.49677400" lon="133.29317300">
   </rtept>
   <rtept lat="33.49689300" lon="133.29293500">
   </rtept>
   <rtept lat="33.49729000" lon="133.29273300">
   </rtept>
   <rtept lat="33.49744800" lon="133.29273300">
   </rtept>
   <rtept lat="33.49763600" lon="133.29286400">
   </rtept>
   <rtept lat="33.49788400" lon="133.29290000">
   </rtept>
   <rtept lat="33.49813200" lon="133.29279300">
   </rtept>
   <rtept lat="33.49848900" lon="133.29248400">
   </rtept>
   <rtept lat="33.49869700" lon="133.29219900">
   </rtept>
   <rtept lat="33.49945000" lon="133.29225800">
   </rtept>
   <rtept lat="33.49941000" lon="133.29035700">
   </rtept>
   <rtept lat="33.49950000" lon="133.28982200">
   </rtept>
   <rtept lat="33.49948000" lon="133.28743300">
   </rtept>
   <rtept lat="33.49950000" lon="133.28688600">
   </rtept>
   <rtept lat="33.49951900" lon="133.28655400">
   </rtept>
   <rtept lat="33.49969800" lon="133.28629200">
   </rtept>
   <rtept lat="33.49992600" lon="133.28603100">
   </rtept>
   <rtept lat="33.50009400" lon="133.28594800">
   </rtept>
   <rtept lat="33.50076800" lon="133.28578100">
   </rtept>
   <rtept lat="33.50142200" lon="133.28576900">
   </rtept>
   <rtept lat="33.50230400" lon="133.28584100">
   </rtept>
   <rtept lat="33.50284900" lon="133.28580500">
   </rtept>
   <rtept lat="33.50306500" lon="133.28580500">
   </rtept>
   <rtept lat="33.50306500" lon="133.28663700">
   </rtept>
 </rte>
 <rte>
  <name>SHIKOKU_KCH_35(赤土峠志士脱藩のみち)</name>
   <rtept lat="33.52167200" lon="133.26111200">
   </rtept>
   <rtept lat="33.52265400" lon="133.26010100">
   </rtept>
   <rtept lat="33.52274300" lon="133.25983300">
   </rtept>
   <rtept lat="33.52271300" lon="133.25944700">
   </rtept>
   <rtept lat="33.52241600" lon="133.25920900">
   </rtept>
   <rtept lat="33.52179100" lon="133.25917900">
   </rtept>
   <rtept lat="33.52048200" lon="133.25938700">
   </rtept>
   <rtept lat="33.51963400" lon="133.25980400">
   </rtept>
   <rtept lat="33.51794000" lon="133.26054100">
   </rtept>
   <rtept lat="33.51748600" lon="133.26198800">
   </rtept>
   <rtept lat="33.51734300" lon="133.26233100">
   </rtept>
   <rtept lat="33.51706600" lon="133.26268200">
   </rtept>
   <rtept lat="33.51671700" lon="133.26295800">
   </rtept>
   <rtept lat="33.51647900" lon="133.26313900">
   </rtept>
   <rtept lat="33.51640000" lon="133.26331000">
   </rtept>
   <rtept lat="33.51632100" lon="133.26354800">
   </rtept>
   <rtept lat="33.51481000" lon="133.26435100">
   </rtept>
   <rtept lat="33.51465100" lon="133.26450300">
   </rtept>
   <rtept lat="33.51465100" lon="133.26471200">
   </rtept>
   <rtept lat="33.51481000" lon="133.26492100">
   </rtept>
   <rtept lat="33.51507900" lon="133.26494000">
   </rtept>
   <rtept lat="33.51538000" lon="133.26492100">
   </rtept>
   <rtept lat="33.51557100" lon="133.26492100">
   </rtept>
   <rtept lat="33.51553900" lon="133.26511200">
   </rtept>
   <rtept lat="33.51518400" lon="133.26538500">
   </rtept>
   <rtept lat="33.51484700" lon="133.26555100">
   </rtept>
   <rtept lat="33.51464900" lon="133.26577700">
   </rtept>
   <rtept lat="33.51464900" lon="133.26624100">
   </rtept>
   <rtept lat="33.51471800" lon="133.26643100">
   </rtept>
   <rtept lat="33.51493600" lon="133.26644300">
   </rtept>
   <rtept lat="33.51503500" lon="133.26641900">
   </rtept>
   <rtept lat="33.51519400" lon="133.26640700">
   </rtept>
   <rtept lat="33.51522400" lon="133.26653800">
   </rtept>
   <rtept lat="33.51503500" lon="133.26707200">
   </rtept>
   <rtept lat="33.51493600" lon="133.26723900">
   </rtept>
   <rtept lat="33.51465900" lon="133.26735800">
   </rtept>
   <rtept lat="33.51454000" lon="133.26750000">
   </rtept>
   <rtept lat="33.51451000" lon="133.26771400">
   </rtept>
   <rtept lat="33.51460000" lon="133.26820100">
   </rtept>
   <rtept lat="33.51476800" lon="133.26826100">
   </rtept>
   <rtept lat="33.51488700" lon="133.26835600">
   </rtept>
   <rtept lat="33.51486700" lon="133.26885500">
   </rtept>
   <rtept lat="33.51511500" lon="133.26915200">
   </rtept>
   <rtept lat="33.51509500" lon="133.26929500">
   </rtept>
   <rtept lat="33.51495600" lon="133.26941400">
   </rtept>
   <rtept lat="33.51479800" lon="133.26941400">
   </rtept>
   <rtept lat="33.51469900" lon="133.26952000">
   </rtept>
   <rtept lat="33.51470900" lon="133.26979400">
   </rtept>
   <rtept lat="33.51483700" lon="133.27006700">
   </rtept>
   <rtept lat="33.51501600" lon="133.27018600">
   </rtept>
   <rtept lat="33.51514400" lon="133.27068500">
   </rtept>
   <rtept lat="33.51495600" lon="133.27070900">
   </rtept>
   <rtept lat="33.51462900" lon="133.27067300">
   </rtept>
   <rtept lat="33.51436400" lon="133.27066400">
   </rtept>
   <rtept lat="33.51426900" lon="133.27062900">
   </rtept>
   <rtept lat="33.51318700" lon="133.27119200">
   </rtept>
   <rtept lat="33.51239600" lon="133.27162000">
   </rtept>
   <rtept lat="33.51216000" lon="133.27173500">
   </rtept>
   <rtept lat="33.51183400" lon="133.27212800">
   </rtept>
   <rtept lat="33.51166500" lon="133.27224600">
   </rtept>
   <rtept lat="33.51142700" lon="133.27276900">
   </rtept>
   <rtept lat="33.51104100" lon="133.27443300">
   </rtept>
   <rtept lat="33.51077300" lon="133.27574000">
   </rtept>
   <rtept lat="33.51046600" lon="133.27702400">
   </rtept>
   <rtept lat="33.50926700" lon="133.27932900">
   </rtept>
   <rtept lat="33.50923700" lon="133.28092200">
   </rtept>
   <rtept lat="33.50906900" lon="133.28123100">
   </rtept>
   <rtept lat="33.50885100" lon="133.28120700">
   </rtept>
   <rtept lat="33.50872200" lon="133.28094600">
   </rtept>
   <rtept lat="33.50863300" lon="133.28054100">
   </rtept>
   <rtept lat="33.50861300" lon="133.28005400">
   </rtept>
   <rtept lat="33.50862300" lon="133.27980500">
   </rtept>
   <rtept lat="33.50873200" lon="133.27900800">
   </rtept>
   <rtept lat="33.50879200" lon="133.27829500">
   </rtept>
   <rtept lat="33.50879200" lon="133.27777200">
   </rtept>
   <rtept lat="33.50873200" lon="133.27736800">
   </rtept>
   <rtept lat="33.50876200" lon="133.27710700">
   </rtept>
   <rtept lat="33.50870200" lon="133.27692900">
   </rtept>
   <rtept lat="33.50870200" lon="133.27678600">
   </rtept>
   <rtept lat="33.50875200" lon="133.27654800">
   </rtept>
   <rtept lat="33.50871200" lon="133.27634600">
   </rtept>
   <rtept lat="33.50865300" lon="133.27618000">
   </rtept>
   <rtept lat="33.50853400" lon="133.27603700">
   </rtept>
   <rtept lat="33.50837500" lon="133.27585900">
   </rtept>
   <rtept lat="33.50817700" lon="133.27569300">
   </rtept>
   <rtept lat="33.50778100" lon="133.27553800">
   </rtept>
   <rtept lat="33.50717600" lon="133.27532400">
   </rtept>
   <rtept lat="33.50668100" lon="133.27514600">
   </rtept>
   <rtept lat="33.50657200" lon="133.27503900">
   </rtept>
   <rtept lat="33.50639400" lon="133.27496800">
   </rtept>
   <rtept lat="33.50354600" lon="133.27518300">
   </rtept>
   <rtept lat="33.50220800" lon="133.27527200">
   </rtept>
   <rtept lat="33.50184000" lon="133.27539600">
   </rtept>
   <rtept lat="33.50135200" lon="133.27568100">
   </rtept>
   <rtept lat="33.50105500" lon="133.27602300">
   </rtept>
   <rtept lat="33.50069800" lon="133.27619400">
   </rtept>
   <rtept lat="33.50034200" lon="133.27626500">
   </rtept>
   <rtept lat="33.49998500" lon="133.27628000">
   </rtept>
   <rtept lat="33.49968800" lon="133.27605200">
   </rtept>
   <rtept lat="33.49935500" lon="133.27593700">
   </rtept>
   <rtept lat="33.49904500" lon="133.27600900">
   </rtept>
   <rtept lat="33.49874800" lon="133.27608000">
   </rtept>
   <rtept lat="33.49841500" lon="133.27605200">
   </rtept>
   <rtept lat="33.49824900" lon="133.27595200">
   </rtept>
   <rtept lat="33.49797500" lon="133.27568100">
   </rtept>
   <rtept lat="33.49766600" lon="133.27548100">
   </rtept>
   <rtept lat="33.49729700" lon="133.27532400">
   </rtept>
   <rtept lat="33.49702400" lon="133.27523900">
   </rtept>
   <rtept lat="33.49683400" lon="133.27536700">
   </rtept>
   <rtept lat="33.49663100" lon="133.27546700">
   </rtept>
   <rtept lat="33.49648900" lon="133.27552400">
   </rtept>
   <rtept lat="33.49645300" lon="133.27568100">
   </rtept>
   <rtept lat="33.49628600" lon="133.27609400">
   </rtept>
   <rtept lat="33.49603700" lon="133.27660800">
   </rtept>
   <rtept lat="33.49579900" lon="133.27653600">
   </rtept>
   <rtept lat="33.49566800" lon="133.27675000">
   </rtept>
   <rtept lat="33.49553700" lon="133.27702100">
   </rtept>
   <rtept lat="33.49528800" lon="133.27699300">
   </rtept>
   <rtept lat="33.49520400" lon="133.27715000">
   </rtept>
   <rtept lat="33.49476400" lon="133.27746300">
   </rtept>
   <rtept lat="33.49458800" lon="133.27716400">
   </rtept>
   <rtept lat="33.49404100" lon="133.27660800">
   </rtept>
   <rtept lat="33.49373200" lon="133.27583800">
   </rtept>
   <rtept lat="33.49345800" lon="133.27542400">
   </rtept>
   <rtept lat="33.49323200" lon="133.27502500">
   </rtept>
   <rtept lat="33.49316100" lon="133.27482500">
   </rtept>
   <rtept lat="33.49279200" lon="133.27438300">
   </rtept>
   <rtept lat="33.49249500" lon="133.27404100">
   </rtept>
   <rtept lat="33.49235200" lon="133.27375600">
   </rtept>
   <rtept lat="33.49221000" lon="133.27327100">
   </rtept>
   <rtept lat="33.49157900" lon="133.27195900">
   </rtept>
   <rtept lat="33.49068700" lon="133.27247200">
   </rtept>
   <rtept lat="33.48962900" lon="133.27277200">
   </rtept>
   <rtept lat="33.48876100" lon="133.27292800">
   </rtept>
   <rtept lat="33.48842800" lon="133.27311400">
   </rtept>
   <rtept lat="33.48815400" lon="133.27355600">
   </rtept>
   <rtept lat="33.48786900" lon="133.27402600">
   </rtept>
   <rtept lat="33.48704400" lon="133.27450700">
   </rtept>
   <rtept lat="33.48660300" lon="133.27473600">
   </rtept>
   <rtept lat="33.48628200" lon="133.27476400">
   </rtept>
   <rtept lat="33.48490300" lon="133.27469300">
   </rtept>
   <rtept lat="33.48446300" lon="133.27466400">
   </rtept>
   <rtept lat="33.48415300" lon="133.27485000">
   </rtept>
   <rtept lat="33.48386800" lon="133.27514900">
   </rtept>
   <rtept lat="33.48347500" lon="133.27573400">
   </rtept>
   <rtept lat="33.48297600" lon="133.27687500">
   </rtept>
   <rtept lat="33.48235300" lon="133.27787900">
   </rtept>
   <rtept lat="33.48175000" lon="133.27789800">
   </rtept>
   <rtept lat="33.48075900" lon="133.27835400">
   </rtept>
   <rtept lat="33.47983900" lon="133.27888700">
   </rtept>
   <rtept lat="33.47971200" lon="133.27905800">
   </rtept>
   <rtept lat="33.47954600" lon="133.27961900">
   </rtept>
   <rtept lat="33.47910400" lon="133.27951200">
   </rtept>
   <rtept lat="33.47877100" lon="133.27939800">
   </rtept>
   <rtept lat="33.47856300" lon="133.27932700">
   </rtept>
   <rtept lat="33.47837800" lon="133.27917700">
   </rtept>
   <rtept lat="33.47825300" lon="133.27912700">
   </rtept>
   <rtept lat="33.47787300" lon="133.27909900">
   </rtept>
   <rtept lat="33.47759900" lon="133.27909100">
   </rtept>
   <rtept lat="33.47748600" lon="133.27910600">
   </rtept>
   <rtept lat="33.47724800" lon="133.27919100">
   </rtept>
   <rtept lat="33.47681400" lon="133.27944800">
   </rtept>
   <rtept lat="33.47673100" lon="133.27978300">
   </rtept>
   <rtept lat="33.47672500" lon="133.28052500">
   </rtept>
   <rtept lat="33.47656400" lon="133.28133900">
   </rtept>
   <rtept lat="33.47629700" lon="133.28167100">
   </rtept>
   <rtept lat="33.47606900" lon="133.28233700">
   </rtept>
   <rtept lat="33.47583100" lon="133.28316900">
   </rtept>
   <rtept lat="33.47579100" lon="133.28357300">
   </rtept>
   <rtept lat="33.47571200" lon="133.28413100">
   </rtept>
   <rtept lat="33.47558300" lon="133.28414300">
   </rtept>
   <rtept lat="33.47561300" lon="133.28474900">
   </rtept>
   <rtept lat="33.47562300" lon="133.28589000">
   </rtept>
   <rtept lat="33.47743200" lon="133.28674300">
   </rtept>
   <rtept lat="33.47722600" lon="133.28984200">
   </rtept>
   <rtept lat="33.47749500" lon="133.29016500">
   </rtept>
   <rtept lat="33.47751100" lon="133.29117300">
   </rtept>
   <rtept lat="33.47774900" lon="133.29143900">
   </rtept>
   <rtept lat="33.47782800" lon="133.29221900">
   </rtept>
   <rtept lat="33.47803500" lon="133.29267500">
   </rtept>
   <rtept lat="33.47803500" lon="133.29311300">
   </rtept>
   <rtept lat="33.47819300" lon="133.29355000">
   </rtept>
   <rtept lat="33.47844500" lon="133.29381000">
   </rtept>
   <rtept lat="33.47880200" lon="133.29419700">
   </rtept>
   <rtept lat="33.47906700" lon="133.29458500">
   </rtept>
   <rtept lat="33.47936700" lon="133.29479200">
   </rtept>
   <rtept lat="33.47963500" lon="133.29485100">
   </rtept>
   <rtept lat="33.47999200" lon="133.29503000">
   </rtept>
   <rtept lat="33.48023000" lon="133.29532700">
   </rtept>
   <rtept lat="33.48040800" lon="133.29571400">
   </rtept>
   <rtept lat="33.48043800" lon="133.29621900">
   </rtept>
   <rtept lat="33.48043800" lon="133.29708200">
   </rtept>
   <rtept lat="33.48074300" lon="133.29703500">
   </rtept>
   <rtept lat="33.48104100" lon="133.29700000">
   </rtept>
   <rtept lat="33.48126900" lon="133.29735600">
   </rtept>
   <rtept lat="33.48178400" lon="133.29780800">
   </rtept>
   <rtept lat="33.48198200" lon="133.29786700">
   </rtept>
   <rtept lat="33.48217100" lon="133.29786700">
   </rtept>
   <rtept lat="33.48237900" lon="133.29780800">
   </rtept>
   <rtept lat="33.48298000" lon="133.29787900">
   </rtept>
   <rtept lat="33.48331600" lon="133.29790300">
   </rtept>
   <rtept lat="33.48374300" lon="133.29803300">
   </rtept>
   <rtept lat="33.48395100" lon="133.29789100">
   </rtept>
   <rtept lat="33.48447600" lon="133.29780800">
   </rtept>
   <rtept lat="33.48508100" lon="133.29824700">
   </rtept>
   <rtept lat="33.48547500" lon="133.29765900">
   </rtept>
   <rtept lat="33.48573700" lon="133.29758300">
   </rtept>
   <rtept lat="33.48607800" lon="133.29845800">
   </rtept>
   <rtept lat="33.48676000" lon="133.29929500">
   </rtept>
   <rtept lat="33.48749700" lon="133.29992200">
   </rtept>
   <rtept lat="33.48854400" lon="133.30030200">
   </rtept>
   <rtept lat="33.48929700" lon="133.30045400">
   </rtept>
   <rtept lat="33.49001800" lon="133.30051100">
   </rtept>
   <rtept lat="33.49053200" lon="133.30047300">
   </rtept>
   <rtept lat="33.49107100" lon="133.30039700">
   </rtept>
   <rtept lat="33.49143600" lon="133.30030200">
   </rtept>
   <rtept lat="33.49189600" lon="133.30007400">
   </rtept>
   <rtept lat="33.49238800" lon="133.29969400">
   </rtept>
   <rtept lat="33.49272100" lon="133.29941800">
   </rtept>
   <rtept lat="33.49403700" lon="133.29882000">
   </rtept>
 </rte>
 <rte>
  <name>SHIKOKU_KCH_36(横倉修験のみち)</name>
   <rtept lat="33.53461100" lon="133.24320000">
   </rtept>
   <rtept lat="33.53484900" lon="133.24299800">
   </rtept>
   <rtept lat="33.53520600" lon="133.24291500">
   </rtept>
   <rtept lat="33.53565200" lon="133.24286800">
   </rtept>
   <rtept lat="33.53583000" lon="133.24312900">
   </rtept>
   <rtept lat="33.53616700" lon="133.24309300">
   </rtept>
   <rtept lat="33.53629500" lon="133.24290300">
   </rtept>
   <rtept lat="33.53641400" lon="133.24280800">
   </rtept>
   <rtept lat="33.53675100" lon="133.24266500">
   </rtept>
   <rtept lat="33.53685000" lon="133.24249900">
   </rtept>
   <rtept lat="33.53693900" lon="133.24222600">
   </rtept>
   <rtept lat="33.53697900" lon="133.24202400">
   </rtept>
   <rtept lat="33.53711800" lon="133.24188100">
   </rtept>
   <rtept lat="33.53708800" lon="133.24177400">
   </rtept>
   <rtept lat="33.53699900" lon="133.24171500">
   </rtept>
   <rtept lat="33.53691000" lon="133.24179800">
   </rtept>
   <rtept lat="33.53678100" lon="133.24226100">
   </rtept>
   <rtept lat="33.53670200" lon="133.24239200">
   </rtept>
   <rtept lat="33.53644400" lon="133.24251100">
   </rtept>
   <rtept lat="33.53613700" lon="133.24266500">
   </rtept>
   <rtept lat="33.53601800" lon="133.24264200">
   </rtept>
   <rtept lat="33.53593900" lon="133.24259400">
   </rtept>
   <rtept lat="33.53586000" lon="133.24219000">
   </rtept>
   <rtept lat="33.53563200" lon="133.24184500">
   </rtept>
   <rtept lat="33.53551300" lon="133.24166700">
   </rtept>
   <rtept lat="33.53537400" lon="133.24128700">
   </rtept>
   <rtept lat="33.53530500" lon="133.24119200">
   </rtept>
   <rtept lat="33.53517600" lon="133.24116800">
   </rtept>
   <rtept lat="33.53495800" lon="133.24128700">
   </rtept>
   <rtept lat="33.53461100" lon="133.24169100">
   </rtept>
   <rtept lat="33.53443300" lon="133.24181000">
   </rtept>
   <rtept lat="33.53432400" lon="133.24204800">
   </rtept>
   <rtept lat="33.53419500" lon="133.24204800">
   </rtept>
   <rtept lat="33.53396800" lon="133.24165500">
   </rtept>
   <rtept lat="33.53389800" lon="133.24141800">
   </rtept>
   <rtept lat="33.53381900" lon="133.24137000">
   </rtept>
   <rtept lat="33.53369000" lon="133.24135800">
   </rtept>
   <rtept lat="33.53358100" lon="133.24135800">
   </rtept>
   <rtept lat="33.53346200" lon="133.24127500">
   </rtept>
   <rtept lat="33.53344300" lon="133.24112100">
   </rtept>
   <rtept lat="33.53354200" lon="133.24096600">
   </rtept>
   <rtept lat="33.53370000" lon="133.24089500">
   </rtept>
   <rtept lat="33.53397700" lon="133.24095400">
   </rtept>
   <rtept lat="33.53414600" lon="133.24096600">
   </rtept>
   <rtept lat="33.53428500" lon="133.24100200">
   </rtept>
   <rtept lat="33.53451200" lon="133.24066900">
   </rtept>
   <rtept lat="33.53490900" lon="133.24037200">
   </rtept>
   <rtept lat="33.53548300" lon="133.23989700">
   </rtept>
   <rtept lat="33.53560200" lon="133.23975400">
   </rtept>
   <rtept lat="33.53571100" lon="133.23950400">
   </rtept>
   <rtept lat="33.53581000" lon="133.23925500">
   </rtept>
   <rtept lat="33.53604800" lon="133.23919500">
   </rtept>
   <rtept lat="33.53636500" lon="133.23916000">
   </rtept>
   <rtept lat="33.53691900" lon="133.23944500">
   </rtept>
   <rtept lat="33.53710800" lon="133.23964700">
   </rtept>
   <rtept lat="33.53729600" lon="133.23969400">
   </rtept>
   <rtept lat="33.53740500" lon="133.23969400">
   </rtept>
   <rtept lat="33.53759300" lon="133.23935000">
   </rtept>
   <rtept lat="33.53758300" lon="133.23919500">
   </rtept>
   <rtept lat="33.53754400" lon="133.23914800">
   </rtept>
   <rtept lat="33.53745400" lon="133.23914800">
   </rtept>
   <rtept lat="33.53733500" lon="133.23939700">
   </rtept>
   <rtept lat="33.53718700" lon="133.23942100">
   </rtept>
   <rtept lat="33.53705800" lon="133.23923100">
   </rtept>
   <rtept lat="33.53688000" lon="133.23906500">
   </rtept>
   <rtept lat="33.53596900" lon="133.23845900">
   </rtept>
   <rtept lat="33.53570100" lon="133.23845900">
   </rtept>
   <rtept lat="33.53559200" lon="133.23835200">
   </rtept>
   <rtept lat="33.53564200" lon="133.23811400">
   </rtept>
   <rtept lat="33.53566100" lon="133.23788800">
   </rtept>
   <rtept lat="33.53565200" lon="133.23775700">
   </rtept>
   <rtept lat="33.53553300" lon="133.23756700">
   </rtept>
   <rtept lat="33.53494800" lon="133.23738900">
   </rtept>
   <rtept lat="33.53480000" lon="133.23713900">
   </rtept>
   <rtept lat="33.53473000" lon="133.23698500">
   </rtept>
   <rtept lat="33.53465100" lon="133.23693700">
   </rtept>
   <rtept lat="33.53427500" lon="133.23703200">
   </rtept>
   <rtept lat="33.53417600" lon="133.23716300">
   </rtept>
   <rtept lat="33.53400700" lon="133.23719900">
   </rtept>
   <rtept lat="33.53390800" lon="133.23715100">
   </rtept>
   <rtept lat="33.53383900" lon="133.23698500">
   </rtept>
   <rtept lat="33.53388800" lon="133.23690200">
   </rtept>
   <rtept lat="33.53395800" lon="133.23679500">
   </rtept>
   <rtept lat="33.53407600" lon="133.23672300">
   </rtept>
   <rtept lat="33.53415600" lon="133.23666400">
   </rtept>
   <rtept lat="33.53417600" lon="133.23654500">
   </rtept>
   <rtept lat="33.53412600" lon="133.23628400">
   </rtept>
   <rtept lat="33.53404700" lon="133.23618900">
   </rtept>
   <rtept lat="33.53394800" lon="133.23617700">
   </rtept>
   <rtept lat="33.53385900" lon="133.23630800">
   </rtept>
   <rtept lat="33.53371000" lon="133.23645000">
   </rtept>
   <rtept lat="33.53344300" lon="133.23652100">
   </rtept>
   <rtept lat="33.53329400" lon="133.23684200">
   </rtept>
   <rtept lat="33.53316500" lon="133.23681900">
   </rtept>
   <rtept lat="33.53302600" lon="133.23673500">
   </rtept>
   <rtept lat="33.53300700" lon="133.23643800">
   </rtept>
   <rtept lat="33.53285800" lon="133.23622400">
   </rtept>
   <rtept lat="33.53268000" lon="133.23595100">
   </rtept>
   <rtept lat="33.53261000" lon="133.23569000">
   </rtept>
   <rtept lat="33.53257100" lon="133.23546400">
   </rtept>
   <rtept lat="33.53257100" lon="133.23519000">
   </rtept>
   <rtept lat="33.53267000" lon="133.23498800">
   </rtept>
   <rtept lat="33.53266000" lon="133.23471500">
   </rtept>
   <rtept lat="33.53270000" lon="133.23445400">
   </rtept>
   <rtept lat="33.53291700" lon="133.23362200">
   </rtept>
   <rtept lat="33.53277900" lon="133.23230300">
   </rtept>
   <rtept lat="33.53275300" lon="133.23173600">
   </rtept>
   <rtept lat="33.53265700" lon="133.23135100">
   </rtept>
   <rtept lat="33.53247900" lon="133.23088000">
   </rtept>
   <rtept lat="33.53228900" lon="133.23058100">
   </rtept>
   <rtept lat="33.53217000" lon="133.23046700">
   </rtept>
   <rtept lat="33.53211100" lon="133.23009600">
   </rtept>
   <rtept lat="33.53209900" lon="133.22978200">
   </rtept>
   <rtept lat="33.53196800" lon="133.22939700">
   </rtept>
   <rtept lat="33.53199200" lon="133.22914000">
   </rtept>
   <rtept lat="33.53221800" lon="133.22847000">
   </rtept>
   <rtept lat="33.53218200" lon="133.22821300">
   </rtept>
   <rtept lat="33.53214600" lon="133.22799900">
   </rtept>
   <rtept lat="33.53230100" lon="133.22770000">
   </rtept>
   <rtept lat="33.53269300" lon="133.22728600">
   </rtept>
   <rtept lat="33.53281200" lon="133.22724400">
   </rtept>
   <rtept lat="33.53338300" lon="133.22741500">
   </rtept>
   <rtept lat="33.53364400" lon="133.22737200">
   </rtept>
   <rtept lat="33.53408400" lon="133.22720100">
   </rtept>
   <rtept lat="33.53427400" lon="133.22684400">
   </rtept>
   <rtept lat="33.53422700" lon="133.22655900">
   </rtept>
   <rtept lat="33.53425000" lon="133.22635900">
   </rtept>
   <rtept lat="33.53427400" lon="133.22607400">
   </rtept>
   <rtept lat="33.53426200" lon="133.22593200">
   </rtept>
   <rtept lat="33.53409600" lon="133.22590300">
   </rtept>
   <rtept lat="33.53402400" lon="133.22598900">
   </rtept>
   <rtept lat="33.53401300" lon="133.22634500">
   </rtept>
   <rtept lat="33.53398900" lon="133.22647400">
   </rtept>
   <rtept lat="33.53387000" lon="133.22664500">
   </rtept>
   <rtept lat="33.53375100" lon="133.22668700">
   </rtept>
   <rtept lat="33.53300200" lon="133.22653100">
   </rtept>
   <rtept lat="33.53278800" lon="133.22655900">
   </rtept>
   <rtept lat="33.53194400" lon="133.22740100">
   </rtept>
   <rtept lat="33.53181300" lon="133.22755700">
   </rtept>
   <rtept lat="33.53167100" lon="133.22755700">
   </rtept>
   <rtept lat="33.53159900" lon="133.22744300">
   </rtept>
   <rtept lat="33.53159900" lon="133.22731500">
   </rtept>
   <rtept lat="33.53171800" lon="133.22727200">
   </rtept>
   <rtept lat="33.53187300" lon="133.22727200">
   </rtept>
   <rtept lat="33.53201600" lon="133.22724400">
   </rtept>
   <rtept lat="33.53211100" lon="133.22701500">
   </rtept>
   <rtept lat="33.53219400" lon="133.22673000">
   </rtept>
   <rtept lat="33.53252700" lon="133.22628800">
   </rtept>
   <rtept lat="33.53264600" lon="133.22580300">
   </rtept>
   <rtept lat="33.53272900" lon="133.22553200">
   </rtept>
   <rtept lat="33.53286000" lon="133.22540400">
   </rtept>
   <rtept lat="33.53329900" lon="133.22540400">
   </rtept>
   <rtept lat="33.53352500" lon="133.22524700">
   </rtept>
   <rtept lat="33.53376300" lon="133.22507600">
   </rtept>
   <rtept lat="33.53403600" lon="133.22504700">
   </rtept>
   <rtept lat="33.53431000" lon="133.22497600">
   </rtept>
   <rtept lat="33.53435700" lon="133.22484800">
   </rtept>
   <rtept lat="33.53423800" lon="133.22473400">
   </rtept>
   <rtept lat="33.53394100" lon="133.22483400">
   </rtept>
   <rtept lat="33.53378700" lon="133.22483400">
   </rtept>
   <rtept lat="33.53329900" lon="133.22513300">
   </rtept>
   <rtept lat="33.53277600" lon="133.22520400">
   </rtept>
   <rtept lat="33.53256200" lon="133.22527600">
   </rtept>
   <rtept lat="33.53228900" lon="133.22563200">
   </rtept>
   <rtept lat="33.53211100" lon="133.22594600">
   </rtept>
   <rtept lat="33.53194400" lon="133.22601700">
   </rtept>
   <rtept lat="33.53177800" lon="133.22591700">
   </rtept>
   <rtept lat="33.53169500" lon="133.22567500">
   </rtept>
   <rtept lat="33.53171800" lon="133.22544700">
   </rtept>
   <rtept lat="33.53196800" lon="133.22506200">
   </rtept>
   <rtept lat="33.53214600" lon="133.22497600">
   </rtept>
   <rtept lat="33.53247900" lon="133.22481900">
   </rtept>
   <rtept lat="33.53270500" lon="133.22444900">
   </rtept>
   <rtept lat="33.53289500" lon="133.22399200">
   </rtept>
   <rtept lat="33.53310900" lon="133.22363600">
   </rtept>
   <rtept lat="33.53315700" lon="133.22333600">
   </rtept>
   <rtept lat="33.53313900" lon="133.22319800">
   </rtept>
   <rtept lat="33.53305600" lon="133.22304100">
   </rtept>
   <rtept lat="33.53293100" lon="133.22284100">
   </rtept>
   <rtept lat="33.53288900" lon="133.22269900">
   </rtept>
   <rtept lat="33.53296700" lon="133.22257800">
   </rtept>
   <rtept lat="33.53306200" lon="133.22255600">
   </rtept>
   <rtept lat="33.53329300" lon="133.22250600">
   </rtept>
   <rtept lat="33.53338900" lon="133.22240600">
   </rtept>
   <rtept lat="33.53338300" lon="133.22215700">
   </rtept>
   <rtept lat="33.53328200" lon="133.22195700">
   </rtept>
   <rtept lat="33.53327000" lon="133.22170000">
   </rtept>
   <rtept lat="33.53337100" lon="133.22135800">
   </rtept>
   <rtept lat="33.53340600" lon="133.22111600">
   </rtept>
   <rtept lat="33.53333500" lon="133.22058100">
   </rtept>
   <rtept lat="33.53332900" lon="133.22028200">
   </rtept>
   <rtept lat="33.53321000" lon="133.21998200">
   </rtept>
   <rtept lat="33.53318000" lon="133.21981800">
   </rtept>
   <rtept lat="33.53326400" lon="133.21972500">
   </rtept>
   <rtept lat="33.53337100" lon="133.21970400">
   </rtept>
   <rtept lat="33.53344800" lon="133.21979000">
   </rtept>
   <rtept lat="33.53349000" lon="133.21997500">
   </rtept>
   <rtept lat="33.53350100" lon="133.22021000">
   </rtept>
   <rtept lat="33.53367400" lon="133.22069500">
   </rtept>
   <rtept lat="33.53374500" lon="133.22104400">
   </rtept>
   <rtept lat="33.53373900" lon="133.22164300">
   </rtept>
   <rtept lat="33.53382800" lon="133.22183600">
   </rtept>
   <rtept lat="33.53403600" lon="133.22225700">
   </rtept>
   <rtept lat="33.53401900" lon="133.22245600">
   </rtept>
   <rtept lat="33.53394700" lon="133.22276300">
   </rtept>
   <rtept lat="33.53396500" lon="133.22286300">
   </rtept>
   <rtept lat="33.53406600" lon="133.22297000">
   </rtept>
   <rtept lat="33.53418500" lon="133.22294800">
   </rtept>
   <rtept lat="33.53444600" lon="133.22276300">
   </rtept>
   <rtept lat="33.53453600" lon="133.22273400">
   </rtept>
   <rtept lat="33.53458391" lon="133.22273252">
   </rtept>
   <rtept lat="33.53488600" lon="133.22279900">
   </rtept>
   <rtept lat="33.53514200" lon="133.22319800">
   </rtept>
   <rtept lat="33.53527300" lon="133.22325500">
   </rtept>
   <rtept lat="33.53554600" lon="133.22323300">
   </rtept>
   <rtept lat="33.53569500" lon="133.22308400">
   </rtept>
   <rtept lat="33.53573000" lon="133.22284800">
   </rtept>
   <rtept lat="33.53568900" lon="133.22253500">
   </rtept>
   <rtept lat="33.53574200" lon="133.22233500">
   </rtept>
   <rtept lat="33.53586700" lon="133.22221400">
   </rtept>
   <rtept lat="33.53608100" lon="133.22212100">
   </rtept>
   <rtept lat="33.53610700" lon="133.22198300">
   </rtept>
   <rtept lat="33.53611500" lon="133.22174600">
   </rtept>
   <rtept lat="33.53630500" lon="133.22122300">
   </rtept>
   <rtept lat="33.53642400" lon="133.22078500">
   </rtept>
   <rtept lat="33.53646300" lon="133.22050000">
   </rtept>
   <rtept lat="33.53644700" lon="133.22010100">
   </rtept>
   <rtept lat="33.53646300" lon="133.21960700">
   </rtept>
   <rtept lat="33.53647100" lon="133.21920700">
   </rtept>
   <rtept lat="33.53647900" lon="133.21886500">
   </rtept>
   <rtept lat="33.53662200" lon="133.21871300">
   </rtept>
   <rtept lat="33.53688300" lon="133.21852300">
   </rtept>
   <rtept lat="33.53697000" lon="133.21836100">
   </rtept>
   <rtept lat="33.53705800" lon="133.21774300">
   </rtept>
   <rtept lat="33.53720000" lon="133.21748600">
   </rtept>
   <rtept lat="33.53728700" lon="133.21723000">
   </rtept>
   <rtept lat="33.53734300" lon="133.21690600">
   </rtept>
   <rtept lat="33.53719200" lon="133.21616500">
   </rtept>
   <rtept lat="33.53721600" lon="133.21590800">
   </rtept>
   <rtept lat="33.53739800" lon="133.21534700">
   </rtept>
   <rtept lat="33.53748600" lon="133.21491900">
   </rtept>
   <rtept lat="33.53751900" lon="133.21469400">
   </rtept>
   <rtept lat="33.53757800" lon="133.21451500">
   </rtept>
   <rtept lat="33.53740000" lon="133.21427800">
   </rtept>
   <rtept lat="33.53729100" lon="133.21409900">
   </rtept>
   <rtept lat="33.53724100" lon="133.21393300">
   </rtept>
   <rtept lat="33.53723100" lon="133.21363600">
   </rtept>
   <rtept lat="33.53707300" lon="133.21358800">
   </rtept>
   <rtept lat="33.53698400" lon="133.21335100">
   </rtept>
   <rtept lat="33.53687500" lon="133.21297000">
   </rtept>
   <rtept lat="33.53677600" lon="133.21260200">
   </rtept>
   <rtept lat="33.53672600" lon="133.21234100">
   </rtept>
   <rtept lat="33.53654800" lon="133.21205500">
   </rtept>
   <rtept lat="33.53649800" lon="133.21193700">
   </rtept>
   <rtept lat="33.53645900" lon="133.21168700">
   </rtept>
   <rtept lat="33.53642900" lon="133.21142600">
   </rtept>
   <rtept lat="33.53642900" lon="133.21116400">
   </rtept>
   <rtept lat="33.53627100" lon="133.21086700">
   </rtept>
   <rtept lat="33.53625100" lon="133.21048700">
   </rtept>
   <rtept lat="33.53627100" lon="133.20986900">
   </rtept>
   <rtept lat="33.53620100" lon="133.20953600">
   </rtept>
   <rtept lat="33.53648800" lon="133.20916800">
   </rtept>
   <rtept lat="33.53628000" lon="133.20856200">
   </rtept>
   <rtept lat="33.53594400" lon="133.20749200">
   </rtept>
   <rtept lat="33.53599300" lon="133.20724200">
   </rtept>
   <rtept lat="33.53599300" lon="133.20698100">
   </rtept>
   <rtept lat="33.53584500" lon="133.20683800">
   </rtept>
   <rtept lat="33.53586400" lon="133.20578100">
   </rtept>
   <rtept lat="33.53605300" lon="133.20532900">
   </rtept>
   <rtept lat="33.53615200" lon="133.20523400">
   </rtept>
   <rtept lat="33.53613200" lon="133.20490100">
   </rtept>
   <rtept lat="33.53575500" lon="133.20397400">
   </rtept>
   <rtept lat="33.53564291" lon="133.20338770">
   </rtept>
   <rtept lat="33.53508300" lon="133.20307300">
   </rtept>
   <rtept lat="33.53518100" lon="133.20279300">
   </rtept>
   <rtept lat="33.53533900" lon="133.20266300">
   </rtept>
   <rtept lat="33.53541123" lon="133.20246458">
   </rtept>
   <rtept lat="33.53545674" lon="133.20221300">
   </rtept>
   <rtept lat="33.53543900" lon="133.20179800">
   </rtept>
   <rtept lat="33.53543900" lon="133.20179800">
   </rtept>
   <rtept lat="33.53545674" lon="133.20221300">
   </rtept>
   <rtept lat="33.53541123" lon="133.20246458">
   </rtept>
   <rtept lat="33.53533900" lon="133.20266300">
   </rtept>
   <rtept lat="33.53518100" lon="133.20279300">
   </rtept>
   <rtept lat="33.53508300" lon="133.20307300">
   </rtept>
   <rtept lat="33.53508642" lon="133.20354420">
   </rtept>
   <rtept lat="33.53504401" lon="133.20392581">
   </rtept>
   <rtept lat="33.53500583" lon="133.20417513">
   </rtept>
   <rtept lat="33.53497300" lon="133.20460000">
   </rtept>
   <rtept lat="33.53499200" lon="133.20536000">
   </rtept>
   <rtept lat="33.53479200" lon="133.20629100">
   </rtept>
   <rtept lat="33.53479800" lon="133.20666900">
   </rtept>
   <rtept lat="33.53488100" lon="133.20685400">
   </rtept>
   <rtept lat="33.53500600" lon="133.20728900">
   </rtept>
   <rtept lat="33.53498200" lon="133.20754600">
   </rtept>
   <rtept lat="33.53502400" lon="133.20788800">
   </rtept>
   <rtept lat="33.53504800" lon="133.20836600">
   </rtept>
   <rtept lat="33.53508300" lon="133.20865100">
   </rtept>
   <rtept lat="33.53509500" lon="133.20894300">
   </rtept>
   <rtept lat="33.53507800" lon="133.20922100">
   </rtept>
   <rtept lat="33.53505400" lon="133.20945700">
   </rtept>
   <rtept lat="33.53507800" lon="133.20978500">
   </rtept>
   <rtept lat="33.53516100" lon="133.21017000">
   </rtept>
   <rtept lat="33.53516100" lon="133.21040500">
   </rtept>
   <rtept lat="33.53509500" lon="133.21066900">
   </rtept>
   <rtept lat="33.53497600" lon="133.21102500">
   </rtept>
   <rtept lat="33.53498800" lon="133.21128200">
   </rtept>
   <rtept lat="33.53498800" lon="133.21164600">
   </rtept>
   <rtept lat="33.53497600" lon="133.21196000">
   </rtept>
   <rtept lat="33.53491100" lon="133.21231600">
   </rtept>
   <rtept lat="33.53485800" lon="133.21267300">
   </rtept>
   <rtept lat="33.53486900" lon="133.21289400">
   </rtept>
   <rtept lat="33.53491100" lon="133.21311500">
   </rtept>
   <rtept lat="33.53500600" lon="133.21338600">
   </rtept>
   <rtept lat="33.53507800" lon="133.21357800">
   </rtept>
   <rtept lat="33.53525000" lon="133.21379900">
   </rtept>
   <rtept lat="33.53546400" lon="133.21406300">
   </rtept>
   <rtept lat="33.53551100" lon="133.21416300">
   </rtept>
   <rtept lat="33.53558300" lon="133.21457600">
   </rtept>
   <rtept lat="33.53564800" lon="133.21513300">
   </rtept>
   <rtept lat="33.53565500" lon="133.21552400">
   </rtept>
   <rtept lat="33.53555400" lon="133.21640100">
   </rtept>
   <rtept lat="33.53554200" lon="133.21722100">
   </rtept>
   <rtept lat="33.53555400" lon="133.21778500">
   </rtept>
   <rtept lat="33.53549500" lon="133.21815500">
   </rtept>
   <rtept lat="33.53547100" lon="133.21846900">
   </rtept>
   <rtept lat="33.53545300" lon="133.21873300">
   </rtept>
   <rtept lat="33.53538200" lon="133.21889000">
   </rtept>
   <rtept lat="33.53527500" lon="133.21906100">
   </rtept>
   <rtept lat="33.53516800" lon="133.21945300">
   </rtept>
   <rtept lat="33.53516200" lon="133.21969600">
   </rtept>
   <rtept lat="33.53515600" lon="133.22041600">
   </rtept>
   <rtept lat="33.53516200" lon="133.22098600">
   </rtept>
   <rtept lat="33.53513200" lon="133.22124300">
   </rtept>
   <rtept lat="33.53507900" lon="133.22143500">
   </rtept>
   <rtept lat="33.53494200" lon="133.22158500">
   </rtept>
   <rtept lat="33.53485900" lon="133.22172800">
   </rtept>
   <rtept lat="33.53481100" lon="133.22186300">
   </rtept>
   <rtept lat="33.53461572" lon="133.22265620">
   </rtept>
 </rte>
 <rte>
  <name>SHIKOKU_KCH_37(星ガ窪のみち)</name>
   <rtept lat="33.50066600" lon="133.13456000">
   </rtept>
   <rtept lat="33.50068700" lon="133.13506400">
   </rtept>
   <rtept lat="33.50079400" lon="133.13569200">
   </rtept>
   <rtept lat="33.50094900" lon="133.13600500">
   </rtept>
   <rtept lat="33.50112700" lon="133.13653300">
   </rtept>
   <rtept lat="33.50111500" lon="133.13711800">
   </rtept>
   <rtept lat="33.50097300" lon="133.13761700">
   </rtept>
   <rtept lat="33.50062800" lon="133.13823000">
   </rtept>
   <rtept lat="33.50018800" lon="133.13854400">
   </rtept>
   <rtept lat="33.49934300" lon="133.13868600">
   </rtept>
   <rtept lat="33.49845200" lon="133.13874300">
   </rtept>
   <rtept lat="33.49819700" lon="133.13884800">
   </rtept>
   <rtept lat="33.49795900" lon="133.13917100">
   </rtept>
   <rtept lat="33.49781600" lon="133.13966600">
   </rtept>
   <rtept lat="33.49740400" lon="133.13985600">
   </rtept>
   <rtept lat="33.49694400" lon="133.14038800">
   </rtept>
   <rtept lat="33.49692900" lon="133.13993200">
   </rtept>
   <rtept lat="33.49677000" lon="133.13955100">
   </rtept>
   <rtept lat="33.49650000" lon="133.13907600">
   </rtept>
   <rtept lat="33.49612000" lon="133.13945600">
   </rtept>
   <rtept lat="33.49585000" lon="133.13979900">
   </rtept>
   <rtept lat="33.49569200" lon="133.13989400">
   </rtept>
   <rtept lat="33.49551700" lon="133.14002700">
   </rtept>
   <rtept lat="33.49534300" lon="133.13989400">
   </rtept>
   <rtept lat="33.49529500" lon="133.13970400">
   </rtept>
   <rtept lat="33.49488300" lon="133.13957000">
   </rtept>
   <rtept lat="33.49451200" lon="133.13932300">
   </rtept>
   <rtept lat="33.49398900" lon="133.13873400">
   </rtept>
   <rtept lat="33.49378300" lon="133.13846800">
   </rtept>
   <rtept lat="33.49351300" lon="133.13882900">
   </rtept>
   <rtept lat="33.49395700" lon="133.13964600">
   </rtept>
   <rtept lat="33.49357600" lon="133.14046400">
   </rtept>
   <rtept lat="33.49349700" lon="133.14078700">
   </rtept>
   <rtept lat="33.49360800" lon="133.14099700">
   </rtept>
   <rtept lat="33.49375100" lon="133.14132000">
   </rtept>
   <rtept lat="33.49386200" lon="133.14171900">
   </rtept>
   <rtept lat="33.49405200" lon="133.14185200">
   </rtept>
   <rtept lat="33.49451200" lon="133.14208000">
   </rtept>
   <rtept lat="33.49456000" lon="133.14242300">
   </rtept>
   <rtept lat="33.49486100" lon="133.14274600">
   </rtept>
   <rtept lat="33.49492400" lon="133.14305000">
   </rtept>
   <rtept lat="33.49489300" lon="133.14356300">
   </rtept>
   <rtept lat="33.49506700" lon="133.14381100">
   </rtept>
   <rtept lat="33.49524100" lon="133.14402000">
   </rtept>
   <rtept lat="33.49519400" lon="133.14426700">
   </rtept>
   <rtept lat="33.49503500" lon="133.14447600">
   </rtept>
   <rtept lat="33.49505100" lon="133.14476100">
   </rtept>
   <rtept lat="33.49524100" lon="133.14510400">
   </rtept>
   <rtept lat="33.49503500" lon="133.14518000">
   </rtept>
   <rtept lat="33.49487700" lon="133.14523700">
   </rtept>
   <rtept lat="33.49473400" lon="133.14544600">
   </rtept>
   <rtept lat="33.49470200" lon="133.14571200">
   </rtept>
   <rtept lat="33.49424200" lon="133.14599700">
   </rtept>
   <rtept lat="33.49448000" lon="133.14653000">
   </rtept>
   <rtept lat="33.49482900" lon="133.14673900">
   </rtept>
   <rtept lat="33.49514600" lon="133.14677700">
   </rtept>
   <rtept lat="33.49540000" lon="133.14675800">
   </rtept>
   <rtept lat="33.49555900" lon="133.14677700">
   </rtept>
   <rtept lat="33.49562200" lon="133.14691000">
   </rtept>
   <rtept lat="33.49540000" lon="133.14727100">
   </rtept>
   <rtept lat="33.49494000" lon="133.14763300">
   </rtept>
   <rtept lat="33.49500400" lon="133.14795600">
   </rtept>
   <rtept lat="33.49522600" lon="133.14833600">
   </rtept>
   <rtept lat="33.49536800" lon="133.14873500">
   </rtept>
   <rtept lat="33.49538400" lon="133.14923000">
   </rtept>
   <rtept lat="33.49528900" lon="133.14953400">
   </rtept>
   <rtept lat="33.49501900" lon="133.14962900">
   </rtept>
   <rtept lat="33.49481300" lon="133.14989500">
   </rtept>
   <rtept lat="33.49479700" lon="133.15019900">
   </rtept>
   <rtept lat="33.49482900" lon="133.15077000">
   </rtept>
   <rtept lat="33.49470200" lon="133.15139700">
   </rtept>
   <rtept lat="33.49457500" lon="133.15187300">
   </rtept>
   <rtept lat="33.49487700" lon="133.15196800">
   </rtept>
   <rtept lat="33.49511500" lon="133.15187300">
   </rtept>
   <rtept lat="33.49530500" lon="133.15193000">
   </rtept>
   <rtept lat="33.49543200" lon="133.15215800">
   </rtept>
   <rtept lat="33.49543200" lon="133.15250000">
   </rtept>
   <rtept lat="33.49547900" lon="133.15270900">
   </rtept>
   <rtept lat="33.49578100" lon="133.15303300">
   </rtept>
   <rtept lat="33.49592300" lon="133.15314700">
   </rtept>
   <rtept lat="33.49601800" lon="133.15345100">
   </rtept>
   <rtept lat="33.49622400" lon="133.15356500">
   </rtept>
   <rtept lat="33.49647800" lon="133.15362200">
   </rtept>
   <rtept lat="33.49663700" lon="133.15375500">
   </rtept>
   <rtept lat="33.49677900" lon="133.15405900">
   </rtept>
   <rtept lat="33.49711200" lon="133.15436400">
   </rtept>
   <rtept lat="33.49736600" lon="133.15436400">
   </rtept>
   <rtept lat="33.49746100" lon="133.15442100">
   </rtept>
   <rtept lat="33.49741400" lon="133.15468700">
   </rtept>
   <rtept lat="33.49736600" lon="133.15489600">
   </rtept>
   <rtept lat="33.49747700" lon="133.15523800">
   </rtept>
   <rtept lat="33.49803200" lon="133.15535200">
   </rtept>
   <rtept lat="33.49801600" lon="133.15580900">
   </rtept>
   <rtept lat="33.49804800" lon="133.15613200">
   </rtept>
   <rtept lat="33.49819100" lon="133.15636000">
   </rtept>
   <rtept lat="33.49858700" lon="133.15664500">
   </rtept>
   <rtept lat="33.49895200" lon="133.15677800">
   </rtept>
   <rtept lat="33.49930200" lon="133.15743800">
   </rtept>
   <rtept lat="33.49977800" lon="133.15817900">
   </rtept>
   <rtept lat="33.49992100" lon="133.15855900">
   </rtept>
   <rtept lat="33.50014300" lon="133.15855900">
   </rtept>
   <rtept lat="33.50028500" lon="133.15869300">
   </rtept>
   <rtept lat="33.50041200" lon="133.15880700">
   </rtept>
   <rtept lat="33.50049100" lon="133.15876900">
   </rtept>
   <rtept lat="33.50049100" lon="133.15848300">
   </rtept>
   <rtept lat="33.50047600" lon="133.15779900">
   </rtept>
   <rtept lat="33.50058700" lon="133.15715200">
   </rtept>
   <rtept lat="33.50060200" lon="133.15669600">
   </rtept>
   <rtept lat="33.50060200" lon="133.15622100">
   </rtept>
   <rtept lat="33.50069800" lon="133.15605000">
   </rtept>
   <rtept lat="33.50096700" lon="133.15620200">
   </rtept>
   <rtept lat="33.50142700" lon="133.15644900">
   </rtept>
   <rtept lat="33.50163300" lon="133.15660100">
   </rtept>
   <rtept lat="33.50193400" lon="133.15675300">
   </rtept>
   <rtept lat="33.50222800" lon="133.15701900">
   </rtept>
   <rtept lat="33.50267200" lon="133.15693400">
   </rtept>
   <rtept lat="33.50296500" lon="133.15704800">
   </rtept>
   <rtept lat="33.50340100" lon="133.15707600">
   </rtept>
   <rtept lat="33.50363900" lon="133.15705700">
   </rtept>
   <rtept lat="33.50382100" lon="133.15705700">
   </rtept>
   <rtept lat="33.50387700" lon="133.15715200">
   </rtept>
   <rtept lat="33.50360000" lon="133.15789300">
   </rtept>
   <rtept lat="33.50349200" lon="133.15854900">
   </rtept>
   <rtept lat="33.50370700" lon="133.15884800">
   </rtept>
   <rtept lat="33.50376600" lon="133.15920500">
   </rtept>
   <rtept lat="33.50379000" lon="133.16043100">
   </rtept>
   <rtept lat="33.50428900" lon="133.16066000">
   </rtept>
   <rtept lat="33.50437100" lon="133.16085600">
   </rtept>
   <rtept lat="33.50436100" lon="133.16170100">
   </rtept>
   <rtept lat="33.50462200" lon="133.16202900">
   </rtept>
   <rtept lat="33.50502600" lon="133.16224300">
   </rtept>
   <rtept lat="33.50508600" lon="133.16244200">
   </rtept>
   <rtept lat="33.50492400" lon="133.16288100">
   </rtept>
   <rtept lat="33.50493200" lon="133.16309600">
   </rtept>
   <rtept lat="33.50503900" lon="133.16339600">
   </rtept>
   <rtept lat="33.50518800" lon="133.16371700">
   </rtept>
   <rtept lat="33.50525200" lon="133.16397900">
   </rtept>
   <rtept lat="33.50525700" lon="133.16427000">
   </rtept>
   <rtept lat="33.50522800" lon="133.16458500">
   </rtept>
   <rtept lat="33.50514800" lon="133.16487000">
   </rtept>
   <rtept lat="33.50508400" lon="133.16507800">
   </rtept>
   <rtept lat="33.50501000" lon="133.16532200">
   </rtept>
 </rte>
</gpx>
